{
"type": "FeatureCollection",
"name": "monthly_2026-01",
"crs": { "type": "name", "properties": { "name": "urn:ogc:def:crs:OGC:1.3:CRS84" } },
"features": [
{ "type": "Feature", "properties": { "hex_id": 61922, "centroid_lon": -79.19439459707931, "centroid_lat": 48.782271874875015, "hours_count": 6.0, "datetimes_affected": "2026-01-05 18:32:12,2026-01-05 18:32:12,2026-01-05 18:32:12,2026-01-05 18:32:12,2026-01-05 18:32:12,2026-01-05 18:32:12" }, "geometry": { "type": "Polygon", "coordinates": [ [ [ -79.18739, 48.77993 ], [ -79.18782, 48.78511 ], [ -79.19483, 48.78745 ], [ -79.2014, 48.78461 ], [ -79.20097, 48.77943 ], [ -79.19396, 48.77709 ], [ -79.18739, 48.77993 ] ] ] } },
{ "type": "Feature", "properties": { "hex_id": 62533, "centroid_lon": -79.188254146536735, "centroid_lat": 48.790289036443085, "hours_count": 6.0, "datetimes_affected": "2026-01-05 18:32:12,2026-01-05 18:32:12,2026-01-05 18:32:12,2026-01-05 18:32:12,2026-01-05 18:32:12,2026-01-05 18:32:12" }, "geometry": { "type": "Polygon", "coordinates": [ [ [ -79.18125, 48.78795 ], [ -79.18168, 48.79313 ], [ -79.18869, 48.79547 ], [ -79.19526, 48.79263 ], [ -79.19483, 48.78745 ], [ -79.18782, 48.78511 ], [ -79.18125, 48.78795 ] ] ] } },
{ "type": "Feature", "properties": { "hex_id": 298600, "centroid_lon": -76.467962150743588, "centroid_lat": 45.794472967876004, "hours_count": 42.0, "datetimes_affected": "2026-01-06 09:39:11,2026-01-06 09:39:11,2026-01-06 09:39:11,2026-01-06 09:39:11,2026-01-06 09:39:11,2026-01-06 09:39:11" }, "geometry": { "type": "Polygon", "coordinates": [ [ [ -76.46146, 45.79196 ], [ -76.4616, 45.79715 ], [ -76.4681, 45.79967 ], [ -76.47446, 45.79699 ], [ -76.47432, 45.79179 ], [ -76.46783, 45.78928 ], [ -76.46146, 45.79196 ] ] ] } },
{ "type": "Feature", "properties": { "hex_id": 299210, "centroid_lon": -76.461327082224955, "centroid_lat": 45.786763157157417, "hours_count": 42.0, "datetimes_affected": "2026-01-06 09:39:11,2026-01-06 09:39:11,2026-01-06 09:39:11,2026-01-06 09:39:11,2026-01-06 09:39:11,2026-01-06 09:39:11" }, "geometry": { "type": "Polygon", "coordinates": [ [ [ -76.45483, 45.78425 ], [ -76.45496, 45.78944 ], [ -76.46146, 45.79196 ], [ -76.46783, 45.78928 ], [ -76.46769, 45.78408 ], [ -76.46119, 45.78157 ], [ -76.45483, 45.78425 ] ] ] } },
{ "type": "Feature", "properties": { "hex_id": 299819, "centroid_lon": -76.454288677415647, "centroid_lat": 45.763468278981087, "hours_count": 42.0, "datetimes_affected": "2026-01-06 09:39:11,2026-01-06 09:39:11,2026-01-06 09:39:11,2026-01-06 09:39:11,2026-01-06 09:39:11,2026-01-06 09:39:11" }, "geometry": { "type": "Polygon", "coordinates": [ [ [ -76.44779, 45.76095 ], [ -76.44793, 45.76615 ], [ -76.45442, 45.76866 ], [ -76.46078, 45.76598 ], [ -76.46065, 45.76079 ], [ -76.45415, 45.75827 ], [ -76.44779, 45.76095 ] ] ] } },
{ "type": "Feature", "properties": { "hex_id": 299820, "centroid_lon": -76.454693860281523, "centroid_lat": 45.779052928802095, "hours_count": 42.0, "datetimes_affected": "2026-01-06 09:39:11,2026-01-06 09:39:11,2026-01-06 09:39:11,2026-01-06 09:39:11,2026-01-06 09:39:11,2026-01-06 09:39:11" }, "geometry": { "type": "Polygon", "coordinates": [ [ [ -76.4482, 45.77654 ], [ -76.44833, 45.78173 ], [ -76.45483, 45.78425 ], [ -76.46119, 45.78157 ], [ -76.46106, 45.77637 ], [ -76.45456, 45.77386 ], [ -76.4482, 45.77654 ] ] ] } },
{ "type": "Feature", "properties": { "hex_id": 299821, "centroid_lon": -76.455099376297298, "centroid_lat": 45.794637533129723, "hours_count": 42.0, "datetimes_affected": "2026-01-06 09:39:11,2026-01-06 09:39:11,2026-01-06 09:39:11,2026-01-06 09:39:11,2026-01-06 09:39:11,2026-01-06 09:39:11" }, "geometry": { "type": "Polygon", "coordinates": [ [ [ -76.4486, 45.79212 ], [ -76.44874, 45.79732 ], [ -76.45523, 45.79983 ], [ -76.4616, 45.79715 ], [ -76.46146, 45.79196 ], [ -76.45496, 45.78944 ], [ -76.4486, 45.79212 ] ] ] } },
{ "type": "Feature", "properties": { "hex_id": 300429, "centroid_lon": -76.447659256130507, "centroid_lat": 45.755757566414282, "hours_count": 42.0, "datetimes_affected": "2026-01-06 09:39:11,2026-01-06 09:39:11,2026-01-06 09:39:11,2026-01-06 09:39:11,2026-01-06 09:39:11,2026-01-06 09:39:11" }, "geometry": { "type": "Polygon", "coordinates": [ [ [ -76.44117, 45.75324 ], [ -76.4413, 45.75844 ], [ -76.44779, 45.76095 ], [ -76.45415, 45.75827 ], [ -76.45402, 45.75308 ], [ -76.44752, 45.75056 ], [ -76.44117, 45.75324 ] ] ] } },
{ "type": "Feature", "properties": { "hex_id": 300430, "centroid_lon": -76.448062483933143, "centroid_lat": 45.771342283117718, "hours_count": 42.0, "datetimes_affected": "2026-01-06 09:39:11,2026-01-06 09:39:11,2026-01-06 09:39:11,2026-01-06 09:39:11,2026-01-06 09:39:11,2026-01-06 09:39:11" }, "geometry": { "type": "Polygon", "coordinates": [ [ [ -76.44157, 45.76883 ], [ -76.4417, 45.77402 ], [ -76.4482, 45.77654 ], [ -76.45456, 45.77386 ], [ -76.45442, 45.76866 ], [ -76.44793, 45.76615 ], [ -76.44157, 45.76883 ] ] ] } },
{ "type": "Feature", "properties": { "hex_id": 300431, "centroid_lon": -76.44846604324762, "centroid_lat": 45.786926954353312, "hours_count": 108.0, "datetimes_affected": "2026-01-03 09:32:54,2026-01-03 09:32:54,2026-01-03 09:32:54,2026-01-03 09:32:54,2026-01-03 09:32:54,2026-01-03 09:32:54" }, "geometry": { "type": "Polygon", "coordinates": [ [ [ -76.44197, 45.78441 ], [ -76.4421, 45.78961 ], [ -76.4486, 45.79212 ], [ -76.45496, 45.78944 ], [ -76.45483, 45.78425 ], [ -76.44833, 45.78173 ], [ -76.44197, 45.78441 ] ] ] } },
{ "type": "Feature", "properties": { "hex_id": 301039, "centroid_lon": -76.441031677936209, "centroid_lat": 45.748046437046156, "hours_count": 42.0, "datetimes_affected": "2026-01-06 09:39:11,2026-01-06 09:39:11,2026-01-06 09:39:11,2026-01-06 09:39:11,2026-01-06 09:39:11,2026-01-06 09:39:11" }, "geometry": { "type": "Polygon", "coordinates": [ [ [ -76.43454, 45.74553 ], [ -76.43467, 45.75072 ], [ -76.44117, 45.75324 ], [ -76.44752, 45.75056 ], [ -76.44739, 45.74537 ], [ -76.4409, 45.74285 ], [ -76.43454, 45.74553 ] ] ] } },
{ "type": "Feature", "properties": { "hex_id": 301040, "centroid_lon": -76.441432952200046, "centroid_lat": 45.763631220411867, "hours_count": 42.0, "datetimes_affected": "2026-01-06 09:39:11,2026-01-06 09:39:11,2026-01-06 09:39:11,2026-01-06 09:39:11,2026-01-06 09:39:11,2026-01-06 09:39:11" }, "geometry": { "type": "Polygon", "coordinates": [ [ [ -76.43494, 45.76111 ], [ -76.43507, 45.76631 ], [ -76.44157, 45.76883 ], [ -76.44793, 45.76615 ], [ -76.44779, 45.76095 ], [ -76.4413, 45.75844 ], [ -76.43494, 45.76111 ] ] ] } },
{ "type": "Feature", "properties": { "hex_id": 301041, "centroid_lon": -76.441834556339273, "centroid_lat": 45.779215958335094, "hours_count": 42.0, "datetimes_affected": "2026-01-06 09:39:11,2026-01-06 09:39:11,2026-01-06 09:39:11,2026-01-06 09:39:11,2026-01-06 09:39:11,2026-01-06 09:39:11" }, "geometry": { "type": "Polygon", "coordinates": [ [ [ -76.43534, 45.7767 ], [ -76.43547, 45.78189 ], [ -76.44197, 45.78441 ], [ -76.44833, 45.78173 ], [ -76.4482, 45.77654 ], [ -76.4417, 45.77402 ], [ -76.43534, 45.7767 ] ] ] } },
{ "type": "Feature", "properties": { "hex_id": 301042, "centroid_lon": -76.442236490688416, "centroid_lat": 45.79480065081367, "hours_count": 42.0, "datetimes_affected": "2026-01-06 09:39:11,2026-01-06 09:39:11,2026-01-06 09:39:11,2026-01-06 09:39:11,2026-01-06 09:39:11,2026-01-06 09:39:11" }, "geometry": { "type": "Polygon", "coordinates": [ [ [ -76.43574, 45.79228 ], [ -76.43587, 45.79748 ], [ -76.44237, 45.8 ], [ -76.44874, 45.79732 ], [ -76.4486, 45.79212 ], [ -76.4421, 45.78961 ], [ -76.43574, 45.79228 ] ] ] } },
{ "type": "Feature", "properties": { "hex_id": 301650, "centroid_lon": -76.434805264103005, "centroid_lat": 45.755919740991907, "hours_count": 42.0, "datetimes_affected": "2026-01-06 09:39:11,2026-01-06 09:39:11,2026-01-06 09:39:11,2026-01-06 09:39:11,2026-01-06 09:39:11,2026-01-06 09:39:11" }, "geometry": { "type": "Polygon", "coordinates": [ [ [ -76.42831, 45.7534 ], [ -76.42844, 45.7586 ], [ -76.43494, 45.76111 ], [ -76.4413, 45.75844 ], [ -76.44117, 45.75324 ], [ -76.43467, 45.75072 ], [ -76.42831, 45.7534 ] ] ] } },
{ "type": "Feature", "properties": { "hex_id": 301651, "centroid_lon": -76.435204914591992, "centroid_lat": 45.771504545382669, "hours_count": 42.0, "datetimes_affected": "2026-01-06 09:39:11,2026-01-06 09:39:11,2026-01-06 09:39:11,2026-01-06 09:39:11,2026-01-06 09:39:11,2026-01-06 09:39:11" }, "geometry": { "type": "Polygon", "coordinates": [ [ [ -76.42871, 45.76899 ], [ -76.42884, 45.77418 ], [ -76.43534, 45.7767 ], [ -76.4417, 45.77402 ], [ -76.44157, 45.76883 ], [ -76.43507, 45.76631 ], [ -76.42871, 45.76899 ] ] ] } },
{ "type": "Feature", "properties": { "hex_id": 301652, "centroid_lon": -76.435604893654272, "centroid_lat": 45.787089304354055, "hours_count": 108.0, "datetimes_affected": "2026-01-03 09:32:54,2026-01-03 09:32:54,2026-01-03 09:32:54,2026-01-03 09:32:54,2026-01-03 09:32:54,2026-01-03 09:32:54" }, "geometry": { "type": "Polygon", "coordinates": [ [ [ -76.42911, 45.78457 ], [ -76.42924, 45.78977 ], [ -76.43574, 45.79228 ], [ -76.4421, 45.78961 ], [ -76.44197, 45.78441 ], [ -76.43547, 45.78189 ], [ -76.42911, 45.78457 ] ] ] } },
{ "type": "Feature", "properties": { "hex_id": 302260, "centroid_lon": -76.428179418663206, "centroid_lat": 45.748207845165126, "hours_count": 42.0, "datetimes_affected": "2026-01-06 09:39:11,2026-01-06 09:39:11,2026-01-06 09:39:11,2026-01-06 09:39:11,2026-01-06 09:39:11,2026-01-06 09:39:11" }, "geometry": { "type": "Polygon", "coordinates": [ [ [ -76.42169, 45.74569 ], [ -76.42182, 45.75089 ], [ -76.42831, 45.7534 ], [ -76.43467, 45.75072 ], [ -76.43454, 45.74553 ], [ -76.42805, 45.74301 ], [ -76.42169, 45.74569 ] ] ] } },
{ "type": "Feature", "properties": { "hex_id": 302261, "centroid_lon": -76.428577117026023, "centroid_lat": 45.763792715803476, "hours_count": 42.0, "datetimes_affected": "2026-01-06 09:39:11,2026-01-06 09:39:11,2026-01-06 09:39:11,2026-01-06 09:39:11,2026-01-06 09:39:11,2026-01-06 09:39:11" }, "geometry": { "type": "Polygon", "coordinates": [ [ [ -76.42208, 45.76128 ], [ -76.42222, 45.76647 ], [ -76.42871, 45.76899 ], [ -76.43507, 45.76631 ], [ -76.43494, 45.76111 ], [ -76.42844, 45.7586 ], [ -76.42208, 45.76128 ] ] ] } },
{ "type": "Feature", "properties": { "hex_id": 302262, "centroid_lon": -76.428975142327062, "centroid_lat": 45.779377541047594, "hours_count": 108.0, "datetimes_affected": "2026-01-03 09:32:54,2026-01-03 09:32:54,2026-01-03 09:32:54,2026-01-03 09:32:54,2026-01-03 09:32:54,2026-01-03 09:32:54" }, "geometry": { "type": "Polygon", "coordinates": [ [ [ -76.42248, 45.77686 ], [ -76.42261, 45.78206 ], [ -76.42911, 45.78457 ], [ -76.43547, 45.78189 ], [ -76.43534, 45.7767 ], [ -76.42884, 45.77418 ], [ -76.42248, 45.77686 ] ] ] } },
{ "type": "Feature", "properties": { "hex_id": 302263, "centroid_lon": -76.429373494897888, "centroid_lat": 45.794962320895301, "hours_count": 42.0, "datetimes_affected": "2026-01-06 09:39:11,2026-01-06 09:39:11,2026-01-06 09:39:11,2026-01-06 09:39:11,2026-01-06 09:39:11,2026-01-06 09:39:11" }, "geometry": { "type": "Polygon", "coordinates": [ [ [ -76.42288, 45.79245 ], [ -76.42301, 45.79764 ], [ -76.42951, 45.80016 ], [ -76.43587, 45.79748 ], [ -76.43574, 45.79228 ], [ -76.42924, 45.78977 ], [ -76.42288, 45.79245 ] ] ] } },
{ "type": "Feature", "properties": { "hex_id": 302871, "centroid_lon": -76.42195116266204, "centroid_lat": 45.756080469904774, "hours_count": 108.0, "datetimes_affected": "2026-01-03 09:32:54,2026-01-03 09:32:54,2026-01-03 09:32:54,2026-01-03 09:32:54,2026-01-03 09:32:54,2026-01-03 09:32:54" }, "geometry": { "type": "Polygon", "coordinates": [ [ [ -76.41546, 45.75356 ], [ -76.41559, 45.75876 ], [ -76.42208, 45.76128 ], [ -76.42844, 45.7586 ], [ -76.42831, 45.7534 ], [ -76.42182, 45.75089 ], [ -76.41546, 45.75356 ] ] ] } },
{ "type": "Feature", "properties": { "hex_id": 302872, "centroid_lon": -76.422347235726434, "centroid_lat": 45.771665361201713, "hours_count": 42.0, "datetimes_affected": "2026-01-06 09:39:11,2026-01-06 09:39:11,2026-01-06 09:39:11,2026-01-06 09:39:11,2026-01-06 09:39:11,2026-01-06 09:39:11" }, "geometry": { "type": "Polygon", "coordinates": [ [ [ -76.41585, 45.76915 ], [ -76.41598, 45.77434 ], [ -76.42248, 45.77686 ], [ -76.42884, 45.77418 ], [ -76.42871, 45.76899 ], [ -76.42222, 45.76647 ], [ -76.41585, 45.76915 ] ] ] } },
{ "type": "Feature", "properties": { "hex_id": 302873, "centroid_lon": -76.422743634425416, "centroid_lat": 45.787250207127286, "hours_count": 108.0, "datetimes_affected": "2026-01-03 09:32:54,2026-01-03 09:32:54,2026-01-03 09:32:54,2026-01-03 09:32:54,2026-01-03 09:32:54,2026-01-03 09:32:54" }, "geometry": { "type": "Polygon", "coordinates": [ [ [ -76.41625, 45.78473 ], [ -76.41638, 45.78993 ], [ -76.42288, 45.79245 ], [ -76.42924, 45.78977 ], [ -76.42911, 45.78457 ], [ -76.42261, 45.78206 ], [ -76.41625, 45.78473 ] ] ] } },
{ "type": "Feature", "properties": { "hex_id": 303482, "centroid_lon": -76.415721172872608, "centroid_lat": 45.763952765123754, "hours_count": 108.0, "datetimes_affected": "2026-01-03 09:32:54,2026-01-03 09:32:54,2026-01-03 09:32:54,2026-01-03 09:32:54,2026-01-03 09:32:54,2026-01-03 09:32:54" }, "geometry": { "type": "Polygon", "coordinates": [ [ [ -76.40923, 45.76143 ], [ -76.40936, 45.76663 ], [ -76.41585, 45.76915 ], [ -76.42222, 45.76647 ], [ -76.42208, 45.76128 ], [ -76.41559, 45.75876 ], [ -76.40923, 45.76143 ] ] ] } },
{ "type": "Feature", "properties": { "hex_id": 303483, "centroid_lon": -76.416115619224925, "centroid_lat": 45.779537676907317, "hours_count": 42.0, "datetimes_affected": "2026-01-06 09:39:11,2026-01-06 09:39:11,2026-01-06 09:39:11,2026-01-06 09:39:11,2026-01-06 09:39:11,2026-01-06 09:39:11" }, "geometry": { "type": "Polygon", "coordinates": [ [ [ -76.40962, 45.77702 ], [ -76.40975, 45.78221 ], [ -76.41625, 45.78473 ], [ -76.42261, 45.78206 ], [ -76.42248, 45.77686 ], [ -76.41598, 45.77434 ], [ -76.40962, 45.77702 ] ] ] } },
{ "type": "Feature", "properties": { "hex_id": 304092, "centroid_lon": -76.409096952786172, "centroid_lat": 45.756239753120859, "hours_count": 42.0, "datetimes_affected": "2026-01-06 09:39:11,2026-01-06 09:39:11,2026-01-06 09:39:11,2026-01-06 09:39:11,2026-01-06 09:39:11,2026-01-06 09:39:11" }, "geometry": { "type": "Polygon", "coordinates": [ [ [ -76.4026, 45.75372 ], [ -76.40273, 45.75892 ], [ -76.40923, 45.76143 ], [ -76.41559, 45.75876 ], [ -76.41546, 45.75356 ], [ -76.40897, 45.75104 ], [ -76.4026, 45.75372 ] ] ] } },
{ "type": "Feature", "properties": { "hex_id": 304093, "centroid_lon": -76.409489448316052, "centroid_lat": 45.77182473054274, "hours_count": 42.0, "datetimes_affected": "2026-01-06 09:39:11,2026-01-06 09:39:11,2026-01-06 09:39:11,2026-01-06 09:39:11,2026-01-06 09:39:11,2026-01-06 09:39:11" }, "geometry": { "type": "Polygon", "coordinates": [ [ [ -76.403, 45.76931 ], [ -76.40313, 45.7745 ], [ -76.40962, 45.77702 ], [ -76.41598, 45.77434 ], [ -76.41585, 45.76915 ], [ -76.40936, 45.76663 ], [ -76.403, 45.76931 ] ] ] } },
{ "type": "Feature", "properties": { "hex_id": 304703, "centroid_lon": -76.4028651207189, "centroid_lat": 45.764111368340757, "hours_count": 108.0, "datetimes_affected": "2026-01-03 09:32:54,2026-01-03 09:32:54,2026-01-03 09:32:54,2026-01-03 09:32:54,2026-01-03 09:32:54,2026-01-03 09:32:54" }, "geometry": { "type": "Polygon", "coordinates": [ [ [ -76.39637, 45.76159 ], [ -76.3965, 45.76679 ], [ -76.403, 45.76931 ], [ -76.40936, 45.76663 ], [ -76.40923, 45.76143 ], [ -76.40273, 45.75892 ], [ -76.39637, 45.76159 ] ] ] } },
{ "type": "Feature", "properties": { "hex_id": 305314, "centroid_lon": -76.396631553340427, "centroid_lat": 45.77198265337401, "hours_count": 42.0, "datetimes_affected": "2026-01-06 09:39:11,2026-01-06 09:39:11,2026-01-06 09:39:11,2026-01-06 09:39:11,2026-01-06 09:39:11,2026-01-06 09:39:11" }, "geometry": { "type": "Polygon", "coordinates": [ [ [ -76.39014, 45.76946 ], [ -76.39027, 45.77466 ], [ -76.39676, 45.77718 ], [ -76.40313, 45.7745 ], [ -76.403, 45.76931 ], [ -76.3965, 45.76679 ], [ -76.39014, 45.76946 ] ] ] } },
{ "type": "Feature", "properties": { "hex_id": 305924, "centroid_lon": -76.390008961544055, "centroid_lat": 45.764268525422885, "hours_count": 42.0, "datetimes_affected": "2026-01-06 09:39:11,2026-01-06 09:39:11,2026-01-06 09:39:11,2026-01-06 09:39:11,2026-01-06 09:39:11,2026-01-06 09:39:11" }, "geometry": { "type": "Polygon", "coordinates": [ [ [ -76.38352, 45.76175 ], [ -76.38365, 45.76694 ], [ -76.39014, 45.76946 ], [ -76.3965, 45.76679 ], [ -76.39637, 45.76159 ], [ -76.38988, 45.75907 ], [ -76.38352, 45.76175 ] ] ] } },
{ "type": "Feature", "properties": { "hex_id": 324239, "centroid_lon": -76.197154397363875, "centroid_lat": 45.766452324849055, "hours_count": 6.0, "datetimes_affected": "2026-01-04 01:48:42,2026-01-04 01:48:42,2026-01-04 01:48:42,2026-01-04 01:48:42,2026-01-04 01:48:42,2026-01-04 01:48:42" }, "geometry": { "type": "Polygon", "coordinates": [ [ [ -76.19067, 45.76392 ], [ -76.19078, 45.76912 ], [ -76.19727, 45.77165 ], [ -76.20364, 45.76898 ], [ -76.20353, 45.76379 ], [ -76.19704, 45.76126 ], [ -76.19067, 45.76392 ] ] ] } },
{ "type": "Feature", "properties": { "hex_id": 324849, "centroid_lon": -76.190559742848876, "centroid_lat": 45.758726346535489, "hours_count": 6.0, "datetimes_affected": "2026-01-04 01:48:42,2026-01-04 01:48:42,2026-01-04 01:48:42,2026-01-04 01:48:42,2026-01-04 01:48:42,2026-01-04 01:48:42" }, "geometry": { "type": "Polygon", "coordinates": [ [ [ -76.18408, 45.7562 ], [ -76.18419, 45.76139 ], [ -76.19067, 45.76392 ], [ -76.19704, 45.76126 ], [ -76.19693, 45.75606 ], [ -76.19045, 45.75353 ], [ -76.18408, 45.7562 ] ] ] } },
{ "type": "Feature", "properties": { "hex_id": 324850, "centroid_lon": -76.190891404429479, "centroid_lat": 45.774312668530172, "hours_count": 6.0, "datetimes_affected": "2026-01-04 01:48:42,2026-01-04 01:48:42,2026-01-04 01:48:42,2026-01-04 01:48:42,2026-01-04 01:48:42,2026-01-04 01:48:42" }, "geometry": { "type": "Polygon", "coordinates": [ [ [ -76.18441, 45.77178 ], [ -76.18452, 45.77698 ], [ -76.191, 45.77951 ], [ -76.19738, 45.77684 ], [ -76.19727, 45.77165 ], [ -76.19078, 45.76912 ], [ -76.18441, 45.77178 ] ] ] } },
{ "type": "Feature", "properties": { "hex_id": 325460, "centroid_lon": -76.184296659056471, "centroid_lat": 45.766586339707821, "hours_count": 6.0, "datetimes_affected": "2026-01-04 01:48:42,2026-01-04 01:48:42,2026-01-04 01:48:42,2026-01-04 01:48:42,2026-01-04 01:48:42,2026-01-04 01:48:42" }, "geometry": { "type": "Polygon", "coordinates": [ [ [ -76.17781, 45.76406 ], [ -76.17792, 45.76925 ], [ -76.18441, 45.77178 ], [ -76.19078, 45.76912 ], [ -76.19067, 45.76392 ], [ -76.18419, 45.76139 ], [ -76.17781, 45.76406 ] ] ] } },
{ "type": "Feature", "properties": { "hex_id": 325461, "centroid_lon": -76.184626666562849, "centroid_lat": 45.782172675549297, "hours_count": 6.0, "datetimes_affected": "2026-01-04 01:48:42,2026-01-04 01:48:42,2026-01-04 01:48:42,2026-01-04 01:48:42,2026-01-04 01:48:42,2026-01-04 01:48:42" }, "geometry": { "type": "Polygon", "coordinates": [ [ [ -76.17814, 45.77964 ], [ -76.17825, 45.78484 ], [ -76.18474, 45.78737 ], [ -76.19111, 45.7847 ], [ -76.191, 45.77951 ], [ -76.18452, 45.77698 ], [ -76.17814, 45.77964 ] ] ] } },
{ "type": "Feature", "properties": { "hex_id": 326071, "centroid_lon": -76.178031830776007, "centroid_lat": 45.774445996112277, "hours_count": 6.0, "datetimes_affected": "2026-01-04 01:48:42,2026-01-04 01:48:42,2026-01-04 01:48:42,2026-01-04 01:48:42,2026-01-04 01:48:42,2026-01-04 01:48:42" }, "geometry": { "type": "Polygon", "coordinates": [ [ [ -76.17155, 45.77191 ], [ -76.17166, 45.77711 ], [ -76.17814, 45.77964 ], [ -76.18452, 45.77698 ], [ -76.18441, 45.77178 ], [ -76.17792, 45.76925 ], [ -76.17155, 45.77191 ] ] ] } },
{ "type": "Feature", "properties": { "hex_id": 326072, "centroid_lon": -76.178360182783251, "centroid_lat": 45.790032345624681, "hours_count": 6.0, "datetimes_affected": "2026-01-04 01:48:42,2026-01-04 01:48:42,2026-01-04 01:48:42,2026-01-04 01:48:42,2026-01-04 01:48:42,2026-01-04 01:48:42" }, "geometry": { "type": "Polygon", "coordinates": [ [ [ -76.17187, 45.7875 ], [ -76.17198, 45.7927 ], [ -76.17847, 45.79523 ], [ -76.18485, 45.79256 ], [ -76.18474, 45.78737 ], [ -76.17825, 45.78484 ], [ -76.17187, 45.7875 ] ] ] } },
{ "type": "Feature", "properties": { "hex_id": 326681, "centroid_lon": -76.171438830381049, "centroid_lat": 45.76671890793822, "hours_count": 6.0, "datetimes_affected": "2026-01-04 01:48:42,2026-01-04 01:48:42,2026-01-04 01:48:42,2026-01-04 01:48:42,2026-01-04 01:48:42,2026-01-04 01:48:42" }, "geometry": { "type": "Polygon", "coordinates": [ [ [ -76.16496, 45.76419 ], [ -76.16506, 45.76938 ], [ -76.17155, 45.77191 ], [ -76.17792, 45.76925 ], [ -76.17781, 45.76406 ], [ -76.17133, 45.76152 ], [ -76.16496, 45.76419 ] ] ] } },
{ "type": "Feature", "properties": { "hex_id": 326682, "centroid_lon": -76.171765257027232, "centroid_lat": 45.782305315467106, "hours_count": 6.0, "datetimes_affected": "2026-01-04 01:48:42,2026-01-04 01:48:42,2026-01-04 01:48:42,2026-01-04 01:48:42,2026-01-04 01:48:42,2026-01-04 01:48:42" }, "geometry": { "type": "Polygon", "coordinates": [ [ [ -76.16528, 45.77977 ], [ -76.16539, 45.78497 ], [ -76.17187, 45.7875 ], [ -76.17825, 45.78484 ], [ -76.17814, 45.77964 ], [ -76.17166, 45.77711 ], [ -76.16528, 45.77977 ] ] ] } },
{ "type": "Feature", "properties": { "hex_id": 326683, "centroid_lon": -76.172091952109469, "centroid_lat": 45.797891678474421, "hours_count": 6.0, "datetimes_affected": "2026-01-04 01:48:42,2026-01-04 01:48:42,2026-01-04 01:48:42,2026-01-04 01:48:42,2026-01-04 01:48:42,2026-01-04 01:48:42" }, "geometry": { "type": "Polygon", "coordinates": [ [ [ -76.16561, 45.79536 ], [ -76.16571, 45.80056 ], [ -76.1722, 45.80309 ], [ -76.17858, 45.80042 ], [ -76.17847, 45.79523 ], [ -76.17198, 45.7927 ], [ -76.16561, 45.79536 ] ] ] } },
{ "type": "Feature", "properties": { "hex_id": 327292, "centroid_lon": -76.165172167198946, "centroid_lat": 45.774577876661866, "hours_count": 6.0, "datetimes_affected": "2026-01-04 01:48:42,2026-01-04 01:48:42,2026-01-04 01:48:42,2026-01-04 01:48:42,2026-01-04 01:48:42,2026-01-04 01:48:42" }, "geometry": { "type": "Polygon", "coordinates": [ [ [ -76.15869, 45.77205 ], [ -76.1588, 45.77724 ], [ -76.16528, 45.77977 ], [ -76.17166, 45.77711 ], [ -76.17155, 45.77191 ], [ -76.16506, 45.76938 ], [ -76.15869, 45.77205 ] ] ] } },
{ "type": "Feature", "properties": { "hex_id": 327293, "centroid_lon": -76.165496936829356, "centroid_lat": 45.790164297490414, "hours_count": 6.0, "datetimes_affected": "2026-01-04 01:48:42,2026-01-04 01:48:42,2026-01-04 01:48:42,2026-01-04 01:48:42,2026-01-04 01:48:42,2026-01-04 01:48:42" }, "geometry": { "type": "Polygon", "coordinates": [ [ [ -76.15901, 45.78763 ], [ -76.15912, 45.79283 ], [ -76.16561, 45.79536 ], [ -76.17198, 45.7927 ], [ -76.17187, 45.7875 ], [ -76.16539, 45.78497 ], [ -76.15901, 45.78763 ] ] ] } },
{ "type": "Feature", "properties": { "hex_id": 327294, "centroid_lon": -76.165821973559716, "centroid_lat": 45.805750673816441, "hours_count": 6.0, "datetimes_affected": "2026-01-04 01:48:42,2026-01-04 01:48:42,2026-01-04 01:48:42,2026-01-04 01:48:42,2026-01-04 01:48:42,2026-01-04 01:48:42" }, "geometry": { "type": "Polygon", "coordinates": [ [ [ -76.15933, 45.80322 ], [ -76.15944, 45.80841 ], [ -76.16593, 45.81095 ], [ -76.17231, 45.80828 ], [ -76.1722, 45.80309 ], [ -76.16571, 45.80056 ], [ -76.15933, 45.80322 ] ] ] } },
{ "type": "Feature", "properties": { "hex_id": 327902, "centroid_lon": -76.158580912317646, "centroid_lat": 45.766850029513847, "hours_count": 6.0, "datetimes_affected": "2026-01-04 01:48:42,2026-01-04 01:48:42,2026-01-04 01:48:42,2026-01-04 01:48:42,2026-01-04 01:48:42,2026-01-04 01:48:42" }, "geometry": { "type": "Polygon", "coordinates": [ [ [ -76.1521, 45.76432 ], [ -76.15221, 45.76951 ], [ -76.15869, 45.77205 ], [ -76.16506, 45.76938 ], [ -76.16496, 45.76419 ], [ -76.15847, 45.76165 ], [ -76.1521, 45.76432 ] ] ] } },
{ "type": "Feature", "properties": { "hex_id": 327903, "centroid_lon": -76.158903758012926, "centroid_lat": 45.782436507948191, "hours_count": 6.0, "datetimes_affected": "2026-01-04 01:48:42,2026-01-04 01:48:42,2026-01-04 01:48:42,2026-01-04 01:48:42,2026-01-04 01:48:42,2026-01-04 01:48:42" }, "geometry": { "type": "Polygon", "coordinates": [ [ [ -76.15242, 45.7799 ], [ -76.15253, 45.7851 ], [ -76.15901, 45.78763 ], [ -76.16539, 45.78497 ], [ -76.16528, 45.77977 ], [ -76.1588, 45.77724 ], [ -76.15242, 45.7799 ] ] ] } },
{ "type": "Feature", "properties": { "hex_id": 327904, "centroid_lon": -76.159226869201149, "centroid_lat": 45.798022941900157, "hours_count": 6.0, "datetimes_affected": "2026-01-04 01:48:42,2026-01-04 01:48:42,2026-01-04 01:48:42,2026-01-04 01:48:42,2026-01-04 01:48:42,2026-01-04 01:48:42" }, "geometry": { "type": "Polygon", "coordinates": [ [ [ -76.15274, 45.79549 ], [ -76.15285, 45.80069 ], [ -76.15933, 45.80322 ], [ -76.16571, 45.80056 ], [ -76.16561, 45.79536 ], [ -76.15912, 45.79283 ], [ -76.15274, 45.79549 ] ] ] } },
{ "type": "Feature", "properties": { "hex_id": 327905, "centroid_lon": -76.159550246151724, "centroid_lat": 45.813609331368596, "hours_count": 6.0, "datetimes_affected": "2026-01-04 01:48:42,2026-01-04 01:48:42,2026-01-04 01:48:42,2026-01-04 01:48:42,2026-01-04 01:48:42,2026-01-04 01:48:42" }, "geometry": { "type": "Polygon", "coordinates": [ [ [ -76.15306, 45.81108 ], [ -76.15317, 45.81627 ], [ -76.15966, 45.8188 ], [ -76.16604, 45.81614 ], [ -76.16593, 45.81095 ], [ -76.15944, 45.80841 ], [ -76.15306, 45.81108 ] ] ] } },
{ "type": "Feature", "properties": { "hex_id": 328513, "centroid_lon": -76.152312414678846, "centroid_lat": 45.774708310152633, "hours_count": 6.0, "datetimes_affected": "2026-01-04 01:48:42,2026-01-04 01:48:42,2026-01-04 01:48:42,2026-01-04 01:48:42,2026-01-04 01:48:42,2026-01-04 01:48:42" }, "geometry": { "type": "Polygon", "coordinates": [ [ [ -76.14583, 45.77218 ], [ -76.14594, 45.77737 ], [ -76.15242, 45.7799 ], [ -76.1588, 45.77724 ], [ -76.15869, 45.77205 ], [ -76.15221, 45.76951 ], [ -76.14583, 45.77218 ] ] ] } },
{ "type": "Feature", "properties": { "hex_id": 328514, "centroid_lon": -76.152633601842183, "centroid_lat": 45.790294801515131, "hours_count": 6.0, "datetimes_affected": "2026-01-04 01:48:42,2026-01-04 01:48:42,2026-01-04 01:48:42,2026-01-04 01:48:42,2026-01-04 01:48:42,2026-01-04 01:48:42" }, "geometry": { "type": "Polygon", "coordinates": [ [ [ -76.14615, 45.78776 ], [ -76.14626, 45.79296 ], [ -76.15274, 45.79549 ], [ -76.15912, 45.79283 ], [ -76.15901, 45.78763 ], [ -76.15253, 45.7851 ], [ -76.14615, 45.78776 ] ] ] } },
{ "type": "Feature", "properties": { "hex_id": 328515, "centroid_lon": -76.152955053160753, "centroid_lat": 45.805881248414124, "hours_count": 6.0, "datetimes_affected": "2026-01-04 01:48:42,2026-01-04 01:48:42,2026-01-04 01:48:42,2026-01-04 01:48:42,2026-01-04 01:48:42,2026-01-04 01:48:42" }, "geometry": { "type": "Polygon", "coordinates": [ [ [ -76.14647, 45.80335 ], [ -76.14657, 45.80854 ], [ -76.15306, 45.81108 ], [ -76.15944, 45.80841 ], [ -76.15933, 45.80322 ], [ -76.15285, 45.80069 ], [ -76.14647, 45.80335 ] ] ] } },
{ "type": "Feature", "properties": { "hex_id": 329123, "centroid_lon": -76.145722905846299, "centroid_lat": 45.766979704408527, "hours_count": 6.0, "datetimes_affected": "2026-01-04 01:48:42,2026-01-04 01:48:42,2026-01-04 01:48:42,2026-01-04 01:48:42,2026-01-04 01:48:42,2026-01-04 01:48:42" }, "geometry": { "type": "Polygon", "coordinates": [ [ [ -76.13924, 45.76445 ], [ -76.13935, 45.76964 ], [ -76.14583, 45.77218 ], [ -76.15221, 45.76951 ], [ -76.1521, 45.76432 ], [ -76.14562, 45.76178 ], [ -76.13924, 45.76445 ] ] ] } },
{ "type": "Feature", "properties": { "hex_id": 329124, "centroid_lon": -76.146042170500991, "centroid_lat": 45.78256625296634, "hours_count": 6.0, "datetimes_affected": "2026-01-04 01:48:42,2026-01-04 01:48:42,2026-01-04 01:48:42,2026-01-04 01:48:42,2026-01-04 01:48:42,2026-01-04 01:48:42" }, "geometry": { "type": "Polygon", "coordinates": [ [ [ -76.13956, 45.78003 ], [ -76.13966, 45.78523 ], [ -76.14615, 45.78776 ], [ -76.15253, 45.7851 ], [ -76.15242, 45.7799 ], [ -76.14594, 45.77737 ], [ -76.13956, 45.78003 ] ] ] } },
{ "type": "Feature", "properties": { "hex_id": 329125, "centroid_lon": -76.146361697705373, "centroid_lat": 45.798152757080544, "hours_count": 6.0, "datetimes_affected": "2026-01-04 01:48:42,2026-01-04 01:48:42,2026-01-04 01:48:42,2026-01-04 01:48:42,2026-01-04 01:48:42,2026-01-04 01:48:42" }, "geometry": { "type": "Polygon", "coordinates": [ [ [ -76.13988, 45.79562 ], [ -76.13998, 45.80081 ], [ -76.14647, 45.80335 ], [ -76.15285, 45.80069 ], [ -76.15274, 45.79549 ], [ -76.14626, 45.79296 ], [ -76.13988, 45.79562 ] ] ] } },
{ "type": "Feature", "properties": { "hex_id": 329126, "centroid_lon": -76.146681487725857, "centroid_lat": 45.813739216750072, "hours_count": 6.0, "datetimes_affected": "2026-01-04 01:48:42,2026-01-04 01:48:42,2026-01-04 01:48:42,2026-01-04 01:48:42,2026-01-04 01:48:42,2026-01-04 01:48:42" }, "geometry": { "type": "Polygon", "coordinates": [ [ [ -76.14019, 45.81121 ], [ -76.1403, 45.8164 ], [ -76.14679, 45.81893 ], [ -76.15317, 45.81627 ], [ -76.15306, 45.81108 ], [ -76.14657, 45.80854 ], [ -76.14019, 45.81121 ] ] ] } },
{ "type": "Feature", "properties": { "hex_id": 329734, "centroid_lon": -76.13945257419627, "centroid_lat": 45.774837296558552, "hours_count": 6.0, "datetimes_affected": "2026-01-04 01:48:42,2026-01-04 01:48:42,2026-01-04 01:48:42,2026-01-04 01:48:42,2026-01-04 01:48:42,2026-01-04 01:48:42" }, "geometry": { "type": "Polygon", "coordinates": [ [ [ -76.13297, 45.7723 ], [ -76.13308, 45.7775 ], [ -76.13956, 45.78003 ], [ -76.14594, 45.77737 ], [ -76.14583, 45.77218 ], [ -76.13935, 45.76964 ], [ -76.13297, 45.7723 ] ] ] } },
{ "type": "Feature", "properties": { "hex_id": 329735, "centroid_lon": -76.139770178803261, "centroid_lat": 45.790423857672799, "hours_count": 6.0, "datetimes_affected": "2026-01-04 01:48:42,2026-01-04 01:48:42,2026-01-04 01:48:42,2026-01-04 01:48:42,2026-01-04 01:48:42,2026-01-04 01:48:42" }, "geometry": { "type": "Polygon", "coordinates": [ [ [ -76.13329, 45.78789 ], [ -76.13339, 45.79309 ], [ -76.13988, 45.79562 ], [ -76.14626, 45.79296 ], [ -76.14615, 45.78776 ], [ -76.13966, 45.78523 ], [ -76.13329, 45.78789 ] ] ] } },
{ "type": "Feature", "properties": { "hex_id": 329736, "centroid_lon": -76.140088044620668, "centroid_lat": 45.806010374362117, "hours_count": 6.0, "datetimes_affected": "2026-01-04 01:48:42,2026-01-04 01:48:42,2026-01-04 01:48:42,2026-01-04 01:48:42,2026-01-04 01:48:42,2026-01-04 01:48:42" }, "geometry": { "type": "Polygon", "coordinates": [ [ [ -76.1336, 45.80348 ], [ -76.13371, 45.80867 ], [ -76.14019, 45.81121 ], [ -76.14657, 45.80854 ], [ -76.14647, 45.80335 ], [ -76.13998, 45.80081 ], [ -76.1336, 45.80348 ] ] ] } },
{ "type": "Feature", "properties": { "hex_id": 329737, "centroid_lon": -76.140406171913654, "centroid_lat": 45.821596846625447, "hours_count": 6.0, "datetimes_affected": "2026-01-04 01:48:42,2026-01-04 01:48:42,2026-01-04 01:48:42,2026-01-04 01:48:42,2026-01-04 01:48:42,2026-01-04 01:48:42" }, "geometry": { "type": "Polygon", "coordinates": [ [ [ -76.13392, 45.81906 ], [ -76.13402, 45.82426 ], [ -76.14051, 45.82679 ], [ -76.14689, 45.82413 ], [ -76.14679, 45.81893 ], [ -76.1403, 45.8164 ], [ -76.13392, 45.81906 ] ] ] } },
{ "type": "Feature", "properties": { "hex_id": 330345, "centroid_lon": -76.13318049547253, "centroid_lat": 45.782694550495691, "hours_count": 6.0, "datetimes_affected": "2026-01-04 01:48:42,2026-01-04 01:48:42,2026-01-04 01:48:42,2026-01-04 01:48:42,2026-01-04 01:48:42,2026-01-04 01:48:42" }, "geometry": { "type": "Polygon", "coordinates": [ [ [ -76.1267, 45.78016 ], [ -76.1268, 45.78536 ], [ -76.13329, 45.78789 ], [ -76.13966, 45.78523 ], [ -76.13956, 45.78003 ], [ -76.13308, 45.7775 ], [ -76.1267, 45.78016 ] ] ] } },
{ "type": "Feature", "properties": { "hex_id": 330346, "centroid_lon": -76.13349643860424, "centroid_lat": 45.798281123989696, "hours_count": 6.0, "datetimes_affected": "2026-01-04 01:48:42,2026-01-04 01:48:42,2026-01-04 01:48:42,2026-01-04 01:48:42,2026-01-04 01:48:42,2026-01-04 01:48:42" }, "geometry": { "type": "Polygon", "coordinates": [ [ [ -76.12701, 45.79575 ], [ -76.12712, 45.80094 ], [ -76.1336, 45.80348 ], [ -76.13998, 45.80081 ], [ -76.13988, 45.79562 ], [ -76.13339, 45.79309 ], [ -76.12701, 45.79575 ] ] ] } },
{ "type": "Feature", "properties": { "hex_id": 330347, "centroid_lon": -76.133812641605701, "centroid_lat": 45.813867653077423, "hours_count": 6.0, "datetimes_affected": "2026-01-04 01:48:42,2026-01-04 01:48:42,2026-01-04 01:48:42,2026-01-04 01:48:42,2026-01-04 01:48:42,2026-01-04 01:48:42" }, "geometry": { "type": "Polygon", "coordinates": [ [ [ -76.12733, 45.81133 ], [ -76.12743, 45.81653 ], [ -76.13392, 45.81906 ], [ -76.1403, 45.8164 ], [ -76.14019, 45.81121 ], [ -76.13371, 45.80867 ], [ -76.12733, 45.81133 ] ] ] } },
{ "type": "Feature", "properties": { "hex_id": 330955, "centroid_lon": -76.126592646731808, "centroid_lat": 45.774964835853879, "hours_count": 6.0, "datetimes_affected": "2026-01-04 01:48:42,2026-01-04 01:48:42,2026-01-04 01:48:42,2026-01-04 01:48:42,2026-01-04 01:48:42,2026-01-04 01:48:42" }, "geometry": { "type": "Polygon", "coordinates": [ [ [ -76.12011, 45.77243 ], [ -76.12021, 45.77763 ], [ -76.1267, 45.78016 ], [ -76.13308, 45.7775 ], [ -76.13297, 45.7723 ], [ -76.12649, 45.76977 ], [ -76.12011, 45.77243 ] ] ] } },
{ "type": "Feature", "properties": { "hex_id": 330956, "centroid_lon": -76.126906668694204, "centroid_lat": 45.790551465937646, "hours_count": 6.0, "datetimes_affected": "2026-01-04 01:48:42,2026-01-04 01:48:42,2026-01-04 01:48:42,2026-01-04 01:48:42,2026-01-04 01:48:42,2026-01-04 01:48:42" }, "geometry": { "type": "Polygon", "coordinates": [ [ [ -76.12042, 45.78802 ], [ -76.12053, 45.79321 ], [ -76.12701, 45.79575 ], [ -76.13339, 45.79309 ], [ -76.13329, 45.78789 ], [ -76.1268, 45.78536 ], [ -76.12042, 45.78802 ] ] ] } },
{ "type": "Feature", "properties": { "hex_id": 330957, "centroid_lon": -76.127220948922087, "centroid_lat": 45.806138051634626, "hours_count": 6.0, "datetimes_affected": "2026-01-04 01:48:42,2026-01-04 01:48:42,2026-01-04 01:48:42,2026-01-04 01:48:42,2026-01-04 01:48:42,2026-01-04 01:48:42" }, "geometry": { "type": "Polygon", "coordinates": [ [ [ -76.12074, 45.8036 ], [ -76.12084, 45.8088 ], [ -76.12733, 45.81133 ], [ -76.13371, 45.80867 ], [ -76.1336, 45.80348 ], [ -76.12712, 45.80094 ], [ -76.12074, 45.8036 ] ] ] } },
{ "type": "Feature", "properties": { "hex_id": 330958, "centroid_lon": -76.127535487677591, "centroid_lat": 45.821724592943816, "hours_count": 6.0, "datetimes_affected": "2026-01-04 01:48:42,2026-01-04 01:48:42,2026-01-04 01:48:42,2026-01-04 01:48:42,2026-01-04 01:48:42,2026-01-04 01:48:42" }, "geometry": { "type": "Polygon", "coordinates": [ [ [ -76.12105, 45.81919 ], [ -76.12115, 45.82439 ], [ -76.12764, 45.82692 ], [ -76.13402, 45.82426 ], [ -76.13392, 45.81906 ], [ -76.12743, 45.81653 ], [ -76.12105, 45.81919 ] ] ] } },
{ "type": "Feature", "properties": { "hex_id": 331566, "centroid_lon": -76.120318733908647, "centroid_lat": 45.782821400510635, "hours_count": 6.0, "datetimes_affected": "2026-01-04 01:48:42,2026-01-04 01:48:42,2026-01-04 01:48:42,2026-01-04 01:48:42,2026-01-04 01:48:42,2026-01-04 01:48:42" }, "geometry": { "type": "Polygon", "coordinates": [ [ [ -76.11384, 45.78029 ], [ -76.11394, 45.78548 ], [ -76.12042, 45.78802 ], [ -76.1268, 45.78536 ], [ -76.1267, 45.78016 ], [ -76.12021, 45.77763 ], [ -76.11384, 45.78029 ] ] ] } },
{ "type": "Feature", "properties": { "hex_id": 331567, "centroid_lon": -76.12063109287989, "centroid_lat": 45.798408042602006, "hours_count": 6.0, "datetimes_affected": "2026-01-04 01:48:42,2026-01-04 01:48:42,2026-01-04 01:48:42,2026-01-04 01:48:42,2026-01-04 01:48:42,2026-01-04 01:48:42" }, "geometry": { "type": "Polygon", "coordinates": [ [ [ -76.11415, 45.79587 ], [ -76.11425, 45.80107 ], [ -76.12074, 45.8036 ], [ -76.12712, 45.80094 ], [ -76.12701, 45.79575 ], [ -76.12053, 45.79321 ], [ -76.11415, 45.79587 ] ] ] } },
{ "type": "Feature", "properties": { "hex_id": 331568, "centroid_lon": -76.120943708774362, "centroid_lat": 45.813994640325014, "hours_count": 6.0, "datetimes_affected": "2026-01-04 01:48:42,2026-01-04 01:48:42,2026-01-04 01:48:42,2026-01-04 01:48:42,2026-01-04 01:48:42,2026-01-04 01:48:42" }, "geometry": { "type": "Polygon", "coordinates": [ [ [ -76.11446, 45.81146 ], [ -76.11456, 45.81666 ], [ -76.12105, 45.81919 ], [ -76.12743, 45.81653 ], [ -76.12733, 45.81133 ], [ -76.12084, 45.8088 ], [ -76.11446, 45.81146 ] ] ] } },
{ "type": "Feature", "properties": { "hex_id": 332177, "centroid_lon": -76.114043072496685, "centroid_lat": 45.790677626284229, "hours_count": 6.0, "datetimes_affected": "2026-01-04 01:48:42,2026-01-04 01:48:42,2026-01-04 01:48:42,2026-01-04 01:48:42,2026-01-04 01:48:42,2026-01-04 01:48:42" }, "geometry": { "type": "Polygon", "coordinates": [ [ [ -76.10756, 45.78814 ], [ -76.10766, 45.79334 ], [ -76.11415, 45.79587 ], [ -76.12053, 45.79321 ], [ -76.12042, 45.78802 ], [ -76.11394, 45.78548 ], [ -76.10756, 45.78814 ] ] ] } },
{ "type": "Feature", "properties": { "hex_id": 332178, "centroid_lon": -76.114353767047632, "centroid_lat": 45.806264280206165, "hours_count": 6.0, "datetimes_affected": "2026-01-04 01:48:42,2026-01-04 01:48:42,2026-01-04 01:48:42,2026-01-04 01:48:42,2026-01-04 01:48:42,2026-01-04 01:48:42" }, "geometry": { "type": "Polygon", "coordinates": [ [ [ -76.10787, 45.80373 ], [ -76.10797, 45.80892 ], [ -76.11446, 45.81146 ], [ -76.12084, 45.8088 ], [ -76.12074, 45.8036 ], [ -76.11425, 45.80107 ], [ -76.10787, 45.80373 ] ] ] } },
{ "type": "Feature", "properties": { "hex_id": 332788, "centroid_lon": -76.107765661514463, "centroid_lat": 45.798533512892099, "hours_count": 6.0, "datetimes_affected": "2026-01-04 01:48:42,2026-01-04 01:48:42,2026-01-04 01:48:42,2026-01-04 01:48:42,2026-01-04 01:48:42,2026-01-04 01:48:42" }, "geometry": { "type": "Polygon", "coordinates": [ [ [ -76.10128, 45.796 ], [ -76.10138, 45.80119 ], [ -76.10787, 45.80373 ], [ -76.11425, 45.80107 ], [ -76.11415, 45.79587 ], [ -76.10766, 45.79334 ], [ -76.10128, 45.796 ] ] ] } },
{ "type": "Feature", "properties": { "hex_id": 333398, "centroid_lon": -76.101179391192389, "centroid_lat": 45.790802338687357, "hours_count": 6.0, "datetimes_affected": "2026-01-04 01:48:42,2026-01-04 01:48:42,2026-01-04 01:48:42,2026-01-04 01:48:42,2026-01-04 01:48:42,2026-01-04 01:48:42" }, "geometry": { "type": "Polygon", "coordinates": [ [ [ -76.0947, 45.78827 ], [ -76.0948, 45.79346 ], [ -76.10128, 45.796 ], [ -76.10766, 45.79334 ], [ -76.10756, 45.78814 ], [ -76.10108, 45.78561 ], [ -76.0947, 45.78827 ] ] ] } },
{ "type": "Feature", "properties": { "hex_id": 380387, "centroid_lon": -75.602605092316239, "centroid_lat": 45.49051383361104, "hours_count": 36.0, "datetimes_affected": "2026-01-05 21:27:57,2026-01-05 21:27:57,2026-01-05 21:27:57,2026-01-05 21:27:57,2026-01-05 21:27:57,2026-01-05 21:27:57" }, "geometry": { "type": "Polygon", "coordinates": [ [ [ -75.59618, 45.48795 ], [ -75.59623, 45.49315 ], [ -75.60266, 45.49571 ], [ -75.60903, 45.49308 ], [ -75.60898, 45.48788 ], [ -75.60255, 45.48532 ], [ -75.59618, 45.48795 ] ] ] } },
{ "type": "Feature", "properties": { "hex_id": 380998, "centroid_lon": -75.596288922333429, "centroid_lat": 45.498342206696989, "hours_count": 36.0, "datetimes_affected": "2026-01-05 21:27:57,2026-01-05 21:27:57,2026-01-05 21:27:57,2026-01-05 21:27:57,2026-01-05 21:27:57,2026-01-05 21:27:57" }, "geometry": { "type": "Polygon", "coordinates": [ [ [ -75.58986, 45.49578 ], [ -75.58992, 45.50097 ], [ -75.59634, 45.50354 ], [ -75.60272, 45.50091 ], [ -75.60266, 45.49571 ], [ -75.59623, 45.49315 ], [ -75.58986, 45.49578 ] ] ] } },
{ "type": "Feature", "properties": { "hex_id": 381608, "centroid_lon": -75.589808222558332, "centroid_lat": 45.490580627395801, "hours_count": 36.0, "datetimes_affected": "2026-01-05 21:27:57,2026-01-05 21:27:57,2026-01-05 21:27:57,2026-01-05 21:27:57,2026-01-05 21:27:57,2026-01-05 21:27:57" }, "geometry": { "type": "Polygon", "coordinates": [ [ [ -75.58338, 45.48802 ], [ -75.58344, 45.49321 ], [ -75.58986, 45.49578 ], [ -75.59623, 45.49315 ], [ -75.59618, 45.48795 ], [ -75.58975, 45.48538 ], [ -75.58338, 45.48802 ] ] ] } },
{ "type": "Feature", "properties": { "hex_id": 391989, "centroid_lon": -75.481365256627697, "centroid_lat": 45.530065106098121, "hours_count": 6.0, "datetimes_affected": "2026-01-05 10:38:44,2026-01-05 10:38:44,2026-01-05 10:38:44,2026-01-05 10:38:44,2026-01-05 10:38:44,2026-01-05 10:38:44" }, "geometry": { "type": "Polygon", "coordinates": [ [ [ -75.47494, 45.52749 ], [ -75.47498, 45.53269 ], [ -75.48141, 45.53526 ], [ -75.48779, 45.53264 ], [ -75.48775, 45.52744 ], [ -75.48132, 45.52487 ], [ -75.47494, 45.52749 ] ] ] } },
{ "type": "Feature", "properties": { "hex_id": 393210, "centroid_lon": -75.468559168740143, "centroid_lat": 45.530118352782544, "hours_count": 6.0, "datetimes_affected": "2026-01-05 10:38:44,2026-01-05 10:38:44,2026-01-05 10:38:44,2026-01-05 10:38:44,2026-01-05 10:38:44,2026-01-05 10:38:44" }, "geometry": { "type": "Polygon", "coordinates": [ [ [ -75.46213, 45.52755 ], [ -75.46218, 45.53274 ], [ -75.4686, 45.53531 ], [ -75.47498, 45.53269 ], [ -75.47494, 45.52749 ], [ -75.46852, 45.52492 ], [ -75.46213, 45.52755 ] ] ] } },
{ "type": "Feature", "properties": { "hex_id": 405435, "centroid_lon": -75.341916278009222, "centroid_lat": 45.76441800832125, "hours_count": 12.0, "datetimes_affected": "2026-01-06 08:50:01,2026-01-06 08:50:01,2026-01-06 08:50:01,2026-01-06 08:50:01,2026-01-06 08:50:01,2026-01-06 08:50:01" }, "geometry": { "type": "Polygon", "coordinates": [ [ [ -75.33547, 45.76184 ], [ -75.3355, 45.76704 ], [ -75.34195, 45.76961 ], [ -75.34836, 45.767 ], [ -75.34833, 45.7618 ], [ -75.34188, 45.75922 ], [ -75.33547, 45.76184 ] ] ] } },
{ "type": "Feature", "properties": { "hex_id": 406045, "centroid_lon": -75.335439658109109, "centroid_lat": 45.75664234786116, "hours_count": 12.0, "datetimes_affected": "2026-01-06 08:50:01,2026-01-06 08:50:01,2026-01-06 08:50:01,2026-01-06 08:50:01,2026-01-06 08:50:01,2026-01-06 08:50:01" }, "geometry": { "type": "Polygon", "coordinates": [ [ [ -75.329, 45.75406 ], [ -75.32903, 45.75926 ], [ -75.33547, 45.76184 ], [ -75.34188, 45.75922 ], [ -75.34185, 45.75403 ], [ -75.33541, 45.75145 ], [ -75.329, 45.75406 ] ] ] } },
{ "type": "Feature", "properties": { "hex_id": 406046, "centroid_lon": -75.335533102985423, "centroid_lat": 45.772231779696192, "hours_count": 12.0, "datetimes_affected": "2026-01-06 08:50:01,2026-01-06 08:50:01,2026-01-06 08:50:01,2026-01-06 08:50:01,2026-01-06 08:50:01,2026-01-06 08:50:01" }, "geometry": { "type": "Polygon", "coordinates": [ [ [ -75.32909, 45.76965 ], [ -75.32912, 45.77485 ], [ -75.33556, 45.77743 ], [ -75.34198, 45.77481 ], [ -75.34195, 45.76961 ], [ -75.3355, 45.76704 ], [ -75.32909, 45.76965 ] ] ] } },
{ "type": "Feature", "properties": { "hex_id": 406047, "centroid_lon": -75.335626624711111, "centroid_lat": 45.787821168658091, "hours_count": 12.0, "datetimes_affected": "2026-01-06 08:50:01,2026-01-06 08:50:01,2026-01-06 08:50:01,2026-01-06 08:50:01,2026-01-06 08:50:01,2026-01-06 08:50:01" }, "geometry": { "type": "Polygon", "coordinates": [ [ [ -75.32918, 45.78524 ], [ -75.32921, 45.79044 ], [ -75.33566, 45.79302 ], [ -75.34208, 45.7904 ], [ -75.34204, 45.7852 ], [ -75.3356, 45.78262 ], [ -75.32918, 45.78524 ] ] ] } },
{ "type": "Feature", "properties": { "hex_id": 406656, "centroid_lon": -75.329056457481826, "centroid_lat": 45.764455768113706, "hours_count": 12.0, "datetimes_affected": "2026-01-06 08:50:01,2026-01-06 08:50:01,2026-01-06 08:50:01,2026-01-06 08:50:01,2026-01-06 08:50:01,2026-01-06 08:50:01" }, "geometry": { "type": "Polygon", "coordinates": [ [ [ -75.32261, 45.76188 ], [ -75.32264, 45.76707 ], [ -75.32909, 45.76965 ], [ -75.3355, 45.76704 ], [ -75.33547, 45.76184 ], [ -75.32903, 45.75926 ], [ -75.32261, 45.76188 ] ] ] } },
{ "type": "Feature", "properties": { "hex_id": 406657, "centroid_lon": -75.329148149157035, "centroid_lat": 45.780045188625657, "hours_count": 12.0, "datetimes_affected": "2026-01-06 08:50:01,2026-01-06 08:50:01,2026-01-06 08:50:01,2026-01-06 08:50:01,2026-01-06 08:50:01,2026-01-06 08:50:01" }, "geometry": { "type": "Polygon", "coordinates": [ [ [ -75.3227, 45.77747 ], [ -75.32273, 45.78266 ], [ -75.32918, 45.78524 ], [ -75.3356, 45.78262 ], [ -75.33556, 45.77743 ], [ -75.32912, 45.77485 ], [ -75.3227, 45.77747 ] ] ] } },
{ "type": "Feature", "properties": { "hex_id": 407267, "centroid_lon": -75.322671478527894, "centroid_lat": 45.772268825820525, "hours_count": 12.0, "datetimes_affected": "2026-01-06 08:50:01,2026-01-06 08:50:01,2026-01-06 08:50:01,2026-01-06 08:50:01,2026-01-06 08:50:01,2026-01-06 08:50:01" }, "geometry": { "type": "Polygon", "coordinates": [ [ [ -75.31623, 45.76969 ], [ -75.31626, 45.77488 ], [ -75.3227, 45.77747 ], [ -75.32912, 45.77485 ], [ -75.32909, 45.76965 ], [ -75.32264, 45.76707 ], [ -75.31623, 45.76969 ] ] ] } },
{ "type": "Feature", "properties": { "hex_id": 425621, "centroid_lon": -75.131177419992397, "centroid_lat": 46.380614123303701, "hours_count": 18.0, "datetimes_affected": "2026-01-05 03:50:57,2026-01-05 03:50:57,2026-01-05 03:50:57,2026-01-05 03:50:57,2026-01-05 03:50:57,2026-01-05 03:50:57" }, "geometry": { "type": "Polygon", "coordinates": [ [ [ -75.12467, 46.37802 ], [ -75.12468, 46.38322 ], [ -75.13119, 46.38581 ], [ -75.13769, 46.3832 ], [ -75.13767, 46.37801 ], [ -75.13116, 46.37542 ], [ -75.12467, 46.37802 ] ] ] } },
{ "type": "Feature", "properties": { "hex_id": 426231, "centroid_lon": -75.124657720216348, "centroid_lat": 46.372827404176284, "hours_count": 18.0, "datetimes_affected": "2026-01-05 03:50:57,2026-01-05 03:50:57,2026-01-05 03:50:57,2026-01-05 03:50:57,2026-01-05 03:50:57,2026-01-05 03:50:57" }, "geometry": { "type": "Polygon", "coordinates": [ [ [ -75.11815, 46.37024 ], [ -75.11816, 46.37543 ], [ -75.12467, 46.37802 ], [ -75.13116, 46.37542 ], [ -75.13115, 46.37022 ], [ -75.12465, 46.36763 ], [ -75.11815, 46.37024 ] ] ] } },
{ "type": "Feature", "properties": { "hex_id": 426232, "centroid_lon": -75.124693201224929, "centroid_lat": 46.388415378609153, "hours_count": 18.0, "datetimes_affected": "2026-01-05 03:50:57,2026-01-05 03:50:57,2026-01-05 03:50:57,2026-01-05 03:50:57,2026-01-05 03:50:57,2026-01-05 03:50:57" }, "geometry": { "type": "Polygon", "coordinates": [ [ [ -75.11818, 46.38582 ], [ -75.1182, 46.39102 ], [ -75.12471, 46.39361 ], [ -75.1312, 46.39101 ], [ -75.13119, 46.38581 ], [ -75.12468, 46.38322 ], [ -75.11818, 46.38582 ] ] ] } },
{ "type": "Feature", "properties": { "hex_id": 426233, "centroid_lon": -75.124728711642163, "centroid_lat": 46.404003310336215, "hours_count": 18.0, "datetimes_affected": "2026-01-05 03:50:57,2026-01-05 03:50:57,2026-01-05 03:50:57,2026-01-05 03:50:57,2026-01-05 03:50:57,2026-01-05 03:50:57" }, "geometry": { "type": "Polygon", "coordinates": [ [ [ -75.11822, 46.40141 ], [ -75.11823, 46.40661 ], [ -75.12474, 46.4092 ], [ -75.13124, 46.40659 ], [ -75.13123, 46.4014 ], [ -75.12472, 46.39881 ], [ -75.11822, 46.40141 ] ] ] } },
{ "type": "Feature", "properties": { "hex_id": 426841, "centroid_lon": -75.118139874932908, "centroid_lat": 46.365040300961063, "hours_count": 18.0, "datetimes_affected": "2026-01-05 03:50:57,2026-01-05 03:50:57,2026-01-05 03:50:57,2026-01-05 03:50:57,2026-01-05 03:50:57,2026-01-05 03:50:57" }, "geometry": { "type": "Polygon", "coordinates": [ [ [ -75.11163, 46.36245 ], [ -75.11164, 46.36764 ], [ -75.11815, 46.37024 ], [ -75.12465, 46.36763 ], [ -75.12463, 46.36244 ], [ -75.11813, 46.35984 ], [ -75.11163, 46.36245 ] ] ] } },
{ "type": "Feature", "properties": { "hex_id": 426842, "centroid_lon": -75.118173491651035, "centroid_lat": 46.380628300481902, "hours_count": 18.0, "datetimes_affected": "2026-01-05 03:50:57,2026-01-05 03:50:57,2026-01-05 03:50:57,2026-01-05 03:50:57,2026-01-05 03:50:57,2026-01-05 03:50:57" }, "geometry": { "type": "Polygon", "coordinates": [ [ [ -75.11167, 46.37804 ], [ -75.11168, 46.38323 ], [ -75.11818, 46.38582 ], [ -75.12468, 46.38322 ], [ -75.12467, 46.37802 ], [ -75.11816, 46.37543 ], [ -75.11167, 46.37804 ] ] ] } },
{ "type": "Feature", "properties": { "hex_id": 426843, "centroid_lon": -75.118207136229771, "centroid_lat": 46.396216257298406, "hours_count": 18.0, "datetimes_affected": "2026-01-05 03:50:57,2026-01-05 03:50:57,2026-01-05 03:50:57,2026-01-05 03:50:57,2026-01-05 03:50:57,2026-01-05 03:50:57" }, "geometry": { "type": "Polygon", "coordinates": [ [ [ -75.1117, 46.39362 ], [ -75.11171, 46.39882 ], [ -75.11822, 46.40141 ], [ -75.12472, 46.39881 ], [ -75.12471, 46.39361 ], [ -75.1182, 46.39102 ], [ -75.1117, 46.39362 ] ] ] } },
{ "type": "Feature", "properties": { "hex_id": 426844, "centroid_lon": -75.118240808697863, "centroid_lat": 46.411804171411852, "hours_count": 18.0, "datetimes_affected": "2026-01-05 03:50:57,2026-01-05 03:50:57,2026-01-05 03:50:57,2026-01-05 03:50:57,2026-01-05 03:50:57,2026-01-05 03:50:57" }, "geometry": { "type": "Polygon", "coordinates": [ [ [ -75.11173, 46.40921 ], [ -75.11174, 46.41441 ], [ -75.11825, 46.417 ], [ -75.12475, 46.4144 ], [ -75.12474, 46.4092 ], [ -75.11823, 46.40661 ], [ -75.11173, 46.40921 ] ] ] } },
{ "type": "Feature", "properties": { "hex_id": 426845, "centroid_lon": -75.118274509084088, "centroid_lat": 46.427392042823456, "hours_count": 18.0, "datetimes_affected": "2026-01-05 03:50:57,2026-01-05 03:50:57,2026-01-05 03:50:57,2026-01-05 03:50:57,2026-01-05 03:50:57,2026-01-05 03:50:57" }, "geometry": { "type": "Polygon", "coordinates": [ [ [ -75.11176, 46.4248 ], [ -75.11177, 46.43 ], [ -75.11829, 46.43259 ], [ -75.12479, 46.42998 ], [ -75.12478, 46.42479 ], [ -75.11826, 46.4222 ], [ -75.11176, 46.4248 ] ] ] } },
{ "type": "Feature", "properties": { "hex_id": 427451, "centroid_lon": -75.111623883120984, "centroid_lat": 46.357252813959064, "hours_count": 18.0, "datetimes_affected": "2026-01-05 03:50:57,2026-01-05 03:50:57,2026-01-05 03:50:57,2026-01-05 03:50:57,2026-01-05 03:50:57,2026-01-05 03:50:57" }, "geometry": { "type": "Polygon", "coordinates": [ [ [ -75.10512, 46.35466 ], [ -75.10513, 46.35986 ], [ -75.11163, 46.36245 ], [ -75.11813, 46.35984 ], [ -75.11812, 46.35465 ], [ -75.11161, 46.35206 ], [ -75.10512, 46.35466 ] ] ] } },
{ "type": "Feature", "properties": { "hex_id": 427452, "centroid_lon": -75.111655637085519, "centroid_lat": 46.37284083836618, "hours_count": 18.0, "datetimes_affected": "2026-01-05 03:50:57,2026-01-05 03:50:57,2026-01-05 03:50:57,2026-01-05 03:50:57,2026-01-05 03:50:57,2026-01-05 03:50:57" }, "geometry": { "type": "Polygon", "coordinates": [ [ [ -75.10515, 46.37025 ], [ -75.10516, 46.37544 ], [ -75.11167, 46.37804 ], [ -75.11816, 46.37543 ], [ -75.11815, 46.37024 ], [ -75.11164, 46.36764 ], [ -75.10515, 46.37025 ] ] ] } },
{ "type": "Feature", "properties": { "hex_id": 427453, "centroid_lon": -75.111687417364223, "centroid_lat": 46.38842882007031, "hours_count": 18.0, "datetimes_affected": "2026-01-05 03:50:57,2026-01-05 03:50:57,2026-01-05 03:50:57,2026-01-05 03:50:57,2026-01-05 03:50:57,2026-01-05 03:50:57" }, "geometry": { "type": "Polygon", "coordinates": [ [ [ -75.10518, 46.38584 ], [ -75.10519, 46.39103 ], [ -75.1117, 46.39362 ], [ -75.1182, 46.39102 ], [ -75.11818, 46.38582 ], [ -75.11168, 46.38323 ], [ -75.10518, 46.38584 ] ] ] } },
{ "type": "Feature", "properties": { "hex_id": 427454, "centroid_lon": -75.111719223984224, "centroid_lat": 46.404016759072739, "hours_count": 18.0, "datetimes_affected": "2026-01-05 03:50:57,2026-01-05 03:50:57,2026-01-05 03:50:57,2026-01-05 03:50:57,2026-01-05 03:50:57,2026-01-05 03:50:57" }, "geometry": { "type": "Polygon", "coordinates": [ [ [ -75.10521, 46.40142 ], [ -75.10522, 46.40662 ], [ -75.11173, 46.40921 ], [ -75.11823, 46.40661 ], [ -75.11822, 46.40141 ], [ -75.11171, 46.39882 ], [ -75.10521, 46.40142 ] ] ] } },
{ "type": "Feature", "properties": { "hex_id": 427455, "centroid_lon": -75.111751056972707, "centroid_lat": 46.419604655374712, "hours_count": 18.0, "datetimes_affected": "2026-01-05 03:50:57,2026-01-05 03:50:57,2026-01-05 03:50:57,2026-01-05 03:50:57,2026-01-05 03:50:57,2026-01-05 03:50:57" }, "geometry": { "type": "Polygon", "coordinates": [ [ [ -75.10524, 46.41701 ], [ -75.10525, 46.42221 ], [ -75.11176, 46.4248 ], [ -75.11826, 46.4222 ], [ -75.11825, 46.417 ], [ -75.11174, 46.41441 ], [ -75.10524, 46.41701 ] ] ] } },
{ "type": "Feature", "properties": { "hex_id": 427456, "centroid_lon": -75.111782916356887, "centroid_lat": 46.435192508977522, "hours_count": 18.0, "datetimes_affected": "2026-01-05 03:50:57,2026-01-05 03:50:57,2026-01-05 03:50:57,2026-01-05 03:50:57,2026-01-05 03:50:57,2026-01-05 03:50:57" }, "geometry": { "type": "Polygon", "coordinates": [ [ [ -75.10527, 46.4326 ], [ -75.10528, 46.4378 ], [ -75.11179, 46.44039 ], [ -75.1183, 46.43778 ], [ -75.11829, 46.43259 ], [ -75.11177, 46.43 ], [ -75.10527, 46.4326 ] ] ] } },
{ "type": "Feature", "properties": { "hex_id": 428061, "centroid_lon": -75.10510974375994, "centroid_lat": 46.349464943471105, "hours_count": 18.0, "datetimes_affected": "2026-01-05 03:50:57,2026-01-05 03:50:57,2026-01-05 03:50:57,2026-01-05 03:50:57,2026-01-05 03:50:57,2026-01-05 03:50:57" }, "geometry": { "type": "Polygon", "coordinates": [ [ [ -75.09861, 46.34687 ], [ -75.09862, 46.35207 ], [ -75.10512, 46.35466 ], [ -75.11161, 46.35206 ], [ -75.1116, 46.34686 ], [ -75.1051, 46.34427 ], [ -75.09861, 46.34687 ] ] ] } },
{ "type": "Feature", "properties": { "hex_id": 428062, "centroid_lon": -75.105139636506706, "centroid_lat": 46.36505299256293, "hours_count": 18.0, "datetimes_affected": "2026-01-05 03:50:57,2026-01-05 03:50:57,2026-01-05 03:50:57,2026-01-05 03:50:57,2026-01-05 03:50:57,2026-01-05 03:50:57" }, "geometry": { "type": "Polygon", "coordinates": [ [ [ -75.09863, 46.36246 ], [ -75.09864, 46.36766 ], [ -75.10515, 46.37025 ], [ -75.11164, 46.36764 ], [ -75.11163, 46.36245 ], [ -75.10513, 46.35986 ], [ -75.09863, 46.36246 ] ] ] } },
{ "type": "Feature", "properties": { "hex_id": 428063, "centroid_lon": -75.105169554022794, "centroid_lat": 46.380640998953034, "hours_count": 18.0, "datetimes_affected": "2026-01-05 03:50:57,2026-01-05 03:50:57,2026-01-05 03:50:57,2026-01-05 03:50:57,2026-01-05 03:50:57,2026-01-05 03:50:57" }, "geometry": { "type": "Polygon", "coordinates": [ [ [ -75.09866, 46.37805 ], [ -75.09867, 46.38324 ], [ -75.10518, 46.38584 ], [ -75.11168, 46.38323 ], [ -75.11167, 46.37804 ], [ -75.10516, 46.37544 ], [ -75.09866, 46.37805 ] ] ] } },
{ "type": "Feature", "properties": { "hex_id": 428064, "centroid_lon": -75.105199496333711, "centroid_lat": 46.396228962642681, "hours_count": 18.0, "datetimes_affected": "2026-01-05 03:50:57,2026-01-05 03:50:57,2026-01-05 03:50:57,2026-01-05 03:50:57,2026-01-05 03:50:57,2026-01-05 03:50:57" }, "geometry": { "type": "Polygon", "coordinates": [ [ [ -75.09869, 46.39364 ], [ -75.0987, 46.39883 ], [ -75.10521, 46.40142 ], [ -75.11171, 46.39882 ], [ -75.1117, 46.39362 ], [ -75.10519, 46.39103 ], [ -75.09869, 46.39364 ] ] ] } },
{ "type": "Feature", "properties": { "hex_id": 428065, "centroid_lon": -75.105229463465037, "centroid_lat": 46.411816883633151, "hours_count": 18.0, "datetimes_affected": "2026-01-05 03:50:57,2026-01-05 03:50:57,2026-01-05 03:50:57,2026-01-05 03:50:57,2026-01-05 03:50:57,2026-01-05 03:50:57" }, "geometry": { "type": "Polygon", "coordinates": [ [ [ -75.09872, 46.40922 ], [ -75.09873, 46.41442 ], [ -75.10524, 46.41701 ], [ -75.11174, 46.41441 ], [ -75.11173, 46.40921 ], [ -75.10522, 46.40662 ], [ -75.09872, 46.40922 ] ] ] } },
{ "type": "Feature", "properties": { "hex_id": 428066, "centroid_lon": -75.105259455442379, "centroid_lat": 46.427404761925679, "hours_count": 18.0, "datetimes_affected": "2026-01-05 03:50:57,2026-01-05 03:50:57,2026-01-05 03:50:57,2026-01-05 03:50:57,2026-01-05 03:50:57,2026-01-05 03:50:57" }, "geometry": { "type": "Polygon", "coordinates": [ [ [ -75.09875, 46.42481 ], [ -75.09876, 46.43001 ], [ -75.10527, 46.4326 ], [ -75.11177, 46.43 ], [ -75.11176, 46.4248 ], [ -75.10525, 46.42221 ], [ -75.09875, 46.42481 ] ] ] } },
{ "type": "Feature", "properties": { "hex_id": 428067, "centroid_lon": -75.105289472291417, "centroid_lat": 46.442992597521581, "hours_count": 36.0, "datetimes_affected": "2026-01-05 00:50:46,2026-01-05 00:50:46,2026-01-05 00:50:46,2026-01-05 00:50:46,2026-01-05 00:50:46,2026-01-05 00:50:46" }, "geometry": { "type": "Polygon", "coordinates": [ [ [ -75.09878, 46.4404 ], [ -75.09878, 46.4456 ], [ -75.1053, 46.44819 ], [ -75.1118, 46.44558 ], [ -75.11179, 46.44039 ], [ -75.10528, 46.4378 ], [ -75.09878, 46.4404 ] ] ] } },
{ "type": "Feature", "properties": { "hex_id": 428671, "centroid_lon": -75.098597455829676, "centroid_lat": 46.3416766897979, "hours_count": 18.0, "datetimes_affected": "2026-01-05 03:50:57,2026-01-05 03:50:57,2026-01-05 03:50:57,2026-01-05 03:50:57,2026-01-05 03:50:57,2026-01-05 03:50:57" }, "geometry": { "type": "Polygon", "coordinates": [ [ [ -75.0921, 46.33908 ], [ -75.0921, 46.34428 ], [ -75.09861, 46.34687 ], [ -75.1051, 46.34427 ], [ -75.10509, 46.33907 ], [ -75.09859, 46.33648 ], [ -75.0921, 46.33908 ] ] ] } },
{ "type": "Feature", "properties": { "hex_id": 428672, "centroid_lon": -75.098625488893489, "centroid_lat": 46.357264763373081, "hours_count": 18.0, "datetimes_affected": "2026-01-05 03:50:57,2026-01-05 03:50:57,2026-01-05 03:50:57,2026-01-05 03:50:57,2026-01-05 03:50:57,2026-01-05 03:50:57" }, "geometry": { "type": "Polygon", "coordinates": [ [ [ -75.09212, 46.35467 ], [ -75.09213, 46.35987 ], [ -75.09863, 46.36246 ], [ -75.10513, 46.35986 ], [ -75.10512, 46.35466 ], [ -75.09862, 46.35207 ], [ -75.09212, 46.35467 ] ] ] } },
{ "type": "Feature", "properties": { "hex_id": 428673, "centroid_lon": -75.098653545183311, "centroid_lat": 46.37285279424767, "hours_count": 18.0, "datetimes_affected": "2026-01-05 03:50:57,2026-01-05 03:50:57,2026-01-05 03:50:57,2026-01-05 03:50:57,2026-01-05 03:50:57,2026-01-05 03:50:57" }, "geometry": { "type": "Polygon", "coordinates": [ [ [ -75.09215, 46.37026 ], [ -75.09216, 46.37546 ], [ -75.09866, 46.37805 ], [ -75.10516, 46.37544 ], [ -75.10515, 46.37025 ], [ -75.09864, 46.36766 ], [ -75.09215, 46.37026 ] ] ] } },
{ "type": "Feature", "properties": { "hex_id": 428674, "centroid_lon": -75.098681624723071, "centroid_lat": 46.388440782422933, "hours_count": 18.0, "datetimes_affected": "2026-01-05 03:50:57,2026-01-05 03:50:57,2026-01-05 03:50:57,2026-01-05 03:50:57,2026-01-05 03:50:57,2026-01-05 03:50:57" }, "geometry": { "type": "Polygon", "coordinates": [ [ [ -75.09217, 46.38585 ], [ -75.09218, 46.39104 ], [ -75.09869, 46.39364 ], [ -75.10519, 46.39103 ], [ -75.10518, 46.38584 ], [ -75.09867, 46.38324 ], [ -75.09217, 46.38585 ] ] ] } },
{ "type": "Feature", "properties": { "hex_id": 428675, "centroid_lon": -75.098709727536786, "centroid_lat": 46.404028727900155, "hours_count": 18.0, "datetimes_affected": "2026-01-05 03:50:57,2026-01-05 03:50:57,2026-01-05 03:50:57,2026-01-05 03:50:57,2026-01-05 03:50:57,2026-01-05 03:50:57" }, "geometry": { "type": "Polygon", "coordinates": [ [ [ -75.0922, 46.40144 ], [ -75.09221, 46.40663 ], [ -75.09872, 46.40922 ], [ -75.10522, 46.40662 ], [ -75.10521, 46.40142 ], [ -75.0987, 46.39883 ], [ -75.0922, 46.40144 ] ] ] } },
{ "type": "Feature", "properties": { "hex_id": 428676, "centroid_lon": -75.098737853648444, "centroid_lat": 46.419616630680565, "hours_count": 36.0, "datetimes_affected": "2026-01-05 00:50:46,2026-01-05 00:50:46,2026-01-05 00:50:46,2026-01-05 00:50:46,2026-01-05 00:50:46,2026-01-05 00:50:46" }, "geometry": { "type": "Polygon", "coordinates": [ [ [ -75.09223, 46.41702 ], [ -75.09224, 46.42222 ], [ -75.09875, 46.42481 ], [ -75.10525, 46.42221 ], [ -75.10524, 46.41701 ], [ -75.09873, 46.41442 ], [ -75.09223, 46.41702 ] ] ] } },
{ "type": "Feature", "properties": { "hex_id": 428677, "centroid_lon": -75.098766003082076, "centroid_lat": 46.435204490765514, "hours_count": 36.0, "datetimes_affected": "2026-01-05 00:50:46,2026-01-05 00:50:46,2026-01-05 00:50:46,2026-01-05 00:50:46,2026-01-05 00:50:46,2026-01-05 00:50:46" }, "geometry": { "type": "Polygon", "coordinates": [ [ [ -75.09225, 46.43261 ], [ -75.09226, 46.43781 ], [ -75.09878, 46.4404 ], [ -75.10528, 46.4378 ], [ -75.10527, 46.4326 ], [ -75.09876, 46.43001 ], [ -75.09225, 46.43261 ] ] ] } },
{ "type": "Feature", "properties": { "hex_id": 428678, "centroid_lon": -75.098794175861784, "centroid_lat": 46.450792308156245, "hours_count": 36.0, "datetimes_affected": "2026-01-05 00:50:46,2026-01-05 00:50:46,2026-01-05 00:50:46,2026-01-05 00:50:46,2026-01-05 00:50:46,2026-01-05 00:50:46" }, "geometry": { "type": "Polygon", "coordinates": [ [ [ -75.09228, 46.4482 ], [ -75.09229, 46.4534 ], [ -75.0988, 46.45599 ], [ -75.10531, 46.45338 ], [ -75.1053, 46.44819 ], [ -75.09878, 46.4456 ], [ -75.09228, 46.4482 ] ] ] } },
{ "type": "Feature", "properties": { "hex_id": 429282, "centroid_lon": -75.092113193225217, "centroid_lat": 46.349476151097292, "hours_count": 18.0, "datetimes_affected": "2026-01-05 03:50:57,2026-01-05 03:50:57,2026-01-05 03:50:57,2026-01-05 03:50:57,2026-01-05 03:50:57,2026-01-05 03:50:57" }, "geometry": { "type": "Polygon", "coordinates": [ [ [ -75.08561, 46.34688 ], [ -75.08562, 46.35208 ], [ -75.09212, 46.35467 ], [ -75.09862, 46.35207 ], [ -75.09861, 46.34687 ], [ -75.0921, 46.34428 ], [ -75.08561, 46.34688 ] ] ] } },
{ "type": "Feature", "properties": { "hex_id": 429283, "centroid_lon": -75.092139389824084, "centroid_lat": 46.365064206255056, "hours_count": 18.0, "datetimes_affected": "2026-01-05 03:50:57,2026-01-05 03:50:57,2026-01-05 03:50:57,2026-01-05 03:50:57,2026-01-05 03:50:57,2026-01-05 03:50:57" }, "geometry": { "type": "Polygon", "coordinates": [ [ [ -75.08564, 46.36247 ], [ -75.08564, 46.36767 ], [ -75.09215, 46.37026 ], [ -75.09864, 46.36766 ], [ -75.09863, 46.36246 ], [ -75.09213, 46.35987 ], [ -75.08564, 46.36247 ] ] ] } },
{ "type": "Feature", "properties": { "hex_id": 429284, "centroid_lon": -75.092165608129605, "centroid_lat": 46.380652218714502, "hours_count": 18.0, "datetimes_affected": "2026-01-05 03:50:57,2026-01-05 03:50:57,2026-01-05 03:50:57,2026-01-05 03:50:57,2026-01-05 03:50:57,2026-01-05 03:50:57" }, "geometry": { "type": "Polygon", "coordinates": [ [ [ -75.08566, 46.37806 ], [ -75.08567, 46.38326 ], [ -75.09217, 46.38585 ], [ -75.09867, 46.38324 ], [ -75.09866, 46.37805 ], [ -75.09216, 46.37546 ], [ -75.08566, 46.37806 ] ] ] } },
{ "type": "Feature", "properties": { "hex_id": 429285, "centroid_lon": -75.092191848164177, "centroid_lat": 46.396240188476938, "hours_count": 18.0, "datetimes_affected": "2026-01-05 03:50:57,2026-01-05 03:50:57,2026-01-05 03:50:57,2026-01-05 03:50:57,2026-01-05 03:50:57,2026-01-05 03:50:57" }, "geometry": { "type": "Polygon", "coordinates": [ [ [ -75.08568, 46.39365 ], [ -75.08569, 46.39884 ], [ -75.0922, 46.40144 ], [ -75.0987, 46.39883 ], [ -75.09869, 46.39364 ], [ -75.09218, 46.39104 ], [ -75.08568, 46.39365 ] ] ] } },
{ "type": "Feature", "properties": { "hex_id": 429286, "centroid_lon": -75.092218109950196, "centroid_lat": 46.411828115543621, "hours_count": 36.0, "datetimes_affected": "2026-01-05 00:50:46,2026-01-05 00:50:46,2026-01-05 00:50:46,2026-01-05 00:50:46,2026-01-05 00:50:46,2026-01-05 00:50:46" }, "geometry": { "type": "Polygon", "coordinates": [ [ [ -75.08571, 46.40924 ], [ -75.08572, 46.41443 ], [ -75.09223, 46.41702 ], [ -75.09873, 46.41442 ], [ -75.09872, 46.40922 ], [ -75.09221, 46.40663 ], [ -75.08571, 46.40924 ] ] ] } },
{ "type": "Feature", "properties": { "hex_id": 429287, "centroid_lon": -75.092244393510114, "centroid_lat": 46.427415999915794, "hours_count": 36.0, "datetimes_affected": "2026-01-05 00:50:46,2026-01-05 00:50:46,2026-01-05 00:50:46,2026-01-05 00:50:46,2026-01-05 00:50:46,2026-01-05 00:50:46" }, "geometry": { "type": "Polygon", "coordinates": [ [ [ -75.08573, 46.42482 ], [ -75.08574, 46.43002 ], [ -75.09225, 46.43261 ], [ -75.09876, 46.43001 ], [ -75.09875, 46.42481 ], [ -75.09224, 46.42222 ], [ -75.08573, 46.42482 ] ] ] } },
{ "type": "Feature", "properties": { "hex_id": 429288, "centroid_lon": -75.092270698866415, "centroid_lat": 46.443003841594795, "hours_count": 36.0, "datetimes_affected": "2026-01-05 00:50:46,2026-01-05 00:50:46,2026-01-05 00:50:46,2026-01-05 00:50:46,2026-01-05 00:50:46,2026-01-05 00:50:46" }, "geometry": { "type": "Polygon", "coordinates": [ [ [ -75.08576, 46.44041 ], [ -75.08577, 46.44561 ], [ -75.09228, 46.4482 ], [ -75.09878, 46.4456 ], [ -75.09878, 46.4404 ], [ -75.09226, 46.43781 ], [ -75.08576, 46.44041 ] ] ] } },
{ "type": "Feature", "properties": { "hex_id": 429892, "centroid_lon": -75.085602748481818, "centroid_lat": 46.341687156036173, "hours_count": 18.0, "datetimes_affected": "2026-01-05 03:50:57,2026-01-05 03:50:57,2026-01-05 03:50:57,2026-01-05 03:50:57,2026-01-05 03:50:57,2026-01-05 03:50:57" }, "geometry": { "type": "Polygon", "coordinates": [ [ [ -75.0791, 46.33909 ], [ -75.07911, 46.34429 ], [ -75.08561, 46.34688 ], [ -75.0921, 46.34428 ], [ -75.0921, 46.33908 ], [ -75.08559, 46.33649 ], [ -75.0791, 46.33909 ] ] ] } },
{ "type": "Feature", "properties": { "hex_id": 429893, "centroid_lon": -75.085627086923978, "centroid_lat": 46.357275235275949, "hours_count": 18.0, "datetimes_affected": "2026-01-05 03:50:57,2026-01-05 03:50:57,2026-01-05 03:50:57,2026-01-05 03:50:57,2026-01-05 03:50:57,2026-01-05 03:50:57" }, "geometry": { "type": "Polygon", "coordinates": [ [ [ -75.07912, 46.35468 ], [ -75.07913, 46.35988 ], [ -75.08564, 46.36247 ], [ -75.09213, 46.35987 ], [ -75.09212, 46.35467 ], [ -75.08562, 46.35208 ], [ -75.07912, 46.35468 ] ] ] } },
{ "type": "Feature", "properties": { "hex_id": 429894, "centroid_lon": -75.085651445531113, "centroid_lat": 46.372863271818339, "hours_count": 18.0, "datetimes_affected": "2026-01-05 03:50:57,2026-01-05 03:50:57,2026-01-05 03:50:57,2026-01-05 03:50:57,2026-01-05 03:50:57,2026-01-05 03:50:57" }, "geometry": { "type": "Polygon", "coordinates": [ [ [ -75.07915, 46.37027 ], [ -75.07915, 46.37547 ], [ -75.08566, 46.37806 ], [ -75.09216, 46.37546 ], [ -75.09215, 46.37026 ], [ -75.08564, 46.36767 ], [ -75.07915, 46.37027 ] ] ] } },
{ "type": "Feature", "properties": { "hex_id": 429895, "centroid_lon": -75.085675824323957, "centroid_lat": 46.388451265664607, "hours_count": 36.0, "datetimes_affected": "2026-01-05 00:50:46,2026-01-05 00:50:46,2026-01-05 00:50:46,2026-01-05 00:50:46,2026-01-05 00:50:46,2026-01-05 00:50:46" }, "geometry": { "type": "Polygon", "coordinates": [ [ [ -75.07917, 46.38586 ], [ -75.07918, 46.39105 ], [ -75.08568, 46.39365 ], [ -75.09218, 46.39104 ], [ -75.09217, 46.38585 ], [ -75.08567, 46.38326 ], [ -75.07917, 46.38586 ] ] ] } },
{ "type": "Feature", "properties": { "hex_id": 429896, "centroid_lon": -75.085700223323371, "centroid_lat": 46.404039216816024, "hours_count": 36.0, "datetimes_affected": "2026-01-05 00:50:46,2026-01-05 00:50:46,2026-01-05 00:50:46,2026-01-05 00:50:46,2026-01-05 00:50:46,2026-01-05 00:50:46" }, "geometry": { "type": "Polygon", "coordinates": [ [ [ -75.07919, 46.40145 ], [ -75.0792, 46.40664 ], [ -75.08571, 46.40924 ], [ -75.09221, 46.40663 ], [ -75.0922, 46.40144 ], [ -75.08569, 46.39884 ], [ -75.07919, 46.40145 ] ] ] } },
{ "type": "Feature", "properties": { "hex_id": 429897, "centroid_lon": -75.085724642550176, "centroid_lat": 46.419627125273863, "hours_count": 36.0, "datetimes_affected": "2026-01-05 00:50:46,2026-01-05 00:50:46,2026-01-05 00:50:46,2026-01-05 00:50:46,2026-01-05 00:50:46,2026-01-05 00:50:46" }, "geometry": { "type": "Polygon", "coordinates": [ [ [ -75.07921, 46.41703 ], [ -75.07922, 46.42223 ], [ -75.08573, 46.42482 ], [ -75.09224, 46.42222 ], [ -75.09223, 46.41702 ], [ -75.08572, 46.41443 ], [ -75.07921, 46.41703 ] ] ] } },
{ "type": "Feature", "properties": { "hex_id": 429898, "centroid_lon": -75.085749082025259, "centroid_lat": 46.43521499103943, "hours_count": 36.0, "datetimes_affected": "2026-01-05 00:50:46,2026-01-05 00:50:46,2026-01-05 00:50:46,2026-01-05 00:50:46,2026-01-05 00:50:46,2026-01-05 00:50:46" }, "geometry": { "type": "Polygon", "coordinates": [ [ [ -75.07924, 46.43262 ], [ -75.07924, 46.43782 ], [ -75.08576, 46.44041 ], [ -75.09226, 46.43781 ], [ -75.09225, 46.43261 ], [ -75.08574, 46.43002 ], [ -75.07924, 46.43262 ] ] ] } },
{ "type": "Feature", "properties": { "hex_id": 429899, "centroid_lon": -75.085773541769512, "centroid_lat": 46.450802814113999, "hours_count": 24.0, "datetimes_affected": "2026-01-05 00:50:46,2026-01-05 00:50:46,2026-01-05 00:50:46,2026-01-05 00:50:46,2026-01-05 00:50:46,2026-01-05 00:50:46" }, "geometry": { "type": "Polygon", "coordinates": [ [ [ -75.07926, 46.44821 ], [ -75.07927, 46.45341 ], [ -75.08578, 46.456 ], [ -75.09229, 46.4534 ], [ -75.09228, 46.4482 ], [ -75.08577, 46.44561 ], [ -75.07926, 46.44821 ] ] ] } },
{ "type": "Feature", "properties": { "hex_id": 430502, "centroid_lon": -75.079094153643709, "centroid_lat": 46.333897778490133, "hours_count": 18.0, "datetimes_affected": "2026-01-05 03:50:57,2026-01-05 03:50:57,2026-01-05 03:50:57,2026-01-05 03:50:57,2026-01-05 03:50:57,2026-01-05 03:50:57" }, "geometry": { "type": "Polygon", "coordinates": [ [ [ -75.07259, 46.3313 ], [ -75.0726, 46.3365 ], [ -75.0791, 46.33909 ], [ -75.08559, 46.33649 ], [ -75.08559, 46.3313 ], [ -75.07909, 46.3287 ], [ -75.07259, 46.3313 ] ] ] } },
{ "type": "Feature", "properties": { "hex_id": 430503, "centroid_lon": -75.079116635462398, "centroid_lat": 46.349485881610924, "hours_count": 18.0, "datetimes_affected": "2026-01-05 03:50:57,2026-01-05 03:50:57,2026-01-05 03:50:57,2026-01-05 03:50:57,2026-01-05 03:50:57,2026-01-05 03:50:57" }, "geometry": { "type": "Polygon", "coordinates": [ [ [ -75.07261, 46.34689 ], [ -75.07262, 46.35209 ], [ -75.07912, 46.35468 ], [ -75.08562, 46.35208 ], [ -75.08561, 46.34688 ], [ -75.07911, 46.34429 ], [ -75.07261, 46.34689 ] ] ] } },
{ "type": "Feature", "properties": { "hex_id": 430504, "centroid_lon": -75.079139135905891, "centroid_lat": 46.365073942035153, "hours_count": 18.0, "datetimes_affected": "2026-01-05 03:50:57,2026-01-05 03:50:57,2026-01-05 03:50:57,2026-01-05 03:50:57,2026-01-05 03:50:57,2026-01-05 03:50:57" }, "geometry": { "type": "Polygon", "coordinates": [ [ [ -75.07264, 46.36248 ], [ -75.07264, 46.36768 ], [ -75.07915, 46.37027 ], [ -75.08564, 46.36767 ], [ -75.08564, 46.36247 ], [ -75.07913, 46.35988 ], [ -75.07264, 46.36248 ] ] ] } },
{ "type": "Feature", "properties": { "hex_id": 430505, "centroid_lon": -75.079161654993413, "centroid_lat": 46.380661959764041, "hours_count": 36.0, "datetimes_affected": "2026-01-05 00:50:46,2026-01-05 00:50:46,2026-01-05 00:50:46,2026-01-05 00:50:46,2026-01-05 00:50:46,2026-01-05 00:50:46" }, "geometry": { "type": "Polygon", "coordinates": [ [ [ -75.07266, 46.37807 ], [ -75.07266, 46.38326 ], [ -75.07917, 46.38586 ], [ -75.08567, 46.38326 ], [ -75.08566, 46.37806 ], [ -75.07915, 46.37547 ], [ -75.07266, 46.37807 ] ] ] } },
{ "type": "Feature", "properties": { "hex_id": 430506, "centroid_lon": -75.079184192744165, "centroid_lat": 46.396249934798888, "hours_count": 36.0, "datetimes_affected": "2026-01-05 00:50:46,2026-01-05 00:50:46,2026-01-05 00:50:46,2026-01-05 00:50:46,2026-01-05 00:50:46,2026-01-05 00:50:46" }, "geometry": { "type": "Polygon", "coordinates": [ [ [ -75.07268, 46.39366 ], [ -75.07268, 46.39885 ], [ -75.07919, 46.40145 ], [ -75.08569, 46.39884 ], [ -75.08568, 46.39365 ], [ -75.07918, 46.39105 ], [ -75.07268, 46.39366 ] ] ] } },
{ "type": "Feature", "properties": { "hex_id": 430507, "centroid_lon": -75.079206749177388, "centroid_lat": 46.411837867140974, "hours_count": 36.0, "datetimes_affected": "2026-01-05 00:50:46,2026-01-05 00:50:46,2026-01-05 00:50:46,2026-01-05 00:50:46,2026-01-05 00:50:46,2026-01-05 00:50:46" }, "geometry": { "type": "Polygon", "coordinates": [ [ [ -75.0727, 46.40924 ], [ -75.0727, 46.41444 ], [ -75.07921, 46.41703 ], [ -75.08572, 46.41443 ], [ -75.08571, 46.40924 ], [ -75.0792, 46.40664 ], [ -75.0727, 46.40924 ] ] ] } },
{ "type": "Feature", "properties": { "hex_id": 430508, "centroid_lon": -75.079229324312379, "centroid_lat": 46.427425756791543, "hours_count": 36.0, "datetimes_affected": "2026-01-05 00:50:46,2026-01-05 00:50:46,2026-01-05 00:50:46,2026-01-05 00:50:46,2026-01-05 00:50:46,2026-01-05 00:50:46" }, "geometry": { "type": "Polygon", "coordinates": [ [ [ -75.07272, 46.42483 ], [ -75.07273, 46.43003 ], [ -75.07924, 46.43262 ], [ -75.08574, 46.43002 ], [ -75.08573, 46.42482 ], [ -75.07922, 46.42223 ], [ -75.07272, 46.42483 ] ] ] } },
{ "type": "Feature", "properties": { "hex_id": 430509, "centroid_lon": -75.079251918168467, "centroid_lat": 46.443013603751922, "hours_count": 36.0, "datetimes_affected": "2026-01-05 00:50:46,2026-01-05 00:50:46,2026-01-05 00:50:46,2026-01-05 00:50:46,2026-01-05 00:50:46,2026-01-05 00:50:46" }, "geometry": { "type": "Polygon", "coordinates": [ [ [ -75.07274, 46.44042 ], [ -75.07275, 46.44562 ], [ -75.07926, 46.44821 ], [ -75.08577, 46.44561 ], [ -75.08576, 46.44041 ], [ -75.07924, 46.43782 ], [ -75.07274, 46.44042 ] ] ] } },
{ "type": "Feature", "properties": { "hex_id": 431112, "centroid_lon": -75.072587407691856, "centroid_lat": 46.326108018759435, "hours_count": 18.0, "datetimes_affected": "2026-01-05 03:50:57,2026-01-05 03:50:57,2026-01-05 03:50:57,2026-01-05 03:50:57,2026-01-05 03:50:57,2026-01-05 03:50:57" }, "geometry": { "type": "Polygon", "coordinates": [ [ [ -75.06609, 46.32351 ], [ -75.0661, 46.32871 ], [ -75.07259, 46.3313 ], [ -75.07909, 46.3287 ], [ -75.07908, 46.32351 ], [ -75.07258, 46.32091 ], [ -75.06609, 46.32351 ] ] ] } },
{ "type": "Feature", "properties": { "hex_id": 431113, "centroid_lon": -75.072608034419218, "centroid_lat": 46.341696145560427, "hours_count": 18.0, "datetimes_affected": "2026-01-05 03:50:57,2026-01-05 03:50:57,2026-01-05 03:50:57,2026-01-05 03:50:57,2026-01-05 03:50:57,2026-01-05 03:50:57" }, "geometry": { "type": "Polygon", "coordinates": [ [ [ -75.06611, 46.3391 ], [ -75.06611, 46.3443 ], [ -75.07261, 46.34689 ], [ -75.07911, 46.34429 ], [ -75.0791, 46.33909 ], [ -75.0726, 46.3365 ], [ -75.06611, 46.3391 ] ] ] } },
{ "type": "Feature", "properties": { "hex_id": 431114, "centroid_lon": -75.072628678232832, "centroid_lat": 46.357284229665559, "hours_count": 36.0, "datetimes_affected": "2026-01-05 00:50:46,2026-01-05 00:50:46,2026-01-05 00:50:46,2026-01-05 00:50:46,2026-01-05 00:50:46,2026-01-05 00:50:46" }, "geometry": { "type": "Polygon", "coordinates": [ [ [ -75.06613, 46.35469 ], [ -75.06613, 46.35989 ], [ -75.07264, 46.36248 ], [ -75.07913, 46.35988 ], [ -75.07912, 46.35468 ], [ -75.07262, 46.35209 ], [ -75.06613, 46.35469 ] ] ] } },
{ "type": "Feature", "properties": { "hex_id": 431115, "centroid_lon": -75.072649339150331, "centroid_lat": 46.372872271076055, "hours_count": 36.0, "datetimes_affected": "2026-01-05 00:50:46,2026-01-05 00:50:46,2026-01-05 00:50:46,2026-01-05 00:50:46,2026-01-05 00:50:46,2026-01-05 00:50:46" }, "geometry": { "type": "Polygon", "coordinates": [ [ [ -75.06615, 46.37028 ], [ -75.06615, 46.37547 ], [ -75.07266, 46.37807 ], [ -75.07915, 46.37547 ], [ -75.07915, 46.37027 ], [ -75.07264, 46.36768 ], [ -75.06615, 46.37028 ] ] ] } },
{ "type": "Feature", "properties": { "hex_id": 431116, "centroid_lon": -75.072670017189324, "centroid_lat": 46.388460269793185, "hours_count": 36.0, "datetimes_affected": "2026-01-05 00:50:46,2026-01-05 00:50:46,2026-01-05 00:50:46,2026-01-05 00:50:46,2026-01-05 00:50:46,2026-01-05 00:50:46" }, "geometry": { "type": "Polygon", "coordinates": [ [ [ -75.06616, 46.38587 ], [ -75.06617, 46.39106 ], [ -75.07268, 46.39366 ], [ -75.07918, 46.39105 ], [ -75.07917, 46.38586 ], [ -75.07266, 46.38326 ], [ -75.06616, 46.38587 ] ] ] } },
{ "type": "Feature", "properties": { "hex_id": 431117, "centroid_lon": -75.072690712367489, "centroid_lat": 46.404048225818237, "hours_count": 36.0, "datetimes_affected": "2026-01-05 00:50:46,2026-01-05 00:50:46,2026-01-05 00:50:46,2026-01-05 00:50:46,2026-01-05 00:50:46,2026-01-05 00:50:46" }, "geometry": { "type": "Polygon", "coordinates": [ [ [ -75.06618, 46.40145 ], [ -75.06619, 46.40665 ], [ -75.0727, 46.40924 ], [ -75.0792, 46.40664 ], [ -75.07919, 46.40145 ], [ -75.07268, 46.39885 ], [ -75.06618, 46.40145 ] ] ] } },
{ "type": "Feature", "properties": { "hex_id": 431118, "centroid_lon": -75.072711424702476, "centroid_lat": 46.419636139152431, "hours_count": 36.0, "datetimes_affected": "2026-01-05 00:50:46,2026-01-05 00:50:46,2026-01-05 00:50:46,2026-01-05 00:50:46,2026-01-05 00:50:46,2026-01-05 00:50:46" }, "geometry": { "type": "Polygon", "coordinates": [ [ [ -75.0662, 46.41704 ], [ -75.06621, 46.42224 ], [ -75.07272, 46.42483 ], [ -75.07922, 46.42223 ], [ -75.07921, 46.41703 ], [ -75.0727, 46.41444 ], [ -75.0662, 46.41704 ] ] ] } },
{ "type": "Feature", "properties": { "hex_id": 431119, "centroid_lon": -75.072732154212034, "centroid_lat": 46.435224009797132, "hours_count": 36.0, "datetimes_affected": "2026-01-05 00:50:46,2026-01-05 00:50:46,2026-01-05 00:50:46,2026-01-05 00:50:46,2026-01-05 00:50:46,2026-01-05 00:50:46" }, "geometry": { "type": "Polygon", "coordinates": [ [ [ -75.06622, 46.43263 ], [ -75.06623, 46.43783 ], [ -75.07274, 46.44042 ], [ -75.07924, 46.43782 ], [ -75.07924, 46.43262 ], [ -75.07273, 46.43003 ], [ -75.06622, 46.43263 ] ] ] } },
{ "type": "Feature", "properties": { "hex_id": 431120, "centroid_lon": -75.072752900913855, "centroid_lat": 46.450811837753605, "hours_count": 24.0, "datetimes_affected": "2026-01-05 00:50:46,2026-01-05 00:50:46,2026-01-05 00:50:46,2026-01-05 00:50:46,2026-01-05 00:50:46,2026-01-05 00:50:46" }, "geometry": { "type": "Polygon", "coordinates": [ [ [ -75.06624, 46.44822 ], [ -75.06625, 46.45341 ], [ -75.07276, 46.45601 ], [ -75.07927, 46.45341 ], [ -75.07926, 46.44821 ], [ -75.07275, 46.44562 ], [ -75.06624, 46.44822 ] ] ] } },
{ "type": "Feature", "properties": { "hex_id": 431723, "centroid_lon": -75.066101282774881, "centroid_lat": 46.333906027424739, "hours_count": 18.0, "datetimes_affected": "2026-01-05 03:50:57,2026-01-05 03:50:57,2026-01-05 03:50:57,2026-01-05 03:50:57,2026-01-05 03:50:57,2026-01-05 03:50:57" }, "geometry": { "type": "Polygon", "coordinates": [ [ [ -75.0596, 46.33131 ], [ -75.05961, 46.33651 ], [ -75.06611, 46.3391 ], [ -75.0726, 46.3365 ], [ -75.07259, 46.3313 ], [ -75.0661, 46.32871 ], [ -75.0596, 46.33131 ] ] ] } },
{ "type": "Feature", "properties": { "hex_id": 431724, "centroid_lon": -75.066120071491298, "centroid_lat": 46.349494135010019, "hours_count": 36.0, "datetimes_affected": "2026-01-05 00:50:46,2026-01-05 00:50:46,2026-01-05 00:50:46,2026-01-05 00:50:46,2026-01-05 00:50:46,2026-01-05 00:50:46" }, "geometry": { "type": "Polygon", "coordinates": [ [ [ -75.05962, 46.3469 ], [ -75.05962, 46.3521 ], [ -75.06613, 46.35469 ], [ -75.07262, 46.35209 ], [ -75.07261, 46.34689 ], [ -75.06611, 46.3443 ], [ -75.05962, 46.3469 ] ] ] } },
{ "type": "Feature", "properties": { "hex_id": 431725, "centroid_lon": -75.066138875773049, "centroid_lat": 46.365082199901245, "hours_count": 36.0, "datetimes_affected": "2026-01-05 00:50:46,2026-01-05 00:50:46,2026-01-05 00:50:46,2026-01-05 00:50:46,2026-01-05 00:50:46,2026-01-05 00:50:46" }, "geometry": { "type": "Polygon", "coordinates": [ [ [ -75.05964, 46.36249 ], [ -75.05964, 46.36768 ], [ -75.06615, 46.37028 ], [ -75.07264, 46.36768 ], [ -75.07264, 46.36248 ], [ -75.06613, 46.35989 ], [ -75.05964, 46.36249 ] ] ] } },
{ "type": "Feature", "properties": { "hex_id": 431726, "centroid_lon": -75.066157695636136, "centroid_lat": 46.380670222099667, "hours_count": 36.0, "datetimes_affected": "2026-01-05 00:50:46,2026-01-05 00:50:46,2026-01-05 00:50:46,2026-01-05 00:50:46,2026-01-05 00:50:46,2026-01-05 00:50:46" }, "geometry": { "type": "Polygon", "coordinates": [ [ [ -75.05965, 46.37808 ], [ -75.05966, 46.38327 ], [ -75.06616, 46.38587 ], [ -75.07266, 46.38326 ], [ -75.07266, 46.37807 ], [ -75.06615, 46.37547 ], [ -75.05965, 46.37808 ] ] ] } },
{ "type": "Feature", "properties": { "hex_id": 431727, "centroid_lon": -75.066176531096644, "centroid_lat": 46.396258201606571, "hours_count": 36.0, "datetimes_affected": "2026-01-05 00:50:46,2026-01-05 00:50:46,2026-01-05 00:50:46,2026-01-05 00:50:46,2026-01-05 00:50:46,2026-01-05 00:50:46" }, "geometry": { "type": "Polygon", "coordinates": [ [ [ -75.05967, 46.39366 ], [ -75.05968, 46.39886 ], [ -75.06618, 46.40145 ], [ -75.07268, 46.39885 ], [ -75.07268, 46.39366 ], [ -75.06617, 46.39106 ], [ -75.05967, 46.39366 ] ] ] } },
{ "type": "Feature", "properties": { "hex_id": 431728, "centroid_lon": -75.066195382170676, "centroid_lat": 46.411846138423236, "hours_count": 36.0, "datetimes_affected": "2026-01-05 00:50:46,2026-01-05 00:50:46,2026-01-05 00:50:46,2026-01-05 00:50:46,2026-01-05 00:50:46,2026-01-05 00:50:46" }, "geometry": { "type": "Polygon", "coordinates": [ [ [ -75.05969, 46.40925 ], [ -75.05969, 46.41445 ], [ -75.0662, 46.41704 ], [ -75.0727, 46.41444 ], [ -75.0727, 46.40924 ], [ -75.06619, 46.40665 ], [ -75.05969, 46.40925 ] ] ] } },
{ "type": "Feature", "properties": { "hex_id": 431729, "centroid_lon": -75.066214248874317, "centroid_lat": 46.42743403255092, "hours_count": 36.0, "datetimes_affected": "2026-01-05 00:50:46,2026-01-05 00:50:46,2026-01-05 00:50:46,2026-01-05 00:50:46,2026-01-05 00:50:46,2026-01-05 00:50:46" }, "geometry": { "type": "Polygon", "coordinates": [ [ [ -75.0597, 46.42484 ], [ -75.05971, 46.43004 ], [ -75.06622, 46.43263 ], [ -75.07273, 46.43003 ], [ -75.07272, 46.42483 ], [ -75.06621, 46.42224 ], [ -75.0597, 46.42484 ] ] ] } },
{ "type": "Feature", "properties": { "hex_id": 431730, "centroid_lon": -75.066233131223711, "centroid_lat": 46.443021883990951, "hours_count": 36.0, "datetimes_affected": "2026-01-05 00:50:46,2026-01-05 00:50:46,2026-01-05 00:50:46,2026-01-05 00:50:46,2026-01-05 00:50:46,2026-01-05 00:50:46" }, "geometry": { "type": "Polygon", "coordinates": [ [ [ -75.05972, 46.44043 ], [ -75.05973, 46.44562 ], [ -75.06624, 46.44822 ], [ -75.07275, 46.44562 ], [ -75.07274, 46.44042 ], [ -75.06623, 46.43783 ], [ -75.05972, 46.44043 ] ] ] } },
{ "type": "Feature", "properties": { "hex_id": 432333, "centroid_lon": -75.059596379510324, "centroid_lat": 46.326115527503994, "hours_count": 18.0, "datetimes_affected": "2026-01-05 03:50:57,2026-01-05 03:50:57,2026-01-05 03:50:57,2026-01-05 03:50:57,2026-01-05 03:50:57,2026-01-05 03:50:57" }, "geometry": { "type": "Polygon", "coordinates": [ [ [ -75.0531, 46.32352 ], [ -75.0531, 46.32872 ], [ -75.0596, 46.33131 ], [ -75.0661, 46.32871 ], [ -75.06609, 46.32351 ], [ -75.05959, 46.32092 ], [ -75.0531, 46.32352 ] ] ] } },
{ "type": "Feature", "properties": { "hex_id": 432334, "centroid_lon": -75.059613314661206, "centroid_lat": 46.341703658368829, "hours_count": 36.0, "datetimes_affected": "2026-01-05 00:50:46,2026-01-05 00:50:46,2026-01-05 00:50:46,2026-01-05 00:50:46,2026-01-05 00:50:46,2026-01-05 00:50:46" }, "geometry": { "type": "Polygon", "coordinates": [ [ [ -75.05311, 46.33911 ], [ -75.05312, 46.3443 ], [ -75.05962, 46.3469 ], [ -75.06611, 46.3443 ], [ -75.06611, 46.3391 ], [ -75.05961, 46.33651 ], [ -75.05311, 46.33911 ] ] ] } },
{ "type": "Feature", "properties": { "hex_id": 432335, "centroid_lon": -75.05963026384039, "centroid_lat": 46.357291746540085, "hours_count": 36.0, "datetimes_affected": "2026-01-05 00:50:46,2026-01-05 00:50:46,2026-01-05 00:50:46,2026-01-05 00:50:46,2026-01-05 00:50:46,2026-01-05 00:50:46" }, "geometry": { "type": "Polygon", "coordinates": [ [ [ -75.05313, 46.3547 ], [ -75.05313, 46.35989 ], [ -75.05964, 46.36249 ], [ -75.06613, 46.35989 ], [ -75.06613, 46.35469 ], [ -75.05962, 46.3521 ], [ -75.05313, 46.3547 ] ] ] } },
{ "type": "Feature", "properties": { "hex_id": 432336, "centroid_lon": -75.059647227062385, "centroid_lat": 46.372879792019013, "hours_count": 36.0, "datetimes_affected": "2026-01-05 00:50:46,2026-01-05 00:50:46,2026-01-05 00:50:46,2026-01-05 00:50:46,2026-01-05 00:50:46,2026-01-05 00:50:46" }, "geometry": { "type": "Polygon", "coordinates": [ [ [ -75.05314, 46.37029 ], [ -75.05315, 46.37548 ], [ -75.05965, 46.37808 ], [ -75.06615, 46.37547 ], [ -75.06615, 46.37028 ], [ -75.05964, 46.36768 ], [ -75.05314, 46.37029 ] ] ] } },
{ "type": "Feature", "properties": { "hex_id": 432337, "centroid_lon": -75.059664204341644, "centroid_lat": 46.388467794806864, "hours_count": 36.0, "datetimes_affected": "2026-01-05 00:50:46,2026-01-05 00:50:46,2026-01-05 00:50:46,2026-01-05 00:50:46,2026-01-05 00:50:46,2026-01-05 00:50:46" }, "geometry": { "type": "Polygon", "coordinates": [ [ [ -75.05316, 46.38587 ], [ -75.05316, 46.39107 ], [ -75.05967, 46.39366 ], [ -75.06617, 46.39106 ], [ -75.06616, 46.38587 ], [ -75.05966, 46.38327 ], [ -75.05316, 46.38587 ] ] ] } },
{ "type": "Feature", "properties": { "hex_id": 432338, "centroid_lon": -75.059681195692662, "centroid_lat": 46.404055754904938, "hours_count": 36.0, "datetimes_affected": "2026-01-05 00:50:46,2026-01-05 00:50:46,2026-01-05 00:50:46,2026-01-05 00:50:46,2026-01-05 00:50:46,2026-01-05 00:50:46" }, "geometry": { "type": "Polygon", "coordinates": [ [ [ -75.05317, 46.40146 ], [ -75.05318, 46.40666 ], [ -75.05969, 46.40925 ], [ -75.06619, 46.40665 ], [ -75.06618, 46.40145 ], [ -75.05968, 46.39886 ], [ -75.05317, 46.40146 ] ] ] } },
{ "type": "Feature", "properties": { "hex_id": 432339, "centroid_lon": -75.059698201129947, "centroid_lat": 46.419643672314464, "hours_count": 36.0, "datetimes_affected": "2026-01-05 00:50:46,2026-01-05 00:50:46,2026-01-05 00:50:46,2026-01-05 00:50:46,2026-01-05 00:50:46,2026-01-05 00:50:46" }, "geometry": { "type": "Polygon", "coordinates": [ [ [ -75.05319, 46.41705 ], [ -75.05319, 46.42224 ], [ -75.0597, 46.42484 ], [ -75.06621, 46.42224 ], [ -75.0662, 46.41704 ], [ -75.05969, 46.41445 ], [ -75.05319, 46.41705 ] ] ] } },
{ "type": "Feature", "properties": { "hex_id": 432340, "centroid_lon": -75.059715220668053, "centroid_lat": 46.435231547036793, "hours_count": 36.0, "datetimes_affected": "2026-01-05 00:50:46,2026-01-05 00:50:46,2026-01-05 00:50:46,2026-01-05 00:50:46,2026-01-05 00:50:46,2026-01-05 00:50:46" }, "geometry": { "type": "Polygon", "coordinates": [ [ [ -75.0532, 46.43264 ], [ -75.05321, 46.43783 ], [ -75.05972, 46.44043 ], [ -75.06623, 46.43783 ], [ -75.06622, 46.43263 ], [ -75.05971, 46.43004 ], [ -75.0532, 46.43264 ] ] ] } },
{ "type": "Feature", "properties": { "hex_id": 432341, "centroid_lon": -75.059732254321531, "centroid_lat": 46.450819379073209, "hours_count": 24.0, "datetimes_affected": "2026-01-05 00:50:46,2026-01-05 00:50:46,2026-01-05 00:50:46,2026-01-05 00:50:46,2026-01-05 00:50:46,2026-01-05 00:50:46" }, "geometry": { "type": "Polygon", "coordinates": [ [ [ -75.05322, 46.44822 ], [ -75.05322, 46.45342 ], [ -75.05974, 46.45602 ], [ -75.06625, 46.45341 ], [ -75.06624, 46.44822 ], [ -75.05973, 46.44562 ], [ -75.05322, 46.44822 ] ] ] } },
{ "type": "Feature", "properties": { "hex_id": 432943, "centroid_lon": -75.053093323607058, "centroid_lat": 46.318324646098198, "hours_count": 18.0, "datetimes_affected": "2026-01-05 03:50:57,2026-01-05 03:50:57,2026-01-05 03:50:57,2026-01-05 03:50:57,2026-01-05 03:50:57,2026-01-05 03:50:57" }, "geometry": { "type": "Polygon", "coordinates": [ [ [ -75.0466, 46.31573 ], [ -75.0466, 46.32093 ], [ -75.0531, 46.32352 ], [ -75.05959, 46.32092 ], [ -75.05959, 46.31572 ], [ -75.05309, 46.31313 ], [ -75.0466, 46.31573 ] ] ] } },
{ "type": "Feature", "properties": { "hex_id": 432944, "centroid_lon": -75.053108406722941, "centroid_lat": 46.33391280004215, "hours_count": 18.0, "datetimes_affected": "2026-01-05 03:50:57,2026-01-05 03:50:57,2026-01-05 03:50:57,2026-01-05 03:50:57,2026-01-05 03:50:57,2026-01-05 03:50:57" }, "geometry": { "type": "Polygon", "coordinates": [ [ [ -75.04661, 46.33132 ], [ -75.04661, 46.33651 ], [ -75.05311, 46.33911 ], [ -75.05961, 46.33651 ], [ -75.0596, 46.33131 ], [ -75.0531, 46.32872 ], [ -75.04661, 46.33132 ] ] ] } },
{ "type": "Feature", "properties": { "hex_id": 432945, "centroid_lon": -75.053123502331772, "centroid_lat": 46.349500911292893, "hours_count": 36.0, "datetimes_affected": "2026-01-05 00:50:46,2026-01-05 00:50:46,2026-01-05 00:50:46,2026-01-05 00:50:46,2026-01-05 00:50:46,2026-01-05 00:50:46" }, "geometry": { "type": "Polygon", "coordinates": [ [ [ -75.04662, 46.34691 ], [ -75.04663, 46.3521 ], [ -75.05313, 46.3547 ], [ -75.05962, 46.3521 ], [ -75.05962, 46.3469 ], [ -75.05312, 46.3443 ], [ -75.04662, 46.34691 ] ] ] } },
{ "type": "Feature", "properties": { "hex_id": 432946, "centroid_lon": -75.053138610446396, "centroid_lat": 46.365088979851663, "hours_count": 36.0, "datetimes_affected": "2026-01-05 00:50:46,2026-01-05 00:50:46,2026-01-05 00:50:46,2026-01-05 00:50:46,2026-01-05 00:50:46,2026-01-05 00:50:46" }, "geometry": { "type": "Polygon", "coordinates": [ [ [ -75.04664, 46.36249 ], [ -75.04664, 46.36769 ], [ -75.05314, 46.37029 ], [ -75.05964, 46.36768 ], [ -75.05964, 46.36249 ], [ -75.05313, 46.35989 ], [ -75.04664, 46.36249 ] ] ] } },
{ "type": "Feature", "properties": { "hex_id": 432947, "centroid_lon": -75.053153731079718, "centroid_lat": 46.380677005719711, "hours_count": 36.0, "datetimes_affected": "2026-01-05 00:50:46,2026-01-05 00:50:46,2026-01-05 00:50:46,2026-01-05 00:50:46,2026-01-05 00:50:46,2026-01-05 00:50:46" }, "geometry": { "type": "Polygon", "coordinates": [ [ [ -75.04665, 46.37808 ], [ -75.04665, 46.38328 ], [ -75.05316, 46.38587 ], [ -75.05966, 46.38327 ], [ -75.05965, 46.37808 ], [ -75.05315, 46.37548 ], [ -75.04665, 46.37808 ] ] ] } },
{ "type": "Feature", "properties": { "hex_id": 432948, "centroid_lon": -75.05316886424464, "centroid_lat": 46.396264988898309, "hours_count": 36.0, "datetimes_affected": "2026-01-05 00:50:46,2026-01-05 00:50:46,2026-01-05 00:50:46,2026-01-05 00:50:46,2026-01-05 00:50:46,2026-01-05 00:50:46" }, "geometry": { "type": "Polygon", "coordinates": [ [ [ -75.04666, 46.39367 ], [ -75.04667, 46.39887 ], [ -75.05317, 46.40146 ], [ -75.05968, 46.39886 ], [ -75.05967, 46.39366 ], [ -75.05316, 46.39107 ], [ -75.04666, 46.39367 ] ] ] } },
{ "type": "Feature", "properties": { "hex_id": 432949, "centroid_lon": -75.05318400995408, "centroid_lat": 46.411852929388743, "hours_count": 36.0, "datetimes_affected": "2026-01-05 00:50:46,2026-01-05 00:50:46,2026-01-05 00:50:46,2026-01-05 00:50:46,2026-01-05 00:50:46,2026-01-05 00:50:46" }, "geometry": { "type": "Polygon", "coordinates": [ [ [ -75.04668, 46.40926 ], [ -75.04668, 46.41445 ], [ -75.05319, 46.41705 ], [ -75.05969, 46.41445 ], [ -75.05969, 46.40925 ], [ -75.05318, 46.40666 ], [ -75.04668, 46.40926 ] ] ] } },
{ "type": "Feature", "properties": { "hex_id": 432950, "centroid_lon": -75.053199168220985, "centroid_lat": 46.427440827192271, "hours_count": 36.0, "datetimes_affected": "2026-01-05 00:50:46,2026-01-05 00:50:46,2026-01-05 00:50:46,2026-01-05 00:50:46,2026-01-05 00:50:46,2026-01-05 00:50:46" }, "geometry": { "type": "Polygon", "coordinates": [ [ [ -75.04669, 46.42485 ], [ -75.04669, 46.43004 ], [ -75.0532, 46.43264 ], [ -75.05971, 46.43004 ], [ -75.0597, 46.42484 ], [ -75.05319, 46.42224 ], [ -75.04669, 46.42485 ] ] ] } },
{ "type": "Feature", "properties": { "hex_id": 432951, "centroid_lon": -75.053214339058329, "centroid_lat": 46.443028682310221, "hours_count": 36.0, "datetimes_affected": "2026-01-05 00:50:46,2026-01-05 00:50:46,2026-01-05 00:50:46,2026-01-05 00:50:46,2026-01-05 00:50:46,2026-01-05 00:50:46" }, "geometry": { "type": "Polygon", "coordinates": [ [ [ -75.0467, 46.44043 ], [ -75.04671, 46.44563 ], [ -75.05322, 46.44822 ], [ -75.05973, 46.44562 ], [ -75.05972, 46.44043 ], [ -75.05321, 46.43783 ], [ -75.0467, 46.44043 ] ] ] } },
{ "type": "Feature", "properties": { "hex_id": 432952, "centroid_lon": -75.053229522479072, "centroid_lat": 46.458616494743914, "hours_count": 6.0, "datetimes_affected": "2026-01-05 03:50:57,2026-01-05 03:50:57,2026-01-05 03:50:57,2026-01-05 03:50:57,2026-01-05 03:50:57,2026-01-05 03:50:57" }, "geometry": { "type": "Polygon", "coordinates": [ [ [ -75.04672, 46.45602 ], [ -75.04672, 46.46122 ], [ -75.05323, 46.46381 ], [ -75.05974, 46.46121 ], [ -75.05974, 46.45602 ], [ -75.05322, 46.45342 ], [ -75.04672, 46.45602 ] ] ] } },
{ "type": "Feature", "properties": { "hex_id": 433553, "centroid_lon": -75.04659211404703, "centroid_lat": 46.310533383507149, "hours_count": 18.0, "datetimes_affected": "2026-01-05 03:50:57,2026-01-05 03:50:57,2026-01-05 03:50:57,2026-01-05 03:50:57,2026-01-05 03:50:57,2026-01-05 03:50:57" }, "geometry": { "type": "Polygon", "coordinates": [ [ [ -75.0401, 46.30794 ], [ -75.0401, 46.31313 ], [ -75.0466, 46.31573 ], [ -75.05309, 46.31313 ], [ -75.05308, 46.30793 ], [ -75.04659, 46.30534 ], [ -75.0401, 46.30794 ] ] ] } },
{ "type": "Feature", "properties": { "hex_id": 433554, "centroid_lon": -75.0466053466575, "centroid_lat": 46.32612156032998, "hours_count": 18.0, "datetimes_affected": "2026-01-05 03:50:57,2026-01-05 03:50:57,2026-01-05 03:50:57,2026-01-05 03:50:57,2026-01-05 03:50:57,2026-01-05 03:50:57" }, "geometry": { "type": "Polygon", "coordinates": [ [ [ -75.04011, 46.32353 ], [ -75.04011, 46.32872 ], [ -75.04661, 46.33132 ], [ -75.0531, 46.32872 ], [ -75.0531, 46.32352 ], [ -75.0466, 46.32093 ], [ -75.04011, 46.32353 ] ] ] } },
{ "type": "Feature", "properties": { "hex_id": 433555, "centroid_lon": -75.046618590227069, "centroid_lat": 46.341709694459851, "hours_count": 36.0, "datetimes_affected": "2026-01-05 00:50:46,2026-01-05 00:50:46,2026-01-05 00:50:46,2026-01-05 00:50:46,2026-01-05 00:50:46,2026-01-05 00:50:46" }, "geometry": { "type": "Polygon", "coordinates": [ [ [ -75.04012, 46.33911 ], [ -75.04012, 46.34431 ], [ -75.04662, 46.34691 ], [ -75.05312, 46.3443 ], [ -75.05311, 46.33911 ], [ -75.04661, 46.33651 ], [ -75.04012, 46.33911 ] ] ] } },
{ "type": "Feature", "properties": { "hex_id": 433556, "centroid_lon": -75.046631844767035, "centroid_lat": 46.357297785898012, "hours_count": 36.0, "datetimes_affected": "2026-01-05 00:50:46,2026-01-05 00:50:46,2026-01-05 00:50:46,2026-01-05 00:50:46,2026-01-05 00:50:46,2026-01-05 00:50:46" }, "geometry": { "type": "Polygon", "coordinates": [ [ [ -75.04013, 46.3547 ], [ -75.04013, 46.3599 ], [ -75.04664, 46.36249 ], [ -75.05313, 46.35989 ], [ -75.05313, 46.3547 ], [ -75.04663, 46.3521 ], [ -75.04013, 46.3547 ] ] ] } },
{ "type": "Feature", "properties": { "hex_id": 433557, "centroid_lon": -75.046645110288694, "centroid_lat": 46.372885834645665, "hours_count": 36.0, "datetimes_affected": "2026-01-05 00:50:46,2026-01-05 00:50:46,2026-01-05 00:50:46,2026-01-05 00:50:46,2026-01-05 00:50:46,2026-01-05 00:50:46" }, "geometry": { "type": "Polygon", "coordinates": [ [ [ -75.04014, 46.37029 ], [ -75.04015, 46.37549 ], [ -75.04665, 46.37808 ], [ -75.05315, 46.37548 ], [ -75.05314, 46.37029 ], [ -75.04664, 46.36769 ], [ -75.04014, 46.37029 ] ] ] } },
{ "type": "Feature", "properties": { "hex_id": 433558, "centroid_lon": -75.046658386803372, "centroid_lat": 46.388473840704101, "hours_count": 36.0, "datetimes_affected": "2026-01-05 00:50:46,2026-01-05 00:50:46,2026-01-05 00:50:46,2026-01-05 00:50:46,2026-01-05 00:50:46,2026-01-05 00:50:46" }, "geometry": { "type": "Polygon", "coordinates": [ [ [ -75.04015, 46.38588 ], [ -75.04016, 46.39107 ], [ -75.04666, 46.39367 ], [ -75.05316, 46.39107 ], [ -75.05316, 46.38587 ], [ -75.04665, 46.38328 ], [ -75.04015, 46.38588 ] ] ] } },
{ "type": "Feature", "properties": { "hex_id": 433559, "centroid_lon": -75.046671674322397, "centroid_lat": 46.404061804074594, "hours_count": 36.0, "datetimes_affected": "2026-01-05 00:50:46,2026-01-05 00:50:46,2026-01-05 00:50:46,2026-01-05 00:50:46,2026-01-05 00:50:46,2026-01-05 00:50:46" }, "geometry": { "type": "Polygon", "coordinates": [ [ [ -75.04017, 46.40147 ], [ -75.04017, 46.40666 ], [ -75.04668, 46.40926 ], [ -75.05318, 46.40666 ], [ -75.05317, 46.40146 ], [ -75.04667, 46.39887 ], [ -75.04017, 46.40147 ] ] ] } },
{ "type": "Feature", "properties": { "hex_id": 433560, "centroid_lon": -75.046684972857136, "centroid_lat": 46.419649724758415, "hours_count": 36.0, "datetimes_affected": "2026-01-05 00:50:46,2026-01-05 00:50:46,2026-01-05 00:50:46,2026-01-05 00:50:46,2026-01-05 00:50:46,2026-01-05 00:50:46" }, "geometry": { "type": "Polygon", "coordinates": [ [ [ -75.04018, 46.41705 ], [ -75.04018, 46.42225 ], [ -75.04669, 46.42485 ], [ -75.05319, 46.42224 ], [ -75.05319, 46.41705 ], [ -75.04668, 46.41445 ], [ -75.04018, 46.41705 ] ] ] } },
{ "type": "Feature", "properties": { "hex_id": 433561, "centroid_lon": -75.046698282418944, "centroid_lat": 46.435237602756871, "hours_count": 36.0, "datetimes_affected": "2026-01-05 00:50:46,2026-01-05 00:50:46,2026-01-05 00:50:46,2026-01-05 00:50:46,2026-01-05 00:50:46,2026-01-05 00:50:46" }, "geometry": { "type": "Polygon", "coordinates": [ [ [ -75.04019, 46.43264 ], [ -75.04019, 46.43784 ], [ -75.0467, 46.44043 ], [ -75.05321, 46.43783 ], [ -75.0532, 46.43264 ], [ -75.04669, 46.43004 ], [ -75.04019, 46.43264 ] ] ] } },
{ "type": "Feature", "properties": { "hex_id": 433562, "centroid_lon": -75.046711603019219, "centroid_lat": 46.450825438071277, "hours_count": 24.0, "datetimes_affected": "2026-01-05 00:50:46,2026-01-05 00:50:46,2026-01-05 00:50:46,2026-01-05 00:50:46,2026-01-05 00:50:46,2026-01-05 00:50:46" }, "geometry": { "type": "Polygon", "coordinates": [ [ [ -75.0402, 46.44823 ], [ -75.0402, 46.45343 ], [ -75.04672, 46.45602 ], [ -75.05322, 46.45342 ], [ -75.05322, 46.44822 ], [ -75.04671, 46.44563 ], [ -75.0402, 46.44823 ] ] ] } },
{ "type": "Feature", "properties": { "hex_id": 434164, "centroid_lon": -75.040104133446334, "centroid_lat": 46.318329939532184, "hours_count": 18.0, "datetimes_affected": "2026-01-05 03:50:57,2026-01-05 03:50:57,2026-01-05 03:50:57,2026-01-05 03:50:57,2026-01-05 03:50:57,2026-01-05 03:50:57" }, "geometry": { "type": "Polygon", "coordinates": [ [ [ -75.03361, 46.31573 ], [ -75.03361, 46.32093 ], [ -75.04011, 46.32353 ], [ -75.0466, 46.32093 ], [ -75.0466, 46.31573 ], [ -75.0401, 46.31313 ], [ -75.03361, 46.31573 ] ] ] } },
{ "type": "Feature", "properties": { "hex_id": 434165, "centroid_lon": -75.04011552650671, "centroid_lat": 46.33391809634098, "hours_count": 18.0, "datetimes_affected": "2026-01-05 03:50:57,2026-01-05 03:50:57,2026-01-05 03:50:57,2026-01-05 03:50:57,2026-01-05 03:50:57,2026-01-05 03:50:57" }, "geometry": { "type": "Polygon", "coordinates": [ [ [ -75.03362, 46.33132 ], [ -75.03362, 46.33652 ], [ -75.04012, 46.33911 ], [ -75.04661, 46.33651 ], [ -75.04661, 46.33132 ], [ -75.04011, 46.32872 ], [ -75.03362, 46.33132 ] ] ] } },
{ "type": "Feature", "properties": { "hex_id": 434166, "centroid_lon": -75.040126929003634, "centroid_lat": 46.349506210458188, "hours_count": 36.0, "datetimes_affected": "2026-01-05 00:50:46,2026-01-05 00:50:46,2026-01-05 00:50:46,2026-01-05 00:50:46,2026-01-05 00:50:46,2026-01-05 00:50:46" }, "geometry": { "type": "Polygon", "coordinates": [ [ [ -75.03363, 46.34691 ], [ -75.03363, 46.35211 ], [ -75.04013, 46.3547 ], [ -75.04663, 46.3521 ], [ -75.04662, 46.34691 ], [ -75.04012, 46.34431 ], [ -75.03363, 46.34691 ] ] ] } },
{ "type": "Feature", "properties": { "hex_id": 434167, "centroid_lon": -75.040138340946868, "centroid_lat": 46.36509428188505, "hours_count": 36.0, "datetimes_affected": "2026-01-05 00:50:46,2026-01-05 00:50:46,2026-01-05 00:50:46,2026-01-05 00:50:46,2026-01-05 00:50:46,2026-01-05 00:50:46" }, "geometry": { "type": "Polygon", "coordinates": [ [ [ -75.03364, 46.3625 ], [ -75.03364, 46.36769 ], [ -75.04014, 46.37029 ], [ -75.04664, 46.36769 ], [ -75.04664, 46.36249 ], [ -75.04013, 46.3599 ], [ -75.03364, 46.3625 ] ] ] } },
{ "type": "Feature", "properties": { "hex_id": 434168, "centroid_lon": -75.040149762346104, "centroid_lat": 46.380682310622788, "hours_count": 36.0, "datetimes_affected": "2026-01-05 00:50:46,2026-01-05 00:50:46,2026-01-05 00:50:46,2026-01-05 00:50:46,2026-01-05 00:50:46,2026-01-05 00:50:46" }, "geometry": { "type": "Polygon", "coordinates": [ [ [ -75.03365, 46.37809 ], [ -75.03365, 46.38328 ], [ -75.04015, 46.38588 ], [ -75.04665, 46.38328 ], [ -75.04665, 46.37808 ], [ -75.04015, 46.37549 ], [ -75.03365, 46.37809 ] ] ] } },
{ "type": "Feature", "properties": { "hex_id": 434169, "centroid_lon": -75.040161193211119, "centroid_lat": 46.396270296672711, "hours_count": 36.0, "datetimes_affected": "2026-01-05 00:50:46,2026-01-05 00:50:46,2026-01-05 00:50:46,2026-01-05 00:50:46,2026-01-05 00:50:46,2026-01-05 00:50:46" }, "geometry": { "type": "Polygon", "coordinates": [ [ [ -75.03366, 46.39367 ], [ -75.03366, 46.39887 ], [ -75.04017, 46.40147 ], [ -75.04667, 46.39887 ], [ -75.04666, 46.39367 ], [ -75.04016, 46.39107 ], [ -75.03366, 46.39367 ] ] ] } },
{ "type": "Feature", "properties": { "hex_id": 434170, "centroid_lon": -75.040172633551649, "centroid_lat": 46.411858240036096, "hours_count": 36.0, "datetimes_affected": "2026-01-05 00:50:46,2026-01-05 00:50:46,2026-01-05 00:50:46,2026-01-05 00:50:46,2026-01-05 00:50:46,2026-01-05 00:50:46" }, "geometry": { "type": "Polygon", "coordinates": [ [ [ -75.03367, 46.40926 ], [ -75.03367, 46.41446 ], [ -75.04018, 46.41705 ], [ -75.04668, 46.41445 ], [ -75.04668, 46.40926 ], [ -75.04017, 46.40666 ], [ -75.03367, 46.40926 ] ] ] } },
{ "type": "Feature", "properties": { "hex_id": 434171, "centroid_lon": -75.040184083377511, "centroid_lat": 46.427446140714196, "hours_count": 36.0, "datetimes_affected": "2026-01-05 00:50:46,2026-01-05 00:50:46,2026-01-05 00:50:46,2026-01-05 00:50:46,2026-01-05 00:50:46,2026-01-05 00:50:46" }, "geometry": { "type": "Polygon", "coordinates": [ [ [ -75.03367, 46.42485 ], [ -75.03368, 46.43005 ], [ -75.04019, 46.43264 ], [ -75.04669, 46.43004 ], [ -75.04669, 46.42485 ], [ -75.04018, 46.42225 ], [ -75.03367, 46.42485 ] ] ] } },
{ "type": "Feature", "properties": { "hex_id": 434172, "centroid_lon": -75.040195542698456, "centroid_lat": 46.443033998708337, "hours_count": 24.0, "datetimes_affected": "2026-01-05 00:50:46,2026-01-05 00:50:46,2026-01-05 00:50:46,2026-01-05 00:50:46,2026-01-05 00:50:46,2026-01-05 00:50:46" }, "geometry": { "type": "Polygon", "coordinates": [ [ [ -75.03368, 46.44044 ], [ -75.03369, 46.44563 ], [ -75.0402, 46.44823 ], [ -75.04671, 46.44563 ], [ -75.0467, 46.44043 ], [ -75.04019, 46.43784 ], [ -75.03368, 46.44044 ] ] ] } },
{ "type": "Feature", "properties": { "hex_id": 434173, "centroid_lon": -75.04020701152433, "centroid_lat": 46.458621814019878, "hours_count": 6.0, "datetimes_affected": "2026-01-05 03:50:57,2026-01-05 03:50:57,2026-01-05 03:50:57,2026-01-05 03:50:57,2026-01-05 03:50:57,2026-01-05 03:50:57" }, "geometry": { "type": "Polygon", "coordinates": [ [ [ -75.03369, 46.45603 ], [ -75.0337, 46.46122 ], [ -75.04021, 46.46382 ], [ -75.04672, 46.46122 ], [ -75.04672, 46.45602 ], [ -75.0402, 46.45343 ], [ -75.03369, 46.45603 ] ] ] } },
{ "type": "Feature", "properties": { "hex_id": 434774, "centroid_lon": -75.033604766071434, "centroid_lat": 46.31053793794846, "hours_count": 18.0, "datetimes_affected": "2026-01-05 03:50:57,2026-01-05 03:50:57,2026-01-05 03:50:57,2026-01-05 03:50:57,2026-01-05 03:50:57,2026-01-05 03:50:57" }, "geometry": { "type": "Polygon", "coordinates": [ [ [ -75.02711, 46.30794 ], [ -75.02711, 46.31314 ], [ -75.03361, 46.31573 ], [ -75.0401, 46.31313 ], [ -75.0401, 46.30794 ], [ -75.0336, 46.30534 ], [ -75.02711, 46.30794 ] ] ] } },
{ "type": "Feature", "properties": { "hex_id": 434775, "centroid_lon": -75.033614310151634, "centroid_lat": 46.32612611723615, "hours_count": 18.0, "datetimes_affected": "2026-01-05 03:50:57,2026-01-05 03:50:57,2026-01-05 03:50:57,2026-01-05 03:50:57,2026-01-05 03:50:57,2026-01-05 03:50:57" }, "geometry": { "type": "Polygon", "coordinates": [ [ [ -75.02712, 46.32353 ], [ -75.02712, 46.32873 ], [ -75.03362, 46.33132 ], [ -75.04011, 46.32872 ], [ -75.04011, 46.32353 ], [ -75.03361, 46.32093 ], [ -75.02712, 46.32353 ] ] ] } },
{ "type": "Feature", "properties": { "hex_id": 434776, "centroid_lon": -75.033623862136139, "centroid_lat": 46.341714253832286, "hours_count": 18.0, "datetimes_affected": "2026-01-05 03:50:57,2026-01-05 03:50:57,2026-01-05 03:50:57,2026-01-05 03:50:57,2026-01-05 03:50:57,2026-01-05 03:50:57" }, "geometry": { "type": "Polygon", "coordinates": [ [ [ -75.02713, 46.33912 ], [ -75.02713, 46.34431 ], [ -75.03363, 46.34691 ], [ -75.04012, 46.34431 ], [ -75.04012, 46.33911 ], [ -75.03362, 46.33652 ], [ -75.02713, 46.33912 ] ] ] } },
{ "type": "Feature", "properties": { "hex_id": 434777, "centroid_lon": -75.033633422033091, "centroid_lat": 46.357302347738084, "hours_count": 36.0, "datetimes_affected": "2026-01-05 00:50:46,2026-01-05 00:50:46,2026-01-05 00:50:46,2026-01-05 00:50:46,2026-01-05 00:50:46,2026-01-05 00:50:46" }, "geometry": { "type": "Polygon", "coordinates": [ [ [ -75.02713, 46.35471 ], [ -75.02714, 46.3599 ], [ -75.03364, 46.3625 ], [ -75.04013, 46.3599 ], [ -75.04013, 46.3547 ], [ -75.03363, 46.35211 ], [ -75.02713, 46.35471 ] ] ] } },
{ "type": "Feature", "properties": { "hex_id": 434778, "centroid_lon": -75.033642989850648, "centroid_lat": 46.372890398954794, "hours_count": 36.0, "datetimes_affected": "2026-01-05 00:50:46,2026-01-05 00:50:46,2026-01-05 00:50:46,2026-01-05 00:50:46,2026-01-05 00:50:46,2026-01-05 00:50:46" }, "geometry": { "type": "Polygon", "coordinates": [ [ [ -75.02714, 46.37029 ], [ -75.02714, 46.37549 ], [ -75.03365, 46.37809 ], [ -75.04015, 46.37549 ], [ -75.04014, 46.37029 ], [ -75.03364, 46.36769 ], [ -75.02714, 46.37029 ] ] ] } },
{ "type": "Feature", "properties": { "hex_id": 434779, "centroid_lon": -75.033652565596967, "centroid_lat": 46.388478407483667, "hours_count": 36.0, "datetimes_affected": "2026-01-05 00:50:46,2026-01-05 00:50:46,2026-01-05 00:50:46,2026-01-05 00:50:46,2026-01-05 00:50:46,2026-01-05 00:50:46" }, "geometry": { "type": "Polygon", "coordinates": [ [ [ -75.02715, 46.38588 ], [ -75.02715, 46.39108 ], [ -75.03366, 46.39367 ], [ -75.04016, 46.39107 ], [ -75.04015, 46.38588 ], [ -75.03365, 46.38328 ], [ -75.02715, 46.38588 ] ] ] } },
{ "type": "Feature", "properties": { "hex_id": 434780, "centroid_lon": -75.033662149280246, "centroid_lat": 46.40406637332601, "hours_count": 36.0, "datetimes_affected": "2026-01-05 00:50:46,2026-01-05 00:50:46,2026-01-05 00:50:46,2026-01-05 00:50:46,2026-01-05 00:50:46,2026-01-05 00:50:46" }, "geometry": { "type": "Polygon", "coordinates": [ [ [ -75.02716, 46.40147 ], [ -75.02716, 46.40667 ], [ -75.03367, 46.40926 ], [ -75.04017, 46.40666 ], [ -75.04017, 46.40147 ], [ -75.03366, 46.39887 ], [ -75.02716, 46.40147 ] ] ] } },
{ "type": "Feature", "properties": { "hex_id": 434781, "centroid_lon": -75.03367174090863, "centroid_lat": 46.419654296483067, "hours_count": 36.0, "datetimes_affected": "2026-01-05 00:50:46,2026-01-05 00:50:46,2026-01-05 00:50:46,2026-01-05 00:50:46,2026-01-05 00:50:46,2026-01-05 00:50:46" }, "geometry": { "type": "Polygon", "coordinates": [ [ [ -75.02716, 46.41706 ], [ -75.02717, 46.42225 ], [ -75.03367, 46.42485 ], [ -75.04018, 46.42225 ], [ -75.04018, 46.41705 ], [ -75.03367, 46.41446 ], [ -75.02716, 46.41706 ] ] ] } },
{ "type": "Feature", "properties": { "hex_id": 434782, "centroid_lon": -75.033681340490347, "centroid_lat": 46.435242176956159, "hours_count": 36.0, "datetimes_affected": "2026-01-05 00:50:46,2026-01-05 00:50:46,2026-01-05 00:50:46,2026-01-05 00:50:46,2026-01-05 00:50:46,2026-01-05 00:50:46" }, "geometry": { "type": "Polygon", "coordinates": [ [ [ -75.02717, 46.43265 ], [ -75.02717, 46.43784 ], [ -75.03368, 46.44044 ], [ -75.04019, 46.43784 ], [ -75.04019, 46.43264 ], [ -75.03368, 46.43005 ], [ -75.02717, 46.43265 ] ] ] } },
{ "type": "Feature", "properties": { "hex_id": 434783, "centroid_lon": -75.033690948033623, "centroid_lat": 46.4508300147466, "hours_count": 24.0, "datetimes_affected": "2026-01-05 00:50:46,2026-01-05 00:50:46,2026-01-05 00:50:46,2026-01-05 00:50:46,2026-01-05 00:50:46,2026-01-05 00:50:46" }, "geometry": { "type": "Polygon", "coordinates": [ [ [ -75.02718, 46.44823 ], [ -75.02718, 46.45343 ], [ -75.03369, 46.45603 ], [ -75.0402, 46.45343 ], [ -75.0402, 46.44823 ], [ -75.03369, 46.44563 ], [ -75.02718, 46.44823 ] ] ] } },
{ "type": "Feature", "properties": { "hex_id": 435385, "centroid_lon": -75.027114940143335, "centroid_lat": 46.318333757445089, "hours_count": 18.0, "datetimes_affected": "2026-01-05 03:50:57,2026-01-05 03:50:57,2026-01-05 03:50:57,2026-01-05 03:50:57,2026-01-05 03:50:57,2026-01-05 03:50:57" }, "geometry": { "type": "Polygon", "coordinates": [ [ [ -75.02062, 46.31574 ], [ -75.02062, 46.32093 ], [ -75.02712, 46.32353 ], [ -75.03361, 46.32093 ], [ -75.03361, 46.31573 ], [ -75.02711, 46.31314 ], [ -75.02062, 46.31574 ] ] ] } },
{ "type": "Feature", "properties": { "hex_id": 435386, "centroid_lon": -75.027122643144949, "centroid_lat": 46.333921916320179, "hours_count": 18.0, "datetimes_affected": "2026-01-05 03:50:57,2026-01-05 03:50:57,2026-01-05 03:50:57,2026-01-05 03:50:57,2026-01-05 03:50:57,2026-01-05 03:50:57" }, "geometry": { "type": "Polygon", "coordinates": [ [ [ -75.02063, 46.33133 ], [ -75.02063, 46.33652 ], [ -75.02713, 46.33912 ], [ -75.03362, 46.33652 ], [ -75.03362, 46.33132 ], [ -75.02712, 46.32873 ], [ -75.02063, 46.33133 ] ] ] } },
{ "type": "Feature", "properties": { "hex_id": 435387, "centroid_lon": -75.027130352526754, "centroid_lat": 46.349510032504831, "hours_count": 36.0, "datetimes_affected": "2026-01-05 00:50:46,2026-01-05 00:50:46,2026-01-05 00:50:46,2026-01-05 00:50:46,2026-01-05 00:50:46,2026-01-05 00:50:46" }, "geometry": { "type": "Polygon", "coordinates": [ [ [ -75.02063, 46.34691 ], [ -75.02063, 46.35211 ], [ -75.02713, 46.35471 ], [ -75.03363, 46.35211 ], [ -75.03363, 46.34691 ], [ -75.02713, 46.34431 ], [ -75.02063, 46.34691 ] ] ] } },
{ "type": "Feature", "properties": { "hex_id": 435388, "centroid_lon": -75.027138068295315, "centroid_lat": 46.36509810600031, "hours_count": 36.0, "datetimes_affected": "2026-01-05 00:50:46,2026-01-05 00:50:46,2026-01-05 00:50:46,2026-01-05 00:50:46,2026-01-05 00:50:46,2026-01-05 00:50:46" }, "geometry": { "type": "Polygon", "coordinates": [ [ [ -75.02064, 46.3625 ], [ -75.02064, 46.3677 ], [ -75.02714, 46.37029 ], [ -75.03364, 46.36769 ], [ -75.03364, 46.3625 ], [ -75.02714, 46.3599 ], [ -75.02064, 46.3625 ] ] ] } },
{ "type": "Feature", "properties": { "hex_id": 435389, "centroid_lon": -75.02714579045724, "centroid_lat": 46.380686136807832, "hours_count": 36.0, "datetimes_affected": "2026-01-05 00:50:46,2026-01-05 00:50:46,2026-01-05 00:50:46,2026-01-05 00:50:46,2026-01-05 00:50:46,2026-01-05 00:50:46" }, "geometry": { "type": "Polygon", "coordinates": [ [ [ -75.02064, 46.37809 ], [ -75.02064, 46.38329 ], [ -75.02715, 46.38588 ], [ -75.03365, 46.38328 ], [ -75.03365, 46.37809 ], [ -75.02714, 46.37549 ], [ -75.02064, 46.37809 ] ] ] } },
{ "type": "Feature", "properties": { "hex_id": 435390, "centroid_lon": -75.02715351901908, "centroid_lat": 46.396274124928716, "hours_count": 36.0, "datetimes_affected": "2026-01-05 00:50:46,2026-01-05 00:50:46,2026-01-05 00:50:46,2026-01-05 00:50:46,2026-01-05 00:50:46,2026-01-05 00:50:46" }, "geometry": { "type": "Polygon", "coordinates": [ [ [ -75.02065, 46.39368 ], [ -75.02065, 46.39887 ], [ -75.02716, 46.40147 ], [ -75.03366, 46.39887 ], [ -75.03366, 46.39367 ], [ -75.02715, 46.39108 ], [ -75.02065, 46.39368 ] ] ] } },
{ "type": "Feature", "properties": { "hex_id": 435391, "centroid_lon": -75.027161253987472, "centroid_lat": 46.411862070364215, "hours_count": 36.0, "datetimes_affected": "2026-01-05 00:50:46,2026-01-05 00:50:46,2026-01-05 00:50:46,2026-01-05 00:50:46,2026-01-05 00:50:46,2026-01-05 00:50:46" }, "geometry": { "type": "Polygon", "coordinates": [ [ [ -75.02065, 46.40927 ], [ -75.02066, 46.41446 ], [ -75.02716, 46.41706 ], [ -75.03367, 46.41446 ], [ -75.03367, 46.40926 ], [ -75.02716, 46.40667 ], [ -75.02065, 46.40927 ] ] ] } },
{ "type": "Feature", "properties": { "hex_id": 435392, "centroid_lon": -75.027168995368996, "centroid_lat": 46.427449973115614, "hours_count": 36.0, "datetimes_affected": "2026-01-05 00:50:46,2026-01-05 00:50:46,2026-01-05 00:50:46,2026-01-05 00:50:46,2026-01-05 00:50:46,2026-01-05 00:50:46" }, "geometry": { "type": "Polygon", "coordinates": [ [ [ -75.02066, 46.42485 ], [ -75.02066, 46.43005 ], [ -75.02717, 46.43265 ], [ -75.03368, 46.43005 ], [ -75.03367, 46.42485 ], [ -75.02717, 46.42225 ], [ -75.02066, 46.42485 ] ] ] } },
{ "type": "Feature", "properties": { "hex_id": 435393, "centroid_lon": -75.027176743170301, "centroid_lat": 46.443037833184242, "hours_count": 24.0, "datetimes_affected": "2026-01-05 00:50:46,2026-01-05 00:50:46,2026-01-05 00:50:46,2026-01-05 00:50:46,2026-01-05 00:50:46,2026-01-05 00:50:46" }, "geometry": { "type": "Polygon", "coordinates": [ [ [ -75.02067, 46.44044 ], [ -75.02067, 46.44564 ], [ -75.02718, 46.44823 ], [ -75.03369, 46.44563 ], [ -75.03368, 46.44044 ], [ -75.02717, 46.43784 ], [ -75.02067, 46.44044 ] ] ] } },
{ "type": "Feature", "properties": { "hex_id": 435394, "centroid_lon": -75.027184497397997, "centroid_lat": 46.458625650571406, "hours_count": 6.0, "datetimes_affected": "2026-01-05 03:50:57,2026-01-05 03:50:57,2026-01-05 03:50:57,2026-01-05 03:50:57,2026-01-05 03:50:57,2026-01-05 03:50:57" }, "geometry": { "type": "Polygon", "coordinates": [ [ [ -75.02067, 46.45603 ], [ -75.02067, 46.46122 ], [ -75.02719, 46.46382 ], [ -75.0337, 46.46122 ], [ -75.03369, 46.45603 ], [ -75.02718, 46.45343 ], [ -75.02067, 46.45603 ] ] ] } },
{ "type": "Feature", "properties": { "hex_id": 435995, "centroid_lon": -75.020617415463775, "centroid_lat": 46.310541017267361, "hours_count": 18.0, "datetimes_affected": "2026-01-05 03:50:57,2026-01-05 03:50:57,2026-01-05 03:50:57,2026-01-05 03:50:57,2026-01-05 03:50:57,2026-01-05 03:50:57" }, "geometry": { "type": "Polygon", "coordinates": [ [ [ -75.01412, 46.30794 ], [ -75.01412, 46.31314 ], [ -75.02062, 46.31574 ], [ -75.02711, 46.31314 ], [ -75.02711, 46.30794 ], [ -75.02062, 46.30534 ], [ -75.01412, 46.30794 ] ] ] } },
{ "type": "Feature", "properties": { "hex_id": 435996, "centroid_lon": -75.020623271011004, "centroid_lat": 46.326129198221601, "hours_count": 18.0, "datetimes_affected": "2026-01-05 03:50:57,2026-01-05 03:50:57,2026-01-05 03:50:57,2026-01-05 03:50:57,2026-01-05 03:50:57,2026-01-05 03:50:57" }, "geometry": { "type": "Polygon", "coordinates": [ [ [ -75.01413, 46.32353 ], [ -75.01413, 46.32873 ], [ -75.02063, 46.33133 ], [ -75.02712, 46.32873 ], [ -75.02712, 46.32353 ], [ -75.02062, 46.32093 ], [ -75.01413, 46.32353 ] ] ] } },
{ "type": "Feature", "properties": { "hex_id": 435997, "centroid_lon": -75.020629131407745, "centroid_lat": 46.341717336485196, "hours_count": 18.0, "datetimes_affected": "2026-01-05 03:50:57,2026-01-05 03:50:57,2026-01-05 03:50:57,2026-01-05 03:50:57,2026-01-05 03:50:57,2026-01-05 03:50:57" }, "geometry": { "type": "Polygon", "coordinates": [ [ [ -75.01413, 46.33912 ], [ -75.01413, 46.34432 ], [ -75.02063, 46.34691 ], [ -75.02713, 46.34431 ], [ -75.02713, 46.33912 ], [ -75.02063, 46.33652 ], [ -75.01413, 46.33912 ] ] ] } },
{ "type": "Feature", "properties": { "hex_id": 435998, "centroid_lon": -75.020634996658956, "centroid_lat": 46.357305432059412, "hours_count": 36.0, "datetimes_affected": "2026-01-05 00:50:46,2026-01-05 00:50:46,2026-01-05 00:50:46,2026-01-05 00:50:46,2026-01-05 00:50:46,2026-01-05 00:50:46" }, "geometry": { "type": "Polygon", "coordinates": [ [ [ -75.01414, 46.35471 ], [ -75.01414, 46.3599 ], [ -75.02064, 46.3625 ], [ -75.02714, 46.3599 ], [ -75.02713, 46.35471 ], [ -75.02063, 46.35211 ], [ -75.01414, 46.35471 ] ] ] } },
{ "type": "Feature", "properties": { "hex_id": 435999, "centroid_lon": -75.020640866769696, "centroid_lat": 46.372893484945479, "hours_count": 36.0, "datetimes_affected": "2026-01-05 00:50:46,2026-01-05 00:50:46,2026-01-05 00:50:46,2026-01-05 00:50:46,2026-01-05 00:50:46,2026-01-05 00:50:46" }, "geometry": { "type": "Polygon", "coordinates": [ [ [ -75.01414, 46.3703 ], [ -75.01414, 46.37549 ], [ -75.02064, 46.37809 ], [ -75.02714, 46.37549 ], [ -75.02714, 46.37029 ], [ -75.02064, 46.3677 ], [ -75.01414, 46.3703 ] ] ] } },
{ "type": "Feature", "properties": { "hex_id": 436000, "centroid_lon": -75.02064674174494, "centroid_lat": 46.38848149514466, "hours_count": 36.0, "datetimes_affected": "2026-01-05 00:50:46,2026-01-05 00:50:46,2026-01-05 00:50:46,2026-01-05 00:50:46,2026-01-05 00:50:46,2026-01-05 00:50:46" }, "geometry": { "type": "Polygon", "coordinates": [ [ [ -75.01414, 46.38588 ], [ -75.01414, 46.39108 ], [ -75.02065, 46.39368 ], [ -75.02715, 46.39108 ], [ -75.02715, 46.38588 ], [ -75.02064, 46.38329 ], [ -75.01414, 46.38588 ] ] ] } },
{ "type": "Feature", "properties": { "hex_id": 436001, "centroid_lon": -75.020652621589704, "centroid_lat": 46.404069462658235, "hours_count": 42.0, "datetimes_affected": "2026-01-05 00:50:46,2026-01-05 00:50:46,2026-01-05 00:50:46,2026-01-05 00:50:46,2026-01-05 00:50:46,2026-01-05 00:50:46" }, "geometry": { "type": "Polygon", "coordinates": [ [ [ -75.01415, 46.40147 ], [ -75.01415, 46.40667 ], [ -75.02065, 46.40927 ], [ -75.02716, 46.40667 ], [ -75.02716, 46.40147 ], [ -75.02065, 46.39887 ], [ -75.01415, 46.40147 ] ] ] } },
{ "type": "Feature", "properties": { "hex_id": 436002, "centroid_lon": -75.020658506309019, "centroid_lat": 46.419657387487469, "hours_count": 42.0, "datetimes_affected": "2026-01-05 00:50:46,2026-01-05 00:50:46,2026-01-05 00:50:46,2026-01-05 00:50:46,2026-01-05 00:50:46,2026-01-05 00:50:46" }, "geometry": { "type": "Polygon", "coordinates": [ [ [ -75.01415, 46.41706 ], [ -75.01415, 46.42226 ], [ -75.02066, 46.42485 ], [ -75.02717, 46.42225 ], [ -75.02716, 46.41706 ], [ -75.02066, 46.41446 ], [ -75.01415, 46.41706 ] ] ] } },
{ "type": "Feature", "properties": { "hex_id": 436003, "centroid_lon": -75.020664395907914, "centroid_lat": 46.435245269633711, "hours_count": 24.0, "datetimes_affected": "2026-01-05 00:50:46,2026-01-05 00:50:46,2026-01-05 00:50:46,2026-01-05 00:50:46,2026-01-05 00:50:46,2026-01-05 00:50:46" }, "geometry": { "type": "Polygon", "coordinates": [ [ [ -75.01416, 46.43265 ], [ -75.01416, 46.43784 ], [ -75.02067, 46.44044 ], [ -75.02717, 46.43784 ], [ -75.02717, 46.43265 ], [ -75.02066, 46.43005 ], [ -75.01416, 46.43265 ] ] ] } },
{ "type": "Feature", "properties": { "hex_id": 436004, "centroid_lon": -75.020670290391422, "centroid_lat": 46.450833109098227, "hours_count": 24.0, "datetimes_affected": "2026-01-05 00:50:46,2026-01-05 00:50:46,2026-01-05 00:50:46,2026-01-05 00:50:46,2026-01-05 00:50:46,2026-01-05 00:50:46" }, "geometry": { "type": "Polygon", "coordinates": [ [ [ -75.01416, 46.44824 ], [ -75.01416, 46.45343 ], [ -75.02067, 46.45603 ], [ -75.02718, 46.45343 ], [ -75.02718, 46.44823 ], [ -75.02067, 46.44564 ], [ -75.01416, 46.44824 ] ] ] } },
{ "type": "Feature", "properties": { "hex_id": 436606, "centroid_lon": -75.014125744715784, "centroid_lat": 46.318336099836138, "hours_count": 18.0, "datetimes_affected": "2026-01-05 03:50:57,2026-01-05 03:50:57,2026-01-05 03:50:57,2026-01-05 03:50:57,2026-01-05 03:50:57,2026-01-05 03:50:57" }, "geometry": { "type": "Polygon", "coordinates": [ [ [ -75.00763, 46.31574 ], [ -75.00763, 46.32093 ], [ -75.01413, 46.32353 ], [ -75.02062, 46.32093 ], [ -75.02062, 46.31574 ], [ -75.01412, 46.31314 ], [ -75.00763, 46.31574 ] ] ] } },
{ "type": "Feature", "properties": { "hex_id": 436607, "centroid_lon": -75.014129757656463, "centroid_lat": 46.33392425997895, "hours_count": 18.0, "datetimes_affected": "2026-01-05 03:50:57,2026-01-05 03:50:57,2026-01-05 03:50:57,2026-01-05 03:50:57,2026-01-05 03:50:57,2026-01-05 03:50:57" }, "geometry": { "type": "Polygon", "coordinates": [ [ [ -75.00763, 46.33133 ], [ -75.00763, 46.33652 ], [ -75.01413, 46.33912 ], [ -75.02063, 46.33652 ], [ -75.02063, 46.33133 ], [ -75.01413, 46.32873 ], [ -75.00763, 46.33133 ] ] ] } },
{ "type": "Feature", "properties": { "hex_id": 436608, "centroid_lon": -75.014133773920946, "centroid_lat": 46.349512377432042, "hours_count": 36.0, "datetimes_affected": "2026-01-05 00:50:46,2026-01-05 00:50:46,2026-01-05 00:50:46,2026-01-05 00:50:46,2026-01-05 00:50:46,2026-01-05 00:50:46" }, "geometry": { "type": "Polygon", "coordinates": [ [ [ -75.00764, 46.34692 ], [ -75.00764, 46.35211 ], [ -75.01414, 46.35471 ], [ -75.02063, 46.35211 ], [ -75.02063, 46.34691 ], [ -75.01413, 46.34432 ], [ -75.00764, 46.34692 ] ] ] } },
{ "type": "Feature", "properties": { "hex_id": 436609, "centroid_lon": -75.014137793512674, "centroid_lat": 46.365100452196671, "hours_count": 36.0, "datetimes_affected": "2026-01-05 00:50:46,2026-01-05 00:50:46,2026-01-05 00:50:46,2026-01-05 00:50:46,2026-01-05 00:50:46,2026-01-05 00:50:46" }, "geometry": { "type": "Polygon", "coordinates": [ [ [ -75.00764, 46.3625 ], [ -75.00764, 46.3677 ], [ -75.01414, 46.3703 ], [ -75.02064, 46.3677 ], [ -75.02064, 46.3625 ], [ -75.01414, 46.3599 ], [ -75.00764, 46.3625 ] ] ] } },
{ "type": "Feature", "properties": { "hex_id": 436610, "centroid_lon": -75.014141816435057, "centroid_lat": 46.380688484274067, "hours_count": 36.0, "datetimes_affected": "2026-01-05 00:50:46,2026-01-05 00:50:46,2026-01-05 00:50:46,2026-01-05 00:50:46,2026-01-05 00:50:46,2026-01-05 00:50:46" }, "geometry": { "type": "Polygon", "coordinates": [ [ [ -75.00764, 46.37809 ], [ -75.00764, 46.38329 ], [ -75.01414, 46.38588 ], [ -75.02064, 46.38329 ], [ -75.02064, 46.37809 ], [ -75.01414, 46.37549 ], [ -75.00764, 46.37809 ] ] ] } },
{ "type": "Feature", "properties": { "hex_id": 436611, "centroid_lon": -75.014145842691548, "centroid_lat": 46.39627647366553, "hours_count": 42.0, "datetimes_affected": "2026-01-05 00:50:46,2026-01-05 00:50:46,2026-01-05 00:50:46,2026-01-05 00:50:46,2026-01-05 00:50:46,2026-01-05 00:50:46" }, "geometry": { "type": "Polygon", "coordinates": [ [ [ -75.00764, 46.39368 ], [ -75.00764, 46.39888 ], [ -75.01415, 46.40147 ], [ -75.02065, 46.39887 ], [ -75.02065, 46.39368 ], [ -75.01414, 46.39108 ], [ -75.00764, 46.39368 ] ] ] } },
{ "type": "Feature", "properties": { "hex_id": 436612, "centroid_lon": -75.014149872285572, "centroid_lat": 46.411864420372332, "hours_count": 42.0, "datetimes_affected": "2026-01-05 00:50:46,2026-01-05 00:50:46,2026-01-05 00:50:46,2026-01-05 00:50:46,2026-01-05 00:50:46,2026-01-05 00:50:46" }, "geometry": { "type": "Polygon", "coordinates": [ [ [ -75.00764, 46.40927 ], [ -75.00764, 46.41446 ], [ -75.01415, 46.41706 ], [ -75.02066, 46.41446 ], [ -75.02065, 46.40927 ], [ -75.01415, 46.40667 ], [ -75.00764, 46.40927 ] ] ] } },
{ "type": "Feature", "properties": { "hex_id": 436613, "centroid_lon": -75.014153905220567, "centroid_lat": 46.427452324395759, "hours_count": 42.0, "datetimes_affected": "2026-01-05 00:50:46,2026-01-05 00:50:46,2026-01-05 00:50:46,2026-01-05 00:50:46,2026-01-05 00:50:46,2026-01-05 00:50:46" }, "geometry": { "type": "Polygon", "coordinates": [ [ [ -75.00765, 46.42486 ], [ -75.00765, 46.43005 ], [ -75.01416, 46.43265 ], [ -75.02066, 46.43005 ], [ -75.02066, 46.42485 ], [ -75.01415, 46.42226 ], [ -75.00765, 46.42486 ] ] ] } },
{ "type": "Feature", "properties": { "hex_id": 436614, "centroid_lon": -75.014157941500002, "centroid_lat": 46.443040185737118, "hours_count": 42.0, "datetimes_affected": "2026-01-05 00:50:46,2026-01-05 00:50:46,2026-01-05 00:50:46,2026-01-05 00:50:46,2026-01-05 00:50:46,2026-01-05 00:50:46" }, "geometry": { "type": "Polygon", "coordinates": [ [ [ -75.00765, 46.44044 ], [ -75.00765, 46.44564 ], [ -75.01416, 46.44824 ], [ -75.02067, 46.44564 ], [ -75.02067, 46.44044 ], [ -75.01416, 46.43784 ], [ -75.00765, 46.44044 ] ] ] } },
{ "type": "Feature", "properties": { "hex_id": 436615, "centroid_lon": -75.01416198112733, "centroid_lat": 46.45862800439776, "hours_count": 6.0, "datetimes_affected": "2026-01-05 03:50:57,2026-01-05 03:50:57,2026-01-05 03:50:57,2026-01-05 03:50:57,2026-01-05 03:50:57,2026-01-05 03:50:57" }, "geometry": { "type": "Polygon", "coordinates": [ [ [ -75.00765, 46.45603 ], [ -75.00765, 46.46123 ], [ -75.01416, 46.46382 ], [ -75.02067, 46.46122 ], [ -75.02067, 46.45603 ], [ -75.01416, 46.45343 ], [ -75.00765, 46.45603 ] ] ] } },
{ "type": "Feature", "properties": { "hex_id": 437216, "centroid_lon": -75.00763006324128, "centroid_lat": 46.310542621463256, "hours_count": 6.0, "datetimes_affected": "2026-01-05 03:50:57,2026-01-05 03:50:57,2026-01-05 03:50:57,2026-01-05 03:50:57,2026-01-05 03:50:57,2026-01-05 03:50:57" }, "geometry": { "type": "Polygon", "coordinates": [ [ [ -75.00114, 46.30794 ], [ -75.00114, 46.31314 ], [ -75.00763, 46.31574 ], [ -75.01412, 46.31314 ], [ -75.01412, 46.30794 ], [ -75.00763, 46.30535 ], [ -75.00114, 46.30794 ] ] ] } },
{ "type": "Feature", "properties": { "hex_id": 437217, "centroid_lon": -75.007632230253861, "centroid_lat": 46.326130803285686, "hours_count": 18.0, "datetimes_affected": "2026-01-05 03:50:57,2026-01-05 03:50:57,2026-01-05 03:50:57,2026-01-05 03:50:57,2026-01-05 03:50:57,2026-01-05 03:50:57" }, "geometry": { "type": "Polygon", "coordinates": [ [ [ -75.00114, 46.32353 ], [ -75.00114, 46.32873 ], [ -75.00763, 46.33133 ], [ -75.01413, 46.32873 ], [ -75.01413, 46.32353 ], [ -75.00763, 46.32093 ], [ -75.00114, 46.32353 ] ] ] } },
{ "type": "Feature", "properties": { "hex_id": 437218, "centroid_lon": -75.00763439906116, "centroid_lat": 46.341718942417977, "hours_count": 18.0, "datetimes_affected": "2026-01-05 03:50:57,2026-01-05 03:50:57,2026-01-05 03:50:57,2026-01-05 03:50:57,2026-01-05 03:50:57,2026-01-05 03:50:57" }, "geometry": { "type": "Polygon", "coordinates": [ [ [ -75.00114, 46.33912 ], [ -75.00114, 46.34432 ], [ -75.00764, 46.34692 ], [ -75.01413, 46.34432 ], [ -75.01413, 46.33912 ], [ -75.00763, 46.33652 ], [ -75.00114, 46.33912 ] ] ] } },
{ "type": "Feature", "properties": { "hex_id": 437219, "centroid_lon": -75.00763656966501, "centroid_lat": 46.357307038861364, "hours_count": 36.0, "datetimes_affected": "2026-01-05 00:50:46,2026-01-05 00:50:46,2026-01-05 00:50:46,2026-01-05 00:50:46,2026-01-05 00:50:46,2026-01-05 00:50:46" }, "geometry": { "type": "Polygon", "coordinates": [ [ [ -75.00114, 46.35471 ], [ -75.00114, 46.35991 ], [ -75.00764, 46.3625 ], [ -75.01414, 46.3599 ], [ -75.01414, 46.35471 ], [ -75.00764, 46.35211 ], [ -75.00114, 46.35471 ] ] ] } },
{ "type": "Feature", "properties": { "hex_id": 437220, "centroid_lon": -75.007638742067243, "centroid_lat": 46.372895092617092, "hours_count": 36.0, "datetimes_affected": "2026-01-05 00:50:46,2026-01-05 00:50:46,2026-01-05 00:50:46,2026-01-05 00:50:46,2026-01-05 00:50:46,2026-01-05 00:50:46" }, "geometry": { "type": "Polygon", "coordinates": [ [ [ -75.00114, 46.3703 ], [ -75.00114, 46.37549 ], [ -75.00764, 46.37809 ], [ -75.01414, 46.37549 ], [ -75.01414, 46.3703 ], [ -75.00764, 46.3677 ], [ -75.00114, 46.3703 ] ] ] } },
{ "type": "Feature", "properties": { "hex_id": 437221, "centroid_lon": -75.007640916269722, "centroid_lat": 46.388483103686426, "hours_count": 36.0, "datetimes_affected": "2026-01-05 00:50:46,2026-01-05 00:50:46,2026-01-05 00:50:46,2026-01-05 00:50:46,2026-01-05 00:50:46,2026-01-05 00:50:46" }, "geometry": { "type": "Polygon", "coordinates": [ [ [ -75.00114, 46.38589 ], [ -75.00114, 46.39108 ], [ -75.00764, 46.39368 ], [ -75.01414, 46.39108 ], [ -75.01414, 46.38588 ], [ -75.00764, 46.38329 ], [ -75.00114, 46.38589 ] ] ] } },
{ "type": "Feature", "properties": { "hex_id": 437222, "centroid_lon": -75.007643092274321, "centroid_lat": 46.40407107207065, "hours_count": 42.0, "datetimes_affected": "2026-01-05 00:50:46,2026-01-05 00:50:46,2026-01-05 00:50:46,2026-01-05 00:50:46,2026-01-05 00:50:46,2026-01-05 00:50:46" }, "geometry": { "type": "Polygon", "coordinates": [ [ [ -75.00114, 46.40147 ], [ -75.00114, 46.40667 ], [ -75.00764, 46.40927 ], [ -75.01415, 46.40667 ], [ -75.01415, 46.40147 ], [ -75.00764, 46.39888 ], [ -75.00114, 46.40147 ] ] ] } },
{ "type": "Feature", "properties": { "hex_id": 437223, "centroid_lon": -75.00764527008289, "centroid_lat": 46.419658997771023, "hours_count": 42.0, "datetimes_affected": "2026-01-05 00:50:46,2026-01-05 00:50:46,2026-01-05 00:50:46,2026-01-05 00:50:46,2026-01-05 00:50:46,2026-01-05 00:50:46" }, "geometry": { "type": "Polygon", "coordinates": [ [ [ -75.00114, 46.41706 ], [ -75.00114, 46.42226 ], [ -75.00765, 46.42486 ], [ -75.01415, 46.42226 ], [ -75.01415, 46.41706 ], [ -75.00764, 46.41446 ], [ -75.00114, 46.41706 ] ] ] } },
{ "type": "Feature", "properties": { "hex_id": 437224, "centroid_lon": -75.007647449697259, "centroid_lat": 46.435246880788888, "hours_count": 42.0, "datetimes_affected": "2026-01-05 00:50:46,2026-01-05 00:50:46,2026-01-05 00:50:46,2026-01-05 00:50:46,2026-01-05 00:50:46,2026-01-05 00:50:46" }, "geometry": { "type": "Polygon", "coordinates": [ [ [ -75.00114, 46.43265 ], [ -75.00114, 46.43785 ], [ -75.00765, 46.44044 ], [ -75.01416, 46.43784 ], [ -75.01416, 46.43265 ], [ -75.00765, 46.43005 ], [ -75.00114, 46.43265 ] ] ] } },
{ "type": "Feature", "properties": { "hex_id": 437225, "centroid_lon": -75.007649631119349, "centroid_lat": 46.450834721125545, "hours_count": 42.0, "datetimes_affected": "2026-01-05 00:50:46,2026-01-05 00:50:46,2026-01-05 00:50:46,2026-01-05 00:50:46,2026-01-05 00:50:46,2026-01-05 00:50:46" }, "geometry": { "type": "Polygon", "coordinates": [ [ [ -75.00114, 46.44824 ], [ -75.00114, 46.45343 ], [ -75.00765, 46.45603 ], [ -75.01416, 46.45343 ], [ -75.01416, 46.44824 ], [ -75.00765, 46.44564 ], [ -75.00114, 46.44824 ] ] ] } },
{ "type": "Feature", "properties": { "hex_id": 437226, "centroid_lon": -75.007651814350993, "centroid_lat": 46.466422518782295, "hours_count": 6.0, "datetimes_affected": "2026-01-05 03:50:57,2026-01-05 03:50:57,2026-01-05 03:50:57,2026-01-05 03:50:57,2026-01-05 03:50:57,2026-01-05 03:50:57" }, "geometry": { "type": "Polygon", "coordinates": [ [ [ -75.00114, 46.46382 ], [ -75.00114, 46.46902 ], [ -75.00765, 46.47162 ], [ -75.01416, 46.46902 ], [ -75.01416, 46.46382 ], [ -75.00765, 46.46123 ], [ -75.00114, 46.46382 ] ] ] } },
{ "type": "Feature", "properties": { "hex_id": 437828, "centroid_lon": -75.001136871060027, "centroid_lat": 46.333925127316824, "hours_count": 6.0, "datetimes_affected": "2026-01-05 03:50:57,2026-01-05 03:50:57,2026-01-05 03:50:57,2026-01-05 03:50:57,2026-01-05 03:50:57,2026-01-05 03:50:57" }, "geometry": { "type": "Polygon", "coordinates": [ [ [ -74.99464, 46.33133 ], [ -74.99464, 46.33652 ], [ -75.00114, 46.33912 ], [ -75.00763, 46.33652 ], [ -75.00763, 46.33133 ], [ -75.00114, 46.32873 ], [ -74.99464, 46.33133 ] ] ] } },
{ "type": "Feature", "properties": { "hex_id": 437829, "centroid_lon": -75.001137194206066, "centroid_lat": 46.349513245239351, "hours_count": 6.0, "datetimes_affected": "2026-01-05 03:50:57,2026-01-05 03:50:57,2026-01-05 03:50:57,2026-01-05 03:50:57,2026-01-05 03:50:57,2026-01-05 03:50:57" }, "geometry": { "type": "Polygon", "coordinates": [ [ [ -74.99464, 46.34692 ], [ -74.99464, 46.35211 ], [ -75.00114, 46.35471 ], [ -75.00764, 46.35211 ], [ -75.00764, 46.34692 ], [ -75.00114, 46.34432 ], [ -74.99464, 46.34692 ] ] ] } },
{ "type": "Feature", "properties": { "hex_id": 437830, "centroid_lon": -75.001137517619796, "centroid_lat": 46.365101320473656, "hours_count": 36.0, "datetimes_affected": "2026-01-05 00:50:46,2026-01-05 00:50:46,2026-01-05 00:50:46,2026-01-05 00:50:46,2026-01-05 00:50:46,2026-01-05 00:50:46" }, "geometry": { "type": "Polygon", "coordinates": [ [ [ -74.99464, 46.3625 ], [ -74.99464, 46.3677 ], [ -75.00114, 46.3703 ], [ -75.00764, 46.3677 ], [ -75.00764, 46.3625 ], [ -75.00114, 46.35991 ], [ -74.99464, 46.3625 ] ] ] } },
{ "type": "Feature", "properties": { "hex_id": 437831, "centroid_lon": -75.001137841301514, "centroid_lat": 46.380689353020998, "hours_count": 36.0, "datetimes_affected": "2026-01-05 00:50:46,2026-01-05 00:50:46,2026-01-05 00:50:46,2026-01-05 00:50:46,2026-01-05 00:50:46,2026-01-05 00:50:46" }, "geometry": { "type": "Polygon", "coordinates": [ [ [ -74.99464, 46.37809 ], [ -74.99464, 46.38329 ], [ -75.00114, 46.38589 ], [ -75.00764, 46.38329 ], [ -75.00764, 46.37809 ], [ -75.00114, 46.37549 ], [ -74.99464, 46.37809 ] ] ] } },
{ "type": "Feature", "properties": { "hex_id": 437832, "centroid_lon": -75.00113816525149, "centroid_lat": 46.396277342882691, "hours_count": 42.0, "datetimes_affected": "2026-01-05 00:50:46,2026-01-05 00:50:46,2026-01-05 00:50:46,2026-01-05 00:50:46,2026-01-05 00:50:46,2026-01-05 00:50:46" }, "geometry": { "type": "Polygon", "coordinates": [ [ [ -74.99463, 46.39368 ], [ -74.99463, 46.39888 ], [ -75.00114, 46.40147 ], [ -75.00764, 46.39888 ], [ -75.00764, 46.39368 ], [ -75.00114, 46.39108 ], [ -74.99463, 46.39368 ] ] ] } },
{ "type": "Feature", "properties": { "hex_id": 437833, "centroid_lon": -75.001138489469994, "centroid_lat": 46.411865290059971, "hours_count": 42.0, "datetimes_affected": "2026-01-05 00:50:46,2026-01-05 00:50:46,2026-01-05 00:50:46,2026-01-05 00:50:46,2026-01-05 00:50:46,2026-01-05 00:50:46" }, "geometry": { "type": "Polygon", "coordinates": [ [ [ -74.99463, 46.40927 ], [ -74.99463, 46.41446 ], [ -75.00114, 46.41706 ], [ -75.00764, 46.41446 ], [ -75.00764, 46.40927 ], [ -75.00114, 46.40667 ], [ -74.99463, 46.40927 ] ] ] } },
{ "type": "Feature", "properties": { "hex_id": 437834, "centroid_lon": -75.001138813957326, "centroid_lat": 46.427453194554147, "hours_count": 42.0, "datetimes_affected": "2026-01-05 00:50:46,2026-01-05 00:50:46,2026-01-05 00:50:46,2026-01-05 00:50:46,2026-01-05 00:50:46,2026-01-05 00:50:46" }, "geometry": { "type": "Polygon", "coordinates": [ [ [ -74.99463, 46.42486 ], [ -74.99463, 46.43005 ], [ -75.00114, 46.43265 ], [ -75.00765, 46.43005 ], [ -75.00765, 46.42486 ], [ -75.00114, 46.42226 ], [ -74.99463, 46.42486 ] ] ] } },
{ "type": "Feature", "properties": { "hex_id": 437835, "centroid_lon": -75.001139138713754, "centroid_lat": 46.443041056366532, "hours_count": 42.0, "datetimes_affected": "2026-01-05 00:50:46,2026-01-05 00:50:46,2026-01-05 00:50:46,2026-01-05 00:50:46,2026-01-05 00:50:46,2026-01-05 00:50:46" }, "geometry": { "type": "Polygon", "coordinates": [ [ [ -74.99463, 46.44044 ], [ -74.99463, 46.44564 ], [ -75.00114, 46.44824 ], [ -75.00765, 46.44564 ], [ -75.00765, 46.44044 ], [ -75.00114, 46.43785 ], [ -74.99463, 46.44044 ] ] ] } },
{ "type": "Feature", "properties": { "hex_id": 437836, "centroid_lon": -75.001139463739534, "centroid_lat": 46.458628875498441, "hours_count": 24.0, "datetimes_affected": "2026-01-05 03:50:57,2026-01-05 03:50:57,2026-01-05 03:50:57,2026-01-05 03:50:57,2026-01-05 03:50:57,2026-01-05 03:50:57" }, "geometry": { "type": "Polygon", "coordinates": [ [ [ -74.99463, 46.45603 ], [ -74.99463, 46.46123 ], [ -75.00114, 46.46382 ], [ -75.00765, 46.46123 ], [ -75.00765, 46.45603 ], [ -75.00114, 46.45343 ], [ -74.99463, 46.45603 ] ] ] } },
{ "type": "Feature", "properties": { "hex_id": 438439, "centroid_lon": -74.994639666115745, "centroid_lat": 46.341719071630273, "hours_count": 6.0, "datetimes_affected": "2026-01-05 03:50:57,2026-01-05 03:50:57,2026-01-05 03:50:57,2026-01-05 03:50:57,2026-01-05 03:50:57,2026-01-05 03:50:57" }, "geometry": { "type": "Polygon", "coordinates": [ [ [ -74.98814, 46.33912 ], [ -74.98814, 46.34432 ], [ -74.99464, 46.34692 ], [ -75.00114, 46.34432 ], [ -75.00114, 46.33912 ], [ -74.99464, 46.33652 ], [ -74.98814, 46.33912 ] ] ] } },
{ "type": "Feature", "properties": { "hex_id": 438440, "centroid_lon": -74.994638142071565, "centroid_lat": 46.357307168143599, "hours_count": 6.0, "datetimes_affected": "2026-01-05 03:50:57,2026-01-05 03:50:57,2026-01-05 03:50:57,2026-01-05 03:50:57,2026-01-05 03:50:57,2026-01-05 03:50:57" }, "geometry": { "type": "Polygon", "coordinates": [ [ [ -74.98814, 46.35471 ], [ -74.98814, 46.3599 ], [ -74.99464, 46.3625 ], [ -75.00114, 46.35991 ], [ -75.00114, 46.35471 ], [ -74.99464, 46.35211 ], [ -74.98814, 46.35471 ] ] ] } },
{ "type": "Feature", "properties": { "hex_id": 438441, "centroid_lon": -74.994636616764694, "centroid_lat": 46.372895221969308, "hours_count": 24.0, "datetimes_affected": "2026-01-05 00:50:46,2026-01-05 00:50:46,2026-01-05 00:50:46,2026-01-05 00:50:46,2026-01-05 00:50:46,2026-01-05 00:50:46" }, "geometry": { "type": "Polygon", "coordinates": [ [ [ -74.98814, 46.3703 ], [ -74.98813, 46.37549 ], [ -74.99464, 46.37809 ], [ -75.00114, 46.37549 ], [ -75.00114, 46.3703 ], [ -74.99464, 46.3677 ], [ -74.98814, 46.3703 ] ] ] } },
{ "type": "Feature", "properties": { "hex_id": 438442, "centroid_lon": -74.99463509019381, "centroid_lat": 46.388483233108644, "hours_count": 24.0, "datetimes_affected": "2026-01-05 00:50:46,2026-01-05 00:50:46,2026-01-05 00:50:46,2026-01-05 00:50:46,2026-01-05 00:50:46,2026-01-05 00:50:46" }, "geometry": { "type": "Polygon", "coordinates": [ [ [ -74.98813, 46.38588 ], [ -74.98813, 46.39108 ], [ -74.99463, 46.39368 ], [ -75.00114, 46.39108 ], [ -75.00114, 46.38589 ], [ -74.99464, 46.38329 ], [ -74.98813, 46.38588 ] ] ] } },
{ "type": "Feature", "properties": { "hex_id": 438443, "centroid_lon": -74.99463356235762, "centroid_lat": 46.404071201562921, "hours_count": 42.0, "datetimes_affected": "2026-01-05 00:50:46,2026-01-05 00:50:46,2026-01-05 00:50:46,2026-01-05 00:50:46,2026-01-05 00:50:46,2026-01-05 00:50:46" }, "geometry": { "type": "Polygon", "coordinates": [ [ [ -74.98813, 46.40147 ], [ -74.98813, 46.40667 ], [ -74.99463, 46.40927 ], [ -75.00114, 46.40667 ], [ -75.00114, 46.40147 ], [ -74.99463, 46.39888 ], [ -74.98813, 46.40147 ] ] ] } },
{ "type": "Feature", "properties": { "hex_id": 438444, "centroid_lon": -74.994632033254803, "centroid_lat": 46.419659127333389, "hours_count": 42.0, "datetimes_affected": "2026-01-05 00:50:46,2026-01-05 00:50:46,2026-01-05 00:50:46,2026-01-05 00:50:46,2026-01-05 00:50:46,2026-01-05 00:50:46" }, "geometry": { "type": "Polygon", "coordinates": [ [ [ -74.98813, 46.41706 ], [ -74.98812, 46.42226 ], [ -74.99463, 46.42486 ], [ -75.00114, 46.42226 ], [ -75.00114, 46.41706 ], [ -74.99463, 46.41446 ], [ -74.98813, 46.41706 ] ] ] } },
{ "type": "Feature", "properties": { "hex_id": 438445, "centroid_lon": -74.99463050288405, "centroid_lat": 46.435247010421392, "hours_count": 42.0, "datetimes_affected": "2026-01-05 00:50:46,2026-01-05 00:50:46,2026-01-05 00:50:46,2026-01-05 00:50:46,2026-01-05 00:50:46,2026-01-05 00:50:46" }, "geometry": { "type": "Polygon", "coordinates": [ [ [ -74.98812, 46.43265 ], [ -74.98812, 46.43784 ], [ -74.99463, 46.44044 ], [ -75.00114, 46.43785 ], [ -75.00114, 46.43265 ], [ -74.99463, 46.43005 ], [ -74.98812, 46.43265 ] ] ] } },
{ "type": "Feature", "properties": { "hex_id": 438446, "centroid_lon": -74.994628971244083, "centroid_lat": 46.450834850828208, "hours_count": 42.0, "datetimes_affected": "2026-01-05 00:50:46,2026-01-05 00:50:46,2026-01-05 00:50:46,2026-01-05 00:50:46,2026-01-05 00:50:46,2026-01-05 00:50:46" }, "geometry": { "type": "Polygon", "coordinates": [ [ [ -74.98812, 46.44824 ], [ -74.98812, 46.45343 ], [ -74.99463, 46.45603 ], [ -75.00114, 46.45343 ], [ -75.00114, 46.44824 ], [ -74.99463, 46.44564 ], [ -74.98812, 46.44824 ] ] ] } },
{ "type": "Feature", "properties": { "hex_id": 438447, "centroid_lon": -74.994627438333566, "centroid_lat": 46.466422648555174, "hours_count": 6.0, "datetimes_affected": "2026-01-05 03:50:57,2026-01-05 03:50:57,2026-01-05 03:50:57,2026-01-05 03:50:57,2026-01-05 03:50:57,2026-01-05 03:50:57" }, "geometry": { "type": "Polygon", "coordinates": [ [ [ -74.98812, 46.46382 ], [ -74.98811, 46.46902 ], [ -74.99463, 46.47162 ], [ -75.00114, 46.46902 ], [ -75.00114, 46.46382 ], [ -74.99463, 46.46123 ], [ -74.98812, 46.46382 ] ] ] } },
{ "type": "Feature", "properties": { "hex_id": 439050, "centroid_lon": -74.988140614401942, "centroid_lat": 46.349512635926565, "hours_count": 6.0, "datetimes_affected": "2026-01-05 03:50:57,2026-01-05 03:50:57,2026-01-05 03:50:57,2026-01-05 03:50:57,2026-01-05 03:50:57,2026-01-05 03:50:57" }, "geometry": { "type": "Polygon", "coordinates": [ [ [ -74.98164, 46.34691 ], [ -74.98164, 46.35211 ], [ -74.98814, 46.35471 ], [ -74.99464, 46.35211 ], [ -74.99464, 46.34692 ], [ -74.98814, 46.34432 ], [ -74.98164, 46.34691 ] ] ] } },
{ "type": "Feature", "properties": { "hex_id": 439051, "centroid_lon": -74.988137241637602, "centroid_lat": 46.365100710831101, "hours_count": 6.0, "datetimes_affected": "2026-01-05 03:50:57,2026-01-05 03:50:57,2026-01-05 03:50:57,2026-01-05 03:50:57,2026-01-05 03:50:57,2026-01-05 03:50:57" }, "geometry": { "type": "Polygon", "coordinates": [ [ [ -74.98164, 46.3625 ], [ -74.98164, 46.3677 ], [ -74.98814, 46.3703 ], [ -74.99464, 46.3677 ], [ -74.99464, 46.3625 ], [ -74.98814, 46.3599 ], [ -74.98164, 46.3625 ] ] ] } },
{ "type": "Feature", "properties": { "hex_id": 439052, "centroid_lon": -74.988133866078556, "centroid_lat": 46.380688743048474, "hours_count": 6.0, "datetimes_affected": "2026-01-05 03:50:57,2026-01-05 03:50:57,2026-01-05 03:50:57,2026-01-05 03:50:57,2026-01-05 03:50:57,2026-01-05 03:50:57" }, "geometry": { "type": "Polygon", "coordinates": [ [ [ -74.98163, 46.37809 ], [ -74.98163, 46.38329 ], [ -74.98813, 46.38588 ], [ -74.99464, 46.38329 ], [ -74.99464, 46.37809 ], [ -74.98813, 46.37549 ], [ -74.98163, 46.37809 ] ] ] } },
{ "type": "Feature", "properties": { "hex_id": 439053, "centroid_lon": -74.988130487721932, "centroid_lat": 46.396276732580006, "hours_count": 24.0, "datetimes_affected": "2026-01-05 00:50:46,2026-01-05 00:50:46,2026-01-05 00:50:46,2026-01-05 00:50:46,2026-01-05 00:50:46,2026-01-05 00:50:46" }, "geometry": { "type": "Polygon", "coordinates": [ [ [ -74.98163, 46.39368 ], [ -74.98163, 46.39887 ], [ -74.98813, 46.40147 ], [ -74.99463, 46.39888 ], [ -74.99463, 46.39368 ], [ -74.98813, 46.39108 ], [ -74.98163, 46.39368 ] ] ] } },
{ "type": "Feature", "properties": { "hex_id": 439054, "centroid_lon": -74.988127106564832, "centroid_lat": 46.411864679426955, "hours_count": 42.0, "datetimes_affected": "2026-01-05 00:50:46,2026-01-05 00:50:46,2026-01-05 00:50:46,2026-01-05 00:50:46,2026-01-05 00:50:46,2026-01-05 00:50:46" }, "geometry": { "type": "Polygon", "coordinates": [ [ [ -74.98162, 46.40927 ], [ -74.98162, 46.41446 ], [ -74.98813, 46.41706 ], [ -74.99463, 46.41446 ], [ -74.99463, 46.40927 ], [ -74.98813, 46.40667 ], [ -74.98162, 46.40927 ] ] ] } },
{ "type": "Feature", "properties": { "hex_id": 439055, "centroid_lon": -74.988123722604385, "centroid_lat": 46.4274525835906, "hours_count": 42.0, "datetimes_affected": "2026-01-05 00:50:46,2026-01-05 00:50:46,2026-01-05 00:50:46,2026-01-05 00:50:46,2026-01-05 00:50:46,2026-01-05 00:50:46" }, "geometry": { "type": "Polygon", "coordinates": [ [ [ -74.98162, 46.42485 ], [ -74.98162, 46.43005 ], [ -74.98812, 46.43265 ], [ -74.99463, 46.43005 ], [ -74.99463, 46.42486 ], [ -74.98812, 46.42226 ], [ -74.98162, 46.42485 ] ] ] } },
{ "type": "Feature", "properties": { "hex_id": 439056, "centroid_lon": -74.988120335837692, "centroid_lat": 46.44304044507227, "hours_count": 42.0, "datetimes_affected": "2026-01-05 00:50:46,2026-01-05 00:50:46,2026-01-05 00:50:46,2026-01-05 00:50:46,2026-01-05 00:50:46,2026-01-05 00:50:46" }, "geometry": { "type": "Polygon", "coordinates": [ [ [ -74.98161, 46.44044 ], [ -74.98161, 46.44564 ], [ -74.98812, 46.44824 ], [ -74.99463, 46.44564 ], [ -74.99463, 46.44044 ], [ -74.98812, 46.43784 ], [ -74.98161, 46.44044 ] ] ] } },
{ "type": "Feature", "properties": { "hex_id": 439057, "centroid_lon": -74.988116946261854, "centroid_lat": 46.458628263873287, "hours_count": 24.0, "datetimes_affected": "2026-01-05 03:50:57,2026-01-05 03:50:57,2026-01-05 03:50:57,2026-01-05 03:50:57,2026-01-05 03:50:57,2026-01-05 03:50:57" }, "geometry": { "type": "Polygon", "coordinates": [ [ [ -74.98161, 46.45603 ], [ -74.9816, 46.46123 ], [ -74.98812, 46.46382 ], [ -74.99463, 46.46123 ], [ -74.99463, 46.45603 ], [ -74.98812, 46.45343 ], [ -74.98161, 46.45603 ] ] ] } },
{ "type": "Feature", "properties": { "hex_id": 439660, "centroid_lon": -74.981644933590786, "centroid_lat": 46.341717724122091, "hours_count": 6.0, "datetimes_affected": "2026-01-05 03:50:57,2026-01-05 03:50:57,2026-01-05 03:50:57,2026-01-05 03:50:57,2026-01-05 03:50:57,2026-01-05 03:50:57" }, "geometry": { "type": "Polygon", "coordinates": [ [ [ -74.97515, 46.33912 ], [ -74.97515, 46.34431 ], [ -74.98164, 46.34691 ], [ -74.98814, 46.34432 ], [ -74.98814, 46.33912 ], [ -74.98165, 46.33652 ], [ -74.97515, 46.33912 ] ] ] } },
{ "type": "Feature", "properties": { "hex_id": 439661, "centroid_lon": -74.981639714899046, "centroid_lat": 46.357305819906095, "hours_count": 6.0, "datetimes_affected": "2026-01-05 03:50:57,2026-01-05 03:50:57,2026-01-05 03:50:57,2026-01-05 03:50:57,2026-01-05 03:50:57,2026-01-05 03:50:57" }, "geometry": { "type": "Polygon", "coordinates": [ [ [ -74.97514, 46.35471 ], [ -74.97514, 46.3599 ], [ -74.98164, 46.3625 ], [ -74.98814, 46.3599 ], [ -74.98814, 46.35471 ], [ -74.98164, 46.35211 ], [ -74.97514, 46.35471 ] ] ] } },
{ "type": "Feature", "properties": { "hex_id": 439662, "centroid_lon": -74.981634491883497, "centroid_lat": 46.372893873002084, "hours_count": 6.0, "datetimes_affected": "2026-01-05 03:50:57,2026-01-05 03:50:57,2026-01-05 03:50:57,2026-01-05 03:50:57,2026-01-05 03:50:57,2026-01-05 03:50:57" }, "geometry": { "type": "Polygon", "coordinates": [ [ [ -74.97513, 46.37029 ], [ -74.97513, 46.37549 ], [ -74.98163, 46.37809 ], [ -74.98813, 46.37549 ], [ -74.98814, 46.3703 ], [ -74.98164, 46.3677 ], [ -74.97513, 46.37029 ] ] ] } },
{ "type": "Feature", "properties": { "hex_id": 439663, "centroid_lon": -74.981629264539663, "centroid_lat": 46.388481883411295, "hours_count": 6.0, "datetimes_affected": "2026-01-05 03:50:57,2026-01-05 03:50:57,2026-01-05 03:50:57,2026-01-05 03:50:57,2026-01-05 03:50:57,2026-01-05 03:50:57" }, "geometry": { "type": "Polygon", "coordinates": [ [ [ -74.97513, 46.38588 ], [ -74.97513, 46.39108 ], [ -74.98163, 46.39368 ], [ -74.98813, 46.39108 ], [ -74.98813, 46.38588 ], [ -74.98163, 46.38329 ], [ -74.97513, 46.38588 ] ] ] } },
{ "type": "Feature", "properties": { "hex_id": 439664, "centroid_lon": -74.981624032863124, "centroid_lat": 46.40406985113502, "hours_count": 6.0, "datetimes_affected": "2026-01-05 03:50:57,2026-01-05 03:50:57,2026-01-05 03:50:57,2026-01-05 03:50:57,2026-01-05 03:50:57,2026-01-05 03:50:57" }, "geometry": { "type": "Polygon", "coordinates": [ [ [ -74.97512, 46.40147 ], [ -74.97512, 46.40667 ], [ -74.98162, 46.40927 ], [ -74.98813, 46.40667 ], [ -74.98813, 46.40147 ], [ -74.98163, 46.39887 ], [ -74.97512, 46.40147 ] ] ] } },
{ "type": "Feature", "properties": { "hex_id": 439665, "centroid_lon": -74.981618796849361, "centroid_lat": 46.419657776174539, "hours_count": 42.0, "datetimes_affected": "2026-01-05 00:50:46,2026-01-05 00:50:46,2026-01-05 00:50:46,2026-01-05 00:50:46,2026-01-05 00:50:46,2026-01-05 00:50:46" }, "geometry": { "type": "Polygon", "coordinates": [ [ [ -74.97511, 46.41706 ], [ -74.97511, 46.42225 ], [ -74.98162, 46.42485 ], [ -74.98812, 46.42226 ], [ -74.98813, 46.41706 ], [ -74.98162, 46.41446 ], [ -74.97511, 46.41706 ] ] ] } },
{ "type": "Feature", "properties": { "hex_id": 439666, "centroid_lon": -74.981613556493926, "centroid_lat": 46.435245658531173, "hours_count": 24.0, "datetimes_affected": "2026-01-05 03:50:57,2026-01-05 03:50:57,2026-01-05 03:50:57,2026-01-05 03:50:57,2026-01-05 03:50:57,2026-01-05 03:50:57" }, "geometry": { "type": "Polygon", "coordinates": [ [ [ -74.97511, 46.43265 ], [ -74.9751, 46.43784 ], [ -74.98161, 46.44044 ], [ -74.98812, 46.43784 ], [ -74.98812, 46.43265 ], [ -74.98162, 46.43005 ], [ -74.97511, 46.43265 ] ] ] } },
{ "type": "Feature", "properties": { "hex_id": 439667, "centroid_lon": -74.981608311792328, "centroid_lat": 46.450833498206201, "hours_count": 24.0, "datetimes_affected": "2026-01-05 03:50:57,2026-01-05 03:50:57,2026-01-05 03:50:57,2026-01-05 03:50:57,2026-01-05 03:50:57,2026-01-05 03:50:57" }, "geometry": { "type": "Polygon", "coordinates": [ [ [ -74.9751, 46.44823 ], [ -74.9751, 46.45343 ], [ -74.98161, 46.45603 ], [ -74.98812, 46.45343 ], [ -74.98812, 46.44824 ], [ -74.98161, 46.44564 ], [ -74.9751, 46.44823 ] ] ] } },
{ "type": "Feature", "properties": { "hex_id": 439668, "centroid_lon": -74.981603062740106, "centroid_lat": 46.466421295200959, "hours_count": 24.0, "datetimes_affected": "2026-01-05 03:50:57,2026-01-05 03:50:57,2026-01-05 03:50:57,2026-01-05 03:50:57,2026-01-05 03:50:57,2026-01-05 03:50:57" }, "geometry": { "type": "Polygon", "coordinates": [ [ [ -74.97509, 46.46382 ], [ -74.97509, 46.46902 ], [ -74.9816, 46.47162 ], [ -74.98811, 46.46902 ], [ -74.98812, 46.46382 ], [ -74.9816, 46.46123 ], [ -74.97509, 46.46382 ] ] ] } },
{ "type": "Feature", "properties": { "hex_id": 440270, "centroid_lon": -74.975151098618554, "centroid_lat": 46.333922433029514, "hours_count": 6.0, "datetimes_affected": "2026-01-05 03:50:57,2026-01-05 03:50:57,2026-01-05 03:50:57,2026-01-05 03:50:57,2026-01-05 03:50:57,2026-01-05 03:50:57" }, "geometry": { "type": "Polygon", "coordinates": [ [ [ -74.96866, 46.33132 ], [ -74.96865, 46.33652 ], [ -74.97515, 46.33912 ], [ -74.98165, 46.33652 ], [ -74.98165, 46.33133 ], [ -74.97515, 46.32873 ], [ -74.96866, 46.33132 ] ] ] } },
{ "type": "Feature", "properties": { "hex_id": 440271, "centroid_lon": -74.97514403552843, "centroid_lat": 46.349510549493829, "hours_count": 6.0, "datetimes_affected": "2026-01-05 03:50:57,2026-01-05 03:50:57,2026-01-05 03:50:57,2026-01-05 03:50:57,2026-01-05 03:50:57,2026-01-05 03:50:57" }, "geometry": { "type": "Polygon", "coordinates": [ [ [ -74.96865, 46.34691 ], [ -74.96864, 46.35211 ], [ -74.97514, 46.35471 ], [ -74.98164, 46.35211 ], [ -74.98164, 46.34691 ], [ -74.97515, 46.34431 ], [ -74.96865, 46.34691 ] ] ] } },
{ "type": "Feature", "properties": { "hex_id": 440272, "centroid_lon": -74.975136966586959, "centroid_lat": 46.36509862326912, "hours_count": 6.0, "datetimes_affected": "2026-01-05 03:50:57,2026-01-05 03:50:57,2026-01-05 03:50:57,2026-01-05 03:50:57,2026-01-05 03:50:57,2026-01-05 03:50:57" }, "geometry": { "type": "Polygon", "coordinates": [ [ [ -74.96864, 46.3625 ], [ -74.96864, 46.36769 ], [ -74.97513, 46.37029 ], [ -74.98164, 46.3677 ], [ -74.98164, 46.3625 ], [ -74.97514, 46.3599 ], [ -74.96864, 46.3625 ] ] ] } },
{ "type": "Feature", "properties": { "hex_id": 440273, "centroid_lon": -74.975129891788114, "centroid_lat": 46.380686654356609, "hours_count": 6.0, "datetimes_affected": "2026-01-05 03:50:57,2026-01-05 03:50:57,2026-01-05 03:50:57,2026-01-05 03:50:57,2026-01-05 03:50:57,2026-01-05 03:50:57" }, "geometry": { "type": "Polygon", "coordinates": [ [ [ -74.96863, 46.37809 ], [ -74.96863, 46.38328 ], [ -74.97513, 46.38588 ], [ -74.98163, 46.38329 ], [ -74.98163, 46.37809 ], [ -74.97513, 46.37549 ], [ -74.96863, 46.37809 ] ] ] } },
{ "type": "Feature", "properties": { "hex_id": 440274, "centroid_lon": -74.975122811125843, "centroid_lat": 46.396274642757618, "hours_count": 6.0, "datetimes_affected": "2026-01-05 03:50:57,2026-01-05 03:50:57,2026-01-05 03:50:57,2026-01-05 03:50:57,2026-01-05 03:50:57,2026-01-05 03:50:57" }, "geometry": { "type": "Polygon", "coordinates": [ [ [ -74.96862, 46.39368 ], [ -74.96862, 46.39887 ], [ -74.97512, 46.40147 ], [ -74.98163, 46.39887 ], [ -74.98163, 46.39368 ], [ -74.97513, 46.39108 ], [ -74.96862, 46.39368 ] ] ] } },
{ "type": "Feature", "properties": { "hex_id": 440275, "centroid_lon": -74.975115724594119, "centroid_lat": 46.411862588473412, "hours_count": 6.0, "datetimes_affected": "2026-01-05 03:50:57,2026-01-05 03:50:57,2026-01-05 03:50:57,2026-01-05 03:50:57,2026-01-05 03:50:57,2026-01-05 03:50:57" }, "geometry": { "type": "Polygon", "coordinates": [ [ [ -74.96861, 46.40926 ], [ -74.96861, 46.41446 ], [ -74.97511, 46.41706 ], [ -74.98162, 46.41446 ], [ -74.98162, 46.40927 ], [ -74.97512, 46.40667 ], [ -74.96861, 46.40926 ] ] ] } },
{ "type": "Feature", "properties": { "hex_id": 440276, "centroid_lon": -74.975108632186874, "centroid_lat": 46.427450491505255, "hours_count": 24.0, "datetimes_affected": "2026-01-05 03:50:57,2026-01-05 03:50:57,2026-01-05 03:50:57,2026-01-05 03:50:57,2026-01-05 03:50:57,2026-01-05 03:50:57" }, "geometry": { "type": "Polygon", "coordinates": [ [ [ -74.9686, 46.42485 ], [ -74.9686, 46.43005 ], [ -74.97511, 46.43265 ], [ -74.98162, 46.43005 ], [ -74.98162, 46.42485 ], [ -74.97511, 46.42225 ], [ -74.9686, 46.42485 ] ] ] } },
{ "type": "Feature", "properties": { "hex_id": 440277, "centroid_lon": -74.975101533898027, "centroid_lat": 46.443038351854483, "hours_count": 24.0, "datetimes_affected": "2026-01-05 03:50:57,2026-01-05 03:50:57,2026-01-05 03:50:57,2026-01-05 03:50:57,2026-01-05 03:50:57,2026-01-05 03:50:57" }, "geometry": { "type": "Polygon", "coordinates": [ [ [ -74.96859, 46.44044 ], [ -74.96859, 46.44563 ], [ -74.9751, 46.44823 ], [ -74.98161, 46.44564 ], [ -74.98161, 46.44044 ], [ -74.9751, 46.43784 ], [ -74.96859, 46.44044 ] ] ] } },
{ "type": "Feature", "properties": { "hex_id": 440278, "centroid_lon": -74.975094429721551, "centroid_lat": 46.458626169522411, "hours_count": 24.0, "datetimes_affected": "2026-01-05 03:50:57,2026-01-05 03:50:57,2026-01-05 03:50:57,2026-01-05 03:50:57,2026-01-05 03:50:57,2026-01-05 03:50:57" }, "geometry": { "type": "Polygon", "coordinates": [ [ [ -74.96858, 46.45603 ], [ -74.96858, 46.46122 ], [ -74.97509, 46.46382 ], [ -74.9816, 46.46123 ], [ -74.98161, 46.45603 ], [ -74.9751, 46.45343 ], [ -74.96858, 46.45603 ] ] ] } },
{ "type": "Feature", "properties": { "hex_id": 440881, "centroid_lon": -74.968650202505628, "centroid_lat": 46.341714899893667, "hours_count": 6.0, "datetimes_affected": "2026-01-05 03:50:57,2026-01-05 03:50:57,2026-01-05 03:50:57,2026-01-05 03:50:57,2026-01-05 03:50:57,2026-01-05 03:50:57" }, "geometry": { "type": "Polygon", "coordinates": [ [ [ -74.96215, 46.33911 ], [ -74.96215, 46.34431 ], [ -74.96865, 46.34691 ], [ -74.97515, 46.34431 ], [ -74.97515, 46.33912 ], [ -74.96865, 46.33652 ], [ -74.96215, 46.33911 ] ] ] } },
{ "type": "Feature", "properties": { "hex_id": 440882, "centroid_lon": -74.968641289167792, "centroid_lat": 46.357302994149144, "hours_count": 6.0, "datetimes_affected": "2026-01-05 03:50:57,2026-01-05 03:50:57,2026-01-05 03:50:57,2026-01-05 03:50:57,2026-01-05 03:50:57,2026-01-05 03:50:57" }, "geometry": { "type": "Polygon", "coordinates": [ [ [ -74.96214, 46.3547 ], [ -74.96214, 46.3599 ], [ -74.96864, 46.3625 ], [ -74.97514, 46.3599 ], [ -74.97514, 46.35471 ], [ -74.96864, 46.35211 ], [ -74.96214, 46.3547 ] ] ] } },
{ "type": "Feature", "properties": { "hex_id": 440883, "centroid_lon": -74.968632368445043, "centroid_lat": 46.372891045715718, "hours_count": 6.0, "datetimes_affected": "2026-01-05 03:50:57,2026-01-05 03:50:57,2026-01-05 03:50:57,2026-01-05 03:50:57,2026-01-05 03:50:57,2026-01-05 03:50:57" }, "geometry": { "type": "Polygon", "coordinates": [ [ [ -74.96213, 46.37029 ], [ -74.96213, 46.37549 ], [ -74.96863, 46.37809 ], [ -74.97513, 46.37549 ], [ -74.97513, 46.37029 ], [ -74.96864, 46.36769 ], [ -74.96213, 46.37029 ] ] ] } },
{ "type": "Feature", "properties": { "hex_id": 440884, "centroid_lon": -74.968623440329765, "centroid_lat": 46.388479054594647, "hours_count": 6.0, "datetimes_affected": "2026-01-05 03:50:57,2026-01-05 03:50:57,2026-01-05 03:50:57,2026-01-05 03:50:57,2026-01-05 03:50:57,2026-01-05 03:50:57" }, "geometry": { "type": "Polygon", "coordinates": [ [ [ -74.96212, 46.38588 ], [ -74.96212, 46.39108 ], [ -74.96862, 46.39368 ], [ -74.97513, 46.39108 ], [ -74.97513, 46.38588 ], [ -74.96863, 46.38328 ], [ -74.96212, 46.38588 ] ] ] } },
{ "type": "Feature", "properties": { "hex_id": 440885, "centroid_lon": -74.968614504814354, "centroid_lat": 46.404067020787245, "hours_count": 6.0, "datetimes_affected": "2026-01-05 03:50:57,2026-01-05 03:50:57,2026-01-05 03:50:57,2026-01-05 03:50:57,2026-01-05 03:50:57,2026-01-05 03:50:57" }, "geometry": { "type": "Polygon", "coordinates": [ [ [ -74.96211, 46.40147 ], [ -74.96211, 46.40666 ], [ -74.96861, 46.40926 ], [ -74.97512, 46.40667 ], [ -74.97512, 46.40147 ], [ -74.96862, 46.39887 ], [ -74.96211, 46.40147 ] ] ] } },
{ "type": "Feature", "properties": { "hex_id": 440886, "centroid_lon": -74.968605561891152, "centroid_lat": 46.419654944294756, "hours_count": 6.0, "datetimes_affected": "2026-01-05 03:50:57,2026-01-05 03:50:57,2026-01-05 03:50:57,2026-01-05 03:50:57,2026-01-05 03:50:57,2026-01-05 03:50:57" }, "geometry": { "type": "Polygon", "coordinates": [ [ [ -74.9621, 46.41705 ], [ -74.9621, 46.42225 ], [ -74.9686, 46.42485 ], [ -74.97511, 46.42225 ], [ -74.97511, 46.41706 ], [ -74.96861, 46.41446 ], [ -74.9621, 46.41705 ] ] ] } },
{ "type": "Feature", "properties": { "hex_id": 440887, "centroid_lon": -74.968596611552513, "centroid_lat": 46.435242825118515, "hours_count": 24.0, "datetimes_affected": "2026-01-05 03:50:57,2026-01-05 03:50:57,2026-01-05 03:50:57,2026-01-05 03:50:57,2026-01-05 03:50:57,2026-01-05 03:50:57" }, "geometry": { "type": "Polygon", "coordinates": [ [ [ -74.96209, 46.43264 ], [ -74.96209, 46.43784 ], [ -74.96859, 46.44044 ], [ -74.9751, 46.43784 ], [ -74.97511, 46.43265 ], [ -74.9686, 46.43005 ], [ -74.96209, 46.43264 ] ] ] } },
{ "type": "Feature", "properties": { "hex_id": 440888, "centroid_lon": -74.968587653790806, "centroid_lat": 46.450830663259794, "hours_count": 24.0, "datetimes_affected": "2026-01-05 03:50:57,2026-01-05 03:50:57,2026-01-05 03:50:57,2026-01-05 03:50:57,2026-01-05 03:50:57,2026-01-05 03:50:57" }, "geometry": { "type": "Polygon", "coordinates": [ [ [ -74.96208, 46.44823 ], [ -74.96208, 46.45343 ], [ -74.96858, 46.45603 ], [ -74.9751, 46.45343 ], [ -74.9751, 46.44823 ], [ -74.96859, 46.44563 ], [ -74.96208, 46.44823 ] ] ] } },
{ "type": "Feature", "properties": { "hex_id": 440889, "centroid_lon": -74.968578688598342, "centroid_lat": 46.466418458719943, "hours_count": 24.0, "datetimes_affected": "2026-01-05 03:50:57,2026-01-05 03:50:57,2026-01-05 03:50:57,2026-01-05 03:50:57,2026-01-05 03:50:57,2026-01-05 03:50:57" }, "geometry": { "type": "Polygon", "coordinates": [ [ [ -74.96207, 46.46382 ], [ -74.96206, 46.46901 ], [ -74.96858, 46.47161 ], [ -74.97509, 46.46902 ], [ -74.97509, 46.46382 ], [ -74.96858, 46.46122 ], [ -74.96207, 46.46382 ] ] ] } },
{ "type": "Feature", "properties": { "hex_id": 441491, "centroid_lon": -74.962158214811069, "centroid_lat": 46.333918871404862, "hours_count": 6.0, "datetimes_affected": "2026-01-05 03:50:57,2026-01-05 03:50:57,2026-01-05 03:50:57,2026-01-05 03:50:57,2026-01-05 03:50:57,2026-01-05 03:50:57" }, "geometry": { "type": "Polygon", "coordinates": [ [ [ -74.95566, 46.33132 ], [ -74.95566, 46.33651 ], [ -74.96215, 46.33911 ], [ -74.96865, 46.33652 ], [ -74.96866, 46.33132 ], [ -74.96216, 46.32872 ], [ -74.95566, 46.33132 ] ] ] } },
{ "type": "Feature", "properties": { "hex_id": 441492, "centroid_lon": -74.962147458605358, "centroid_lat": 46.349506985941552, "hours_count": 6.0, "datetimes_affected": "2026-01-05 03:50:57,2026-01-05 03:50:57,2026-01-05 03:50:57,2026-01-05 03:50:57,2026-01-05 03:50:57,2026-01-05 03:50:57" }, "geometry": { "type": "Polygon", "coordinates": [ [ [ -74.95565, 46.34691 ], [ -74.95565, 46.3521 ], [ -74.96214, 46.3547 ], [ -74.96864, 46.35211 ], [ -74.96865, 46.34691 ], [ -74.96215, 46.34431 ], [ -74.95565, 46.34691 ] ] ] } },
{ "type": "Feature", "properties": { "hex_id": 441493, "centroid_lon": -74.962136693488773, "centroid_lat": 46.365095057788125, "hours_count": 6.0, "datetimes_affected": "2026-01-05 03:50:57,2026-01-05 03:50:57,2026-01-05 03:50:57,2026-01-05 03:50:57,2026-01-05 03:50:57,2026-01-05 03:50:57" }, "geometry": { "type": "Polygon", "coordinates": [ [ [ -74.95564, 46.36249 ], [ -74.95563, 46.36769 ], [ -74.96213, 46.37029 ], [ -74.96864, 46.36769 ], [ -74.96864, 46.3625 ], [ -74.96214, 46.3599 ], [ -74.95564, 46.36249 ] ] ] } },
{ "type": "Feature", "properties": { "hex_id": 441494, "centroid_lon": -74.962125919452134, "centroid_lat": 46.380683086945822, "hours_count": 6.0, "datetimes_affected": "2026-01-05 03:50:57,2026-01-05 03:50:57,2026-01-05 03:50:57,2026-01-05 03:50:57,2026-01-05 03:50:57,2026-01-05 03:50:57" }, "geometry": { "type": "Polygon", "coordinates": [ [ [ -74.95563, 46.37808 ], [ -74.95562, 46.38328 ], [ -74.96212, 46.38588 ], [ -74.96863, 46.38328 ], [ -74.96863, 46.37809 ], [ -74.96213, 46.37549 ], [ -74.95563, 46.37808 ] ] ] } },
{ "type": "Feature", "properties": { "hex_id": 441495, "centroid_lon": -74.962115136486261, "centroid_lat": 46.396271073415939, "hours_count": 6.0, "datetimes_affected": "2026-01-05 03:50:57,2026-01-05 03:50:57,2026-01-05 03:50:57,2026-01-05 03:50:57,2026-01-05 03:50:57,2026-01-05 03:50:57" }, "geometry": { "type": "Polygon", "coordinates": [ [ [ -74.95561, 46.39367 ], [ -74.95561, 46.39887 ], [ -74.96211, 46.40147 ], [ -74.96862, 46.39887 ], [ -74.96862, 46.39368 ], [ -74.96212, 46.39108 ], [ -74.95561, 46.39367 ] ] ] } },
{ "type": "Feature", "properties": { "hex_id": 441496, "centroid_lon": -74.962104344581917, "centroid_lat": 46.411859017199745, "hours_count": 6.0, "datetimes_affected": "2026-01-05 03:50:57,2026-01-05 03:50:57,2026-01-05 03:50:57,2026-01-05 03:50:57,2026-01-05 03:50:57,2026-01-05 03:50:57" }, "geometry": { "type": "Polygon", "coordinates": [ [ [ -74.9556, 46.40926 ], [ -74.9556, 46.41445 ], [ -74.9621, 46.41705 ], [ -74.96861, 46.41446 ], [ -74.96861, 46.40926 ], [ -74.96211, 46.40666 ], [ -74.9556, 46.40926 ] ] ] } },
{ "type": "Feature", "properties": { "hex_id": 441497, "centroid_lon": -74.962093543729878, "centroid_lat": 46.427446918298507, "hours_count": 6.0, "datetimes_affected": "2026-01-05 03:50:57,2026-01-05 03:50:57,2026-01-05 03:50:57,2026-01-05 03:50:57,2026-01-05 03:50:57,2026-01-05 03:50:57" }, "geometry": { "type": "Polygon", "coordinates": [ [ [ -74.95559, 46.42485 ], [ -74.95558, 46.43004 ], [ -74.96209, 46.43264 ], [ -74.9686, 46.43005 ], [ -74.9686, 46.42485 ], [ -74.9621, 46.42225 ], [ -74.95559, 46.42485 ] ] ] } },
{ "type": "Feature", "properties": { "hex_id": 441498, "centroid_lon": -74.962082733920923, "centroid_lat": 46.443034776713567, "hours_count": 24.0, "datetimes_affected": "2026-01-05 03:50:57,2026-01-05 03:50:57,2026-01-05 03:50:57,2026-01-05 03:50:57,2026-01-05 03:50:57,2026-01-05 03:50:57" }, "geometry": { "type": "Polygon", "coordinates": [ [ [ -74.95558, 46.44043 ], [ -74.95557, 46.44563 ], [ -74.96208, 46.44823 ], [ -74.96859, 46.44563 ], [ -74.96859, 46.44044 ], [ -74.96209, 46.43784 ], [ -74.95558, 46.44043 ] ] ] } },
{ "type": "Feature", "properties": { "hex_id": 441499, "centroid_lon": -74.962071915145799, "centroid_lat": 46.45862259244624, "hours_count": 24.0, "datetimes_affected": "2026-01-05 03:50:57,2026-01-05 03:50:57,2026-01-05 03:50:57,2026-01-05 03:50:57,2026-01-05 03:50:57,2026-01-05 03:50:57" }, "geometry": { "type": "Polygon", "coordinates": [ [ [ -74.95556, 46.45602 ], [ -74.95556, 46.46122 ], [ -74.96207, 46.46382 ], [ -74.96858, 46.46122 ], [ -74.96858, 46.45603 ], [ -74.96208, 46.45343 ], [ -74.95556, 46.45602 ] ] ] } },
{ "type": "Feature", "properties": { "hex_id": 441500, "centroid_lon": -74.962061087395227, "centroid_lat": 46.474210365497811, "hours_count": 24.0, "datetimes_affected": "2026-01-05 03:50:57,2026-01-05 03:50:57,2026-01-05 03:50:57,2026-01-05 03:50:57,2026-01-05 03:50:57,2026-01-05 03:50:57" }, "geometry": { "type": "Polygon", "coordinates": [ [ [ -74.95555, 46.47161 ], [ -74.95555, 46.47681 ], [ -74.96206, 46.47941 ], [ -74.96857, 46.47681 ], [ -74.96858, 46.47161 ], [ -74.96206, 46.46901 ], [ -74.95555, 46.47161 ] ] ] } },
{ "type": "Feature", "properties": { "hex_id": 442101, "centroid_lon": -74.955668071425706, "centroid_lat": 46.326122464326481, "hours_count": 6.0, "datetimes_affected": "2026-01-05 03:50:57,2026-01-05 03:50:57,2026-01-05 03:50:57,2026-01-05 03:50:57,2026-01-05 03:50:57,2026-01-05 03:50:57" }, "geometry": { "type": "Polygon", "coordinates": [ [ [ -74.94917, 46.32352 ], [ -74.94917, 46.32872 ], [ -74.95566, 46.33132 ], [ -74.96216, 46.32872 ], [ -74.96217, 46.32353 ], [ -74.95567, 46.32093 ], [ -74.94917, 46.32352 ] ] ] } },
{ "type": "Feature", "properties": { "hex_id": 442102, "centroid_lon": -74.95565547387956, "centroid_lat": 46.341710598945603, "hours_count": 6.0, "datetimes_affected": "2026-01-05 03:50:57,2026-01-05 03:50:57,2026-01-05 03:50:57,2026-01-05 03:50:57,2026-01-05 03:50:57,2026-01-05 03:50:57" }, "geometry": { "type": "Polygon", "coordinates": [ [ [ -74.94916, 46.33911 ], [ -74.94916, 46.34431 ], [ -74.95565, 46.34691 ], [ -74.96215, 46.34431 ], [ -74.96215, 46.33911 ], [ -74.95566, 46.33651 ], [ -74.94916, 46.33911 ] ] ] } },
{ "type": "Feature", "properties": { "hex_id": 442103, "centroid_lon": -74.95564286589817, "centroid_lat": 46.357298690873293, "hours_count": 6.0, "datetimes_affected": "2026-01-05 03:50:57,2026-01-05 03:50:57,2026-01-05 03:50:57,2026-01-05 03:50:57,2026-01-05 03:50:57,2026-01-05 03:50:57" }, "geometry": { "type": "Polygon", "coordinates": [ [ [ -74.94915, 46.3547 ], [ -74.94914, 46.35989 ], [ -74.95564, 46.36249 ], [ -74.96214, 46.3599 ], [ -74.96214, 46.3547 ], [ -74.95565, 46.3521 ], [ -74.94915, 46.3547 ] ] ] } },
{ "type": "Feature", "properties": { "hex_id": 442104, "centroid_lon": -74.955630247470765, "centroid_lat": 46.372886740110772, "hours_count": 6.0, "datetimes_affected": "2026-01-05 03:50:57,2026-01-05 03:50:57,2026-01-05 03:50:57,2026-01-05 03:50:57,2026-01-05 03:50:57,2026-01-05 03:50:57" }, "geometry": { "type": "Polygon", "coordinates": [ [ [ -74.94913, 46.37029 ], [ -74.94913, 46.37548 ], [ -74.95563, 46.37808 ], [ -74.96213, 46.37549 ], [ -74.96213, 46.37029 ], [ -74.95563, 46.36769 ], [ -74.94913, 46.37029 ] ] ] } },
{ "type": "Feature", "properties": { "hex_id": 442105, "centroid_lon": -74.955617618586587, "centroid_lat": 46.388474746659284, "hours_count": 6.0, "datetimes_affected": "2026-01-05 03:50:57,2026-01-05 03:50:57,2026-01-05 03:50:57,2026-01-05 03:50:57,2026-01-05 03:50:57,2026-01-05 03:50:57" }, "geometry": { "type": "Polygon", "coordinates": [ [ [ -74.94912, 46.38587 ], [ -74.94911, 46.39107 ], [ -74.95561, 46.39367 ], [ -74.96212, 46.39108 ], [ -74.96212, 46.38588 ], [ -74.95562, 46.38328 ], [ -74.94912, 46.38587 ] ] ] } },
{ "type": "Feature", "properties": { "hex_id": 442106, "centroid_lon": -74.955604979234835, "centroid_lat": 46.404062710520151, "hours_count": 6.0, "datetimes_affected": "2026-01-05 03:50:57,2026-01-05 03:50:57,2026-01-05 03:50:57,2026-01-05 03:50:57,2026-01-05 03:50:57,2026-01-05 03:50:57" }, "geometry": { "type": "Polygon", "coordinates": [ [ [ -74.9491, 46.40146 ], [ -74.9491, 46.40666 ], [ -74.9556, 46.40926 ], [ -74.96211, 46.40666 ], [ -74.96211, 46.40147 ], [ -74.95561, 46.39887 ], [ -74.9491, 46.40146 ] ] ] } },
{ "type": "Feature", "properties": { "hex_id": 442107, "centroid_lon": -74.955592329404752, "centroid_lat": 46.419650631694601, "hours_count": 6.0, "datetimes_affected": "2026-01-05 03:50:57,2026-01-05 03:50:57,2026-01-05 03:50:57,2026-01-05 03:50:57,2026-01-05 03:50:57,2026-01-05 03:50:57" }, "geometry": { "type": "Polygon", "coordinates": [ [ [ -74.94909, 46.41705 ], [ -74.94908, 46.42225 ], [ -74.95559, 46.42485 ], [ -74.9621, 46.42225 ], [ -74.9621, 46.41705 ], [ -74.9556, 46.41445 ], [ -74.94909, 46.41705 ] ] ] } },
{ "type": "Feature", "properties": { "hex_id": 442108, "centroid_lon": -74.955579669085466, "centroid_lat": 46.435238510183986, "hours_count": 6.0, "datetimes_affected": "2026-01-05 03:50:57,2026-01-05 03:50:57,2026-01-05 03:50:57,2026-01-05 03:50:57,2026-01-05 03:50:57,2026-01-05 03:50:57" }, "geometry": { "type": "Polygon", "coordinates": [ [ [ -74.94907, 46.43264 ], [ -74.94907, 46.43783 ], [ -74.95558, 46.44043 ], [ -74.96209, 46.43784 ], [ -74.96209, 46.43264 ], [ -74.95558, 46.43004 ], [ -74.94907, 46.43264 ] ] ] } },
{ "type": "Feature", "properties": { "hex_id": 442109, "centroid_lon": -74.955566998266193, "centroid_lat": 46.450826345989576, "hours_count": 24.0, "datetimes_affected": "2026-01-05 03:50:57,2026-01-05 03:50:57,2026-01-05 03:50:57,2026-01-05 03:50:57,2026-01-05 03:50:57,2026-01-05 03:50:57" }, "geometry": { "type": "Polygon", "coordinates": [ [ [ -74.94906, 46.44823 ], [ -74.94905, 46.45342 ], [ -74.95556, 46.45602 ], [ -74.96208, 46.45343 ], [ -74.96208, 46.44823 ], [ -74.95557, 46.44563 ], [ -74.94906, 46.44823 ] ] ] } },
{ "type": "Feature", "properties": { "hex_id": 442110, "centroid_lon": -74.955554316936059, "centroid_lat": 46.466414139112707, "hours_count": 24.0, "datetimes_affected": "2026-01-05 03:50:57,2026-01-05 03:50:57,2026-01-05 03:50:57,2026-01-05 03:50:57,2026-01-05 03:50:57,2026-01-05 03:50:57" }, "geometry": { "type": "Polygon", "coordinates": [ [ [ -74.94904, 46.46381 ], [ -74.94904, 46.46901 ], [ -74.95555, 46.47161 ], [ -74.96206, 46.46901 ], [ -74.96207, 46.46382 ], [ -74.95556, 46.46122 ], [ -74.94904, 46.46381 ] ] ] } },
{ "type": "Feature", "properties": { "hex_id": 442713, "centroid_lon": -74.949150884652582, "centroid_lat": 46.349501945270475, "hours_count": 6.0, "datetimes_affected": "2026-01-05 03:50:57,2026-01-05 03:50:57,2026-01-05 03:50:57,2026-01-05 03:50:57,2026-01-05 03:50:57,2026-01-05 03:50:57" }, "geometry": { "type": "Polygon", "coordinates": [ [ [ -74.94266, 46.3469 ], [ -74.94265, 46.3521 ], [ -74.94915, 46.3547 ], [ -74.95565, 46.3521 ], [ -74.95565, 46.34691 ], [ -74.94916, 46.34431 ], [ -74.94266, 46.3469 ] ] ] } },
{ "type": "Feature", "properties": { "hex_id": 442714, "centroid_lon": -74.949136423363953, "centroid_lat": 46.365090014388862, "hours_count": 6.0, "datetimes_affected": "2026-01-05 03:50:57,2026-01-05 03:50:57,2026-01-05 03:50:57,2026-01-05 03:50:57,2026-01-05 03:50:57,2026-01-05 03:50:57" }, "geometry": { "type": "Polygon", "coordinates": [ [ [ -74.94264, 46.36249 ], [ -74.94263, 46.36768 ], [ -74.94913, 46.37029 ], [ -74.95563, 46.36769 ], [ -74.95564, 46.36249 ], [ -74.94914, 46.35989 ], [ -74.94264, 46.36249 ] ] ] } },
{ "type": "Feature", "properties": { "hex_id": 442715, "centroid_lon": -74.949121950092589, "centroid_lat": 46.380678040816846, "hours_count": 6.0, "datetimes_affected": "2026-01-05 03:50:57,2026-01-05 03:50:57,2026-01-05 03:50:57,2026-01-05 03:50:57,2026-01-05 03:50:57,2026-01-05 03:50:57" }, "geometry": { "type": "Polygon", "coordinates": [ [ [ -74.94262, 46.37808 ], [ -74.94262, 46.38327 ], [ -74.94912, 46.38587 ], [ -74.95562, 46.38328 ], [ -74.95563, 46.37808 ], [ -74.94913, 46.37548 ], [ -74.94262, 46.37808 ] ] ] } },
{ "type": "Feature", "properties": { "hex_id": 442716, "centroid_lon": -74.949107464826156, "centroid_lat": 46.396266024555693, "hours_count": 6.0, "datetimes_affected": "2026-01-05 03:50:57,2026-01-05 03:50:57,2026-01-05 03:50:57,2026-01-05 03:50:57,2026-01-05 03:50:57,2026-01-05 03:50:57" }, "geometry": { "type": "Polygon", "coordinates": [ [ [ -74.94261, 46.39366 ], [ -74.9426, 46.39886 ], [ -74.9491, 46.40146 ], [ -74.95561, 46.39887 ], [ -74.95561, 46.39367 ], [ -74.94911, 46.39107 ], [ -74.94261, 46.39366 ] ] ] } },
{ "type": "Feature", "properties": { "hex_id": 442717, "centroid_lon": -74.949092967552275, "centroid_lat": 46.411853965606703, "hours_count": 6.0, "datetimes_affected": "2026-01-05 03:50:57,2026-01-05 03:50:57,2026-01-05 03:50:57,2026-01-05 03:50:57,2026-01-05 03:50:57,2026-01-05 03:50:57" }, "geometry": { "type": "Polygon", "coordinates": [ [ [ -74.94259, 46.40925 ], [ -74.94258, 46.41445 ], [ -74.94909, 46.41705 ], [ -74.9556, 46.41445 ], [ -74.9556, 46.40926 ], [ -74.9491, 46.40666 ], [ -74.94259, 46.40925 ] ] ] } },
{ "type": "Feature", "properties": { "hex_id": 442718, "centroid_lon": -74.949078458258526, "centroid_lat": 46.427441863971119, "hours_count": 6.0, "datetimes_affected": "2026-01-05 03:50:57,2026-01-05 03:50:57,2026-01-05 03:50:57,2026-01-05 03:50:57,2026-01-05 03:50:57,2026-01-05 03:50:57" }, "geometry": { "type": "Polygon", "coordinates": [ [ [ -74.94257, 46.42484 ], [ -74.94257, 46.43004 ], [ -74.94907, 46.43264 ], [ -74.95558, 46.43004 ], [ -74.95559, 46.42485 ], [ -74.94908, 46.42225 ], [ -74.94257, 46.42484 ] ] ] } },
{ "type": "Feature", "properties": { "hex_id": 442719, "centroid_lon": -74.949063936932532, "centroid_lat": 46.443029719650283, "hours_count": 6.0, "datetimes_affected": "2026-01-05 03:50:57,2026-01-05 03:50:57,2026-01-05 03:50:57,2026-01-05 03:50:57,2026-01-05 03:50:57,2026-01-05 03:50:57" }, "geometry": { "type": "Polygon", "coordinates": [ [ [ -74.94256, 46.44043 ], [ -74.94255, 46.44562 ], [ -74.94906, 46.44823 ], [ -74.95557, 46.44563 ], [ -74.95558, 46.44043 ], [ -74.94907, 46.43783 ], [ -74.94256, 46.44043 ] ] ] } },
{ "type": "Feature", "properties": { "hex_id": 442720, "centroid_lon": -74.949049403561872, "centroid_lat": 46.458617532645505, "hours_count": 6.0, "datetimes_affected": "2026-01-05 03:50:57,2026-01-05 03:50:57,2026-01-05 03:50:57,2026-01-05 03:50:57,2026-01-05 03:50:57,2026-01-05 03:50:57" }, "geometry": { "type": "Polygon", "coordinates": [ [ [ -74.94254, 46.45602 ], [ -74.94254, 46.46121 ], [ -74.94904, 46.46381 ], [ -74.95556, 46.46122 ], [ -74.95556, 46.45602 ], [ -74.94905, 46.45342 ], [ -74.94254, 46.45602 ] ] ] } },
{ "type": "Feature", "properties": { "hex_id": 443324, "centroid_lon": -74.942644446110549, "centroid_lat": 46.357292910079437, "hours_count": 6.0, "datetimes_affected": "2026-01-05 03:50:57,2026-01-05 03:50:57,2026-01-05 03:50:57,2026-01-05 03:50:57,2026-01-05 03:50:57,2026-01-05 03:50:57" }, "geometry": { "type": "Polygon", "coordinates": [ [ [ -74.93615, 46.35469 ], [ -74.93614, 46.35989 ], [ -74.94264, 46.36249 ], [ -74.94914, 46.35989 ], [ -74.94915, 46.3547 ], [ -74.94265, 46.3521 ], [ -74.93615, 46.35469 ] ] ] } },
{ "type": "Feature", "properties": { "hex_id": 443325, "centroid_lon": -74.942628129982069, "centroid_lat": 46.372880956188112, "hours_count": 6.0, "datetimes_affected": "2026-01-05 03:50:57,2026-01-05 03:50:57,2026-01-05 03:50:57,2026-01-05 03:50:57,2026-01-05 03:50:57,2026-01-05 03:50:57" }, "geometry": { "type": "Polygon", "coordinates": [ [ [ -74.93613, 46.37028 ], [ -74.93612, 46.37548 ], [ -74.94262, 46.37808 ], [ -74.94913, 46.37548 ], [ -74.94913, 46.37029 ], [ -74.94263, 46.36768 ], [ -74.93613, 46.37028 ] ] ] } },
{ "type": "Feature", "properties": { "hex_id": 443326, "centroid_lon": -74.942611800332585, "centroid_lat": 46.388468959606072, "hours_count": 6.0, "datetimes_affected": "2026-01-05 03:50:57,2026-01-05 03:50:57,2026-01-05 03:50:57,2026-01-05 03:50:57,2026-01-05 03:50:57,2026-01-05 03:50:57" }, "geometry": { "type": "Polygon", "coordinates": [ [ [ -74.93611, 46.38587 ], [ -74.93611, 46.39106 ], [ -74.94261, 46.39366 ], [ -74.94911, 46.39107 ], [ -74.94912, 46.38587 ], [ -74.94262, 46.38327 ], [ -74.93611, 46.38587 ] ] ] } },
{ "type": "Feature", "properties": { "hex_id": 443327, "centroid_lon": -74.94259545714813, "centroid_lat": 46.404056920334604, "hours_count": 6.0, "datetimes_affected": "2026-01-05 03:50:57,2026-01-05 03:50:57,2026-01-05 03:50:57,2026-01-05 03:50:57,2026-01-05 03:50:57,2026-01-05 03:50:57" }, "geometry": { "type": "Polygon", "coordinates": [ [ [ -74.93609, 46.40146 ], [ -74.93609, 46.40665 ], [ -74.94259, 46.40925 ], [ -74.9491, 46.40666 ], [ -74.9491, 46.40146 ], [ -74.9426, 46.39886 ], [ -74.93609, 46.40146 ] ] ] } },
{ "type": "Feature", "properties": { "hex_id": 443328, "centroid_lon": -74.942579100414733, "centroid_lat": 46.419644838374957, "hours_count": 6.0, "datetimes_affected": "2026-01-05 03:50:57,2026-01-05 03:50:57,2026-01-05 03:50:57,2026-01-05 03:50:57,2026-01-05 03:50:57,2026-01-05 03:50:57" }, "geometry": { "type": "Polygon", "coordinates": [ [ [ -74.93608, 46.41704 ], [ -74.93607, 46.42224 ], [ -74.94257, 46.42484 ], [ -74.94908, 46.42225 ], [ -74.94909, 46.41705 ], [ -74.94258, 46.41445 ], [ -74.93608, 46.41704 ] ] ] } },
{ "type": "Feature", "properties": { "hex_id": 443329, "centroid_lon": -74.942562730118425, "centroid_lat": 46.43523271372846, "hours_count": 6.0, "datetimes_affected": "2026-01-05 03:50:57,2026-01-05 03:50:57,2026-01-05 03:50:57,2026-01-05 03:50:57,2026-01-05 03:50:57,2026-01-05 03:50:57" }, "geometry": { "type": "Polygon", "coordinates": [ [ [ -74.93606, 46.43263 ], [ -74.93605, 46.43783 ], [ -74.94256, 46.44043 ], [ -74.94907, 46.43783 ], [ -74.94907, 46.43264 ], [ -74.94257, 46.43004 ], [ -74.93606, 46.43263 ] ] ] } },
{ "type": "Feature", "properties": { "hex_id": 443935, "centroid_lon": -74.936136157233364, "centroid_lat": 46.365083493072348, "hours_count": 6.0, "datetimes_affected": "2026-01-05 03:50:57,2026-01-05 03:50:57,2026-01-05 03:50:57,2026-01-05 03:50:57,2026-01-05 03:50:57,2026-01-05 03:50:57" }, "geometry": { "type": "Polygon", "coordinates": [ [ [ -74.92964, 46.36248 ], [ -74.92963, 46.36768 ], [ -74.93613, 46.37028 ], [ -74.94263, 46.36768 ], [ -74.94264, 46.36249 ], [ -74.93614, 46.35989 ], [ -74.92964, 46.36248 ] ] ] } },
{ "type": "Feature", "properties": { "hex_id": 443936, "centroid_lon": -74.936117984731411, "centroid_lat": 46.38067151597069, "hours_count": 6.0, "datetimes_affected": "2026-01-05 03:50:57,2026-01-05 03:50:57,2026-01-05 03:50:57,2026-01-05 03:50:57,2026-01-05 03:50:57,2026-01-05 03:50:57" }, "geometry": { "type": "Polygon", "coordinates": [ [ [ -74.92962, 46.37807 ], [ -74.92961, 46.38327 ], [ -74.93611, 46.38587 ], [ -74.94262, 46.38327 ], [ -74.94262, 46.37808 ], [ -74.93612, 46.37548 ], [ -74.92962, 46.37807 ] ] ] } },
{ "type": "Feature", "properties": { "hex_id": 443937, "centroid_lon": -74.936099797168538, "centroid_lat": 46.396259496177919, "hours_count": 6.0, "datetimes_affected": "2026-01-05 03:50:57,2026-01-05 03:50:57,2026-01-05 03:50:57,2026-01-05 03:50:57,2026-01-05 03:50:57,2026-01-05 03:50:57" }, "geometry": { "type": "Polygon", "coordinates": [ [ [ -74.9296, 46.39366 ], [ -74.92959, 46.39885 ], [ -74.93609, 46.40146 ], [ -74.9426, 46.39886 ], [ -74.94261, 46.39366 ], [ -74.93611, 46.39106 ], [ -74.9296, 46.39366 ] ] ] } },
{ "type": "Feature", "properties": { "hex_id": 443938, "centroid_lon": -74.936081594529227, "centroid_lat": 46.411847433695293, "hours_count": 6.0, "datetimes_affected": "2026-01-05 03:50:57,2026-01-05 03:50:57,2026-01-05 03:50:57,2026-01-05 03:50:57,2026-01-05 03:50:57,2026-01-05 03:50:57" }, "geometry": { "type": "Polygon", "coordinates": [ [ [ -74.92958, 46.40925 ], [ -74.92957, 46.41444 ], [ -74.93608, 46.41704 ], [ -74.94258, 46.41445 ], [ -74.94259, 46.40925 ], [ -74.93609, 46.40665 ], [ -74.92958, 46.40925 ] ] ] } },
{ "type": "Feature", "properties": { "hex_id": 443939, "centroid_lon": -74.936063376797918, "centroid_lat": 46.427435328524091, "hours_count": 6.0, "datetimes_affected": "2026-01-05 03:50:57,2026-01-05 03:50:57,2026-01-05 03:50:57,2026-01-05 03:50:57,2026-01-05 03:50:57,2026-01-05 03:50:57" }, "geometry": { "type": "Polygon", "coordinates": [ [ [ -74.92956, 46.42483 ], [ -74.92955, 46.43003 ], [ -74.93606, 46.43263 ], [ -74.94257, 46.43004 ], [ -74.94257, 46.42484 ], [ -74.93607, 46.42224 ], [ -74.92956, 46.42483 ] ] ] } },
{ "type": "Feature", "properties": { "hex_id": 444547, "centroid_lon": -74.929605986590232, "centroid_lat": 46.388461693436184, "hours_count": 6.0, "datetimes_affected": "2026-01-05 03:50:57,2026-01-05 03:50:57,2026-01-05 03:50:57,2026-01-05 03:50:57,2026-01-05 03:50:57,2026-01-05 03:50:57" }, "geometry": { "type": "Polygon", "coordinates": [ [ [ -74.92311, 46.38586 ], [ -74.9231, 46.39106 ], [ -74.9296, 46.39366 ], [ -74.93611, 46.39106 ], [ -74.93611, 46.38587 ], [ -74.92961, 46.38327 ], [ -74.92311, 46.38586 ] ] ] } },
{ "type": "Feature", "properties": { "hex_id": 444548, "centroid_lon": -74.92958593957772, "centroid_lat": 46.404049650231784, "hours_count": 6.0, "datetimes_affected": "2026-01-05 03:50:57,2026-01-05 03:50:57,2026-01-05 03:50:57,2026-01-05 03:50:57,2026-01-05 03:50:57,2026-01-05 03:50:57" }, "geometry": { "type": "Polygon", "coordinates": [ [ [ -74.92308, 46.40145 ], [ -74.92308, 46.40664 ], [ -74.92958, 46.40925 ], [ -74.93609, 46.40665 ], [ -74.93609, 46.40146 ], [ -74.92959, 46.39885 ], [ -74.92308, 46.40145 ] ] ] } },
{ "type": "Feature", "properties": { "hex_id": 444549, "centroid_lon": -74.929565875945684, "centroid_lat": 46.419637564336988, "hours_count": 6.0, "datetimes_affected": "2026-01-05 03:50:57,2026-01-05 03:50:57,2026-01-05 03:50:57,2026-01-05 03:50:57,2026-01-05 03:50:57,2026-01-05 03:50:57" }, "geometry": { "type": "Polygon", "coordinates": [ [ [ -74.92306, 46.41704 ], [ -74.92306, 46.42223 ], [ -74.92956, 46.42483 ], [ -74.93607, 46.42224 ], [ -74.93608, 46.41704 ], [ -74.92957, 46.41444 ], [ -74.92306, 46.41704 ] ] ] } },
{ "type": "Feature", "properties": { "hex_id": 444550, "centroid_lon": -74.929545795677015, "centroid_lat": 46.435225435753139, "hours_count": 6.0, "datetimes_affected": "2026-01-05 03:50:57,2026-01-05 03:50:57,2026-01-05 03:50:57,2026-01-05 03:50:57,2026-01-05 03:50:57,2026-01-05 03:50:57" }, "geometry": { "type": "Polygon", "coordinates": [ [ [ -74.92304, 46.43262 ], [ -74.92303, 46.43782 ], [ -74.92954, 46.44042 ], [ -74.93605, 46.43783 ], [ -74.93606, 46.43263 ], [ -74.92955, 46.43003 ], [ -74.92304, 46.43262 ] ] ] } },
{ "type": "Feature", "properties": { "hex_id": 445158, "centroid_lon": -74.92309213453639, "centroid_lat": 46.396251488283923, "hours_count": 6.0, "datetimes_affected": "2026-01-05 03:50:57,2026-01-05 03:50:57,2026-01-05 03:50:57,2026-01-05 03:50:57,2026-01-05 03:50:57,2026-01-05 03:50:57" }, "geometry": { "type": "Polygon", "coordinates": [ [ [ -74.91659, 46.39365 ], [ -74.91658, 46.39884 ], [ -74.92308, 46.40145 ], [ -74.92959, 46.39885 ], [ -74.9296, 46.39366 ], [ -74.9231, 46.39106 ], [ -74.91659, 46.39365 ] ] ] } },
{ "type": "Feature", "properties": { "hex_id": 445159, "centroid_lon": -74.923070226536865, "centroid_lat": 46.411839421466858, "hours_count": 6.0, "datetimes_affected": "2026-01-05 03:50:57,2026-01-05 03:50:57,2026-01-05 03:50:57,2026-01-05 03:50:57,2026-01-05 03:50:57,2026-01-05 03:50:57" }, "geometry": { "type": "Polygon", "coordinates": [ [ [ -74.91657, 46.40924 ], [ -74.91656, 46.41443 ], [ -74.92306, 46.41704 ], [ -74.92957, 46.41444 ], [ -74.92958, 46.40925 ], [ -74.92308, 46.40664 ], [ -74.91657, 46.40924 ] ] ] } },
{ "type": "Feature", "properties": { "hex_id": 445160, "centroid_lon": -74.923048300373182, "centroid_lat": 46.427427311958759, "hours_count": 6.0, "datetimes_affected": "2026-01-05 03:50:57,2026-01-05 03:50:57,2026-01-05 03:50:57,2026-01-05 03:50:57,2026-01-05 03:50:57,2026-01-05 03:50:57" }, "geometry": { "type": "Polygon", "coordinates": [ [ [ -74.91654, 46.42482 ], [ -74.91654, 46.43002 ], [ -74.92304, 46.43262 ], [ -74.92955, 46.43003 ], [ -74.92956, 46.42483 ], [ -74.92306, 46.42223 ], [ -74.91654, 46.42482 ] ] ] } },
{ "type": "Feature", "properties": { "hex_id": 445769, "centroid_lon": -74.916576427547142, "centroid_lat": 46.40404090021319, "hours_count": 6.0, "datetimes_affected": "2026-01-05 03:50:57,2026-01-05 03:50:57,2026-01-05 03:50:57,2026-01-05 03:50:57,2026-01-05 03:50:57,2026-01-05 03:50:57" }, "geometry": { "type": "Polygon", "coordinates": [ [ [ -74.91008, 46.40144 ], [ -74.91007, 46.40663 ], [ -74.91657, 46.40924 ], [ -74.92308, 46.40664 ], [ -74.92308, 46.40145 ], [ -74.91658, 46.39884 ], [ -74.91008, 46.40144 ] ] ] } },
{ "type": "Feature", "properties": { "hex_id": 445770, "centroid_lon": -74.916552657022194, "centroid_lat": 46.419628809582207, "hours_count": 6.0, "datetimes_affected": "2026-01-05 03:50:57,2026-01-05 03:50:57,2026-01-05 03:50:57,2026-01-05 03:50:57,2026-01-05 03:50:57,2026-01-05 03:50:57" }, "geometry": { "type": "Polygon", "coordinates": [ [ [ -74.91005, 46.41703 ], [ -74.91004, 46.42222 ], [ -74.91654, 46.42482 ], [ -74.92306, 46.42223 ], [ -74.92306, 46.41704 ], [ -74.91656, 46.41443 ], [ -74.91005, 46.41703 ] ] ] } },
{ "type": "Feature", "properties": { "hex_id": 445771, "centroid_lon": -74.916528866786877, "centroid_lat": 46.435216676259472, "hours_count": 6.0, "datetimes_affected": "2026-01-05 03:50:57,2026-01-05 03:50:57,2026-01-05 03:50:57,2026-01-05 03:50:57,2026-01-05 03:50:57,2026-01-05 03:50:57" }, "geometry": { "type": "Polygon", "coordinates": [ [ [ -74.91002, 46.43261 ], [ -74.91002, 46.43781 ], [ -74.91652, 46.44041 ], [ -74.92303, 46.43782 ], [ -74.92304, 46.43262 ], [ -74.91654, 46.43002 ], [ -74.91002, 46.43261 ] ] ] } },
{ "type": "Feature", "properties": { "hex_id": 446380, "centroid_lon": -74.910058864599208, "centroid_lat": 46.411829928923027, "hours_count": 6.0, "datetimes_affected": "2026-01-05 03:50:57,2026-01-05 03:50:57,2026-01-05 03:50:57,2026-01-05 03:50:57,2026-01-05 03:50:57,2026-01-05 03:50:57" }, "geometry": { "type": "Polygon", "coordinates": [ [ [ -74.90356, 46.40923 ], [ -74.90355, 46.41442 ], [ -74.91005, 46.41703 ], [ -74.91656, 46.41443 ], [ -74.91657, 46.40924 ], [ -74.91007, 46.40663 ], [ -74.90356, 46.40923 ] ] ] } },
{ "type": "Feature", "properties": { "hex_id": 446381, "centroid_lon": -74.910033230009404, "centroid_lat": 46.427417814276751, "hours_count": 6.0, "datetimes_affected": "2026-01-05 03:50:57,2026-01-05 03:50:57,2026-01-05 03:50:57,2026-01-05 03:50:57,2026-01-05 03:50:57,2026-01-05 03:50:57" }, "geometry": { "type": "Polygon", "coordinates": [ [ [ -74.90353, 46.42481 ], [ -74.90352, 46.43001 ], [ -74.91002, 46.43261 ], [ -74.91654, 46.43002 ], [ -74.91654, 46.42482 ], [ -74.91004, 46.42222 ], [ -74.90353, 46.42481 ] ] ] } },
{ "type": "Feature", "properties": { "hex_id": 458593, "centroid_lon": -74.779757492610585, "centroid_lat": 46.458416828179793, "hours_count": 6.0, "datetimes_affected": "2026-01-04 01:48:42,2026-01-04 01:48:42,2026-01-04 01:48:42,2026-01-04 01:48:42,2026-01-04 01:48:42,2026-01-04 01:48:42" }, "geometry": { "type": "Polygon", "coordinates": [ [ [ -74.77326, 46.45581 ], [ -74.77324, 46.461 ], [ -74.77974, 46.46361 ], [ -74.78626, 46.46103 ], [ -74.78628, 46.45583 ], [ -74.77978, 46.45322 ], [ -74.77326, 46.45581 ] ] ] } },
{ "type": "Feature", "properties": { "hex_id": 459203, "centroid_lon": -74.773278655944182, "centroid_lat": 46.45061026124506, "hours_count": 6.0, "datetimes_affected": "2026-01-04 01:48:42,2026-01-04 01:48:42,2026-01-04 01:48:42,2026-01-04 01:48:42,2026-01-04 01:48:42,2026-01-04 01:48:42" }, "geometry": { "type": "Polygon", "coordinates": [ [ [ -74.76678, 46.448 ], [ -74.76676, 46.4532 ], [ -74.77326, 46.45581 ], [ -74.77978, 46.45322 ], [ -74.7798, 46.44803 ], [ -74.7733, 46.44541 ], [ -74.76678, 46.448 ] ] ] } },
{ "type": "Feature", "properties": { "hex_id": 459204, "centroid_lon": -74.773213949549671, "centroid_lat": 46.466197937397993, "hours_count": 6.0, "datetimes_affected": "2026-01-04 01:48:42,2026-01-04 01:48:42,2026-01-04 01:48:42,2026-01-04 01:48:42,2026-01-04 01:48:42,2026-01-04 01:48:42" }, "geometry": { "type": "Polygon", "coordinates": [ [ [ -74.76671, 46.46359 ], [ -74.76669, 46.46878 ], [ -74.77319, 46.47139 ], [ -74.77972, 46.46881 ], [ -74.77974, 46.46361 ], [ -74.77324, 46.461 ], [ -74.76671, 46.46359 ] ] ] } },
{ "type": "Feature", "properties": { "hex_id": 459205, "centroid_lon": -74.773149189468739, "centroid_lat": 46.481785570803517, "hours_count": 6.0, "datetimes_affected": "2026-01-04 01:48:42,2026-01-04 01:48:42,2026-01-04 01:48:42,2026-01-04 01:48:42,2026-01-04 01:48:42,2026-01-04 01:48:42" }, "geometry": { "type": "Polygon", "coordinates": [ [ [ -74.76665, 46.47917 ], [ -74.76662, 46.48437 ], [ -74.77313, 46.48698 ], [ -74.77965, 46.4844 ], [ -74.77967, 46.4792 ], [ -74.77317, 46.47659 ], [ -74.76665, 46.47917 ] ] ] } },
{ "type": "Feature", "properties": { "hex_id": 459814, "centroid_lon": -74.766735130769462, "centroid_lat": 46.458391010480277, "hours_count": 6.0, "datetimes_affected": "2026-01-04 01:48:42,2026-01-04 01:48:42,2026-01-04 01:48:42,2026-01-04 01:48:42,2026-01-04 01:48:42,2026-01-04 01:48:42" }, "geometry": { "type": "Polygon", "coordinates": [ [ [ -74.76024, 46.45578 ], [ -74.76021, 46.46098 ], [ -74.76671, 46.46359 ], [ -74.77324, 46.461 ], [ -74.77326, 46.45581 ], [ -74.76676, 46.4532 ], [ -74.76024, 46.45578 ] ] ] } },
{ "type": "Feature", "properties": { "hex_id": 459815, "centroid_lon": -74.766668538779768, "centroid_lat": 46.473978658171163, "hours_count": 6.0, "datetimes_affected": "2026-01-04 01:48:42,2026-01-04 01:48:42,2026-01-04 01:48:42,2026-01-04 01:48:42,2026-01-04 01:48:42,2026-01-04 01:48:42" }, "geometry": { "type": "Polygon", "coordinates": [ [ [ -74.76017, 46.47137 ], [ -74.76014, 46.47656 ], [ -74.76665, 46.47917 ], [ -74.77317, 46.47659 ], [ -74.77319, 46.47139 ], [ -74.76669, 46.46878 ], [ -74.76017, 46.47137 ] ] ] } },
{ "type": "Feature", "properties": { "hex_id": 459816, "centroid_lon": -74.766601891533583, "centroid_lat": 46.489566263111293, "hours_count": 6.0, "datetimes_affected": "2026-01-04 01:48:42,2026-01-04 01:48:42,2026-01-04 01:48:42,2026-01-04 01:48:42,2026-01-04 01:48:42,2026-01-04 01:48:42" }, "geometry": { "type": "Polygon", "coordinates": [ [ [ -74.7601, 46.48695 ], [ -74.76008, 46.49215 ], [ -74.76658, 46.49476 ], [ -74.77311, 46.49218 ], [ -74.77313, 46.48698 ], [ -74.76662, 46.48437 ], [ -74.7601, 46.48695 ] ] ] } },
{ "type": "Feature", "properties": { "hex_id": 460426, "centroid_lon": -74.76012125927295, "centroid_lat": 46.481758990196077, "hours_count": 6.0, "datetimes_affected": "2026-01-04 01:48:42,2026-01-04 01:48:42,2026-01-04 01:48:42,2026-01-04 01:48:42,2026-01-04 01:48:42,2026-01-04 01:48:42" }, "geometry": { "type": "Polygon", "coordinates": [ [ [ -74.75362, 46.47915 ], [ -74.7536, 46.48434 ], [ -74.7601, 46.48695 ], [ -74.76662, 46.48437 ], [ -74.76665, 46.47917 ], [ -74.76014, 46.47656 ], [ -74.75362, 46.47915 ] ] ] } },
{ "type": "Feature", "properties": { "hex_id": 461037, "centroid_lon": -74.753572110000761, "centroid_lat": 46.489538933169399, "hours_count": 6.0, "datetimes_affected": "2026-01-04 01:48:42,2026-01-04 01:48:42,2026-01-04 01:48:42,2026-01-04 01:48:42,2026-01-04 01:48:42,2026-01-04 01:48:42" }, "geometry": { "type": "Polygon", "coordinates": [ [ [ -74.74707, 46.48693 ], [ -74.74705, 46.49212 ], [ -74.75355, 46.49473 ], [ -74.76008, 46.49215 ], [ -74.7601, 46.48695 ], [ -74.7536, 46.48434 ], [ -74.74707, 46.48693 ] ] ] } },
{ "type": "Feature", "properties": { "hex_id": 470176, "centroid_lon": -74.657654349170869, "centroid_lat": 46.200911819872658, "hours_count": 12.0, "datetimes_affected": "2026-01-06 12:37:52,2026-01-06 12:37:52,2026-01-06 12:37:52,2026-01-06 12:37:52,2026-01-06 12:37:52,2026-01-06 12:37:52" }, "geometry": { "type": "Polygon", "coordinates": [ [ [ -74.65119, 46.19829 ], [ -74.65116, 46.20349 ], [ -74.65762, 46.20611 ], [ -74.66412, 46.20353 ], [ -74.66415, 46.19833 ], [ -74.65769, 46.19572 ], [ -74.65119, 46.19829 ] ] ] } },
{ "type": "Feature", "properties": { "hex_id": 471395, "centroid_lon": -74.644893896771009, "centroid_lat": 46.1696957789217, "hours_count": 6.0, "datetimes_affected": "2026-01-04 01:48:42,2026-01-04 01:48:42,2026-01-04 01:48:42,2026-01-04 01:48:42,2026-01-04 01:48:42,2026-01-04 01:48:42" }, "geometry": { "type": "Polygon", "coordinates": [ [ [ -74.63843, 46.16708 ], [ -74.6384, 46.17227 ], [ -74.64486, 46.17489 ], [ -74.65135, 46.17231 ], [ -74.65139, 46.16712 ], [ -74.64493, 46.1645 ], [ -74.63843, 46.16708 ] ] ] } },
{ "type": "Feature", "properties": { "hex_id": 472005, "centroid_lon": -74.638468005938194, "centroid_lat": 46.161881331261213, "hours_count": 6.0, "datetimes_affected": "2026-01-04 01:48:42,2026-01-04 01:48:42,2026-01-04 01:48:42,2026-01-04 01:48:42,2026-01-04 01:48:42,2026-01-04 01:48:42" }, "geometry": { "type": "Polygon", "coordinates": [ [ [ -74.63201, 46.15926 ], [ -74.63197, 46.16446 ], [ -74.63843, 46.16708 ], [ -74.64493, 46.1645 ], [ -74.64496, 46.1593 ], [ -74.6385, 46.15669 ], [ -74.63201, 46.15926 ] ] ] } },
{ "type": "Feature", "properties": { "hex_id": 472616, "centroid_lon": -74.631939996419462, "centroid_lat": 46.169654805601617, "hours_count": 6.0, "datetimes_affected": "2026-01-04 01:48:42,2026-01-04 01:48:42,2026-01-04 01:48:42,2026-01-04 01:48:42,2026-01-04 01:48:42,2026-01-04 01:48:42" }, "geometry": { "type": "Polygon", "coordinates": [ [ [ -74.62548, 46.16704 ], [ -74.62545, 46.17223 ], [ -74.63191, 46.17485 ], [ -74.6384, 46.17227 ], [ -74.63843, 46.16708 ], [ -74.63197, 46.16446 ], [ -74.62548, 46.16704 ] ] ] } },
{ "type": "Feature", "properties": { "hex_id": 493915, "centroid_lon": -74.416442620528997, "centroid_lat": 45.100837948485371, "hours_count": 6.0, "datetimes_affected": "2026-01-06 15:37:13,2026-01-06 15:37:13,2026-01-06 15:37:13,2026-01-06 15:37:13,2026-01-06 15:37:13,2026-01-06 15:37:13" }, "geometry": { "type": "Polygon", "coordinates": [ [ [ -74.41011, 45.09821 ], [ -74.41006, 45.1034 ], [ -74.41639, 45.10603 ], [ -74.42277, 45.10347 ], [ -74.42282, 45.09827 ], [ -74.4165, 45.09564 ], [ -74.41011, 45.09821 ] ] ] } },
{ "type": "Feature", "properties": { "hex_id": 493916, "centroid_lon": -74.416283732275957, "centroid_lat": 45.116428635511411, "hours_count": 6.0, "datetimes_affected": "2026-01-06 15:37:13,2026-01-06 15:37:13,2026-01-06 15:37:13,2026-01-06 15:37:13,2026-01-06 15:37:13,2026-01-06 15:37:13" }, "geometry": { "type": "Polygon", "coordinates": [ [ [ -74.40995, 45.1138 ], [ -74.4099, 45.11899 ], [ -74.41623, 45.12163 ], [ -74.42261, 45.11906 ], [ -74.42267, 45.11386 ], [ -74.41634, 45.11123 ], [ -74.40995, 45.1138 ] ] ] } },
{ "type": "Feature", "properties": { "hex_id": 494525, "centroid_lon": -74.410168112905325, "centroid_lat": 45.093009949547287, "hours_count": 6.0, "datetimes_affected": "2026-01-06 15:37:13,2026-01-06 15:37:13,2026-01-06 15:37:13,2026-01-06 15:37:13,2026-01-06 15:37:13,2026-01-06 15:37:13" }, "geometry": { "type": "Polygon", "coordinates": [ [ [ -74.40384, 45.09038 ], [ -74.40379, 45.09558 ], [ -74.41011, 45.09821 ], [ -74.4165, 45.09564 ], [ -74.41655, 45.09044 ], [ -74.41022, 45.08781 ], [ -74.40384, 45.09038 ] ] ] } },
{ "type": "Feature", "properties": { "hex_id": 494526, "centroid_lon": -74.410007560128051, "centroid_lat": 45.108600640516357, "hours_count": 6.0, "datetimes_affected": "2026-01-06 15:37:13,2026-01-06 15:37:13,2026-01-06 15:37:13,2026-01-06 15:37:13,2026-01-06 15:37:13,2026-01-06 15:37:13" }, "geometry": { "type": "Polygon", "coordinates": [ [ [ -74.40368, 45.10597 ], [ -74.40362, 45.11117 ], [ -74.40995, 45.1138 ], [ -74.41634, 45.11123 ], [ -74.41639, 45.10603 ], [ -74.41006, 45.1034 ], [ -74.40368, 45.10597 ] ] ] } },
{ "type": "Feature", "properties": { "hex_id": 494527, "centroid_lon": -74.409846876360916, "centroid_lat": 45.12419128829292, "hours_count": 6.0, "datetimes_affected": "2026-01-06 15:37:13,2026-01-06 15:37:13,2026-01-06 15:37:13,2026-01-06 15:37:13,2026-01-06 15:37:13,2026-01-06 15:37:13" }, "geometry": { "type": "Polygon", "coordinates": [ [ [ -74.40352, 45.12156 ], [ -74.40346, 45.12676 ], [ -74.40979, 45.12939 ], [ -74.41618, 45.12682 ], [ -74.41623, 45.12163 ], [ -74.4099, 45.11899 ], [ -74.40352, 45.12156 ] ] ] } },
{ "type": "Feature", "properties": { "hex_id": 495136, "centroid_lon": -74.403733096145899, "centroid_lat": 45.100772298805481, "hours_count": 6.0, "datetimes_affected": "2026-01-06 15:37:13,2026-01-06 15:37:13,2026-01-06 15:37:13,2026-01-06 15:37:13,2026-01-06 15:37:13,2026-01-06 15:37:13" }, "geometry": { "type": "Polygon", "coordinates": [ [ [ -74.39741, 45.09814 ], [ -74.39735, 45.10334 ], [ -74.40368, 45.10597 ], [ -74.41006, 45.1034 ], [ -74.41011, 45.09821 ], [ -74.40379, 45.09558 ], [ -74.39741, 45.09814 ] ] ] } },
{ "type": "Feature", "properties": { "hex_id": 495137, "centroid_lon": -74.403570747898058, "centroid_lat": 45.116362950333972, "hours_count": 6.0, "datetimes_affected": "2026-01-06 15:37:13,2026-01-06 15:37:13,2026-01-06 15:37:13,2026-01-06 15:37:13,2026-01-06 15:37:13,2026-01-06 15:37:13" }, "geometry": { "type": "Polygon", "coordinates": [ [ [ -74.39724, 45.11373 ], [ -74.39719, 45.11893 ], [ -74.40352, 45.12156 ], [ -74.4099, 45.11899 ], [ -74.40995, 45.1138 ], [ -74.40362, 45.11117 ], [ -74.39724, 45.11373 ] ] ] } },
{ "type": "Feature", "properties": { "hex_id": 495138, "centroid_lon": -74.403408267183693, "centroid_lat": 45.131953558660193, "hours_count": 6.0, "datetimes_affected": "2026-01-06 15:37:13,2026-01-06 15:37:13,2026-01-06 15:37:13,2026-01-06 15:37:13,2026-01-06 15:37:13,2026-01-06 15:37:13" }, "geometry": { "type": "Polygon", "coordinates": [ [ [ -74.39708, 45.12932 ], [ -74.39702, 45.13452 ], [ -74.40335, 45.13715 ], [ -74.40974, 45.13459 ], [ -74.40979, 45.12939 ], [ -74.40346, 45.12676 ], [ -74.39708, 45.12932 ] ] ] } },
{ "type": "Feature", "properties": { "hex_id": 495746, "centroid_lon": -74.397460339389298, "centroid_lat": 45.092943610659852, "hours_count": 6.0, "datetimes_affected": "2026-01-06 15:37:13,2026-01-06 15:37:13,2026-01-06 15:37:13,2026-01-06 15:37:13,2026-01-06 15:37:13,2026-01-06 15:37:13" }, "geometry": { "type": "Polygon", "coordinates": [ [ [ -74.39113, 45.09031 ], [ -74.39108, 45.09551 ], [ -74.39741, 45.09814 ], [ -74.40379, 45.09558 ], [ -74.40384, 45.09038 ], [ -74.39751, 45.08775 ], [ -74.39113, 45.09031 ] ] ] } },
{ "type": "Feature", "properties": { "hex_id": 495747, "centroid_lon": -74.397296328049407, "centroid_lat": 45.108534265758749, "hours_count": 6.0, "datetimes_affected": "2026-01-06 15:37:13,2026-01-06 15:37:13,2026-01-06 15:37:13,2026-01-06 15:37:13,2026-01-06 15:37:13,2026-01-06 15:37:13" }, "geometry": { "type": "Polygon", "coordinates": [ [ [ -74.39097, 45.1059 ], [ -74.39091, 45.1111 ], [ -74.39724, 45.11373 ], [ -74.40362, 45.11117 ], [ -74.40368, 45.10597 ], [ -74.39735, 45.10334 ], [ -74.39097, 45.1059 ] ] ] } },
{ "type": "Feature", "properties": { "hex_id": 495748, "centroid_lon": -74.397132182898346, "centroid_lat": 45.124124877645762, "hours_count": 6.0, "datetimes_affected": "2026-01-06 15:37:13,2026-01-06 15:37:13,2026-01-06 15:37:13,2026-01-06 15:37:13,2026-01-06 15:37:13,2026-01-06 15:37:13" }, "geometry": { "type": "Polygon", "coordinates": [ [ [ -74.3908, 45.12149 ], [ -74.39075, 45.12669 ], [ -74.39708, 45.12932 ], [ -74.40346, 45.12676 ], [ -74.40352, 45.12156 ], [ -74.39719, 45.11893 ], [ -74.3908, 45.12149 ] ] ] } },
{ "type": "Feature", "properties": { "hex_id": 496357, "centroid_lon": -74.391023615874317, "centroid_lat": 45.100705234848427, "hours_count": 6.0, "datetimes_affected": "2026-01-06 15:37:13,2026-01-06 15:37:13,2026-01-06 15:37:13,2026-01-06 15:37:13,2026-01-06 15:37:13,2026-01-06 15:37:13" }, "geometry": { "type": "Polygon", "coordinates": [ [ [ -74.3847, 45.09807 ], [ -74.38464, 45.10327 ], [ -74.39097, 45.1059 ], [ -74.39735, 45.10334 ], [ -74.39741, 45.09814 ], [ -74.39108, 45.09551 ], [ -74.3847, 45.09807 ] ] ] } },
{ "type": "Feature", "properties": { "hex_id": 496358, "centroid_lon": -74.39085780767563, "centroid_lat": 45.116295850114739, "hours_count": 6.0, "datetimes_affected": "2026-01-06 15:37:13,2026-01-06 15:37:13,2026-01-06 15:37:13,2026-01-06 15:37:13,2026-01-06 15:37:13,2026-01-06 15:37:13" }, "geometry": { "type": "Polygon", "coordinates": [ [ [ -74.38453, 45.11366 ], [ -74.38447, 45.11886 ], [ -74.3908, 45.12149 ], [ -74.39719, 45.11893 ], [ -74.39724, 45.11373 ], [ -74.39091, 45.1111 ], [ -74.38453, 45.11366 ] ] ] } },
{ "type": "Feature", "properties": { "hex_id": 496359, "centroid_lon": -74.390691864187758, "centroid_lat": 45.131886422159205, "hours_count": 6.0, "datetimes_affected": "2026-01-06 15:37:13,2026-01-06 15:37:13,2026-01-06 15:37:13,2026-01-06 15:37:13,2026-01-06 15:37:13,2026-01-06 15:37:13" }, "geometry": { "type": "Polygon", "coordinates": [ [ [ -74.38436, 45.12925 ], [ -74.38431, 45.13445 ], [ -74.39064, 45.13708 ], [ -74.39702, 45.13452 ], [ -74.39708, 45.12932 ], [ -74.39075, 45.12669 ], [ -74.38436, 45.12925 ] ] ] } },
{ "type": "Feature", "properties": { "hex_id": 496967, "centroid_lon": -74.384752610432599, "centroid_lat": 45.092875857883953, "hours_count": 6.0, "datetimes_affected": "2026-01-06 15:37:13,2026-01-06 15:37:13,2026-01-06 15:37:13,2026-01-06 15:37:13,2026-01-06 15:37:13,2026-01-06 15:37:13" }, "geometry": { "type": "Polygon", "coordinates": [ [ [ -74.37843, 45.09024 ], [ -74.37837, 45.09544 ], [ -74.3847, 45.09807 ], [ -74.39108, 45.09551 ], [ -74.39113, 45.09031 ], [ -74.38481, 45.08768 ], [ -74.37843, 45.09024 ] ] ] } },
{ "type": "Feature", "properties": { "hex_id": 496968, "centroid_lon": -74.384585140574487, "centroid_lat": 45.108466476348255, "hours_count": 6.0, "datetimes_affected": "2026-01-06 15:37:13,2026-01-06 15:37:13,2026-01-06 15:37:13,2026-01-06 15:37:13,2026-01-06 15:37:13,2026-01-06 15:37:13" }, "geometry": { "type": "Polygon", "coordinates": [ [ [ -74.37826, 45.10583 ], [ -74.3782, 45.11103 ], [ -74.38453, 45.11366 ], [ -74.39091, 45.1111 ], [ -74.39097, 45.1059 ], [ -74.38464, 45.10327 ], [ -74.37826, 45.10583 ] ] ] } },
{ "type": "Feature", "properties": { "hex_id": 496969, "centroid_lon": -74.384417534083937, "centroid_lat": 45.124057051580877, "hours_count": 6.0, "datetimes_affected": "2026-01-06 15:37:13,2026-01-06 15:37:13,2026-01-06 15:37:13,2026-01-06 15:37:13,2026-01-06 15:37:13,2026-01-06 15:37:13" }, "geometry": { "type": "Polygon", "coordinates": [ [ [ -74.37809, 45.12142 ], [ -74.37803, 45.12662 ], [ -74.38436, 45.12925 ], [ -74.39075, 45.12669 ], [ -74.3908, 45.12149 ], [ -74.38447, 45.11886 ], [ -74.37809, 45.12142 ] ] ] } },
{ "type": "Feature", "properties": { "hex_id": 496970, "centroid_lon": -74.384249790824725, "centroid_lat": 45.139647583581585, "hours_count": 6.0, "datetimes_affected": "2026-01-06 15:37:13,2026-01-06 15:37:13,2026-01-06 15:37:13,2026-01-06 15:37:13,2026-01-06 15:37:13,2026-01-06 15:37:13" }, "geometry": { "type": "Polygon", "coordinates": [ [ [ -74.37792, 45.13701 ], [ -74.37786, 45.14221 ], [ -74.38419, 45.14484 ], [ -74.39058, 45.14228 ], [ -74.39064, 45.13708 ], [ -74.38431, 45.13445 ], [ -74.37792, 45.13701 ] ] ] } },
{ "type": "Feature", "properties": { "hex_id": 497578, "centroid_lon": -74.378314180654229, "centroid_lat": 45.100636756627338, "hours_count": 6.0, "datetimes_affected": "2026-01-06 15:37:13,2026-01-06 15:37:13,2026-01-06 15:37:13,2026-01-06 15:37:13,2026-01-06 15:37:13,2026-01-06 15:37:13" }, "geometry": { "type": "Polygon", "coordinates": [ [ [ -74.37199, 45.098 ], [ -74.37193, 45.1032 ], [ -74.37826, 45.10583 ], [ -74.38464, 45.10327 ], [ -74.3847, 45.09807 ], [ -74.37837, 45.09544 ], [ -74.37199, 45.098 ] ] ] } },
{ "type": "Feature", "properties": { "hex_id": 497579, "centroid_lon": -74.378144912549615, "centroid_lat": 45.116227334866863, "hours_count": 6.0, "datetimes_affected": "2026-01-06 15:37:13,2026-01-06 15:37:13,2026-01-06 15:37:13,2026-01-06 15:37:13,2026-01-06 15:37:13,2026-01-06 15:37:13" }, "geometry": { "type": "Polygon", "coordinates": [ [ [ -74.37182, 45.11359 ], [ -74.37176, 45.11879 ], [ -74.37809, 45.12142 ], [ -74.38447, 45.11886 ], [ -74.38453, 45.11366 ], [ -74.3782, 45.11103 ], [ -74.37182, 45.11359 ] ] ] } },
{ "type": "Feature", "properties": { "hex_id": 497580, "centroid_lon": -74.377975506333186, "centroid_lat": 45.131817869864527, "hours_count": 6.0, "datetimes_affected": "2026-01-06 15:37:13,2026-01-06 15:37:13,2026-01-06 15:37:13,2026-01-06 15:37:13,2026-01-06 15:37:13,2026-01-06 15:37:13" }, "geometry": { "type": "Polygon", "coordinates": [ [ [ -74.37165, 45.12918 ], [ -74.37159, 45.13438 ], [ -74.37792, 45.13701 ], [ -74.38431, 45.13445 ], [ -74.38436, 45.12925 ], [ -74.37803, 45.12662 ], [ -74.37165, 45.12918 ] ] ] } },
{ "type": "Feature", "properties": { "hex_id": 498188, "centroid_lon": -74.372044926974695, "centroid_lat": 45.092806691232859, "hours_count": 6.0, "datetimes_affected": "2026-01-06 15:37:13,2026-01-06 15:37:13,2026-01-06 15:37:13,2026-01-06 15:37:13,2026-01-06 15:37:13,2026-01-06 15:37:13" }, "geometry": { "type": "Polygon", "coordinates": [ [ [ -74.36572, 45.09017 ], [ -74.36566, 45.09537 ], [ -74.37199, 45.098 ], [ -74.37837, 45.09544 ], [ -74.37843, 45.09024 ], [ -74.3721, 45.08761 ], [ -74.36572, 45.09017 ] ] ] } },
{ "type": "Feature", "properties": { "hex_id": 498189, "centroid_lon": -74.371873998643693, "centroid_lat": 45.108397272298149, "hours_count": 6.0, "datetimes_affected": "2026-01-06 15:37:13,2026-01-06 15:37:13,2026-01-06 15:37:13,2026-01-06 15:37:13,2026-01-06 15:37:13,2026-01-06 15:37:13" }, "geometry": { "type": "Polygon", "coordinates": [ [ [ -74.36555, 45.10576 ], [ -74.36549, 45.11096 ], [ -74.37182, 45.11359 ], [ -74.3782, 45.11103 ], [ -74.37826, 45.10583 ], [ -74.37193, 45.1032 ], [ -74.36555, 45.10576 ] ] ] } },
{ "type": "Feature", "properties": { "hex_id": 498190, "centroid_lon": -74.371702930859087, "centroid_lat": 45.123987810111572, "hours_count": 6.0, "datetimes_affected": "2026-01-06 15:37:13,2026-01-06 15:37:13,2026-01-06 15:37:13,2026-01-06 15:37:13,2026-01-06 15:37:13,2026-01-06 15:37:13" }, "geometry": { "type": "Polygon", "coordinates": [ [ [ -74.36537, 45.12135 ], [ -74.36532, 45.12655 ], [ -74.37165, 45.12918 ], [ -74.37803, 45.12662 ], [ -74.37809, 45.12142 ], [ -74.37176, 45.11879 ], [ -74.36537, 45.12135 ] ] ] } },
{ "type": "Feature", "properties": { "hex_id": 498191, "centroid_lon": -74.371531723481823, "centroid_lat": 45.139578304672845, "hours_count": 6.0, "datetimes_affected": "2026-01-06 15:37:13,2026-01-06 15:37:13,2026-01-06 15:37:13,2026-01-06 15:37:13,2026-01-06 15:37:13,2026-01-06 15:37:13" }, "geometry": { "type": "Polygon", "coordinates": [ [ [ -74.3652, 45.13694 ], [ -74.36514, 45.14214 ], [ -74.37147, 45.14478 ], [ -74.37786, 45.14221 ], [ -74.37792, 45.13701 ], [ -74.37159, 45.13438 ], [ -74.3652, 45.13694 ] ] ] } },
{ "type": "Feature", "properties": { "hex_id": 498799, "centroid_lon": -74.365604791425554, "centroid_lat": 45.100566864155653, "hours_count": 6.0, "datetimes_affected": "2026-01-06 15:37:13,2026-01-06 15:37:13,2026-01-06 15:37:13,2026-01-06 15:37:13,2026-01-06 15:37:13,2026-01-06 15:37:13" }, "geometry": { "type": "Polygon", "coordinates": [ [ [ -74.35928, 45.09793 ], [ -74.35922, 45.10313 ], [ -74.36555, 45.10576 ], [ -74.37193, 45.1032 ], [ -74.37199, 45.098 ], [ -74.36566, 45.09537 ], [ -74.35928, 45.09793 ] ] ] } },
{ "type": "Feature", "properties": { "hex_id": 498800, "centroid_lon": -74.365432063460872, "centroid_lat": 45.116157404603776, "hours_count": 6.0, "datetimes_affected": "2026-01-06 15:37:13,2026-01-06 15:37:13,2026-01-06 15:37:13,2026-01-06 15:37:13,2026-01-06 15:37:13,2026-01-06 15:37:13" }, "geometry": { "type": "Polygon", "coordinates": [ [ [ -74.3591, 45.11352 ], [ -74.35905, 45.11872 ], [ -74.36537, 45.12135 ], [ -74.37176, 45.11879 ], [ -74.37182, 45.11359 ], [ -74.36549, 45.11096 ], [ -74.3591, 45.11352 ] ] ] } },
{ "type": "Feature", "properties": { "hex_id": 498801, "centroid_lon": -74.365259194561801, "centroid_lat": 45.131747901789616, "hours_count": 6.0, "datetimes_affected": "2026-01-06 15:37:13,2026-01-06 15:37:13,2026-01-06 15:37:13,2026-01-06 15:37:13,2026-01-06 15:37:13,2026-01-06 15:37:13" }, "geometry": { "type": "Polygon", "coordinates": [ [ [ -74.35893, 45.12911 ], [ -74.35887, 45.13431 ], [ -74.3652, 45.13694 ], [ -74.37159, 45.13438 ], [ -74.37165, 45.12918 ], [ -74.36532, 45.12655 ], [ -74.35893, 45.12911 ] ] ] } },
{ "type": "Feature", "properties": { "hex_id": 498802, "centroid_lon": -74.365086184587781, "centroid_lat": 45.147338355712904, "hours_count": 6.0, "datetimes_affected": "2026-01-06 15:37:13,2026-01-06 15:37:13,2026-01-06 15:37:13,2026-01-06 15:37:13,2026-01-06 15:37:13,2026-01-06 15:37:13" }, "geometry": { "type": "Polygon", "coordinates": [ [ [ -74.35876, 45.1447 ], [ -74.3587, 45.1499 ], [ -74.36503, 45.15254 ], [ -74.37142, 45.14997 ], [ -74.37147, 45.14478 ], [ -74.36514, 45.14214 ], [ -74.35876, 45.1447 ] ] ] } },
{ "type": "Feature", "properties": { "hex_id": 499409, "centroid_lon": -74.359337289955022, "centroid_lat": 45.092736110720111, "hours_count": 6.0, "datetimes_affected": "2026-01-06 15:37:13,2026-01-06 15:37:13,2026-01-06 15:37:13,2026-01-06 15:37:13,2026-01-06 15:37:13,2026-01-06 15:37:13" }, "geometry": { "type": "Polygon", "coordinates": [ [ [ -74.35301, 45.0901 ], [ -74.35295, 45.0953 ], [ -74.35928, 45.09793 ], [ -74.36566, 45.09537 ], [ -74.36572, 45.09017 ], [ -74.3594, 45.08754 ], [ -74.35301, 45.0901 ] ] ] } },
{ "type": "Feature", "properties": { "hex_id": 499410, "centroid_lon": -74.359162903197443, "centroid_lat": 45.108326653622001, "hours_count": 6.0, "datetimes_affected": "2026-01-06 15:37:13,2026-01-06 15:37:13,2026-01-06 15:37:13,2026-01-06 15:37:13,2026-01-06 15:37:13,2026-01-06 15:37:13" }, "geometry": { "type": "Polygon", "coordinates": [ [ [ -74.35284, 45.10569 ], [ -74.35278, 45.11089 ], [ -74.3591, 45.11352 ], [ -74.36549, 45.11096 ], [ -74.36555, 45.10576 ], [ -74.35922, 45.10313 ], [ -74.35284, 45.10569 ] ] ] } },
{ "type": "Feature", "properties": { "hex_id": 499411, "centroid_lon": -74.358988374165122, "centroid_lat": 45.123917153251419, "hours_count": 6.0, "datetimes_affected": "2026-01-06 15:37:13,2026-01-06 15:37:13,2026-01-06 15:37:13,2026-01-06 15:37:13,2026-01-06 15:37:13,2026-01-06 15:37:13" }, "geometry": { "type": "Polygon", "coordinates": [ [ [ -74.35266, 45.12128 ], [ -74.3526, 45.12648 ], [ -74.35893, 45.12911 ], [ -74.36532, 45.12655 ], [ -74.36537, 45.12135 ], [ -74.35905, 45.11872 ], [ -74.35266, 45.12128 ] ] ] } },
{ "type": "Feature", "properties": { "hex_id": 499412, "centroid_lon": -74.358813702716205, "centroid_lat": 45.139507609608053, "hours_count": 12.0, "datetimes_affected": "2026-01-06 15:37:13,2026-01-06 15:37:13,2026-01-06 15:37:13,2026-01-06 15:37:13,2026-01-06 15:37:13,2026-01-06 15:37:13" }, "geometry": { "type": "Polygon", "coordinates": [ [ [ -74.35248, 45.13687 ], [ -74.35243, 45.14207 ], [ -74.35876, 45.1447 ], [ -74.36514, 45.14214 ], [ -74.3652, 45.13694 ], [ -74.35887, 45.13431 ], [ -74.35248, 45.13687 ] ] ] } },
{ "type": "Feature", "properties": { "hex_id": 499413, "centroid_lon": -74.358638888708612, "centroid_lat": 45.155098022691597, "hours_count": 6.0, "datetimes_affected": "2026-01-06 15:37:13,2026-01-06 15:37:13,2026-01-06 15:37:13,2026-01-06 15:37:13,2026-01-06 15:37:13,2026-01-06 15:37:13" }, "geometry": { "type": "Polygon", "coordinates": [ [ [ -74.35231, 45.15246 ], [ -74.35225, 45.15766 ], [ -74.35858, 45.16029 ], [ -74.36497, 45.15773 ], [ -74.36503, 45.15254 ], [ -74.3587, 45.1499 ], [ -74.35231, 45.15246 ] ] ] } },
{ "type": "Feature", "properties": { "hex_id": 500020, "centroid_lon": -74.352895449128198, "centroid_lat": 45.100495557447054, "hours_count": 6.0, "datetimes_affected": "2026-01-06 15:37:13,2026-01-06 15:37:13,2026-01-06 15:37:13,2026-01-06 15:37:13,2026-01-06 15:37:13,2026-01-06 15:37:13" }, "geometry": { "type": "Polygon", "coordinates": [ [ [ -74.34657, 45.09786 ], [ -74.34651, 45.10306 ], [ -74.35284, 45.10569 ], [ -74.35922, 45.10313 ], [ -74.35928, 45.09793 ], [ -74.35295, 45.0953 ], [ -74.34657, 45.09786 ] ] ] } },
{ "type": "Feature", "properties": { "hex_id": 500021, "centroid_lon": -74.352719261350245, "centroid_lat": 45.116086059339182, "hours_count": 6.0, "datetimes_affected": "2026-01-06 15:37:13,2026-01-06 15:37:13,2026-01-06 15:37:13,2026-01-06 15:37:13,2026-01-06 15:37:13,2026-01-06 15:37:13" }, "geometry": { "type": "Polygon", "coordinates": [ [ [ -74.34639, 45.11345 ], [ -74.34633, 45.11865 ], [ -74.35266, 45.12128 ], [ -74.35905, 45.11872 ], [ -74.3591, 45.11352 ], [ -74.35278, 45.11089 ], [ -74.34639, 45.11345 ] ] ] } },
{ "type": "Feature", "properties": { "hex_id": 500022, "centroid_lon": -74.352542929815385, "centroid_lat": 45.1316765179482, "hours_count": 6.0, "datetimes_affected": "2026-01-06 15:37:13,2026-01-06 15:37:13,2026-01-06 15:37:13,2026-01-06 15:37:13,2026-01-06 15:37:13,2026-01-06 15:37:13" }, "geometry": { "type": "Polygon", "coordinates": [ [ [ -74.34621, 45.12904 ], [ -74.34616, 45.13424 ], [ -74.35248, 45.13687 ], [ -74.35887, 45.13431 ], [ -74.35893, 45.12911 ], [ -74.3526, 45.12648 ], [ -74.34621, 45.12904 ] ] ] } },
{ "type": "Feature", "properties": { "hex_id": 500023, "centroid_lon": -74.352366454380274, "centroid_lat": 45.147266933273805, "hours_count": 12.0, "datetimes_affected": "2026-01-06 15:37:13,2026-01-06 15:37:13,2026-01-06 15:37:13,2026-01-06 15:37:13,2026-01-06 15:37:13,2026-01-06 15:37:13" }, "geometry": { "type": "Polygon", "coordinates": [ [ [ -74.34604, 45.14463 ], [ -74.34598, 45.14983 ], [ -74.35231, 45.15246 ], [ -74.3587, 45.1499 ], [ -74.35876, 45.1447 ], [ -74.35243, 45.14207 ], [ -74.34604, 45.14463 ] ] ] } },
{ "type": "Feature", "properties": { "hex_id": 500630, "centroid_lon": -74.346629700313045, "centroid_lat": 45.092664116359551, "hours_count": 6.0, "datetimes_affected": "2026-01-06 15:37:13,2026-01-06 15:37:13,2026-01-06 15:37:13,2026-01-06 15:37:13,2026-01-06 15:37:13,2026-01-06 15:37:13" }, "geometry": { "type": "Polygon", "coordinates": [ [ [ -74.34031, 45.09003 ], [ -74.34025, 45.09523 ], [ -74.34657, 45.09786 ], [ -74.35295, 45.0953 ], [ -74.35301, 45.0901 ], [ -74.34669, 45.08747 ], [ -74.34031, 45.09003 ] ] ] } },
{ "type": "Feature", "properties": { "hex_id": 500631, "centroid_lon": -74.346451855176099, "centroid_lat": 45.108254620333653, "hours_count": 6.0, "datetimes_affected": "2026-01-06 15:37:13,2026-01-06 15:37:13,2026-01-06 15:37:13,2026-01-06 15:37:13,2026-01-06 15:37:13,2026-01-06 15:37:13" }, "geometry": { "type": "Polygon", "coordinates": [ [ [ -74.34013, 45.10562 ], [ -74.34007, 45.11082 ], [ -74.34639, 45.11345 ], [ -74.35278, 45.11089 ], [ -74.35284, 45.10569 ], [ -74.34651, 45.10306 ], [ -74.34013, 45.10562 ] ] ] } },
{ "type": "Feature", "properties": { "hex_id": 500632, "centroid_lon": -74.346273864943356, "centroid_lat": 45.123845081014267, "hours_count": 6.0, "datetimes_affected": "2026-01-06 15:37:13,2026-01-06 15:37:13,2026-01-06 15:37:13,2026-01-06 15:37:13,2026-01-06 15:37:13,2026-01-06 15:37:13" }, "geometry": { "type": "Polygon", "coordinates": [ [ [ -74.33995, 45.12121 ], [ -74.33989, 45.12641 ], [ -74.34621, 45.12904 ], [ -74.3526, 45.12648 ], [ -74.35266, 45.12128 ], [ -74.34633, 45.11865 ], [ -74.33995, 45.12121 ] ] ] } },
{ "type": "Feature", "properties": { "hex_id": 500633, "centroid_lon": -74.346095729470122, "centroid_lat": 45.139435498401063, "hours_count": 12.0, "datetimes_affected": "2026-01-06 15:37:13,2026-01-06 15:37:13,2026-01-06 15:37:13,2026-01-06 15:37:13,2026-01-06 15:37:13,2026-01-06 15:37:13" }, "geometry": { "type": "Polygon", "coordinates": [ [ [ -74.33977, 45.1368 ], [ -74.33971, 45.142 ], [ -74.34604, 45.14463 ], [ -74.35243, 45.14207 ], [ -74.35248, 45.13687 ], [ -74.34616, 45.13424 ], [ -74.33977, 45.1368 ] ] ] } },
{ "type": "Feature", "properties": { "hex_id": 500634, "centroid_lon": -74.345917448611544, "centroid_lat": 45.155025872493681, "hours_count": 12.0, "datetimes_affected": "2026-01-06 15:37:13,2026-01-06 15:37:13,2026-01-06 15:37:13,2026-01-06 15:37:13,2026-01-06 15:37:13,2026-01-06 15:37:13" }, "geometry": { "type": "Polygon", "coordinates": [ [ [ -74.33959, 45.15239 ], [ -74.33953, 45.15759 ], [ -74.34586, 45.16022 ], [ -74.35225, 45.15766 ], [ -74.35231, 45.15246 ], [ -74.34598, 45.14983 ], [ -74.33959, 45.15239 ] ] ] } },
{ "type": "Feature", "properties": { "hex_id": 501241, "centroid_lon": -74.34018615470211, "centroid_lat": 45.100422836515534, "hours_count": 6.0, "datetimes_affected": "2026-01-06 15:37:13,2026-01-06 15:37:13,2026-01-06 15:37:13,2026-01-06 15:37:13,2026-01-06 15:37:13,2026-01-06 15:37:13" }, "geometry": { "type": "Polygon", "coordinates": [ [ [ -74.33386, 45.09779 ], [ -74.3338, 45.10298 ], [ -74.34013, 45.10562 ], [ -74.34651, 45.10306 ], [ -74.34657, 45.09786 ], [ -74.34025, 45.09523 ], [ -74.33386, 45.09779 ] ] ] } },
{ "type": "Feature", "properties": { "hex_id": 501242, "centroid_lon": -74.340006507158577, "centroid_lat": 45.116013299087072, "hours_count": 6.0, "datetimes_affected": "2026-01-06 15:37:13,2026-01-06 15:37:13,2026-01-06 15:37:13,2026-01-06 15:37:13,2026-01-06 15:37:13,2026-01-06 15:37:13" }, "geometry": { "type": "Polygon", "coordinates": [ [ [ -74.33368, 45.11338 ], [ -74.33362, 45.11857 ], [ -74.33995, 45.12121 ], [ -74.34633, 45.11865 ], [ -74.34639, 45.11345 ], [ -74.34007, 45.11082 ], [ -74.33368, 45.11338 ] ] ] } },
{ "type": "Feature", "properties": { "hex_id": 501243, "centroid_lon": -74.33982671303572, "centroid_lat": 45.13160371835427, "hours_count": 12.0, "datetimes_affected": "2026-01-06 15:37:13,2026-01-06 15:37:13,2026-01-06 15:37:13,2026-01-06 15:37:13,2026-01-06 15:37:13,2026-01-06 15:37:13" }, "geometry": { "type": "Polygon", "coordinates": [ [ [ -74.3335, 45.12897 ], [ -74.33344, 45.13417 ], [ -74.33977, 45.1368 ], [ -74.34616, 45.13424 ], [ -74.34621, 45.12904 ], [ -74.33989, 45.12641 ], [ -74.3335, 45.12897 ] ] ] } },
{ "type": "Feature", "properties": { "hex_id": 501244, "centroid_lon": -74.339646772187365, "centroid_lat": 45.147194094316802, "hours_count": 30.0, "datetimes_affected": "2026-01-06 15:37:13,2026-01-06 15:37:13,2026-01-06 15:37:13,2026-01-06 15:37:13,2026-01-06 15:37:13,2026-01-06 15:37:13" }, "geometry": { "type": "Polygon", "coordinates": [ [ [ -74.33332, 45.14456 ], [ -74.33326, 45.14976 ], [ -74.33959, 45.15239 ], [ -74.34598, 45.14983 ], [ -74.34604, 45.14463 ], [ -74.33971, 45.142 ], [ -74.33332, 45.14456 ] ] ] } },
{ "type": "Feature", "properties": { "hex_id": 501245, "centroid_lon": -74.339466684467112, "centroid_lat": 45.162784426974312, "hours_count": 12.0, "datetimes_affected": "2026-01-06 15:37:13,2026-01-06 15:37:13,2026-01-06 15:37:13,2026-01-06 15:37:13,2026-01-06 15:37:13,2026-01-06 15:37:13" }, "geometry": { "type": "Polygon", "coordinates": [ [ [ -74.33314, 45.16015 ], [ -74.33307, 45.16535 ], [ -74.33941, 45.16798 ], [ -74.3458, 45.16542 ], [ -74.34586, 45.16022 ], [ -74.33953, 45.15759 ], [ -74.33314, 45.16015 ] ] ] } },
{ "type": "Feature", "properties": { "hex_id": 501851, "centroid_lon": -74.333922158988159, "centroid_lat": 45.092590708165282, "hours_count": 6.0, "datetimes_affected": "2026-01-06 15:37:13,2026-01-06 15:37:13,2026-01-06 15:37:13,2026-01-06 15:37:13,2026-01-06 15:37:13,2026-01-06 15:37:13" }, "geometry": { "type": "Polygon", "coordinates": [ [ [ -74.3276, 45.08996 ], [ -74.32754, 45.09515 ], [ -74.33386, 45.09779 ], [ -74.34025, 45.09523 ], [ -74.34031, 45.09003 ], [ -74.33398, 45.08739 ], [ -74.3276, 45.08996 ] ] ] } },
{ "type": "Feature", "properties": { "hex_id": 501852, "centroid_lon": -74.333740855520006, "centroid_lat": 45.108181172447232, "hours_count": 6.0, "datetimes_affected": "2026-01-06 15:37:13,2026-01-06 15:37:13,2026-01-06 15:37:13,2026-01-06 15:37:13,2026-01-06 15:37:13,2026-01-06 15:37:13" }, "geometry": { "type": "Polygon", "coordinates": [ [ [ -74.32742, 45.10555 ], [ -74.32735, 45.11074 ], [ -74.33368, 45.11338 ], [ -74.34007, 45.11082 ], [ -74.34013, 45.10562 ], [ -74.3338, 45.10298 ], [ -74.32742, 45.10555 ] ] ] } },
{ "type": "Feature", "properties": { "hex_id": 501853, "centroid_lon": -74.333559404135059, "centroid_lat": 45.123771593414261, "hours_count": 12.0, "datetimes_affected": "2026-01-06 15:37:13,2026-01-06 15:37:13,2026-01-06 15:37:13,2026-01-06 15:37:13,2026-01-06 15:37:13,2026-01-06 15:37:13" }, "geometry": { "type": "Polygon", "coordinates": [ [ [ -74.32723, 45.12114 ], [ -74.32717, 45.12633 ], [ -74.3335, 45.12897 ], [ -74.33989, 45.12641 ], [ -74.33995, 45.12121 ], [ -74.33362, 45.11857 ], [ -74.32723, 45.12114 ] ] ] } },
{ "type": "Feature", "properties": { "hex_id": 501854, "centroid_lon": -74.333377804685838, "centroid_lat": 45.139361971066009, "hours_count": 30.0, "datetimes_affected": "2026-01-06 15:37:13,2026-01-06 15:37:13,2026-01-06 15:37:13,2026-01-06 15:37:13,2026-01-06 15:37:13,2026-01-06 15:37:13" }, "geometry": { "type": "Polygon", "coordinates": [ [ [ -74.32705, 45.13673 ], [ -74.32699, 45.14192 ], [ -74.33332, 45.14456 ], [ -74.33971, 45.142 ], [ -74.33977, 45.1368 ], [ -74.33344, 45.13417 ], [ -74.32705, 45.13673 ] ] ] } },
{ "type": "Feature", "properties": { "hex_id": 501855, "centroid_lon": -74.333196057024637, "centroid_lat": 45.154952305402105, "hours_count": 12.0, "datetimes_affected": "2026-01-06 15:37:13,2026-01-06 15:37:13,2026-01-06 15:37:13,2026-01-06 15:37:13,2026-01-06 15:37:13,2026-01-06 15:37:13" }, "geometry": { "type": "Polygon", "coordinates": [ [ [ -74.32687, 45.15232 ], [ -74.3268, 45.15751 ], [ -74.33314, 45.16015 ], [ -74.33953, 45.15759 ], [ -74.33959, 45.15239 ], [ -74.33326, 45.14976 ], [ -74.32687, 45.15232 ] ] ] } },
{ "type": "Feature", "properties": { "hex_id": 502462, "centroid_lon": -74.32747690908711, "centroid_lat": 45.10034870137531, "hours_count": 6.0, "datetimes_affected": "2026-01-06 15:37:13,2026-01-06 15:37:13,2026-01-06 15:37:13,2026-01-06 15:37:13,2026-01-06 15:37:13,2026-01-06 15:37:13" }, "geometry": { "type": "Polygon", "coordinates": [ [ [ -74.32115, 45.09771 ], [ -74.32109, 45.10291 ], [ -74.32742, 45.10555 ], [ -74.3338, 45.10298 ], [ -74.33386, 45.09779 ], [ -74.32754, 45.09515 ], [ -74.32115, 45.09771 ] ] ] } },
{ "type": "Feature", "properties": { "hex_id": 502463, "centroid_lon": -74.32729380182667, "centroid_lat": 45.115939123861708, "hours_count": 6.0, "datetimes_affected": "2026-01-06 15:37:13,2026-01-06 15:37:13,2026-01-06 15:37:13,2026-01-06 15:37:13,2026-01-06 15:37:13,2026-01-06 15:37:13" }, "geometry": { "type": "Polygon", "coordinates": [ [ [ -74.32097, 45.1133 ], [ -74.32091, 45.1185 ], [ -74.32723, 45.12114 ], [ -74.33362, 45.11857 ], [ -74.33368, 45.11338 ], [ -74.32735, 45.11074 ], [ -74.32097, 45.1133 ] ] ] } },
{ "type": "Feature", "properties": { "hex_id": 502464, "centroid_lon": -74.327110545164544, "centroid_lat": 45.131529503022108, "hours_count": 30.0, "datetimes_affected": "2026-01-06 15:37:13,2026-01-06 15:37:13,2026-01-06 15:37:13,2026-01-06 15:37:13,2026-01-06 15:37:13,2026-01-06 15:37:13" }, "geometry": { "type": "Polygon", "coordinates": [ [ [ -74.32078, 45.12889 ], [ -74.32072, 45.13409 ], [ -74.32705, 45.13673 ], [ -74.33344, 45.13417 ], [ -74.3335, 45.12897 ], [ -74.32717, 45.12633 ], [ -74.32078, 45.12889 ] ] ] } },
{ "type": "Feature", "properties": { "hex_id": 502465, "centroid_lon": -74.326927138951731, "centroid_lat": 45.14711983885617, "hours_count": 30.0, "datetimes_affected": "2026-01-06 15:37:13,2026-01-06 15:37:13,2026-01-06 15:37:13,2026-01-06 15:37:13,2026-01-06 15:37:13,2026-01-06 15:37:13" }, "geometry": { "type": "Polygon", "coordinates": [ [ [ -74.3206, 45.14448 ], [ -74.32054, 45.14968 ], [ -74.32687, 45.15232 ], [ -74.33326, 45.14976 ], [ -74.33332, 45.14456 ], [ -74.32699, 45.14192 ], [ -74.3206, 45.14448 ] ] ] } },
{ "type": "Feature", "properties": { "hex_id": 502466, "centroid_lon": -74.326743583039047, "centroid_lat": 45.162710131363504, "hours_count": 12.0, "datetimes_affected": "2026-01-06 15:37:13,2026-01-06 15:37:13,2026-01-06 15:37:13,2026-01-06 15:37:13,2026-01-06 15:37:13,2026-01-06 15:37:13" }, "geometry": { "type": "Polygon", "coordinates": [ [ [ -74.32041, 45.16007 ], [ -74.32035, 45.16527 ], [ -74.32668, 45.16791 ], [ -74.33307, 45.16535 ], [ -74.33314, 45.16015 ], [ -74.3268, 45.15751 ], [ -74.32041, 45.16007 ] ] ] } },
{ "type": "Feature", "properties": { "hex_id": 503072, "centroid_lon": -74.321214666919786, "centroid_lat": 45.092515886151681, "hours_count": 6.0, "datetimes_affected": "2026-01-06 15:37:13,2026-01-06 15:37:13,2026-01-06 15:37:13,2026-01-06 15:37:13,2026-01-06 15:37:13,2026-01-06 15:37:13" }, "geometry": { "type": "Polygon", "coordinates": [ [ [ -74.31489, 45.08988 ], [ -74.31483, 45.09508 ], [ -74.32115, 45.09771 ], [ -74.32754, 45.09515 ], [ -74.3276, 45.08996 ], [ -74.32128, 45.08732 ], [ -74.31489, 45.08988 ] ] ] } },
{ "type": "Feature", "properties": { "hex_id": 503073, "centroid_lon": -74.32102990516951, "centroid_lat": 45.108106309977131, "hours_count": 6.0, "datetimes_affected": "2026-01-06 15:37:13,2026-01-06 15:37:13,2026-01-06 15:37:13,2026-01-06 15:37:13,2026-01-06 15:37:13,2026-01-06 15:37:13" }, "geometry": { "type": "Polygon", "coordinates": [ [ [ -74.31471, 45.10547 ], [ -74.31464, 45.11067 ], [ -74.32097, 45.1133 ], [ -74.32735, 45.11074 ], [ -74.32742, 45.10555 ], [ -74.32109, 45.10291 ], [ -74.31471, 45.10547 ] ] ] } },
{ "type": "Feature", "properties": { "hex_id": 503074, "centroid_lon": -74.320844992681515, "centroid_lat": 45.123696690465806, "hours_count": 30.0, "datetimes_affected": "2026-01-06 15:37:13,2026-01-06 15:37:13,2026-01-06 15:37:13,2026-01-06 15:37:13,2026-01-06 15:37:13,2026-01-06 15:37:13" }, "geometry": { "type": "Polygon", "coordinates": [ [ [ -74.31452, 45.12106 ], [ -74.31446, 45.12626 ], [ -74.32078, 45.12889 ], [ -74.32717, 45.12633 ], [ -74.32723, 45.12114 ], [ -74.32091, 45.1185 ], [ -74.31452, 45.12106 ] ] ] } },
{ "type": "Feature", "properties": { "hex_id": 503075, "centroid_lon": -74.320659929305535, "centroid_lat": 45.139287027617328, "hours_count": 30.0, "datetimes_affected": "2026-01-06 15:37:13,2026-01-06 15:37:13,2026-01-06 15:37:13,2026-01-06 15:37:13,2026-01-06 15:37:13,2026-01-06 15:37:13" }, "geometry": { "type": "Polygon", "coordinates": [ [ [ -74.31433, 45.13665 ], [ -74.31427, 45.14185 ], [ -74.3206, 45.14448 ], [ -74.32699, 45.14192 ], [ -74.32705, 45.13673 ], [ -74.32072, 45.13409 ], [ -74.31433, 45.13665 ] ] ] } },
{ "type": "Feature", "properties": { "hex_id": 503076, "centroid_lon": -74.320474714890992, "centroid_lat": 45.154877321431321, "hours_count": 30.0, "datetimes_affected": "2026-01-06 15:37:13,2026-01-06 15:37:13,2026-01-06 15:37:13,2026-01-06 15:37:13,2026-01-06 15:37:13,2026-01-06 15:37:13" }, "geometry": { "type": "Polygon", "coordinates": [ [ [ -74.31415, 45.15224 ], [ -74.31408, 45.15744 ], [ -74.32041, 45.16007 ], [ -74.3268, 45.15751 ], [ -74.32687, 45.15232 ], [ -74.32054, 45.14968 ], [ -74.31415, 45.15224 ] ] ] } },
{ "type": "Feature", "properties": { "hex_id": 503077, "centroid_lon": -74.320289349287236, "centroid_lat": 45.170467571907395, "hours_count": 12.0, "datetimes_affected": "2026-01-06 15:37:13,2026-01-06 15:37:13,2026-01-06 15:37:13,2026-01-06 15:37:13,2026-01-06 15:37:13,2026-01-06 15:37:13" }, "geometry": { "type": "Polygon", "coordinates": [ [ [ -74.31396, 45.16783 ], [ -74.3139, 45.17303 ], [ -74.32023, 45.17566 ], [ -74.32662, 45.1731 ], [ -74.32668, 45.16791 ], [ -74.32035, 45.16527 ], [ -74.31396, 45.16783 ] ] ] } },
{ "type": "Feature", "properties": { "hex_id": 503683, "centroid_lon": -74.314767713223063, "centroid_lat": 45.100273152040955, "hours_count": 6.0, "datetimes_affected": "2026-01-06 15:37:13,2026-01-06 15:37:13,2026-01-06 15:37:13,2026-01-06 15:37:13,2026-01-06 15:37:13,2026-01-06 15:37:13" }, "geometry": { "type": "Polygon", "coordinates": [ [ [ -74.30844, 45.09764 ], [ -74.30838, 45.10283 ], [ -74.31471, 45.10547 ], [ -74.32109, 45.10291 ], [ -74.32115, 45.09771 ], [ -74.31483, 45.09508 ], [ -74.30844, 45.09764 ] ] ] } },
{ "type": "Feature", "properties": { "hex_id": 503684, "centroid_lon": -74.314581146295311, "centroid_lat": 45.115863533677647, "hours_count": 12.0, "datetimes_affected": "2026-01-06 15:37:13,2026-01-06 15:37:13,2026-01-06 15:37:13,2026-01-06 15:37:13,2026-01-06 15:37:13,2026-01-06 15:37:13" }, "geometry": { "type": "Polygon", "coordinates": [ [ [ -74.30826, 45.11323 ], [ -74.30819, 45.11842 ], [ -74.31452, 45.12106 ], [ -74.32091, 45.1185 ], [ -74.32097, 45.1133 ], [ -74.31464, 45.11067 ], [ -74.30826, 45.11323 ] ] ] } },
{ "type": "Feature", "properties": { "hex_id": 503685, "centroid_lon": -74.314394427143583, "centroid_lat": 45.131453871966279, "hours_count": 30.0, "datetimes_affected": "2026-01-06 15:37:13,2026-01-06 15:37:13,2026-01-06 15:37:13,2026-01-06 15:37:13,2026-01-06 15:37:13,2026-01-06 15:37:13" }, "geometry": { "type": "Polygon", "coordinates": [ [ [ -74.30807, 45.12882 ], [ -74.308, 45.13401 ], [ -74.31433, 45.13665 ], [ -74.32072, 45.13409 ], [ -74.32078, 45.12889 ], [ -74.31446, 45.12626 ], [ -74.30807, 45.12882 ] ] ] } },
{ "type": "Feature", "properties": { "hex_id": 503686, "centroid_lon": -74.314207555616079, "centroid_lat": 45.147044166906497, "hours_count": 30.0, "datetimes_affected": "2026-01-06 15:37:13,2026-01-06 15:37:13,2026-01-06 15:37:13,2026-01-06 15:37:13,2026-01-06 15:37:13,2026-01-06 15:37:13" }, "geometry": { "type": "Polygon", "coordinates": [ [ [ -74.30788, 45.14441 ], [ -74.30782, 45.1496 ], [ -74.31415, 45.15224 ], [ -74.32054, 45.14968 ], [ -74.3206, 45.14448 ], [ -74.31427, 45.14185 ], [ -74.30788, 45.14441 ] ] ] } },
{ "type": "Feature", "properties": { "hex_id": 503687, "centroid_lon": -74.314020531560743, "centroid_lat": 45.162634418497845, "hours_count": 12.0, "datetimes_affected": "2026-01-06 15:37:13,2026-01-06 15:37:13,2026-01-06 15:37:13,2026-01-06 15:37:13,2026-01-06 15:37:13,2026-01-06 15:37:13" }, "geometry": { "type": "Polygon", "coordinates": [ [ [ -74.30769, 45.16 ], [ -74.30763, 45.16519 ], [ -74.31396, 45.16783 ], [ -74.32035, 45.16527 ], [ -74.32041, 45.16007 ], [ -74.31408, 45.15744 ], [ -74.30769, 45.16 ] ] ] } },
{ "type": "Feature", "properties": { "hex_id": 504293, "centroid_lon": -74.308507225047265, "centroid_lat": 45.092439650333411, "hours_count": 6.0, "datetimes_affected": "2026-01-06 15:37:13,2026-01-06 15:37:13,2026-01-06 15:37:13,2026-01-06 15:37:13,2026-01-06 15:37:13,2026-01-06 15:37:13" }, "geometry": { "type": "Polygon", "coordinates": [ [ [ -74.30219, 45.0898 ], [ -74.30212, 45.095 ], [ -74.30844, 45.09764 ], [ -74.31483, 45.09508 ], [ -74.31489, 45.08988 ], [ -74.30857, 45.08724 ], [ -74.30219, 45.0898 ] ] ] } },
{ "type": "Feature", "properties": { "hex_id": 504294, "centroid_lon": -74.308319005064902, "centroid_lat": 45.108030032938018, "hours_count": 6.0, "datetimes_affected": "2026-01-06 15:37:13,2026-01-06 15:37:13,2026-01-06 15:37:13,2026-01-06 15:37:13,2026-01-06 15:37:13,2026-01-06 15:37:13" }, "geometry": { "type": "Polygon", "coordinates": [ [ [ -74.302, 45.10539 ], [ -74.30193, 45.11059 ], [ -74.30826, 45.11323 ], [ -74.31464, 45.11067 ], [ -74.31471, 45.10547 ], [ -74.30838, 45.10283 ], [ -74.302, 45.10539 ] ] ] } },
{ "type": "Feature", "properties": { "hex_id": 504295, "centroid_lon": -74.30813063152398, "centroid_lat": 45.123620372183588, "hours_count": 30.0, "datetimes_affected": "2026-01-06 15:37:13,2026-01-06 15:37:13,2026-01-06 15:37:13,2026-01-06 15:37:13,2026-01-06 15:37:13,2026-01-06 15:37:13" }, "geometry": { "type": "Polygon", "coordinates": [ [ [ -74.30181, 45.12098 ], [ -74.30174, 45.12618 ], [ -74.30807, 45.12882 ], [ -74.31446, 45.12626 ], [ -74.31452, 45.12106 ], [ -74.30819, 45.11842 ], [ -74.30181, 45.12098 ] ] ] } },
{ "type": "Feature", "properties": { "hex_id": 504296, "centroid_lon": -74.307942104271376, "centroid_lat": 45.139210668069737, "hours_count": 30.0, "datetimes_affected": "2026-01-06 15:37:13,2026-01-06 15:37:13,2026-01-06 15:37:13,2026-01-06 15:37:13,2026-01-06 15:37:13,2026-01-06 15:37:13" }, "geometry": { "type": "Polygon", "coordinates": [ [ [ -74.30161, 45.13657 ], [ -74.30155, 45.14177 ], [ -74.30788, 45.14441 ], [ -74.31427, 45.14185 ], [ -74.31433, 45.13665 ], [ -74.308, 45.13401 ], [ -74.30161, 45.13657 ] ] ] } },
{ "type": "Feature", "properties": { "hex_id": 504297, "centroid_lon": -74.30775342315377, "centroid_lat": 45.15480092059601, "hours_count": 30.0, "datetimes_affected": "2026-01-06 15:37:13,2026-01-06 15:37:13,2026-01-06 15:37:13,2026-01-06 15:37:13,2026-01-06 15:37:13,2026-01-06 15:37:13" }, "geometry": { "type": "Polygon", "coordinates": [ [ [ -74.30142, 45.15216 ], [ -74.30136, 45.15736 ], [ -74.30769, 45.16 ], [ -74.31408, 45.15744 ], [ -74.31415, 45.15224 ], [ -74.30782, 45.1496 ], [ -74.30142, 45.15216 ] ] ] } },
{ "type": "Feature", "properties": { "hex_id": 504298, "centroid_lon": -74.307564588017627, "centroid_lat": 45.170391129762066, "hours_count": 12.0, "datetimes_affected": "2026-01-06 15:37:13,2026-01-06 15:37:13,2026-01-06 15:37:13,2026-01-06 15:37:13,2026-01-06 15:37:13,2026-01-06 15:37:13" }, "geometry": { "type": "Polygon", "coordinates": [ [ [ -74.30123, 45.16775 ], [ -74.30117, 45.17295 ], [ -74.3075, 45.17559 ], [ -74.3139, 45.17303 ], [ -74.31396, 45.16783 ], [ -74.30763, 45.16519 ], [ -74.30123, 45.16775 ] ] ] } },
{ "type": "Feature", "properties": { "hex_id": 504904, "centroid_lon": -74.302058568049802, "centroid_lat": 45.100196188527228, "hours_count": 6.0, "datetimes_affected": "2026-01-06 15:37:13,2026-01-06 15:37:13,2026-01-06 15:37:13,2026-01-06 15:37:13,2026-01-06 15:37:13,2026-01-06 15:37:13" }, "geometry": { "type": "Polygon", "coordinates": [ [ [ -74.29574, 45.09756 ], [ -74.29567, 45.10276 ], [ -74.302, 45.10539 ], [ -74.30838, 45.10283 ], [ -74.30844, 45.09764 ], [ -74.30212, 45.095 ], [ -74.29574, 45.09756 ] ] ] } },
{ "type": "Feature", "properties": { "hex_id": 504905, "centroid_lon": -74.301868541505272, "centroid_lat": 45.115786528549691, "hours_count": 30.0, "datetimes_affected": "2026-01-06 15:37:13,2026-01-06 15:37:13,2026-01-06 15:37:13,2026-01-06 15:37:13,2026-01-06 15:37:13,2026-01-06 15:37:13" }, "geometry": { "type": "Polygon", "coordinates": [ [ [ -74.29554, 45.11315 ], [ -74.29548, 45.11835 ], [ -74.30181, 45.12098 ], [ -74.30819, 45.11842 ], [ -74.30826, 45.11323 ], [ -74.30193, 45.11059 ], [ -74.29554, 45.11315 ] ] ] } },
{ "type": "Feature", "properties": { "hex_id": 504906, "centroid_lon": -74.301678359914547, "centroid_lat": 45.131376825201606, "hours_count": 30.0, "datetimes_affected": "2026-01-06 15:37:13,2026-01-06 15:37:13,2026-01-06 15:37:13,2026-01-06 15:37:13,2026-01-06 15:37:13,2026-01-06 15:37:13" }, "geometry": { "type": "Polygon", "coordinates": [ [ [ -74.29535, 45.12874 ], [ -74.29529, 45.13394 ], [ -74.30161, 45.13657 ], [ -74.308, 45.13401 ], [ -74.30807, 45.12882 ], [ -74.30174, 45.12618 ], [ -74.29535, 45.12874 ] ] ] } },
{ "type": "Feature", "properties": { "hex_id": 504907, "centroid_lon": -74.301488023122985, "centroid_lat": 45.146967078482604, "hours_count": 30.0, "datetimes_affected": "2026-01-06 15:37:13,2026-01-06 15:37:13,2026-01-06 15:37:13,2026-01-06 15:37:13,2026-01-06 15:37:13,2026-01-06 15:37:13" }, "geometry": { "type": "Polygon", "coordinates": [ [ [ -74.29516, 45.14433 ], [ -74.2951, 45.14953 ], [ -74.30142, 45.15216 ], [ -74.30782, 45.1496 ], [ -74.30788, 45.14441 ], [ -74.30155, 45.14177 ], [ -74.29516, 45.14433 ] ] ] } },
{ "type": "Feature", "properties": { "hex_id": 504908, "centroid_lon": -74.301297530975788, "centroid_lat": 45.162557288392215, "hours_count": 30.0, "datetimes_affected": "2026-01-06 15:37:13,2026-01-06 15:37:13,2026-01-06 15:37:13,2026-01-06 15:37:13,2026-01-06 15:37:13,2026-01-06 15:37:13" }, "geometry": { "type": "Polygon", "coordinates": [ [ [ -74.29497, 45.15992 ], [ -74.2949, 45.16512 ], [ -74.30123, 45.16775 ], [ -74.30763, 45.16519 ], [ -74.30769, 45.16 ], [ -74.30136, 45.15736 ], [ -74.29497, 45.15992 ] ] ] } },
{ "type": "Feature", "properties": { "hex_id": 505514, "centroid_lon": -74.295799834309975, "centroid_lat": 45.092362000725409, "hours_count": 6.0, "datetimes_affected": "2026-01-06 15:37:13,2026-01-06 15:37:13,2026-01-06 15:37:13,2026-01-06 15:37:13,2026-01-06 15:37:13,2026-01-06 15:37:13" }, "geometry": { "type": "Polygon", "coordinates": [ [ [ -74.28948, 45.08972 ], [ -74.28941, 45.09492 ], [ -74.29574, 45.09756 ], [ -74.30212, 45.095 ], [ -74.30219, 45.0898 ], [ -74.29586, 45.08717 ], [ -74.28948, 45.08972 ] ] ] } },
{ "type": "Feature", "properties": { "hex_id": 505515, "centroid_lon": -74.295608156146486, "centroid_lat": 45.107952341344841, "hours_count": 30.0, "datetimes_affected": "2026-01-06 15:37:13,2026-01-06 15:37:13,2026-01-06 15:37:13,2026-01-06 15:37:13,2026-01-06 15:37:13,2026-01-06 15:37:13" }, "geometry": { "type": "Polygon", "coordinates": [ [ [ -74.28929, 45.10531 ], [ -74.28922, 45.11051 ], [ -74.29554, 45.11315 ], [ -74.30193, 45.11059 ], [ -74.302, 45.10539 ], [ -74.29567, 45.10276 ], [ -74.28929, 45.10531 ] ] ] } },
{ "type": "Feature", "properties": { "hex_id": 505516, "centroid_lon": -74.295416321603653, "centroid_lat": 45.123542638582578, "hours_count": 30.0, "datetimes_affected": "2026-01-06 15:37:13,2026-01-06 15:37:13,2026-01-06 15:37:13,2026-01-06 15:37:13,2026-01-06 15:37:13,2026-01-06 15:37:13" }, "geometry": { "type": "Polygon", "coordinates": [ [ [ -74.28909, 45.1209 ], [ -74.28903, 45.1261 ], [ -74.29535, 45.12874 ], [ -74.30174, 45.12618 ], [ -74.30181, 45.12098 ], [ -74.29548, 45.11835 ], [ -74.28909, 45.1209 ] ] ] } },
{ "type": "Feature", "properties": { "hex_id": 505517, "centroid_lon": -74.295224330525556, "centroid_lat": 45.139132892438184, "hours_count": 30.0, "datetimes_affected": "2026-01-06 15:37:13,2026-01-06 15:37:13,2026-01-06 15:37:13,2026-01-06 15:37:13,2026-01-06 15:37:13,2026-01-06 15:37:13" }, "geometry": { "type": "Polygon", "coordinates": [ [ [ -74.2889, 45.1365 ], [ -74.28883, 45.14169 ], [ -74.29516, 45.14433 ], [ -74.30155, 45.14177 ], [ -74.30161, 45.13657 ], [ -74.29529, 45.13394 ], [ -74.2889, 45.1365 ] ] ] } },
{ "type": "Feature", "properties": { "hex_id": 505518, "centroid_lon": -74.29503218275606, "centroid_lat": 45.154723102911213, "hours_count": 30.0, "datetimes_affected": "2026-01-06 15:37:13,2026-01-06 15:37:13,2026-01-06 15:37:13,2026-01-06 15:37:13,2026-01-06 15:37:13,2026-01-06 15:37:13" }, "geometry": { "type": "Polygon", "coordinates": [ [ [ -74.2887, 45.15209 ], [ -74.28864, 45.15728 ], [ -74.29497, 45.15992 ], [ -74.30136, 45.15736 ], [ -74.30142, 45.15216 ], [ -74.2951, 45.14953 ], [ -74.2887, 45.15209 ] ] ] } },
{ "type": "Feature", "properties": { "hex_id": 505519, "centroid_lon": -74.294839878138774, "centroid_lat": 45.170313270001259, "hours_count": 12.0, "datetimes_affected": "2026-01-06 15:37:13,2026-01-06 15:37:13,2026-01-06 15:37:13,2026-01-06 15:37:13,2026-01-06 15:37:13,2026-01-06 15:37:13" }, "geometry": { "type": "Polygon", "coordinates": [ [ [ -74.28851, 45.16768 ], [ -74.28845, 45.17287 ], [ -74.29478, 45.17551 ], [ -74.30117, 45.17295 ], [ -74.30123, 45.16775 ], [ -74.2949, 45.16512 ], [ -74.28851, 45.16768 ] ] ] } },
{ "type": "Feature", "properties": { "hex_id": 506125, "centroid_lon": -74.289349474507134, "centroid_lat": 45.100117810849248, "hours_count": 6.0, "datetimes_affected": "2026-01-06 15:37:13,2026-01-06 15:37:13,2026-01-06 15:37:13,2026-01-06 15:37:13,2026-01-06 15:37:13,2026-01-06 15:37:13" }, "geometry": { "type": "Polygon", "coordinates": [ [ [ -74.28303, 45.09748 ], [ -74.28296, 45.10268 ], [ -74.28929, 45.10531 ], [ -74.29567, 45.10276 ], [ -74.29574, 45.09756 ], [ -74.28941, 45.09492 ], [ -74.28303, 45.09748 ] ] ] } },
{ "type": "Feature", "properties": { "hex_id": 506126, "centroid_lon": -74.289155988397297, "centroid_lat": 45.115708108492946, "hours_count": 30.0, "datetimes_affected": "2026-01-06 15:37:13,2026-01-06 15:37:13,2026-01-06 15:37:13,2026-01-06 15:37:13,2026-01-06 15:37:13,2026-01-06 15:37:13" }, "geometry": { "type": "Polygon", "coordinates": [ [ [ -74.28283, 45.11307 ], [ -74.28277, 45.11827 ], [ -74.28909, 45.1209 ], [ -74.29548, 45.11835 ], [ -74.29554, 45.11315 ], [ -74.28922, 45.11051 ], [ -74.28283, 45.11307 ] ] ] } },
{ "type": "Feature", "properties": { "hex_id": 506127, "centroid_lon": -74.288962344419105, "centroid_lat": 45.131298362743209, "hours_count": 30.0, "datetimes_affected": "2026-01-06 15:37:13,2026-01-06 15:37:13,2026-01-06 15:37:13,2026-01-06 15:37:13,2026-01-06 15:37:13,2026-01-06 15:37:13" }, "geometry": { "type": "Polygon", "coordinates": [ [ [ -74.28264, 45.12866 ], [ -74.28257, 45.13386 ], [ -74.2889, 45.1365 ], [ -74.29529, 45.13394 ], [ -74.29535, 45.12874 ], [ -74.28903, 45.1261 ], [ -74.28264, 45.12866 ] ] ] } },
{ "type": "Feature", "properties": { "hex_id": 506128, "centroid_lon": -74.288768542415141, "centroid_lat": 45.146888573599625, "hours_count": 30.0, "datetimes_affected": "2026-01-06 15:37:13,2026-01-06 15:37:13,2026-01-06 15:37:13,2026-01-06 15:37:13,2026-01-06 15:37:13,2026-01-06 15:37:13" }, "geometry": { "type": "Polygon", "coordinates": [ [ [ -74.28244, 45.14425 ], [ -74.28238, 45.14945 ], [ -74.2887, 45.15209 ], [ -74.2951, 45.14953 ], [ -74.29516, 45.14433 ], [ -74.28883, 45.14169 ], [ -74.28244, 45.14425 ] ] ] } },
{ "type": "Feature", "properties": { "hex_id": 506129, "centroid_lon": -74.288574582227724, "centroid_lat": 45.162478741061733, "hours_count": 30.0, "datetimes_affected": "2026-01-06 15:37:13,2026-01-06 15:37:13,2026-01-06 15:37:13,2026-01-06 15:37:13,2026-01-06 15:37:13,2026-01-06 15:37:13" }, "geometry": { "type": "Polygon", "coordinates": [ [ [ -74.28225, 45.15984 ], [ -74.28218, 45.16504 ], [ -74.28851, 45.16768 ], [ -74.2949, 45.16512 ], [ -74.29497, 45.15992 ], [ -74.28864, 45.15728 ], [ -74.28225, 45.15984 ] ] ] } },
{ "type": "Feature", "properties": { "hex_id": 506130, "centroid_lon": -74.288380463698985, "centroid_lat": 45.178068865129127, "hours_count": 6.0, "datetimes_affected": "2026-01-06 16:33:50,2026-01-06 16:33:50,2026-01-06 16:33:50,2026-01-06 16:33:50,2026-01-06 16:33:50,2026-01-06 16:33:50" }, "geometry": { "type": "Polygon", "coordinates": [ [ [ -74.28205, 45.17543 ], [ -74.28198, 45.18063 ], [ -74.28832, 45.18327 ], [ -74.29471, 45.18071 ], [ -74.29478, 45.17551 ], [ -74.28845, 45.17287 ], [ -74.28205, 45.17543 ] ] ] } },
{ "type": "Feature", "properties": { "hex_id": 506735, "centroid_lon": -74.283092495647224, "centroid_lat": 45.092282937342901, "hours_count": 6.0, "datetimes_affected": "2026-01-06 15:37:13,2026-01-06 15:37:13,2026-01-06 15:37:13,2026-01-06 15:37:13,2026-01-06 15:37:13,2026-01-06 15:37:13" }, "geometry": { "type": "Polygon", "coordinates": [ [ [ -74.27677, 45.08964 ], [ -74.27671, 45.09484 ], [ -74.28303, 45.09748 ], [ -74.28941, 45.09492 ], [ -74.28948, 45.08972 ], [ -74.28316, 45.08709 ], [ -74.27677, 45.08964 ] ] ] } },
{ "type": "Feature", "properties": { "hex_id": 506736, "centroid_lon": -74.282897359354521, "centroid_lat": 45.10787323521285, "hours_count": 30.0, "datetimes_affected": "2026-01-06 15:37:13,2026-01-06 15:37:13,2026-01-06 15:37:13,2026-01-06 15:37:13,2026-01-06 15:37:13,2026-01-06 15:37:13" }, "geometry": { "type": "Polygon", "coordinates": [ [ [ -74.27657, 45.10523 ], [ -74.27651, 45.11043 ], [ -74.28283, 45.11307 ], [ -74.28922, 45.11051 ], [ -74.28929, 45.10531 ], [ -74.28296, 45.10268 ], [ -74.27657, 45.10523 ] ] ] } },
{ "type": "Feature", "properties": { "hex_id": 506737, "centroid_lon": -74.282702063861748, "centroid_lat": 45.123463489678009, "hours_count": 30.0, "datetimes_affected": "2026-01-06 15:37:13,2026-01-06 15:37:13,2026-01-06 15:37:13,2026-01-06 15:37:13,2026-01-06 15:37:13,2026-01-06 15:37:13" }, "geometry": { "type": "Polygon", "coordinates": [ [ [ -74.27638, 45.12083 ], [ -74.27631, 45.12602 ], [ -74.28264, 45.12866 ], [ -74.28903, 45.1261 ], [ -74.28909, 45.1209 ], [ -74.28277, 45.11827 ], [ -74.27638, 45.12083 ] ] ] } },
{ "type": "Feature", "properties": { "hex_id": 506738, "centroid_lon": -74.282506609010198, "centroid_lat": 45.139053700737946, "hours_count": 30.0, "datetimes_affected": "2026-01-06 15:37:13,2026-01-06 15:37:13,2026-01-06 15:37:13,2026-01-06 15:37:13,2026-01-06 15:37:13,2026-01-06 15:37:13" }, "geometry": { "type": "Polygon", "coordinates": [ [ [ -74.27618, 45.13642 ], [ -74.27611, 45.14161 ], [ -74.28244, 45.14425 ], [ -74.28883, 45.14169 ], [ -74.2889, 45.1365 ], [ -74.28257, 45.13386 ], [ -74.27618, 45.13642 ] ] ] } },
{ "type": "Feature", "properties": { "hex_id": 506739, "centroid_lon": -74.282310994640923, "centroid_lat": 45.154643868392156, "hours_count": 30.0, "datetimes_affected": "2026-01-06 15:37:13,2026-01-06 15:37:13,2026-01-06 15:37:13,2026-01-06 15:37:13,2026-01-06 15:37:13,2026-01-06 15:37:13" }, "geometry": { "type": "Polygon", "coordinates": [ [ [ -74.27598, 45.15201 ], [ -74.27592, 45.1572 ], [ -74.28225, 45.15984 ], [ -74.28864, 45.15728 ], [ -74.2887, 45.15209 ], [ -74.28238, 45.14945 ], [ -74.27598, 45.15201 ] ] ] } },
{ "type": "Feature", "properties": { "hex_id": 506740, "centroid_lon": -74.282115220594719, "centroid_lat": 45.170233992640235, "hours_count": 30.0, "datetimes_affected": "2026-01-06 15:37:13,2026-01-06 15:37:13,2026-01-06 15:37:13,2026-01-06 15:37:13,2026-01-06 15:37:13,2026-01-06 15:37:13" }, "geometry": { "type": "Polygon", "coordinates": [ [ [ -74.27579, 45.1676 ], [ -74.27572, 45.17279 ], [ -74.28205, 45.17543 ], [ -74.28845, 45.17287 ], [ -74.28851, 45.16768 ], [ -74.28218, 45.16504 ], [ -74.27579, 45.1676 ] ] ] } },
{ "type": "Feature", "properties": { "hex_id": 507346, "centroid_lon": -74.276640433534837, "centroid_lat": 45.100038019022364, "hours_count": 6.0, "datetimes_affected": "2026-01-06 15:37:13,2026-01-06 15:37:13,2026-01-06 15:37:13,2026-01-06 15:37:13,2026-01-06 15:37:13,2026-01-06 15:37:13" }, "geometry": { "type": "Polygon", "coordinates": [ [ [ -74.27032, 45.0974 ], [ -74.27025, 45.1026 ], [ -74.27657, 45.10523 ], [ -74.28296, 45.10268 ], [ -74.28303, 45.09748 ], [ -74.27671, 45.09484 ], [ -74.27032, 45.0974 ] ] ] } },
{ "type": "Feature", "properties": { "hex_id": 507347, "centroid_lon": -74.27644348791209, "centroid_lat": 45.115628273522788, "hours_count": 30.0, "datetimes_affected": "2026-01-06 15:37:13,2026-01-06 15:37:13,2026-01-06 15:37:13,2026-01-06 15:37:13,2026-01-06 15:37:13,2026-01-06 15:37:13" }, "geometry": { "type": "Polygon", "coordinates": [ [ [ -74.27012, 45.11299 ], [ -74.27005, 45.11819 ], [ -74.27638, 45.12083 ], [ -74.28277, 45.11827 ], [ -74.28283, 45.11307 ], [ -74.27651, 45.11043 ], [ -74.27012, 45.11299 ] ] ] } },
{ "type": "Feature", "properties": { "hex_id": 507348, "centroid_lon": -74.276246381598924, "centroid_lat": 45.131218484606471, "hours_count": 30.0, "datetimes_affected": "2026-01-06 15:37:13,2026-01-06 15:37:13,2026-01-06 15:37:13,2026-01-06 15:37:13,2026-01-06 15:37:13,2026-01-06 15:37:13" }, "geometry": { "type": "Polygon", "coordinates": [ [ [ -74.26992, 45.12858 ], [ -74.26986, 45.13378 ], [ -74.27618, 45.13642 ], [ -74.28257, 45.13386 ], [ -74.28264, 45.12866 ], [ -74.27631, 45.12602 ], [ -74.26992, 45.12858 ] ] ] } },
{ "type": "Feature", "properties": { "hex_id": 507349, "centroid_lon": -74.276049114435082, "centroid_lat": 45.146808652272981, "hours_count": 30.0, "datetimes_affected": "2026-01-06 15:37:13,2026-01-06 15:37:13,2026-01-06 15:37:13,2026-01-06 15:37:13,2026-01-06 15:37:13,2026-01-06 15:37:13" }, "geometry": { "type": "Polygon", "coordinates": [ [ [ -74.26972, 45.14417 ], [ -74.26966, 45.14937 ], [ -74.27598, 45.15201 ], [ -74.28238, 45.14945 ], [ -74.28244, 45.14425 ], [ -74.27611, 45.14161 ], [ -74.26972, 45.14417 ] ] ] } },
{ "type": "Feature", "properties": { "hex_id": 507350, "centroid_lon": -74.275851686260097, "centroid_lat": 45.162398776521826, "hours_count": 30.0, "datetimes_affected": "2026-01-06 15:37:13,2026-01-06 15:37:13,2026-01-06 15:37:13,2026-01-06 15:37:13,2026-01-06 15:37:13,2026-01-06 15:37:13" }, "geometry": { "type": "Polygon", "coordinates": [ [ [ -74.26952, 45.15976 ], [ -74.26946, 45.16496 ], [ -74.27579, 45.1676 ], [ -74.28218, 45.16504 ], [ -74.28225, 45.15984 ], [ -74.27592, 45.1572 ], [ -74.26952, 45.15976 ] ] ] } },
{ "type": "Feature", "properties": { "hex_id": 507956, "centroid_lon": -74.27038520999831, "centroid_lat": 45.092202460201364, "hours_count": 6.0, "datetimes_affected": "2026-01-06 15:37:13,2026-01-06 15:37:13,2026-01-06 15:37:13,2026-01-06 15:37:13,2026-01-06 15:37:13,2026-01-06 15:37:13" }, "geometry": { "type": "Polygon", "coordinates": [ [ [ -74.26407, 45.08956 ], [ -74.264, 45.09476 ], [ -74.27032, 45.0974 ], [ -74.27671, 45.09484 ], [ -74.27677, 45.08964 ], [ -74.27045, 45.08701 ], [ -74.26407, 45.08956 ] ] ] } },
{ "type": "Feature", "properties": { "hex_id": 507957, "centroid_lon": -74.2701866156292, "centroid_lat": 45.107792714557547, "hours_count": 30.0, "datetimes_affected": "2026-01-06 15:37:13,2026-01-06 15:37:13,2026-01-06 15:37:13,2026-01-06 15:37:13,2026-01-06 15:37:13,2026-01-06 15:37:13" }, "geometry": { "type": "Polygon", "coordinates": [ [ [ -74.26386, 45.10515 ], [ -74.2638, 45.11035 ], [ -74.27012, 45.11299 ], [ -74.27651, 45.11043 ], [ -74.27657, 45.10523 ], [ -74.27025, 45.1026 ], [ -74.26386, 45.10515 ] ] ] } },
{ "type": "Feature", "properties": { "hex_id": 507958, "centroid_lon": -74.269987859239421, "centroid_lat": 45.123382925485423, "hours_count": 30.0, "datetimes_affected": "2026-01-06 15:37:13,2026-01-06 15:37:13,2026-01-06 15:37:13,2026-01-06 15:37:13,2026-01-06 15:37:13,2026-01-06 15:37:13" }, "geometry": { "type": "Polygon", "coordinates": [ [ [ -74.26366, 45.12074 ], [ -74.2636, 45.12594 ], [ -74.26992, 45.12858 ], [ -74.27631, 45.12602 ], [ -74.27638, 45.12083 ], [ -74.27005, 45.11819 ], [ -74.26366, 45.12074 ] ] ] } },
{ "type": "Feature", "properties": { "hex_id": 507959, "centroid_lon": -74.269788940667411, "centroid_lat": 45.13897309298455, "hours_count": 30.0, "datetimes_affected": "2026-01-06 15:37:13,2026-01-06 15:37:13,2026-01-06 15:37:13,2026-01-06 15:37:13,2026-01-06 15:37:13,2026-01-06 15:37:13" }, "geometry": { "type": "Polygon", "coordinates": [ [ [ -74.26346, 45.13633 ], [ -74.2634, 45.14153 ], [ -74.26972, 45.14417 ], [ -74.27611, 45.14161 ], [ -74.27618, 45.13642 ], [ -74.26986, 45.13378 ], [ -74.26346, 45.13633 ] ] ] } },
{ "type": "Feature", "properties": { "hex_id": 507960, "centroid_lon": -74.269589859751406, "centroid_lat": 45.154563217054417, "hours_count": 30.0, "datetimes_affected": "2026-01-06 15:37:13,2026-01-06 15:37:13,2026-01-06 15:37:13,2026-01-06 15:37:13,2026-01-06 15:37:13,2026-01-06 15:37:13" }, "geometry": { "type": "Polygon", "coordinates": [ [ [ -74.26326, 45.15192 ], [ -74.2632, 45.15712 ], [ -74.26952, 45.15976 ], [ -74.27592, 45.1572 ], [ -74.27598, 45.15201 ], [ -74.26966, 45.14937 ], [ -74.26326, 45.15192 ] ] ] } },
{ "type": "Feature", "properties": { "hex_id": 507961, "centroid_lon": -74.269390616329403, "centroid_lat": 45.170153297694583, "hours_count": 30.0, "datetimes_affected": "2026-01-06 15:37:13,2026-01-06 15:37:13,2026-01-06 15:37:13,2026-01-06 15:37:13,2026-01-06 15:37:13,2026-01-06 15:37:13" }, "geometry": { "type": "Polygon", "coordinates": [ [ [ -74.26306, 45.16751 ], [ -74.26299, 45.17271 ], [ -74.26932, 45.17535 ], [ -74.27572, 45.17279 ], [ -74.27579, 45.1676 ], [ -74.26946, 45.16496 ], [ -74.26306, 45.16751 ] ] ] } },
{ "type": "Feature", "properties": { "hex_id": 508567, "centroid_lon": -74.263931446072661, "centroid_lat": 45.099956813062214, "hours_count": 6.0, "datetimes_affected": "2026-01-06 15:37:13,2026-01-06 15:37:13,2026-01-06 15:37:13,2026-01-06 15:37:13,2026-01-06 15:37:13,2026-01-06 15:37:13" }, "geometry": { "type": "Polygon", "coordinates": [ [ [ -74.25761, 45.09732 ], [ -74.25754, 45.10251 ], [ -74.26386, 45.10515 ], [ -74.27025, 45.1026 ], [ -74.27032, 45.0974 ], [ -74.264, 45.09476 ], [ -74.25761, 45.09732 ] ] ] } },
{ "type": "Feature", "properties": { "hex_id": 508568, "centroid_lon": -74.263731040990351, "centroid_lat": 45.115547023654862, "hours_count": 30.0, "datetimes_affected": "2026-01-06 15:37:13,2026-01-06 15:37:13,2026-01-06 15:37:13,2026-01-06 15:37:13,2026-01-06 15:37:13,2026-01-06 15:37:13" }, "geometry": { "type": "Polygon", "coordinates": [ [ [ -74.25741, 45.11291 ], [ -74.25734, 45.1181 ], [ -74.26366, 45.12074 ], [ -74.27005, 45.11819 ], [ -74.27012, 45.11299 ], [ -74.2638, 45.11035 ], [ -74.25741, 45.11291 ] ] ] } },
{ "type": "Feature", "properties": { "hex_id": 508569, "centroid_lon": -74.263530472395615, "centroid_lat": 45.13113719080706, "hours_count": 30.0, "datetimes_affected": "2026-01-06 15:37:13,2026-01-06 15:37:13,2026-01-06 15:37:13,2026-01-06 15:37:13,2026-01-06 15:37:13,2026-01-06 15:37:13" }, "geometry": { "type": "Polygon", "coordinates": [ [ [ -74.25721, 45.1285 ], [ -74.25714, 45.13369 ], [ -74.26346, 45.13633 ], [ -74.26986, 45.13378 ], [ -74.26992, 45.12858 ], [ -74.2636, 45.12594 ], [ -74.25721, 45.1285 ] ] ] } },
{ "type": "Feature", "properties": { "hex_id": 508570, "centroid_lon": -74.2633297401254, "centroid_lat": 45.146727314518344, "hours_count": 30.0, "datetimes_affected": "2026-01-06 15:37:13,2026-01-06 15:37:13,2026-01-06 15:37:13,2026-01-06 15:37:13,2026-01-06 15:37:13,2026-01-06 15:37:13" }, "geometry": { "type": "Polygon", "coordinates": [ [ [ -74.257, 45.14409 ], [ -74.25694, 45.14928 ], [ -74.26326, 45.15192 ], [ -74.26966, 45.14937 ], [ -74.26972, 45.14417 ], [ -74.2634, 45.14153 ], [ -74.257, 45.14409 ] ] ] } },
{ "type": "Feature", "properties": { "hex_id": 508571, "centroid_lon": -74.263128844016407, "centroid_lat": 45.16231739478819, "hours_count": 30.0, "datetimes_affected": "2026-01-06 15:37:13,2026-01-06 15:37:13,2026-01-06 15:37:13,2026-01-06 15:37:13,2026-01-06 15:37:13,2026-01-06 15:37:13" }, "geometry": { "type": "Polygon", "coordinates": [ [ [ -74.2568, 45.15968 ], [ -74.25673, 45.16487 ], [ -74.26306, 45.16751 ], [ -74.26946, 45.16496 ], [ -74.26952, 45.15976 ], [ -74.2632, 45.15712 ], [ -74.2568, 45.15968 ] ] ] } },
{ "type": "Feature", "properties": { "hex_id": 509177, "centroid_lon": -74.257677978302496, "centroid_lat": 45.092120569316577, "hours_count": 6.0, "datetimes_affected": "2026-01-06 15:37:13,2026-01-06 15:37:13,2026-01-06 15:37:13,2026-01-06 15:37:13,2026-01-06 15:37:13,2026-01-06 15:37:13" }, "geometry": { "type": "Polygon", "coordinates": [ [ [ -74.25136, 45.08948 ], [ -74.25129, 45.09468 ], [ -74.25761, 45.09732 ], [ -74.264, 45.09476 ], [ -74.26407, 45.08956 ], [ -74.25775, 45.08692 ], [ -74.25136, 45.08948 ] ] ] } },
{ "type": "Feature", "properties": { "hex_id": 509178, "centroid_lon": -74.257475925910796, "centroid_lat": 45.107710779394679, "hours_count": 30.0, "datetimes_affected": "2026-01-06 15:37:13,2026-01-06 15:37:13,2026-01-06 15:37:13,2026-01-06 15:37:13,2026-01-06 15:37:13,2026-01-06 15:37:13" }, "geometry": { "type": "Polygon", "coordinates": [ [ [ -74.25115, 45.10507 ], [ -74.25109, 45.11027 ], [ -74.25741, 45.11291 ], [ -74.2638, 45.11035 ], [ -74.26386, 45.10515 ], [ -74.25754, 45.10251 ], [ -74.25115, 45.10507 ] ] ] } },
{ "type": "Feature", "properties": { "hex_id": 509179, "centroid_lon": -74.257273708677843, "centroid_lat": 45.123300946020599, "hours_count": 30.0, "datetimes_affected": "2026-01-06 15:37:13,2026-01-06 15:37:13,2026-01-06 15:37:13,2026-01-06 15:37:13,2026-01-06 15:37:13,2026-01-06 15:37:13" }, "geometry": { "type": "Polygon", "coordinates": [ [ [ -74.25095, 45.12066 ], [ -74.25088, 45.12586 ], [ -74.25721, 45.1285 ], [ -74.2636, 45.12594 ], [ -74.26366, 45.12074 ], [ -74.25734, 45.1181 ], [ -74.25095, 45.12066 ] ] ] } },
{ "type": "Feature", "properties": { "hex_id": 509180, "centroid_lon": -74.257071326439288, "centroid_lat": 45.138891069193825, "hours_count": 30.0, "datetimes_affected": "2026-01-06 15:37:13,2026-01-06 15:37:13,2026-01-06 15:37:13,2026-01-06 15:37:13,2026-01-06 15:37:13,2026-01-06 15:37:13" }, "geometry": { "type": "Polygon", "coordinates": [ [ [ -74.25075, 45.13625 ], [ -74.25068, 45.14145 ], [ -74.257, 45.14409 ], [ -74.2634, 45.14153 ], [ -74.26346, 45.13633 ], [ -74.25714, 45.13369 ], [ -74.25075, 45.13625 ] ] ] } },
{ "type": "Feature", "properties": { "hex_id": 509181, "centroid_lon": -74.256868779030555, "centroid_lat": 45.154481148913831, "hours_count": 30.0, "datetimes_affected": "2026-01-06 15:37:13,2026-01-06 15:37:13,2026-01-06 15:37:13,2026-01-06 15:37:13,2026-01-06 15:37:13,2026-01-06 15:37:13" }, "geometry": { "type": "Polygon", "coordinates": [ [ [ -74.25054, 45.15184 ], [ -74.25047, 45.15704 ], [ -74.2568, 45.15968 ], [ -74.2632, 45.15712 ], [ -74.26326, 45.15192 ], [ -74.25694, 45.14928 ], [ -74.25054, 45.15184 ] ] ] } },
{ "type": "Feature", "properties": { "hex_id": 509788, "centroid_lon": -74.251222513060341, "centroid_lat": 45.099874192984707, "hours_count": 6.0, "datetimes_affected": "2026-01-06 15:37:13,2026-01-06 15:37:13,2026-01-06 15:37:13,2026-01-06 15:37:13,2026-01-06 15:37:13,2026-01-06 15:37:13" }, "geometry": { "type": "Polygon", "coordinates": [ [ [ -74.2449, 45.09723 ], [ -74.24483, 45.10243 ], [ -74.25115, 45.10507 ], [ -74.25754, 45.10251 ], [ -74.25761, 45.09732 ], [ -74.25129, 45.09468 ], [ -74.2449, 45.09723 ] ] ] } },
{ "type": "Feature", "properties": { "hex_id": 509789, "centroid_lon": -74.251018648572739, "centroid_lat": 45.115464358905093, "hours_count": 30.0, "datetimes_affected": "2026-01-06 15:37:13,2026-01-06 15:37:13,2026-01-06 15:37:13,2026-01-06 15:37:13,2026-01-06 15:37:13,2026-01-06 15:37:13" }, "geometry": { "type": "Polygon", "coordinates": [ [ [ -74.2447, 45.11282 ], [ -74.24463, 45.11802 ], [ -74.25095, 45.12066 ], [ -74.25734, 45.1181 ], [ -74.25741, 45.11291 ], [ -74.25109, 45.11027 ], [ -74.2447, 45.11282 ] ] ] } },
{ "type": "Feature", "properties": { "hex_id": 509790, "centroid_lon": -74.250814617750791, "centroid_lat": 45.13105448136092, "hours_count": 30.0, "datetimes_affected": "2026-01-06 15:37:13,2026-01-06 15:37:13,2026-01-06 15:37:13,2026-01-06 15:37:13,2026-01-06 15:37:13,2026-01-06 15:37:13" }, "geometry": { "type": "Polygon", "coordinates": [ [ [ -74.24449, 45.12841 ], [ -74.24442, 45.13361 ], [ -74.25075, 45.13625 ], [ -74.25714, 45.13369 ], [ -74.25721, 45.1285 ], [ -74.25088, 45.12586 ], [ -74.24449, 45.12841 ] ] ] } },
{ "type": "Feature", "properties": { "hex_id": 509791, "centroid_lon": -74.250610420428629, "centroid_lat": 45.146644560351675, "hours_count": 30.0, "datetimes_affected": "2026-01-06 15:37:13,2026-01-06 15:37:13,2026-01-06 15:37:13,2026-01-06 15:37:13,2026-01-06 15:37:13,2026-01-06 15:37:13" }, "geometry": { "type": "Polygon", "coordinates": [ [ [ -74.24429, 45.144 ], [ -74.24422, 45.1492 ], [ -74.25054, 45.15184 ], [ -74.25694, 45.14928 ], [ -74.257, 45.14409 ], [ -74.25068, 45.14145 ], [ -74.24429, 45.144 ] ] ] } },
{ "type": "Feature", "properties": { "hex_id": 509792, "centroid_lon": -74.250406056440141, "centroid_lat": 45.162234595876797, "hours_count": 6.0, "datetimes_affected": "2026-01-06 15:37:13,2026-01-06 15:37:13,2026-01-06 15:37:13,2026-01-06 15:37:13,2026-01-06 15:37:13,2026-01-06 15:37:13" }, "geometry": { "type": "Polygon", "coordinates": [ [ [ -74.24408, 45.15959 ], [ -74.24401, 45.16479 ], [ -74.25034, 45.16743 ], [ -74.25673, 45.16487 ], [ -74.2568, 45.15968 ], [ -74.25047, 45.15704 ], [ -74.24408, 45.15959 ] ] ] } },
{ "type": "Feature", "properties": { "hex_id": 510398, "centroid_lon": -74.244970801499065, "centroid_lat": 45.092037264704572, "hours_count": 6.0, "datetimes_affected": "2026-01-06 15:37:13,2026-01-06 15:37:13,2026-01-06 15:37:13,2026-01-06 15:37:13,2026-01-06 15:37:13,2026-01-06 15:37:13" }, "geometry": { "type": "Polygon", "coordinates": [ [ [ -74.23865, 45.0894 ], [ -74.23858, 45.09459 ], [ -74.2449, 45.09723 ], [ -74.25129, 45.09468 ], [ -74.25136, 45.08948 ], [ -74.24504, 45.08684 ], [ -74.23865, 45.0894 ] ] ] } },
{ "type": "Feature", "properties": { "hex_id": 510399, "centroid_lon": -74.244765291139444, "centroid_lat": 45.107627429740354, "hours_count": 30.0, "datetimes_affected": "2026-01-06 15:37:13,2026-01-06 15:37:13,2026-01-06 15:37:13,2026-01-06 15:37:13,2026-01-06 15:37:13,2026-01-06 15:37:13" }, "geometry": { "type": "Polygon", "coordinates": [ [ [ -74.23844, 45.10499 ], [ -74.23838, 45.11018 ], [ -74.2447, 45.11282 ], [ -74.25109, 45.11027 ], [ -74.25115, 45.10507 ], [ -74.24483, 45.10243 ], [ -74.23844, 45.10499 ] ] ] } },
{ "type": "Feature", "properties": { "hex_id": 510400, "centroid_lon": -74.244559613118113, "centroid_lat": 45.123217551299618, "hours_count": 30.0, "datetimes_affected": "2026-01-06 15:37:13,2026-01-06 15:37:13,2026-01-06 15:37:13,2026-01-06 15:37:13,2026-01-06 15:37:13,2026-01-06 15:37:13" }, "geometry": { "type": "Polygon", "coordinates": [ [ [ -74.23824, 45.12058 ], [ -74.23817, 45.12577 ], [ -74.24449, 45.12841 ], [ -74.25088, 45.12586 ], [ -74.25095, 45.12066 ], [ -74.24463, 45.11802 ], [ -74.23824, 45.12058 ] ] ] } },
{ "type": "Feature", "properties": { "hex_id": 510401, "centroid_lon": -74.244353767267881, "centroid_lat": 45.138807629381844, "hours_count": 30.0, "datetimes_affected": "2026-01-06 15:37:13,2026-01-06 15:37:13,2026-01-06 15:37:13,2026-01-06 15:37:13,2026-01-06 15:37:13,2026-01-06 15:37:13" }, "geometry": { "type": "Polygon", "coordinates": [ [ [ -74.23803, 45.13617 ], [ -74.23796, 45.14136 ], [ -74.24429, 45.144 ], [ -74.25068, 45.14145 ], [ -74.25075, 45.13625 ], [ -74.24442, 45.13361 ], [ -74.23803, 45.13617 ] ] ] } },
{ "type": "Feature", "properties": { "hex_id": 510402, "centroid_lon": -74.244147753421373, "centroid_lat": 45.154397663986465, "hours_count": 30.0, "datetimes_affected": "2026-01-06 15:37:13,2026-01-06 15:37:13,2026-01-06 15:37:13,2026-01-06 15:37:13,2026-01-06 15:37:13,2026-01-06 15:37:13" }, "geometry": { "type": "Polygon", "coordinates": [ [ [ -74.23782, 45.15176 ], [ -74.23775, 45.15695 ], [ -74.24408, 45.15959 ], [ -74.25047, 45.15704 ], [ -74.25054, 45.15184 ], [ -74.24422, 45.1492 ], [ -74.23782, 45.15176 ] ] ] } },
{ "type": "Feature", "properties": { "hex_id": 511009, "centroid_lon": -74.23851363543757, "centroid_lat": 45.099790158806037, "hours_count": 6.0, "datetimes_affected": "2026-01-06 15:37:13,2026-01-06 15:37:13,2026-01-06 15:37:13,2026-01-06 15:37:13,2026-01-06 15:37:13,2026-01-06 15:37:13" }, "geometry": { "type": "Polygon", "coordinates": [ [ [ -74.23219, 45.09715 ], [ -74.23212, 45.10235 ], [ -74.23844, 45.10499 ], [ -74.24483, 45.10243 ], [ -74.2449, 45.09723 ], [ -74.23858, 45.09459 ], [ -74.23219, 45.09715 ] ] ] } },
{ "type": "Feature", "properties": { "hex_id": 511010, "centroid_lon": -74.238306311599885, "centroid_lat": 45.11538027928971, "hours_count": 30.0, "datetimes_affected": "2026-01-06 15:37:13,2026-01-06 15:37:13,2026-01-06 15:37:13,2026-01-06 15:37:13,2026-01-06 15:37:13,2026-01-06 15:37:13" }, "geometry": { "type": "Polygon", "coordinates": [ [ [ -74.23198, 45.11274 ], [ -74.23192, 45.11794 ], [ -74.23824, 45.12058 ], [ -74.24463, 45.11802 ], [ -74.2447, 45.11282 ], [ -74.23838, 45.11018 ], [ -74.23198, 45.11274 ] ] ] } },
{ "type": "Feature", "properties": { "hex_id": 511011, "centroid_lon": -74.238098818606034, "centroid_lat": 45.130970356284266, "hours_count": 30.0, "datetimes_affected": "2026-01-06 15:37:13,2026-01-06 15:37:13,2026-01-06 15:37:13,2026-01-06 15:37:13,2026-01-06 15:37:13,2026-01-06 15:37:13" }, "geometry": { "type": "Polygon", "coordinates": [ [ [ -74.23178, 45.12833 ], [ -74.23171, 45.13353 ], [ -74.23803, 45.13617 ], [ -74.24442, 45.13361 ], [ -74.24449, 45.12841 ], [ -74.23817, 45.12577 ], [ -74.23178, 45.12833 ] ] ] } },
{ "type": "Feature", "properties": { "hex_id": 511012, "centroid_lon": -74.237891156287304, "centroid_lat": 45.146560389789194, "hours_count": 30.0, "datetimes_affected": "2026-01-06 15:37:13,2026-01-06 15:37:13,2026-01-06 15:37:13,2026-01-06 15:37:13,2026-01-06 15:37:13,2026-01-06 15:37:13" }, "geometry": { "type": "Polygon", "coordinates": [ [ [ -74.23157, 45.14392 ], [ -74.2315, 45.14912 ], [ -74.23782, 45.15176 ], [ -74.24422, 45.1492 ], [ -74.24429, 45.144 ], [ -74.23796, 45.14136 ], [ -74.23157, 45.14392 ] ] ] } },
{ "type": "Feature", "properties": { "hex_id": 511031, "centroid_lon": -74.233913174396562, "centroid_lat": 45.442762762694834, "hours_count": 18.0, "datetimes_affected": "2026-01-06 10:37:03,2026-01-06 10:37:03,2026-01-06 10:37:03,2026-01-06 10:37:03,2026-01-06 10:37:03,2026-01-06 10:37:03" }, "geometry": { "type": "Polygon", "coordinates": [ [ [ -74.22756, 45.44012 ], [ -74.22748, 45.44532 ], [ -74.23384, 45.44796 ], [ -74.24027, 45.4454 ], [ -74.24034, 45.44021 ], [ -74.23398, 45.43757 ], [ -74.22756, 45.44012 ] ] ] } },
{ "type": "Feature", "properties": { "hex_id": 511619, "centroid_lon": -74.232263680527225, "centroid_lat": 45.091952546381663, "hours_count": 6.0, "datetimes_affected": "2026-01-06 15:37:13,2026-01-06 15:37:13,2026-01-06 15:37:13,2026-01-06 15:37:13,2026-01-06 15:37:13,2026-01-06 15:37:13" }, "geometry": { "type": "Polygon", "coordinates": [ [ [ -74.22595, 45.08931 ], [ -74.22588, 45.09451 ], [ -74.23219, 45.09715 ], [ -74.23858, 45.09459 ], [ -74.23865, 45.0894 ], [ -74.23233, 45.08676 ], [ -74.22595, 45.08931 ] ] ] } },
{ "type": "Feature", "properties": { "hex_id": 511620, "centroid_lon": -74.232054712255334, "centroid_lat": 45.107542665610865, "hours_count": 6.0, "datetimes_affected": "2026-01-06 15:37:13,2026-01-06 15:37:13,2026-01-06 15:37:13,2026-01-06 15:37:13,2026-01-06 15:37:13,2026-01-06 15:37:13" }, "geometry": { "type": "Polygon", "coordinates": [ [ [ -74.22573, 45.1049 ], [ -74.22566, 45.1101 ], [ -74.23198, 45.11274 ], [ -74.23838, 45.11018 ], [ -74.23844, 45.10499 ], [ -74.23212, 45.10235 ], [ -74.22573, 45.1049 ] ] ] } },
{ "type": "Feature", "properties": { "hex_id": 511621, "centroid_lon": -74.231845573501317, "centroid_lat": 45.123132741338821, "hours_count": 30.0, "datetimes_affected": "2026-01-06 15:37:13,2026-01-06 15:37:13,2026-01-06 15:37:13,2026-01-06 15:37:13,2026-01-06 15:37:13,2026-01-06 15:37:13" }, "geometry": { "type": "Polygon", "coordinates": [ [ [ -74.22552, 45.12049 ], [ -74.22545, 45.12569 ], [ -74.23178, 45.12833 ], [ -74.23817, 45.12577 ], [ -74.23824, 45.12058 ], [ -74.23192, 45.11794 ], [ -74.22552, 45.12049 ] ] ] } },
{ "type": "Feature", "properties": { "hex_id": 511622, "centroid_lon": -74.231636264095215, "centroid_lat": 45.138722773564965, "hours_count": 30.0, "datetimes_affected": "2026-01-06 15:37:13,2026-01-06 15:37:13,2026-01-06 15:37:13,2026-01-06 15:37:13,2026-01-06 15:37:13,2026-01-06 15:37:13" }, "geometry": { "type": "Polygon", "coordinates": [ [ [ -74.22531, 45.13608 ], [ -74.22524, 45.14128 ], [ -74.23157, 45.14392 ], [ -74.23796, 45.14136 ], [ -74.23803, 45.13617 ], [ -74.23171, 45.13353 ], [ -74.22531, 45.13608 ] ] ] } },
{ "type": "Feature", "properties": { "hex_id": 511640, "centroid_lon": -74.22783931806093, "centroid_lat": 45.419335914240293, "hours_count": 18.0, "datetimes_affected": "2026-01-06 10:37:03,2026-01-06 10:37:03,2026-01-06 10:37:03,2026-01-06 10:37:03,2026-01-06 10:37:03,2026-01-06 10:37:03" }, "geometry": { "type": "Polygon", "coordinates": [ [ [ -74.22148, 45.41669 ], [ -74.22141, 45.42189 ], [ -74.22777, 45.42453 ], [ -74.23419, 45.42198 ], [ -74.23426, 45.41678 ], [ -74.22791, 45.41414 ], [ -74.22148, 45.41669 ] ] ] } },
{ "type": "Feature", "properties": { "hex_id": 511641, "centroid_lon": -74.227626733648222, "centroid_lat": 45.434925119838283, "hours_count": 18.0, "datetimes_affected": "2026-01-06 10:37:03,2026-01-06 10:37:03,2026-01-06 10:37:03,2026-01-06 10:37:03,2026-01-06 10:37:03,2026-01-06 10:37:03" }, "geometry": { "type": "Polygon", "coordinates": [ [ [ -74.22127, 45.43228 ], [ -74.2212, 45.43748 ], [ -74.22756, 45.44012 ], [ -74.23398, 45.43757 ], [ -74.23405, 45.43237 ], [ -74.2277, 45.42973 ], [ -74.22127, 45.43228 ] ] ] } },
{ "type": "Feature", "properties": { "hex_id": 511642, "centroid_lon": -74.227413975132976, "centroid_lat": 45.450514281925408, "hours_count": 372.0, "datetimes_affected": "2026-01-01 00:42:56,2026-01-01 00:42:56,2026-01-01 00:42:56,2026-01-01 00:42:56,2026-01-01 00:42:56,2026-01-01 00:42:56" }, "geometry": { "type": "Polygon", "coordinates": [ [ [ -74.22106, 45.44787 ], [ -74.22098, 45.45307 ], [ -74.22734, 45.45571 ], [ -74.23377, 45.45316 ], [ -74.23384, 45.44796 ], [ -74.22748, 45.44532 ], [ -74.22106, 45.44787 ] ] ] } },
{ "type": "Feature", "properties": { "hex_id": 512230, "centroid_lon": -74.225804814144055, "centroid_lat": 45.099704710542667, "hours_count": 6.0, "datetimes_affected": "2026-01-06 15:37:13,2026-01-06 15:37:13,2026-01-06 15:37:13,2026-01-06 15:37:13,2026-01-06 15:37:13,2026-01-06 15:37:13" }, "geometry": { "type": "Polygon", "coordinates": [ [ [ -74.21949, 45.09706 ], [ -74.21941, 45.10226 ], [ -74.22573, 45.1049 ], [ -74.23212, 45.10235 ], [ -74.23219, 45.09715 ], [ -74.22588, 45.09451 ], [ -74.21949, 45.09706 ] ] ] } },
{ "type": "Feature", "properties": { "hex_id": 512231, "centroid_lon": -74.225594031012434, "centroid_lat": 45.115294784825167, "hours_count": 30.0, "datetimes_affected": "2026-01-06 15:37:13,2026-01-06 15:37:13,2026-01-06 15:37:13,2026-01-06 15:37:13,2026-01-06 15:37:13,2026-01-06 15:37:13" }, "geometry": { "type": "Polygon", "coordinates": [ [ [ -74.21927, 45.11265 ], [ -74.2192, 45.11785 ], [ -74.22552, 45.12049 ], [ -74.23192, 45.11794 ], [ -74.23198, 45.11274 ], [ -74.22566, 45.1101 ], [ -74.21927, 45.11265 ] ] ] } },
{ "type": "Feature", "properties": { "hex_id": 512232, "centroid_lon": -74.225383075902897, "centroid_lat": 45.13088481559361, "hours_count": 30.0, "datetimes_affected": "2026-01-06 15:37:13,2026-01-06 15:37:13,2026-01-06 15:37:13,2026-01-06 15:37:13,2026-01-06 15:37:13,2026-01-06 15:37:13" }, "geometry": { "type": "Polygon", "coordinates": [ [ [ -74.21906, 45.12824 ], [ -74.21899, 45.13344 ], [ -74.22531, 45.13608 ], [ -74.23171, 45.13353 ], [ -74.23178, 45.12833 ], [ -74.22545, 45.12569 ], [ -74.21906, 45.12824 ] ] ] } },
{ "type": "Feature", "properties": { "hex_id": 512233, "centroid_lon": -74.22517194864389, "centroid_lat": 45.146474802847436, "hours_count": 24.0, "datetimes_affected": "2026-01-06 15:37:13,2026-01-06 15:37:13,2026-01-06 15:37:13,2026-01-06 15:37:13,2026-01-06 15:37:13,2026-01-06 15:37:13" }, "geometry": { "type": "Polygon", "coordinates": [ [ [ -74.21885, 45.14383 ], [ -74.21878, 45.14903 ], [ -74.2251, 45.15167 ], [ -74.2315, 45.14912 ], [ -74.23157, 45.14392 ], [ -74.22524, 45.14128 ], [ -74.21885, 45.14383 ] ] ] } },
{ "type": "Feature", "properties": { "hex_id": 512250, "centroid_lon": -74.221556279010173, "centroid_lat": 45.411497927914674, "hours_count": 18.0, "datetimes_affected": "2026-01-06 10:37:03,2026-01-06 10:37:03,2026-01-06 10:37:03,2026-01-06 10:37:03,2026-01-06 10:37:03,2026-01-06 10:37:03" }, "geometry": { "type": "Polygon", "coordinates": [ [ [ -74.2152, 45.40886 ], [ -74.21513, 45.41405 ], [ -74.22148, 45.41669 ], [ -74.22791, 45.41414 ], [ -74.22798, 45.40894 ], [ -74.22163, 45.4063 ], [ -74.2152, 45.40886 ] ] ] } },
{ "type": "Feature", "properties": { "hex_id": 512251, "centroid_lon": -74.221342023456288, "centroid_lat": 45.427087131818645, "hours_count": 18.0, "datetimes_affected": "2026-01-06 10:37:03,2026-01-06 10:37:03,2026-01-06 10:37:03,2026-01-06 10:37:03,2026-01-06 10:37:03,2026-01-06 10:37:03" }, "geometry": { "type": "Polygon", "coordinates": [ [ [ -74.21499, 45.42445 ], [ -74.21492, 45.42964 ], [ -74.22127, 45.43228 ], [ -74.2277, 45.42973 ], [ -74.22777, 45.42453 ], [ -74.22141, 45.42189 ], [ -74.21499, 45.42445 ] ] ] } },
{ "type": "Feature", "properties": { "hex_id": 512252, "centroid_lon": -74.221127592447985, "centroid_lat": 45.442676292199096, "hours_count": 372.0, "datetimes_affected": "2026-01-01 00:42:56,2026-01-01 00:42:56,2026-01-01 00:42:56,2026-01-01 00:42:56,2026-01-01 00:42:56,2026-01-01 00:42:56" }, "geometry": { "type": "Polygon", "coordinates": [ [ [ -74.21477, 45.44003 ], [ -74.2147, 45.44523 ], [ -74.22106, 45.44787 ], [ -74.22748, 45.44532 ], [ -74.22756, 45.44012 ], [ -74.2212, 45.43748 ], [ -74.21477, 45.44003 ] ] ] } },
{ "type": "Feature", "properties": { "hex_id": 512840, "centroid_lon": -74.219556616326159, "centroid_lat": 45.091866414364489, "hours_count": 6.0, "datetimes_affected": "2026-01-06 15:37:13,2026-01-06 15:37:13,2026-01-06 15:37:13,2026-01-06 15:37:13,2026-01-06 15:37:13,2026-01-06 15:37:13" }, "geometry": { "type": "Polygon", "coordinates": [ [ [ -74.21324, 45.08922 ], [ -74.21317, 45.09442 ], [ -74.21949, 45.09706 ], [ -74.22588, 45.09451 ], [ -74.22595, 45.08931 ], [ -74.21963, 45.08667 ], [ -74.21324, 45.08922 ] ] ] } },
{ "type": "Feature", "properties": { "hex_id": 512841, "centroid_lon": -74.219344190198584, "centroid_lat": 45.107456487022866, "hours_count": 6.0, "datetimes_affected": "2026-01-06 15:37:13,2026-01-06 15:37:13,2026-01-06 15:37:13,2026-01-06 15:37:13,2026-01-06 15:37:13,2026-01-06 15:37:13" }, "geometry": { "type": "Polygon", "coordinates": [ [ [ -74.21302, 45.10481 ], [ -74.21295, 45.11001 ], [ -74.21927, 45.11265 ], [ -74.22566, 45.1101 ], [ -74.22573, 45.1049 ], [ -74.21941, 45.10226 ], [ -74.21302, 45.10481 ] ] ] } },
{ "type": "Feature", "properties": { "hex_id": 512842, "centroid_lon": -74.219131590768569, "centroid_lat": 45.123046516154858, "hours_count": 30.0, "datetimes_affected": "2026-01-06 15:37:13,2026-01-06 15:37:13,2026-01-06 15:37:13,2026-01-06 15:37:13,2026-01-06 15:37:13,2026-01-06 15:37:13" }, "geometry": { "type": "Polygon", "coordinates": [ [ [ -74.21281, 45.1204 ], [ -74.21274, 45.1256 ], [ -74.21906, 45.12824 ], [ -74.22545, 45.12569 ], [ -74.22552, 45.12049 ], [ -74.2192, 45.11785 ], [ -74.21281, 45.1204 ] ] ] } },
{ "type": "Feature", "properties": { "hex_id": 512843, "centroid_lon": -74.218918817863326, "centroid_lat": 45.138636501759876, "hours_count": 6.0, "datetimes_affected": "2026-01-06 15:37:13,2026-01-06 15:37:13,2026-01-06 15:37:13,2026-01-06 15:37:13,2026-01-06 15:37:13,2026-01-06 15:37:13" }, "geometry": { "type": "Polygon", "coordinates": [ [ [ -74.2126, 45.13599 ], [ -74.21252, 45.14119 ], [ -74.21885, 45.14383 ], [ -74.22524, 45.14128 ], [ -74.22531, 45.13608 ], [ -74.21899, 45.13344 ], [ -74.2126, 45.13599 ] ] ] } },
{ "type": "Feature", "properties": { "hex_id": 512861, "centroid_lon": -74.215059042860958, "centroid_lat": 45.419248798918375, "hours_count": 18.0, "datetimes_affected": "2026-01-06 10:37:03,2026-01-06 10:37:03,2026-01-06 10:37:03,2026-01-06 10:37:03,2026-01-06 10:37:03,2026-01-06 10:37:03" }, "geometry": { "type": "Polygon", "coordinates": [ [ [ -74.20871, 45.41661 ], [ -74.20863, 45.4218 ], [ -74.21499, 45.42445 ], [ -74.22141, 45.42189 ], [ -74.22148, 45.41669 ], [ -74.21513, 45.41405 ], [ -74.20871, 45.41661 ] ] ] } },
{ "type": "Feature", "properties": { "hex_id": 512862, "centroid_lon": -74.214842940770254, "centroid_lat": 45.434837957411652, "hours_count": 372.0, "datetimes_affected": "2026-01-01 00:42:56,2026-01-01 00:42:56,2026-01-01 00:42:56,2026-01-01 00:42:56,2026-01-01 00:42:56,2026-01-01 00:42:56" }, "geometry": { "type": "Polygon", "coordinates": [ [ [ -74.20849, 45.4322 ], [ -74.20841, 45.43739 ], [ -74.21477, 45.44003 ], [ -74.2212, 45.43748 ], [ -74.22127, 45.43228 ], [ -74.21492, 45.42964 ], [ -74.20849, 45.4322 ] ] ] } },
{ "type": "Feature", "properties": { "hex_id": 512863, "centroid_lon": -74.21462666169684, "centroid_lat": 45.450427072368328, "hours_count": 372.0, "datetimes_affected": "2026-01-01 00:42:56,2026-01-01 00:42:56,2026-01-01 00:42:56,2026-01-01 00:42:56,2026-01-01 00:42:56,2026-01-01 00:42:56" }, "geometry": { "type": "Polygon", "coordinates": [ [ [ -74.20827, 45.44778 ], [ -74.2082, 45.45298 ], [ -74.21455, 45.45562 ], [ -74.22098, 45.45307 ], [ -74.22106, 45.44787 ], [ -74.2147, 45.44523 ], [ -74.20827, 45.44778 ] ] ] } },
{ "type": "Feature", "properties": { "hex_id": 513451, "centroid_lon": -74.213096050119404, "centroid_lat": 45.099617848211345, "hours_count": 6.0, "datetimes_affected": "2026-01-06 15:37:13,2026-01-06 15:37:13,2026-01-06 15:37:13,2026-01-06 15:37:13,2026-01-06 15:37:13,2026-01-06 15:37:13" }, "geometry": { "type": "Polygon", "coordinates": [ [ [ -74.20678, 45.09698 ], [ -74.20671, 45.10217 ], [ -74.21302, 45.10481 ], [ -74.21941, 45.10226 ], [ -74.21949, 45.09706 ], [ -74.21317, 45.09442 ], [ -74.20678, 45.09698 ] ] ] } },
{ "type": "Feature", "properties": { "hex_id": 513452, "centroid_lon": -74.212881807750961, "centroid_lat": 45.115207875528249, "hours_count": 30.0, "datetimes_affected": "2026-01-06 15:37:13,2026-01-06 15:37:13,2026-01-06 15:37:13,2026-01-06 15:37:13,2026-01-06 15:37:13,2026-01-06 15:37:13" }, "geometry": { "type": "Polygon", "coordinates": [ [ [ -74.20656, 45.11257 ], [ -74.20649, 45.11776 ], [ -74.21281, 45.1204 ], [ -74.2192, 45.11785 ], [ -74.21927, 45.11265 ], [ -74.21295, 45.11001 ], [ -74.20656, 45.11257 ] ] ] } },
{ "type": "Feature", "properties": { "hex_id": 513453, "centroid_lon": -74.212667390582894, "centroid_lat": 45.130797859305716, "hours_count": 6.0, "datetimes_affected": "2026-01-06 15:37:13,2026-01-06 15:37:13,2026-01-06 15:37:13,2026-01-06 15:37:13,2026-01-06 15:37:13,2026-01-06 15:37:13" }, "geometry": { "type": "Polygon", "coordinates": [ [ [ -74.20635, 45.12816 ], [ -74.20627, 45.13335 ], [ -74.2126, 45.13599 ], [ -74.21899, 45.13344 ], [ -74.21906, 45.12824 ], [ -74.21274, 45.1256 ], [ -74.20635, 45.12816 ] ] ] } },
{ "type": "Feature", "properties": { "hex_id": 513472, "centroid_lon": -74.208560019139512, "centroid_lat": 45.426999277845567, "hours_count": 18.0, "datetimes_affected": "2026-01-06 10:37:03,2026-01-06 10:37:03,2026-01-06 10:37:03,2026-01-06 10:37:03,2026-01-06 10:37:03,2026-01-06 10:37:03" }, "geometry": { "type": "Polygon", "coordinates": [ [ [ -74.20221, 45.42436 ], [ -74.20213, 45.42955 ], [ -74.20849, 45.4322 ], [ -74.21492, 45.42964 ], [ -74.21499, 45.42445 ], [ -74.20863, 45.4218 ], [ -74.20221, 45.42436 ] ] ] } },
{ "type": "Feature", "properties": { "hex_id": 513473, "centroid_lon": -74.208342069043013, "centroid_lat": 45.442588390721852, "hours_count": 18.0, "datetimes_affected": "2026-01-06 10:37:03,2026-01-06 10:37:03,2026-01-06 10:37:03,2026-01-06 10:37:03,2026-01-06 10:37:03,2026-01-06 10:37:03" }, "geometry": { "type": "Polygon", "coordinates": [ [ [ -74.20199, 45.43995 ], [ -74.20191, 45.44514 ], [ -74.20827, 45.44778 ], [ -74.2147, 45.44523 ], [ -74.21477, 45.44003 ], [ -74.20841, 45.43739 ], [ -74.20199, 45.43995 ] ] ] } },
{ "type": "Feature", "properties": { "hex_id": 514061, "centroid_lon": -74.206849609835047, "centroid_lat": 45.091778868669877, "hours_count": 6.0, "datetimes_affected": "2026-01-06 15:37:13,2026-01-06 15:37:13,2026-01-06 15:37:13,2026-01-06 15:37:13,2026-01-06 15:37:13,2026-01-06 15:37:13" }, "geometry": { "type": "Polygon", "coordinates": [ [ [ -74.20053, 45.08914 ], [ -74.20046, 45.09433 ], [ -74.20678, 45.09698 ], [ -74.21317, 45.09442 ], [ -74.21324, 45.08922 ], [ -74.20692, 45.08658 ], [ -74.20053, 45.08914 ] ] ] } },
{ "type": "Feature", "properties": { "hex_id": 514062, "centroid_lon": -74.206633725909299, "centroid_lat": 45.107368893993225, "hours_count": 6.0, "datetimes_affected": "2026-01-06 15:37:13,2026-01-06 15:37:13,2026-01-06 15:37:13,2026-01-06 15:37:13,2026-01-06 15:37:13,2026-01-06 15:37:13" }, "geometry": { "type": "Polygon", "coordinates": [ [ [ -74.20031, 45.10473 ], [ -74.20024, 45.10992 ], [ -74.20656, 45.11257 ], [ -74.21295, 45.11001 ], [ -74.21302, 45.10481 ], [ -74.20671, 45.10217 ], [ -74.20031, 45.10473 ] ] ] } },
{ "type": "Feature", "properties": { "hex_id": 514063, "centroid_lon": -74.206417665860869, "centroid_lat": 45.122958875764617, "hours_count": 6.0, "datetimes_affected": "2026-01-06 15:37:13,2026-01-06 15:37:13,2026-01-06 15:37:13,2026-01-06 15:37:13,2026-01-06 15:37:13,2026-01-06 15:37:13" }, "geometry": { "type": "Polygon", "coordinates": [ [ [ -74.2001, 45.12032 ], [ -74.20002, 45.12551 ], [ -74.20635, 45.12816 ], [ -74.21274, 45.1256 ], [ -74.21281, 45.1204 ], [ -74.20649, 45.11776 ], [ -74.2001, 45.12032 ] ] ] } },
{ "type": "Feature", "properties": { "hex_id": 514064, "centroid_lon": -74.206201429514167, "centroid_lat": 45.138548813983448, "hours_count": 6.0, "datetimes_affected": "2026-01-06 15:37:13,2026-01-06 15:37:13,2026-01-06 15:37:13,2026-01-06 15:37:13,2026-01-06 15:37:13,2026-01-06 15:37:13" }, "geometry": { "type": "Polygon", "coordinates": [ [ [ -74.19988, 45.13591 ], [ -74.19981, 45.1411 ], [ -74.20613, 45.14375 ], [ -74.21252, 45.14119 ], [ -74.2126, 45.13599 ], [ -74.20627, 45.13335 ], [ -74.19988, 45.13591 ] ] ] } },
{ "type": "Feature", "properties": { "hex_id": 514672, "centroid_lon": -74.200387344303266, "centroid_lat": 45.099529571829095, "hours_count": 6.0, "datetimes_affected": "2026-01-06 15:37:13,2026-01-06 15:37:13,2026-01-06 15:37:13,2026-01-06 15:37:13,2026-01-06 15:37:13,2026-01-06 15:37:13" }, "geometry": { "type": "Polygon", "coordinates": [ [ [ -74.19407, 45.09689 ], [ -74.194, 45.10208 ], [ -74.20031, 45.10473 ], [ -74.20671, 45.10217 ], [ -74.20678, 45.09698 ], [ -74.20046, 45.09433 ], [ -74.19407, 45.09689 ] ] ] } },
{ "type": "Feature", "properties": { "hex_id": 514673, "centroid_lon": -74.200169642756023, "centroid_lat": 45.11511955141598, "hours_count": 6.0, "datetimes_affected": "2026-01-06 15:37:13,2026-01-06 15:37:13,2026-01-06 15:37:13,2026-01-06 15:37:13,2026-01-06 15:37:13,2026-01-06 15:37:13" }, "geometry": { "type": "Polygon", "coordinates": [ [ [ -74.19385, 45.11248 ], [ -74.19378, 45.11767 ], [ -74.2001, 45.12032 ], [ -74.20649, 45.11776 ], [ -74.20656, 45.11257 ], [ -74.20024, 45.10992 ], [ -74.19385, 45.11248 ] ] ] } },
{ "type": "Feature", "properties": { "hex_id": 514674, "centroid_lon": -74.199951763587549, "centroid_lat": 45.130709487437663, "hours_count": 6.0, "datetimes_affected": "2026-01-06 15:37:13,2026-01-06 15:37:13,2026-01-06 15:37:13,2026-01-06 15:37:13,2026-01-06 15:37:13,2026-01-06 15:37:13" }, "geometry": { "type": "Polygon", "coordinates": [ [ [ -74.19363, 45.12807 ], [ -74.19356, 45.13326 ], [ -74.19988, 45.13591 ], [ -74.20627, 45.13335 ], [ -74.20635, 45.12816 ], [ -74.20002, 45.12551 ], [ -74.19363, 45.12807 ] ] ] } },
{ "type": "Feature", "properties": { "hex_id": 515282, "centroid_lon": -74.194142661993041, "centroid_lat": 45.091689909315008, "hours_count": 6.0, "datetimes_affected": "2026-01-06 15:37:13,2026-01-06 15:37:13,2026-01-06 15:37:13,2026-01-06 15:37:13,2026-01-06 15:37:13,2026-01-06 15:37:13" }, "geometry": { "type": "Polygon", "coordinates": [ [ [ -74.18783, 45.08905 ], [ -74.18775, 45.09424 ], [ -74.19407, 45.09689 ], [ -74.20046, 45.09433 ], [ -74.20053, 45.08914 ], [ -74.19422, 45.08649 ], [ -74.18783, 45.08905 ] ] ] } },
{ "type": "Feature", "properties": { "hex_id": 515283, "centroid_lon": -74.193923320327571, "centroid_lat": 45.107279886539118, "hours_count": 6.0, "datetimes_affected": "2026-01-06 15:37:13,2026-01-06 15:37:13,2026-01-06 15:37:13,2026-01-06 15:37:13,2026-01-06 15:37:13,2026-01-06 15:37:13" }, "geometry": { "type": "Polygon", "coordinates": [ [ [ -74.18761, 45.10464 ], [ -74.18753, 45.10983 ], [ -74.19385, 45.11248 ], [ -74.20024, 45.10992 ], [ -74.20031, 45.10473 ], [ -74.194, 45.10208 ], [ -74.18761, 45.10464 ] ] ] } },
{ "type": "Feature", "properties": { "hex_id": 515284, "centroid_lon": -74.193703799719273, "centroid_lat": 45.122869820185301, "hours_count": 6.0, "datetimes_affected": "2026-01-06 15:37:13,2026-01-06 15:37:13,2026-01-06 15:37:13,2026-01-06 15:37:13,2026-01-06 15:37:13,2026-01-06 15:37:13" }, "geometry": { "type": "Polygon", "coordinates": [ [ [ -74.18738, 45.12023 ], [ -74.18731, 45.12542 ], [ -74.19363, 45.12807 ], [ -74.20002, 45.12551 ], [ -74.2001, 45.12032 ], [ -74.19378, 45.11767 ], [ -74.18738, 45.12023 ] ] ] } },
{ "type": "Feature", "properties": { "hex_id": 515893, "centroid_lon": -74.187678697635249, "centroid_lat": 45.099439881413225, "hours_count": 6.0, "datetimes_affected": "2026-01-06 15:37:13,2026-01-06 15:37:13,2026-01-06 15:37:13,2026-01-06 15:37:13,2026-01-06 15:37:13,2026-01-06 15:37:13" }, "geometry": { "type": "Polygon", "coordinates": [ [ [ -74.18136, 45.0968 ], [ -74.18129, 45.10199 ], [ -74.18761, 45.10464 ], [ -74.194, 45.10208 ], [ -74.19407, 45.09689 ], [ -74.18775, 45.09424 ], [ -74.18136, 45.0968 ] ] ] } },
{ "type": "Feature", "properties": { "hex_id": 515894, "centroid_lon": -74.187457536968154, "centroid_lat": 45.115029812505689, "hours_count": 6.0, "datetimes_affected": "2026-01-06 15:37:13,2026-01-06 15:37:13,2026-01-06 15:37:13,2026-01-06 15:37:13,2026-01-06 15:37:13,2026-01-06 15:37:13" }, "geometry": { "type": "Polygon", "coordinates": [ [ [ -74.18114, 45.11239 ], [ -74.18106, 45.11758 ], [ -74.18738, 45.12023 ], [ -74.19378, 45.11767 ], [ -74.19385, 45.11248 ], [ -74.18753, 45.10983 ], [ -74.18114, 45.11239 ] ] ] } },
{ "type": "Feature", "properties": { "hex_id": 515895, "centroid_lon": -74.18723619585829, "centroid_lat": 45.130619700006761, "hours_count": 6.0, "datetimes_affected": "2026-01-06 15:37:13,2026-01-06 15:37:13,2026-01-06 15:37:13,2026-01-06 15:37:13,2026-01-06 15:37:13,2026-01-06 15:37:13" }, "geometry": { "type": "Polygon", "coordinates": [ [ [ -74.18092, 45.12798 ], [ -74.18084, 45.13317 ], [ -74.18716, 45.13582 ], [ -74.19356, 45.13326 ], [ -74.19363, 45.12807 ], [ -74.18731, 45.12542 ], [ -74.18092, 45.12798 ] ] ] } },
{ "type": "Feature", "properties": { "hex_id": 516504, "centroid_lon": -74.181212974393446, "centroid_lat": 45.10718946467798, "hours_count": 6.0, "datetimes_affected": "2026-01-06 15:37:13,2026-01-06 15:37:13,2026-01-06 15:37:13,2026-01-06 15:37:13,2026-01-06 15:37:13,2026-01-06 15:37:13" }, "geometry": { "type": "Polygon", "coordinates": [ [ [ -74.1749, 45.10455 ], [ -74.17482, 45.10974 ], [ -74.18114, 45.11239 ], [ -74.18753, 45.10983 ], [ -74.18761, 45.10464 ], [ -74.18129, 45.10199 ], [ -74.1749, 45.10455 ] ] ] } },
{ "type": "Feature", "properties": { "hex_id": 516505, "centroid_lon": -74.180989993284726, "centroid_lat": 45.12277934943436, "hours_count": 6.0, "datetimes_affected": "2026-01-06 15:37:13,2026-01-06 15:37:13,2026-01-06 15:37:13,2026-01-06 15:37:13,2026-01-06 15:37:13,2026-01-06 15:37:13" }, "geometry": { "type": "Polygon", "coordinates": [ [ [ -74.17467, 45.12014 ], [ -74.1746, 45.12533 ], [ -74.18092, 45.12798 ], [ -74.18731, 45.12542 ], [ -74.18738, 45.12023 ], [ -74.18106, 45.11758 ], [ -74.17467, 45.12014 ] ] ] } },
{ "type": "Feature", "properties": { "hex_id": 517115, "centroid_lon": -74.174745491327855, "centroid_lat": 45.11493865881495, "hours_count": 6.0, "datetimes_affected": "2026-01-06 15:37:13,2026-01-06 15:37:13,2026-01-06 15:37:13,2026-01-06 15:37:13,2026-01-06 15:37:13,2026-01-06 15:37:13" }, "geometry": { "type": "Polygon", "coordinates": [ [ [ -74.16843, 45.11229 ], [ -74.16835, 45.11749 ], [ -74.17467, 45.12014 ], [ -74.18106, 45.11758 ], [ -74.18114, 45.11239 ], [ -74.17482, 45.10974 ], [ -74.16843, 45.11229 ] ] ] } },
{ "type": "Feature", "properties": { "hex_id": 517744, "centroid_lon": -74.164168524888666, "centroid_lat": 45.403297033686655, "hours_count": 6.0, "datetimes_affected": "2026-01-04 01:48:42,2026-01-04 01:48:42,2026-01-04 01:48:42,2026-01-04 01:48:42,2026-01-04 01:48:42,2026-01-04 01:48:42" }, "geometry": { "type": "Polygon", "coordinates": [ [ [ -74.15782, 45.40065 ], [ -74.15774, 45.40585 ], [ -74.16409, 45.40849 ], [ -74.17052, 45.40594 ], [ -74.17059, 45.40075 ], [ -74.16425, 45.3981 ], [ -74.15782, 45.40065 ] ] ] } },
{ "type": "Feature", "properties": { "hex_id": 518355, "centroid_lon": -74.157664441906221, "centroid_lat": 45.411044601436281, "hours_count": 6.0, "datetimes_affected": "2026-01-04 01:48:42,2026-01-04 01:48:42,2026-01-04 01:48:42,2026-01-04 01:48:42,2026-01-04 01:48:42,2026-01-04 01:48:42" }, "geometry": { "type": "Polygon", "coordinates": [ [ [ -74.15131, 45.4084 ], [ -74.15124, 45.4136 ], [ -74.15759, 45.41624 ], [ -74.16402, 45.41369 ], [ -74.16409, 45.40849 ], [ -74.15774, 45.40585 ], [ -74.15131, 45.4084 ] ] ] } },
{ "type": "Feature", "properties": { "hex_id": 518965, "centroid_lon": -74.151392068449255, "centroid_lat": 45.40320282041796, "hours_count": 6.0, "datetimes_affected": "2026-01-04 01:48:42,2026-01-04 01:48:42,2026-01-04 01:48:42,2026-01-04 01:48:42,2026-01-04 01:48:42,2026-01-04 01:48:42" }, "geometry": { "type": "Polygon", "coordinates": [ [ [ -74.14504, 45.40056 ], [ -74.14496, 45.40575 ], [ -74.15131, 45.4084 ], [ -74.15774, 45.40585 ], [ -74.15782, 45.40065 ], [ -74.15147, 45.39801 ], [ -74.14504, 45.40056 ] ] ] } },
{ "type": "Feature", "properties": { "hex_id": 519631, "centroid_lon": -74.131650529607157, "centroid_lat": 46.26827467449008, "hours_count": 6.0, "datetimes_affected": "2026-01-04 01:48:42,2026-01-04 01:48:42,2026-01-04 01:48:42,2026-01-04 01:48:42,2026-01-04 01:48:42,2026-01-04 01:48:42" }, "geometry": { "type": "Polygon", "coordinates": [ [ [ -74.1252, 46.26563 ], [ -74.12512, 46.27082 ], [ -74.13157, 46.27347 ], [ -74.1381, 46.27092 ], [ -74.13818, 46.26573 ], [ -74.13173, 46.26308 ], [ -74.1252, 46.26563 ] ] ] } },
{ "type": "Feature", "properties": { "hex_id": 519632, "centroid_lon": -74.131404282673927, "centroid_lat": 46.283861178741887, "hours_count": 6.0, "datetimes_affected": "2026-01-04 01:48:42,2026-01-04 01:48:42,2026-01-04 01:48:42,2026-01-04 01:48:42,2026-01-04 01:48:42,2026-01-04 01:48:42" }, "geometry": { "type": "Polygon", "coordinates": [ [ [ -74.12496, 46.28121 ], [ -74.12487, 46.28641 ], [ -74.13132, 46.28906 ], [ -74.13785, 46.28651 ], [ -74.13793, 46.28131 ], [ -74.13149, 46.27867 ], [ -74.12496, 46.28121 ] ] ] } },
{ "type": "Feature", "properties": { "hex_id": 519633, "centroid_lon": -74.131157831936221, "centroid_lat": 46.299447639295742, "hours_count": 6.0, "datetimes_affected": "2026-01-04 01:48:42,2026-01-04 01:48:42,2026-01-04 01:48:42,2026-01-04 01:48:42,2026-01-04 01:48:42,2026-01-04 01:48:42" }, "geometry": { "type": "Polygon", "coordinates": [ [ [ -74.12471, 46.2968 ], [ -74.12462, 46.302 ], [ -74.13108, 46.30464 ], [ -74.13761, 46.30209 ], [ -74.13769, 46.2969 ], [ -74.13124, 46.29425 ], [ -74.12471, 46.2968 ] ] ] } },
{ "type": "Feature", "properties": { "hex_id": 519634, "centroid_lon": -74.130911177184402, "centroid_lat": 46.315034056151674, "hours_count": 6.0, "datetimes_affected": "2026-01-04 01:48:42,2026-01-04 01:48:42,2026-01-04 01:48:42,2026-01-04 01:48:42,2026-01-04 01:48:42,2026-01-04 01:48:42" }, "geometry": { "type": "Polygon", "coordinates": [ [ [ -74.12446, 46.31239 ], [ -74.12438, 46.31758 ], [ -74.13083, 46.32023 ], [ -74.13736, 46.31768 ], [ -74.13745, 46.31249 ], [ -74.13099, 46.30984 ], [ -74.12446, 46.31239 ] ] ] } },
{ "type": "Feature", "properties": { "hex_id": 520241, "centroid_lon": -74.125286567314475, "centroid_lat": 46.260431957343428, "hours_count": 6.0, "datetimes_affected": "2026-01-04 01:48:42,2026-01-04 01:48:42,2026-01-04 01:48:42,2026-01-04 01:48:42,2026-01-04 01:48:42,2026-01-04 01:48:42" }, "geometry": { "type": "Polygon", "coordinates": [ [ [ -74.11884, 46.25778 ], [ -74.11876, 46.26298 ], [ -74.1252, 46.26563 ], [ -74.13173, 46.26308 ], [ -74.13181, 46.25788 ], [ -74.12537, 46.25524 ], [ -74.11884, 46.25778 ] ] ] } },
{ "type": "Feature", "properties": { "hex_id": 520242, "centroid_lon": -74.125038583685651, "centroid_lat": 46.276018456687595, "hours_count": 6.0, "datetimes_affected": "2026-01-04 01:48:42,2026-01-04 01:48:42,2026-01-04 01:48:42,2026-01-04 01:48:42,2026-01-04 01:48:42,2026-01-04 01:48:42" }, "geometry": { "type": "Polygon", "coordinates": [ [ [ -74.11859, 46.27337 ], [ -74.11851, 46.27857 ], [ -74.12496, 46.28121 ], [ -74.13149, 46.27867 ], [ -74.13157, 46.27347 ], [ -74.12512, 46.27082 ], [ -74.11859, 46.27337 ] ] ] } },
{ "type": "Feature", "properties": { "hex_id": 520243, "centroid_lon": -74.124790394836069, "centroid_lat": 46.291604912318682, "hours_count": 6.0, "datetimes_affected": "2026-01-04 01:48:42,2026-01-04 01:48:42,2026-01-04 01:48:42,2026-01-04 01:48:42,2026-01-04 01:48:42,2026-01-04 01:48:42" }, "geometry": { "type": "Polygon", "coordinates": [ [ [ -74.11834, 46.28896 ], [ -74.11826, 46.29415 ], [ -74.12471, 46.2968 ], [ -74.13124, 46.29425 ], [ -74.13132, 46.28906 ], [ -74.12487, 46.28641 ], [ -74.11834, 46.28896 ] ] ] } },
{ "type": "Feature", "properties": { "hex_id": 520244, "centroid_lon": -74.124542000554683, "centroid_lat": 46.30719132423674, "hours_count": 6.0, "datetimes_affected": "2026-01-04 01:48:42,2026-01-04 01:48:42,2026-01-04 01:48:42,2026-01-04 01:48:42,2026-01-04 01:48:42,2026-01-04 01:48:42" }, "geometry": { "type": "Polygon", "coordinates": [ [ [ -74.11809, 46.30454 ], [ -74.11801, 46.30974 ], [ -74.12446, 46.31239 ], [ -74.13099, 46.30984 ], [ -74.13108, 46.30464 ], [ -74.12462, 46.302 ], [ -74.11809, 46.30454 ] ] ] } },
{ "type": "Feature", "properties": { "hex_id": 520851, "centroid_lon": -74.118924408604073, "centroid_lat": 46.252588888103503, "hours_count": 6.0, "datetimes_affected": "2026-01-04 01:48:42,2026-01-04 01:48:42,2026-01-04 01:48:42,2026-01-04 01:48:42,2026-01-04 01:48:42,2026-01-04 01:48:42" }, "geometry": { "type": "Polygon", "coordinates": [ [ [ -74.11248, 46.24994 ], [ -74.1124, 46.25514 ], [ -74.11884, 46.25778 ], [ -74.12537, 46.25524 ], [ -74.12545, 46.25004 ], [ -74.11901, 46.24739 ], [ -74.11248, 46.24994 ] ] ] } },
{ "type": "Feature", "properties": { "hex_id": 520852, "centroid_lon": -74.118674689764745, "centroid_lat": 46.268175382356063, "hours_count": 6.0, "datetimes_affected": "2026-01-04 01:48:42,2026-01-04 01:48:42,2026-01-04 01:48:42,2026-01-04 01:48:42,2026-01-04 01:48:42,2026-01-04 01:48:42" }, "geometry": { "type": "Polygon", "coordinates": [ [ [ -74.11223, 46.26553 ], [ -74.11214, 46.27072 ], [ -74.11859, 46.27337 ], [ -74.12512, 46.27082 ], [ -74.1252, 46.26563 ], [ -74.11876, 46.26298 ], [ -74.11223, 46.26553 ] ] ] } },
{ "type": "Feature", "properties": { "hex_id": 520853, "centroid_lon": -74.118424764289898, "centroid_lat": 46.28376183288033, "hours_count": 6.0, "datetimes_affected": "2026-01-04 01:48:42,2026-01-04 01:48:42,2026-01-04 01:48:42,2026-01-04 01:48:42,2026-01-04 01:48:42,2026-01-04 01:48:42" }, "geometry": { "type": "Polygon", "coordinates": [ [ [ -74.11198, 46.28111 ], [ -74.11189, 46.28631 ], [ -74.11834, 46.28896 ], [ -74.12487, 46.28641 ], [ -74.12496, 46.28121 ], [ -74.11851, 46.27857 ], [ -74.11198, 46.28111 ] ] ] } },
{ "type": "Feature", "properties": { "hex_id": 520854, "centroid_lon": -74.118174631967022, "centroid_lat": 46.29934823967637, "hours_count": 6.0, "datetimes_affected": "2026-01-04 01:48:42,2026-01-04 01:48:42,2026-01-04 01:48:42,2026-01-04 01:48:42,2026-01-04 01:48:42,2026-01-04 01:48:42" }, "geometry": { "type": "Polygon", "coordinates": [ [ [ -74.11173, 46.2967 ], [ -74.11164, 46.3019 ], [ -74.11809, 46.30454 ], [ -74.12462, 46.302 ], [ -74.12471, 46.2968 ], [ -74.11826, 46.29415 ], [ -74.11173, 46.2967 ] ] ] } },
{ "type": "Feature", "properties": { "hex_id": 520855, "centroid_lon": -74.117924292583353, "centroid_lat": 46.314934602744216, "hours_count": 6.0, "datetimes_affected": "2026-01-04 01:48:42,2026-01-04 01:48:42,2026-01-04 01:48:42,2026-01-04 01:48:42,2026-01-04 01:48:42,2026-01-04 01:48:42" }, "geometry": { "type": "Polygon", "coordinates": [ [ [ -74.11147, 46.31229 ], [ -74.11139, 46.31748 ], [ -74.11784, 46.32013 ], [ -74.12438, 46.31758 ], [ -74.12446, 46.31239 ], [ -74.11801, 46.30974 ], [ -74.11147, 46.31229 ] ] ] } },
{ "type": "Feature", "properties": { "hex_id": 521462, "centroid_lon": -74.112312599897493, "centroid_lat": 46.260331956037085, "hours_count": 6.0, "datetimes_affected": "2026-01-04 01:48:42,2026-01-04 01:48:42,2026-01-04 01:48:42,2026-01-04 01:48:42,2026-01-04 01:48:42,2026-01-04 01:48:42" }, "geometry": { "type": "Polygon", "coordinates": [ [ [ -74.10587, 46.25768 ], [ -74.10578, 46.26288 ], [ -74.11223, 46.26553 ], [ -74.11876, 46.26298 ], [ -74.11884, 46.25778 ], [ -74.1124, 46.25514 ], [ -74.10587, 46.25768 ] ] ] } },
{ "type": "Feature", "properties": { "hex_id": 521463, "centroid_lon": -74.112060939282898, "centroid_lat": 46.275918401270637, "hours_count": 6.0, "datetimes_affected": "2026-01-04 01:48:42,2026-01-04 01:48:42,2026-01-04 01:48:42,2026-01-04 01:48:42,2026-01-04 01:48:42,2026-01-04 01:48:42" }, "geometry": { "type": "Polygon", "coordinates": [ [ [ -74.10561, 46.27327 ], [ -74.10553, 46.27847 ], [ -74.11198, 46.28111 ], [ -74.11851, 46.27857 ], [ -74.11859, 46.27337 ], [ -74.11214, 46.27072 ], [ -74.10561, 46.27327 ] ] ] } },
{ "type": "Feature", "properties": { "hex_id": 521464, "centroid_lon": -74.111809070405613, "centroid_lat": 46.291504802760677, "hours_count": 6.0, "datetimes_affected": "2026-01-04 01:48:42,2026-01-04 01:48:42,2026-01-04 01:48:42,2026-01-04 01:48:42,2026-01-04 01:48:42,2026-01-04 01:48:42" }, "geometry": { "type": "Polygon", "coordinates": [ [ [ -74.10536, 46.28886 ], [ -74.10528, 46.29405 ], [ -74.11173, 46.2967 ], [ -74.11826, 46.29415 ], [ -74.11834, 46.28896 ], [ -74.11189, 46.28631 ], [ -74.10536, 46.28886 ] ] ] } },
{ "type": "Feature", "properties": { "hex_id": 521465, "centroid_lon": -74.111556993051451, "centroid_lat": 46.307091160507191, "hours_count": 6.0, "datetimes_affected": "2026-01-04 01:48:42,2026-01-04 01:48:42,2026-01-04 01:48:42,2026-01-04 01:48:42,2026-01-04 01:48:42,2026-01-04 01:48:42" }, "geometry": { "type": "Polygon", "coordinates": [ [ [ -74.10511, 46.30444 ], [ -74.10502, 46.30964 ], [ -74.11147, 46.31229 ], [ -74.11801, 46.30974 ], [ -74.11809, 46.30454 ], [ -74.11164, 46.3019 ], [ -74.10511, 46.30444 ] ] ] } },
{ "type": "Feature", "properties": { "hex_id": 522072, "centroid_lon": -74.105952313070688, "centroid_lat": 46.252488178020329, "hours_count": 6.0, "datetimes_affected": "2026-01-04 01:48:42,2026-01-04 01:48:42,2026-01-04 01:48:42,2026-01-04 01:48:42,2026-01-04 01:48:42,2026-01-04 01:48:42" }, "geometry": { "type": "Polygon", "coordinates": [ [ [ -74.09951, 46.24984 ], [ -74.09942, 46.25503 ], [ -74.10587, 46.25768 ], [ -74.1124, 46.25514 ], [ -74.11248, 46.24994 ], [ -74.10604, 46.24729 ], [ -74.09951, 46.24984 ] ] ] } },
{ "type": "Feature", "properties": { "hex_id": 522073, "centroid_lon": -74.105698918800869, "centroid_lat": 46.268074617779448, "hours_count": 6.0, "datetimes_affected": "2026-01-04 01:48:42,2026-01-04 01:48:42,2026-01-04 01:48:42,2026-01-04 01:48:42,2026-01-04 01:48:42,2026-01-04 01:48:42" }, "geometry": { "type": "Polygon", "coordinates": [ [ [ -74.09925, 46.26543 ], [ -74.09917, 46.27062 ], [ -74.10561, 46.27327 ], [ -74.11214, 46.27072 ], [ -74.11223, 46.26553 ], [ -74.10578, 46.26288 ], [ -74.09925, 46.26543 ] ] ] } },
{ "type": "Feature", "properties": { "hex_id": 522074, "centroid_lon": -74.105445314855174, "centroid_lat": 46.283661013779614, "hours_count": 6.0, "datetimes_affected": "2026-01-04 01:48:42,2026-01-04 01:48:42,2026-01-04 01:48:42,2026-01-04 01:48:42,2026-01-04 01:48:42,2026-01-04 01:48:42" }, "geometry": { "type": "Polygon", "coordinates": [ [ [ -74.099, 46.28101 ], [ -74.09891, 46.28621 ], [ -74.10536, 46.28886 ], [ -74.11189, 46.28631 ], [ -74.11198, 46.28111 ], [ -74.10553, 46.27847 ], [ -74.099, 46.28101 ] ] ] } },
{ "type": "Feature", "properties": { "hex_id": 522075, "centroid_lon": -74.105191501018055, "centroid_lat": 46.299247366020857, "hours_count": 6.0, "datetimes_affected": "2026-01-04 01:48:42,2026-01-04 01:48:42,2026-01-04 01:48:42,2026-01-04 01:48:42,2026-01-04 01:48:42,2026-01-04 01:48:42" }, "geometry": { "type": "Polygon", "coordinates": [ [ [ -74.09874, 46.2966 ], [ -74.09866, 46.30179 ], [ -74.10511, 46.30444 ], [ -74.11164, 46.3019 ], [ -74.11173, 46.2967 ], [ -74.10528, 46.29405 ], [ -74.09874, 46.2966 ] ] ] } },
{ "type": "Feature", "properties": { "hex_id": 522684, "centroid_lon": -74.099083364301023, "centroid_lat": 46.275816873023032, "hours_count": 6.0, "datetimes_affected": "2026-01-04 01:48:42,2026-01-04 01:48:42,2026-01-04 01:48:42,2026-01-04 01:48:42,2026-01-04 01:48:42,2026-01-04 01:48:42" }, "geometry": { "type": "Polygon", "coordinates": [ [ [ -74.09264, 46.27317 ], [ -74.09255, 46.27836 ], [ -74.099, 46.28101 ], [ -74.10553, 46.27847 ], [ -74.10561, 46.27327 ], [ -74.09917, 46.27062 ], [ -74.09264, 46.27317 ] ] ] } },
{ "type": "Feature", "properties": { "hex_id": 522685, "centroid_lon": -74.098827815467416, "centroid_lat": 46.291403219575244, "hours_count": 6.0, "datetimes_affected": "2026-01-04 01:48:42,2026-01-04 01:48:42,2026-01-04 01:48:42,2026-01-04 01:48:42,2026-01-04 01:48:42,2026-01-04 01:48:42" }, "geometry": { "type": "Polygon", "coordinates": [ [ [ -74.09238, 46.28875 ], [ -74.09229, 46.29395 ], [ -74.09874, 46.2966 ], [ -74.10528, 46.29405 ], [ -74.10536, 46.28886 ], [ -74.09891, 46.28621 ], [ -74.09238, 46.28875 ] ] ] } },
{ "type": "Feature", "properties": { "hex_id": 523840, "centroid_lon": -74.102505802485609, "centroid_lat": 45.262511015748089, "hours_count": 18.0, "datetimes_affected": "2026-01-05 23:51:28,2026-01-05 23:51:28,2026-01-05 23:51:28,2026-01-05 23:51:28,2026-01-05 23:51:28,2026-01-05 23:51:28" }, "geometry": { "type": "Polygon", "coordinates": [ [ [ -74.09617, 45.25986 ], [ -74.09609, 45.26506 ], [ -74.10242, 45.26771 ], [ -74.10884, 45.26516 ], [ -74.10892, 45.25996 ], [ -74.10259, 45.25731 ], [ -74.09617, 45.25986 ] ] ] } },
{ "type": "Feature", "properties": { "hex_id": 524450, "centroid_lon": -74.096257145653567, "centroid_lat": 45.254666188882751, "hours_count": 18.0, "datetimes_affected": "2026-01-05 23:51:28,2026-01-05 23:51:28,2026-01-05 23:51:28,2026-01-05 23:51:28,2026-01-05 23:51:28,2026-01-05 23:51:28" }, "geometry": { "type": "Polygon", "coordinates": [ [ [ -74.08993, 45.25202 ], [ -74.08984, 45.25721 ], [ -74.09617, 45.25986 ], [ -74.10259, 45.25731 ], [ -74.10267, 45.25212 ], [ -74.09634, 45.24947 ], [ -74.08993, 45.25202 ] ] ] } },
{ "type": "Feature", "properties": { "hex_id": 524451, "centroid_lon": -74.096009761950484, "centroid_lat": 45.270255321211359, "hours_count": 18.0, "datetimes_affected": "2026-01-05 23:51:28,2026-01-05 23:51:28,2026-01-05 23:51:28,2026-01-05 23:51:28,2026-01-05 23:51:28,2026-01-05 23:51:28" }, "geometry": { "type": "Polygon", "coordinates": [ [ [ -74.08968, 45.26761 ], [ -74.0896, 45.2728 ], [ -74.09593, 45.27545 ], [ -74.10234, 45.2729 ], [ -74.10242, 45.26771 ], [ -74.09609, 45.26506 ], [ -74.08968, 45.26761 ] ] ] } },
{ "type": "Feature", "properties": { "hex_id": 525061, "centroid_lon": -74.089761172484685, "centroid_lat": 45.262410149811913, "hours_count": 18.0, "datetimes_affected": "2026-01-05 23:51:28,2026-01-05 23:51:28,2026-01-05 23:51:28,2026-01-05 23:51:28,2026-01-05 23:51:28,2026-01-05 23:51:28" }, "geometry": { "type": "Polygon", "coordinates": [ [ [ -74.08343, 45.25976 ], [ -74.08335, 45.26496 ], [ -74.08968, 45.26761 ], [ -74.09609, 45.26506 ], [ -74.09617, 45.25986 ], [ -74.08984, 45.25721 ], [ -74.08343, 45.25976 ] ] ] } },
{ "type": "Feature", "properties": { "hex_id": 525062, "centroid_lon": -74.089511943511582, "centroid_lat": 45.277999232879253, "hours_count": 18.0, "datetimes_affected": "2026-01-05 23:51:28,2026-01-05 23:51:28,2026-01-05 23:51:28,2026-01-05 23:51:28,2026-01-05 23:51:28,2026-01-05 23:51:28" }, "geometry": { "type": "Polygon", "coordinates": [ [ [ -74.08318, 45.27535 ], [ -74.0831, 45.28055 ], [ -74.08943, 45.2832 ], [ -74.09584, 45.28065 ], [ -74.09593, 45.27545 ], [ -74.0896, 45.2728 ], [ -74.08318, 45.27535 ] ] ] } },
{ "type": "Feature", "properties": { "hex_id": 525100, "centroid_lon": -74.079888392619225, "centroid_lat": 45.870351920128456, "hours_count": 6.0, "datetimes_affected": "2026-01-04 01:48:42,2026-01-04 01:48:42,2026-01-04 01:48:42,2026-01-04 01:48:42,2026-01-04 01:48:42,2026-01-04 01:48:42" }, "geometry": { "type": "Polygon", "coordinates": [ [ [ -74.07349, 45.8677 ], [ -74.0734, 45.8729 ], [ -74.0798, 45.87555 ], [ -74.08629, 45.873 ], [ -74.08637, 45.86781 ], [ -74.07997, 45.86516 ], [ -74.07349, 45.8677 ] ] ] } },
{ "type": "Feature", "properties": { "hex_id": 525672, "centroid_lon": -74.083263421920606, "centroid_lat": 45.270153716855937, "hours_count": 18.0, "datetimes_affected": "2026-01-05 23:51:28,2026-01-05 23:51:28,2026-01-05 23:51:28,2026-01-05 23:51:28,2026-01-05 23:51:28,2026-01-05 23:51:28" }, "geometry": { "type": "Polygon", "coordinates": [ [ [ -74.07693, 45.2675 ], [ -74.07685, 45.2727 ], [ -74.08318, 45.27535 ], [ -74.0896, 45.2728 ], [ -74.08968, 45.26761 ], [ -74.08335, 45.26496 ], [ -74.07693, 45.2675 ] ] ] } },
{ "type": "Feature", "properties": { "hex_id": 525704, "centroid_lon": -74.075126162974357, "centroid_lat": 45.768981051189449, "hours_count": 354.0, "datetimes_affected": "2026-01-01 00:42:56,2026-01-01 00:42:56,2026-01-01 00:42:56,2026-01-01 00:42:56,2026-01-01 00:42:56,2026-01-01 00:42:56" }, "geometry": { "type": "Polygon", "coordinates": [ [ [ -74.06874, 45.76633 ], [ -74.06865, 45.77153 ], [ -74.07504, 45.77418 ], [ -74.08151, 45.77163 ], [ -74.0816, 45.76644 ], [ -74.07521, 45.76379 ], [ -74.06874, 45.76633 ] ] ] } },
{ "type": "Feature", "properties": { "hex_id": 526283, "centroid_lon": -74.076763893011872, "centroid_lat": 45.277896889717802, "hours_count": 18.0, "datetimes_affected": "2026-01-05 23:51:28,2026-01-05 23:51:28,2026-01-05 23:51:28,2026-01-05 23:51:28,2026-01-05 23:51:28,2026-01-05 23:51:28" }, "geometry": { "type": "Polygon", "coordinates": [ [ [ -74.07043, 45.27525 ], [ -74.07035, 45.28044 ], [ -74.07668, 45.28309 ], [ -74.0831, 45.28055 ], [ -74.08318, 45.27535 ], [ -74.07685, 45.2727 ], [ -74.07043, 45.27525 ] ] ] } },
{ "type": "Feature", "properties": { "hex_id": 526315, "centroid_lon": -74.06856672557042, "centroid_lat": 45.776722626684027, "hours_count": 354.0, "datetimes_affected": "2026-01-01 00:42:56,2026-01-01 00:42:56,2026-01-01 00:42:56,2026-01-01 00:42:56,2026-01-01 00:42:56,2026-01-01 00:42:56" }, "geometry": { "type": "Polygon", "coordinates": [ [ [ -74.06218, 45.77407 ], [ -74.06209, 45.77927 ], [ -74.06848, 45.78192 ], [ -74.07495, 45.77937 ], [ -74.07504, 45.77418 ], [ -74.06865, 45.77153 ], [ -74.06218, 45.77407 ] ] ] } },
{ "type": "Feature", "properties": { "hex_id": 526893, "centroid_lon": -74.070517150240406, "centroid_lat": 45.270050690205601, "hours_count": 18.0, "datetimes_affected": "2026-01-05 23:51:28,2026-01-05 23:51:28,2026-01-05 23:51:28,2026-01-05 23:51:28,2026-01-05 23:51:28,2026-01-05 23:51:28" }, "geometry": { "type": "Polygon", "coordinates": [ [ [ -74.06419, 45.2674 ], [ -74.0641, 45.2726 ], [ -74.07043, 45.27525 ], [ -74.07685, 45.2727 ], [ -74.07693, 45.2675 ], [ -74.0706, 45.26485 ], [ -74.06419, 45.2674 ] ] ] } },
{ "type": "Feature", "properties": { "hex_id": 526925, "centroid_lon": -74.062266791101848, "centroid_lat": 45.768876226831907, "hours_count": 354.0, "datetimes_affected": "2026-01-01 00:42:56,2026-01-01 00:42:56,2026-01-01 00:42:56,2026-01-01 00:42:56,2026-01-01 00:42:56,2026-01-01 00:42:56" }, "geometry": { "type": "Polygon", "coordinates": [ [ [ -74.05588, 45.76623 ], [ -74.05579, 45.77142 ], [ -74.06218, 45.77407 ], [ -74.06865, 45.77153 ], [ -74.06874, 45.76633 ], [ -74.06235, 45.76368 ], [ -74.05588, 45.76623 ] ] ] } },
{ "type": "Feature", "properties": { "hex_id": 527504, "centroid_lon": -74.064015911371115, "centroid_lat": 45.277793123887236, "hours_count": 18.0, "datetimes_affected": "2026-01-05 23:51:28,2026-01-05 23:51:28,2026-01-05 23:51:28,2026-01-05 23:51:28,2026-01-05 23:51:28,2026-01-05 23:51:28" }, "geometry": { "type": "Polygon", "coordinates": [ [ [ -74.05769, 45.27514 ], [ -74.0576, 45.28034 ], [ -74.06393, 45.28299 ], [ -74.07035, 45.28044 ], [ -74.07043, 45.27525 ], [ -74.0641, 45.2726 ], [ -74.05769, 45.27514 ] ] ] } },
{ "type": "Feature", "properties": { "hex_id": 527536, "centroid_lon": -74.055705598533109, "centroid_lat": 45.776617050245058, "hours_count": 354.0, "datetimes_affected": "2026-01-01 00:42:56,2026-01-01 00:42:56,2026-01-01 00:42:56,2026-01-01 00:42:56,2026-01-01 00:42:56,2026-01-01 00:42:56" }, "geometry": { "type": "Polygon", "coordinates": [ [ [ -74.04932, 45.77397 ], [ -74.04923, 45.77916 ], [ -74.05562, 45.78181 ], [ -74.06209, 45.77927 ], [ -74.06218, 45.77407 ], [ -74.05579, 45.77142 ], [ -74.04932, 45.77397 ] ] ] } },
{ "type": "Feature", "properties": { "hex_id": 528156, "centroid_lon": -74.046748539418232, "centroid_lat": 45.924643146398047, "hours_count": 6.0, "datetimes_affected": "2026-01-04 08:40:50,2026-01-04 08:40:50,2026-01-04 08:40:50,2026-01-04 08:40:50,2026-01-04 08:40:50,2026-01-04 08:40:50" }, "geometry": { "type": "Polygon", "coordinates": [ [ [ -74.04035, 45.92199 ], [ -74.04026, 45.92719 ], [ -74.04666, 45.92984 ], [ -74.05315, 45.92729 ], [ -74.05324, 45.9221 ], [ -74.04684, 45.91945 ], [ -74.04035, 45.92199 ] ] ] } },
{ "type": "Feature", "properties": { "hex_id": 528766, "centroid_lon": -74.040435308803055, "centroid_lat": 45.916795636336808, "hours_count": 6.0, "datetimes_affected": "2026-01-04 08:40:50,2026-01-04 08:40:50,2026-01-04 08:40:50,2026-01-04 08:40:50,2026-01-04 08:40:50,2026-01-04 08:40:50" }, "geometry": { "type": "Polygon", "coordinates": [ [ [ -74.03403, 45.91414 ], [ -74.03394, 45.91934 ], [ -74.04035, 45.92199 ], [ -74.04684, 45.91945 ], [ -74.04693, 45.91425 ], [ -74.04052, 45.9116 ], [ -74.03403, 45.91414 ] ] ] } },
{ "type": "Feature", "properties": { "hex_id": 528767, "centroid_lon": -74.040166512811936, "centroid_lat": 45.932382706700636, "hours_count": 6.0, "datetimes_affected": "2026-01-04 08:40:50,2026-01-04 08:40:50,2026-01-04 08:40:50,2026-01-04 08:40:50,2026-01-04 08:40:50,2026-01-04 08:40:50" }, "geometry": { "type": "Polygon", "coordinates": [ [ [ -74.03376, 45.92973 ], [ -74.03367, 45.93493 ], [ -74.04008, 45.93758 ], [ -74.04657, 45.93503 ], [ -74.04666, 45.92984 ], [ -74.04026, 45.92719 ], [ -74.03376, 45.92973 ] ] ] } },
{ "type": "Feature", "properties": { "hex_id": 529376, "centroid_lon": -74.034123845759979, "centroid_lat": 45.908947780940338, "hours_count": 6.0, "datetimes_affected": "2026-01-04 08:40:50,2026-01-04 08:40:50,2026-01-04 08:40:50,2026-01-04 08:40:50,2026-01-04 08:40:50,2026-01-04 08:40:50" }, "geometry": { "type": "Polygon", "coordinates": [ [ [ -74.02772, 45.9063 ], [ -74.02763, 45.91149 ], [ -74.03403, 45.91414 ], [ -74.04052, 45.9116 ], [ -74.04061, 45.9064 ], [ -74.03421, 45.90375 ], [ -74.02772, 45.9063 ] ] ] } },
{ "type": "Feature", "properties": { "hex_id": 529377, "centroid_lon": -74.033853355982941, "centroid_lat": 45.924534843897518, "hours_count": 6.0, "datetimes_affected": "2026-01-04 08:40:50,2026-01-04 08:40:50,2026-01-04 08:40:50,2026-01-04 08:40:50,2026-01-04 08:40:50,2026-01-04 08:40:50" }, "geometry": { "type": "Polygon", "coordinates": [ [ [ -74.02745, 45.92188 ], [ -74.02736, 45.92708 ], [ -74.03376, 45.92973 ], [ -74.04026, 45.92719 ], [ -74.04035, 45.92199 ], [ -74.03394, 45.91934 ], [ -74.02745, 45.92188 ] ] ] } },
{ "type": "Feature", "properties": { "hex_id": 529987, "centroid_lon": -74.027541967183595, "centroid_lat": 45.916686635864238, "hours_count": 6.0, "datetimes_affected": "2026-01-04 08:40:50,2026-01-04 08:40:50,2026-01-04 08:40:50,2026-01-04 08:40:50,2026-01-04 08:40:50,2026-01-04 08:40:50" }, "geometry": { "type": "Polygon", "coordinates": [ [ [ -74.02114, 45.91403 ], [ -74.02105, 45.91923 ], [ -74.02745, 45.92188 ], [ -74.03394, 45.91934 ], [ -74.03403, 45.91414 ], [ -74.02763, 45.91149 ], [ -74.02114, 45.91403 ] ] ] } },
{ "type": "Feature", "properties": { "hex_id": 529988, "centroid_lon": -74.02726956085165, "centroid_lat": 45.932273647273327, "hours_count": 6.0, "datetimes_affected": "2026-01-04 08:40:50,2026-01-04 08:40:50,2026-01-04 08:40:50,2026-01-04 08:40:50,2026-01-04 08:40:50,2026-01-04 08:40:50" }, "geometry": { "type": "Polygon", "coordinates": [ [ [ -74.02087, 45.92962 ], [ -74.02078, 45.93482 ], [ -74.02718, 45.93747 ], [ -74.03367, 45.93493 ], [ -74.03376, 45.92973 ], [ -74.02736, 45.92708 ], [ -74.02087, 45.92962 ] ] ] } },
{ "type": "Feature", "properties": { "hex_id": 530597, "centroid_lon": -74.021232345423499, "centroid_lat": 45.908838082886156, "hours_count": 12.0, "datetimes_affected": "2026-01-04 08:40:50,2026-01-04 08:40:50,2026-01-04 08:40:50,2026-01-04 08:40:50,2026-01-04 08:40:50,2026-01-04 08:40:50" }, "geometry": { "type": "Polygon", "coordinates": [ [ [ -74.01483, 45.90618 ], [ -74.01474, 45.91138 ], [ -74.02114, 45.91403 ], [ -74.02763, 45.91149 ], [ -74.02772, 45.9063 ], [ -74.02132, 45.90364 ], [ -74.01483, 45.90618 ] ] ] } },
{ "type": "Feature", "properties": { "hex_id": 530598, "centroid_lon": -74.020958246829181, "centroid_lat": 45.924425086511839, "hours_count": 6.0, "datetimes_affected": "2026-01-04 08:40:50,2026-01-04 08:40:50,2026-01-04 08:40:50,2026-01-04 08:40:50,2026-01-04 08:40:50,2026-01-04 08:40:50" }, "geometry": { "type": "Polygon", "coordinates": [ [ [ -74.01456, 45.92177 ], [ -74.01446, 45.92697 ], [ -74.02087, 45.92962 ], [ -74.02736, 45.92708 ], [ -74.02745, 45.92188 ], [ -74.02105, 45.91923 ], [ -74.01456, 45.92177 ] ] ] } },
{ "type": "Feature", "properties": { "hex_id": 530599, "centroid_lon": -74.020683922418272, "centroid_lat": 45.940012046159595, "hours_count": 6.0, "datetimes_affected": "2026-01-04 08:40:50,2026-01-04 08:40:50,2026-01-04 08:40:50,2026-01-04 08:40:50,2026-01-04 08:40:50,2026-01-04 08:40:50" }, "geometry": { "type": "Polygon", "coordinates": [ [ [ -74.01428, 45.93736 ], [ -74.01419, 45.94255 ], [ -74.02059, 45.94521 ], [ -74.02709, 45.94266 ], [ -74.02718, 45.93747 ], [ -74.02078, 45.93482 ], [ -74.01428, 45.93736 ] ] ] } },
{ "type": "Feature", "properties": { "hex_id": 531207, "centroid_lon": -74.01492448971274, "centroid_lat": 45.900989185248449, "hours_count": 6.0, "datetimes_affected": "2026-01-04 08:40:50,2026-01-04 08:40:50,2026-01-04 08:40:50,2026-01-04 08:40:50,2026-01-04 08:40:50,2026-01-04 08:40:50" }, "geometry": { "type": "Polygon", "coordinates": [ [ [ -74.00853, 45.89834 ], [ -74.00843, 45.90353 ], [ -74.01483, 45.90618 ], [ -74.02132, 45.90364 ], [ -74.02142, 45.89845 ], [ -74.01502, 45.89579 ], [ -74.00853, 45.89834 ] ] ] } },
{ "type": "Feature", "properties": { "hex_id": 531208, "centroid_lon": -74.014648700302956, "centroid_lat": 45.916576180910653, "hours_count": 12.0, "datetimes_affected": "2026-01-04 08:40:50,2026-01-04 08:40:50,2026-01-04 08:40:50,2026-01-04 08:40:50,2026-01-04 08:40:50,2026-01-04 08:40:50" }, "geometry": { "type": "Polygon", "coordinates": [ [ [ -74.00825, 45.91392 ], [ -74.00816, 45.91912 ], [ -74.01456, 45.92177 ], [ -74.02105, 45.91923 ], [ -74.02114, 45.91403 ], [ -74.01474, 45.91138 ], [ -74.00825, 45.91392 ] ] ] } },
{ "type": "Feature", "properties": { "hex_id": 531209, "centroid_lon": -74.014372683706327, "centroid_lat": 45.93216313257853, "hours_count": 6.0, "datetimes_affected": "2026-01-04 08:40:50,2026-01-04 08:40:50,2026-01-04 08:40:50,2026-01-04 08:40:50,2026-01-04 08:40:50,2026-01-04 08:40:50" }, "geometry": { "type": "Polygon", "coordinates": [ [ [ -74.00797, 45.92951 ], [ -74.00788, 45.93471 ], [ -74.01428, 45.93736 ], [ -74.02078, 45.93482 ], [ -74.02087, 45.92962 ], [ -74.01446, 45.92697 ], [ -74.00797, 45.92951 ] ] ] } },
{ "type": "Feature", "properties": { "hex_id": 531818, "centroid_lon": -74.00834092028262, "centroid_lat": 45.908726930755002, "hours_count": 12.0, "datetimes_affected": "2026-01-04 08:40:50,2026-01-04 08:40:50,2026-01-04 08:40:50,2026-01-04 08:40:50,2026-01-04 08:40:50,2026-01-04 08:40:50" }, "geometry": { "type": "Polygon", "coordinates": [ [ [ -74.00194, 45.90607 ], [ -74.00185, 45.91127 ], [ -74.00825, 45.91392 ], [ -74.01474, 45.91138 ], [ -74.01483, 45.90618 ], [ -74.00843, 45.90353 ], [ -74.00194, 45.90607 ] ] ] } },
{ "type": "Feature", "properties": { "hex_id": 531819, "centroid_lon": -74.008063212947604, "centroid_lat": 45.924313874262971, "hours_count": 6.0, "datetimes_affected": "2026-01-04 08:40:50,2026-01-04 08:40:50,2026-01-04 08:40:50,2026-01-04 08:40:50,2026-01-04 08:40:50,2026-01-04 08:40:50" }, "geometry": { "type": "Polygon", "coordinates": [ [ [ -74.00166, 45.92166 ], [ -74.00157, 45.92686 ], [ -74.00797, 45.92951 ], [ -74.01446, 45.92697 ], [ -74.01456, 45.92177 ], [ -74.00816, 45.91912 ], [ -74.00166, 45.92166 ] ] ] } },
{ "type": "Feature", "properties": { "hex_id": 531820, "centroid_lon": -74.007785276824123, "centroid_lat": 45.939900773759604, "hours_count": 6.0, "datetimes_affected": "2026-01-04 08:40:50,2026-01-04 08:40:50,2026-01-04 08:40:50,2026-01-04 08:40:50,2026-01-04 08:40:50,2026-01-04 08:40:50" }, "geometry": { "type": "Polygon", "coordinates": [ [ [ -74.00138, 45.93725 ], [ -74.00129, 45.94244 ], [ -74.00769, 45.9451 ], [ -74.01419, 45.94255 ], [ -74.01428, 45.93736 ], [ -74.00788, 45.93471 ], [ -74.00138, 45.93725 ] ] ] } },
{ "type": "Feature", "properties": { "hex_id": 532428, "centroid_lon": -74.002034905778302, "centroid_lat": 45.900877336329948, "hours_count": 12.0, "datetimes_affected": "2026-01-04 08:40:50,2026-01-04 08:40:50,2026-01-04 08:40:50,2026-01-04 08:40:50,2026-01-04 08:40:50,2026-01-04 08:40:50" }, "geometry": { "type": "Polygon", "coordinates": [ [ [ -73.99564, 45.89822 ], [ -73.99554, 45.90342 ], [ -74.00194, 45.90607 ], [ -74.00843, 45.90353 ], [ -74.00853, 45.89834 ], [ -74.00213, 45.89568 ], [ -73.99564, 45.89822 ] ] ] } },
{ "type": "Feature", "properties": { "hex_id": 532429, "centroid_lon": -74.001755509151266, "centroid_lat": 45.91646427149815, "hours_count": 12.0, "datetimes_affected": "2026-01-04 08:40:50,2026-01-04 08:40:50,2026-01-04 08:40:50,2026-01-04 08:40:50,2026-01-04 08:40:50,2026-01-04 08:40:50" }, "geometry": { "type": "Polygon", "coordinates": [ [ [ -73.99536, 45.91381 ], [ -73.99526, 45.91901 ], [ -74.00166, 45.92166 ], [ -74.00816, 45.91912 ], [ -74.00825, 45.91392 ], [ -74.00185, 45.91127 ], [ -73.99536, 45.91381 ] ] ] } },
{ "type": "Feature", "properties": { "hex_id": 532430, "centroid_lon": -74.001475882367075, "centroid_lat": 45.932051162638395, "hours_count": 6.0, "datetimes_affected": "2026-01-04 08:40:50,2026-01-04 08:40:50,2026-01-04 08:40:50,2026-01-04 08:40:50,2026-01-04 08:40:50,2026-01-04 08:40:50" }, "geometry": { "type": "Polygon", "coordinates": [ [ [ -73.99507, 45.9294 ], [ -73.99498, 45.93459 ], [ -74.00138, 45.93725 ], [ -74.00788, 45.93471 ], [ -74.00797, 45.92951 ], [ -74.00157, 45.92686 ], [ -73.99507, 45.9294 ] ] ] } },
{ "type": "Feature", "properties": { "hex_id": 532431, "centroid_lon": -74.001196025191248, "centroid_lat": 45.947638009750165, "hours_count": 6.0, "datetimes_affected": "2026-01-04 08:40:50,2026-01-04 08:40:50,2026-01-04 08:40:50,2026-01-04 08:40:50,2026-01-04 08:40:50,2026-01-04 08:40:50" }, "geometry": { "type": "Polygon", "coordinates": [ [ [ -73.99479, 45.94498 ], [ -73.9947, 45.95018 ], [ -74.0011, 45.95283 ], [ -74.0076, 45.95029 ], [ -74.00769, 45.9451 ], [ -74.00129, 45.94244 ], [ -73.99479, 45.94498 ] ] ] } },
{ "type": "Feature", "properties": { "hex_id": 533038, "centroid_lon": -73.995730655800671, "centroid_lat": 45.893027397920491, "hours_count": 12.0, "datetimes_affected": "2026-01-04 08:40:50,2026-01-04 08:40:50,2026-01-04 08:40:50,2026-01-04 08:40:50,2026-01-04 08:40:50,2026-01-04 08:40:50" }, "geometry": { "type": "Polygon", "coordinates": [ [ [ -73.98933, 45.89037 ], [ -73.98924, 45.89557 ], [ -73.99564, 45.89822 ], [ -74.00213, 45.89568 ], [ -74.00222, 45.89049 ], [ -73.99582, 45.88783 ], [ -73.98933, 45.89037 ] ] ] } },
{ "type": "Feature", "properties": { "hex_id": 533039, "centroid_lon": -73.995449571326972, "centroid_lat": 45.908614324569136, "hours_count": 12.0, "datetimes_affected": "2026-01-04 08:40:50,2026-01-04 08:40:50,2026-01-04 08:40:50,2026-01-04 08:40:50,2026-01-04 08:40:50,2026-01-04 08:40:50" }, "geometry": { "type": "Polygon", "coordinates": [ [ [ -73.98905, 45.90596 ], [ -73.98896, 45.91116 ], [ -73.99536, 45.91381 ], [ -74.00185, 45.91127 ], [ -74.00194, 45.90607 ], [ -73.99554, 45.90342 ], [ -73.98905, 45.90596 ] ] ] } },
{ "type": "Feature", "properties": { "hex_id": 533040, "centroid_lon": -73.995168255328835, "centroid_lat": 45.924201207173205, "hours_count": 6.0, "datetimes_affected": "2026-01-04 08:40:50,2026-01-04 08:40:50,2026-01-04 08:40:50,2026-01-04 08:40:50,2026-01-04 08:40:50,2026-01-04 08:40:50" }, "geometry": { "type": "Polygon", "coordinates": [ [ [ -73.98877, 45.92155 ], [ -73.98867, 45.92674 ], [ -73.99507, 45.9294 ], [ -74.00157, 45.92686 ], [ -74.00166, 45.92166 ], [ -73.99526, 45.91901 ], [ -73.98877, 45.92155 ] ] ] } },
{ "type": "Feature", "properties": { "hex_id": 533041, "centroid_lon": -73.994886707570487, "centroid_lat": 45.939788045732065, "hours_count": 6.0, "datetimes_affected": "2026-01-04 08:40:50,2026-01-04 08:40:50,2026-01-04 08:40:50,2026-01-04 08:40:50,2026-01-04 08:40:50,2026-01-04 08:40:50" }, "geometry": { "type": "Polygon", "coordinates": [ [ [ -73.98848, 45.93713 ], [ -73.98839, 45.94233 ], [ -73.99479, 45.94498 ], [ -74.00129, 45.94244 ], [ -74.00138, 45.93725 ], [ -73.99498, 45.93459 ], [ -73.98848, 45.93713 ] ] ] } },
{ "type": "Feature", "properties": { "hex_id": 533615, "centroid_lon": -73.998630488995829, "centroid_lat": 45.370784109553625, "hours_count": 6.0, "datetimes_affected": "2026-01-06 12:37:52,2026-01-06 12:37:52,2026-01-06 12:37:52,2026-01-06 12:37:52,2026-01-06 12:37:52,2026-01-06 12:37:52" }, "geometry": { "type": "Polygon", "coordinates": [ [ [ -73.99229, 45.36813 ], [ -73.9922, 45.37333 ], [ -73.99854, 45.37598 ], [ -74.00497, 45.37344 ], [ -74.00506, 45.36824 ], [ -73.99872, 45.36559 ], [ -73.99229, 45.36813 ] ] ] } },
{ "type": "Feature", "properties": { "hex_id": 533616, "centroid_lon": -73.99835527266616, "centroid_lat": 45.386372481125946, "hours_count": 6.0, "datetimes_affected": "2026-01-06 12:37:52,2026-01-06 12:37:52,2026-01-06 12:37:52,2026-01-06 12:37:52,2026-01-06 12:37:52,2026-01-06 12:37:52" }, "geometry": { "type": "Polygon", "coordinates": [ [ [ -73.99202, 45.38372 ], [ -73.99192, 45.38891 ], [ -73.99826, 45.39157 ], [ -74.0047, 45.38903 ], [ -74.00479, 45.38383 ], [ -73.99845, 45.38118 ], [ -73.99202, 45.38372 ] ] ] } },
{ "type": "Feature", "properties": { "hex_id": 533649, "centroid_lon": -73.989145398484894, "centroid_lat": 45.900764033760915, "hours_count": 12.0, "datetimes_affected": "2026-01-04 08:40:50,2026-01-04 08:40:50,2026-01-04 08:40:50,2026-01-04 08:40:50,2026-01-04 08:40:50,2026-01-04 08:40:50" }, "geometry": { "type": "Polygon", "coordinates": [ [ [ -73.98275, 45.89811 ], [ -73.98265, 45.9033 ], [ -73.98905, 45.90596 ], [ -73.99554, 45.90342 ], [ -73.99564, 45.89822 ], [ -73.98924, 45.89557 ], [ -73.98275, 45.89811 ] ] ] } },
{ "type": "Feature", "properties": { "hex_id": 533650, "centroid_lon": -73.988862394718623, "centroid_lat": 45.916350907649118, "hours_count": 30.0, "datetimes_affected": "2026-01-04 08:40:50,2026-01-04 08:40:50,2026-01-04 08:40:50,2026-01-04 08:40:50,2026-01-04 08:40:50,2026-01-04 08:40:50" }, "geometry": { "type": "Polygon", "coordinates": [ [ [ -73.98246, 45.9137 ], [ -73.98237, 45.91889 ], [ -73.98877, 45.92155 ], [ -73.99526, 45.91901 ], [ -73.99536, 45.91381 ], [ -73.98896, 45.91116 ], [ -73.98246, 45.9137 ] ] ] } },
{ "type": "Feature", "properties": { "hex_id": 533651, "centroid_lon": -73.988579157825001, "centroid_lat": 45.931937737475344, "hours_count": 6.0, "datetimes_affected": "2026-01-04 08:40:50,2026-01-04 08:40:50,2026-01-04 08:40:50,2026-01-04 08:40:50,2026-01-04 08:40:50,2026-01-04 08:40:50" }, "geometry": { "type": "Polygon", "coordinates": [ [ [ -73.98218, 45.92928 ], [ -73.98208, 45.93448 ], [ -73.98848, 45.93713 ], [ -73.99498, 45.93459 ], [ -73.99507, 45.9294 ], [ -73.98867, 45.92674 ], [ -73.98218, 45.92928 ] ] ] } },
{ "type": "Feature", "properties": { "hex_id": 534225, "centroid_lon": -73.992384612001118, "centroid_lat": 45.362933767719859, "hours_count": 6.0, "datetimes_affected": "2026-01-06 12:37:52,2026-01-06 12:37:52,2026-01-06 12:37:52,2026-01-06 12:37:52,2026-01-06 12:37:52,2026-01-06 12:37:52" }, "geometry": { "type": "Polygon", "coordinates": [ [ [ -73.98605, 45.36028 ], [ -73.98595, 45.36548 ], [ -73.99229, 45.36813 ], [ -73.99872, 45.36559 ], [ -73.99881, 45.36039 ], [ -73.99248, 45.35774 ], [ -73.98605, 45.36028 ] ] ] } },
{ "type": "Feature", "properties": { "hex_id": 534226, "centroid_lon": -73.992107754997278, "centroid_lat": 45.378522130956554, "hours_count": 6.0, "datetimes_affected": "2026-01-06 12:37:52,2026-01-06 12:37:52,2026-01-06 12:37:52,2026-01-06 12:37:52,2026-01-06 12:37:52,2026-01-06 12:37:52" }, "geometry": { "type": "Polygon", "coordinates": [ [ [ -73.98577, 45.37587 ], [ -73.98568, 45.38106 ], [ -73.99202, 45.38372 ], [ -73.99845, 45.38118 ], [ -73.99854, 45.37598 ], [ -73.9922, 45.37333 ], [ -73.98577, 45.37587 ] ] ] } },
{ "type": "Feature", "properties": { "hex_id": 534259, "centroid_lon": -73.982842989635728, "centroid_lat": 45.892913399358299, "hours_count": 12.0, "datetimes_affected": "2026-01-04 08:40:50,2026-01-04 08:40:50,2026-01-04 08:40:50,2026-01-04 08:40:50,2026-01-04 08:40:50,2026-01-04 08:40:50" }, "geometry": { "type": "Polygon", "coordinates": [ [ [ -73.97645, 45.89026 ], [ -73.97635, 45.89545 ], [ -73.98275, 45.89811 ], [ -73.98924, 45.89557 ], [ -73.98933, 45.89037 ], [ -73.98294, 45.88772 ], [ -73.97645, 45.89026 ] ] ] } },
{ "type": "Feature", "properties": { "hex_id": 534260, "centroid_lon": -73.982558299546128, "centroid_lat": 45.908500264351119, "hours_count": 30.0, "datetimes_affected": "2026-01-04 08:40:50,2026-01-04 08:40:50,2026-01-04 08:40:50,2026-01-04 08:40:50,2026-01-04 08:40:50,2026-01-04 08:40:50" }, "geometry": { "type": "Polygon", "coordinates": [ [ [ -73.97616, 45.90584 ], [ -73.97606, 45.91104 ], [ -73.98246, 45.9137 ], [ -73.98896, 45.91116 ], [ -73.98905, 45.90596 ], [ -73.98265, 45.9033 ], [ -73.97616, 45.90584 ] ] ] } },
{ "type": "Feature", "properties": { "hex_id": 534261, "centroid_lon": -73.982273374963469, "centroid_lat": 45.9240870852651, "hours_count": 6.0, "datetimes_affected": "2026-01-04 08:40:50,2026-01-04 08:40:50,2026-01-04 08:40:50,2026-01-04 08:40:50,2026-01-04 08:40:50,2026-01-04 08:40:50" }, "geometry": { "type": "Polygon", "coordinates": [ [ [ -73.97587, 45.92143 ], [ -73.97578, 45.92663 ], [ -73.98218, 45.92928 ], [ -73.98867, 45.92674 ], [ -73.98877, 45.92155 ], [ -73.98237, 45.91889 ], [ -73.97587, 45.92143 ] ] ] } },
{ "type": "Feature", "properties": { "hex_id": 534262, "centroid_lon": -73.981988215648954, "centroid_lat": 45.939673862099582, "hours_count": 6.0, "datetimes_affected": "2026-01-04 08:40:50,2026-01-04 08:40:50,2026-01-04 08:40:50,2026-01-04 08:40:50,2026-01-04 08:40:50,2026-01-04 08:40:50" }, "geometry": { "type": "Polygon", "coordinates": [ [ [ -73.97559, 45.93702 ], [ -73.97549, 45.94221 ], [ -73.98189, 45.94487 ], [ -73.98839, 45.94233 ], [ -73.98848, 45.93713 ], [ -73.98208, 45.93448 ], [ -73.97559, 45.93702 ] ] ] } },
{ "type": "Feature", "properties": { "hex_id": 534835, "centroid_lon": -73.986140449771582, "centroid_lat": 45.355083088623317, "hours_count": 6.0, "datetimes_affected": "2026-01-06 12:37:52,2026-01-06 12:37:52,2026-01-06 12:37:52,2026-01-06 12:37:52,2026-01-06 12:37:52,2026-01-06 12:37:52" }, "geometry": { "type": "Polygon", "coordinates": [ [ [ -73.9798, 45.35243 ], [ -73.97971, 45.35762 ], [ -73.98605, 45.36028 ], [ -73.99248, 45.35774 ], [ -73.99257, 45.35254 ], [ -73.98623, 45.34989 ], [ -73.9798, 45.35243 ] ] ] } },
{ "type": "Feature", "properties": { "hex_id": 534836, "centroid_lon": -73.985861953489163, "centroid_lat": 45.370671443347916, "hours_count": 6.0, "datetimes_affected": "2026-01-06 12:37:52,2026-01-06 12:37:52,2026-01-06 12:37:52,2026-01-06 12:37:52,2026-01-06 12:37:52,2026-01-06 12:37:52" }, "geometry": { "type": "Polygon", "coordinates": [ [ [ -73.97952, 45.36802 ], [ -73.97943, 45.37321 ], [ -73.98577, 45.37587 ], [ -73.9922, 45.37333 ], [ -73.99229, 45.36813 ], [ -73.98595, 45.36548 ], [ -73.97952, 45.36802 ] ] ] } },
{ "type": "Feature", "properties": { "hex_id": 534837, "centroid_lon": -73.985583229313434, "centroid_lat": 45.38625975400447, "hours_count": 6.0, "datetimes_affected": "2026-01-06 12:37:52,2026-01-06 12:37:52,2026-01-06 12:37:52,2026-01-06 12:37:52,2026-01-06 12:37:52,2026-01-06 12:37:52" }, "geometry": { "type": "Polygon", "coordinates": [ [ [ -73.97924, 45.3836 ], [ -73.97915, 45.3888 ], [ -73.98549, 45.39146 ], [ -73.99192, 45.38891 ], [ -73.99202, 45.38372 ], [ -73.98568, 45.38106 ], [ -73.97924, 45.3836 ] ] ] } },
{ "type": "Feature", "properties": { "hex_id": 534870, "centroid_lon": -73.976255968821548, "centroid_lat": 45.900649277564, "hours_count": 30.0, "datetimes_affected": "2026-01-04 08:40:50,2026-01-04 08:40:50,2026-01-04 08:40:50,2026-01-04 08:40:50,2026-01-04 08:40:50,2026-01-04 08:40:50" }, "geometry": { "type": "Polygon", "coordinates": [ [ [ -73.96986, 45.89799 ], [ -73.96976, 45.90319 ], [ -73.97616, 45.90584 ], [ -73.98265, 45.9033 ], [ -73.98275, 45.89811 ], [ -73.97635, 45.89545 ], [ -73.96986, 45.89799 ] ] ] } },
{ "type": "Feature", "properties": { "hex_id": 534871, "centroid_lon": -73.975969357995083, "centroid_lat": 45.916236089386288, "hours_count": 30.0, "datetimes_affected": "2026-01-04 08:40:50,2026-01-04 08:40:50,2026-01-04 08:40:50,2026-01-04 08:40:50,2026-01-04 08:40:50,2026-01-04 08:40:50" }, "geometry": { "type": "Polygon", "coordinates": [ [ [ -73.96957, 45.91358 ], [ -73.96947, 45.91878 ], [ -73.97587, 45.92143 ], [ -73.98237, 45.91889 ], [ -73.98246, 45.9137 ], [ -73.97606, 45.91104 ], [ -73.96957, 45.91358 ] ] ] } },
{ "type": "Feature", "properties": { "hex_id": 534872, "centroid_lon": -73.975682511071199, "centroid_lat": 45.931822857112103, "hours_count": 6.0, "datetimes_affected": "2026-01-04 08:40:50,2026-01-04 08:40:50,2026-01-04 08:40:50,2026-01-04 08:40:50,2026-01-04 08:40:50,2026-01-04 08:40:50" }, "geometry": { "type": "Polygon", "coordinates": [ [ [ -73.96928, 45.92917 ], [ -73.96919, 45.93436 ], [ -73.97559, 45.93702 ], [ -73.98208, 45.93448 ], [ -73.98218, 45.92928 ], [ -73.97578, 45.92663 ], [ -73.96928, 45.92917 ] ] ] } },
{ "type": "Feature", "properties": { "hex_id": 535446, "centroid_lon": -73.979617867185965, "centroid_lat": 45.362820418579702, "hours_count": 6.0, "datetimes_affected": "2026-01-06 12:37:52,2026-01-06 12:37:52,2026-01-06 12:37:52,2026-01-06 12:37:52,2026-01-06 12:37:52,2026-01-06 12:37:52" }, "geometry": { "type": "Polygon", "coordinates": [ [ [ -73.97328, 45.36017 ], [ -73.97319, 45.36536 ], [ -73.97952, 45.36802 ], [ -73.98595, 45.36548 ], [ -73.98605, 45.36028 ], [ -73.97971, 45.35762 ], [ -73.97328, 45.36017 ] ] ] } },
{ "type": "Feature", "properties": { "hex_id": 535447, "centroid_lon": -73.979337503807869, "centroid_lat": 45.378408720531645, "hours_count": 6.0, "datetimes_affected": "2026-01-06 12:37:52,2026-01-06 12:37:52,2026-01-06 12:37:52,2026-01-06 12:37:52,2026-01-06 12:37:52,2026-01-06 12:37:52" }, "geometry": { "type": "Polygon", "coordinates": [ [ [ -73.973, 45.37575 ], [ -73.97291, 45.38095 ], [ -73.97924, 45.3836 ], [ -73.98568, 45.38106 ], [ -73.98577, 45.37587 ], [ -73.97943, 45.37321 ], [ -73.973, 45.37575 ] ] ] } },
{ "type": "Feature", "properties": { "hex_id": 535472, "centroid_lon": -73.972253246851707, "centroid_lat": 45.768101939155436, "hours_count": 6.0, "datetimes_affected": "2026-01-04 01:48:42,2026-01-04 01:48:42,2026-01-04 01:48:42,2026-01-04 01:48:42,2026-01-04 01:48:42,2026-01-04 01:48:42" }, "geometry": { "type": "Polygon", "coordinates": [ [ [ -73.96587, 45.76545 ], [ -73.96578, 45.77064 ], [ -73.97216, 45.7733 ], [ -73.97864, 45.77076 ], [ -73.97873, 45.76556 ], [ -73.97235, 45.76291 ], [ -73.96587, 45.76545 ] ] ] } },
{ "type": "Feature", "properties": { "hex_id": 535479, "centroid_lon": -73.970243459961594, "centroid_lat": 45.877211100908298, "hours_count": 354.0, "datetimes_affected": "2026-01-01 00:42:56,2026-01-01 00:42:56,2026-01-01 00:42:56,2026-01-01 00:42:56,2026-01-01 00:42:56,2026-01-01 00:42:56" }, "geometry": { "type": "Polygon", "coordinates": [ [ [ -73.96385, 45.87456 ], [ -73.96375, 45.87975 ], [ -73.97015, 45.88241 ], [ -73.97664, 45.87987 ], [ -73.97673, 45.87467 ], [ -73.97034, 45.87202 ], [ -73.96385, 45.87456 ] ] ] } },
{ "type": "Feature", "properties": { "hex_id": 535480, "centroid_lon": -73.969955401555637, "centroid_lat": 45.892797947572497, "hours_count": 12.0, "datetimes_affected": "2026-01-04 08:40:50,2026-01-04 08:40:50,2026-01-04 08:40:50,2026-01-04 08:40:50,2026-01-04 08:40:50,2026-01-04 08:40:50" }, "geometry": { "type": "Polygon", "coordinates": [ [ [ -73.96356, 45.89014 ], [ -73.96346, 45.89534 ], [ -73.96986, 45.89799 ], [ -73.97635, 45.89545 ], [ -73.97645, 45.89026 ], [ -73.97005, 45.8876 ], [ -73.96356, 45.89014 ] ] ] } },
{ "type": "Feature", "properties": { "hex_id": 535481, "centroid_lon": -73.969667105929616, "centroid_lat": 45.908384750123766, "hours_count": 30.0, "datetimes_affected": "2026-01-04 08:40:50,2026-01-04 08:40:50,2026-01-04 08:40:50,2026-01-04 08:40:50,2026-01-04 08:40:50,2026-01-04 08:40:50" }, "geometry": { "type": "Polygon", "coordinates": [ [ [ -73.96327, 45.90573 ], [ -73.96317, 45.91092 ], [ -73.96957, 45.91358 ], [ -73.97606, 45.91104 ], [ -73.97616, 45.90584 ], [ -73.96976, 45.90319 ], [ -73.96327, 45.90573 ] ] ] } },
{ "type": "Feature", "properties": { "hex_id": 535482, "centroid_lon": -73.969378572842032, "centroid_lat": 45.923971508561515, "hours_count": 6.0, "datetimes_affected": "2026-01-04 08:40:50,2026-01-04 08:40:50,2026-01-04 08:40:50,2026-01-04 08:40:50,2026-01-04 08:40:50,2026-01-04 08:40:50" }, "geometry": { "type": "Polygon", "coordinates": [ [ [ -73.96298, 45.92132 ], [ -73.96288, 45.92651 ], [ -73.96928, 45.92917 ], [ -73.97578, 45.92663 ], [ -73.97587, 45.92143 ], [ -73.96947, 45.91878 ], [ -73.96298, 45.92132 ] ] ] } },
{ "type": "Feature", "properties": { "hex_id": 535483, "centroid_lon": -73.969089802051059, "centroid_lat": 45.939558222885047, "hours_count": 6.0, "datetimes_affected": "2026-01-04 08:40:50,2026-01-04 08:40:50,2026-01-04 08:40:50,2026-01-04 08:40:50,2026-01-04 08:40:50,2026-01-04 08:40:50" }, "geometry": { "type": "Polygon", "coordinates": [ [ [ -73.96269, 45.9369 ], [ -73.96259, 45.9421 ], [ -73.96899, 45.94475 ], [ -73.97549, 45.94221 ], [ -73.97559, 45.93702 ], [ -73.96919, 45.93436 ], [ -73.96269, 45.9369 ] ] ] } },
{ "type": "Feature", "properties": { "hex_id": 536056, "centroid_lon": -73.973375495132288, "centroid_lat": 45.354969056931438, "hours_count": 6.0, "datetimes_affected": "2026-01-06 12:37:52,2026-01-06 12:37:52,2026-01-06 12:37:52,2026-01-06 12:37:52,2026-01-06 12:37:52,2026-01-06 12:37:52" }, "geometry": { "type": "Polygon", "coordinates": [ [ [ -73.96704, 45.35231 ], [ -73.96695, 45.35751 ], [ -73.97328, 45.36017 ], [ -73.97971, 45.35762 ], [ -73.9798, 45.35243 ], [ -73.97347, 45.34977 ], [ -73.96704, 45.35231 ] ] ] } },
{ "type": "Feature", "properties": { "hex_id": 536057, "centroid_lon": -73.973093493946905, "centroid_lat": 45.370557350002493, "hours_count": 6.0, "datetimes_affected": "2026-01-06 12:37:52,2026-01-06 12:37:52,2026-01-06 12:37:52,2026-01-06 12:37:52,2026-01-06 12:37:52,2026-01-06 12:37:52" }, "geometry": { "type": "Polygon", "coordinates": [ [ [ -73.96676, 45.3679 ], [ -73.96666, 45.3731 ], [ -73.973, 45.37575 ], [ -73.97943, 45.37321 ], [ -73.97952, 45.36802 ], [ -73.97319, 45.36536 ], [ -73.96676, 45.3679 ] ] ] } },
{ "type": "Feature", "properties": { "hex_id": 536089, "centroid_lon": -73.963946337160607, "centroid_lat": 45.869359437429857, "hours_count": 354.0, "datetimes_affected": "2026-01-01 00:42:56,2026-01-01 00:42:56,2026-01-01 00:42:56,2026-01-01 00:42:56,2026-01-01 00:42:56,2026-01-01 00:42:56" }, "geometry": { "type": "Polygon", "coordinates": [ [ [ -73.95755, 45.8667 ], [ -73.95746, 45.8719 ], [ -73.96385, 45.87456 ], [ -73.97034, 45.87202 ], [ -73.97044, 45.86682 ], [ -73.96404, 45.86416 ], [ -73.95755, 45.8667 ] ] ] } },
{ "type": "Feature", "properties": { "hex_id": 536091, "centroid_lon": -73.963366617777297, "centroid_lat": 45.900533067762204, "hours_count": 30.0, "datetimes_affected": "2026-01-04 08:40:50,2026-01-04 08:40:50,2026-01-04 08:40:50,2026-01-04 08:40:50,2026-01-04 08:40:50,2026-01-04 08:40:50" }, "geometry": { "type": "Polygon", "coordinates": [ [ [ -73.95697, 45.89788 ], [ -73.95687, 45.90307 ], [ -73.96327, 45.90573 ], [ -73.96976, 45.90319 ], [ -73.96986, 45.89799 ], [ -73.96346, 45.89534 ], [ -73.95697, 45.89788 ] ] ] } },
{ "type": "Feature", "properties": { "hex_id": 536092, "centroid_lon": -73.963076399970689, "centroid_lat": 45.916119816732646, "hours_count": 30.0, "datetimes_affected": "2026-01-04 08:40:50,2026-01-04 08:40:50,2026-01-04 08:40:50,2026-01-04 08:40:50,2026-01-04 08:40:50,2026-01-04 08:40:50" }, "geometry": { "type": "Polygon", "coordinates": [ [ [ -73.95668, 45.91346 ], [ -73.95658, 45.91866 ], [ -73.96298, 45.92132 ], [ -73.96947, 45.91878 ], [ -73.96957, 45.91358 ], [ -73.96317, 45.91092 ], [ -73.95668, 45.91346 ] ] ] } },
{ "type": "Feature", "properties": { "hex_id": 536093, "centroid_lon": -73.962785943096691, "centroid_lat": 45.931706521571684, "hours_count": 6.0, "datetimes_affected": "2026-01-04 08:40:50,2026-01-04 08:40:50,2026-01-04 08:40:50,2026-01-04 08:40:50,2026-01-04 08:40:50,2026-01-04 08:40:50" }, "geometry": { "type": "Polygon", "coordinates": [ [ [ -73.95639, 45.92905 ], [ -73.95629, 45.93425 ], [ -73.96269, 45.9369 ], [ -73.96919, 45.93436 ], [ -73.96928, 45.92917 ], [ -73.96288, 45.92651 ], [ -73.95639, 45.92905 ] ] ] } },
{ "type": "Feature", "properties": { "hex_id": 536666, "centroid_lon": -73.967134836373276, "centroid_lat": 45.347117358682468, "hours_count": 6.0, "datetimes_affected": "2026-01-06 12:37:52,2026-01-06 12:37:52,2026-01-06 12:37:52,2026-01-06 12:37:52,2026-01-06 12:37:52,2026-01-06 12:37:52" }, "geometry": { "type": "Polygon", "coordinates": [ [ [ -73.9608, 45.34446 ], [ -73.96071, 45.34966 ], [ -73.96704, 45.35231 ], [ -73.97347, 45.34977 ], [ -73.97356, 45.34458 ], [ -73.96723, 45.34192 ], [ -73.9608, 45.34446 ] ] ] } },
{ "type": "Feature", "properties": { "hex_id": 536667, "centroid_lon": -73.966851198774705, "centroid_lat": 45.362705642696582, "hours_count": 6.0, "datetimes_affected": "2026-01-06 12:37:52,2026-01-06 12:37:52,2026-01-06 12:37:52,2026-01-06 12:37:52,2026-01-06 12:37:52,2026-01-06 12:37:52" }, "geometry": { "type": "Polygon", "coordinates": [ [ [ -73.96052, 45.36005 ], [ -73.96042, 45.36525 ], [ -73.96676, 45.3679 ], [ -73.97319, 45.36536 ], [ -73.97328, 45.36017 ], [ -73.96695, 45.35751 ], [ -73.96052, 45.36005 ] ] ] } },
{ "type": "Feature", "properties": { "hex_id": 536668, "centroid_lon": -73.96656732909905, "centroid_lat": 45.378293882592615, "hours_count": 6.0, "datetimes_affected": "2026-01-06 12:37:52,2026-01-06 12:37:52,2026-01-06 12:37:52,2026-01-06 12:37:52,2026-01-06 12:37:52,2026-01-06 12:37:52" }, "geometry": { "type": "Polygon", "coordinates": [ [ [ -73.96023, 45.37564 ], [ -73.96013, 45.38083 ], [ -73.96647, 45.38349 ], [ -73.97291, 45.38095 ], [ -73.973, 45.37575 ], [ -73.96666, 45.3731 ], [ -73.96023, 45.37564 ] ] ] } },
{ "type": "Feature", "properties": { "hex_id": 536702, "centroid_lon": -73.956775991466941, "centroid_lat": 45.908267781910212, "hours_count": 30.0, "datetimes_affected": "2026-01-04 08:40:50,2026-01-04 08:40:50,2026-01-04 08:40:50,2026-01-04 08:40:50,2026-01-04 08:40:50,2026-01-04 08:40:50" }, "geometry": { "type": "Polygon", "coordinates": [ [ [ -73.95038, 45.90561 ], [ -73.95028, 45.91081 ], [ -73.95668, 45.91346 ], [ -73.96317, 45.91092 ], [ -73.96327, 45.90573 ], [ -73.95687, 45.90307 ], [ -73.95038, 45.90561 ] ] ] } },
{ "type": "Feature", "properties": { "hex_id": 536703, "centroid_lon": -73.956483849955035, "centroid_lat": 45.923854477085584, "hours_count": 6.0, "datetimes_affected": "2026-01-04 08:40:50,2026-01-04 08:40:50,2026-01-04 08:40:50,2026-01-04 08:40:50,2026-01-04 08:40:50,2026-01-04 08:40:50" }, "geometry": { "type": "Polygon", "coordinates": [ [ [ -73.95009, 45.9212 ], [ -73.94999, 45.92639 ], [ -73.95639, 45.92905 ], [ -73.96288, 45.92651 ], [ -73.96298, 45.92132 ], [ -73.95658, 45.91866 ], [ -73.95009, 45.9212 ] ] ] } },
{ "type": "Feature", "properties": { "hex_id": 537277, "centroid_lon": -73.960610617335917, "centroid_lat": 45.354853598893293, "hours_count": 6.0, "datetimes_affected": "2026-01-06 12:37:52,2026-01-06 12:37:52,2026-01-06 12:37:52,2026-01-06 12:37:52,2026-01-06 12:37:52,2026-01-06 12:37:52" }, "geometry": { "type": "Polygon", "coordinates": [ [ [ -73.95428, 45.3522 ], [ -73.95418, 45.35739 ], [ -73.96052, 45.36005 ], [ -73.96695, 45.35751 ], [ -73.96704, 45.35231 ], [ -73.96071, 45.34966 ], [ -73.95428, 45.3522 ] ] ] } },
{ "type": "Feature", "properties": { "hex_id": 537278, "centroid_lon": -73.960325111324678, "centroid_lat": 45.370441829539899, "hours_count": 6.0, "datetimes_affected": "2026-01-06 12:37:52,2026-01-06 12:37:52,2026-01-06 12:37:52,2026-01-06 12:37:52,2026-01-06 12:37:52,2026-01-06 12:37:52" }, "geometry": { "type": "Polygon", "coordinates": [ [ [ -73.95399, 45.36779 ], [ -73.95389, 45.37298 ], [ -73.96023, 45.37564 ], [ -73.96666, 45.3731 ], [ -73.96676, 45.3679 ], [ -73.96042, 45.36525 ], [ -73.95399, 45.36779 ] ] ] } },
{ "type": "Feature", "properties": { "hex_id": 537312, "centroid_lon": -73.950477346341117, "centroid_lat": 45.900415404378748, "hours_count": 24.0, "datetimes_affected": "2026-01-04 08:40:50,2026-01-04 08:40:50,2026-01-04 08:40:50,2026-01-04 08:40:50,2026-01-04 08:40:50,2026-01-04 08:40:50" }, "geometry": { "type": "Polygon", "coordinates": [ [ [ -73.94408, 45.89776 ], [ -73.94398, 45.90295 ], [ -73.95038, 45.90561 ], [ -73.95687, 45.90307 ], [ -73.95697, 45.89788 ], [ -73.95058, 45.89522 ], [ -73.94408, 45.89776 ] ] ] } },
{ "type": "Feature", "properties": { "hex_id": 537313, "centroid_lon": -73.950183521635395, "centroid_lat": 45.916002089711455, "hours_count": 24.0, "datetimes_affected": "2026-01-04 08:40:50,2026-01-04 08:40:50,2026-01-04 08:40:50,2026-01-04 08:40:50,2026-01-04 08:40:50,2026-01-04 08:40:50" }, "geometry": { "type": "Polygon", "coordinates": [ [ [ -73.94379, 45.91334 ], [ -73.94369, 45.91854 ], [ -73.95009, 45.9212 ], [ -73.95658, 45.91866 ], [ -73.95668, 45.91346 ], [ -73.95028, 45.91081 ], [ -73.94379, 45.91334 ] ] ] } },
{ "type": "Feature", "properties": { "hex_id": 537887, "centroid_lon": -73.954371748675712, "centroid_lat": 45.347001218871867, "hours_count": 6.0, "datetimes_affected": "2026-01-06 12:37:52,2026-01-06 12:37:52,2026-01-06 12:37:52,2026-01-06 12:37:52,2026-01-06 12:37:52,2026-01-06 12:37:52" }, "geometry": { "type": "Polygon", "coordinates": [ [ [ -73.94804, 45.34434 ], [ -73.94794, 45.34954 ], [ -73.95428, 45.3522 ], [ -73.96071, 45.34966 ], [ -73.9608, 45.34446 ], [ -73.95447, 45.34181 ], [ -73.94804, 45.34434 ] ] ] } },
{ "type": "Feature", "properties": { "hex_id": 537888, "centroid_lon": -73.95408460772245, "centroid_lat": 45.362589440093139, "hours_count": 6.0, "datetimes_affected": "2026-01-06 12:37:52,2026-01-06 12:37:52,2026-01-06 12:37:52,2026-01-06 12:37:52,2026-01-06 12:37:52,2026-01-06 12:37:52" }, "geometry": { "type": "Polygon", "coordinates": [ [ [ -73.94775, 45.35993 ], [ -73.94765, 45.36513 ], [ -73.95399, 45.36779 ], [ -73.96042, 45.36525 ], [ -73.96052, 45.36005 ], [ -73.95418, 45.35739 ], [ -73.94775, 45.35993 ] ] ] } },
{ "type": "Feature", "properties": { "hex_id": 537923, "centroid_lon": -73.943884957147588, "centroid_lat": 45.908149359733876, "hours_count": 24.0, "datetimes_affected": "2026-01-04 08:40:50,2026-01-04 08:40:50,2026-01-04 08:40:50,2026-01-04 08:40:50,2026-01-04 08:40:50,2026-01-04 08:40:50" }, "geometry": { "type": "Polygon", "coordinates": [ [ [ -73.93749, 45.90549 ], [ -73.93739, 45.91069 ], [ -73.94379, 45.91334 ], [ -73.95028, 45.91081 ], [ -73.95038, 45.90561 ], [ -73.94398, 45.90295 ], [ -73.93749, 45.90549 ] ] ] } },
{ "type": "Feature", "properties": { "hex_id": 538498, "centroid_lon": -73.947845817337083, "centroid_lat": 45.354736714531668, "hours_count": 6.0, "datetimes_affected": "2026-01-06 12:37:52,2026-01-06 12:37:52,2026-01-06 12:37:52,2026-01-06 12:37:52,2026-01-06 12:37:52,2026-01-06 12:37:52" }, "geometry": { "type": "Polygon", "coordinates": [ [ [ -73.94151, 45.35208 ], [ -73.94142, 45.35728 ], [ -73.94775, 45.35993 ], [ -73.95418, 45.35739 ], [ -73.95428, 45.3522 ], [ -73.94794, 45.34954 ], [ -73.94151, 45.35208 ] ] ] } },
{ "type": "Feature", "properties": { "hex_id": 538499, "centroid_lon": -73.947556806578049, "centroid_lat": 45.370324881982889, "hours_count": 6.0, "datetimes_affected": "2026-01-06 12:37:52,2026-01-06 12:37:52,2026-01-06 12:37:52,2026-01-06 12:37:52,2026-01-06 12:37:52,2026-01-06 12:37:52" }, "geometry": { "type": "Polygon", "coordinates": [ [ [ -73.94122, 45.36767 ], [ -73.94112, 45.37286 ], [ -73.94746, 45.37552 ], [ -73.95389, 45.37298 ], [ -73.95399, 45.36779 ], [ -73.94765, 45.36513 ], [ -73.94122, 45.36767 ] ] ] } },
{ "type": "Feature", "properties": { "hex_id": 539109, "centroid_lon": -73.941318094984297, "centroid_lat": 45.362471810792329, "hours_count": 6.0, "datetimes_affected": "2026-01-06 12:37:52,2026-01-06 12:37:52,2026-01-06 12:37:52,2026-01-06 12:37:52,2026-01-06 12:37:52,2026-01-06 12:37:52" }, "geometry": { "type": "Polygon", "coordinates": [ [ [ -73.93498, 45.35981 ], [ -73.93489, 45.36501 ], [ -73.94122, 45.36767 ], [ -73.94765, 45.36513 ], [ -73.94775, 45.35993 ], [ -73.94142, 45.35728 ], [ -73.93498, 45.35981 ] ] ] } },
{ "type": "Feature", "properties": { "hex_id": 539719, "centroid_lon": -73.935081096090357, "centroid_lat": 45.354618403869623, "hours_count": 6.0, "datetimes_affected": "2026-01-06 12:37:52,2026-01-06 12:37:52,2026-01-06 12:37:52,2026-01-06 12:37:52,2026-01-06 12:37:52,2026-01-06 12:37:52" }, "geometry": { "type": "Polygon", "coordinates": [ [ [ -73.92875, 45.35196 ], [ -73.92865, 45.35716 ], [ -73.93498, 45.35981 ], [ -73.94142, 45.35728 ], [ -73.94151, 45.35208 ], [ -73.93518, 45.34942 ], [ -73.92875, 45.35196 ] ] ] } },
{ "type": "Feature", "properties": { "hex_id": 540330, "centroid_lon": -73.928551661515272, "centroid_lat": 45.362352754817323, "hours_count": 6.0, "datetimes_affected": "2026-01-06 12:37:52,2026-01-06 12:37:52,2026-01-06 12:37:52,2026-01-06 12:37:52,2026-01-06 12:37:52,2026-01-06 12:37:52" }, "geometry": { "type": "Polygon", "coordinates": [ [ [ -73.92222, 45.35969 ], [ -73.92212, 45.36489 ], [ -73.92845, 45.36755 ], [ -73.93489, 45.36501 ], [ -73.93498, 45.35981 ], [ -73.92865, 45.35716 ], [ -73.92222, 45.35969 ] ] ] } },
{ "type": "Feature", "properties": { "hex_id": 540940, "centroid_lon": -73.922316454550298, "centroid_lat": 45.354498666930468, "hours_count": 6.0, "datetimes_affected": "2026-01-06 12:37:52,2026-01-06 12:37:52,2026-01-06 12:37:52,2026-01-06 12:37:52,2026-01-06 12:37:52,2026-01-06 12:37:52" }, "geometry": { "type": "Polygon", "coordinates": [ [ [ -73.91598, 45.35184 ], [ -73.91588, 45.35704 ], [ -73.92222, 45.35969 ], [ -73.92865, 45.35716 ], [ -73.92875, 45.35196 ], [ -73.92242, 45.3493 ], [ -73.91598, 45.35184 ] ] ] } },
{ "type": "Feature", "properties": { "hex_id": 542183, "centroid_lon": -73.902905356281025, "centroid_lat": 45.697302685471186, "hours_count": 6.0, "datetimes_affected": "2026-01-04 01:48:42,2026-01-04 01:48:42,2026-01-04 01:48:42,2026-01-04 01:48:42,2026-01-04 01:48:42,2026-01-04 01:48:42" }, "geometry": { "type": "Polygon", "coordinates": [ [ [ -73.89654, 45.69464 ], [ -73.89643, 45.69984 ], [ -73.9028, 45.7025 ], [ -73.90928, 45.69996 ], [ -73.90938, 45.69477 ], [ -73.90301, 45.69211 ], [ -73.89654, 45.69464 ] ] ] } },
{ "type": "Feature", "properties": { "hex_id": 542793, "centroid_lon": -73.896637508775456, "centroid_lat": 45.689447338551197, "hours_count": 6.0, "datetimes_affected": "2026-01-04 01:48:42,2026-01-04 01:48:42,2026-01-04 01:48:42,2026-01-04 01:48:42,2026-01-04 01:48:42,2026-01-04 01:48:42" }, "geometry": { "type": "Polygon", "coordinates": [ [ [ -73.89027, 45.68679 ], [ -73.89017, 45.69198 ], [ -73.89654, 45.69464 ], [ -73.90301, 45.69211 ], [ -73.90311, 45.68691 ], [ -73.89674, 45.68425 ], [ -73.89027, 45.68679 ] ] ] } },
{ "type": "Feature", "properties": { "hex_id": 543403, "centroid_lon": -73.890371401937074, "centroid_lat": 45.681591653353927, "hours_count": 6.0, "datetimes_affected": "2026-01-04 01:48:42,2026-01-04 01:48:42,2026-01-04 01:48:42,2026-01-04 01:48:42,2026-01-04 01:48:42,2026-01-04 01:48:42" }, "geometry": { "type": "Polygon", "coordinates": [ [ [ -73.884, 45.67893 ], [ -73.8839, 45.68413 ], [ -73.89027, 45.68679 ], [ -73.89674, 45.68425 ], [ -73.89684, 45.67906 ], [ -73.89047, 45.6764 ], [ -73.884, 45.67893 ] ] ] } },
{ "type": "Feature", "properties": { "hex_id": 544014, "centroid_lon": -73.883797090647903, "centroid_lat": 45.689322594679979, "hours_count": 6.0, "datetimes_affected": "2026-01-04 01:48:42,2026-01-04 01:48:42,2026-01-04 01:48:42,2026-01-04 01:48:42,2026-01-04 01:48:42,2026-01-04 01:48:42" }, "geometry": { "type": "Polygon", "coordinates": [ [ [ -73.87743, 45.68666 ], [ -73.87732, 45.69186 ], [ -73.88369, 45.69452 ], [ -73.89017, 45.69198 ], [ -73.89027, 45.68679 ], [ -73.8839, 45.68413 ], [ -73.87743, 45.68666 ] ] ] } },
{ "type": "Feature", "properties": { "hex_id": 545219, "centroid_lon": -73.87594215539643, "centroid_lat": 45.439800740531361, "hours_count": 6.0, "datetimes_affected": "2026-01-04 01:48:42,2026-01-04 01:48:42,2026-01-04 01:48:42,2026-01-04 01:48:42,2026-01-04 01:48:42,2026-01-04 01:48:42" }, "geometry": { "type": "Polygon", "coordinates": [ [ [ -73.8696, 45.43714 ], [ -73.8695, 45.44234 ], [ -73.87584, 45.445 ], [ -73.88228, 45.44246 ], [ -73.88239, 45.43727 ], [ -73.87605, 45.4346 ], [ -73.8696, 45.43714 ] ] ] } },
{ "type": "Feature", "properties": { "hex_id": 545829, "centroid_lon": -73.869705977327015, "centroid_lat": 45.431943873466508, "hours_count": 6.0, "datetimes_affected": "2026-01-04 01:48:42,2026-01-04 01:48:42,2026-01-04 01:48:42,2026-01-04 01:48:42,2026-01-04 01:48:42,2026-01-04 01:48:42" }, "geometry": { "type": "Polygon", "coordinates": [ [ [ -73.86337, 45.42928 ], [ -73.86326, 45.43448 ], [ -73.8696, 45.43714 ], [ -73.87605, 45.4346 ], [ -73.87615, 45.42941 ], [ -73.86981, 45.42675 ], [ -73.86337, 45.42928 ] ] ] } },
{ "type": "Feature", "properties": { "hex_id": 546440, "centroid_lon": -73.863158575647631, "centroid_lat": 45.43967421004956, "hours_count": 6.0, "datetimes_affected": "2026-01-04 01:48:42,2026-01-04 01:48:42,2026-01-04 01:48:42,2026-01-04 01:48:42,2026-01-04 01:48:42,2026-01-04 01:48:42" }, "geometry": { "type": "Polygon", "coordinates": [ [ [ -73.85682, 45.43701 ], [ -73.85671, 45.44221 ], [ -73.86305, 45.44487 ], [ -73.8695, 45.44234 ], [ -73.8696, 45.43714 ], [ -73.86326, 45.43448 ], [ -73.85682, 45.43701 ] ] ] } },
{ "type": "Feature", "properties": { "hex_id": 547676, "centroid_lon": -73.845596984139121, "centroid_lat": 45.673352948426583, "hours_count": 12.0, "datetimes_affected": "2026-01-06 14:29:30,2026-01-06 14:29:30,2026-01-06 14:29:30,2026-01-06 14:29:30,2026-01-06 14:29:30,2026-01-06 14:29:30" }, "geometry": { "type": "Polygon", "coordinates": [ [ [ -73.83923, 45.67069 ], [ -73.83912, 45.67589 ], [ -73.84549, 45.67855 ], [ -73.85196, 45.67602 ], [ -73.85207, 45.67082 ], [ -73.8457, 45.66816 ], [ -73.83923, 45.67069 ] ] ] } },
{ "type": "Feature", "properties": { "hex_id": 548254, "centroid_lon": -73.849514741748905, "centroid_lat": 45.166695217758395, "hours_count": 18.0, "datetimes_affected": "2026-01-05 18:32:12,2026-01-05 18:32:12,2026-01-05 18:32:12,2026-01-05 18:32:12,2026-01-05 18:32:12,2026-01-05 18:32:12" }, "geometry": { "type": "Polygon", "coordinates": [ [ [ -73.84321, 45.16403 ], [ -73.8431, 45.16923 ], [ -73.84941, 45.17189 ], [ -73.85582, 45.16936 ], [ -73.85593, 45.16416 ], [ -73.84962, 45.1615 ], [ -73.84321, 45.16403 ] ] ] } },
{ "type": "Feature", "properties": { "hex_id": 548255, "centroid_lon": -73.849200788820738, "centroid_lat": 45.182283385310193, "hours_count": 18.0, "datetimes_affected": "2026-01-05 18:32:12,2026-01-05 18:32:12,2026-01-05 18:32:12,2026-01-05 18:32:12,2026-01-05 18:32:12,2026-01-05 18:32:12" }, "geometry": { "type": "Polygon", "coordinates": [ [ [ -73.84289, 45.17962 ], [ -73.84279, 45.18482 ], [ -73.8491, 45.18748 ], [ -73.85551, 45.18495 ], [ -73.85562, 45.17975 ], [ -73.84931, 45.17709 ], [ -73.84289, 45.17962 ] ] ] } },
{ "type": "Feature", "properties": { "hex_id": 548256, "centroid_lon": -73.84888657956671, "centroid_lat": 45.197871508419155, "hours_count": 18.0, "datetimes_affected": "2026-01-05 18:32:12,2026-01-05 18:32:12,2026-01-05 18:32:12,2026-01-05 18:32:12,2026-01-05 18:32:12,2026-01-05 18:32:12" }, "geometry": { "type": "Polygon", "coordinates": [ [ [ -73.84257, 45.19521 ], [ -73.84247, 45.20041 ], [ -73.84878, 45.20307 ], [ -73.8552, 45.20053 ], [ -73.8553, 45.19534 ], [ -73.84899, 45.19268 ], [ -73.84257, 45.19521 ] ] ] } },
{ "type": "Feature", "properties": { "hex_id": 548286, "centroid_lon": -73.839339827402299, "centroid_lat": 45.665494528473282, "hours_count": 12.0, "datetimes_affected": "2026-01-06 14:29:30,2026-01-06 14:29:30,2026-01-06 14:29:30,2026-01-06 14:29:30,2026-01-06 14:29:30,2026-01-06 14:29:30" }, "geometry": { "type": "Polygon", "coordinates": [ [ [ -73.83298, 45.66283 ], [ -73.83287, 45.66803 ], [ -73.83923, 45.67069 ], [ -73.8457, 45.66816 ], [ -73.84581, 45.66296 ], [ -73.83945, 45.6603 ], [ -73.83298, 45.66283 ] ] ] } },
{ "type": "Feature", "properties": { "hex_id": 548287, "centroid_lon": -73.839017543241425, "centroid_lat": 45.681081273138126, "hours_count": 12.0, "datetimes_affected": "2026-01-06 14:29:30,2026-01-06 14:29:30,2026-01-06 14:29:30,2026-01-06 14:29:30,2026-01-06 14:29:30,2026-01-06 14:29:30" }, "geometry": { "type": "Polygon", "coordinates": [ [ [ -73.83265, 45.67842 ], [ -73.83254, 45.68361 ], [ -73.83891, 45.68628 ], [ -73.84538, 45.68374 ], [ -73.84549, 45.67855 ], [ -73.83912, 45.67589 ], [ -73.83265, 45.67842 ] ] ] } },
{ "type": "Feature", "properties": { "hex_id": 548865, "centroid_lon": -73.842995803634665, "centroid_lat": 45.174425026041718, "hours_count": 18.0, "datetimes_affected": "2026-01-05 18:32:12,2026-01-05 18:32:12,2026-01-05 18:32:12,2026-01-05 18:32:12,2026-01-05 18:32:12,2026-01-05 18:32:12" }, "geometry": { "type": "Polygon", "coordinates": [ [ [ -73.83669, 45.17176 ], [ -73.83658, 45.17696 ], [ -73.84289, 45.17962 ], [ -73.84931, 45.17709 ], [ -73.84941, 45.17189 ], [ -73.8431, 45.16923 ], [ -73.83669, 45.17176 ] ] ] } },
{ "type": "Feature", "properties": { "hex_id": 548866, "centroid_lon": -73.842679986938066, "centroid_lat": 45.190013136620024, "hours_count": 18.0, "datetimes_affected": "2026-01-05 18:32:12,2026-01-05 18:32:12,2026-01-05 18:32:12,2026-01-05 18:32:12,2026-01-05 18:32:12,2026-01-05 18:32:12" }, "geometry": { "type": "Polygon", "coordinates": [ [ [ -73.83637, 45.18735 ], [ -73.83626, 45.19255 ], [ -73.84257, 45.19521 ], [ -73.84899, 45.19268 ], [ -73.8491, 45.18748 ], [ -73.84279, 45.18482 ], [ -73.83637, 45.18735 ] ] ] } },
{ "type": "Feature", "properties": { "hex_id": 548867, "centroid_lon": -73.842363912371255, "centroid_lat": 45.205601202735892, "hours_count": 18.0, "datetimes_affected": "2026-01-05 18:32:12,2026-01-05 18:32:12,2026-01-05 18:32:12,2026-01-05 18:32:12,2026-01-05 18:32:12,2026-01-05 18:32:12" }, "geometry": { "type": "Polygon", "coordinates": [ [ [ -73.83605, 45.20294 ], [ -73.83595, 45.20813 ], [ -73.84226, 45.2108 ], [ -73.84868, 45.20826 ], [ -73.84878, 45.20307 ], [ -73.84247, 45.20041 ], [ -73.83605, 45.20294 ] ] ] } },
{ "type": "Feature", "properties": { "hex_id": 548897, "centroid_lon": -73.832760474693728, "centroid_lat": 45.673222503809093, "hours_count": 12.0, "datetimes_affected": "2026-01-06 14:29:30,2026-01-06 14:29:30,2026-01-06 14:29:30,2026-01-06 14:29:30,2026-01-06 14:29:30,2026-01-06 14:29:30" }, "geometry": { "type": "Polygon", "coordinates": [ [ [ -73.8264, 45.67056 ], [ -73.82629, 45.67575 ], [ -73.83265, 45.67842 ], [ -73.83912, 45.67589 ], [ -73.83923, 45.67069 ], [ -73.83287, 45.66803 ], [ -73.8264, 45.67056 ] ] ] } },
{ "type": "Feature", "properties": { "hex_id": 548898, "centroid_lon": -73.832436276541827, "centroid_lat": 45.688809190865634, "hours_count": 12.0, "datetimes_affected": "2026-01-06 14:29:30,2026-01-06 14:29:30,2026-01-06 14:29:30,2026-01-06 14:29:30,2026-01-06 14:29:30,2026-01-06 14:29:30" }, "geometry": { "type": "Polygon", "coordinates": [ [ [ -73.82607, 45.68615 ], [ -73.82596, 45.69134 ], [ -73.83233, 45.694 ], [ -73.8388, 45.69147 ], [ -73.83891, 45.68628 ], [ -73.83254, 45.68361 ], [ -73.82607, 45.68615 ] ] ] } },
{ "type": "Feature", "properties": { "hex_id": 549475, "centroid_lon": -73.83679251043219, "centroid_lat": 45.166566336181603, "hours_count": 6.0, "datetimes_affected": "2026-01-05 23:51:28,2026-01-05 23:51:28,2026-01-05 23:51:28,2026-01-05 23:51:28,2026-01-05 23:51:28,2026-01-05 23:51:28" }, "geometry": { "type": "Polygon", "coordinates": [ [ [ -73.83048, 45.1639 ], [ -73.83038, 45.1691 ], [ -73.83669, 45.17176 ], [ -73.8431, 45.16923 ], [ -73.84321, 45.16403 ], [ -73.8369, 45.16137 ], [ -73.83048, 45.1639 ] ] ] } },
{ "type": "Feature", "properties": { "hex_id": 549476, "centroid_lon": -73.836475087665846, "centroid_lat": 45.182154434056187, "hours_count": 18.0, "datetimes_affected": "2026-01-05 18:32:12,2026-01-05 18:32:12,2026-01-05 18:32:12,2026-01-05 18:32:12,2026-01-05 18:32:12,2026-01-05 18:32:12" }, "geometry": { "type": "Polygon", "coordinates": [ [ [ -73.83017, 45.17949 ], [ -73.83006, 45.18469 ], [ -73.83637, 45.18735 ], [ -73.84279, 45.18482 ], [ -73.84289, 45.17962 ], [ -73.83658, 45.17696 ], [ -73.83017, 45.17949 ] ] ] } },
{ "type": "Feature", "properties": { "hex_id": 549477, "centroid_lon": -73.83615740574227, "centroid_lat": 45.197742487450213, "hours_count": 18.0, "datetimes_affected": "2026-01-05 18:32:12,2026-01-05 18:32:12,2026-01-05 18:32:12,2026-01-05 18:32:12,2026-01-05 18:32:12,2026-01-05 18:32:12" }, "geometry": { "type": "Polygon", "coordinates": [ [ [ -73.82985, 45.19508 ], [ -73.82974, 45.20028 ], [ -73.83605, 45.20294 ], [ -73.84247, 45.20041 ], [ -73.84257, 45.19521 ], [ -73.83626, 45.19255 ], [ -73.82985, 45.19508 ] ] ] } },
{ "type": "Feature", "properties": { "hex_id": 549478, "centroid_lon": -73.835839464402625, "centroid_lat": 45.213330496362154, "hours_count": 6.0, "datetimes_affected": "2026-01-05 23:51:28,2026-01-05 23:51:28,2026-01-05 23:51:28,2026-01-05 23:51:28,2026-01-05 23:51:28,2026-01-05 23:51:28" }, "geometry": { "type": "Polygon", "coordinates": [ [ [ -73.82953, 45.21067 ], [ -73.82942, 45.21586 ], [ -73.83573, 45.21853 ], [ -73.84215, 45.21599 ], [ -73.84226, 45.2108 ], [ -73.83595, 45.20813 ], [ -73.82953, 45.21067 ] ] ] } },
{ "type": "Feature", "properties": { "hex_id": 549507, "centroid_lon": -73.826505142739833, "centroid_lat": 45.665363398311769, "hours_count": 12.0, "datetimes_affected": "2026-01-06 14:29:30,2026-01-06 14:29:30,2026-01-06 14:29:30,2026-01-06 14:29:30,2026-01-06 14:29:30,2026-01-06 14:29:30" }, "geometry": { "type": "Polygon", "coordinates": [ [ [ -73.82014, 45.6627 ], [ -73.82003, 45.6679 ], [ -73.8264, 45.67056 ], [ -73.83287, 45.66803 ], [ -73.83298, 45.66283 ], [ -73.82661, 45.66017 ], [ -73.82014, 45.6627 ] ] ] } },
{ "type": "Feature", "properties": { "hex_id": 549508, "centroid_lon": -73.826179296715154, "centroid_lat": 45.68095007207171, "hours_count": 12.0, "datetimes_affected": "2026-01-06 14:29:30,2026-01-06 14:29:30,2026-01-06 14:29:30,2026-01-06 14:29:30,2026-01-06 14:29:30,2026-01-06 14:29:30" }, "geometry": { "type": "Polygon", "coordinates": [ [ [ -73.81981, 45.67829 ], [ -73.81971, 45.68348 ], [ -73.82607, 45.68615 ], [ -73.83254, 45.68361 ], [ -73.83265, 45.67842 ], [ -73.82629, 45.67575 ], [ -73.81981, 45.67829 ] ] ] } },
{ "type": "Feature", "properties": { "hex_id": 549509, "centroid_lon": -73.825853183065462, "centroid_lat": 45.696536701305298, "hours_count": 12.0, "datetimes_affected": "2026-01-06 14:29:30,2026-01-06 14:29:30,2026-01-06 14:29:30,2026-01-06 14:29:30,2026-01-06 14:29:30,2026-01-06 14:29:30" }, "geometry": { "type": "Polygon", "coordinates": [ [ [ -73.81949, 45.69387 ], [ -73.81938, 45.69907 ], [ -73.82574, 45.70173 ], [ -73.83222, 45.6992 ], [ -73.83233, 45.694 ], [ -73.82596, 45.69134 ], [ -73.81949, 45.69387 ] ] ] } },
{ "type": "Feature", "properties": { "hex_id": 550086, "centroid_lon": -73.830271880806023, "centroid_lat": 45.174295401004102, "hours_count": 6.0, "datetimes_affected": "2026-01-05 23:51:28,2026-01-05 23:51:28,2026-01-05 23:51:28,2026-01-05 23:51:28,2026-01-05 23:51:28,2026-01-05 23:51:28" }, "geometry": { "type": "Polygon", "coordinates": [ [ [ -73.82396, 45.17163 ], [ -73.82386, 45.17683 ], [ -73.83017, 45.17949 ], [ -73.83658, 45.17696 ], [ -73.83669, 45.17176 ], [ -73.83038, 45.1691 ], [ -73.82396, 45.17163 ] ] ] } },
{ "type": "Feature", "properties": { "hex_id": 550087, "centroid_lon": -73.82995259289892, "centroid_lat": 45.189883441503383, "hours_count": 18.0, "datetimes_affected": "2026-01-05 18:32:12,2026-01-05 18:32:12,2026-01-05 18:32:12,2026-01-05 18:32:12,2026-01-05 18:32:12,2026-01-05 18:32:12" }, "geometry": { "type": "Polygon", "coordinates": [ [ [ -73.82364, 45.18722 ], [ -73.82354, 45.19242 ], [ -73.82985, 45.19508 ], [ -73.83626, 45.19255 ], [ -73.83637, 45.18735 ], [ -73.83006, 45.18469 ], [ -73.82364, 45.18722 ] ] ] } },
{ "type": "Feature", "properties": { "hex_id": 550088, "centroid_lon": -73.82963304428884, "centroid_lat": 45.205471437502283, "hours_count": 18.0, "datetimes_affected": "2026-01-05 18:32:12,2026-01-05 18:32:12,2026-01-05 18:32:12,2026-01-05 18:32:12,2026-01-05 18:32:12,2026-01-05 18:32:12" }, "geometry": { "type": "Polygon", "coordinates": [ [ [ -73.82332, 45.20281 ], [ -73.82321, 45.208 ], [ -73.82953, 45.21067 ], [ -73.83595, 45.20813 ], [ -73.83605, 45.20294 ], [ -73.82974, 45.20028 ], [ -73.82332, 45.20281 ] ] ] } },
{ "type": "Feature", "properties": { "hex_id": 550118, "centroid_lon": -73.819924053924495, "centroid_lat": 45.673090617214939, "hours_count": 12.0, "datetimes_affected": "2026-01-06 14:29:30,2026-01-06 14:29:30,2026-01-06 14:29:30,2026-01-06 14:29:30,2026-01-06 14:29:30,2026-01-06 14:29:30" }, "geometry": { "type": "Polygon", "coordinates": [ [ [ -73.81356, 45.67043 ], [ -73.81345, 45.67562 ], [ -73.81981, 45.67829 ], [ -73.82629, 45.67575 ], [ -73.8264, 45.67056 ], [ -73.82003, 45.6679 ], [ -73.81356, 45.67043 ] ] ] } },
{ "type": "Feature", "properties": { "hex_id": 550119, "centroid_lon": -73.819596292492236, "centroid_lat": 45.688677232957382, "hours_count": 12.0, "datetimes_affected": "2026-01-06 14:29:30,2026-01-06 14:29:30,2026-01-06 14:29:30,2026-01-06 14:29:30,2026-01-06 14:29:30,2026-01-06 14:29:30" }, "geometry": { "type": "Polygon", "coordinates": [ [ [ -73.81323, 45.68601 ], [ -73.81312, 45.69121 ], [ -73.81949, 45.69387 ], [ -73.82596, 45.69134 ], [ -73.82607, 45.68615 ], [ -73.81971, 45.68348 ], [ -73.81323, 45.68601 ] ] ] } },
{ "type": "Feature", "properties": { "hex_id": 550697, "centroid_lon": -73.823749472896708, "centroid_lat": 45.182024065171795, "hours_count": 6.0, "datetimes_affected": "2026-01-05 23:51:28,2026-01-05 23:51:28,2026-01-05 23:51:28,2026-01-05 23:51:28,2026-01-05 23:51:28,2026-01-05 23:51:28" }, "geometry": { "type": "Polygon", "coordinates": [ [ [ -73.81744, 45.17936 ], [ -73.81733, 45.18456 ], [ -73.82364, 45.18722 ], [ -73.83006, 45.18469 ], [ -73.83017, 45.17949 ], [ -73.82386, 45.17683 ], [ -73.81744, 45.17936 ] ] ] } },
{ "type": "Feature", "properties": { "hex_id": 550698, "centroid_lon": -73.823428318389858, "centroid_lat": 45.197612048084792, "hours_count": 6.0, "datetimes_affected": "2026-01-05 23:51:28,2026-01-05 23:51:28,2026-01-05 23:51:28,2026-01-05 23:51:28,2026-01-05 23:51:28,2026-01-05 23:51:28" }, "geometry": { "type": "Polygon", "coordinates": [ [ [ -73.81712, 45.19495 ], [ -73.81701, 45.20014 ], [ -73.82332, 45.20281 ], [ -73.82974, 45.20028 ], [ -73.82985, 45.19508 ], [ -73.82354, 45.19242 ], [ -73.81712, 45.19495 ] ] ] } },
{ "type": "Feature", "properties": { "hex_id": 550699, "centroid_lon": -73.823106901632841, "centroid_lat": 45.213199986477534, "hours_count": 18.0, "datetimes_affected": "2026-01-05 18:32:12,2026-01-05 18:32:12,2026-01-05 18:32:12,2026-01-05 18:32:12,2026-01-05 18:32:12,2026-01-05 18:32:12" }, "geometry": { "type": "Polygon", "coordinates": [ [ [ -73.81679, 45.21054 ], [ -73.81669, 45.21573 ], [ -73.823, 45.2184 ], [ -73.82942, 45.21586 ], [ -73.82953, 45.21067 ], [ -73.82321, 45.208 ], [ -73.81679, 45.21054 ] ] ] } },
{ "type": "Feature", "properties": { "hex_id": 550717, "centroid_lon": -73.817276254689901, "centroid_lat": 45.493775262779621, "hours_count": 108.0, "datetimes_affected": "2026-01-03 08:39:49,2026-01-03 08:39:49,2026-01-03 08:39:49,2026-01-03 08:39:49,2026-01-03 08:39:49,2026-01-03 08:39:49" }, "geometry": { "type": "Polygon", "coordinates": [ [ [ -73.81093, 45.49111 ], [ -73.81082, 45.49631 ], [ -73.81717, 45.49897 ], [ -73.82362, 45.49644 ], [ -73.82373, 45.49124 ], [ -73.81739, 45.48858 ], [ -73.81093, 45.49111 ] ] ] } },
{ "type": "Feature", "properties": { "hex_id": 550728, "centroid_lon": -73.813670547195528, "centroid_lat": 45.665230826576199, "hours_count": 12.0, "datetimes_affected": "2026-01-06 14:29:30,2026-01-06 14:29:30,2026-01-06 14:29:30,2026-01-06 14:29:30,2026-01-06 14:29:30,2026-01-06 14:29:30" }, "geometry": { "type": "Polygon", "coordinates": [ [ [ -73.80731, 45.66257 ], [ -73.8072, 45.66776 ], [ -73.81356, 45.67043 ], [ -73.82003, 45.6679 ], [ -73.82014, 45.6627 ], [ -73.81378, 45.66004 ], [ -73.80731, 45.66257 ] ] ] } },
{ "type": "Feature", "properties": { "hex_id": 550729, "centroid_lon": -73.813341139397181, "centroid_lat": 45.680817428652098, "hours_count": 12.0, "datetimes_affected": "2026-01-06 14:29:30,2026-01-06 14:29:30,2026-01-06 14:29:30,2026-01-06 14:29:30,2026-01-06 14:29:30,2026-01-06 14:29:30" }, "geometry": { "type": "Polygon", "coordinates": [ [ [ -73.80698, 45.67815 ], [ -73.80687, 45.68335 ], [ -73.81323, 45.68601 ], [ -73.81971, 45.68348 ], [ -73.81981, 45.67829 ], [ -73.81345, 45.67562 ], [ -73.80698, 45.67815 ] ] ] } },
{ "type": "Feature", "properties": { "hex_id": 550730, "centroid_lon": -73.813011461050152, "centroid_lat": 45.696403986162139, "hours_count": 12.0, "datetimes_affected": "2026-01-06 14:29:30,2026-01-06 14:29:30,2026-01-06 14:29:30,2026-01-06 14:29:30,2026-01-06 14:29:30,2026-01-06 14:29:30" }, "geometry": { "type": "Polygon", "coordinates": [ [ [ -73.80665, 45.69374 ], [ -73.80654, 45.69893 ], [ -73.8129, 45.7016 ], [ -73.81938, 45.69907 ], [ -73.81949, 45.69387 ], [ -73.81312, 45.69121 ], [ -73.80665, 45.69374 ] ] ] } },
{ "type": "Feature", "properties": { "hex_id": 551307, "centroid_lon": -73.81754804479165, "centroid_lat": 45.174164358731765, "hours_count": 6.0, "datetimes_affected": "2026-01-05 23:51:28,2026-01-05 23:51:28,2026-01-05 23:51:28,2026-01-05 23:51:28,2026-01-05 23:51:28,2026-01-05 23:51:28" }, "geometry": { "type": "Polygon", "coordinates": [ [ [ -73.81124, 45.1715 ], [ -73.81113, 45.1767 ], [ -73.81744, 45.17936 ], [ -73.82386, 45.17683 ], [ -73.82396, 45.17163 ], [ -73.81766, 45.16897 ], [ -73.81124, 45.1715 ] ] ] } },
{ "type": "Feature", "properties": { "hex_id": 551308, "centroid_lon": -73.817225285760728, "centroid_lat": 45.189752328386149, "hours_count": 6.0, "datetimes_affected": "2026-01-05 23:51:28,2026-01-05 23:51:28,2026-01-05 23:51:28,2026-01-05 23:51:28,2026-01-05 23:51:28,2026-01-05 23:51:28" }, "geometry": { "type": "Polygon", "coordinates": [ [ [ -73.81092, 45.18709 ], [ -73.81081, 45.19228 ], [ -73.81712, 45.19495 ], [ -73.82354, 45.19242 ], [ -73.82364, 45.18722 ], [ -73.81733, 45.18456 ], [ -73.81092, 45.18709 ] ] ] } },
{ "type": "Feature", "properties": { "hex_id": 551309, "centroid_lon": -73.816902263194237, "centroid_lat": 45.205340253501795, "hours_count": 6.0, "datetimes_affected": "2026-01-05 23:51:28,2026-01-05 23:51:28,2026-01-05 23:51:28,2026-01-05 23:51:28,2026-01-05 23:51:28,2026-01-05 23:51:28" }, "geometry": { "type": "Polygon", "coordinates": [ [ [ -73.81059, 45.20268 ], [ -73.81048, 45.20787 ], [ -73.81679, 45.21054 ], [ -73.82321, 45.208 ], [ -73.82332, 45.20281 ], [ -73.81701, 45.20014 ], [ -73.81059, 45.20268 ] ] ] } },
{ "type": "Feature", "properties": { "hex_id": 551339, "centroid_lon": -73.80708772280552, "centroid_lat": 45.672957288670368, "hours_count": 12.0, "datetimes_affected": "2026-01-06 14:29:30,2026-01-06 14:29:30,2026-01-06 14:29:30,2026-01-06 14:29:30,2026-01-06 14:29:30,2026-01-06 14:29:30" }, "geometry": { "type": "Polygon", "coordinates": [ [ [ -73.80073, 45.67029 ], [ -73.80061, 45.67549 ], [ -73.80698, 45.67815 ], [ -73.81345, 45.67562 ], [ -73.81356, 45.67043 ], [ -73.8072, 45.66776 ], [ -73.80073, 45.67029 ] ] ] } },
{ "type": "Feature", "properties": { "hex_id": 551340, "centroid_lon": -73.806756398183609, "centroid_lat": 45.688543832319347, "hours_count": 12.0, "datetimes_affected": "2026-01-06 14:29:30,2026-01-06 14:29:30,2026-01-06 14:29:30,2026-01-06 14:29:30,2026-01-06 14:29:30,2026-01-06 14:29:30" }, "geometry": { "type": "Polygon", "coordinates": [ [ [ -73.80039, 45.68588 ], [ -73.80028, 45.69107 ], [ -73.80665, 45.69374 ], [ -73.81312, 45.69121 ], [ -73.81323, 45.68601 ], [ -73.80687, 45.68335 ], [ -73.80039, 45.68588 ] ] ] } },
{ "type": "Feature", "properties": { "hex_id": 551918, "centroid_lon": -73.811023945457023, "centroid_lat": 45.181892278682625, "hours_count": 6.0, "datetimes_affected": "2026-01-05 23:51:28,2026-01-05 23:51:28,2026-01-05 23:51:28,2026-01-05 23:51:28,2026-01-05 23:51:28,2026-01-05 23:51:28" }, "geometry": { "type": "Polygon", "coordinates": [ [ [ -73.80472, 45.17923 ], [ -73.80461, 45.18442 ], [ -73.81092, 45.18709 ], [ -73.81733, 45.18456 ], [ -73.81744, 45.17936 ], [ -73.81113, 45.1767 ], [ -73.80472, 45.17923 ] ] ] } },
{ "type": "Feature", "properties": { "hex_id": 551919, "centroid_lon": -73.810699318454155, "centroid_lat": 45.197480190348521, "hours_count": 6.0, "datetimes_affected": "2026-01-05 23:51:28,2026-01-05 23:51:28,2026-01-05 23:51:28,2026-01-05 23:51:28,2026-01-05 23:51:28,2026-01-05 23:51:28" }, "geometry": { "type": "Polygon", "coordinates": [ [ [ -73.80439, 45.19482 ], [ -73.80428, 45.20001 ], [ -73.81059, 45.20268 ], [ -73.81701, 45.20014 ], [ -73.81712, 45.19495 ], [ -73.81081, 45.19228 ], [ -73.80439, 45.19482 ] ] ] } },
{ "type": "Feature", "properties": { "hex_id": 551938, "centroid_lon": -73.804480735632026, "centroid_lat": 45.493642043968805, "hours_count": 72.0, "datetimes_affected": "2026-01-03 08:39:49,2026-01-03 08:39:49,2026-01-03 08:39:49,2026-01-03 08:39:49,2026-01-03 08:39:49,2026-01-03 08:39:49" }, "geometry": { "type": "Polygon", "coordinates": [ [ [ -73.79814, 45.49098 ], [ -73.79803, 45.49617 ], [ -73.80437, 45.49884 ], [ -73.81082, 45.49631 ], [ -73.81093, 45.49111 ], [ -73.80459, 45.48845 ], [ -73.79814, 45.49098 ] ] ] } },
{ "type": "Feature", "properties": { "hex_id": 552529, "centroid_lon": -73.804498066467715, "centroid_lat": 45.189619797294057, "hours_count": 6.0, "datetimes_affected": "2026-01-05 23:51:28,2026-01-05 23:51:28,2026-01-05 23:51:28,2026-01-05 23:51:28,2026-01-05 23:51:28,2026-01-05 23:51:28" }, "geometry": { "type": "Polygon", "coordinates": [ [ [ -73.79819, 45.18695 ], [ -73.79808, 45.19215 ], [ -73.80439, 45.19482 ], [ -73.81081, 45.19228 ], [ -73.81092, 45.18709 ], [ -73.80461, 45.18442 ], [ -73.79819, 45.18695 ] ] ] } },
{ "type": "Feature", "properties": { "hex_id": 552530, "centroid_lon": -73.804171570032551, "centroid_lat": 45.205207650760194, "hours_count": 6.0, "datetimes_affected": "2026-01-05 23:51:28,2026-01-05 23:51:28,2026-01-05 23:51:28,2026-01-05 23:51:28,2026-01-05 23:51:28,2026-01-05 23:51:28" }, "geometry": { "type": "Polygon", "coordinates": [ [ [ -73.79786, 45.20254 ], [ -73.79775, 45.20774 ], [ -73.80406, 45.2104 ], [ -73.81048, 45.20787 ], [ -73.81059, 45.20268 ], [ -73.80428, 45.20001 ], [ -73.79786, 45.20254 ] ] ] } },
{ "type": "Feature", "properties": { "hex_id": 552559, "centroid_lon": -73.794586095235729, "centroid_lat": 45.657236002800474, "hours_count": 192.0, "datetimes_affected": "2026-01-02 08:44:39,2026-01-02 08:44:39,2026-01-02 08:44:39,2026-01-02 08:44:39,2026-01-02 08:44:39,2026-01-02 08:44:39" }, "geometry": { "type": "Polygon", "coordinates": [ [ [ -73.78823, 45.65457 ], [ -73.78811, 45.65977 ], [ -73.79447, 45.66243 ], [ -73.80095, 45.6599 ], [ -73.80106, 45.65471 ], [ -73.7947, 45.65204 ], [ -73.78823, 45.65457 ] ] ] } },
{ "type": "Feature", "properties": { "hex_id": 553140, "centroid_lon": -73.797970406879799, "centroid_lat": 45.1973469142673, "hours_count": 6.0, "datetimes_affected": "2026-01-05 23:51:28,2026-01-05 23:51:28,2026-01-05 23:51:28,2026-01-05 23:51:28,2026-01-05 23:51:28,2026-01-05 23:51:28" }, "geometry": { "type": "Polygon", "coordinates": [ [ [ -73.79166, 45.19468 ], [ -73.79155, 45.19988 ], [ -73.79786, 45.20254 ], [ -73.80428, 45.20001 ], [ -73.80439, 45.19482 ], [ -73.79808, 45.19215 ], [ -73.79166, 45.19468 ] ] ] } },
{ "type": "Feature", "properties": { "hex_id": 553750, "centroid_lon": -73.791770935964053, "centroid_lat": 45.189485848253149, "hours_count": 6.0, "datetimes_affected": "2026-01-05 23:51:28,2026-01-05 23:51:28,2026-01-05 23:51:28,2026-01-05 23:51:28,2026-01-05 23:51:28,2026-01-05 23:51:28" }, "geometry": { "type": "Polygon", "coordinates": [ [ [ -73.78546, 45.18682 ], [ -73.78535, 45.19202 ], [ -73.79166, 45.19468 ], [ -73.79808, 45.19215 ], [ -73.79819, 45.18695 ], [ -73.79188, 45.18429 ], [ -73.78546, 45.18682 ] ] ] } },
{ "type": "Feature", "properties": { "hex_id": 554361, "centroid_lon": -73.785241584611441, "centroid_lat": 45.197212219867303, "hours_count": 6.0, "datetimes_affected": "2026-01-05 23:51:28,2026-01-05 23:51:28,2026-01-05 23:51:28,2026-01-05 23:51:28,2026-01-05 23:51:28,2026-01-05 23:51:28" }, "geometry": { "type": "Polygon", "coordinates": [ [ [ -73.77893, 45.19455 ], [ -73.77882, 45.19974 ], [ -73.78513, 45.20241 ], [ -73.79155, 45.19988 ], [ -73.79166, 45.19468 ], [ -73.78535, 45.19202 ], [ -73.77893, 45.19455 ] ] ] } },
{ "type": "Feature", "properties": { "hex_id": 554403, "centroid_lon": -73.771067696743316, "centroid_lat": 45.851858100729793, "hours_count": 6.0, "datetimes_affected": "2026-01-06 03:48:22,2026-01-06 03:48:22,2026-01-06 03:48:22,2026-01-06 03:48:22,2026-01-06 03:48:22,2026-01-06 03:48:22" }, "geometry": { "type": "Polygon", "coordinates": [ [ [ -73.76469, 45.84919 ], [ -73.76457, 45.85439 ], [ -73.77095, 45.85705 ], [ -73.77745, 45.85452 ], [ -73.77756, 45.84933 ], [ -73.77118, 45.84666 ], [ -73.76469, 45.84919 ] ] ] } },
{ "type": "Feature", "properties": { "hex_id": 555013, "centroid_lon": -73.764801629290758, "centroid_lat": 45.843995742031346, "hours_count": 6.0, "datetimes_affected": "2026-01-06 03:48:22,2026-01-06 03:48:22,2026-01-06 03:48:22,2026-01-06 03:48:22,2026-01-06 03:48:22,2026-01-06 03:48:22" }, "geometry": { "type": "Polygon", "coordinates": [ [ [ -73.75842, 45.84133 ], [ -73.75831, 45.84652 ], [ -73.76469, 45.84919 ], [ -73.77118, 45.84666 ], [ -73.7713, 45.84147 ], [ -73.76492, 45.8388 ], [ -73.75842, 45.84133 ] ] ] } },
{ "type": "Feature", "properties": { "hex_id": 555014, "centroid_lon": -73.764456509798322, "centroid_lat": 45.859581572854943, "hours_count": 6.0, "datetimes_affected": "2026-01-06 03:48:22,2026-01-06 03:48:22,2026-01-06 03:48:22,2026-01-06 03:48:22,2026-01-06 03:48:22,2026-01-06 03:48:22" }, "geometry": { "type": "Polygon", "coordinates": [ [ [ -73.75807, 45.85691 ], [ -73.75796, 45.86211 ], [ -73.76434, 45.86478 ], [ -73.77084, 45.86225 ], [ -73.77095, 45.85705 ], [ -73.76457, 45.85439 ], [ -73.75807, 45.85691 ] ] ] } },
{ "type": "Feature", "properties": { "hex_id": 555624, "centroid_lon": -73.758190536988693, "centroid_lat": 45.851718862629774, "hours_count": 12.0, "datetimes_affected": "2026-01-06 02:38:25,2026-01-06 02:38:25,2026-01-06 02:38:25,2026-01-06 02:38:25,2026-01-06 02:38:25,2026-01-06 02:38:25" }, "geometry": { "type": "Polygon", "coordinates": [ [ [ -73.75181, 45.84905 ], [ -73.75169, 45.85425 ], [ -73.75807, 45.85691 ], [ -73.76457, 45.85439 ], [ -73.76469, 45.84919 ], [ -73.75831, 45.84652 ], [ -73.75181, 45.84905 ] ] ] } },
{ "type": "Feature", "properties": { "hex_id": 555625, "centroid_lon": -73.757843477169359, "centroid_lat": 45.867304633344631, "hours_count": 6.0, "datetimes_affected": "2026-01-06 03:48:22,2026-01-06 03:48:22,2026-01-06 03:48:22,2026-01-06 03:48:22,2026-01-06 03:48:22,2026-01-06 03:48:22" }, "geometry": { "type": "Polygon", "coordinates": [ [ [ -73.75146, 45.86464 ], [ -73.75135, 45.86983 ], [ -73.75773, 45.8725 ], [ -73.76423, 45.86997 ], [ -73.76434, 45.86478 ], [ -73.75796, 45.86211 ], [ -73.75146, 45.86464 ] ] ] } },
{ "type": "Feature", "properties": { "hex_id": 556234, "centroid_lon": -73.751926314186491, "centroid_lat": 45.843855816349105, "hours_count": 12.0, "datetimes_affected": "2026-01-06 02:38:25,2026-01-06 02:38:25,2026-01-06 02:38:25,2026-01-06 02:38:25,2026-01-06 02:38:25,2026-01-06 02:38:25" }, "geometry": { "type": "Polygon", "coordinates": [ [ [ -73.74555, 45.84119 ], [ -73.74543, 45.84638 ], [ -73.75181, 45.84905 ], [ -73.75831, 45.84652 ], [ -73.75842, 45.84133 ], [ -73.75204, 45.83866 ], [ -73.74555, 45.84119 ] ] ] } },
{ "type": "Feature", "properties": { "hex_id": 556235, "centroid_lon": -73.751577599543623, "centroid_lat": 45.859441571503609, "hours_count": 6.0, "datetimes_affected": "2026-01-06 03:48:22,2026-01-06 03:48:22,2026-01-06 03:48:22,2026-01-06 03:48:22,2026-01-06 03:48:22,2026-01-06 03:48:22" }, "geometry": { "type": "Polygon", "coordinates": [ [ [ -73.7452, 45.85677 ], [ -73.74508, 45.86197 ], [ -73.75146, 45.86464 ], [ -73.75796, 45.86211 ], [ -73.75807, 45.85691 ], [ -73.75169, 45.85425 ], [ -73.7452, 45.85677 ] ] ] } },
{ "type": "Feature", "properties": { "hex_id": 556844, "centroid_lon": -73.745663840406706, "centroid_lat": 45.835992434294809, "hours_count": 6.0, "datetimes_affected": "2026-01-06 02:38:25,2026-01-06 02:38:25,2026-01-06 02:38:25,2026-01-06 02:38:25,2026-01-06 02:38:25,2026-01-06 02:38:25" }, "geometry": { "type": "Polygon", "coordinates": [ [ [ -73.73929, 45.83332 ], [ -73.73917, 45.83852 ], [ -73.74555, 45.84119 ], [ -73.75204, 45.83866 ], [ -73.75216, 45.83347 ], [ -73.74578, 45.8308 ], [ -73.73929, 45.83332 ] ] ] } },
{ "type": "Feature", "properties": { "hex_id": 556845, "centroid_lon": -73.745313472369631, "centroid_lat": 45.851578173713698, "hours_count": 12.0, "datetimes_affected": "2026-01-06 02:38:25,2026-01-06 02:38:25,2026-01-06 02:38:25,2026-01-06 02:38:25,2026-01-06 02:38:25,2026-01-06 02:38:25" }, "geometry": { "type": "Polygon", "coordinates": [ [ [ -73.73893, 45.84891 ], [ -73.73882, 45.8541 ], [ -73.7452, 45.85677 ], [ -73.75169, 45.85425 ], [ -73.75181, 45.84905 ], [ -73.74543, 45.84638 ], [ -73.73893, 45.84891 ] ] ] } },
{ "type": "Feature", "properties": { "hex_id": 556846, "centroid_lon": -73.744962815970069, "centroid_lat": 45.867163868346417, "hours_count": 6.0, "datetimes_affected": "2026-01-06 03:48:22,2026-01-06 03:48:22,2026-01-06 03:48:22,2026-01-06 03:48:22,2026-01-06 03:48:22,2026-01-06 03:48:22" }, "geometry": { "type": "Polygon", "coordinates": [ [ [ -73.73858, 45.8645 ], [ -73.73846, 45.86969 ], [ -73.74485, 45.87236 ], [ -73.75135, 45.86983 ], [ -73.75146, 45.86464 ], [ -73.74508, 45.86197 ], [ -73.73858, 45.8645 ] ] ] } },
{ "type": "Feature", "properties": { "hex_id": 557455, "centroid_lon": -73.739051094661846, "centroid_lat": 45.843714440256754, "hours_count": 6.0, "datetimes_affected": "2026-01-06 02:38:25,2026-01-06 02:38:25,2026-01-06 02:38:25,2026-01-06 02:38:25,2026-01-06 02:38:25,2026-01-06 02:38:25" }, "geometry": { "type": "Polygon", "coordinates": [ [ [ -73.73267, 45.84105 ], [ -73.73255, 45.84624 ], [ -73.73893, 45.84891 ], [ -73.74543, 45.84638 ], [ -73.74555, 45.84119 ], [ -73.73917, 45.83852 ], [ -73.73267, 45.84105 ] ] ] } },
{ "type": "Feature", "properties": { "hex_id": 557456, "centroid_lon": -73.73869878496572, "centroid_lat": 45.859300118958217, "hours_count": 6.0, "datetimes_affected": "2026-01-06 03:48:22,2026-01-06 03:48:22,2026-01-06 03:48:22,2026-01-06 03:48:22,2026-01-06 03:48:22,2026-01-06 03:48:22" }, "geometry": { "type": "Polygon", "coordinates": [ [ [ -73.73232, 45.85663 ], [ -73.7322, 45.86183 ], [ -73.73858, 45.8645 ], [ -73.74508, 45.86197 ], [ -73.7452, 45.85677 ], [ -73.73882, 45.8541 ], [ -73.73232, 45.85663 ] ] ] } },
{ "type": "Feature", "properties": { "hex_id": 558020, "centroid_lon": -73.748421942926583, "centroid_lat": 45.134449182730684, "hours_count": 18.0, "datetimes_affected": "2026-01-06 10:37:03,2026-01-06 10:37:03,2026-01-06 10:37:03,2026-01-06 10:37:03,2026-01-06 10:37:03,2026-01-06 10:37:03" }, "geometry": { "type": "Polygon", "coordinates": [ [ [ -73.74212, 45.13178 ], [ -73.74201, 45.13698 ], [ -73.74831, 45.13965 ], [ -73.75472, 45.13712 ], [ -73.75484, 45.13192 ], [ -73.74854, 45.12925 ], [ -73.74212, 45.13178 ] ] ] } },
{ "type": "Feature", "properties": { "hex_id": 558065, "centroid_lon": -73.732790465435357, "centroid_lat": 45.835850371414523, "hours_count": 6.0, "datetimes_affected": "2026-01-06 02:38:25,2026-01-06 02:38:25,2026-01-06 02:38:25,2026-01-06 02:38:25,2026-01-06 02:38:25,2026-01-06 02:38:25" }, "geometry": { "type": "Polygon", "coordinates": [ [ [ -73.72641, 45.83318 ], [ -73.72629, 45.83838 ], [ -73.73267, 45.84105 ], [ -73.73917, 45.83852 ], [ -73.73929, 45.83332 ], [ -73.73291, 45.83066 ], [ -73.72641, 45.83318 ] ] ] } },
{ "type": "Feature", "properties": { "hex_id": 558066, "centroid_lon": -73.732436503871369, "centroid_lat": 45.85143603400968, "hours_count": 12.0, "datetimes_affected": "2026-01-06 02:38:25,2026-01-06 02:38:25,2026-01-06 02:38:25,2026-01-06 02:38:25,2026-01-06 02:38:25,2026-01-06 02:38:25" }, "geometry": { "type": "Polygon", "coordinates": [ [ [ -73.72606, 45.84877 ], [ -73.72594, 45.85396 ], [ -73.73232, 45.85663 ], [ -73.73882, 45.8541 ], [ -73.73893, 45.84891 ], [ -73.73255, 45.84624 ], [ -73.72606, 45.84877 ] ] ] } },
{ "type": "Feature", "properties": { "hex_id": 558067, "centroid_lon": -73.732082250989308, "centroid_lat": 45.867021651776078, "hours_count": 6.0, "datetimes_affected": "2026-01-06 03:48:22,2026-01-06 03:48:22,2026-01-06 03:48:22,2026-01-06 03:48:22,2026-01-06 03:48:22,2026-01-06 03:48:22" }, "geometry": { "type": "Polygon", "coordinates": [ [ [ -73.7257, 45.86435 ], [ -73.72558, 45.86955 ], [ -73.73196, 45.87222 ], [ -73.73846, 45.86969 ], [ -73.73858, 45.8645 ], [ -73.7322, 45.86183 ], [ -73.7257, 45.86435 ] ] ] } },
{ "type": "Feature", "properties": { "hex_id": 558630, "centroid_lon": -73.742235975951658, "centroid_lat": 45.126585490473495, "hours_count": 18.0, "datetimes_affected": "2026-01-06 10:37:03,2026-01-06 10:37:03,2026-01-06 10:37:03,2026-01-06 10:37:03,2026-01-06 10:37:03,2026-01-06 10:37:03" }, "geometry": { "type": "Polygon", "coordinates": [ [ [ -73.73594, 45.12392 ], [ -73.73582, 45.12911 ], [ -73.74212, 45.13178 ], [ -73.74854, 45.12925 ], [ -73.74865, 45.12406 ], [ -73.74235, 45.12139 ], [ -73.73594, 45.12392 ] ] ] } },
{ "type": "Feature", "properties": { "hex_id": 558631, "centroid_lon": -73.741893231959423, "centroid_lat": 45.142173153297563, "hours_count": 18.0, "datetimes_affected": "2026-01-06 10:37:03,2026-01-06 10:37:03,2026-01-06 10:37:03,2026-01-06 10:37:03,2026-01-06 10:37:03,2026-01-06 10:37:03" }, "geometry": { "type": "Polygon", "coordinates": [ [ [ -73.73559, 45.1395 ], [ -73.73548, 45.1447 ], [ -73.74178, 45.14737 ], [ -73.74819, 45.14484 ], [ -73.74831, 45.13965 ], [ -73.74201, 45.13698 ], [ -73.73559, 45.1395 ] ] ] } },
{ "type": "Feature", "properties": { "hex_id": 558676, "centroid_lon": -73.726175971701593, "centroid_lat": 45.843571613782537, "hours_count": 6.0, "datetimes_affected": "2026-01-06 02:38:25,2026-01-06 02:38:25,2026-01-06 02:38:25,2026-01-06 02:38:25,2026-01-06 02:38:25,2026-01-06 02:38:25" }, "geometry": { "type": "Polygon", "coordinates": [ [ [ -73.7198, 45.8409 ], [ -73.71968, 45.8461 ], [ -73.72606, 45.84877 ], [ -73.73255, 45.84624 ], [ -73.73267, 45.84105 ], [ -73.72629, 45.83838 ], [ -73.7198, 45.8409 ] ] ] } },
{ "type": "Feature", "properties": { "hex_id": 558677, "centroid_lon": -73.725820067050321, "centroid_lat": 45.859157215247016, "hours_count": 6.0, "datetimes_affected": "2026-01-06 03:48:22,2026-01-06 03:48:22,2026-01-06 03:48:22,2026-01-06 03:48:22,2026-01-06 03:48:22,2026-01-06 03:48:22" }, "geometry": { "type": "Polygon", "coordinates": [ [ [ -73.71944, 45.85649 ], [ -73.71932, 45.86168 ], [ -73.7257, 45.86435 ], [ -73.7322, 45.86183 ], [ -73.73232, 45.85663 ], [ -73.72594, 45.85396 ], [ -73.71944, 45.85649 ] ] ] } },
{ "type": "Feature", "properties": { "hex_id": 558678, "centroid_lon": -73.72546386945443, "centroid_lat": 45.874742771860546, "hours_count": 6.0, "datetimes_affected": "2026-01-06 03:48:22,2026-01-06 03:48:22,2026-01-06 03:48:22,2026-01-06 03:48:22,2026-01-06 03:48:22,2026-01-06 03:48:22" }, "geometry": { "type": "Polygon", "coordinates": [ [ [ -73.71908, 45.87207 ], [ -73.71896, 45.87727 ], [ -73.72535, 45.87994 ], [ -73.73185, 45.87741 ], [ -73.73196, 45.87222 ], [ -73.72558, 45.86955 ], [ -73.71908, 45.87207 ] ] ] } },
{ "type": "Feature", "properties": { "hex_id": 559241, "centroid_lon": -73.735707358168099, "centroid_lat": 45.134309118448968, "hours_count": 90.0, "datetimes_affected": "2026-01-03 08:39:49,2026-01-03 08:39:49,2026-01-03 08:39:49,2026-01-03 08:39:49,2026-01-03 08:39:49,2026-01-03 08:39:49" }, "geometry": { "type": "Polygon", "coordinates": [ [ [ -73.72941, 45.13164 ], [ -73.72929, 45.13684 ], [ -73.73559, 45.1395 ], [ -73.74201, 45.13698 ], [ -73.74212, 45.13178 ], [ -73.73582, 45.12911 ], [ -73.72941, 45.13164 ] ] ] } },
{ "type": "Feature", "properties": { "hex_id": 559286, "centroid_lon": -73.719917187471424, "centroid_lat": 45.835706858558417, "hours_count": 6.0, "datetimes_affected": "2026-01-06 02:38:25,2026-01-06 02:38:25,2026-01-06 02:38:25,2026-01-06 02:38:25,2026-01-06 02:38:25,2026-01-06 02:38:25" }, "geometry": { "type": "Polygon", "coordinates": [ [ [ -73.71354, 45.83304 ], [ -73.71342, 45.83823 ], [ -73.7198, 45.8409 ], [ -73.72629, 45.83838 ], [ -73.72641, 45.83318 ], [ -73.72004, 45.83051 ], [ -73.71354, 45.83304 ] ] ] } },
{ "type": "Feature", "properties": { "hex_id": 559287, "centroid_lon": -73.719559632479147, "centroid_lat": 45.851292443546129, "hours_count": 6.0, "datetimes_affected": "2026-01-06 02:38:25,2026-01-06 02:38:25,2026-01-06 02:38:25,2026-01-06 02:38:25,2026-01-06 02:38:25,2026-01-06 02:38:25" }, "geometry": { "type": "Polygon", "coordinates": [ [ [ -73.71318, 45.84862 ], [ -73.71306, 45.85382 ], [ -73.71944, 45.85649 ], [ -73.72594, 45.85396 ], [ -73.72606, 45.84877 ], [ -73.71968, 45.8461 ], [ -73.71318, 45.84862 ] ] ] } },
{ "type": "Feature", "properties": { "hex_id": 559288, "centroid_lon": -73.719201783213279, "centroid_lat": 45.866877983662071, "hours_count": 6.0, "datetimes_affected": "2026-01-06 03:48:22,2026-01-06 03:48:22,2026-01-06 03:48:22,2026-01-06 03:48:22,2026-01-06 03:48:22,2026-01-06 03:48:22" }, "geometry": { "type": "Polygon", "coordinates": [ [ [ -73.71282, 45.86421 ], [ -73.7127, 45.8694 ], [ -73.71908, 45.87207 ], [ -73.72558, 45.86955 ], [ -73.7257, 45.86435 ], [ -73.71932, 45.86168 ], [ -73.71282, 45.86421 ] ] ] } },
{ "type": "Feature", "properties": { "hex_id": 559851, "centroid_lon": -73.729523168556, "centroid_lat": 45.126444756662799, "hours_count": 18.0, "datetimes_affected": "2026-01-06 10:37:03,2026-01-06 10:37:03,2026-01-06 10:37:03,2026-01-06 10:37:03,2026-01-06 10:37:03,2026-01-06 10:37:03" }, "geometry": { "type": "Polygon", "coordinates": [ [ [ -73.72322, 45.12378 ], [ -73.72311, 45.12897 ], [ -73.72941, 45.13164 ], [ -73.73582, 45.12911 ], [ -73.73594, 45.12392 ], [ -73.72964, 45.12125 ], [ -73.72322, 45.12378 ] ] ] } },
{ "type": "Feature", "properties": { "hex_id": 559852, "centroid_lon": -73.729176962551406, "centroid_lat": 45.142032343405027, "hours_count": 18.0, "datetimes_affected": "2026-01-06 10:37:03,2026-01-06 10:37:03,2026-01-06 10:37:03,2026-01-06 10:37:03,2026-01-06 10:37:03,2026-01-06 10:37:03" }, "geometry": { "type": "Polygon", "coordinates": [ [ [ -73.72288, 45.13936 ], [ -73.72276, 45.14456 ], [ -73.72906, 45.14723 ], [ -73.73548, 45.1447 ], [ -73.73559, 45.1395 ], [ -73.72929, 45.13684 ], [ -73.72288, 45.13936 ] ] ] } },
{ "type": "Feature", "properties": { "hex_id": 559897, "centroid_lon": -73.713300946290346, "centroid_lat": 45.843427336955017, "hours_count": 6.0, "datetimes_affected": "2026-01-06 02:38:25,2026-01-06 02:38:25,2026-01-06 02:38:25,2026-01-06 02:38:25,2026-01-06 02:38:25,2026-01-06 02:38:25" }, "geometry": { "type": "Polygon", "coordinates": [ [ [ -73.70692, 45.84076 ], [ -73.7068, 45.84595 ], [ -73.71318, 45.84862 ], [ -73.71968, 45.8461 ], [ -73.7198, 45.8409 ], [ -73.71342, 45.83823 ], [ -73.70692, 45.84076 ] ] ] } },
{ "type": "Feature", "properties": { "hex_id": 559898, "centroid_lon": -73.71294144678312, "centroid_lat": 45.859012860398593, "hours_count": 12.0, "datetimes_affected": "2026-01-06 02:38:25,2026-01-06 02:38:25,2026-01-06 02:38:25,2026-01-06 02:38:25,2026-01-06 02:38:25,2026-01-06 02:38:25" }, "geometry": { "type": "Polygon", "coordinates": [ [ [ -73.70656, 45.85634 ], [ -73.70644, 45.86154 ], [ -73.71282, 45.86421 ], [ -73.71932, 45.86168 ], [ -73.71944, 45.85649 ], [ -73.71306, 45.85382 ], [ -73.70656, 45.85634 ] ] ] } },
{ "type": "Feature", "properties": { "hex_id": 559899, "centroid_lon": -73.712581651374364, "centroid_lat": 45.874598338947969, "hours_count": 6.0, "datetimes_affected": "2026-01-06 03:48:22,2026-01-06 03:48:22,2026-01-06 03:48:22,2026-01-06 03:48:22,2026-01-06 03:48:22,2026-01-06 03:48:22" }, "geometry": { "type": "Polygon", "coordinates": [ [ [ -73.7062, 45.87193 ], [ -73.70608, 45.87712 ], [ -73.71246, 45.87979 ], [ -73.71896, 45.87727 ], [ -73.71908, 45.87207 ], [ -73.7127, 45.8694 ], [ -73.7062, 45.87193 ] ] ] } },
{ "type": "Feature", "properties": { "hex_id": 559905, "centroid_lon": -73.710416648109714, "centroid_lat": 45.968110267380069, "hours_count": 6.0, "datetimes_affected": "2026-01-04 01:48:42,2026-01-04 01:48:42,2026-01-04 01:48:42,2026-01-04 01:48:42,2026-01-04 01:48:42,2026-01-04 01:48:42" }, "geometry": { "type": "Polygon", "coordinates": [ [ [ -73.70403, 45.96544 ], [ -73.7039, 45.97063 ], [ -73.7103, 45.97331 ], [ -73.71681, 45.97078 ], [ -73.71693, 45.96559 ], [ -73.71054, 45.96292 ], [ -73.70403, 45.96544 ] ] ] } },
{ "type": "Feature", "properties": { "hex_id": 560462, "centroid_lon": -73.722992867063553, "centroid_lat": 45.134167639044634, "hours_count": 18.0, "datetimes_affected": "2026-01-06 10:37:03,2026-01-06 10:37:03,2026-01-06 10:37:03,2026-01-06 10:37:03,2026-01-06 10:37:03,2026-01-06 10:37:03" }, "geometry": { "type": "Polygon", "coordinates": [ [ [ -73.71669, 45.1315 ], [ -73.71658, 45.13669 ], [ -73.72288, 45.13936 ], [ -73.72929, 45.13684 ], [ -73.72941, 45.13164 ], [ -73.72311, 45.12897 ], [ -73.71669, 45.1315 ] ] ] } },
{ "type": "Feature", "properties": { "hex_id": 560463, "centroid_lon": -73.722644788160721, "centroid_lat": 45.149755165042734, "hours_count": 18.0, "datetimes_affected": "2026-01-06 10:37:03,2026-01-06 10:37:03,2026-01-06 10:37:03,2026-01-06 10:37:03,2026-01-06 10:37:03,2026-01-06 10:37:03" }, "geometry": { "type": "Polygon", "coordinates": [ [ [ -73.71634, 45.14709 ], [ -73.71623, 45.15228 ], [ -73.72253, 45.15495 ], [ -73.72895, 45.15242 ], [ -73.72906, 45.14723 ], [ -73.72276, 45.14456 ], [ -73.71634, 45.14709 ] ] ] } },
{ "type": "Feature", "properties": { "hex_id": 560486, "centroid_lon": -73.714559992961327, "centroid_lat": 45.508255884705484, "hours_count": 12.0, "datetimes_affected": "2026-01-04 10:32:02,2026-01-04 10:32:02,2026-01-04 10:32:02,2026-01-04 10:32:02,2026-01-04 10:32:02,2026-01-04 10:32:02" }, "geometry": { "type": "Polygon", "coordinates": [ [ [ -73.70822, 45.50559 ], [ -73.7081, 45.51078 ], [ -73.71444, 45.51345 ], [ -73.7209, 45.51093 ], [ -73.72102, 45.50573 ], [ -73.71468, 45.50306 ], [ -73.70822, 45.50559 ] ] ] } },
{ "type": "Feature", "properties": { "hex_id": 560507, "centroid_lon": -73.707044007499078, "centroid_lat": 45.835561895755163, "hours_count": 6.0, "datetimes_affected": "2026-01-06 02:38:25,2026-01-06 02:38:25,2026-01-06 02:38:25,2026-01-06 02:38:25,2026-01-06 02:38:25,2026-01-06 02:38:25" }, "geometry": { "type": "Polygon", "coordinates": [ [ [ -73.70067, 45.83289 ], [ -73.70055, 45.83809 ], [ -73.70692, 45.84076 ], [ -73.71342, 45.83823 ], [ -73.71354, 45.83304 ], [ -73.70716, 45.83037 ], [ -73.70067, 45.83289 ] ] ] } },
{ "type": "Feature", "properties": { "hex_id": 560508, "centroid_lon": -73.706682859178073, "centroid_lat": 45.851147402351742, "hours_count": 6.0, "datetimes_affected": "2026-01-06 02:38:25,2026-01-06 02:38:25,2026-01-06 02:38:25,2026-01-06 02:38:25,2026-01-06 02:38:25,2026-01-06 02:38:25" }, "geometry": { "type": "Polygon", "coordinates": [ [ [ -73.70031, 45.84848 ], [ -73.70018, 45.85367 ], [ -73.70656, 45.85634 ], [ -73.71306, 45.85382 ], [ -73.71318, 45.84862 ], [ -73.7068, 45.84595 ], [ -73.70031, 45.84848 ] ] ] } },
{ "type": "Feature", "properties": { "hex_id": 560509, "centroid_lon": -73.706321413628174, "centroid_lat": 45.866732864033096, "hours_count": 6.0, "datetimes_affected": "2026-01-06 03:48:22,2026-01-06 03:48:22,2026-01-06 03:48:22,2026-01-06 03:48:22,2026-01-06 03:48:22,2026-01-06 03:48:22" }, "geometry": { "type": "Polygon", "coordinates": [ [ [ -73.69994, 45.86406 ], [ -73.69982, 45.86926 ], [ -73.7062, 45.87193 ], [ -73.7127, 45.8694 ], [ -73.71282, 45.86421 ], [ -73.70644, 45.86154 ], [ -73.69994, 45.86406 ] ] ] } },
{ "type": "Feature", "properties": { "hex_id": 561073, "centroid_lon": -73.716460787314546, "centroid_lat": 45.141890118021436, "hours_count": 18.0, "datetimes_affected": "2026-01-06 10:37:03,2026-01-06 10:37:03,2026-01-06 10:37:03,2026-01-06 10:37:03,2026-01-06 10:37:03,2026-01-06 10:37:03" }, "geometry": { "type": "Polygon", "coordinates": [ [ [ -73.71016, 45.13922 ], [ -73.71004, 45.14442 ], [ -73.71634, 45.14709 ], [ -73.72276, 45.14456 ], [ -73.72288, 45.13936 ], [ -73.71658, 45.13669 ], [ -73.71016, 45.13922 ] ] ] } },
{ "type": "Feature", "properties": { "hex_id": 561097, "centroid_lon": -73.70798249628298, "centroid_lat": 45.515976894660021, "hours_count": 12.0, "datetimes_affected": "2026-01-04 10:32:02,2026-01-04 10:32:02,2026-01-04 10:32:02,2026-01-04 10:32:02,2026-01-04 10:32:02,2026-01-04 10:32:02" }, "geometry": { "type": "Polygon", "coordinates": [ [ [ -73.70164, 45.51331 ], [ -73.70152, 45.5185 ], [ -73.70786, 45.52117 ], [ -73.71432, 45.51865 ], [ -73.71444, 45.51345 ], [ -73.7081, 45.51078 ], [ -73.70164, 45.51331 ] ] ] } },
{ "type": "Feature", "properties": { "hex_id": 561118, "centroid_lon": -73.700426019412802, "centroid_lat": 45.843281609803007, "hours_count": 6.0, "datetimes_affected": "2026-01-06 02:38:25,2026-01-06 02:38:25,2026-01-06 02:38:25,2026-01-06 02:38:25,2026-01-06 02:38:25,2026-01-06 02:38:25" }, "geometry": { "type": "Polygon", "coordinates": [ [ [ -73.69405, 45.84061 ], [ -73.69393, 45.84581 ], [ -73.70031, 45.84848 ], [ -73.7068, 45.84595 ], [ -73.70692, 45.84076 ], [ -73.70055, 45.83809 ], [ -73.69405, 45.84061 ] ] ] } },
{ "type": "Feature", "properties": { "hex_id": 561119, "centroid_lon": -73.700062925149751, "centroid_lat": 45.858867054441795, "hours_count": 12.0, "datetimes_affected": "2026-01-06 02:38:25,2026-01-06 02:38:25,2026-01-06 02:38:25,2026-01-06 02:38:25,2026-01-06 02:38:25,2026-01-06 02:38:25" }, "geometry": { "type": "Polygon", "coordinates": [ [ [ -73.69368, 45.8562 ], [ -73.69356, 45.86139 ], [ -73.69994, 45.86406 ], [ -73.70644, 45.86154 ], [ -73.70656, 45.85634 ], [ -73.70018, 45.85367 ], [ -73.69368, 45.8562 ] ] ] } },
{ "type": "Feature", "properties": { "hex_id": 561120, "centroid_lon": -73.699699532028419, "centroid_lat": 45.874452454142677, "hours_count": 6.0, "datetimes_affected": "2026-01-06 03:48:22,2026-01-06 03:48:22,2026-01-06 03:48:22,2026-01-06 03:48:22,2026-01-06 03:48:22,2026-01-06 03:48:22" }, "geometry": { "type": "Polygon", "coordinates": [ [ [ -73.69332, 45.87178 ], [ -73.6932, 45.87698 ], [ -73.69958, 45.87965 ], [ -73.70608, 45.87712 ], [ -73.7062, 45.87193 ], [ -73.69982, 45.86926 ], [ -73.69332, 45.87178 ] ] ] } },
{ "type": "Feature", "properties": { "hex_id": 561703, "centroid_lon": -73.703192789190396, "centroid_lat": 45.445765190727599, "hours_count": 198.0, "datetimes_affected": "2026-01-02 08:44:39,2026-01-02 08:44:39,2026-01-02 08:44:39,2026-01-02 08:44:39,2026-01-02 08:44:39,2026-01-02 08:44:39" }, "geometry": { "type": "Polygon", "coordinates": [ [ [ -73.69686, 45.44309 ], [ -73.69674, 45.44829 ], [ -73.70307, 45.45096 ], [ -73.70953, 45.44844 ], [ -73.70964, 45.44324 ], [ -73.70331, 45.44057 ], [ -73.69686, 45.44309 ] ] ] } },
{ "type": "Feature", "properties": { "hex_id": 561707, "centroid_lon": -73.701761692377147, "centroid_lat": 45.508111124602898, "hours_count": 12.0, "datetimes_affected": "2026-01-04 10:32:02,2026-01-04 10:32:02,2026-01-04 10:32:02,2026-01-04 10:32:02,2026-01-04 10:32:02,2026-01-04 10:32:02" }, "geometry": { "type": "Polygon", "coordinates": [ [ [ -73.69542, 45.50544 ], [ -73.6953, 45.51064 ], [ -73.70164, 45.51331 ], [ -73.7081, 45.51078 ], [ -73.70822, 45.50559 ], [ -73.70188, 45.50292 ], [ -73.69542, 45.50544 ] ] ] } },
{ "type": "Feature", "properties": { "hex_id": 561728, "centroid_lon": -73.694170926502451, "centroid_lat": 45.835415483033728, "hours_count": 6.0, "datetimes_affected": "2026-01-06 02:38:25,2026-01-06 02:38:25,2026-01-06 02:38:25,2026-01-06 02:38:25,2026-01-06 02:38:25,2026-01-06 02:38:25" }, "geometry": { "type": "Polygon", "coordinates": [ [ [ -73.6878, 45.83274 ], [ -73.68767, 45.83794 ], [ -73.69405, 45.84061 ], [ -73.70055, 45.83809 ], [ -73.70067, 45.83289 ], [ -73.69429, 45.83022 ], [ -73.6878, 45.83274 ] ] ] } },
{ "type": "Feature", "properties": { "hex_id": 561729, "centroid_lon": -73.693806184953289, "centroid_lat": 45.851000910455518, "hours_count": 6.0, "datetimes_affected": "2026-01-06 02:38:25,2026-01-06 02:38:25,2026-01-06 02:38:25,2026-01-06 02:38:25,2026-01-06 02:38:25,2026-01-06 02:38:25" }, "geometry": { "type": "Polygon", "coordinates": [ [ [ -73.68743, 45.84833 ], [ -73.68731, 45.85352 ], [ -73.69368, 45.8562 ], [ -73.70018, 45.85367 ], [ -73.70031, 45.84848 ], [ -73.69393, 45.84581 ], [ -73.68743, 45.84833 ] ] ] } },
{ "type": "Feature", "properties": { "hex_id": 561730, "centroid_lon": -73.693441143220056, "centroid_lat": 45.8665862929182, "hours_count": 6.0, "datetimes_affected": "2026-01-06 03:48:22,2026-01-06 03:48:22,2026-01-06 03:48:22,2026-01-06 03:48:22,2026-01-06 03:48:22,2026-01-06 03:48:22" }, "geometry": { "type": "Polygon", "coordinates": [ [ [ -73.68706, 45.86391 ], [ -73.68694, 45.86911 ], [ -73.69332, 45.87178 ], [ -73.69982, 45.86926 ], [ -73.69994, 45.86406 ], [ -73.69356, 45.86139 ], [ -73.68706, 45.86391 ] ] ] } },
{ "type": "Feature", "properties": { "hex_id": 562313, "centroid_lon": -73.696980161946215, "centroid_lat": 45.437899157970683, "hours_count": 192.0, "datetimes_affected": "2026-01-02 08:44:39,2026-01-02 08:44:39,2026-01-02 08:44:39,2026-01-02 08:44:39,2026-01-02 08:44:39,2026-01-02 08:44:39" }, "geometry": { "type": "Polygon", "coordinates": [ [ [ -73.69065, 45.43523 ], [ -73.69053, 45.44042 ], [ -73.69686, 45.44309 ], [ -73.70331, 45.44057 ], [ -73.70343, 45.43537 ], [ -73.6971, 45.4327 ], [ -73.69065, 45.43523 ] ] ] } },
{ "type": "Feature", "properties": { "hex_id": 562339, "centroid_lon": -73.687551192053505, "centroid_lat": 45.843134432355612, "hours_count": 6.0, "datetimes_affected": "2026-01-06 02:38:25,2026-01-06 02:38:25,2026-01-06 02:38:25,2026-01-06 02:38:25,2026-01-06 02:38:25,2026-01-06 02:38:25" }, "geometry": { "type": "Polygon", "coordinates": [ [ [ -73.68118, 45.84046 ], [ -73.68105, 45.84566 ], [ -73.68743, 45.84833 ], [ -73.69393, 45.84581 ], [ -73.69405, 45.84061 ], [ -73.68767, 45.83794 ], [ -73.68118, 45.84046 ] ] ] } },
{ "type": "Feature", "properties": { "hex_id": 562340, "centroid_lon": -73.687184503135796, "centroid_lat": 45.858719797405762, "hours_count": 6.0, "datetimes_affected": "2026-01-06 02:38:25,2026-01-06 02:38:25,2026-01-06 02:38:25,2026-01-06 02:38:25,2026-01-06 02:38:25,2026-01-06 02:38:25" }, "geometry": { "type": "Polygon", "coordinates": [ [ [ -73.68081, 45.85605 ], [ -73.68068, 45.86124 ], [ -73.68706, 45.86391 ], [ -73.69356, 45.86139 ], [ -73.69368, 45.8562 ], [ -73.68731, 45.85352 ], [ -73.68081, 45.85605 ] ] ] } },
{ "type": "Feature", "properties": { "hex_id": 562341, "centroid_lon": -73.686817512403195, "centroid_lat": 45.874305117473881, "hours_count": 6.0, "datetimes_affected": "2026-01-06 03:48:22,2026-01-06 03:48:22,2026-01-06 03:48:22,2026-01-06 03:48:22,2026-01-06 03:48:22,2026-01-06 03:48:22" }, "geometry": { "type": "Polygon", "coordinates": [ [ [ -73.68044, 45.87163 ], [ -73.68031, 45.87683 ], [ -73.6867, 45.8795 ], [ -73.6932, 45.87698 ], [ -73.69332, 45.87178 ], [ -73.68694, 45.86911 ], [ -73.68044, 45.87163 ] ] ] } },
{ "type": "Feature", "properties": { "hex_id": 562924, "centroid_lon": -73.690408684619271, "centroid_lat": 45.445619312816802, "hours_count": 192.0, "datetimes_affected": "2026-01-02 09:36:33,2026-01-02 09:36:33,2026-01-02 09:36:33,2026-01-02 09:36:33,2026-01-02 09:36:33,2026-01-02 09:36:33" }, "geometry": { "type": "Polygon", "coordinates": [ [ [ -73.68408, 45.44295 ], [ -73.68396, 45.44814 ], [ -73.69029, 45.45081 ], [ -73.69674, 45.44829 ], [ -73.69686, 45.44309 ], [ -73.69053, 45.44042 ], [ -73.68408, 45.44295 ] ] ] } },
{ "type": "Feature", "properties": { "hex_id": 562949, "centroid_lon": -73.681297945465587, "centroid_lat": 45.83526762042333, "hours_count": 6.0, "datetimes_affected": "2026-01-06 02:38:25,2026-01-06 02:38:25,2026-01-06 02:38:25,2026-01-06 02:38:25,2026-01-06 02:38:25,2026-01-06 02:38:25" }, "geometry": { "type": "Polygon", "coordinates": [ [ [ -73.67492, 45.8326 ], [ -73.6748, 45.83779 ], [ -73.68118, 45.84046 ], [ -73.68767, 45.83794 ], [ -73.6878, 45.83274 ], [ -73.68142, 45.83007 ], [ -73.67492, 45.8326 ] ] ] } },
{ "type": "Feature", "properties": { "hex_id": 562950, "centroid_lon": -73.68092961078986, "centroid_lat": 45.850852967886702, "hours_count": 6.0, "datetimes_affected": "2026-01-06 02:38:25,2026-01-06 02:38:25,2026-01-06 02:38:25,2026-01-06 02:38:25,2026-01-06 02:38:25,2026-01-06 02:38:25" }, "geometry": { "type": "Polygon", "coordinates": [ [ [ -73.67455, 45.84818 ], [ -73.67443, 45.85338 ], [ -73.68081, 45.85605 ], [ -73.68731, 45.85352 ], [ -73.68743, 45.84833 ], [ -73.68105, 45.84566 ], [ -73.67455, 45.84818 ] ] ] } },
{ "type": "Feature", "properties": { "hex_id": 562951, "centroid_lon": -73.680560972975002, "centroid_lat": 45.866438270346663, "hours_count": 6.0, "datetimes_affected": "2026-01-06 03:48:22,2026-01-06 03:48:22,2026-01-06 03:48:22,2026-01-06 03:48:22,2026-01-06 03:48:22,2026-01-06 03:48:22" }, "geometry": { "type": "Polygon", "coordinates": [ [ [ -73.67418, 45.86377 ], [ -73.67406, 45.86896 ], [ -73.68044, 45.87163 ], [ -73.68694, 45.86911 ], [ -73.68706, 45.86391 ], [ -73.68068, 45.86124 ], [ -73.67418, 45.86377 ] ] ] } },
{ "type": "Feature", "properties": { "hex_id": 563560, "centroid_lon": -73.674676465196995, "centroid_lat": 45.842985804642261, "hours_count": 6.0, "datetimes_affected": "2026-01-06 02:38:25,2026-01-06 02:38:25,2026-01-06 02:38:25,2026-01-06 02:38:25,2026-01-06 02:38:25,2026-01-06 02:38:25" }, "geometry": { "type": "Polygon", "coordinates": [ [ [ -73.6683, 45.84031 ], [ -73.66818, 45.84551 ], [ -73.67455, 45.84818 ], [ -73.68105, 45.84566 ], [ -73.68118, 45.84046 ], [ -73.6748, 45.83779 ], [ -73.6683, 45.84031 ] ] ] } },
{ "type": "Feature", "properties": { "hex_id": 563561, "centroid_lon": -73.674306181726777, "centroid_lat": 45.858571089319931, "hours_count": 6.0, "datetimes_affected": "2026-01-06 02:38:25,2026-01-06 02:38:25,2026-01-06 02:38:25,2026-01-06 02:38:25,2026-01-06 02:38:25,2026-01-06 02:38:25" }, "geometry": { "type": "Polygon", "coordinates": [ [ [ -73.66793, 45.8559 ], [ -73.66781, 45.86109 ], [ -73.67418, 45.86377 ], [ -73.68068, 45.86124 ], [ -73.68081, 45.85605 ], [ -73.67443, 45.85338 ], [ -73.66793, 45.8559 ] ] ] } },
{ "type": "Feature", "properties": { "hex_id": 563562, "centroid_lon": -73.673935593485197, "centroid_lat": 45.874156328971011, "hours_count": 6.0, "datetimes_affected": "2026-01-06 03:48:22,2026-01-06 03:48:22,2026-01-06 03:48:22,2026-01-06 03:48:22,2026-01-06 03:48:22,2026-01-06 03:48:22" }, "geometry": { "type": "Polygon", "coordinates": [ [ [ -73.66756, 45.87148 ], [ -73.66743, 45.87668 ], [ -73.67381, 45.87935 ], [ -73.68031, 45.87683 ], [ -73.68044, 45.87163 ], [ -73.67406, 45.86896 ], [ -73.66756, 45.87148 ] ] ] } },
{ "type": "Feature", "properties": { "hex_id": 564144, "centroid_lon": -73.677988755511919, "centroid_lat": 45.429885567158486, "hours_count": 6.0, "datetimes_affected": "2026-01-06 18:32:54,2026-01-06 18:32:54,2026-01-06 18:32:54,2026-01-06 18:32:54,2026-01-06 18:32:54,2026-01-06 18:32:54" }, "geometry": { "type": "Polygon", "coordinates": [ [ [ -73.67166, 45.42721 ], [ -73.67154, 45.43241 ], [ -73.67787, 45.43508 ], [ -73.68432, 45.43256 ], [ -73.68444, 45.42736 ], [ -73.67811, 45.42469 ], [ -73.67166, 45.42721 ] ] ] } },
{ "type": "Feature", "properties": { "hex_id": 564170, "centroid_lon": -73.668425065372489, "centroid_lat": 45.835118307953522, "hours_count": 6.0, "datetimes_affected": "2026-01-06 02:38:25,2026-01-06 02:38:25,2026-01-06 02:38:25,2026-01-06 02:38:25,2026-01-06 02:38:25,2026-01-06 02:38:25" }, "geometry": { "type": "Polygon", "coordinates": [ [ [ -73.66205, 45.83245 ], [ -73.66193, 45.83764 ], [ -73.6683, 45.84031 ], [ -73.6748, 45.83779 ], [ -73.67492, 45.8326 ], [ -73.66855, 45.82992 ], [ -73.66205, 45.83245 ] ] ] } },
{ "type": "Feature", "properties": { "hex_id": 564171, "centroid_lon": -73.668053137672771, "centroid_lat": 45.850703574674895, "hours_count": 6.0, "datetimes_affected": "2026-01-06 02:38:25,2026-01-06 02:38:25,2026-01-06 02:38:25,2026-01-06 02:38:25,2026-01-06 02:38:25,2026-01-06 02:38:25" }, "geometry": { "type": "Polygon", "coordinates": [ [ [ -73.66168, 45.84803 ], [ -73.66155, 45.85323 ], [ -73.66793, 45.8559 ], [ -73.67443, 45.85338 ], [ -73.67455, 45.84818 ], [ -73.66818, 45.84551 ], [ -73.66168, 45.84803 ] ] ] } },
{ "type": "Feature", "properties": { "hex_id": 564191, "centroid_lon": -73.66054988739009, "centroid_lat": 46.162399446751628, "hours_count": 18.0, "datetimes_affected": "2026-01-05 08:51:54,2026-01-05 08:51:54,2026-01-05 08:51:54,2026-01-05 08:51:54,2026-01-05 08:51:54,2026-01-05 08:51:54" }, "geometry": { "type": "Polygon", "coordinates": [ [ [ -73.65414, 46.15973 ], [ -73.65401, 46.16492 ], [ -73.66042, 46.16759 ], [ -73.66696, 46.16507 ], [ -73.66709, 46.15988 ], [ -73.66068, 46.1572 ], [ -73.65414, 46.15973 ] ] ] } },
{ "type": "Feature", "properties": { "hex_id": 564755, "centroid_lon": -73.671415667851477, "centroid_lat": 45.437604620945017, "hours_count": 6.0, "datetimes_affected": "2026-01-06 18:32:54,2026-01-06 18:32:54,2026-01-06 18:32:54,2026-01-06 18:32:54,2026-01-06 18:32:54,2026-01-06 18:32:54" }, "geometry": { "type": "Polygon", "coordinates": [ [ [ -73.66509, 45.43493 ], [ -73.66496, 45.44013 ], [ -73.67129, 45.4428 ], [ -73.67775, 45.44028 ], [ -73.67787, 45.43508 ], [ -73.67154, 45.43241 ], [ -73.66509, 45.43493 ] ] ] } },
{ "type": "Feature", "properties": { "hex_id": 564781, "centroid_lon": -73.661801839827788, "centroid_lat": 45.842835726692648, "hours_count": 6.0, "datetimes_affected": "2026-01-06 02:38:25,2026-01-06 02:38:25,2026-01-06 02:38:25,2026-01-06 02:38:25,2026-01-06 02:38:25,2026-01-06 02:38:25" }, "geometry": { "type": "Polygon", "coordinates": [ [ [ -73.65543, 45.84016 ], [ -73.6553, 45.84536 ], [ -73.66168, 45.84803 ], [ -73.66818, 45.84551 ], [ -73.6683, 45.84031 ], [ -73.66193, 45.83764 ], [ -73.65543, 45.84016 ] ] ] } },
{ "type": "Feature", "properties": { "hex_id": 564782, "centroid_lon": -73.661427961908217, "centroid_lat": 45.858420930214024, "hours_count": 6.0, "datetimes_affected": "2026-01-06 02:38:25,2026-01-06 02:38:25,2026-01-06 02:38:25,2026-01-06 02:38:25,2026-01-06 02:38:25,2026-01-06 02:38:25" }, "geometry": { "type": "Polygon", "coordinates": [ [ [ -73.65505, 45.85575 ], [ -73.65493, 45.86094 ], [ -73.6613, 45.86362 ], [ -73.66781, 45.86109 ], [ -73.66793, 45.8559 ], [ -73.66155, 45.85323 ], [ -73.65505, 45.85575 ] ] ] } },
{ "type": "Feature", "properties": { "hex_id": 564801, "centroid_lon": -73.654265454287881, "centroid_lat": 46.154531231578034, "hours_count": 18.0, "datetimes_affected": "2026-01-05 08:51:54,2026-01-05 08:51:54,2026-01-05 08:51:54,2026-01-05 08:51:54,2026-01-05 08:51:54,2026-01-05 08:51:54" }, "geometry": { "type": "Polygon", "coordinates": [ [ [ -73.64786, 46.15186 ], [ -73.64773, 46.15705 ], [ -73.65414, 46.15973 ], [ -73.66068, 46.1572 ], [ -73.6608, 46.15201 ], [ -73.65439, 46.14934 ], [ -73.64786, 46.15186 ] ] ] } },
{ "type": "Feature", "properties": { "hex_id": 564802, "centroid_lon": -73.653885361849163, "centroid_lat": 46.170115533346952, "hours_count": 18.0, "datetimes_affected": "2026-01-05 08:51:54,2026-01-05 08:51:54,2026-01-05 08:51:54,2026-01-05 08:51:54,2026-01-05 08:51:54,2026-01-05 08:51:54" }, "geometry": { "type": "Polygon", "coordinates": [ [ [ -73.64747, 46.16744 ], [ -73.64735, 46.17264 ], [ -73.65376, 46.17531 ], [ -73.6603, 46.17279 ], [ -73.66042, 46.16759 ], [ -73.65401, 46.16492 ], [ -73.64747, 46.16744 ] ] ] } },
{ "type": "Feature", "properties": { "hex_id": 565365, "centroid_lon": -73.665208365888972, "centroid_lat": 45.429736908827039, "hours_count": 6.0, "datetimes_affected": "2026-01-06 18:32:54,2026-01-06 18:32:54,2026-01-06 18:32:54,2026-01-06 18:32:54,2026-01-06 18:32:54,2026-01-06 18:32:54" }, "geometry": { "type": "Polygon", "coordinates": [ [ [ -73.65888, 45.42706 ], [ -73.65876, 45.43226 ], [ -73.66509, 45.43493 ], [ -73.67154, 45.43241 ], [ -73.67166, 45.42721 ], [ -73.66533, 45.42454 ], [ -73.65888, 45.42706 ] ] ] } },
{ "type": "Feature", "properties": { "hex_id": 565392, "centroid_lon": -73.655176766587019, "centroid_lat": 45.850552730849927, "hours_count": 6.0, "datetimes_affected": "2026-01-06 02:38:25,2026-01-06 02:38:25,2026-01-06 02:38:25,2026-01-06 02:38:25,2026-01-06 02:38:25,2026-01-06 02:38:25" }, "geometry": { "type": "Polygon", "coordinates": [ [ [ -73.6488, 45.84788 ], [ -73.64868, 45.85307 ], [ -73.65505, 45.85575 ], [ -73.66155, 45.85323 ], [ -73.66168, 45.84803 ], [ -73.6553, 45.84536 ], [ -73.6488, 45.84788 ] ] ] } },
{ "type": "Feature", "properties": { "hex_id": 565393, "centroid_lon": -73.654800936918122, "centroid_lat": 45.86613787095235, "hours_count": 6.0, "datetimes_affected": "2026-01-06 02:38:25,2026-01-06 02:38:25,2026-01-06 02:38:25,2026-01-06 02:38:25,2026-01-06 02:38:25,2026-01-06 02:38:25" }, "geometry": { "type": "Polygon", "coordinates": [ [ [ -73.64842, 45.86346 ], [ -73.6483, 45.86866 ], [ -73.65468, 45.87133 ], [ -73.66118, 45.86881 ], [ -73.6613, 45.86362 ], [ -73.65493, 45.86094 ], [ -73.64842, 45.86346 ] ] ] } },
{ "type": "Feature", "properties": { "hex_id": 565411, "centroid_lon": -73.647982795189094, "centroid_lat": 46.146662679856874, "hours_count": 18.0, "datetimes_affected": "2026-01-05 08:51:54,2026-01-05 08:51:54,2026-01-05 08:51:54,2026-01-05 08:51:54,2026-01-05 08:51:54,2026-01-05 08:51:54" }, "geometry": { "type": "Polygon", "coordinates": [ [ [ -73.64157, 46.14399 ], [ -73.64145, 46.14918 ], [ -73.64786, 46.15186 ], [ -73.65439, 46.14934 ], [ -73.65452, 46.14414 ], [ -73.64811, 46.14147 ], [ -73.64157, 46.14399 ] ] ] } },
{ "type": "Feature", "properties": { "hex_id": 565412, "centroid_lon": -73.647601033383893, "centroid_lat": 46.162246962859115, "hours_count": 18.0, "datetimes_affected": "2026-01-05 08:51:54,2026-01-05 08:51:54,2026-01-05 08:51:54,2026-01-05 08:51:54,2026-01-05 08:51:54,2026-01-05 08:51:54" }, "geometry": { "type": "Polygon", "coordinates": [ [ [ -73.64119, 46.15957 ], [ -73.64106, 46.16477 ], [ -73.64747, 46.16744 ], [ -73.65401, 46.16492 ], [ -73.65414, 46.15973 ], [ -73.64773, 46.15705 ], [ -73.64119, 46.15957 ] ] ] } },
{ "type": "Feature", "properties": { "hex_id": 565413, "centroid_lon": -73.647218956160074, "centroid_lat": 46.177831200734239, "hours_count": 18.0, "datetimes_affected": "2026-01-05 08:51:54,2026-01-05 08:51:54,2026-01-05 08:51:54,2026-01-05 08:51:54,2026-01-05 08:51:54,2026-01-05 08:51:54" }, "geometry": { "type": "Polygon", "coordinates": [ [ [ -73.64081, 46.17516 ], [ -73.64068, 46.18035 ], [ -73.64709, 46.18303 ], [ -73.65363, 46.1805 ], [ -73.65376, 46.17531 ], [ -73.64735, 46.17264 ], [ -73.64081, 46.17516 ] ] ] } },
{ "type": "Feature", "properties": { "hex_id": 565976, "centroid_lon": -73.658633570047556, "centroid_lat": 45.437455207449233, "hours_count": 6.0, "datetimes_affected": "2026-01-06 18:32:54,2026-01-06 18:32:54,2026-01-06 18:32:54,2026-01-06 18:32:54,2026-01-06 18:32:54,2026-01-06 18:32:54" }, "geometry": { "type": "Polygon", "coordinates": [ [ [ -73.6523, 45.43478 ], [ -73.65218, 45.43998 ], [ -73.65851, 45.44265 ], [ -73.66496, 45.44013 ], [ -73.66509, 45.43493 ], [ -73.65876, 45.43226 ], [ -73.6523, 45.43478 ] ] ] } },
{ "type": "Feature", "properties": { "hex_id": 566002, "centroid_lon": -73.648927316930312, "centroid_lat": 45.842684198536737, "hours_count": 6.0, "datetimes_affected": "2026-01-06 02:38:25,2026-01-06 02:38:25,2026-01-06 02:38:25,2026-01-06 02:38:25,2026-01-06 02:38:25,2026-01-06 02:38:25" }, "geometry": { "type": "Polygon", "coordinates": [ [ [ -73.64255, 45.84001 ], [ -73.64243, 45.84521 ], [ -73.6488, 45.84788 ], [ -73.6553, 45.84536 ], [ -73.65543, 45.84016 ], [ -73.64905, 45.83749 ], [ -73.64255, 45.84001 ] ] ] } },
{ "type": "Feature", "properties": { "hex_id": 566003, "centroid_lon": -73.64854984466551, "centroid_lat": 45.858269320118069, "hours_count": 6.0, "datetimes_affected": "2026-01-06 02:38:25,2026-01-06 02:38:25,2026-01-06 02:38:25,2026-01-06 02:38:25,2026-01-06 02:38:25,2026-01-06 02:38:25" }, "geometry": { "type": "Polygon", "coordinates": [ [ [ -73.64217, 45.8556 ], [ -73.64205, 45.86079 ], [ -73.64842, 45.86346 ], [ -73.65493, 45.86094 ], [ -73.65505, 45.85575 ], [ -73.64868, 45.85307 ], [ -73.64217, 45.8556 ] ] ] } },
{ "type": "Feature", "properties": { "hex_id": 566021, "centroid_lon": -73.641701909089335, "centroid_lat": 46.138793791871947, "hours_count": 18.0, "datetimes_affected": "2026-01-05 08:51:54,2026-01-05 08:51:54,2026-01-05 08:51:54,2026-01-05 08:51:54,2026-01-05 08:51:54,2026-01-05 08:51:54" }, "geometry": { "type": "Polygon", "coordinates": [ [ [ -73.63529, 46.13612 ], [ -73.63517, 46.14131 ], [ -73.64157, 46.14399 ], [ -73.64811, 46.14147 ], [ -73.64824, 46.13627 ], [ -73.64183, 46.1336 ], [ -73.63529, 46.13612 ] ] ] } },
{ "type": "Feature", "properties": { "hex_id": 566022, "centroid_lon": -73.64131847937081, "centroid_lat": 46.154378055932213, "hours_count": 18.0, "datetimes_affected": "2026-01-05 08:51:54,2026-01-05 08:51:54,2026-01-05 08:51:54,2026-01-05 08:51:54,2026-01-05 08:51:54,2026-01-05 08:51:54" }, "geometry": { "type": "Polygon", "coordinates": [ [ [ -73.63491, 46.1517 ], [ -73.63478, 46.1569 ], [ -73.64119, 46.15957 ], [ -73.64773, 46.15705 ], [ -73.64786, 46.15186 ], [ -73.64145, 46.14918 ], [ -73.63491, 46.1517 ] ] ] } },
{ "type": "Feature", "properties": { "hex_id": 566023, "centroid_lon": -73.640934732888184, "centroid_lat": 46.169962274842909, "hours_count": 18.0, "datetimes_affected": "2026-01-05 08:51:54,2026-01-05 08:51:54,2026-01-05 08:51:54,2026-01-05 08:51:54,2026-01-05 08:51:54,2026-01-05 08:51:54" }, "geometry": { "type": "Polygon", "coordinates": [ [ [ -73.63452, 46.16729 ], [ -73.6344, 46.17248 ], [ -73.64081, 46.17516 ], [ -73.64735, 46.17264 ], [ -73.64747, 46.16744 ], [ -73.64106, 46.16477 ], [ -73.63452, 46.16729 ] ] ] } },
{ "type": "Feature", "properties": { "hex_id": 566613, "centroid_lon": -73.642300498517486, "centroid_lat": 45.850400436441959, "hours_count": 6.0, "datetimes_affected": "2026-01-06 02:38:25,2026-01-06 02:38:25,2026-01-06 02:38:25,2026-01-06 02:38:25,2026-01-06 02:38:25,2026-01-06 02:38:25" }, "geometry": { "type": "Polygon", "coordinates": [ [ [ -73.63593, 45.84773 ], [ -73.6358, 45.85292 ], [ -73.64217, 45.8556 ], [ -73.64868, 45.85307 ], [ -73.6488, 45.84788 ], [ -73.64243, 45.84521 ], [ -73.63593, 45.84773 ] ] ] } },
{ "type": "Feature", "properties": { "hex_id": 566614, "centroid_lon": -73.64192107307818, "centroid_lat": 45.86598549418963, "hours_count": 6.0, "datetimes_affected": "2026-01-06 02:38:25,2026-01-06 02:38:25,2026-01-06 02:38:25,2026-01-06 02:38:25,2026-01-06 02:38:25,2026-01-06 02:38:25" }, "geometry": { "type": "Polygon", "coordinates": [ [ [ -73.63554, 45.86331 ], [ -73.63542, 45.86851 ], [ -73.64179, 45.87118 ], [ -73.6483, 45.86866 ], [ -73.64842, 45.86346 ], [ -73.64205, 45.86079 ], [ -73.63554, 45.86331 ] ] ] } },
{ "type": "Feature", "properties": { "hex_id": 566632, "centroid_lon": -73.635037698805021, "centroid_lat": 46.146508812850037, "hours_count": 18.0, "datetimes_affected": "2026-01-05 08:51:54,2026-01-05 08:51:54,2026-01-05 08:51:54,2026-01-05 08:51:54,2026-01-05 08:51:54,2026-01-05 08:51:54" }, "geometry": { "type": "Polygon", "coordinates": [ [ [ -73.62863, 46.14383 ], [ -73.6285, 46.14903 ], [ -73.63491, 46.1517 ], [ -73.64145, 46.14918 ], [ -73.64157, 46.14399 ], [ -73.63517, 46.14131 ], [ -73.62863, 46.14383 ] ] ] } },
{ "type": "Feature", "properties": { "hex_id": 566633, "centroid_lon": -73.634652284517202, "centroid_lat": 46.162093012621064, "hours_count": 18.0, "datetimes_affected": "2026-01-05 08:51:54,2026-01-05 08:51:54,2026-01-05 08:51:54,2026-01-05 08:51:54,2026-01-05 08:51:54,2026-01-05 08:51:54" }, "geometry": { "type": "Polygon", "coordinates": [ [ [ -73.62824, 46.15942 ], [ -73.62811, 46.16461 ], [ -73.63452, 46.16729 ], [ -73.64106, 46.16477 ], [ -73.64119, 46.15957 ], [ -73.63478, 46.1569 ], [ -73.62824, 46.15942 ] ] ] } },
{ "type": "Feature", "properties": { "hex_id": 566634, "centroid_lon": -73.634266551795363, "centroid_lat": 46.177677167218363, "hours_count": 18.0, "datetimes_affected": "2026-01-05 08:51:54,2026-01-05 08:51:54,2026-01-05 08:51:54,2026-01-05 08:51:54,2026-01-05 08:51:54,2026-01-05 08:51:54" }, "geometry": { "type": "Polygon", "coordinates": [ [ [ -73.62785, 46.175 ], [ -73.62773, 46.1802 ], [ -73.63414, 46.18287 ], [ -73.64068, 46.18035 ], [ -73.64081, 46.17516 ], [ -73.6344, 46.17248 ], [ -73.62785, 46.175 ] ] ] } },
{ "type": "Feature", "properties": { "hex_id": 567199, "centroid_lon": -73.645105222858675, "centroid_lat": 45.468476743721929, "hours_count": 6.0, "datetimes_affected": "2026-01-05 21:27:57,2026-01-05 21:27:57,2026-01-05 21:27:57,2026-01-05 21:27:57,2026-01-05 21:27:57,2026-01-05 21:27:57" }, "geometry": { "type": "Polygon", "coordinates": [ [ [ -73.63877, 45.4658 ], [ -73.63865, 45.471 ], [ -73.64498, 45.47367 ], [ -73.65144, 45.47115 ], [ -73.65156, 45.46595 ], [ -73.64523, 45.46328 ], [ -73.63877, 45.4658 ] ] ] } },
{ "type": "Feature", "properties": { "hex_id": 567203, "centroid_lon": -73.643608850315275, "centroid_lat": 45.530820961775362, "hours_count": 6.0, "datetimes_affected": "2026-01-04 01:48:42,2026-01-04 01:48:42,2026-01-04 01:48:42,2026-01-04 01:48:42,2026-01-04 01:48:42,2026-01-04 01:48:42" }, "geometry": { "type": "Polygon", "coordinates": [ [ [ -73.63727, 45.52815 ], [ -73.63714, 45.53334 ], [ -73.64348, 45.53602 ], [ -73.64995, 45.53349 ], [ -73.65007, 45.5283 ], [ -73.64373, 45.52563 ], [ -73.63727, 45.52815 ] ] ] } },
{ "type": "Feature", "properties": { "hex_id": 567223, "centroid_lon": -73.636052897488938, "centroid_lat": 45.842531220204819, "hours_count": 6.0, "datetimes_affected": "2026-01-06 02:38:25,2026-01-06 02:38:25,2026-01-06 02:38:25,2026-01-06 02:38:25,2026-01-06 02:38:25,2026-01-06 02:38:25" }, "geometry": { "type": "Polygon", "coordinates": [ [ [ -73.62968, 45.83986 ], [ -73.62955, 45.84505 ], [ -73.63593, 45.84773 ], [ -73.64243, 45.84521 ], [ -73.64255, 45.84001 ], [ -73.63618, 45.83734 ], [ -73.62968, 45.83986 ] ] ] } },
{ "type": "Feature", "properties": { "hex_id": 567224, "centroid_lon": -73.635671830984094, "centroid_lat": 45.858116259062356, "hours_count": 6.0, "datetimes_affected": "2026-01-06 02:38:25,2026-01-06 02:38:25,2026-01-06 02:38:25,2026-01-06 02:38:25,2026-01-06 02:38:25,2026-01-06 02:38:25" }, "geometry": { "type": "Polygon", "coordinates": [ [ [ -73.6293, 45.85544 ], [ -73.62917, 45.86064 ], [ -73.63554, 45.86331 ], [ -73.64205, 45.86079 ], [ -73.64217, 45.8556 ], [ -73.6358, 45.85292 ], [ -73.6293, 45.85544 ] ] ] } },
{ "type": "Feature", "properties": { "hex_id": 567813, "centroid_lon": -73.637395511428736, "centroid_lat": 45.522951789922047, "hours_count": 6.0, "datetimes_affected": "2026-01-04 01:48:42,2026-01-04 01:48:42,2026-01-04 01:48:42,2026-01-04 01:48:42,2026-01-04 01:48:42,2026-01-04 01:48:42" }, "geometry": { "type": "Polygon", "coordinates": [ [ [ -73.63106, 45.52028 ], [ -73.63093, 45.52547 ], [ -73.63727, 45.52815 ], [ -73.64373, 45.52563 ], [ -73.64386, 45.52043 ], [ -73.63752, 45.51776 ], [ -73.63106, 45.52028 ] ] ] } },
{ "type": "Feature", "properties": { "hex_id": 567834, "centroid_lon": -73.62942433444907, "centroid_lat": 45.850246691481402, "hours_count": 6.0, "datetimes_affected": "2026-01-06 02:38:25,2026-01-06 02:38:25,2026-01-06 02:38:25,2026-01-06 02:38:25,2026-01-06 02:38:25,2026-01-06 02:38:25" }, "geometry": { "type": "Polygon", "coordinates": [ [ [ -73.62305, 45.84757 ], [ -73.62292, 45.85277 ], [ -73.6293, 45.85544 ], [ -73.6358, 45.85292 ], [ -73.63593, 45.84773 ], [ -73.62955, 45.84505 ], [ -73.62305, 45.84757 ] ] ] } },
{ "type": "Feature", "properties": { "hex_id": 567835, "centroid_lon": -73.629041313345041, "centroid_lat": 45.865831666090394, "hours_count": 6.0, "datetimes_affected": "2026-01-06 02:38:25,2026-01-06 02:38:25,2026-01-06 02:38:25,2026-01-06 02:38:25,2026-01-06 02:38:25,2026-01-06 02:38:25" }, "geometry": { "type": "Polygon", "coordinates": [ [ [ -73.62267, 45.86316 ], [ -73.62254, 45.86835 ], [ -73.62891, 45.87103 ], [ -73.63542, 45.86851 ], [ -73.63554, 45.86331 ], [ -73.62917, 45.86064 ], [ -73.62267, 45.86316 ] ] ] } },
{ "type": "Feature", "properties": { "hex_id": 568420, "centroid_lon": -73.632316288040656, "centroid_lat": 45.468324305668915, "hours_count": 6.0, "datetimes_affected": "2026-01-05 21:27:57,2026-01-05 21:27:57,2026-01-05 21:27:57,2026-01-05 21:27:57,2026-01-05 21:27:57,2026-01-05 21:27:57" }, "geometry": { "type": "Polygon", "coordinates": [ [ [ -73.62599, 45.46565 ], [ -73.62586, 45.47085 ], [ -73.63219, 45.47352 ], [ -73.63865, 45.471 ], [ -73.63877, 45.4658 ], [ -73.63244, 45.46313 ], [ -73.62599, 45.46565 ] ] ] } },
{ "type": "Feature", "properties": { "hex_id": 568424, "centroid_lon": -73.630805801845014, "centroid_lat": 45.530668193804935, "hours_count": 6.0, "datetimes_affected": "2026-01-04 01:48:42,2026-01-04 01:48:42,2026-01-04 01:48:42,2026-01-04 01:48:42,2026-01-04 01:48:42,2026-01-04 01:48:42" }, "geometry": { "type": "Polygon", "coordinates": [ [ [ -73.62447, 45.52799 ], [ -73.62434, 45.53319 ], [ -73.63068, 45.53586 ], [ -73.63714, 45.53334 ], [ -73.63727, 45.52815 ], [ -73.63093, 45.52547 ], [ -73.62447, 45.52799 ] ] ] } },
{ "type": "Feature", "properties": { "hex_id": 568430, "centroid_lon": -73.628530768054802, "centroid_lat": 45.624182670949693, "hours_count": 6.0, "datetimes_affected": "2026-01-04 12:32:06,2026-01-04 12:32:06,2026-01-04 12:32:06,2026-01-04 12:32:06,2026-01-04 12:32:06,2026-01-04 12:32:06" }, "geometry": { "type": "Polygon", "coordinates": [ [ [ -73.62218, 45.62151 ], [ -73.62206, 45.6267 ], [ -73.6284, 45.62938 ], [ -73.63488, 45.62686 ], [ -73.63501, 45.62166 ], [ -73.62866, 45.61899 ], [ -73.62218, 45.62151 ] ] ] } },
{ "type": "Feature", "properties": { "hex_id": 568436, "centroid_lon": -73.62624450862856, "centroid_lat": 45.717695521628436, "hours_count": 6.0, "datetimes_affected": "2026-01-04 01:48:42,2026-01-04 01:48:42,2026-01-04 01:48:42,2026-01-04 01:48:42,2026-01-04 01:48:42,2026-01-04 01:48:42" }, "geometry": { "type": "Polygon", "coordinates": [ [ [ -73.61989, 45.71502 ], [ -73.61976, 45.72022 ], [ -73.62612, 45.72289 ], [ -73.6326, 45.72037 ], [ -73.63273, 45.71518 ], [ -73.62637, 45.7125 ], [ -73.61989, 45.71502 ] ] ] } },
{ "type": "Feature", "properties": { "hex_id": 568444, "centroid_lon": -73.623178582488023, "centroid_lat": 45.842376791727467, "hours_count": 6.0, "datetimes_affected": "2026-01-06 02:38:25,2026-01-06 02:38:25,2026-01-06 02:38:25,2026-01-06 02:38:25,2026-01-06 02:38:25,2026-01-06 02:38:25" }, "geometry": { "type": "Polygon", "coordinates": [ [ [ -73.61681, 45.8397 ], [ -73.61668, 45.8449 ], [ -73.62305, 45.84757 ], [ -73.62955, 45.84505 ], [ -73.62968, 45.83986 ], [ -73.62331, 45.83718 ], [ -73.61681, 45.8397 ] ] ] } },
{ "type": "Feature", "properties": { "hex_id": 568445, "centroid_lon": -73.622793921849279, "centroid_lat": 45.857961747077489, "hours_count": 6.0, "datetimes_affected": "2026-01-06 02:38:25,2026-01-06 02:38:25,2026-01-06 02:38:25,2026-01-06 02:38:25,2026-01-06 02:38:25,2026-01-06 02:38:25" }, "geometry": { "type": "Polygon", "coordinates": [ [ [ -73.61642, 45.85529 ], [ -73.61629, 45.86048 ], [ -73.62267, 45.86316 ], [ -73.62917, 45.86064 ], [ -73.6293, 45.85544 ], [ -73.62292, 45.85277 ], [ -73.61642, 45.85529 ] ] ] } },
{ "type": "Feature", "properties": { "hex_id": 569030, "centroid_lon": -73.626111202703299, "centroid_lat": 45.460454533768321, "hours_count": 6.0, "datetimes_affected": "2026-01-05 21:27:57,2026-01-05 21:27:57,2026-01-05 21:27:57,2026-01-05 21:27:57,2026-01-05 21:27:57,2026-01-05 21:27:57" }, "geometry": { "type": "Polygon", "coordinates": [ [ [ -73.61978, 45.45778 ], [ -73.61965, 45.46298 ], [ -73.62599, 45.46565 ], [ -73.63244, 45.46313 ], [ -73.63257, 45.45793 ], [ -73.62624, 45.45526 ], [ -73.61978, 45.45778 ] ] ] } },
{ "type": "Feature", "properties": { "hex_id": 569034, "centroid_lon": -73.624594281203542, "centroid_lat": 45.522798346155099, "hours_count": 6.0, "datetimes_affected": "2026-01-04 01:48:42,2026-01-04 01:48:42,2026-01-04 01:48:42,2026-01-04 01:48:42,2026-01-04 01:48:42,2026-01-04 01:48:42" }, "geometry": { "type": "Polygon", "coordinates": [ [ [ -73.61826, 45.52012 ], [ -73.61813, 45.52532 ], [ -73.62447, 45.52799 ], [ -73.63093, 45.52547 ], [ -73.63106, 45.52028 ], [ -73.62472, 45.5176 ], [ -73.61826, 45.52012 ] ] ] } },
{ "type": "Feature", "properties": { "hex_id": 569035, "centroid_lon": -73.624214273533923, "centroid_lat": 45.538384186284617, "hours_count": 6.0, "datetimes_affected": "2026-01-04 01:48:42,2026-01-04 01:48:42,2026-01-04 01:48:42,2026-01-04 01:48:42,2026-01-04 01:48:42,2026-01-04 01:48:42" }, "geometry": { "type": "Polygon", "coordinates": [ [ [ -73.61788, 45.53571 ], [ -73.61775, 45.5409 ], [ -73.62409, 45.54358 ], [ -73.63055, 45.54106 ], [ -73.63068, 45.53586 ], [ -73.62434, 45.53319 ], [ -73.61788, 45.53571 ] ] ] } },
{ "type": "Feature", "properties": { "hex_id": 569040, "centroid_lon": -73.622309555729871, "centroid_lat": 45.616312709023838, "hours_count": 6.0, "datetimes_affected": "2026-01-04 12:32:06,2026-01-04 12:32:06,2026-01-04 12:32:06,2026-01-04 12:32:06,2026-01-04 12:32:06,2026-01-04 12:32:06" }, "geometry": { "type": "Polygon", "coordinates": [ [ [ -73.61596, 45.61364 ], [ -73.61583, 45.61883 ], [ -73.62218, 45.62151 ], [ -73.62866, 45.61899 ], [ -73.62878, 45.61379 ], [ -73.62244, 45.61112 ], [ -73.61596, 45.61364 ] ] ] } },
{ "type": "Feature", "properties": { "hex_id": 569041, "centroid_lon": -73.62192767407295, "centroid_lat": 45.631898277975381, "hours_count": 6.0, "datetimes_affected": "2026-01-04 12:32:06,2026-01-04 12:32:06,2026-01-04 12:32:06,2026-01-04 12:32:06,2026-01-04 12:32:06,2026-01-04 12:32:06" }, "geometry": { "type": "Polygon", "coordinates": [ [ [ -73.61558, 45.62922 ], [ -73.61545, 45.63442 ], [ -73.6218, 45.63709 ], [ -73.62828, 45.63457 ], [ -73.6284, 45.62938 ], [ -73.62206, 45.6267 ], [ -73.61558, 45.62922 ] ] ] } },
{ "type": "Feature", "properties": { "hex_id": 569046, "centroid_lon": -73.620013557909559, "centroid_lat": 45.709825444638355, "hours_count": 6.0, "datetimes_affected": "2026-01-04 01:48:42,2026-01-04 01:48:42,2026-01-04 01:48:42,2026-01-04 01:48:42,2026-01-04 01:48:42,2026-01-04 01:48:42" }, "geometry": { "type": "Polygon", "coordinates": [ [ [ -73.61366, 45.70715 ], [ -73.61353, 45.71235 ], [ -73.61989, 45.71502 ], [ -73.62637, 45.7125 ], [ -73.6265, 45.70731 ], [ -73.62014, 45.70463 ], [ -73.61366, 45.70715 ] ] ] } },
{ "type": "Feature", "properties": { "hex_id": 569055, "centroid_lon": -73.616548275366554, "centroid_lat": 45.850091495999003, "hours_count": 6.0, "datetimes_affected": "2026-01-06 02:38:25,2026-01-06 02:38:25,2026-01-06 02:38:25,2026-01-06 02:38:25,2026-01-06 02:38:25,2026-01-06 02:38:25" }, "geometry": { "type": "Polygon", "coordinates": [ [ [ -73.61017, 45.84742 ], [ -73.61005, 45.85261 ], [ -73.61642, 45.85529 ], [ -73.62292, 45.85277 ], [ -73.62305, 45.84757 ], [ -73.61668, 45.8449 ], [ -73.61017, 45.84742 ] ] ] } },
{ "type": "Feature", "properties": { "hex_id": 569056, "centroid_lon": -73.616161658704556, "centroid_lat": 45.865676386685386, "hours_count": 6.0, "datetimes_affected": "2026-01-06 02:38:25,2026-01-06 02:38:25,2026-01-06 02:38:25,2026-01-06 02:38:25,2026-01-06 02:38:25,2026-01-06 02:38:25" }, "geometry": { "type": "Polygon", "coordinates": [ [ [ -73.60979, 45.863 ], [ -73.60966, 45.8682 ], [ -73.61603, 45.87087 ], [ -73.62254, 45.86835 ], [ -73.62267, 45.86316 ], [ -73.61629, 45.86048 ], [ -73.60979, 45.863 ] ] ] } },
{ "type": "Feature", "properties": { "hex_id": 569641, "centroid_lon": -73.619527456121148, "centroid_lat": 45.468170436180877, "hours_count": 6.0, "datetimes_affected": "2026-01-05 21:27:57,2026-01-05 21:27:57,2026-01-05 21:27:57,2026-01-05 21:27:57,2026-01-05 21:27:57,2026-01-05 21:27:57" }, "geometry": { "type": "Polygon", "coordinates": [ [ [ -73.6132, 45.4655 ], [ -73.61307, 45.47069 ], [ -73.6194, 45.47337 ], [ -73.62586, 45.47085 ], [ -73.62599, 45.46565 ], [ -73.61965, 45.46298 ], [ -73.6132, 45.4655 ] ] ] } },
{ "type": "Feature", "properties": { "hex_id": 569645, "centroid_lon": -73.618002856688321, "centroid_lat": 45.53051399130328, "hours_count": 6.0, "datetimes_affected": "2026-01-04 01:48:42,2026-01-04 01:48:42,2026-01-04 01:48:42,2026-01-04 01:48:42,2026-01-04 01:48:42,2026-01-04 01:48:42" }, "geometry": { "type": "Polygon", "coordinates": [ [ [ -73.61167, 45.52784 ], [ -73.61154, 45.53303 ], [ -73.61788, 45.53571 ], [ -73.62434, 45.53319 ], [ -73.62447, 45.52799 ], [ -73.61813, 45.52532 ], [ -73.61167, 45.52784 ] ] ] } },
{ "type": "Feature", "properties": { "hex_id": 569650, "centroid_lon": -73.616090066242521, "centroid_lat": 45.608442417899731, "hours_count": 6.0, "datetimes_affected": "2026-01-04 12:32:06,2026-01-04 12:32:06,2026-01-04 12:32:06,2026-01-04 12:32:06,2026-01-04 12:32:06,2026-01-04 12:32:06" }, "geometry": { "type": "Polygon", "coordinates": [ [ [ -73.60974, 45.60577 ], [ -73.60962, 45.61096 ], [ -73.61596, 45.61364 ], [ -73.62244, 45.61112 ], [ -73.62256, 45.60592 ], [ -73.61622, 45.60325 ], [ -73.60974, 45.60577 ] ] ] } },
{ "type": "Feature", "properties": { "hex_id": 569651, "centroid_lon": -73.615706566173856, "centroid_lat": 45.624027967556913, "hours_count": 6.0, "datetimes_affected": "2026-01-04 12:32:06,2026-01-04 12:32:06,2026-01-04 12:32:06,2026-01-04 12:32:06,2026-01-04 12:32:06,2026-01-04 12:32:06" }, "geometry": { "type": "Polygon", "coordinates": [ [ [ -73.60936, 45.62135 ], [ -73.60923, 45.62655 ], [ -73.61558, 45.62922 ], [ -73.62206, 45.6267 ], [ -73.62218, 45.62151 ], [ -73.61583, 45.61883 ], [ -73.60936, 45.62135 ] ] ] } },
{ "type": "Feature", "properties": { "hex_id": 569657, "centroid_lon": -73.613398945219515, "centroid_lat": 45.717540315690052, "hours_count": 6.0, "datetimes_affected": "2026-01-04 01:48:42,2026-01-04 01:48:42,2026-01-04 01:48:42,2026-01-04 01:48:42,2026-01-04 01:48:42,2026-01-04 01:48:42" }, "geometry": { "type": "Polygon", "coordinates": [ [ [ -73.60704, 45.71486 ], [ -73.60691, 45.72006 ], [ -73.61327, 45.72274 ], [ -73.61976, 45.72022 ], [ -73.61989, 45.71502 ], [ -73.61353, 45.71235 ], [ -73.60704, 45.71486 ] ] ] } },
{ "type": "Feature", "properties": { "hex_id": 569658, "centroid_lon": -73.613013235324573, "centroid_lat": 45.733125548724679, "hours_count": 30.0, "datetimes_affected": "2026-01-04 15:35:34,2026-01-04 15:35:34,2026-01-04 15:35:34,2026-01-04 15:35:34,2026-01-04 15:35:34,2026-01-04 15:35:34" }, "geometry": { "type": "Polygon", "coordinates": [ [ [ -73.60665, 45.73045 ], [ -73.60652, 45.73564 ], [ -73.61288, 45.73832 ], [ -73.61937, 45.7358 ], [ -73.6195, 45.73061 ], [ -73.61314, 45.72793 ], [ -73.60665, 45.73045 ] ] ] } },
{ "type": "Feature", "properties": { "hex_id": 569665, "centroid_lon": -73.61030437291187, "centroid_lat": 45.84222091313552, "hours_count": 6.0, "datetimes_affected": "2026-01-06 02:38:25,2026-01-06 02:38:25,2026-01-06 02:38:25,2026-01-06 02:38:25,2026-01-06 02:38:25,2026-01-06 02:38:25" }, "geometry": { "type": "Polygon", "coordinates": [ [ [ -73.60393, 45.83955 ], [ -73.6038, 45.84474 ], [ -73.61017, 45.84742 ], [ -73.61668, 45.8449 ], [ -73.61681, 45.8397 ], [ -73.61043, 45.83703 ], [ -73.60393, 45.83955 ] ] ] } },
{ "type": "Feature", "properties": { "hex_id": 569666, "centroid_lon": -73.60991611824636, "centroid_lat": 45.857805784194341, "hours_count": 6.0, "datetimes_affected": "2026-01-06 02:38:25,2026-01-06 02:38:25,2026-01-06 02:38:25,2026-01-06 02:38:25,2026-01-06 02:38:25,2026-01-06 02:38:25" }, "geometry": { "type": "Polygon", "coordinates": [ [ [ -73.60354, 45.85513 ], [ -73.60341, 45.86032 ], [ -73.60979, 45.863 ], [ -73.61629, 45.86048 ], [ -73.61642, 45.85529 ], [ -73.61005, 45.85261 ], [ -73.60354, 45.85513 ] ] ] } },
{ "type": "Feature", "properties": { "hex_id": 570259, "centroid_lon": -73.61025709999133, "centroid_lat": 45.584986222418998, "hours_count": 6.0, "datetimes_affected": "2026-01-05 21:27:57,2026-01-05 21:27:57,2026-01-05 21:27:57,2026-01-05 21:27:57,2026-01-05 21:27:57,2026-01-05 21:27:57" }, "geometry": { "type": "Polygon", "coordinates": [ [ [ -73.60391, 45.58231 ], [ -73.60379, 45.58751 ], [ -73.61013, 45.59018 ], [ -73.6166, 45.58766 ], [ -73.61673, 45.58247 ], [ -73.61039, 45.57979 ], [ -73.60391, 45.58231 ] ] ] } },
{ "type": "Feature", "properties": { "hex_id": 570261, "centroid_lon": -73.609487181544594, "centroid_lat": 45.616157328046739, "hours_count": 6.0, "datetimes_affected": "2026-01-04 12:32:06,2026-01-04 12:32:06,2026-01-04 12:32:06,2026-01-04 12:32:06,2026-01-04 12:32:06,2026-01-04 12:32:06" }, "geometry": { "type": "Polygon", "coordinates": [ [ [ -73.60314, 45.61348 ], [ -73.60301, 45.61868 ], [ -73.60936, 45.62135 ], [ -73.61583, 45.61883 ], [ -73.61596, 45.61364 ], [ -73.60962, 45.61096 ], [ -73.60314, 45.61348 ] ] ] } },
{ "type": "Feature", "properties": { "hex_id": 570269, "centroid_lon": -73.606394840993303, "centroid_lat": 45.740839940482807, "hours_count": 30.0, "datetimes_affected": "2026-01-04 15:35:34,2026-01-04 15:35:34,2026-01-04 15:35:34,2026-01-04 15:35:34,2026-01-04 15:35:34,2026-01-04 15:35:34" }, "geometry": { "type": "Polygon", "coordinates": [ [ [ -73.60003, 45.73816 ], [ -73.5999, 45.74336 ], [ -73.60627, 45.74603 ], [ -73.61276, 45.74352 ], [ -73.61288, 45.73832 ], [ -73.60652, 45.73564 ], [ -73.60003, 45.73816 ] ] ] } },
{ "type": "Feature", "properties": { "hex_id": 570276, "centroid_lon": -73.603672322254724, "centroid_lat": 45.849934850025761, "hours_count": 6.0, "datetimes_affected": "2026-01-06 02:38:25,2026-01-06 02:38:25,2026-01-06 02:38:25,2026-01-06 02:38:25,2026-01-06 02:38:25,2026-01-06 02:38:25" }, "geometry": { "type": "Polygon", "coordinates": [ [ [ -73.5973, 45.84726 ], [ -73.59717, 45.85245 ], [ -73.60354, 45.85513 ], [ -73.61005, 45.85261 ], [ -73.61017, 45.84742 ], [ -73.6038, 45.84474 ], [ -73.5973, 45.84726 ] ] ] } },
{ "type": "Feature", "properties": { "hex_id": 570277, "centroid_lon": -73.603282110142473, "centroid_lat": 45.865519656005659, "hours_count": 6.0, "datetimes_affected": "2026-01-06 02:38:25,2026-01-06 02:38:25,2026-01-06 02:38:25,2026-01-06 02:38:25,2026-01-06 02:38:25,2026-01-06 02:38:25" }, "geometry": { "type": "Polygon", "coordinates": [ [ [ -73.59691, 45.86284 ], [ -73.59678, 45.86804 ], [ -73.60315, 45.87071 ], [ -73.60966, 45.8682 ], [ -73.60979, 45.863 ], [ -73.60341, 45.86032 ], [ -73.59691, 45.86284 ] ] ] } },
{ "type": "Feature", "properties": { "hex_id": 570862, "centroid_lon": -73.606738728060833, "centroid_lat": 45.468015135288233, "hours_count": 6.0, "datetimes_affected": "2026-01-05 21:27:57,2026-01-05 21:27:57,2026-01-05 21:27:57,2026-01-05 21:27:57,2026-01-05 21:27:57,2026-01-05 21:27:57" }, "geometry": { "type": "Polygon", "coordinates": [ [ [ -73.60041, 45.46534 ], [ -73.60028, 45.47053 ], [ -73.60661, 45.47321 ], [ -73.61307, 45.47069 ], [ -73.6132, 45.4655 ], [ -73.60687, 45.46282 ], [ -73.60041, 45.46534 ] ] ] } },
{ "type": "Feature", "properties": { "hex_id": 570867, "centroid_lon": -73.604814549221018, "centroid_lat": 45.545944045912073, "hours_count": 72.0, "datetimes_affected": "2026-01-03 08:39:49,2026-01-03 08:39:49,2026-01-03 08:39:49,2026-01-03 08:39:49,2026-01-03 08:39:49,2026-01-03 08:39:49" }, "geometry": { "type": "Polygon", "coordinates": [ [ [ -73.59848, 45.54327 ], [ -73.59835, 45.54846 ], [ -73.60469, 45.55114 ], [ -73.61115, 45.54862 ], [ -73.61128, 45.54342 ], [ -73.60494, 45.54075 ], [ -73.59848, 45.54327 ] ] ] } },
{ "type": "Feature", "properties": { "hex_id": 570869, "centroid_lon": -73.604042667586299, "centroid_lat": 45.577115293348641, "hours_count": 6.0, "datetimes_affected": "2026-01-05 21:27:57,2026-01-05 21:27:57,2026-01-05 21:27:57,2026-01-05 21:27:57,2026-01-05 21:27:57,2026-01-05 21:27:57" }, "geometry": { "type": "Polygon", "coordinates": [ [ [ -73.5977, 45.57444 ], [ -73.59757, 45.57963 ], [ -73.60391, 45.58231 ], [ -73.61039, 45.57979 ], [ -73.61051, 45.5746 ], [ -73.60417, 45.57192 ], [ -73.5977, 45.57444 ] ] ] } },
{ "type": "Feature", "properties": { "hex_id": 570879, "centroid_lon": -73.60016420708321, "centroid_lat": 45.732968814257077, "hours_count": 30.0, "datetimes_affected": "2026-01-04 15:35:34,2026-01-04 15:35:34,2026-01-04 15:35:34,2026-01-04 15:35:34,2026-01-04 15:35:34,2026-01-04 15:35:34" }, "geometry": { "type": "Polygon", "coordinates": [ [ [ -73.5938, 45.73029 ], [ -73.59367, 45.73549 ], [ -73.60003, 45.73816 ], [ -73.60652, 45.73564 ], [ -73.60665, 45.73045 ], [ -73.60029, 45.72777 ], [ -73.5938, 45.73029 ] ] ] } },
{ "type": "Feature", "properties": { "hex_id": 570880, "centroid_lon": -73.599774606906038, "centroid_lat": 45.748553917305571, "hours_count": 24.0, "datetimes_affected": "2026-01-04 15:35:34,2026-01-04 15:35:34,2026-01-04 15:35:34,2026-01-04 15:35:34,2026-01-04 15:35:34,2026-01-04 15:35:34" }, "geometry": { "type": "Polygon", "coordinates": [ [ [ -73.59341, 45.74588 ], [ -73.59328, 45.75107 ], [ -73.59964, 45.75375 ], [ -73.60614, 45.75123 ], [ -73.60627, 45.74603 ], [ -73.5999, 45.74336 ], [ -73.59341, 45.74588 ] ] ] } },
{ "type": "Feature", "properties": { "hex_id": 570886, "centroid_lon": -73.597430269744692, "centroid_lat": 45.842063584460107, "hours_count": 6.0, "datetimes_affected": "2026-01-06 02:38:25,2026-01-06 02:38:25,2026-01-06 02:38:25,2026-01-06 02:38:25,2026-01-06 02:38:25,2026-01-06 02:38:25" }, "geometry": { "type": "Polygon", "coordinates": [ [ [ -73.59106, 45.83939 ], [ -73.59093, 45.84458 ], [ -73.5973, 45.84726 ], [ -73.6038, 45.84474 ], [ -73.60393, 45.83955 ], [ -73.59756, 45.83687 ], [ -73.59106, 45.83939 ] ] ] } },
{ "type": "Feature", "properties": { "hex_id": 570887, "centroid_lon": -73.597038421160576, "centroid_lat": 45.857648370444089, "hours_count": 6.0, "datetimes_affected": "2026-01-06 02:38:25,2026-01-06 02:38:25,2026-01-06 02:38:25,2026-01-06 02:38:25,2026-01-06 02:38:25,2026-01-06 02:38:25" }, "geometry": { "type": "Polygon", "coordinates": [ [ [ -73.59067, 45.85497 ], [ -73.59053, 45.86017 ], [ -73.59691, 45.86284 ], [ -73.60341, 45.86032 ], [ -73.60354, 45.85513 ], [ -73.59717, 45.85245 ], [ -73.59067, 45.85497 ] ] ] } },
{ "type": "Feature", "properties": { "hex_id": 570888, "centroid_lon": -73.596646250069426, "centroid_lat": 45.873233111125018, "hours_count": 6.0, "datetimes_affected": "2026-01-06 02:38:25,2026-01-06 02:38:25,2026-01-06 02:38:25,2026-01-06 02:38:25,2026-01-06 02:38:25,2026-01-06 02:38:25" }, "geometry": { "type": "Polygon", "coordinates": [ [ [ -73.59027, 45.87056 ], [ -73.59014, 45.87575 ], [ -73.59652, 45.87843 ], [ -73.60302, 45.87591 ], [ -73.60315, 45.87071 ], [ -73.59678, 45.86804 ], [ -73.59027, 45.87056 ] ] ] } },
{ "type": "Feature", "properties": { "hex_id": 571480, "centroid_lon": -73.597441925112008, "centroid_lat": 45.584829572119887, "hours_count": 6.0, "datetimes_affected": "2026-01-05 21:27:57,2026-01-05 21:27:57,2026-01-05 21:27:57,2026-01-05 21:27:57,2026-01-05 21:27:57,2026-01-05 21:27:57" }, "geometry": { "type": "Polygon", "coordinates": [ [ [ -73.5911, 45.58215 ], [ -73.59097, 45.58735 ], [ -73.59731, 45.59002 ], [ -73.60379, 45.58751 ], [ -73.60391, 45.58231 ], [ -73.59757, 45.57963 ], [ -73.5911, 45.58215 ] ] ] } },
{ "type": "Feature", "properties": { "hex_id": 571490, "centroid_lon": -73.593544079683468, "centroid_lat": 45.740682441159549, "hours_count": 24.0, "datetimes_affected": "2026-01-04 15:35:34,2026-01-04 15:35:34,2026-01-04 15:35:34,2026-01-04 15:35:34,2026-01-04 15:35:34,2026-01-04 15:35:34" }, "geometry": { "type": "Polygon", "coordinates": [ [ [ -73.58718, 45.73801 ], [ -73.58705, 45.7432 ], [ -73.59341, 45.74588 ], [ -73.5999, 45.74336 ], [ -73.60003, 45.73816 ], [ -73.59367, 45.73549 ], [ -73.58718, 45.73801 ] ] ] } },
{ "type": "Feature", "properties": { "hex_id": 571497, "centroid_lon": -73.590796476098276, "centroid_lat": 45.849776753592984, "hours_count": 6.0, "datetimes_affected": "2026-01-06 02:38:25,2026-01-06 02:38:25,2026-01-06 02:38:25,2026-01-06 02:38:25,2026-01-06 02:38:25,2026-01-06 02:38:25" }, "geometry": { "type": "Polygon", "coordinates": [ [ [ -73.58442, 45.8471 ], [ -73.58429, 45.85229 ], [ -73.59067, 45.85497 ], [ -73.59717, 45.85245 ], [ -73.5973, 45.84726 ], [ -73.59093, 45.84458 ], [ -73.58442, 45.8471 ] ] ] } },
{ "type": "Feature", "properties": { "hex_id": 571498, "centroid_lon": -73.590402668644487, "centroid_lat": 45.865361474082533, "hours_count": 6.0, "datetimes_affected": "2026-01-06 02:38:25,2026-01-06 02:38:25,2026-01-06 02:38:25,2026-01-06 02:38:25,2026-01-06 02:38:25,2026-01-06 02:38:25" }, "geometry": { "type": "Polygon", "coordinates": [ [ [ -73.58403, 45.86268 ], [ -73.5839, 45.86788 ], [ -73.59027, 45.87056 ], [ -73.59678, 45.86804 ], [ -73.59691, 45.86284 ], [ -73.59053, 45.86017 ], [ -73.58403, 45.86268 ] ] ] } },
{ "type": "Feature", "properties": { "hex_id": 572090, "centroid_lon": -73.591229317283606, "centroid_lat": 45.576957966984061, "hours_count": 6.0, "datetimes_affected": "2026-01-05 21:27:57,2026-01-05 21:27:57,2026-01-05 21:27:57,2026-01-05 21:27:57,2026-01-05 21:27:57,2026-01-05 21:27:57" }, "geometry": { "type": "Polygon", "coordinates": [ [ [ -73.58489, 45.57428 ], [ -73.58476, 45.57948 ], [ -73.5911, 45.58215 ], [ -73.59757, 45.57963 ], [ -73.5977, 45.57444 ], [ -73.59136, 45.57176 ], [ -73.58489, 45.57428 ] ] ] } },
{ "type": "Feature", "properties": { "hex_id": 572107, "centroid_lon": -73.584556273970691, "centroid_lat": 45.841904805732689, "hours_count": 6.0, "datetimes_affected": "2026-01-06 02:38:25,2026-01-06 02:38:25,2026-01-06 02:38:25,2026-01-06 02:38:25,2026-01-06 02:38:25,2026-01-06 02:38:25" }, "geometry": { "type": "Polygon", "coordinates": [ [ [ -73.57819, 45.83923 ], [ -73.57805, 45.84442 ], [ -73.58442, 45.8471 ], [ -73.59093, 45.84458 ], [ -73.59106, 45.83939 ], [ -73.58469, 45.83671 ], [ -73.57819, 45.83923 ] ] ] } },
{ "type": "Feature", "properties": { "hex_id": 572108, "centroid_lon": -73.584160831577108, "centroid_lat": 45.857489505858197, "hours_count": 6.0, "datetimes_affected": "2026-01-06 02:38:25,2026-01-06 02:38:25,2026-01-06 02:38:25,2026-01-06 02:38:25,2026-01-06 02:38:25,2026-01-06 02:38:25" }, "geometry": { "type": "Polygon", "coordinates": [ [ [ -73.57779, 45.85481 ], [ -73.57766, 45.86001 ], [ -73.58403, 45.86268 ], [ -73.59053, 45.86017 ], [ -73.59067, 45.85497 ], [ -73.58429, 45.85229 ], [ -73.57779, 45.85481 ] ] ] } },
{ "type": "Feature", "properties": { "hex_id": 572701, "centroid_lon": -73.584626856331212, "centroid_lat": 45.584671484651956, "hours_count": 6.0, "datetimes_affected": "2026-01-05 21:27:57,2026-01-05 21:27:57,2026-01-05 21:27:57,2026-01-05 21:27:57,2026-01-05 21:27:57,2026-01-05 21:27:57" }, "geometry": { "type": "Polygon", "coordinates": [ [ [ -73.57828, 45.58199 ], [ -73.57815, 45.58719 ], [ -73.5845, 45.58987 ], [ -73.59097, 45.58735 ], [ -73.5911, 45.58215 ], [ -73.58476, 45.57948 ], [ -73.57828, 45.58199 ] ] ] } },
{ "type": "Feature", "properties": { "hex_id": 572718, "centroid_lon": -73.577920737881897, "centroid_lat": 45.849617206732276, "hours_count": 6.0, "datetimes_affected": "2026-01-06 02:38:25,2026-01-06 02:38:25,2026-01-06 02:38:25,2026-01-06 02:38:25,2026-01-06 02:38:25,2026-01-06 02:38:25" }, "geometry": { "type": "Polygon", "coordinates": [ [ [ -73.57155, 45.84694 ], [ -73.57142, 45.85213 ], [ -73.57779, 45.85481 ], [ -73.58429, 45.85229 ], [ -73.58442, 45.8471 ], [ -73.57805, 45.84442 ], [ -73.57155, 45.84694 ] ] ] } },
{ "type": "Feature", "properties": { "hex_id": 572719, "centroid_lon": -73.577523335196304, "centroid_lat": 45.865201840947641, "hours_count": 6.0, "datetimes_affected": "2026-01-06 02:38:25,2026-01-06 02:38:25,2026-01-06 02:38:25,2026-01-06 02:38:25,2026-01-06 02:38:25,2026-01-06 02:38:25" }, "geometry": { "type": "Polygon", "coordinates": [ [ [ -73.57115, 45.86252 ], [ -73.57102, 45.86772 ], [ -73.57739, 45.8704 ], [ -73.5839, 45.86788 ], [ -73.58403, 45.86268 ], [ -73.57766, 45.86001 ], [ -73.57115, 45.86252 ] ] ] } },
{ "type": "Feature", "properties": { "hex_id": 573328, "centroid_lon": -73.571682386574011, "centroid_lat": 45.841744576984965, "hours_count": 6.0, "datetimes_affected": "2026-01-06 02:38:25,2026-01-06 02:38:25,2026-01-06 02:38:25,2026-01-06 02:38:25,2026-01-06 02:38:25,2026-01-06 02:38:25" }, "geometry": { "type": "Polygon", "coordinates": [ [ [ -73.56531, 45.83907 ], [ -73.56518, 45.84426 ], [ -73.57155, 45.84694 ], [ -73.57805, 45.84442 ], [ -73.57819, 45.83923 ], [ -73.57182, 45.83655 ], [ -73.56531, 45.83907 ] ] ] } },
{ "type": "Feature", "properties": { "hex_id": 573329, "centroid_lon": -73.571283350481096, "centroid_lat": 45.857329190468398, "hours_count": 6.0, "datetimes_affected": "2026-01-06 02:38:25,2026-01-06 02:38:25,2026-01-06 02:38:25,2026-01-06 02:38:25,2026-01-06 02:38:25,2026-01-06 02:38:25" }, "geometry": { "type": "Polygon", "coordinates": [ [ [ -73.56491, 45.85465 ], [ -73.56478, 45.85985 ], [ -73.57115, 45.86252 ], [ -73.57766, 45.86001 ], [ -73.57779, 45.85481 ], [ -73.57142, 45.85213 ], [ -73.56491, 45.85465 ] ] ] } },
{ "type": "Feature", "properties": { "hex_id": 573939, "centroid_lon": -73.565045108590155, "centroid_lat": 45.849456209475498, "hours_count": 6.0, "datetimes_affected": "2026-01-06 02:38:25,2026-01-06 02:38:25,2026-01-06 02:38:25,2026-01-06 02:38:25,2026-01-06 02:38:25,2026-01-06 02:38:25" }, "geometry": { "type": "Polygon", "coordinates": [ [ [ -73.55867, 45.84678 ], [ -73.55854, 45.85197 ], [ -73.56491, 45.85465 ], [ -73.57142, 45.85213 ], [ -73.57155, 45.84694 ], [ -73.56518, 45.84426 ], [ -73.55867, 45.84678 ] ] ] } },
{ "type": "Feature", "properties": { "hex_id": 574549, "centroid_lon": -73.558808608538726, "centroid_lat": 45.841582898248959, "hours_count": 6.0, "datetimes_affected": "2026-01-06 02:38:25,2026-01-06 02:38:25,2026-01-06 02:38:25,2026-01-06 02:38:25,2026-01-06 02:38:25,2026-01-06 02:38:25" }, "geometry": { "type": "Polygon", "coordinates": [ [ [ -73.55244, 45.8389 ], [ -73.5523, 45.8441 ], [ -73.55867, 45.84678 ], [ -73.56518, 45.84426 ], [ -73.56531, 45.83907 ], [ -73.55894, 45.83639 ], [ -73.55244, 45.8389 ] ] ] } },
{ "type": "Feature", "properties": { "hex_id": 574550, "centroid_lon": -73.558405978857621, "centroid_lat": 45.857167424306759, "hours_count": 6.0, "datetimes_affected": "2026-01-06 02:38:25,2026-01-06 02:38:25,2026-01-06 02:38:25,2026-01-06 02:38:25,2026-01-06 02:38:25,2026-01-06 02:38:25" }, "geometry": { "type": "Polygon", "coordinates": [ [ [ -73.55203, 45.85449 ], [ -73.5519, 45.85968 ], [ -73.55827, 45.86236 ], [ -73.56478, 45.85985 ], [ -73.56491, 45.85465 ], [ -73.55854, 45.85197 ], [ -73.55203, 45.85449 ] ] ] } },
{ "type": "Feature", "properties": { "hex_id": 575160, "centroid_lon": -73.552169589207651, "centroid_lat": 45.849293761854824, "hours_count": 6.0, "datetimes_affected": "2026-01-06 02:38:25,2026-01-06 02:38:25,2026-01-06 02:38:25,2026-01-06 02:38:25,2026-01-06 02:38:25,2026-01-06 02:38:25" }, "geometry": { "type": "Polygon", "coordinates": [ [ [ -73.5458, 45.84661 ], [ -73.54566, 45.85181 ], [ -73.55203, 45.85449 ], [ -73.55854, 45.85197 ], [ -73.55867, 45.84678 ], [ -73.5523, 45.8441 ], [ -73.5458, 45.84661 ] ] ] } },
{ "type": "Feature", "properties": { "hex_id": 575740, "centroid_lon": -73.557967839464396, "centroid_lat": 45.373865489779625, "hours_count": 6.0, "datetimes_affected": "2026-01-06 02:38:25,2026-01-06 02:38:25,2026-01-06 02:38:25,2026-01-06 02:38:25,2026-01-06 02:38:25,2026-01-06 02:38:25" }, "geometry": { "type": "Polygon", "coordinates": [ [ [ -73.55165, 45.37119 ], [ -73.55152, 45.37638 ], [ -73.55784, 45.37906 ], [ -73.56429, 45.37654 ], [ -73.56442, 45.37135 ], [ -73.5581, 45.36867 ], [ -73.55165, 45.37119 ] ] ] } },
{ "type": "Feature", "properties": { "hex_id": 575770, "centroid_lon": -73.545934940848852, "centroid_lat": 45.84141976955695, "hours_count": 6.0, "datetimes_affected": "2026-01-06 02:38:25,2026-01-06 02:38:25,2026-01-06 02:38:25,2026-01-06 02:38:25,2026-01-06 02:38:25,2026-01-06 02:38:25" }, "geometry": { "type": "Polygon", "coordinates": [ [ [ -73.53957, 45.83874 ], [ -73.53943, 45.84394 ], [ -73.5458, 45.84661 ], [ -73.5523, 45.8441 ], [ -73.55244, 45.8389 ], [ -73.54607, 45.83622 ], [ -73.53957, 45.83874 ] ] ] } },
{ "type": "Feature", "properties": { "hex_id": 576350, "centroid_lon": -73.551783197501734, "centroid_lat": 45.365991806317112, "hours_count": 6.0, "datetimes_affected": "2026-01-06 02:38:25,2026-01-06 02:38:25,2026-01-06 02:38:25,2026-01-06 02:38:25,2026-01-06 02:38:25,2026-01-06 02:38:25" }, "geometry": { "type": "Polygon", "coordinates": [ [ [ -73.54547, 45.36331 ], [ -73.54533, 45.36851 ], [ -73.55165, 45.37119 ], [ -73.5581, 45.36867 ], [ -73.55823, 45.36347 ], [ -73.55192, 45.3608 ], [ -73.54547, 45.36331 ] ] ] } },
{ "type": "Feature", "properties": { "hex_id": 576351, "centroid_lon": -73.551385258206196, "centroid_lat": 45.381577587025738, "hours_count": 6.0, "datetimes_affected": "2026-01-06 02:38:25,2026-01-06 02:38:25,2026-01-06 02:38:25,2026-01-06 02:38:25,2026-01-06 02:38:25,2026-01-06 02:38:25" }, "geometry": { "type": "Polygon", "coordinates": [ [ [ -73.54507, 45.3789 ], [ -73.54493, 45.38409 ], [ -73.55125, 45.38677 ], [ -73.5577, 45.38426 ], [ -73.55784, 45.37906 ], [ -73.55152, 45.37638 ], [ -73.54507, 45.3789 ] ] ] } },
{ "type": "Feature", "properties": { "hex_id": 576960, "centroid_lon": -73.545600252938016, "centroid_lat": 45.358117798684141, "hours_count": 6.0, "datetimes_affected": "2026-01-06 02:38:25,2026-01-06 02:38:25,2026-01-06 02:38:25,2026-01-06 02:38:25,2026-01-06 02:38:25,2026-01-06 02:38:25" }, "geometry": { "type": "Polygon", "coordinates": [ [ [ -73.53929, 45.35544 ], [ -73.53915, 45.36063 ], [ -73.54547, 45.36331 ], [ -73.55192, 45.3608 ], [ -73.55205, 45.3556 ], [ -73.54573, 45.35292 ], [ -73.53929, 45.35544 ] ] ] } },
{ "type": "Feature", "properties": { "hex_id": 576961, "centroid_lon": -73.545200724729909, "centroid_lat": 45.373703558274542, "hours_count": 6.0, "datetimes_affected": "2026-01-06 02:38:25,2026-01-06 02:38:25,2026-01-06 02:38:25,2026-01-06 02:38:25,2026-01-06 02:38:25,2026-01-06 02:38:25" }, "geometry": { "type": "Polygon", "coordinates": [ [ [ -73.53888, 45.37102 ], [ -73.53875, 45.37622 ], [ -73.54507, 45.3789 ], [ -73.55152, 45.37638 ], [ -73.55165, 45.37119 ], [ -73.54533, 45.36851 ], [ -73.53888, 45.37102 ] ] ] } },
{ "type": "Feature", "properties": { "hex_id": 576962, "centroid_lon": -73.544800869630677, "centroid_lat": 45.389289272394116, "hours_count": 6.0, "datetimes_affected": "2026-01-06 02:38:25,2026-01-06 02:38:25,2026-01-06 02:38:25,2026-01-06 02:38:25,2026-01-06 02:38:25,2026-01-06 02:38:25" }, "geometry": { "type": "Polygon", "coordinates": [ [ [ -73.53848, 45.38661 ], [ -73.53835, 45.39181 ], [ -73.54467, 45.39448 ], [ -73.55112, 45.39197 ], [ -73.55125, 45.38677 ], [ -73.54493, 45.38409 ], [ -73.53848, 45.38661 ] ] ] } },
{ "type": "Feature", "properties": { "hex_id": 577568, "centroid_lon": -73.540220253147282, "centroid_lat": 45.319071854079816, "hours_count": 6.0, "datetimes_affected": "2026-01-06 02:38:25,2026-01-06 02:38:25,2026-01-06 02:38:25,2026-01-06 02:38:25,2026-01-06 02:38:25,2026-01-06 02:38:25" }, "geometry": { "type": "Polygon", "coordinates": [ [ [ -73.53391, 45.31639 ], [ -73.53378, 45.32159 ], [ -73.54009, 45.32427 ], [ -73.54653, 45.32175 ], [ -73.54666, 45.31656 ], [ -73.54035, 45.31388 ], [ -73.53391, 45.31639 ] ] ] } },
{ "type": "Feature", "properties": { "hex_id": 577569, "centroid_lon": -73.539819792733923, "centroid_lat": 45.334657683362082, "hours_count": 6.0, "datetimes_affected": "2026-01-06 02:38:25,2026-01-06 02:38:25,2026-01-06 02:38:25,2026-01-06 02:38:25,2026-01-06 02:38:25,2026-01-06 02:38:25" }, "geometry": { "type": "Polygon", "coordinates": [ [ [ -73.53351, 45.33198 ], [ -73.53337, 45.33717 ], [ -73.53969, 45.33985 ], [ -73.54613, 45.33734 ], [ -73.54627, 45.33214 ], [ -73.53995, 45.32946 ], [ -73.53351, 45.33198 ] ] ] } },
{ "type": "Feature", "properties": { "hex_id": 577570, "centroid_lon": -73.539419004819379, "centroid_lat": 45.35024346715597, "hours_count": 6.0, "datetimes_affected": "2026-01-06 02:38:25,2026-01-06 02:38:25,2026-01-06 02:38:25,2026-01-06 02:38:25,2026-01-06 02:38:25,2026-01-06 02:38:25" }, "geometry": { "type": "Polygon", "coordinates": [ [ [ -73.53311, 45.34756 ], [ -73.53297, 45.35276 ], [ -73.53929, 45.35544 ], [ -73.54573, 45.35292 ], [ -73.54587, 45.34773 ], [ -73.53955, 45.34505 ], [ -73.53311, 45.34756 ] ] ] } },
{ "type": "Feature", "properties": { "hex_id": 577571, "centroid_lon": -73.539017889075268, "centroid_lat": 45.365829205458866, "hours_count": 6.0, "datetimes_affected": "2026-01-06 02:38:25,2026-01-06 02:38:25,2026-01-06 02:38:25,2026-01-06 02:38:25,2026-01-06 02:38:25,2026-01-06 02:38:25" }, "geometry": { "type": "Polygon", "coordinates": [ [ [ -73.5327, 45.36315 ], [ -73.53257, 45.36834 ], [ -73.53888, 45.37102 ], [ -73.54533, 45.36851 ], [ -73.54547, 45.36331 ], [ -73.53915, 45.36063 ], [ -73.5327, 45.36315 ] ] ] } },
{ "type": "Feature", "properties": { "hex_id": 577572, "centroid_lon": -73.538616445172764, "centroid_lat": 45.381414898268211, "hours_count": 6.0, "datetimes_affected": "2026-01-06 02:38:25,2026-01-06 02:38:25,2026-01-06 02:38:25,2026-01-06 02:38:25,2026-01-06 02:38:25,2026-01-06 02:38:25" }, "geometry": { "type": "Polygon", "coordinates": [ [ [ -73.5323, 45.37874 ], [ -73.53216, 45.38393 ], [ -73.53848, 45.38661 ], [ -73.54493, 45.38409 ], [ -73.54507, 45.3789 ], [ -73.53875, 45.37622 ], [ -73.5323, 45.37874 ] ] ] } },
{ "type": "Feature", "properties": { "hex_id": 578178, "centroid_lon": -73.534043869048134, "centroid_lat": 45.311197241776561, "hours_count": 6.0, "datetimes_affected": "2026-01-06 02:38:25,2026-01-06 02:38:25,2026-01-06 02:38:25,2026-01-06 02:38:25,2026-01-06 02:38:25,2026-01-06 02:38:25" }, "geometry": { "type": "Polygon", "coordinates": [ [ [ -73.52773, 45.30852 ], [ -73.5276, 45.31371 ], [ -73.53391, 45.31639 ], [ -73.54035, 45.31388 ], [ -73.54049, 45.30868 ], [ -73.53418, 45.306 ], [ -73.52773, 45.30852 ] ] ] } },
{ "type": "Feature", "properties": { "hex_id": 578179, "centroid_lon": -73.533641825002633, "centroid_lat": 45.326783049647659, "hours_count": 6.0, "datetimes_affected": "2026-01-06 02:38:25,2026-01-06 02:38:25,2026-01-06 02:38:25,2026-01-06 02:38:25,2026-01-06 02:38:25,2026-01-06 02:38:25" }, "geometry": { "type": "Polygon", "coordinates": [ [ [ -73.52733, 45.3241 ], [ -73.5272, 45.3293 ], [ -73.53351, 45.33198 ], [ -73.53995, 45.32946 ], [ -73.54009, 45.32427 ], [ -73.53378, 45.32159 ], [ -73.52733, 45.3241 ] ] ] } },
{ "type": "Feature", "properties": { "hex_id": 578180, "centroid_lon": -73.533239452192419, "centroid_lat": 45.342368812007635, "hours_count": 6.0, "datetimes_affected": "2026-01-06 02:38:25,2026-01-06 02:38:25,2026-01-06 02:38:25,2026-01-06 02:38:25,2026-01-06 02:38:25,2026-01-06 02:38:25" }, "geometry": { "type": "Polygon", "coordinates": [ [ [ -73.52693, 45.33969 ], [ -73.52679, 45.34488 ], [ -73.53311, 45.34756 ], [ -73.53955, 45.34505 ], [ -73.53969, 45.33985 ], [ -73.53337, 45.33717 ], [ -73.52693, 45.33969 ] ] ] } },
{ "type": "Feature", "properties": { "hex_id": 578181, "centroid_lon": -73.532836750287942, "centroid_lat": 45.357954528853909, "hours_count": 6.0, "datetimes_affected": "2026-01-06 02:38:25,2026-01-06 02:38:25,2026-01-06 02:38:25,2026-01-06 02:38:25,2026-01-06 02:38:25,2026-01-06 02:38:25" }, "geometry": { "type": "Polygon", "coordinates": [ [ [ -73.52652, 45.35527 ], [ -73.52639, 45.36047 ], [ -73.5327, 45.36315 ], [ -73.53915, 45.36063 ], [ -73.53929, 45.35544 ], [ -73.53297, 45.35276 ], [ -73.52652, 45.35527 ] ] ] } },
{ "type": "Feature", "properties": { "hex_id": 578789, "centroid_lon": -73.527465550436858, "centroid_lat": 45.318908092756992, "hours_count": 6.0, "datetimes_affected": "2026-01-06 02:38:25,2026-01-06 02:38:25,2026-01-06 02:38:25,2026-01-06 02:38:25,2026-01-06 02:38:25,2026-01-06 02:38:25" }, "geometry": { "type": "Polygon", "coordinates": [ [ [ -73.52116, 45.31623 ], [ -73.52102, 45.32142 ], [ -73.52733, 45.3241 ], [ -73.53378, 45.32159 ], [ -73.53391, 45.31639 ], [ -73.5276, 45.31371 ], [ -73.52116, 45.31623 ] ] ] } },
{ "type": "Feature", "properties": { "hex_id": 578790, "centroid_lon": -73.527061594104282, "centroid_lat": 45.33449383351418, "hours_count": 6.0, "datetimes_affected": "2026-01-06 02:38:25,2026-01-06 02:38:25,2026-01-06 02:38:25,2026-01-06 02:38:25,2026-01-06 02:38:25,2026-01-06 02:38:25" }, "geometry": { "type": "Polygon", "coordinates": [ [ [ -73.52075, 45.33181 ], [ -73.52061, 45.33701 ], [ -73.52693, 45.33969 ], [ -73.53337, 45.33717 ], [ -73.53351, 45.33198 ], [ -73.5272, 45.3293 ], [ -73.52075, 45.33181 ] ] ] } },
{ "type": "Feature", "properties": { "hex_id": 578791, "centroid_lon": -73.526657307414055, "centroid_lat": 45.350079528734817, "hours_count": 6.0, "datetimes_affected": "2026-01-06 02:38:25,2026-01-06 02:38:25,2026-01-06 02:38:25,2026-01-06 02:38:25,2026-01-06 02:38:25,2026-01-06 02:38:25" }, "geometry": { "type": "Polygon", "coordinates": [ [ [ -73.52034, 45.3474 ], [ -73.52021, 45.35259 ], [ -73.52652, 45.35527 ], [ -73.53297, 45.35276 ], [ -73.53311, 45.34756 ], [ -73.52679, 45.34488 ], [ -73.52034, 45.3474 ] ] ] } },
{ "type": "Feature", "properties": { "hex_id": 578792, "centroid_lon": -73.526252690034937, "centroid_lat": 45.365665178416251, "hours_count": 6.0, "datetimes_affected": "2026-01-06 02:38:25,2026-01-06 02:38:25,2026-01-06 02:38:25,2026-01-06 02:38:25,2026-01-06 02:38:25,2026-01-06 02:38:25" }, "geometry": { "type": "Polygon", "coordinates": [ [ [ -73.51994, 45.36299 ], [ -73.5198, 45.36818 ], [ -73.52612, 45.37086 ], [ -73.53257, 45.36834 ], [ -73.5327, 45.36315 ], [ -73.52639, 45.36047 ], [ -73.51994, 45.36299 ] ] ] } },
{ "type": "Feature", "properties": { "hex_id": 579399, "centroid_lon": -73.521290968085111, "centroid_lat": 45.31103281296479, "hours_count": 6.0, "datetimes_affected": "2026-01-06 02:38:25,2026-01-06 02:38:25,2026-01-06 02:38:25,2026-01-06 02:38:25,2026-01-06 02:38:25,2026-01-06 02:38:25" }, "geometry": { "type": "Polygon", "coordinates": [ [ [ -73.51498, 45.30835 ], [ -73.51485, 45.31355 ], [ -73.52116, 45.31623 ], [ -73.5276, 45.31371 ], [ -73.52773, 45.30852 ], [ -73.52143, 45.30584 ], [ -73.51498, 45.30835 ] ] ] } },
{ "type": "Feature", "properties": { "hex_id": 579400, "centroid_lon": -73.520885429602558, "centroid_lat": 45.32661853195038, "hours_count": 6.0, "datetimes_affected": "2026-01-06 02:38:25,2026-01-06 02:38:25,2026-01-06 02:38:25,2026-01-06 02:38:25,2026-01-06 02:38:25,2026-01-06 02:38:25" }, "geometry": { "type": "Polygon", "coordinates": [ [ [ -73.51458, 45.32394 ], [ -73.51444, 45.32913 ], [ -73.52075, 45.33181 ], [ -73.5272, 45.3293 ], [ -73.52733, 45.3241 ], [ -73.52102, 45.32142 ], [ -73.51458, 45.32394 ] ] ] } },
{ "type": "Feature", "properties": { "hex_id": 579401, "centroid_lon": -73.520479559500316, "centroid_lat": 45.342204205376504, "hours_count": 6.0, "datetimes_affected": "2026-01-06 02:38:25,2026-01-06 02:38:25,2026-01-06 02:38:25,2026-01-06 02:38:25,2026-01-06 02:38:25,2026-01-06 02:38:25" }, "geometry": { "type": "Polygon", "coordinates": [ [ [ -73.51417, 45.33952 ], [ -73.51403, 45.34472 ], [ -73.52034, 45.3474 ], [ -73.52679, 45.34488 ], [ -73.52693, 45.33969 ], [ -73.52061, 45.33701 ], [ -73.51417, 45.33952 ] ] ] } },
{ "type": "Feature", "properties": { "hex_id": 579402, "centroid_lon": -73.520073357445938, "centroid_lat": 45.357789833240517, "hours_count": 6.0, "datetimes_affected": "2026-01-06 02:38:25,2026-01-06 02:38:25,2026-01-06 02:38:25,2026-01-06 02:38:25,2026-01-06 02:38:25,2026-01-06 02:38:25" }, "geometry": { "type": "Polygon", "coordinates": [ [ [ -73.51376, 45.35511 ], [ -73.51362, 45.3603 ], [ -73.51994, 45.36299 ], [ -73.52639, 45.36047 ], [ -73.52652, 45.35527 ], [ -73.52021, 45.35259 ], [ -73.51376, 45.35511 ] ] ] } },
{ "type": "Feature", "properties": { "hex_id": 580009, "centroid_lon": -73.515118076996544, "centroid_lat": 45.303157210545564, "hours_count": 6.0, "datetimes_affected": "2026-01-06 02:38:25,2026-01-06 02:38:25,2026-01-06 02:38:25,2026-01-06 02:38:25,2026-01-06 02:38:25,2026-01-06 02:38:25" }, "geometry": { "type": "Polygon", "coordinates": [ [ [ -73.50881, 45.30048 ], [ -73.50867, 45.30567 ], [ -73.51498, 45.30835 ], [ -73.52143, 45.30584 ], [ -73.52156, 45.30064 ], [ -73.51525, 45.29796 ], [ -73.50881, 45.30048 ] ] ] } },
{ "type": "Feature", "properties": { "hex_id": 580010, "centroid_lon": -73.51471095773536, "centroid_lat": 45.318742907590938, "hours_count": 6.0, "datetimes_affected": "2026-01-06 02:38:25,2026-01-06 02:38:25,2026-01-06 02:38:25,2026-01-06 02:38:25,2026-01-06 02:38:25,2026-01-06 02:38:25" }, "geometry": { "type": "Polygon", "coordinates": [ [ [ -73.5084, 45.31606 ], [ -73.50827, 45.32126 ], [ -73.51458, 45.32394 ], [ -73.52102, 45.32142 ], [ -73.52116, 45.31623 ], [ -73.51485, 45.31355 ], [ -73.5084, 45.31606 ] ] ] } },
{ "type": "Feature", "properties": { "hex_id": 580011, "centroid_lon": -73.514303505593844, "centroid_lat": 45.334328559053866, "hours_count": 6.0, "datetimes_affected": "2026-01-06 02:38:25,2026-01-06 02:38:25,2026-01-06 02:38:25,2026-01-06 02:38:25,2026-01-06 02:38:25,2026-01-06 02:38:25" }, "geometry": { "type": "Polygon", "coordinates": [ [ [ -73.50799, 45.33165 ], [ -73.50786, 45.33684 ], [ -73.51417, 45.33952 ], [ -73.52061, 45.33701 ], [ -73.52075, 45.33181 ], [ -73.51444, 45.32913 ], [ -73.50799, 45.33165 ] ] ] } },
{ "type": "Feature", "properties": { "hex_id": 580012, "centroid_lon": -73.513895720238352, "centroid_lat": 45.349914164931661, "hours_count": 6.0, "datetimes_affected": "2026-01-06 02:38:25,2026-01-06 02:38:25,2026-01-06 02:38:25,2026-01-06 02:38:25,2026-01-06 02:38:25,2026-01-06 02:38:25" }, "geometry": { "type": "Polygon", "coordinates": [ [ [ -73.50758, 45.34723 ], [ -73.50745, 45.35243 ], [ -73.51376, 45.35511 ], [ -73.52021, 45.35259 ], [ -73.52034, 45.3474 ], [ -73.51403, 45.34472 ], [ -73.50758, 45.34723 ] ] ] } },
{ "type": "Feature", "properties": { "hex_id": 580013, "centroid_lon": -73.513487601334788, "centroid_lat": 45.365499725221625, "hours_count": 6.0, "datetimes_affected": "2026-01-06 02:38:25,2026-01-06 02:38:25,2026-01-06 02:38:25,2026-01-06 02:38:25,2026-01-06 02:38:25,2026-01-06 02:38:25" }, "geometry": { "type": "Polygon", "coordinates": [ [ [ -73.50717, 45.36282 ], [ -73.50704, 45.36801 ], [ -73.51335, 45.37069 ], [ -73.5198, 45.36818 ], [ -73.51994, 45.36299 ], [ -73.51362, 45.3603 ], [ -73.50717, 45.36282 ] ] ] } },
{ "type": "Feature", "properties": { "hex_id": 580620, "centroid_lon": -73.508538177551344, "centroid_lat": 45.310866960710428, "hours_count": 6.0, "datetimes_affected": "2026-01-06 02:38:25,2026-01-06 02:38:25,2026-01-06 02:38:25,2026-01-06 02:38:25,2026-01-06 02:38:25,2026-01-06 02:38:25" }, "geometry": { "type": "Polygon", "coordinates": [ [ [ -73.50223, 45.30819 ], [ -73.50209, 45.31338 ], [ -73.5084, 45.31606 ], [ -73.51485, 45.31355 ], [ -73.51498, 45.30835 ], [ -73.50867, 45.30567 ], [ -73.50223, 45.30819 ] ] ] } },
{ "type": "Feature", "properties": { "hex_id": 580621, "centroid_lon": -73.508129144742355, "centroid_lat": 45.326452590041562, "hours_count": 6.0, "datetimes_affected": "2026-01-06 02:38:25,2026-01-06 02:38:25,2026-01-06 02:38:25,2026-01-06 02:38:25,2026-01-06 02:38:25,2026-01-06 02:38:25" }, "geometry": { "type": "Polygon", "coordinates": [ [ [ -73.50182, 45.32377 ], [ -73.50168, 45.32897 ], [ -73.50799, 45.33165 ], [ -73.51444, 45.32913 ], [ -73.51458, 45.32394 ], [ -73.50827, 45.32126 ], [ -73.50182, 45.32377 ] ] ] } },
{ "type": "Feature", "properties": { "hex_id": 580622, "centroid_lon": -73.50771977745886, "centroid_lat": 45.342038173764465, "hours_count": 6.0, "datetimes_affected": "2026-01-06 02:38:25,2026-01-06 02:38:25,2026-01-06 02:38:25,2026-01-06 02:38:25,2026-01-06 02:38:25,2026-01-06 02:38:25" }, "geometry": { "type": "Polygon", "coordinates": [ [ [ -73.50141, 45.33936 ], [ -73.50127, 45.34455 ], [ -73.50758, 45.34723 ], [ -73.51403, 45.34472 ], [ -73.51417, 45.33952 ], [ -73.50786, 45.33684 ], [ -73.50141, 45.33936 ] ] ] } },
{ "type": "Feature", "properties": { "hex_id": 580623, "centroid_lon": -73.507310075365623, "centroid_lat": 45.35762371187645, "hours_count": 6.0, "datetimes_affected": "2026-01-06 02:38:25,2026-01-06 02:38:25,2026-01-06 02:38:25,2026-01-06 02:38:25,2026-01-06 02:38:25,2026-01-06 02:38:25" }, "geometry": { "type": "Polygon", "coordinates": [ [ [ -73.501, 45.35494 ], [ -73.50086, 45.36014 ], [ -73.50717, 45.36282 ], [ -73.51362, 45.3603 ], [ -73.51376, 45.35511 ], [ -73.50745, 45.35243 ], [ -73.501, 45.35494 ] ] ] } },
{ "type": "Feature", "properties": { "hex_id": 581230, "centroid_lon": -73.502367088099589, "centroid_lat": 45.302990691583283, "hours_count": 6.0, "datetimes_affected": "2026-01-06 02:38:25,2026-01-06 02:38:25,2026-01-06 02:38:25,2026-01-06 02:38:25,2026-01-06 02:38:25,2026-01-06 02:38:25" }, "geometry": { "type": "Polygon", "coordinates": [ [ [ -73.49606, 45.30031 ], [ -73.49592, 45.3055 ], [ -73.50223, 45.30819 ], [ -73.50867, 45.30567 ], [ -73.50881, 45.30048 ], [ -73.5025, 45.2978 ], [ -73.49606, 45.30031 ] ] ] } },
{ "type": "Feature", "properties": { "hex_id": 581231, "centroid_lon": -73.501956475993978, "centroid_lat": 45.31857629861419, "hours_count": 6.0, "datetimes_affected": "2026-01-06 02:38:25,2026-01-06 02:38:25,2026-01-06 02:38:25,2026-01-06 02:38:25,2026-01-06 02:38:25,2026-01-06 02:38:25" }, "geometry": { "type": "Polygon", "coordinates": [ [ [ -73.49565, 45.31589 ], [ -73.49551, 45.32109 ], [ -73.50182, 45.32377 ], [ -73.50827, 45.32126 ], [ -73.5084, 45.31606 ], [ -73.50209, 45.31338 ], [ -73.49565, 45.31589 ] ] ] } },
{ "type": "Feature", "properties": { "hex_id": 581232, "centroid_lon": -73.501545528154722, "centroid_lat": 45.334161860013708, "hours_count": 6.0, "datetimes_affected": "2026-01-06 02:38:25,2026-01-06 02:38:25,2026-01-06 02:38:25,2026-01-06 02:38:25,2026-01-06 02:38:25,2026-01-06 02:38:25" }, "geometry": { "type": "Polygon", "coordinates": [ [ [ -73.49524, 45.33148 ], [ -73.4951, 45.33668 ], [ -73.50141, 45.33936 ], [ -73.50786, 45.33684 ], [ -73.50799, 45.33165 ], [ -73.50168, 45.32897 ], [ -73.49524, 45.33148 ] ] ] } },
{ "type": "Feature", "properties": { "hex_id": 581233, "centroid_lon": -73.501134244245335, "centroid_lat": 45.349747375779103, "hours_count": 6.0, "datetimes_affected": "2026-01-06 02:38:25,2026-01-06 02:38:25,2026-01-06 02:38:25,2026-01-06 02:38:25,2026-01-06 02:38:25,2026-01-06 02:38:25" }, "geometry": { "type": "Polygon", "coordinates": [ [ [ -73.49482, 45.34707 ], [ -73.49468, 45.35226 ], [ -73.501, 45.35494 ], [ -73.50745, 45.35243 ], [ -73.50758, 45.34723 ], [ -73.50127, 45.34455 ], [ -73.49482, 45.34707 ] ] ] } },
{ "type": "Feature", "properties": { "hex_id": 581234, "centroid_lon": -73.500722623928837, "centroid_lat": 45.365332845907602, "hours_count": 6.0, "datetimes_affected": "2026-01-06 02:38:25,2026-01-06 02:38:25,2026-01-06 02:38:25,2026-01-06 02:38:25,2026-01-06 02:38:25,2026-01-06 02:38:25" }, "geometry": { "type": "Polygon", "coordinates": [ [ [ -73.49441, 45.36265 ], [ -73.49427, 45.36785 ], [ -73.50059, 45.37053 ], [ -73.50704, 45.36801 ], [ -73.50717, 45.36282 ], [ -73.50086, 45.36014 ], [ -73.49441, 45.36265 ] ] ] } },
{ "type": "Feature", "properties": { "hex_id": 581840, "centroid_lon": -73.496197688429746, "centroid_lat": 45.295114100483779, "hours_count": 6.0, "datetimes_affected": "2026-01-06 02:38:25,2026-01-06 02:38:25,2026-01-06 02:38:25,2026-01-06 02:38:25,2026-01-06 02:38:25,2026-01-06 02:38:25" }, "geometry": { "type": "Polygon", "coordinates": [ [ [ -73.48989, 45.29243 ], [ -73.48975, 45.29763 ], [ -73.49606, 45.30031 ], [ -73.5025, 45.2978 ], [ -73.50264, 45.2926 ], [ -73.49634, 45.28992 ], [ -73.48989, 45.29243 ] ] ] } },
{ "type": "Feature", "properties": { "hex_id": 581841, "centroid_lon": -73.495785498397424, "centroid_lat": 45.310699685046174, "hours_count": 6.0, "datetimes_affected": "2026-01-06 02:38:25,2026-01-06 02:38:25,2026-01-06 02:38:25,2026-01-06 02:38:25,2026-01-06 02:38:25,2026-01-06 02:38:25" }, "geometry": { "type": "Polygon", "coordinates": [ [ [ -73.48948, 45.30802 ], [ -73.48934, 45.31321 ], [ -73.49565, 45.31589 ], [ -73.50209, 45.31338 ], [ -73.50223, 45.30819 ], [ -73.49592, 45.3055 ], [ -73.48948, 45.30802 ] ] ] } },
{ "type": "Feature", "properties": { "hex_id": 581842, "centroid_lon": -73.495372971373612, "centroid_lat": 45.326285223953931, "hours_count": 6.0, "datetimes_affected": "2026-01-06 02:38:25,2026-01-06 02:38:25,2026-01-06 02:38:25,2026-01-06 02:38:25,2026-01-06 02:38:25,2026-01-06 02:38:25" }, "geometry": { "type": "Polygon", "coordinates": [ [ [ -73.48906, 45.3236 ], [ -73.48893, 45.3288 ], [ -73.49524, 45.33148 ], [ -73.50168, 45.32897 ], [ -73.50182, 45.32377 ], [ -73.49551, 45.32109 ], [ -73.48906, 45.3236 ] ] ] } },
{ "type": "Feature", "properties": { "hex_id": 581843, "centroid_lon": -73.494960107020674, "centroid_lat": 45.341870717204273, "hours_count": 6.0, "datetimes_affected": "2026-01-06 02:38:25,2026-01-06 02:38:25,2026-01-06 02:38:25,2026-01-06 02:38:25,2026-01-06 02:38:25,2026-01-06 02:38:25" }, "geometry": { "type": "Polygon", "coordinates": [ [ [ -73.48865, 45.33919 ], [ -73.48851, 45.34438 ], [ -73.49482, 45.34707 ], [ -73.50127, 45.34455 ], [ -73.50141, 45.33936 ], [ -73.4951, 45.33668 ], [ -73.48865, 45.33919 ] ] ] } },
{ "type": "Feature", "properties": { "hex_id": 581844, "centroid_lon": -73.494546905000462, "centroid_lat": 45.357456164794442, "hours_count": 6.0, "datetimes_affected": "2026-01-06 02:38:25,2026-01-06 02:38:25,2026-01-06 02:38:25,2026-01-06 02:38:25,2026-01-06 02:38:25,2026-01-06 02:38:25" }, "geometry": { "type": "Polygon", "coordinates": [ [ [ -73.48823, 45.35477 ], [ -73.4881, 45.35997 ], [ -73.49441, 45.36265 ], [ -73.50086, 45.36014 ], [ -73.501, 45.35494 ], [ -73.49468, 45.35226 ], [ -73.48823, 45.35477 ] ] ] } },
{ "type": "Feature", "properties": { "hex_id": 581870, "centroid_lon": -73.483684012007743, "centroid_lat": 45.76266176653602, "hours_count": 6.0, "datetimes_affected": "2026-01-04 01:48:42,2026-01-04 01:48:42,2026-01-04 01:48:42,2026-01-04 01:48:42,2026-01-04 01:48:42,2026-01-04 01:48:42" }, "geometry": { "type": "Polygon", "coordinates": [ [ [ -73.47733, 45.75998 ], [ -73.47719, 45.76517 ], [ -73.48354, 45.76786 ], [ -73.49004, 45.76534 ], [ -73.49018, 45.76015 ], [ -73.48382, 45.75747 ], [ -73.47733, 45.75998 ] ] ] } },
{ "type": "Feature", "properties": { "hex_id": 582451, "centroid_lon": -73.489616211001831, "centroid_lat": 45.302822749611813, "hours_count": 6.0, "datetimes_affected": "2026-01-06 02:38:25,2026-01-06 02:38:25,2026-01-06 02:38:25,2026-01-06 02:38:25,2026-01-06 02:38:25,2026-01-06 02:38:25" }, "geometry": { "type": "Polygon", "coordinates": [ [ [ -73.48331, 45.30014 ], [ -73.48317, 45.30534 ], [ -73.48948, 45.30802 ], [ -73.49592, 45.3055 ], [ -73.49606, 45.30031 ], [ -73.48975, 45.29763 ], [ -73.48331, 45.30014 ] ] ] } },
{ "type": "Feature", "properties": { "hex_id": 582452, "centroid_lon": -73.489202106163788, "centroid_lat": 45.318408265859567, "hours_count": 6.0, "datetimes_affected": "2026-01-06 02:38:25,2026-01-06 02:38:25,2026-01-06 02:38:25,2026-01-06 02:38:25,2026-01-06 02:38:25,2026-01-06 02:38:25" }, "geometry": { "type": "Polygon", "coordinates": [ [ [ -73.48289, 45.31573 ], [ -73.48276, 45.32092 ], [ -73.48906, 45.3236 ], [ -73.49551, 45.32109 ], [ -73.49565, 45.31589 ], [ -73.48934, 45.31321 ], [ -73.48289, 45.31573 ] ] ] } },
{ "type": "Feature", "properties": { "hex_id": 582453, "centroid_lon": -73.488787662738957, "centroid_lat": 45.333993736426571, "hours_count": 6.0, "datetimes_affected": "2026-01-06 02:38:25,2026-01-06 02:38:25,2026-01-06 02:38:25,2026-01-06 02:38:25,2026-01-06 02:38:25,2026-01-06 02:38:25" }, "geometry": { "type": "Polygon", "coordinates": [ [ [ -73.48248, 45.33131 ], [ -73.48234, 45.33651 ], [ -73.48865, 45.33919 ], [ -73.4951, 45.33668 ], [ -73.49524, 45.33148 ], [ -73.48893, 45.3288 ], [ -73.48248, 45.33131 ] ] ] } },
{ "type": "Feature", "properties": { "hex_id": 582454, "centroid_lon": -73.488372880387971, "centroid_lat": 45.349579161310039, "hours_count": 6.0, "datetimes_affected": "2026-01-06 02:38:25,2026-01-06 02:38:25,2026-01-06 02:38:25,2026-01-06 02:38:25,2026-01-06 02:38:25,2026-01-06 02:38:25" }, "geometry": { "type": "Polygon", "coordinates": [ [ [ -73.48206, 45.3469 ], [ -73.48192, 45.35209 ], [ -73.48823, 45.35477 ], [ -73.49468, 45.35226 ], [ -73.49482, 45.34707 ], [ -73.48851, 45.34438 ], [ -73.48206, 45.3469 ] ] ] } },
{ "type": "Feature", "properties": { "hex_id": 582456, "centroid_lon": -73.487542297547861, "centroid_lat": 45.380749874015073, "hours_count": 12.0, "datetimes_affected": "2026-01-05 16:34:04,2026-01-05 16:34:04,2026-01-05 16:34:04,2026-01-05 16:34:04,2026-01-05 16:34:04,2026-01-05 16:34:04" }, "geometry": { "type": "Polygon", "coordinates": [ [ [ -73.48123, 45.37807 ], [ -73.48109, 45.38326 ], [ -73.4874, 45.38594 ], [ -73.49386, 45.38343 ], [ -73.494, 45.37824 ], [ -73.48768, 45.37555 ], [ -73.48123, 45.37807 ] ] ] } },
{ "type": "Feature", "properties": { "hex_id": 582461, "centroid_lon": -73.485459885393823, "centroid_lat": 45.458675856120891, "hours_count": 12.0, "datetimes_affected": "2026-01-04 08:40:50,2026-01-04 08:40:50,2026-01-04 08:40:50,2026-01-04 08:40:50,2026-01-04 08:40:50,2026-01-04 08:40:50" }, "geometry": { "type": "Polygon", "coordinates": [ [ [ -73.47914, 45.45599 ], [ -73.479, 45.46119 ], [ -73.48532, 45.46387 ], [ -73.49178, 45.46136 ], [ -73.49192, 45.45616 ], [ -73.4856, 45.45348 ], [ -73.47914, 45.45599 ] ] ] } },
{ "type": "Feature", "properties": { "hex_id": 582462, "centroid_lon": -73.485042379359768, "centroid_lat": 45.474260915435998, "hours_count": 36.0, "datetimes_affected": "2026-01-05 00:50:46,2026-01-05 00:50:46,2026-01-05 00:50:46,2026-01-05 00:50:46,2026-01-05 00:50:46,2026-01-05 00:50:46" }, "geometry": { "type": "Polygon", "coordinates": [ [ [ -73.47872, 45.47158 ], [ -73.47858, 45.47677 ], [ -73.4849, 45.47946 ], [ -73.49137, 45.47694 ], [ -73.49151, 45.47175 ], [ -73.48518, 45.46907 ], [ -73.47872, 45.47158 ] ] ] } },
{ "type": "Feature", "properties": { "hex_id": 582478, "centroid_lon": -73.478315535347122, "centroid_lat": 45.723615646305539, "hours_count": 72.0, "datetimes_affected": "2026-01-03 08:39:49,2026-01-03 08:39:49,2026-01-03 08:39:49,2026-01-03 08:39:49,2026-01-03 08:39:49,2026-01-03 08:39:49" }, "geometry": { "type": "Polygon", "coordinates": [ [ [ -73.47196, 45.72093 ], [ -73.47182, 45.72613 ], [ -73.47817, 45.72881 ], [ -73.48467, 45.7263 ], [ -73.48481, 45.7211 ], [ -73.47846, 45.71842 ], [ -73.47196, 45.72093 ] ] ] } },
{ "type": "Feature", "properties": { "hex_id": 582481, "centroid_lon": -73.477044389607613, "centroid_lat": 45.770368354766411, "hours_count": 6.0, "datetimes_affected": "2026-01-04 01:48:42,2026-01-04 01:48:42,2026-01-04 01:48:42,2026-01-04 01:48:42,2026-01-04 01:48:42,2026-01-04 01:48:42" }, "geometry": { "type": "Polygon", "coordinates": [ [ [ -73.47069, 45.76769 ], [ -73.47055, 45.77288 ], [ -73.4769, 45.77556 ], [ -73.4834, 45.77305 ], [ -73.48354, 45.76786 ], [ -73.47719, 45.76517 ], [ -73.47069, 45.76769 ] ] ] } },
{ "type": "Feature", "properties": { "hex_id": 583061, "centroid_lon": -73.483448612856918, "centroid_lat": 45.294945492585292, "hours_count": 6.0, "datetimes_affected": "2026-01-06 02:38:25,2026-01-06 02:38:25,2026-01-06 02:38:25,2026-01-06 02:38:25,2026-01-06 02:38:25,2026-01-06 02:38:25" }, "geometry": { "type": "Polygon", "coordinates": [ [ [ -73.47714, 45.29226 ], [ -73.477, 45.29746 ], [ -73.48331, 45.30014 ], [ -73.48975, 45.29763 ], [ -73.48989, 45.29243 ], [ -73.48359, 45.28975 ], [ -73.47714, 45.29226 ] ] ] } },
{ "type": "Feature", "properties": { "hex_id": 583062, "centroid_lon": -73.483032931573973, "centroid_lat": 45.310530986004963, "hours_count": 6.0, "datetimes_affected": "2026-01-06 02:38:25,2026-01-06 02:38:25,2026-01-06 02:38:25,2026-01-06 02:38:25,2026-01-06 02:38:25,2026-01-06 02:38:25" }, "geometry": { "type": "Polygon", "coordinates": [ [ [ -73.47673, 45.30785 ], [ -73.47659, 45.31304 ], [ -73.48289, 45.31573 ], [ -73.48934, 45.31321 ], [ -73.48948, 45.30802 ], [ -73.48317, 45.30534 ], [ -73.47673, 45.30785 ] ] ] } },
{ "type": "Feature", "properties": { "hex_id": 583063, "centroid_lon": -73.482616910447916, "centroid_lat": 45.326116433720443, "hours_count": 6.0, "datetimes_affected": "2026-01-06 02:38:25,2026-01-06 02:38:25,2026-01-06 02:38:25,2026-01-06 02:38:25,2026-01-06 02:38:25,2026-01-06 02:38:25" }, "geometry": { "type": "Polygon", "coordinates": [ [ [ -73.47631, 45.32343 ], [ -73.47617, 45.32863 ], [ -73.48248, 45.33131 ], [ -73.48893, 45.3288 ], [ -73.48906, 45.3236 ], [ -73.48276, 45.32092 ], [ -73.47631, 45.32343 ] ] ] } },
{ "type": "Feature", "properties": { "hex_id": 583064, "centroid_lon": -73.482200549138241, "centroid_lat": 45.341701835728912, "hours_count": 6.0, "datetimes_affected": "2026-01-06 02:38:25,2026-01-06 02:38:25,2026-01-06 02:38:25,2026-01-06 02:38:25,2026-01-06 02:38:25,2026-01-06 02:38:25" }, "geometry": { "type": "Polygon", "coordinates": [ [ [ -73.47589, 45.33902 ], [ -73.47575, 45.34421 ], [ -73.48206, 45.3469 ], [ -73.48851, 45.34438 ], [ -73.48865, 45.33919 ], [ -73.48234, 45.33651 ], [ -73.47589, 45.33902 ] ] ] } },
{ "type": "Feature", "properties": { "hex_id": 583065, "centroid_lon": -73.481783847303916, "centroid_lat": 45.357287192027563, "hours_count": 6.0, "datetimes_affected": "2026-01-06 02:38:25,2026-01-06 02:38:25,2026-01-06 02:38:25,2026-01-06 02:38:25,2026-01-06 02:38:25,2026-01-06 02:38:25" }, "geometry": { "type": "Polygon", "coordinates": [ [ [ -73.47547, 45.3546 ], [ -73.47533, 45.3598 ], [ -73.48164, 45.36248 ], [ -73.4881, 45.35997 ], [ -73.48823, 45.35477 ], [ -73.48192, 45.35209 ], [ -73.47547, 45.3546 ] ] ] } },
{ "type": "Feature", "properties": { "hex_id": 583066, "centroid_lon": -73.481366804603439, "centroid_lat": 45.372872502613561, "hours_count": 12.0, "datetimes_affected": "2026-01-05 16:34:04,2026-01-05 16:34:04,2026-01-05 16:34:04,2026-01-05 16:34:04,2026-01-05 16:34:04,2026-01-05 16:34:04" }, "geometry": { "type": "Polygon", "coordinates": [ [ [ -73.47505, 45.37019 ], [ -73.47491, 45.37539 ], [ -73.48123, 45.37807 ], [ -73.48768, 45.37555 ], [ -73.48782, 45.37036 ], [ -73.48151, 45.36768 ], [ -73.47505, 45.37019 ] ] ] } },
{ "type": "Feature", "properties": { "hex_id": 583071, "centroid_lon": -73.479276466123167, "centroid_lat": 45.450798369755717, "hours_count": 12.0, "datetimes_affected": "2026-01-04 08:40:50,2026-01-04 08:40:50,2026-01-04 08:40:50,2026-01-04 08:40:50,2026-01-04 08:40:50,2026-01-04 08:40:50" }, "geometry": { "type": "Polygon", "coordinates": [ [ [ -73.47295, 45.44812 ], [ -73.47281, 45.45331 ], [ -73.47914, 45.45599 ], [ -73.4856, 45.45348 ], [ -73.48574, 45.44829 ], [ -73.47942, 45.4456 ], [ -73.47295, 45.44812 ] ] ] } },
{ "type": "Feature", "properties": { "hex_id": 583072, "centroid_lon": -73.478857371027516, "centroid_lat": 45.466383406007104, "hours_count": 36.0, "datetimes_affected": "2026-01-05 00:50:46,2026-01-05 00:50:46,2026-01-05 00:50:46,2026-01-05 00:50:46,2026-01-05 00:50:46,2026-01-05 00:50:46" }, "geometry": { "type": "Polygon", "coordinates": [ [ [ -73.47253, 45.4637 ], [ -73.47239, 45.4689 ], [ -73.47872, 45.47158 ], [ -73.48518, 45.46907 ], [ -73.48532, 45.46387 ], [ -73.479, 45.46119 ], [ -73.47253, 45.4637 ] ] ] } },
{ "type": "Feature", "properties": { "hex_id": 583091, "centroid_lon": -73.470828946758743, "centroid_lat": 45.762490402580575, "hours_count": 6.0, "datetimes_affected": "2026-01-04 01:48:42,2026-01-04 01:48:42,2026-01-04 01:48:42,2026-01-04 01:48:42,2026-01-04 01:48:42,2026-01-04 01:48:42" }, "geometry": { "type": "Polygon", "coordinates": [ [ [ -73.46447, 45.75981 ], [ -73.46433, 45.765 ], [ -73.47069, 45.76769 ], [ -73.47719, 45.76517 ], [ -73.47733, 45.75998 ], [ -73.47097, 45.7573 ], [ -73.46447, 45.75981 ] ] ] } },
{ "type": "Feature", "properties": { "hex_id": 583672, "centroid_lon": -73.476865446653377, "centroid_lat": 45.302653384664239, "hours_count": 6.0, "datetimes_affected": "2026-01-06 02:38:25,2026-01-06 02:38:25,2026-01-06 02:38:25,2026-01-06 02:38:25,2026-01-06 02:38:25,2026-01-06 02:38:25" }, "geometry": { "type": "Polygon", "coordinates": [ [ [ -73.47056, 45.29997 ], [ -73.47042, 45.30517 ], [ -73.47673, 45.30785 ], [ -73.48317, 45.30534 ], [ -73.48331, 45.30014 ], [ -73.477, 45.29746 ], [ -73.47056, 45.29997 ] ] ] } },
{ "type": "Feature", "properties": { "hex_id": 583673, "centroid_lon": -73.47644784919585, "centroid_lat": 45.318238809360189, "hours_count": 6.0, "datetimes_affected": "2026-01-06 02:38:25,2026-01-06 02:38:25,2026-01-06 02:38:25,2026-01-06 02:38:25,2026-01-06 02:38:25,2026-01-06 02:38:25" }, "geometry": { "type": "Polygon", "coordinates": [ [ [ -73.47014, 45.31556 ], [ -73.47, 45.32075 ], [ -73.47631, 45.32343 ], [ -73.48276, 45.32092 ], [ -73.48289, 45.31573 ], [ -73.47659, 45.31304 ], [ -73.47014, 45.31556 ] ] ] } },
{ "type": "Feature", "properties": { "hex_id": 583674, "centroid_lon": -73.47602991029855, "centroid_lat": 45.333824188325593, "hours_count": 6.0, "datetimes_affected": "2026-01-06 02:38:25,2026-01-06 02:38:25,2026-01-06 02:38:25,2026-01-06 02:38:25,2026-01-06 02:38:25,2026-01-06 02:38:25" }, "geometry": { "type": "Polygon", "coordinates": [ [ [ -73.46972, 45.33114 ], [ -73.46958, 45.33634 ], [ -73.47589, 45.33902 ], [ -73.48234, 45.33651 ], [ -73.48248, 45.33131 ], [ -73.47617, 45.32863 ], [ -73.46972, 45.33114 ] ] ] } },
{ "type": "Feature", "properties": { "hex_id": 583675, "centroid_lon": -73.475611629619266, "centroid_lat": 45.349409521557611, "hours_count": 6.0, "datetimes_affected": "2026-01-06 02:38:25,2026-01-06 02:38:25,2026-01-06 02:38:25,2026-01-06 02:38:25,2026-01-06 02:38:25,2026-01-06 02:38:25" }, "geometry": { "type": "Polygon", "coordinates": [ [ [ -73.4693, 45.34673 ], [ -73.46916, 45.35192 ], [ -73.47547, 45.3546 ], [ -73.48192, 45.35209 ], [ -73.48206, 45.3469 ], [ -73.47575, 45.34421 ], [ -73.4693, 45.34673 ] ] ] } },
{ "type": "Feature", "properties": { "hex_id": 583677, "centroid_lon": -73.474774041543554, "centroid_lat": 45.380580050810053, "hours_count": 12.0, "datetimes_affected": "2026-01-05 16:34:04,2026-01-05 16:34:04,2026-01-05 16:34:04,2026-01-05 16:34:04,2026-01-05 16:34:04,2026-01-05 16:34:04" }, "geometry": { "type": "Polygon", "coordinates": [ [ [ -73.46846, 45.3779 ], [ -73.46832, 45.38309 ], [ -73.47463, 45.38578 ], [ -73.48109, 45.38326 ], [ -73.48123, 45.37807 ], [ -73.47491, 45.37539 ], [ -73.46846, 45.3779 ] ] ] } },
{ "type": "Feature", "properties": { "hex_id": 583681, "centroid_lon": -73.473094748898049, "centroid_lat": 45.442920560389446, "hours_count": 12.0, "datetimes_affected": "2026-01-04 08:40:50,2026-01-04 08:40:50,2026-01-04 08:40:50,2026-01-04 08:40:50,2026-01-04 08:40:50,2026-01-04 08:40:50" }, "geometry": { "type": "Polygon", "coordinates": [ [ [ -73.46677, 45.44024 ], [ -73.46663, 45.44543 ], [ -73.47295, 45.44812 ], [ -73.47942, 45.4456 ], [ -73.47956, 45.44041 ], [ -73.47323, 45.43773 ], [ -73.46677, 45.44024 ] ] ] } },
{ "type": "Feature", "properties": { "hex_id": 583682, "centroid_lon": -73.472674066122721, "centroid_lat": 45.458505573408402, "hours_count": 12.0, "datetimes_affected": "2026-01-04 08:40:50,2026-01-04 08:40:50,2026-01-04 08:40:50,2026-01-04 08:40:50,2026-01-04 08:40:50,2026-01-04 08:40:50" }, "geometry": { "type": "Polygon", "coordinates": [ [ [ -73.46635, 45.45582 ], [ -73.46621, 45.46102 ], [ -73.47253, 45.4637 ], [ -73.479, 45.46119 ], [ -73.47914, 45.45599 ], [ -73.47281, 45.45331 ], [ -73.46635, 45.45582 ] ] ] } },
{ "type": "Feature", "properties": { "hex_id": 584282, "centroid_lon": -73.470699650451749, "centroid_lat": 45.294775462111502, "hours_count": 6.0, "datetimes_affected": "2026-01-06 02:38:25,2026-01-06 02:38:25,2026-01-06 02:38:25,2026-01-06 02:38:25,2026-01-06 02:38:25,2026-01-06 02:38:25" }, "geometry": { "type": "Polygon", "coordinates": [ [ [ -73.4644, 45.29209 ], [ -73.46426, 45.29729 ], [ -73.47056, 45.29997 ], [ -73.477, 45.29746 ], [ -73.47714, 45.29226 ], [ -73.47084, 45.28958 ], [ -73.4644, 45.29209 ] ] ] } },
{ "type": "Feature", "properties": { "hex_id": 584283, "centroid_lon": -73.47028047803154, "centroid_lat": 45.310360863620005, "hours_count": 6.0, "datetimes_affected": "2026-01-06 02:38:25,2026-01-06 02:38:25,2026-01-06 02:38:25,2026-01-06 02:38:25,2026-01-06 02:38:25,2026-01-06 02:38:25" }, "geometry": { "type": "Polygon", "coordinates": [ [ [ -73.46397, 45.30768 ], [ -73.46383, 45.31287 ], [ -73.47014, 45.31556 ], [ -73.47659, 45.31304 ], [ -73.47673, 45.30785 ], [ -73.47042, 45.30517 ], [ -73.46397, 45.30768 ] ] ] } },
{ "type": "Feature", "properties": { "hex_id": 584284, "centroid_lon": -73.469860962916755, "centroid_lat": 45.325946219374359, "hours_count": 6.0, "datetimes_affected": "2026-01-06 02:38:25,2026-01-06 02:38:25,2026-01-06 02:38:25,2026-01-06 02:38:25,2026-01-06 02:38:25,2026-01-06 02:38:25" }, "geometry": { "type": "Polygon", "coordinates": [ [ [ -73.46355, 45.32326 ], [ -73.46341, 45.32846 ], [ -73.46972, 45.33114 ], [ -73.47617, 45.32863 ], [ -73.47631, 45.32343 ], [ -73.47, 45.32075 ], [ -73.46355, 45.32326 ] ] ] } },
{ "type": "Feature", "properties": { "hex_id": 584285, "centroid_lon": -73.469441104763987, "centroid_lat": 45.341531529371686, "hours_count": 6.0, "datetimes_affected": "2026-01-06 02:38:25,2026-01-06 02:38:25,2026-01-06 02:38:25,2026-01-06 02:38:25,2026-01-06 02:38:25,2026-01-06 02:38:25" }, "geometry": { "type": "Polygon", "coordinates": [ [ [ -73.46313, 45.33885 ], [ -73.46299, 45.34404 ], [ -73.4693, 45.34673 ], [ -73.47575, 45.34421 ], [ -73.47589, 45.33902 ], [ -73.46958, 45.33634 ], [ -73.46313, 45.33885 ] ] ] } },
{ "type": "Feature", "properties": { "hex_id": 584287, "centroid_lon": -73.468600357968612, "centroid_lat": 45.372702012083771, "hours_count": 12.0, "datetimes_affected": "2026-01-05 16:34:04,2026-01-05 16:34:04,2026-01-05 16:34:04,2026-01-05 16:34:04,2026-01-05 16:34:04,2026-01-05 16:34:04" }, "geometry": { "type": "Polygon", "coordinates": [ [ [ -73.46229, 45.37002 ], [ -73.46215, 45.37521 ], [ -73.46846, 45.3779 ], [ -73.47491, 45.37539 ], [ -73.47505, 45.37019 ], [ -73.46874, 45.36751 ], [ -73.46229, 45.37002 ] ] ] } },
{ "type": "Feature", "properties": { "hex_id": 584288, "centroid_lon": -73.468179468636819, "centroid_lat": 45.388287184792766, "hours_count": 12.0, "datetimes_affected": "2026-01-05 16:34:04,2026-01-05 16:34:04,2026-01-05 16:34:04,2026-01-05 16:34:04,2026-01-05 16:34:04,2026-01-05 16:34:04" }, "geometry": { "type": "Polygon", "coordinates": [ [ [ -73.46187, 45.3856 ], [ -73.46172, 45.3908 ], [ -73.46804, 45.39348 ], [ -73.47449, 45.39097 ], [ -73.47463, 45.38578 ], [ -73.46832, 45.38309 ], [ -73.46187, 45.3856 ] ] ] } },
{ "type": "Feature", "properties": { "hex_id": 584292, "centroid_lon": -73.466492463685569, "centroid_lat": 45.450627417915371, "hours_count": 18.0, "datetimes_affected": "2026-01-04 08:40:50,2026-01-04 08:40:50,2026-01-04 08:40:50,2026-01-04 08:40:50,2026-01-04 08:40:50,2026-01-04 08:40:50" }, "geometry": { "type": "Polygon", "coordinates": [ [ [ -73.46017, 45.44794 ], [ -73.46003, 45.45314 ], [ -73.46635, 45.45582 ], [ -73.47281, 45.45331 ], [ -73.47295, 45.44812 ], [ -73.46663, 45.44543 ], [ -73.46017, 45.44794 ] ] ] } },
{ "type": "Feature", "properties": { "hex_id": 584293, "centroid_lon": -73.466069848808985, "centroid_lat": 45.466212361753485, "hours_count": 12.0, "datetimes_affected": "2026-01-04 08:40:50,2026-01-04 08:40:50,2026-01-04 08:40:50,2026-01-04 08:40:50,2026-01-04 08:40:50,2026-01-04 08:40:50" }, "geometry": { "type": "Polygon", "coordinates": [ [ [ -73.45975, 45.46353 ], [ -73.45961, 45.46872 ], [ -73.46593, 45.47141 ], [ -73.47239, 45.4689 ], [ -73.47253, 45.4637 ], [ -73.46621, 45.46102 ], [ -73.45975, 45.46353 ] ] ] } },
{ "type": "Feature", "properties": { "hex_id": 584892, "centroid_lon": -73.464535542019306, "centroid_lat": 45.286897218620616, "hours_count": 6.0, "datetimes_affected": "2026-01-06 02:38:25,2026-01-06 02:38:25,2026-01-06 02:38:25,2026-01-06 02:38:25,2026-01-06 02:38:25,2026-01-06 02:38:25" }, "geometry": { "type": "Polygon", "coordinates": [ [ [ -73.45823, 45.28421 ], [ -73.45809, 45.28941 ], [ -73.4644, 45.29209 ], [ -73.47084, 45.28958 ], [ -73.47098, 45.28439 ], [ -73.46468, 45.2817 ], [ -73.45823, 45.28421 ] ] ] } },
{ "type": "Feature", "properties": { "hex_id": 584893, "centroid_lon": -73.464114796004267, "centroid_lat": 45.302482596773935, "hours_count": 6.0, "datetimes_affected": "2026-01-06 02:38:25,2026-01-06 02:38:25,2026-01-06 02:38:25,2026-01-06 02:38:25,2026-01-06 02:38:25,2026-01-06 02:38:25" }, "geometry": { "type": "Polygon", "coordinates": [ [ [ -73.45781, 45.2998 ], [ -73.45767, 45.30499 ], [ -73.46397, 45.30768 ], [ -73.47042, 45.30517 ], [ -73.47056, 45.29997 ], [ -73.46426, 45.29729 ], [ -73.45781, 45.2998 ] ] ] } },
{ "type": "Feature", "properties": { "hex_id": 584894, "centroid_lon": -73.46369370604117, "centroid_lat": 45.318067929149414, "hours_count": 6.0, "datetimes_affected": "2026-01-06 02:38:25,2026-01-06 02:38:25,2026-01-06 02:38:25,2026-01-06 02:38:25,2026-01-06 02:38:25,2026-01-06 02:38:25" }, "geometry": { "type": "Polygon", "coordinates": [ [ [ -73.45739, 45.31538 ], [ -73.45725, 45.32058 ], [ -73.46355, 45.32326 ], [ -73.47, 45.32075 ], [ -73.47014, 45.31556 ], [ -73.46383, 45.31287 ], [ -73.45739, 45.31538 ] ] ] } },
{ "type": "Feature", "properties": { "hex_id": 584898, "centroid_lon": -73.462005899809739, "centroid_lat": 45.380408800814941, "hours_count": 12.0, "datetimes_affected": "2026-01-05 16:34:04,2026-01-05 16:34:04,2026-01-05 16:34:04,2026-01-05 16:34:04,2026-01-05 16:34:04,2026-01-05 16:34:04" }, "geometry": { "type": "Polygon", "coordinates": [ [ [ -73.45569, 45.37773 ], [ -73.45555, 45.38292 ], [ -73.46187, 45.3856 ], [ -73.46832, 45.38309 ], [ -73.46846, 45.3779 ], [ -73.46215, 45.37521 ], [ -73.45569, 45.37773 ] ] ] } },
{ "type": "Feature", "properties": { "hex_id": 584902, "centroid_lon": -73.460312562756727, "centroid_lat": 45.442748939803273, "hours_count": 18.0, "datetimes_affected": "2026-01-04 08:40:50,2026-01-04 08:40:50,2026-01-04 08:40:50,2026-01-04 08:40:50,2026-01-04 08:40:50,2026-01-04 08:40:50" }, "geometry": { "type": "Polygon", "coordinates": [ [ [ -73.45399, 45.44007 ], [ -73.45385, 45.44526 ], [ -73.46017, 45.44794 ], [ -73.46663, 45.44543 ], [ -73.46677, 45.44024 ], [ -73.46045, 45.43755 ], [ -73.45399, 45.44007 ] ] ] } },
{ "type": "Feature", "properties": { "hex_id": 584903, "centroid_lon": -73.459888361697267, "centroid_lat": 45.458333860048, "hours_count": 12.0, "datetimes_affected": "2026-01-04 08:40:50,2026-01-04 08:40:50,2026-01-04 08:40:50,2026-01-04 08:40:50,2026-01-04 08:40:50,2026-01-04 08:40:50" }, "geometry": { "type": "Polygon", "coordinates": [ [ [ -73.45357, 45.45565 ], [ -73.45342, 45.46084 ], [ -73.45975, 45.46353 ], [ -73.46621, 45.46102 ], [ -73.46635, 45.45582 ], [ -73.46003, 45.45314 ], [ -73.45357, 45.45565 ] ] ] } },
{ "type": "Feature", "properties": { "hex_id": 585503, "centroid_lon": -73.457950802163793, "centroid_lat": 45.294604009095899, "hours_count": 6.0, "datetimes_affected": "2026-01-06 02:38:25,2026-01-06 02:38:25,2026-01-06 02:38:25,2026-01-06 02:38:25,2026-01-06 02:38:25,2026-01-06 02:38:25" }, "geometry": { "type": "Polygon", "coordinates": [ [ [ -73.45165, 45.29192 ], [ -73.45151, 45.29712 ], [ -73.45781, 45.2998 ], [ -73.46426, 45.29729 ], [ -73.4644, 45.29209 ], [ -73.45809, 45.28941 ], [ -73.45165, 45.29192 ] ] ] } },
{ "type": "Feature", "properties": { "hex_id": 585513, "centroid_lon": -73.453708576515467, "centroid_lat": 45.450455035830288, "hours_count": 18.0, "datetimes_affected": "2026-01-04 08:40:50,2026-01-04 08:40:50,2026-01-04 08:40:50,2026-01-04 08:40:50,2026-01-04 08:40:50,2026-01-04 08:40:50" }, "geometry": { "type": "Polygon", "coordinates": [ [ [ -73.44739, 45.44777 ], [ -73.44725, 45.45297 ], [ -73.45357, 45.45565 ], [ -73.46003, 45.45314 ], [ -73.46017, 45.44794 ], [ -73.45385, 45.44526 ], [ -73.44739, 45.44777 ] ] ] } },
{ "type": "Feature", "properties": { "hex_id": 590381, "centroid_lon": -73.409568851435139, "centroid_lat": 45.200393423695708, "hours_count": 6.0, "datetimes_affected": "2026-01-06 18:32:54,2026-01-06 18:32:54,2026-01-06 18:32:54,2026-01-06 18:32:54,2026-01-06 18:32:54,2026-01-06 18:32:54" }, "geometry": { "type": "Polygon", "coordinates": [ [ [ -73.40328, 45.19771 ], [ -73.40313, 45.2029 ], [ -73.40942, 45.20559 ], [ -73.41586, 45.20308 ], [ -73.416, 45.19788 ], [ -73.40971, 45.1952 ], [ -73.40328, 45.19771 ] ] ] } },
{ "type": "Feature", "properties": { "hex_id": 590382, "centroid_lon": -73.409134359277232, "centroid_lat": 45.215978630117114, "hours_count": 6.0, "datetimes_affected": "2026-01-06 18:32:54,2026-01-06 18:32:54,2026-01-06 18:32:54,2026-01-06 18:32:54,2026-01-06 18:32:54,2026-01-06 18:32:54" }, "geometry": { "type": "Polygon", "coordinates": [ [ [ -73.40284, 45.21329 ], [ -73.4027, 45.21849 ], [ -73.40899, 45.22117 ], [ -73.41543, 45.21866 ], [ -73.41557, 45.21347 ], [ -73.40928, 45.21078 ], [ -73.40284, 45.21329 ] ] ] } },
{ "type": "Feature", "properties": { "hex_id": 590383, "centroid_lon": -73.408699512305034, "centroid_lat": 45.231563790547476, "hours_count": 6.0, "datetimes_affected": "2026-01-06 18:32:54,2026-01-06 18:32:54,2026-01-06 18:32:54,2026-01-06 18:32:54,2026-01-06 18:32:54,2026-01-06 18:32:54" }, "geometry": { "type": "Polygon", "coordinates": [ [ [ -73.40241, 45.22888 ], [ -73.40226, 45.23407 ], [ -73.40855, 45.23676 ], [ -73.41499, 45.23425 ], [ -73.41514, 45.22905 ], [ -73.40884, 45.22637 ], [ -73.40241, 45.22888 ] ] ] } },
{ "type": "Feature", "properties": { "hex_id": 590991, "centroid_lon": -73.403423127297131, "centroid_lat": 45.19251201086044, "hours_count": 6.0, "datetimes_affected": "2026-01-06 18:32:54,2026-01-06 18:32:54,2026-01-06 18:32:54,2026-01-06 18:32:54,2026-01-06 18:32:54,2026-01-06 18:32:54" }, "geometry": { "type": "Polygon", "coordinates": [ [ [ -73.39713, 45.18983 ], [ -73.39699, 45.19502 ], [ -73.40328, 45.19771 ], [ -73.40971, 45.1952 ], [ -73.40986, 45.19 ], [ -73.40357, 45.18732 ], [ -73.39713, 45.18983 ] ] ] } },
{ "type": "Feature", "properties": { "hex_id": 590992, "centroid_lon": -73.402987076409644, "centroid_lat": 45.208097192281073, "hours_count": 6.0, "datetimes_affected": "2026-01-06 18:32:54,2026-01-06 18:32:54,2026-01-06 18:32:54,2026-01-06 18:32:54,2026-01-06 18:32:54,2026-01-06 18:32:54" }, "geometry": { "type": "Polygon", "coordinates": [ [ [ -73.3967, 45.20541 ], [ -73.39655, 45.21061 ], [ -73.40284, 45.21329 ], [ -73.40928, 45.21078 ], [ -73.40942, 45.20559 ], [ -73.40313, 45.2029 ], [ -73.3967, 45.20541 ] ] ] } },
{ "type": "Feature", "properties": { "hex_id": 590993, "centroid_lon": -73.402550669468894, "centroid_lat": 45.223682327686298, "hours_count": 6.0, "datetimes_affected": "2026-01-06 18:32:54,2026-01-06 18:32:54,2026-01-06 18:32:54,2026-01-06 18:32:54,2026-01-06 18:32:54,2026-01-06 18:32:54" }, "geometry": { "type": "Polygon", "coordinates": [ [ [ -73.39626, 45.221 ], [ -73.39611, 45.22619 ], [ -73.40241, 45.22888 ], [ -73.40884, 45.22637 ], [ -73.40899, 45.22117 ], [ -73.4027, 45.21849 ], [ -73.39626, 45.221 ] ] ] } },
{ "type": "Feature", "properties": { "hex_id": 590994, "centroid_lon": -73.402113906119141, "centroid_lat": 45.239267417072853, "hours_count": 6.0, "datetimes_affected": "2026-01-06 18:32:54,2026-01-06 18:32:54,2026-01-06 18:32:54,2026-01-06 18:32:54,2026-01-06 18:32:54,2026-01-06 18:32:54" }, "geometry": { "type": "Polygon", "coordinates": [ [ [ -73.39582, 45.23658 ], [ -73.39567, 45.24178 ], [ -73.40197, 45.24446 ], [ -73.40841, 45.24195 ], [ -73.40855, 45.23676 ], [ -73.40226, 45.23407 ], [ -73.39582, 45.23658 ] ] ] } },
{ "type": "Feature", "properties": { "hex_id": 590995, "centroid_lon": -73.40167678600406, "centroid_lat": 45.254852460437526, "hours_count": 6.0, "datetimes_affected": "2026-01-06 18:32:54,2026-01-06 18:32:54,2026-01-06 18:32:54,2026-01-06 18:32:54,2026-01-06 18:32:54,2026-01-06 18:32:54" }, "geometry": { "type": "Polygon", "coordinates": [ [ [ -73.39538, 45.25217 ], [ -73.39523, 45.25736 ], [ -73.40153, 45.26005 ], [ -73.40797, 45.25754 ], [ -73.40812, 45.25234 ], [ -73.40182, 45.24966 ], [ -73.39538, 45.25217 ] ] ] } },
{ "type": "Feature", "properties": { "hex_id": 591602, "centroid_lon": -73.396841470896817, "centroid_lat": 45.200215436511236, "hours_count": 6.0, "datetimes_affected": "2026-01-06 18:32:54,2026-01-06 18:32:54,2026-01-06 18:32:54,2026-01-06 18:32:54,2026-01-06 18:32:54,2026-01-06 18:32:54" }, "geometry": { "type": "Polygon", "coordinates": [ [ [ -73.39055, 45.19753 ], [ -73.3904, 45.20272 ], [ -73.3967, 45.20541 ], [ -73.40313, 45.2029 ], [ -73.40328, 45.19771 ], [ -73.39699, 45.19502 ], [ -73.39055, 45.19753 ] ] ] } },
{ "type": "Feature", "properties": { "hex_id": 591603, "centroid_lon": -73.396403505344978, "centroid_lat": 45.21580054672507, "hours_count": 6.0, "datetimes_affected": "2026-01-06 18:32:54,2026-01-06 18:32:54,2026-01-06 18:32:54,2026-01-06 18:32:54,2026-01-06 18:32:54,2026-01-06 18:32:54" }, "geometry": { "type": "Polygon", "coordinates": [ [ [ -73.39011, 45.21311 ], [ -73.38996, 45.21831 ], [ -73.39626, 45.221 ], [ -73.4027, 45.21849 ], [ -73.40284, 45.21329 ], [ -73.39655, 45.21061 ], [ -73.39011, 45.21311 ] ] ] } },
{ "type": "Feature", "properties": { "hex_id": 591604, "centroid_lon": -73.39596518214536, "centroid_lat": 45.231385610895735, "hours_count": 6.0, "datetimes_affected": "2026-01-06 18:32:54,2026-01-06 18:32:54,2026-01-06 18:32:54,2026-01-06 18:32:54,2026-01-06 18:32:54,2026-01-06 18:32:54" }, "geometry": { "type": "Polygon", "coordinates": [ [ [ -73.38967, 45.2287 ], [ -73.38952, 45.23389 ], [ -73.39582, 45.23658 ], [ -73.40226, 45.23407 ], [ -73.40241, 45.22888 ], [ -73.39611, 45.22619 ], [ -73.38967, 45.2287 ] ] ] } },
{ "type": "Feature", "properties": { "hex_id": 591605, "centroid_lon": -73.39552650094052, "centroid_lat": 45.246970629019998, "hours_count": 6.0, "datetimes_affected": "2026-01-06 18:32:54,2026-01-06 18:32:54,2026-01-06 18:32:54,2026-01-06 18:32:54,2026-01-06 18:32:54,2026-01-06 18:32:54" }, "geometry": { "type": "Polygon", "coordinates": [ [ [ -73.38923, 45.24428 ], [ -73.38908, 45.24948 ], [ -73.39538, 45.25217 ], [ -73.40182, 45.24966 ], [ -73.40197, 45.24446 ], [ -73.39567, 45.24178 ], [ -73.38923, 45.24428 ] ] ] } },
{ "type": "Feature", "properties": { "hex_id": 591606, "centroid_lon": -73.395087461372484, "centroid_lat": 45.262555601094583, "hours_count": 6.0, "datetimes_affected": "2026-01-06 18:32:54,2026-01-06 18:32:54,2026-01-06 18:32:54,2026-01-06 18:32:54,2026-01-06 18:32:54,2026-01-06 18:32:54" }, "geometry": { "type": "Polygon", "coordinates": [ [ [ -73.38879, 45.25987 ], [ -73.38864, 45.26506 ], [ -73.39494, 45.26775 ], [ -73.40139, 45.26524 ], [ -73.40153, 45.26005 ], [ -73.39523, 45.25736 ], [ -73.38879, 45.25987 ] ] ] } },
{ "type": "Feature", "properties": { "hex_id": 592212, "centroid_lon": -73.390697541794978, "centroid_lat": 45.192333363079932, "hours_count": 6.0, "datetimes_affected": "2026-01-06 18:32:54,2026-01-06 18:32:54,2026-01-06 18:32:54,2026-01-06 18:32:54,2026-01-06 18:32:54,2026-01-06 18:32:54" }, "geometry": { "type": "Polygon", "coordinates": [ [ [ -73.38441, 45.18965 ], [ -73.38426, 45.19484 ], [ -73.39055, 45.19753 ], [ -73.39699, 45.19502 ], [ -73.39713, 45.18983 ], [ -73.39084, 45.18714 ], [ -73.38441, 45.18965 ] ] ] } },
{ "type": "Feature", "properties": { "hex_id": 592213, "centroid_lon": -73.390258018988547, "centroid_lat": 45.207918447936258, "hours_count": 6.0, "datetimes_affected": "2026-01-06 18:32:54,2026-01-06 18:32:54,2026-01-06 18:32:54,2026-01-06 18:32:54,2026-01-06 18:32:54,2026-01-06 18:32:54" }, "geometry": { "type": "Polygon", "coordinates": [ [ [ -73.38397, 45.20523 ], [ -73.38382, 45.21043 ], [ -73.39011, 45.21311 ], [ -73.39655, 45.21061 ], [ -73.3967, 45.20541 ], [ -73.3904, 45.20272 ], [ -73.38397, 45.20523 ] ] ] } },
{ "type": "Feature", "properties": { "hex_id": 592214, "centroid_lon": -73.389818137296913, "centroid_lat": 45.223503486724887, "hours_count": 6.0, "datetimes_affected": "2026-01-06 18:32:54,2026-01-06 18:32:54,2026-01-06 18:32:54,2026-01-06 18:32:54,2026-01-06 18:32:54,2026-01-06 18:32:54" }, "geometry": { "type": "Polygon", "coordinates": [ [ [ -73.38353, 45.22082 ], [ -73.38338, 45.22601 ], [ -73.38967, 45.2287 ], [ -73.39611, 45.22619 ], [ -73.39626, 45.221 ], [ -73.38996, 45.21831 ], [ -73.38353, 45.22082 ] ] ] } },
{ "type": "Feature", "properties": { "hex_id": 592215, "centroid_lon": -73.389377896361438, "centroid_lat": 45.239088479442493, "hours_count": 6.0, "datetimes_affected": "2026-01-06 18:32:54,2026-01-06 18:32:54,2026-01-06 18:32:54,2026-01-06 18:32:54,2026-01-06 18:32:54,2026-01-06 18:32:54" }, "geometry": { "type": "Polygon", "coordinates": [ [ [ -73.38308, 45.2364 ], [ -73.38294, 45.2416 ], [ -73.38923, 45.24428 ], [ -73.39567, 45.24178 ], [ -73.39582, 45.23658 ], [ -73.38952, 45.23389 ], [ -73.38308, 45.2364 ] ] ] } },
{ "type": "Feature", "properties": { "hex_id": 592216, "centroid_lon": -73.388937295823027, "centroid_lat": 45.254673426085809, "hours_count": 6.0, "datetimes_affected": "2026-01-06 18:32:54,2026-01-06 18:32:54,2026-01-06 18:32:54,2026-01-06 18:32:54,2026-01-06 18:32:54,2026-01-06 18:32:54" }, "geometry": { "type": "Polygon", "coordinates": [ [ [ -73.38264, 45.25199 ], [ -73.38249, 45.25718 ], [ -73.38879, 45.25987 ], [ -73.39523, 45.25736 ], [ -73.39538, 45.25217 ], [ -73.38908, 45.24948 ], [ -73.38264, 45.25199 ] ] ] } },
{ "type": "Feature", "properties": { "hex_id": 592217, "centroid_lon": -73.388496335322074, "centroid_lat": 45.270258326651508, "hours_count": 6.0, "datetimes_affected": "2026-01-06 18:32:54,2026-01-06 18:32:54,2026-01-06 18:32:54,2026-01-06 18:32:54,2026-01-06 18:32:54,2026-01-06 18:32:54" }, "geometry": { "type": "Polygon", "coordinates": [ [ [ -73.3822, 45.26757 ], [ -73.38205, 45.27277 ], [ -73.38835, 45.27545 ], [ -73.39479, 45.27295 ], [ -73.39494, 45.26775 ], [ -73.38864, 45.26506 ], [ -73.3822, 45.26757 ] ] ] } },
{ "type": "Feature", "properties": { "hex_id": 592822, "centroid_lon": -73.384555288160882, "centroid_lat": 45.18445097225937, "hours_count": 6.0, "datetimes_affected": "2026-01-06 18:32:54,2026-01-06 18:32:54,2026-01-06 18:32:54,2026-01-06 18:32:54,2026-01-06 18:32:54,2026-01-06 18:32:54" }, "geometry": { "type": "Polygon", "coordinates": [ [ [ -73.37827, 45.18176 ], [ -73.37812, 45.18696 ], [ -73.38441, 45.18965 ], [ -73.39084, 45.18714 ], [ -73.39099, 45.18194 ], [ -73.3847, 45.17926 ], [ -73.37827, 45.18176 ] ] ] } },
{ "type": "Feature", "properties": { "hex_id": 592823, "centroid_lon": -73.384114209455433, "centroid_lat": 45.200036031592212, "hours_count": 6.0, "datetimes_affected": "2026-01-06 18:32:54,2026-01-06 18:32:54,2026-01-06 18:32:54,2026-01-06 18:32:54,2026-01-06 18:32:54,2026-01-06 18:32:54" }, "geometry": { "type": "Polygon", "coordinates": [ [ [ -73.37782, 45.19735 ], [ -73.37768, 45.20254 ], [ -73.38397, 45.20523 ], [ -73.3904, 45.20272 ], [ -73.39055, 45.19753 ], [ -73.38426, 45.19484 ], [ -73.37782, 45.19735 ] ] ] } },
{ "type": "Feature", "properties": { "hex_id": 592824, "centroid_lon": -73.383672770628635, "centroid_lat": 45.215621044832751, "hours_count": 6.0, "datetimes_affected": "2026-01-06 18:32:54,2026-01-06 18:32:54,2026-01-06 18:32:54,2026-01-06 18:32:54,2026-01-06 18:32:54,2026-01-06 18:32:54" }, "geometry": { "type": "Polygon", "coordinates": [ [ [ -73.37738, 45.21293 ], [ -73.37723, 45.21813 ], [ -73.38353, 45.22082 ], [ -73.38996, 45.21831 ], [ -73.39011, 45.21311 ], [ -73.38382, 45.21043 ], [ -73.37738, 45.21293 ] ] ] } },
{ "type": "Feature", "properties": { "hex_id": 592825, "centroid_lon": -73.383230971320756, "centroid_lat": 45.231206011977591, "hours_count": 6.0, "datetimes_affected": "2026-01-06 18:32:54,2026-01-06 18:32:54,2026-01-06 18:32:54,2026-01-06 18:32:54,2026-01-06 18:32:54,2026-01-06 18:32:54" }, "geometry": { "type": "Polygon", "coordinates": [ [ [ -73.37694, 45.22852 ], [ -73.37679, 45.23371 ], [ -73.38308, 45.2364 ], [ -73.38952, 45.23389 ], [ -73.38967, 45.2287 ], [ -73.38338, 45.22601 ], [ -73.37694, 45.22852 ] ] ] } },
{ "type": "Feature", "properties": { "hex_id": 592826, "centroid_lon": -73.382788811171508, "centroid_lat": 45.246790933023433, "hours_count": 6.0, "datetimes_affected": "2026-01-06 18:32:54,2026-01-06 18:32:54,2026-01-06 18:32:54,2026-01-06 18:32:54,2026-01-06 18:32:54,2026-01-06 18:32:54" }, "geometry": { "type": "Polygon", "coordinates": [ [ [ -73.37649, 45.2441 ], [ -73.37635, 45.2493 ], [ -73.38264, 45.25199 ], [ -73.38908, 45.24948 ], [ -73.38923, 45.24428 ], [ -73.38294, 45.2416 ], [ -73.37649, 45.2441 ] ] ] } },
{ "type": "Feature", "properties": { "hex_id": 592827, "centroid_lon": -73.382346289820134, "centroid_lat": 45.262375807966954, "hours_count": 6.0, "datetimes_affected": "2026-01-06 18:32:54,2026-01-06 18:32:54,2026-01-06 18:32:54,2026-01-06 18:32:54,2026-01-06 18:32:54,2026-01-06 18:32:54" }, "geometry": { "type": "Polygon", "coordinates": [ [ [ -73.37605, 45.25969 ], [ -73.3759, 45.26488 ], [ -73.3822, 45.26757 ], [ -73.38864, 45.26506 ], [ -73.38879, 45.25987 ], [ -73.38249, 45.25718 ], [ -73.37605, 45.25969 ] ] ] } },
{ "type": "Feature", "properties": { "hex_id": 592828, "centroid_lon": -73.381903406905323, "centroid_lat": 45.277960636804835, "hours_count": 6.0, "datetimes_affected": "2026-01-06 18:32:54,2026-01-06 18:32:54,2026-01-06 18:32:54,2026-01-06 18:32:54,2026-01-06 18:32:54,2026-01-06 18:32:54" }, "geometry": { "type": "Polygon", "coordinates": [ [ [ -73.37561, 45.27527 ], [ -73.37546, 45.28047 ], [ -73.38176, 45.28316 ], [ -73.3882, 45.28065 ], [ -73.38835, 45.27545 ], [ -73.38205, 45.27277 ], [ -73.37561, 45.27527 ] ] ] } },
{ "type": "Feature", "properties": { "hex_id": 593433, "centroid_lon": -73.37797207580185, "centroid_lat": 45.192153297965135, "hours_count": 6.0, "datetimes_affected": "2026-01-06 18:32:54,2026-01-06 18:32:54,2026-01-06 18:32:54,2026-01-06 18:32:54,2026-01-06 18:32:54,2026-01-06 18:32:54" }, "geometry": { "type": "Polygon", "coordinates": [ [ [ -73.37168, 45.18947 ], [ -73.37154, 45.19466 ], [ -73.37782, 45.19735 ], [ -73.38426, 45.19484 ], [ -73.38441, 45.18965 ], [ -73.37812, 45.18696 ], [ -73.37168, 45.18947 ] ] ] } },
{ "type": "Feature", "properties": { "hex_id": 593434, "centroid_lon": -73.37752908119586, "centroid_lat": 45.207738285491672, "hours_count": 6.0, "datetimes_affected": "2026-01-06 18:32:54,2026-01-06 18:32:54,2026-01-06 18:32:54,2026-01-06 18:32:54,2026-01-06 18:32:54,2026-01-06 18:32:54" }, "geometry": { "type": "Polygon", "coordinates": [ [ [ -73.37124, 45.20505 ], [ -73.37109, 45.21025 ], [ -73.37738, 45.21293 ], [ -73.38382, 45.21043 ], [ -73.38397, 45.20523 ], [ -73.37768, 45.20254 ], [ -73.37124, 45.20505 ] ] ] } },
{ "type": "Feature", "properties": { "hex_id": 593435, "centroid_lon": -73.377085724872842, "centroid_lat": 45.22332322689779, "hours_count": 6.0, "datetimes_affected": "2026-01-06 18:32:54,2026-01-06 18:32:54,2026-01-06 18:32:54,2026-01-06 18:32:54,2026-01-06 18:32:54,2026-01-06 18:32:54" }, "geometry": { "type": "Polygon", "coordinates": [ [ [ -73.37079, 45.22064 ], [ -73.37065, 45.22583 ], [ -73.37694, 45.22852 ], [ -73.38338, 45.22601 ], [ -73.38353, 45.22082 ], [ -73.37723, 45.21813 ], [ -73.37079, 45.22064 ] ] ] } },
{ "type": "Feature", "properties": { "hex_id": 593436, "centroid_lon": -73.376642006471371, "centroid_lat": 45.238908122180113, "hours_count": 6.0, "datetimes_affected": "2026-01-06 18:32:54,2026-01-06 18:32:54,2026-01-06 18:32:54,2026-01-06 18:32:54,2026-01-06 18:32:54,2026-01-06 18:32:54" }, "geometry": { "type": "Polygon", "coordinates": [ [ [ -73.37035, 45.23622 ], [ -73.3702, 45.24141 ], [ -73.37649, 45.2441 ], [ -73.38294, 45.2416 ], [ -73.38308, 45.2364 ], [ -73.37679, 45.23371 ], [ -73.37035, 45.23622 ] ] ] } },
{ "type": "Feature", "properties": { "hex_id": 593437, "centroid_lon": -73.376197925629498, "centroid_lat": 45.254492971335324, "hours_count": 6.0, "datetimes_affected": "2026-01-06 18:32:54,2026-01-06 18:32:54,2026-01-06 18:32:54,2026-01-06 18:32:54,2026-01-06 18:32:54,2026-01-06 18:32:54" }, "geometry": { "type": "Polygon", "coordinates": [ [ [ -73.3699, 45.2518 ], [ -73.36975, 45.257 ], [ -73.37605, 45.25969 ], [ -73.38249, 45.25718 ], [ -73.38264, 45.25199 ], [ -73.37635, 45.2493 ], [ -73.3699, 45.2518 ] ] ] } },
{ "type": "Feature", "properties": { "hex_id": 593438, "centroid_lon": -73.375753481984802, "centroid_lat": 45.270077774360054, "hours_count": 6.0, "datetimes_affected": "2026-01-06 18:32:54,2026-01-06 18:32:54,2026-01-06 18:32:54,2026-01-06 18:32:54,2026-01-06 18:32:54,2026-01-06 18:32:54" }, "geometry": { "type": "Polygon", "coordinates": [ [ [ -73.36946, 45.26739 ], [ -73.36931, 45.27258 ], [ -73.37561, 45.27527 ], [ -73.38205, 45.27277 ], [ -73.3822, 45.26757 ], [ -73.3759, 45.26488 ], [ -73.36946, 45.26739 ] ] ] } },
{ "type": "Feature", "properties": { "hex_id": 593439, "centroid_lon": -73.375308675174281, "centroid_lat": 45.285662531250935, "hours_count": 6.0, "datetimes_affected": "2026-01-06 18:32:54,2026-01-06 18:32:54,2026-01-06 18:32:54,2026-01-06 18:32:54,2026-01-06 18:32:54,2026-01-06 18:32:54" }, "geometry": { "type": "Polygon", "coordinates": [ [ [ -73.36901, 45.28297 ], [ -73.36886, 45.28817 ], [ -73.37516, 45.29086 ], [ -73.38161, 45.28835 ], [ -73.38176, 45.28316 ], [ -73.37546, 45.28047 ], [ -73.36901, 45.28297 ] ] ] } },
{ "type": "Feature", "properties": { "hex_id": 594043, "centroid_lon": -73.371831617084652, "centroid_lat": 45.184270247327127, "hours_count": 6.0, "datetimes_affected": "2026-01-06 18:32:54,2026-01-06 18:32:54,2026-01-06 18:32:54,2026-01-06 18:32:54,2026-01-06 18:32:54,2026-01-06 18:32:54" }, "geometry": { "type": "Polygon", "coordinates": [ [ [ -73.36554, 45.18158 ], [ -73.3654, 45.18678 ], [ -73.37168, 45.18947 ], [ -73.37812, 45.18696 ], [ -73.37827, 45.18176 ], [ -73.37198, 45.17908 ], [ -73.36554, 45.18158 ] ] ] } },
{ "type": "Feature", "properties": { "hex_id": 594044, "centroid_lon": -73.371387068054446, "centroid_lat": 45.199855208973872, "hours_count": 6.0, "datetimes_affected": "2026-01-06 18:32:54,2026-01-06 18:32:54,2026-01-06 18:32:54,2026-01-06 18:32:54,2026-01-06 18:32:54,2026-01-06 18:32:54" }, "geometry": { "type": "Polygon", "coordinates": [ [ [ -73.3651, 45.19717 ], [ -73.36495, 45.20236 ], [ -73.37124, 45.20505 ], [ -73.37768, 45.20254 ], [ -73.37782, 45.19735 ], [ -73.37154, 45.19466 ], [ -73.3651, 45.19717 ] ] ] } },
{ "type": "Feature", "properties": { "hex_id": 594045, "centroid_lon": -73.370942156072616, "centroid_lat": 45.215440124475414, "hours_count": 6.0, "datetimes_affected": "2026-01-06 18:32:54,2026-01-06 18:32:54,2026-01-06 18:32:54,2026-01-06 18:32:54,2026-01-06 18:32:54,2026-01-06 18:32:54" }, "geometry": { "type": "Polygon", "coordinates": [ [ [ -73.36465, 45.21275 ], [ -73.3645, 45.21795 ], [ -73.37079, 45.22064 ], [ -73.37723, 45.21813 ], [ -73.37738, 45.21293 ], [ -73.37109, 45.21025 ], [ -73.36465, 45.21275 ] ] ] } },
{ "type": "Feature", "properties": { "hex_id": 594046, "centroid_lon": -73.370496880776571, "centroid_lat": 45.231024993828321, "hours_count": 6.0, "datetimes_affected": "2026-01-06 18:32:54,2026-01-06 18:32:54,2026-01-06 18:32:54,2026-01-06 18:32:54,2026-01-06 18:32:54,2026-01-06 18:32:54" }, "geometry": { "type": "Polygon", "coordinates": [ [ [ -73.3642, 45.22834 ], [ -73.36406, 45.23353 ], [ -73.37035, 45.23622 ], [ -73.37679, 45.23371 ], [ -73.37694, 45.22852 ], [ -73.37065, 45.22583 ], [ -73.3642, 45.22834 ] ] ] } },
{ "type": "Feature", "properties": { "hex_id": 594047, "centroid_lon": -73.370051241803196, "centroid_lat": 45.246609817029224, "hours_count": 6.0, "datetimes_affected": "2026-01-06 18:32:54,2026-01-06 18:32:54,2026-01-06 18:32:54,2026-01-06 18:32:54,2026-01-06 18:32:54,2026-01-06 18:32:54" }, "geometry": { "type": "Polygon", "coordinates": [ [ [ -73.36376, 45.24392 ], [ -73.36361, 45.24912 ], [ -73.3699, 45.2518 ], [ -73.37635, 45.2493 ], [ -73.37649, 45.2441 ], [ -73.3702, 45.24141 ], [ -73.36376, 45.24392 ] ] ] } },
{ "type": "Feature", "properties": { "hex_id": 594048, "centroid_lon": -73.369605238788907, "centroid_lat": 45.262194594074742, "hours_count": 6.0, "datetimes_affected": "2026-01-06 18:32:54,2026-01-06 18:32:54,2026-01-06 18:32:54,2026-01-06 18:32:54,2026-01-06 18:32:54,2026-01-06 18:32:54" }, "geometry": { "type": "Polygon", "coordinates": [ [ [ -73.36331, 45.25951 ], [ -73.36316, 45.2647 ], [ -73.36946, 45.26739 ], [ -73.3759, 45.26488 ], [ -73.37605, 45.25969 ], [ -73.36975, 45.257 ], [ -73.36331, 45.25951 ] ] ] } },
{ "type": "Feature", "properties": { "hex_id": 594049, "centroid_lon": -73.36915887136955, "centroid_lat": 45.2777793249615, "hours_count": 6.0, "datetimes_affected": "2026-01-06 18:32:54,2026-01-06 18:32:54,2026-01-06 18:32:54,2026-01-06 18:32:54,2026-01-06 18:32:54,2026-01-06 18:32:54" }, "geometry": { "type": "Polygon", "coordinates": [ [ [ -73.36286, 45.27509 ], [ -73.36271, 45.28029 ], [ -73.36901, 45.28297 ], [ -73.37546, 45.28047 ], [ -73.37561, 45.27527 ], [ -73.36931, 45.27258 ], [ -73.36286, 45.27509 ] ] ] } },
{ "type": "Feature", "properties": { "hex_id": 594050, "centroid_lon": -73.368712139180531, "centroid_lat": 45.293364009686115, "hours_count": 6.0, "datetimes_affected": "2026-01-06 18:32:54,2026-01-06 18:32:54,2026-01-06 18:32:54,2026-01-06 18:32:54,2026-01-06 18:32:54,2026-01-06 18:32:54" }, "geometry": { "type": "Polygon", "coordinates": [ [ [ -73.36241, 45.29068 ], [ -73.36226, 45.29587 ], [ -73.36856, 45.29856 ], [ -73.37501, 45.29605 ], [ -73.37516, 45.29086 ], [ -73.36886, 45.28817 ], [ -73.36241, 45.29068 ] ] ] } },
{ "type": "Feature", "properties": { "hex_id": 594653, "centroid_lon": -73.365692832361063, "centroid_lat": 45.176386879950066, "hours_count": 6.0, "datetimes_affected": "2026-01-06 18:32:54,2026-01-06 18:32:54,2026-01-06 18:32:54,2026-01-06 18:32:54,2026-01-06 18:32:54,2026-01-06 18:32:54" }, "geometry": { "type": "Polygon", "coordinates": [ [ [ -73.35941, 45.1737 ], [ -73.35926, 45.17889 ], [ -73.36554, 45.18158 ], [ -73.37198, 45.17908 ], [ -73.37213, 45.17388 ], [ -73.36584, 45.17119 ], [ -73.35941, 45.1737 ] ] ] } },
{ "type": "Feature", "properties": { "hex_id": 594654, "centroid_lon": -73.36524673026075, "centroid_lat": 45.191971815551426, "hours_count": 6.0, "datetimes_affected": "2026-01-06 18:32:54,2026-01-06 18:32:54,2026-01-06 18:32:54,2026-01-06 18:32:54,2026-01-06 18:32:54,2026-01-06 18:32:54" }, "geometry": { "type": "Polygon", "coordinates": [ [ [ -73.35896, 45.18928 ], [ -73.35881, 45.19448 ], [ -73.3651, 45.19717 ], [ -73.37154, 45.19466 ], [ -73.37168, 45.18947 ], [ -73.3654, 45.18678 ], [ -73.35896, 45.18928 ] ] ] } },
{ "type": "Feature", "properties": { "hex_id": 594655, "centroid_lon": -73.364800263975496, "centroid_lat": 45.207556704982693, "hours_count": 6.0, "datetimes_affected": "2026-01-06 18:32:54,2026-01-06 18:32:54,2026-01-06 18:32:54,2026-01-06 18:32:54,2026-01-06 18:32:54,2026-01-06 18:32:54" }, "geometry": { "type": "Polygon", "coordinates": [ [ [ -73.35851, 45.20487 ], [ -73.35836, 45.21006 ], [ -73.36465, 45.21275 ], [ -73.37109, 45.21025 ], [ -73.37124, 45.20505 ], [ -73.36495, 45.20236 ], [ -73.35851, 45.20487 ] ] ] } },
{ "type": "Feature", "properties": { "hex_id": 594656, "centroid_lon": -73.364353433141574, "centroid_lat": 45.223141548240413, "hours_count": 6.0, "datetimes_affected": "2026-01-06 18:32:54,2026-01-06 18:32:54,2026-01-06 18:32:54,2026-01-06 18:32:54,2026-01-06 18:32:54,2026-01-06 18:32:54" }, "geometry": { "type": "Polygon", "coordinates": [ [ [ -73.35806, 45.22045 ], [ -73.35791, 45.22565 ], [ -73.3642, 45.22834 ], [ -73.37065, 45.22583 ], [ -73.37079, 45.22064 ], [ -73.3645, 45.21795 ], [ -73.35806, 45.22045 ] ] ] } },
{ "type": "Feature", "properties": { "hex_id": 594657, "centroid_lon": -73.363906237394744, "centroid_lat": 45.238726345321169, "hours_count": 6.0, "datetimes_affected": "2026-01-06 18:32:54,2026-01-06 18:32:54,2026-01-06 18:32:54,2026-01-06 18:32:54,2026-01-06 18:32:54,2026-01-06 18:32:54" }, "geometry": { "type": "Polygon", "coordinates": [ [ [ -73.35761, 45.23604 ], [ -73.35746, 45.24123 ], [ -73.36376, 45.24392 ], [ -73.3702, 45.24141 ], [ -73.37035, 45.23622 ], [ -73.36406, 45.23353 ], [ -73.35761, 45.23604 ] ] ] } },
{ "type": "Feature", "properties": { "hex_id": 594658, "centroid_lon": -73.363458676370229, "centroid_lat": 45.254311096221571, "hours_count": 6.0, "datetimes_affected": "2026-01-06 18:32:54,2026-01-06 18:32:54,2026-01-06 18:32:54,2026-01-06 18:32:54,2026-01-06 18:32:54,2026-01-06 18:32:54" }, "geometry": { "type": "Polygon", "coordinates": [ [ [ -73.35716, 45.25162 ], [ -73.35701, 45.25682 ], [ -73.36331, 45.25951 ], [ -73.36975, 45.257 ], [ -73.3699, 45.2518 ], [ -73.36361, 45.24912 ], [ -73.35716, 45.25162 ] ] ] } },
{ "type": "Feature", "properties": { "hex_id": 594659, "centroid_lon": -73.363010749702767, "centroid_lat": 45.26989580093818, "hours_count": 6.0, "datetimes_affected": "2026-01-06 18:32:54,2026-01-06 18:32:54,2026-01-06 18:32:54,2026-01-06 18:32:54,2026-01-06 18:32:54,2026-01-06 18:32:54" }, "geometry": { "type": "Polygon", "coordinates": [ [ [ -73.35671, 45.26721 ], [ -73.35656, 45.2724 ], [ -73.36286, 45.27509 ], [ -73.36931, 45.27258 ], [ -73.36946, 45.26739 ], [ -73.36316, 45.2647 ], [ -73.35671, 45.26721 ] ] ] } },
{ "type": "Feature", "properties": { "hex_id": 594660, "centroid_lon": -73.362562457026513, "centroid_lat": 45.2854804594676, "hours_count": 6.0, "datetimes_affected": "2026-01-06 18:32:54,2026-01-06 18:32:54,2026-01-06 18:32:54,2026-01-06 18:32:54,2026-01-06 18:32:54,2026-01-06 18:32:54" }, "geometry": { "type": "Polygon", "coordinates": [ [ [ -73.35626, 45.28279 ], [ -73.35611, 45.28799 ], [ -73.36241, 45.29068 ], [ -73.36886, 45.28817 ], [ -73.36901, 45.28297 ], [ -73.36271, 45.28029 ], [ -73.35626, 45.28279 ] ] ] } },
{ "type": "Feature", "properties": { "hex_id": 594661, "centroid_lon": -73.362113797975198, "centroid_lat": 45.30106507180647, "hours_count": 6.0, "datetimes_affected": "2026-01-06 18:32:54,2026-01-06 18:32:54,2026-01-06 18:32:54,2026-01-06 18:32:54,2026-01-06 18:32:54,2026-01-06 18:32:54" }, "geometry": { "type": "Polygon", "coordinates": [ [ [ -73.35581, 45.29838 ], [ -73.35566, 45.30357 ], [ -73.36196, 45.30626 ], [ -73.36841, 45.30375 ], [ -73.36856, 45.29856 ], [ -73.36226, 45.29587 ], [ -73.35581, 45.29838 ] ] ] } },
{ "type": "Feature", "properties": { "hex_id": 595264, "centroid_lon": -73.35910806687157, "centroid_lat": 45.184088105496301, "hours_count": 6.0, "datetimes_affected": "2026-01-06 18:32:54,2026-01-06 18:32:54,2026-01-06 18:32:54,2026-01-06 18:32:54,2026-01-06 18:32:54,2026-01-06 18:32:54" }, "geometry": { "type": "Polygon", "coordinates": [ [ [ -73.35282, 45.1814 ], [ -73.35267, 45.18659 ], [ -73.35896, 45.18928 ], [ -73.3654, 45.18678 ], [ -73.36554, 45.18158 ], [ -73.35926, 45.17889 ], [ -73.35282, 45.1814 ] ] ] } },
{ "type": "Feature", "properties": { "hex_id": 595265, "centroid_lon": -73.358660047637343, "centroid_lat": 45.199672968691708, "hours_count": 6.0, "datetimes_affected": "2026-01-06 18:32:54,2026-01-06 18:32:54,2026-01-06 18:32:54,2026-01-06 18:32:54,2026-01-06 18:32:54,2026-01-06 18:32:54" }, "geometry": { "type": "Polygon", "coordinates": [ [ [ -73.35237, 45.19698 ], [ -73.35222, 45.20218 ], [ -73.35851, 45.20487 ], [ -73.36495, 45.20236 ], [ -73.3651, 45.19717 ], [ -73.35881, 45.19448 ], [ -73.35237, 45.19698 ] ] ] } },
{ "type": "Feature", "properties": { "hex_id": 595266, "centroid_lon": -73.358211662621329, "centroid_lat": 45.215257785688607, "hours_count": 6.0, "datetimes_affected": "2026-01-06 18:32:54,2026-01-06 18:32:54,2026-01-06 18:32:54,2026-01-06 18:32:54,2026-01-06 18:32:54,2026-01-06 18:32:54" }, "geometry": { "type": "Polygon", "coordinates": [ [ [ -73.35192, 45.21257 ], [ -73.35177, 45.21776 ], [ -73.35806, 45.22045 ], [ -73.3645, 45.21795 ], [ -73.36465, 45.21275 ], [ -73.35836, 45.21006 ], [ -73.35192, 45.21257 ] ] ] } },
{ "type": "Feature", "properties": { "hex_id": 595267, "centroid_lon": -73.357762911458153, "centroid_lat": 45.230842556483502, "hours_count": 6.0, "datetimes_affected": "2026-01-06 18:32:54,2026-01-06 18:32:54,2026-01-06 18:32:54,2026-01-06 18:32:54,2026-01-06 18:32:54,2026-01-06 18:32:54" }, "geometry": { "type": "Polygon", "coordinates": [ [ [ -73.35147, 45.22815 ], [ -73.35132, 45.23335 ], [ -73.35761, 45.23604 ], [ -73.36406, 45.23353 ], [ -73.3642, 45.22834 ], [ -73.35791, 45.22565 ], [ -73.35147, 45.22815 ] ] ] } },
{ "type": "Feature", "properties": { "hex_id": 595268, "centroid_lon": -73.357313793781842, "centroid_lat": 45.24642728107299, "hours_count": 6.0, "datetimes_affected": "2026-01-06 18:32:54,2026-01-06 18:32:54,2026-01-06 18:32:54,2026-01-06 18:32:54,2026-01-06 18:32:54,2026-01-06 18:32:54" }, "geometry": { "type": "Polygon", "coordinates": [ [ [ -73.35102, 45.24374 ], [ -73.35087, 45.24893 ], [ -73.35716, 45.25162 ], [ -73.36361, 45.24912 ], [ -73.36376, 45.24392 ], [ -73.35746, 45.24123 ], [ -73.35102, 45.24374 ] ] ] } },
{ "type": "Feature", "properties": { "hex_id": 595269, "centroid_lon": -73.356864309225998, "centroid_lat": 45.262011959453609, "hours_count": 6.0, "datetimes_affected": "2026-01-06 18:32:54,2026-01-06 18:32:54,2026-01-06 18:32:54,2026-01-06 18:32:54,2026-01-06 18:32:54,2026-01-06 18:32:54" }, "geometry": { "type": "Polygon", "coordinates": [ [ [ -73.35057, 45.25932 ], [ -73.35042, 45.26452 ], [ -73.35671, 45.26721 ], [ -73.36316, 45.2647 ], [ -73.36331, 45.25951 ], [ -73.35701, 45.25682 ], [ -73.35057, 45.25932 ] ] ] } },
{ "type": "Feature", "properties": { "hex_id": 595270, "centroid_lon": -73.356414457423654, "centroid_lat": 45.277596591621936, "hours_count": 6.0, "datetimes_affected": "2026-01-06 18:32:54,2026-01-06 18:32:54,2026-01-06 18:32:54,2026-01-06 18:32:54,2026-01-06 18:32:54,2026-01-06 18:32:54" }, "geometry": { "type": "Polygon", "coordinates": [ [ [ -73.35012, 45.27491 ], [ -73.34997, 45.2801 ], [ -73.35626, 45.28279 ], [ -73.36271, 45.28029 ], [ -73.36286, 45.27509 ], [ -73.35656, 45.2724 ], [ -73.35012, 45.27491 ] ] ] } },
{ "type": "Feature", "properties": { "hex_id": 595271, "centroid_lon": -73.355964238007346, "centroid_lat": 45.293181177574525, "hours_count": 6.0, "datetimes_affected": "2026-01-06 18:32:54,2026-01-06 18:32:54,2026-01-06 18:32:54,2026-01-06 18:32:54,2026-01-06 18:32:54,2026-01-06 18:32:54" }, "geometry": { "type": "Polygon", "coordinates": [ [ [ -73.34967, 45.29049 ], [ -73.34951, 45.29569 ], [ -73.35581, 45.29838 ], [ -73.36226, 45.29587 ], [ -73.36241, 45.29068 ], [ -73.35611, 45.28799 ], [ -73.34967, 45.29049 ] ] ] } },
{ "type": "Feature", "properties": { "hex_id": 595272, "centroid_lon": -73.355513650609041, "centroid_lat": 45.308765717307971, "hours_count": 6.0, "datetimes_affected": "2026-01-06 18:32:54,2026-01-06 18:32:54,2026-01-06 18:32:54,2026-01-06 18:32:54,2026-01-06 18:32:54,2026-01-06 18:32:54" }, "geometry": { "type": "Polygon", "coordinates": [ [ [ -73.34921, 45.30608 ], [ -73.34906, 45.31127 ], [ -73.35536, 45.31396 ], [ -73.36181, 45.31145 ], [ -73.36196, 45.30626 ], [ -73.35566, 45.30357 ], [ -73.34921, 45.30608 ] ] ] } },
{ "type": "Feature", "properties": { "hex_id": 595874, "centroid_lon": -73.352971076944286, "centroid_lat": 45.176204079080286, "hours_count": 6.0, "datetimes_affected": "2026-01-06 18:32:54,2026-01-06 18:32:54,2026-01-06 18:32:54,2026-01-06 18:32:54,2026-01-06 18:32:54,2026-01-06 18:32:54" }, "geometry": { "type": "Polygon", "coordinates": [ [ [ -73.34669, 45.17351 ], [ -73.34654, 45.17871 ], [ -73.35282, 45.1814 ], [ -73.35926, 45.17889 ], [ -73.35941, 45.1737 ], [ -73.35312, 45.17101 ], [ -73.34669, 45.17351 ] ] ] } },
{ "type": "Feature", "properties": { "hex_id": 595875, "centroid_lon": -73.352521506114584, "centroid_lat": 45.191788915874405, "hours_count": 6.0, "datetimes_affected": "2026-01-06 18:32:54,2026-01-06 18:32:54,2026-01-06 18:32:54,2026-01-06 18:32:54,2026-01-06 18:32:54,2026-01-06 18:32:54" }, "geometry": { "type": "Polygon", "coordinates": [ [ [ -73.34623, 45.1891 ], [ -73.34608, 45.19429 ], [ -73.35237, 45.19698 ], [ -73.35881, 45.19448 ], [ -73.35896, 45.18928 ], [ -73.35267, 45.18659 ], [ -73.34623, 45.1891 ] ] ] } },
{ "type": "Feature", "properties": { "hex_id": 595876, "centroid_lon": -73.352071568271327, "centroid_lat": 45.207373706444983, "hours_count": 6.0, "datetimes_affected": "2026-01-06 18:32:54,2026-01-06 18:32:54,2026-01-06 18:32:54,2026-01-06 18:32:54,2026-01-06 18:32:54,2026-01-06 18:32:54" }, "geometry": { "type": "Polygon", "coordinates": [ [ [ -73.34578, 45.20468 ], [ -73.34563, 45.20988 ], [ -73.35192, 45.21257 ], [ -73.35836, 45.21006 ], [ -73.35851, 45.20487 ], [ -73.35222, 45.20218 ], [ -73.34578, 45.20468 ] ] ] } },
{ "type": "Feature", "properties": { "hex_id": 595877, "centroid_lon": -73.351621263047932, "centroid_lat": 45.222958450788461, "hours_count": 6.0, "datetimes_affected": "2026-01-06 18:32:54,2026-01-06 18:32:54,2026-01-06 18:32:54,2026-01-06 18:32:54,2026-01-06 18:32:54,2026-01-06 18:32:54" }, "geometry": { "type": "Polygon", "coordinates": [ [ [ -73.34533, 45.22027 ], [ -73.34518, 45.22546 ], [ -73.35147, 45.22815 ], [ -73.35791, 45.22565 ], [ -73.35806, 45.22045 ], [ -73.35177, 45.21776 ], [ -73.34533, 45.22027 ] ] ] } },
{ "type": "Feature", "properties": { "hex_id": 595878, "centroid_lon": -73.351170590077331, "centroid_lat": 45.238543148901385, "hours_count": 6.0, "datetimes_affected": "2026-01-06 18:32:54,2026-01-06 18:32:54,2026-01-06 18:32:54,2026-01-06 18:32:54,2026-01-06 18:32:54,2026-01-06 18:32:54" }, "geometry": { "type": "Polygon", "coordinates": [ [ [ -73.34488, 45.23585 ], [ -73.34473, 45.24105 ], [ -73.35102, 45.24374 ], [ -73.35746, 45.24123 ], [ -73.35761, 45.23604 ], [ -73.35132, 45.23335 ], [ -73.34488, 45.23585 ] ] ] } },
{ "type": "Feature", "properties": { "hex_id": 595879, "centroid_lon": -73.350719548991933, "centroid_lat": 45.254127800780296, "hours_count": 6.0, "datetimes_affected": "2026-01-06 18:32:54,2026-01-06 18:32:54,2026-01-06 18:32:54,2026-01-06 18:32:54,2026-01-06 18:32:54,2026-01-06 18:32:54" }, "geometry": { "type": "Polygon", "coordinates": [ [ [ -73.34443, 45.25144 ], [ -73.34427, 45.25663 ], [ -73.35057, 45.25932 ], [ -73.35701, 45.25682 ], [ -73.35716, 45.25162 ], [ -73.35087, 45.24893 ], [ -73.34443, 45.25144 ] ] ] } },
{ "type": "Feature", "properties": { "hex_id": 595880, "centroid_lon": -73.350268139423633, "centroid_lat": 45.269712406421704, "hours_count": 6.0, "datetimes_affected": "2026-01-06 18:32:54,2026-01-06 18:32:54,2026-01-06 18:32:54,2026-01-06 18:32:54,2026-01-06 18:32:54,2026-01-06 18:32:54" }, "geometry": { "type": "Polygon", "coordinates": [ [ [ -73.34397, 45.26702 ], [ -73.34382, 45.27222 ], [ -73.35012, 45.27491 ], [ -73.35656, 45.2724 ], [ -73.35671, 45.26721 ], [ -73.35042, 45.26452 ], [ -73.34397, 45.26702 ] ] ] } },
{ "type": "Feature", "properties": { "hex_id": 595881, "centroid_lon": -73.349816361003775, "centroid_lat": 45.285296965822162, "hours_count": 6.0, "datetimes_affected": "2026-01-06 18:32:54,2026-01-06 18:32:54,2026-01-06 18:32:54,2026-01-06 18:32:54,2026-01-06 18:32:54,2026-01-06 18:32:54" }, "geometry": { "type": "Polygon", "coordinates": [ [ [ -73.34352, 45.28261 ], [ -73.34337, 45.2878 ], [ -73.34967, 45.29049 ], [ -73.35611, 45.28799 ], [ -73.35626, 45.28279 ], [ -73.34997, 45.2801 ], [ -73.34352, 45.28261 ] ] ] } },
{ "type": "Feature", "properties": { "hex_id": 595882, "centroid_lon": -73.349364213363216, "centroid_lat": 45.300881478978226, "hours_count": 6.0, "datetimes_affected": "2026-01-06 18:32:54,2026-01-06 18:32:54,2026-01-06 18:32:54,2026-01-06 18:32:54,2026-01-06 18:32:54,2026-01-06 18:32:54" }, "geometry": { "type": "Polygon", "coordinates": [ [ [ -73.34307, 45.29819 ], [ -73.34291, 45.30339 ], [ -73.34921, 45.30608 ], [ -73.35566, 45.30357 ], [ -73.35581, 45.29838 ], [ -73.34951, 45.29569 ], [ -73.34307, 45.29819 ] ] ] } },
{ "type": "Feature", "properties": { "hex_id": 595891, "centroid_lon": -73.345278208497177, "centroid_lat": 45.441140015819137, "hours_count": 18.0, "datetimes_affected": "2026-01-04 11:38:40,2026-01-04 11:38:40,2026-01-04 11:38:40,2026-01-04 11:38:40,2026-01-04 11:38:40,2026-01-04 11:38:40" }, "geometry": { "type": "Polygon", "coordinates": [ [ [ -73.33896, 45.43845 ], [ -73.33881, 45.44364 ], [ -73.34513, 45.44633 ], [ -73.35159, 45.44383 ], [ -73.35174, 45.43864 ], [ -73.34543, 45.43595 ], [ -73.33896, 45.43845 ] ] ] } },
{ "type": "Feature", "properties": { "hex_id": 596484, "centroid_lon": -73.346835759536702, "centroid_lat": 45.168319736575057, "hours_count": 6.0, "datetimes_affected": "2026-01-06 18:32:54,2026-01-06 18:32:54,2026-01-06 18:32:54,2026-01-06 18:32:54,2026-01-06 18:32:54,2026-01-06 18:32:54" }, "geometry": { "type": "Polygon", "coordinates": [ [ [ -73.34055, 45.16563 ], [ -73.3404, 45.17082 ], [ -73.34669, 45.17351 ], [ -73.35312, 45.17101 ], [ -73.35327, 45.16581 ], [ -73.34699, 45.16312 ], [ -73.34055, 45.16563 ] ] ] } },
{ "type": "Feature", "properties": { "hex_id": 596485, "centroid_lon": -73.346384638464102, "centroid_lat": 45.183904546802658, "hours_count": 6.0, "datetimes_affected": "2026-01-06 18:32:54,2026-01-06 18:32:54,2026-01-06 18:32:54,2026-01-06 18:32:54,2026-01-06 18:32:54,2026-01-06 18:32:54" }, "geometry": { "type": "Polygon", "coordinates": [ [ [ -73.3401, 45.18121 ], [ -73.33995, 45.18641 ], [ -73.34623, 45.1891 ], [ -73.35267, 45.18659 ], [ -73.35282, 45.1814 ], [ -73.34654, 45.17871 ], [ -73.3401, 45.18121 ] ] ] } },
{ "type": "Feature", "properties": { "hex_id": 596486, "centroid_lon": -73.34593314914747, "centroid_lat": 45.199489310781495, "hours_count": 6.0, "datetimes_affected": "2026-01-06 18:32:54,2026-01-06 18:32:54,2026-01-06 18:32:54,2026-01-06 18:32:54,2026-01-06 18:32:54,2026-01-06 18:32:54" }, "geometry": { "type": "Polygon", "coordinates": [ [ [ -73.33965, 45.1968 ], [ -73.33949, 45.20199 ], [ -73.34578, 45.20468 ], [ -73.35222, 45.20218 ], [ -73.35237, 45.19698 ], [ -73.34608, 45.19429 ], [ -73.33965, 45.1968 ] ] ] } },
{ "type": "Feature", "properties": { "hex_id": 596487, "centroid_lon": -73.345481291219087, "centroid_lat": 45.215074028508127, "hours_count": 6.0, "datetimes_affected": "2026-01-06 18:32:54,2026-01-06 18:32:54,2026-01-06 18:32:54,2026-01-06 18:32:54,2026-01-06 18:32:54,2026-01-06 18:32:54" }, "geometry": { "type": "Polygon", "coordinates": [ [ [ -73.33919, 45.21238 ], [ -73.33904, 45.21758 ], [ -73.34533, 45.22027 ], [ -73.35177, 45.21776 ], [ -73.35192, 45.21257 ], [ -73.34563, 45.20988 ], [ -73.33919, 45.21238 ] ] ] } },
{ "type": "Feature", "properties": { "hex_id": 596488, "centroid_lon": -73.345029064310751, "centroid_lat": 45.230658699978989, "hours_count": 6.0, "datetimes_affected": "2026-01-06 18:32:54,2026-01-06 18:32:54,2026-01-06 18:32:54,2026-01-06 18:32:54,2026-01-06 18:32:54,2026-01-06 18:32:54" }, "geometry": { "type": "Polygon", "coordinates": [ [ [ -73.33874, 45.22797 ], [ -73.33859, 45.23316 ], [ -73.34488, 45.23585 ], [ -73.35132, 45.23335 ], [ -73.35147, 45.22815 ], [ -73.34518, 45.22546 ], [ -73.33874, 45.22797 ] ] ] } },
{ "type": "Feature", "properties": { "hex_id": 596489, "centroid_lon": -73.34457646805366, "centroid_lat": 45.246243325190598, "hours_count": 6.0, "datetimes_affected": "2026-01-06 18:32:54,2026-01-06 18:32:54,2026-01-06 18:32:54,2026-01-06 18:32:54,2026-01-06 18:32:54,2026-01-06 18:32:54" }, "geometry": { "type": "Polygon", "coordinates": [ [ [ -73.33828, 45.24355 ], [ -73.33813, 45.24875 ], [ -73.34443, 45.25144 ], [ -73.35087, 45.24893 ], [ -73.35102, 45.24374 ], [ -73.34473, 45.24105 ], [ -73.33828, 45.24355 ] ] ] } },
{ "type": "Feature", "properties": { "hex_id": 596490, "centroid_lon": -73.344123502078588, "centroid_lat": 45.261827904139452, "hours_count": 6.0, "datetimes_affected": "2026-01-06 18:32:54,2026-01-06 18:32:54,2026-01-06 18:32:54,2026-01-06 18:32:54,2026-01-06 18:32:54,2026-01-06 18:32:54" }, "geometry": { "type": "Polygon", "coordinates": [ [ [ -73.33783, 45.25914 ], [ -73.33768, 45.26433 ], [ -73.34397, 45.26702 ], [ -73.35042, 45.26452 ], [ -73.35057, 45.25932 ], [ -73.34427, 45.25663 ], [ -73.33783, 45.25914 ] ] ] } },
{ "type": "Feature", "properties": { "hex_id": 596491, "centroid_lon": -73.343670166015741, "centroid_lat": 45.277412436822061, "hours_count": 6.0, "datetimes_affected": "2026-01-06 18:32:54,2026-01-06 18:32:54,2026-01-06 18:32:54,2026-01-06 18:32:54,2026-01-06 18:32:54,2026-01-06 18:32:54" }, "geometry": { "type": "Polygon", "coordinates": [ [ [ -73.33737, 45.27472 ], [ -73.33722, 45.27992 ], [ -73.34352, 45.28261 ], [ -73.34997, 45.2801 ], [ -73.35012, 45.27491 ], [ -73.34382, 45.27222 ], [ -73.33737, 45.27472 ] ] ] } },
{ "type": "Feature", "properties": { "hex_id": 596492, "centroid_lon": -73.343216459494798, "centroid_lat": 45.292996923234931, "hours_count": 6.0, "datetimes_affected": "2026-01-06 18:32:54,2026-01-06 18:32:54,2026-01-06 18:32:54,2026-01-06 18:32:54,2026-01-06 18:32:54,2026-01-06 18:32:54" }, "geometry": { "type": "Polygon", "coordinates": [ [ [ -73.33692, 45.29031 ], [ -73.33677, 45.2955 ], [ -73.34307, 45.29819 ], [ -73.34951, 45.29569 ], [ -73.34967, 45.29049 ], [ -73.34337, 45.2878 ], [ -73.33692, 45.29031 ] ] ] } },
{ "type": "Feature", "properties": { "hex_id": 596493, "centroid_lon": -73.342762382144912, "centroid_lat": 45.308581363374593, "hours_count": 6.0, "datetimes_affected": "2026-01-06 18:32:54,2026-01-06 18:32:54,2026-01-06 18:32:54,2026-01-06 18:32:54,2026-01-06 18:32:54,2026-01-06 18:32:54" }, "geometry": { "type": "Polygon", "coordinates": [ [ [ -73.33646, 45.30589 ], [ -73.33631, 45.31109 ], [ -73.34261, 45.31378 ], [ -73.34906, 45.31127 ], [ -73.34921, 45.30608 ], [ -73.34291, 45.30339 ], [ -73.33646, 45.30589 ] ] ] } },
{ "type": "Feature", "properties": { "hex_id": 597095, "centroid_lon": -73.340249443743318, "centroid_lat": 45.176019861748081, "hours_count": 6.0, "datetimes_affected": "2026-01-06 18:32:54,2026-01-06 18:32:54,2026-01-06 18:32:54,2026-01-06 18:32:54,2026-01-06 18:32:54,2026-01-06 18:32:54" }, "geometry": { "type": "Polygon", "coordinates": [ [ [ -73.33396, 45.17333 ], [ -73.33381, 45.17852 ], [ -73.3401, 45.18121 ], [ -73.34654, 45.17871 ], [ -73.34669, 45.17351 ], [ -73.3404, 45.17082 ], [ -73.33396, 45.17333 ] ] ] } },
{ "type": "Feature", "properties": { "hex_id": 597096, "centroid_lon": -73.33979640430627, "centroid_lat": 45.191604598970002, "hours_count": 6.0, "datetimes_affected": "2026-01-06 18:32:54,2026-01-06 18:32:54,2026-01-06 18:32:54,2026-01-06 18:32:54,2026-01-06 18:32:54,2026-01-06 18:32:54" }, "geometry": { "type": "Polygon", "coordinates": [ [ [ -73.33351, 45.18891 ], [ -73.33336, 45.19411 ], [ -73.33965, 45.1968 ], [ -73.34608, 45.19429 ], [ -73.34623, 45.1891 ], [ -73.33995, 45.18641 ], [ -73.33351, 45.18891 ] ] ] } },
{ "type": "Feature", "properties": { "hex_id": 597097, "centroid_lon": -73.339342995027181, "centroid_lat": 45.207189289914467, "hours_count": 6.0, "datetimes_affected": "2026-01-06 18:32:54,2026-01-06 18:32:54,2026-01-06 18:32:54,2026-01-06 18:32:54,2026-01-06 18:32:54,2026-01-06 18:32:54" }, "geometry": { "type": "Polygon", "coordinates": [ [ [ -73.33305, 45.2045 ], [ -73.3329, 45.20969 ], [ -73.33919, 45.21238 ], [ -73.34563, 45.20988 ], [ -73.34578, 45.20468 ], [ -73.33949, 45.20199 ], [ -73.33305, 45.2045 ] ] ] } },
{ "type": "Feature", "properties": { "hex_id": 597098, "centroid_lon": -73.338889215536668, "centroid_lat": 45.222773934577909, "hours_count": 6.0, "datetimes_affected": "2026-01-06 18:32:54,2026-01-06 18:32:54,2026-01-06 18:32:54,2026-01-06 18:32:54,2026-01-06 18:32:54,2026-01-06 18:32:54" }, "geometry": { "type": "Polygon", "coordinates": [ [ [ -73.3326, 45.22008 ], [ -73.33245, 45.22528 ], [ -73.33874, 45.22797 ], [ -73.34518, 45.22546 ], [ -73.34533, 45.22027 ], [ -73.33904, 45.21758 ], [ -73.3326, 45.22008 ] ] ] } },
{ "type": "Feature", "properties": { "hex_id": 597099, "centroid_lon": -73.338435065464822, "centroid_lat": 45.238358532956774, "hours_count": 6.0, "datetimes_affected": "2026-01-06 18:32:54,2026-01-06 18:32:54,2026-01-06 18:32:54,2026-01-06 18:32:54,2026-01-06 18:32:54,2026-01-06 18:32:54" }, "geometry": { "type": "Polygon", "coordinates": [ [ [ -73.33214, 45.23567 ], [ -73.33199, 45.24086 ], [ -73.33828, 45.24355 ], [ -73.34473, 45.24105 ], [ -73.34488, 45.23585 ], [ -73.33859, 45.23316 ], [ -73.33214, 45.23567 ] ] ] } },
{ "type": "Feature", "properties": { "hex_id": 597100, "centroid_lon": -73.337980544441251, "centroid_lat": 45.253943085047567, "hours_count": 6.0, "datetimes_affected": "2026-01-06 18:32:54,2026-01-06 18:32:54,2026-01-06 18:32:54,2026-01-06 18:32:54,2026-01-06 18:32:54,2026-01-06 18:32:54" }, "geometry": { "type": "Polygon", "coordinates": [ [ [ -73.33169, 45.25125 ], [ -73.33154, 45.25645 ], [ -73.33783, 45.25914 ], [ -73.34427, 45.25663 ], [ -73.34443, 45.25144 ], [ -73.33813, 45.24875 ], [ -73.33169, 45.25125 ] ] ] } },
{ "type": "Feature", "properties": { "hex_id": 597101, "centroid_lon": -73.337525652094982, "centroid_lat": 45.269527590846707, "hours_count": 6.0, "datetimes_affected": "2026-01-06 18:32:54,2026-01-06 18:32:54,2026-01-06 18:32:54,2026-01-06 18:32:54,2026-01-06 18:32:54,2026-01-06 18:32:54" }, "geometry": { "type": "Polygon", "coordinates": [ [ [ -73.33123, 45.26684 ], [ -73.33108, 45.27203 ], [ -73.33737, 45.27472 ], [ -73.34382, 45.27222 ], [ -73.34397, 45.26702 ], [ -73.33768, 45.26433 ], [ -73.33123, 45.26684 ] ] ] } },
{ "type": "Feature", "properties": { "hex_id": 597102, "centroid_lon": -73.33707038805457, "centroid_lat": 45.285112050350726, "hours_count": 6.0, "datetimes_affected": "2026-01-06 18:32:54,2026-01-06 18:32:54,2026-01-06 18:32:54,2026-01-06 18:32:54,2026-01-06 18:32:54,2026-01-06 18:32:54" }, "geometry": { "type": "Polygon", "coordinates": [ [ [ -73.33077, 45.28242 ], [ -73.33062, 45.28762 ], [ -73.33692, 45.29031 ], [ -73.34337, 45.2878 ], [ -73.34352, 45.28261 ], [ -73.33722, 45.27992 ], [ -73.33077, 45.28242 ] ] ] } },
{ "type": "Feature", "properties": { "hex_id": 597103, "centroid_lon": -73.336614751948005, "centroid_lat": 45.3006964635561, "hours_count": 6.0, "datetimes_affected": "2026-01-06 18:32:54,2026-01-06 18:32:54,2026-01-06 18:32:54,2026-01-06 18:32:54,2026-01-06 18:32:54,2026-01-06 18:32:54" }, "geometry": { "type": "Polygon", "coordinates": [ [ [ -73.33032, 45.29801 ], [ -73.33016, 45.3032 ], [ -73.33646, 45.30589 ], [ -73.34291, 45.30339 ], [ -73.34307, 45.29819 ], [ -73.33677, 45.2955 ], [ -73.33032, 45.29801 ] ] ] } },
{ "type": "Feature", "properties": { "hex_id": 597705, "centroid_lon": -73.334115921010095, "centroid_lat": 45.168134860982278, "hours_count": 6.0, "datetimes_affected": "2026-01-06 18:32:54,2026-01-06 18:32:54,2026-01-06 18:32:54,2026-01-06 18:32:54,2026-01-06 18:32:54,2026-01-06 18:32:54" }, "geometry": { "type": "Polygon", "coordinates": [ [ [ -73.32783, 45.16544 ], [ -73.32768, 45.17064 ], [ -73.33396, 45.17333 ], [ -73.3404, 45.17082 ], [ -73.34055, 45.16563 ], [ -73.33427, 45.16294 ], [ -73.32783, 45.16544 ] ] ] } },
{ "type": "Feature", "properties": { "hex_id": 597706, "centroid_lon": -73.333661332804652, "centroid_lat": 45.183719571282197, "hours_count": 6.0, "datetimes_affected": "2026-01-06 18:32:54,2026-01-06 18:32:54,2026-01-06 18:32:54,2026-01-06 18:32:54,2026-01-06 18:32:54,2026-01-06 18:32:54" }, "geometry": { "type": "Polygon", "coordinates": [ [ [ -73.32738, 45.18103 ], [ -73.32722, 45.18622 ], [ -73.33351, 45.18891 ], [ -73.33995, 45.18641 ], [ -73.3401, 45.18121 ], [ -73.33381, 45.17852 ], [ -73.32738, 45.18103 ] ] ] } },
{ "type": "Feature", "properties": { "hex_id": 597707, "centroid_lon": -73.333206373528171, "centroid_lat": 45.199304235279328, "hours_count": 6.0, "datetimes_affected": "2026-01-06 18:32:54,2026-01-06 18:32:54,2026-01-06 18:32:54,2026-01-06 18:32:54,2026-01-06 18:32:54,2026-01-06 18:32:54" }, "geometry": { "type": "Polygon", "coordinates": [ [ [ -73.32692, 45.19661 ], [ -73.32677, 45.20181 ], [ -73.33305, 45.2045 ], [ -73.33949, 45.20199 ], [ -73.33965, 45.1968 ], [ -73.33336, 45.19411 ], [ -73.32692, 45.19661 ] ] ] } },
{ "type": "Feature", "properties": { "hex_id": 597708, "centroid_lon": -73.332751042810159, "centroid_lat": 45.214888852970091, "hours_count": 6.0, "datetimes_affected": "2026-01-06 18:32:54,2026-01-06 18:32:54,2026-01-06 18:32:54,2026-01-06 18:32:54,2026-01-06 18:32:54,2026-01-06 18:32:54" }, "geometry": { "type": "Polygon", "coordinates": [ [ [ -73.32646, 45.2122 ], [ -73.32631, 45.21739 ], [ -73.3326, 45.22008 ], [ -73.33904, 45.21758 ], [ -73.33919, 45.21238 ], [ -73.3329, 45.20969 ], [ -73.32646, 45.2122 ] ] ] } },
{ "type": "Feature", "properties": { "hex_id": 597709, "centroid_lon": -73.332295340279558, "centroid_lat": 45.230473424350905, "hours_count": 6.0, "datetimes_affected": "2026-01-06 18:32:54,2026-01-06 18:32:54,2026-01-06 18:32:54,2026-01-06 18:32:54,2026-01-06 18:32:54,2026-01-06 18:32:54" }, "geometry": { "type": "Polygon", "coordinates": [ [ [ -73.326, 45.22778 ], [ -73.32585, 45.23298 ], [ -73.33214, 45.23567 ], [ -73.33859, 45.23316 ], [ -73.33874, 45.22797 ], [ -73.33245, 45.22528 ], [ -73.326, 45.22778 ] ] ] } },
{ "type": "Feature", "properties": { "hex_id": 597710, "centroid_lon": -73.331839265564795, "centroid_lat": 45.24605794941823, "hours_count": 6.0, "datetimes_affected": "2026-01-06 18:32:54,2026-01-06 18:32:54,2026-01-06 18:32:54,2026-01-06 18:32:54,2026-01-06 18:32:54,2026-01-06 18:32:54" }, "geometry": { "type": "Polygon", "coordinates": [ [ [ -73.32555, 45.24337 ], [ -73.32539, 45.24856 ], [ -73.33169, 45.25125 ], [ -73.33813, 45.24875 ], [ -73.33828, 45.24355 ], [ -73.33199, 45.24086 ], [ -73.32555, 45.24337 ] ] ] } },
{ "type": "Feature", "properties": { "hex_id": 597711, "centroid_lon": -73.331382818293747, "centroid_lat": 45.2616424281685, "hours_count": 6.0, "datetimes_affected": "2026-01-06 18:32:54,2026-01-06 18:32:54,2026-01-06 18:32:54,2026-01-06 18:32:54,2026-01-06 18:32:54,2026-01-06 18:32:54" }, "geometry": { "type": "Polygon", "coordinates": [ [ [ -73.32509, 45.25895 ], [ -73.32494, 45.26415 ], [ -73.33123, 45.26684 ], [ -73.33768, 45.26433 ], [ -73.33783, 45.25914 ], [ -73.33154, 45.25645 ], [ -73.32509, 45.25895 ] ] ] } },
{ "type": "Feature", "properties": { "hex_id": 597712, "centroid_lon": -73.330925998093832, "centroid_lat": 45.277226860598148, "hours_count": 6.0, "datetimes_affected": "2026-01-06 18:32:54,2026-01-06 18:32:54,2026-01-06 18:32:54,2026-01-06 18:32:54,2026-01-06 18:32:54,2026-01-06 18:32:54" }, "geometry": { "type": "Polygon", "coordinates": [ [ [ -73.32463, 45.27454 ], [ -73.32448, 45.27973 ], [ -73.33077, 45.28242 ], [ -73.33722, 45.27992 ], [ -73.33737, 45.27472 ], [ -73.33108, 45.27203 ], [ -73.32463, 45.27454 ] ] ] } },
{ "type": "Feature", "properties": { "hex_id": 597713, "centroid_lon": -73.330468804591874, "centroid_lat": 45.292811246703636, "hours_count": 6.0, "datetimes_affected": "2026-01-06 18:32:54,2026-01-06 18:32:54,2026-01-06 18:32:54,2026-01-06 18:32:54,2026-01-06 18:32:54,2026-01-06 18:32:54" }, "geometry": { "type": "Polygon", "coordinates": [ [ [ -73.32417, 45.29012 ], [ -73.32402, 45.29532 ], [ -73.33032, 45.29801 ], [ -73.33677, 45.2955 ], [ -73.33692, 45.29031 ], [ -73.33062, 45.28762 ], [ -73.32417, 45.29012 ] ] ] } },
{ "type": "Feature", "properties": { "hex_id": 597714, "centroid_lon": -73.330011237414212, "centroid_lat": 45.308395586481424, "hours_count": 6.0, "datetimes_affected": "2026-01-06 18:32:54,2026-01-06 18:32:54,2026-01-06 18:32:54,2026-01-06 18:32:54,2026-01-06 18:32:54,2026-01-06 18:32:54" }, "geometry": { "type": "Polygon", "coordinates": [ [ [ -73.32371, 45.3057 ], [ -73.32356, 45.3109 ], [ -73.32986, 45.31359 ], [ -73.33631, 45.31109 ], [ -73.33646, 45.30589 ], [ -73.33016, 45.3032 ], [ -73.32371, 45.3057 ] ] ] } },
{ "type": "Feature", "properties": { "hex_id": 598316, "centroid_lon": -73.327527933700068, "centroid_lat": 45.175834227989625, "hours_count": 6.0, "datetimes_affected": "2026-01-06 18:32:54,2026-01-06 18:32:54,2026-01-06 18:32:54,2026-01-06 18:32:54,2026-01-06 18:32:54,2026-01-06 18:32:54" }, "geometry": { "type": "Polygon", "coordinates": [ [ [ -73.32124, 45.17314 ], [ -73.32109, 45.17834 ], [ -73.32738, 45.18103 ], [ -73.33381, 45.17852 ], [ -73.33396, 45.17333 ], [ -73.32768, 45.17064 ], [ -73.32124, 45.17314 ] ] ] } },
{ "type": "Feature", "properties": { "hex_id": 598317, "centroid_lon": -73.327071425778612, "centroid_lat": 45.191418864874386, "hours_count": 6.0, "datetimes_affected": "2026-01-06 18:32:54,2026-01-06 18:32:54,2026-01-06 18:32:54,2026-01-06 18:32:54,2026-01-06 18:32:54,2026-01-06 18:32:54" }, "geometry": { "type": "Polygon", "coordinates": [ [ [ -73.32079, 45.18873 ], [ -73.32063, 45.19392 ], [ -73.32692, 45.19661 ], [ -73.33336, 45.19411 ], [ -73.33351, 45.18891 ], [ -73.32722, 45.18622 ], [ -73.32079, 45.18873 ] ] ] } },
{ "type": "Feature", "properties": { "hex_id": 598318, "centroid_lon": -73.326614545186814, "centroid_lat": 45.20700345542739, "hours_count": 6.0, "datetimes_affected": "2026-01-06 18:32:54,2026-01-06 18:32:54,2026-01-06 18:32:54,2026-01-06 18:32:54,2026-01-06 18:32:54,2026-01-06 18:32:54" }, "geometry": { "type": "Polygon", "coordinates": [ [ [ -73.32033, 45.20431 ], [ -73.32017, 45.20951 ], [ -73.32646, 45.2122 ], [ -73.3329, 45.20969 ], [ -73.33305, 45.2045 ], [ -73.32677, 45.20181 ], [ -73.32033, 45.20431 ] ] ] } },
{ "type": "Feature", "properties": { "hex_id": 598319, "centroid_lon": -73.326157291552477, "centroid_lat": 45.222587999645, "hours_count": 6.0, "datetimes_affected": "2026-01-06 18:32:54,2026-01-06 18:32:54,2026-01-06 18:32:54,2026-01-06 18:32:54,2026-01-06 18:32:54,2026-01-06 18:32:54" }, "geometry": { "type": "Polygon", "coordinates": [ [ [ -73.31987, 45.2199 ], [ -73.31971, 45.22509 ], [ -73.326, 45.22778 ], [ -73.33245, 45.22528 ], [ -73.3326, 45.22008 ], [ -73.32631, 45.21739 ], [ -73.31987, 45.2199 ] ] ] } },
{ "type": "Feature", "properties": { "hex_id": 598320, "centroid_lon": -73.325699664502892, "centroid_lat": 45.238172497523614, "hours_count": 6.0, "datetimes_affected": "2026-01-06 18:32:54,2026-01-06 18:32:54,2026-01-06 18:32:54,2026-01-06 18:32:54,2026-01-06 18:32:54,2026-01-06 18:32:54" }, "geometry": { "type": "Polygon", "coordinates": [ [ [ -73.31941, 45.23548 ], [ -73.31926, 45.24068 ], [ -73.32555, 45.24337 ], [ -73.33199, 45.24086 ], [ -73.33214, 45.23567 ], [ -73.32585, 45.23298 ], [ -73.31941, 45.23548 ] ] ] } },
{ "type": "Feature", "properties": { "hex_id": 598321, "centroid_lon": -73.325241663664769, "centroid_lat": 45.253756949059671, "hours_count": 6.0, "datetimes_affected": "2026-01-06 18:32:54,2026-01-06 18:32:54,2026-01-06 18:32:54,2026-01-06 18:32:54,2026-01-06 18:32:54,2026-01-06 18:32:54" }, "geometry": { "type": "Polygon", "coordinates": [ [ [ -73.31895, 45.25107 ], [ -73.3188, 45.25626 ], [ -73.32509, 45.25895 ], [ -73.33154, 45.25645 ], [ -73.33169, 45.25125 ], [ -73.32539, 45.24856 ], [ -73.31895, 45.25107 ] ] ] } },
{ "type": "Feature", "properties": { "hex_id": 598322, "centroid_lon": -73.324783288664378, "centroid_lat": 45.269341354249548, "hours_count": 6.0, "datetimes_affected": "2026-01-06 18:32:54,2026-01-06 18:32:54,2026-01-06 18:32:54,2026-01-06 18:32:54,2026-01-06 18:32:54,2026-01-06 18:32:54" }, "geometry": { "type": "Polygon", "coordinates": [ [ [ -73.31849, 45.26665 ], [ -73.31834, 45.27185 ], [ -73.32463, 45.27454 ], [ -73.33108, 45.27203 ], [ -73.33123, 45.26684 ], [ -73.32494, 45.26415 ], [ -73.31849, 45.26665 ] ] ] } },
{ "type": "Feature", "properties": { "hex_id": 598323, "centroid_lon": -73.324324539127389, "centroid_lat": 45.284925713089692, "hours_count": 6.0, "datetimes_affected": "2026-01-06 18:32:54,2026-01-06 18:32:54,2026-01-06 18:32:54,2026-01-06 18:32:54,2026-01-06 18:32:54,2026-01-06 18:32:54" }, "geometry": { "type": "Polygon", "coordinates": [ [ [ -73.31803, 45.28223 ], [ -73.31787, 45.28743 ], [ -73.32417, 45.29012 ], [ -73.33062, 45.28762 ], [ -73.33077, 45.28242 ], [ -73.32448, 45.27973 ], [ -73.31803, 45.28223 ] ] ] } },
{ "type": "Feature", "properties": { "hex_id": 598324, "centroid_lon": -73.323865414678991, "centroid_lat": 45.300510025576521, "hours_count": 6.0, "datetimes_affected": "2026-01-06 18:32:54,2026-01-06 18:32:54,2026-01-06 18:32:54,2026-01-06 18:32:54,2026-01-06 18:32:54,2026-01-06 18:32:54" }, "geometry": { "type": "Polygon", "coordinates": [ [ [ -73.31757, 45.29782 ], [ -73.31741, 45.30301 ], [ -73.32371, 45.3057 ], [ -73.33016, 45.3032 ], [ -73.33032, 45.29801 ], [ -73.32402, 45.29532 ], [ -73.31757, 45.29782 ] ] ] } },
{ "type": "Feature", "properties": { "hex_id": 598926, "centroid_lon": -73.321396206050466, "centroid_lat": 45.167948569363716, "hours_count": 6.0, "datetimes_affected": "2026-01-06 18:32:54,2026-01-06 18:32:54,2026-01-06 18:32:54,2026-01-06 18:32:54,2026-01-06 18:32:54,2026-01-06 18:32:54" }, "geometry": { "type": "Polygon", "coordinates": [ [ [ -73.31511, 45.16526 ], [ -73.31496, 45.17045 ], [ -73.32124, 45.17314 ], [ -73.32768, 45.17064 ], [ -73.32783, 45.16544 ], [ -73.32155, 45.16275 ], [ -73.31511, 45.16526 ] ] ] } },
{ "type": "Feature", "properties": { "hex_id": 598927, "centroid_lon": -73.320938150835502, "centroid_lat": 45.183533178971267, "hours_count": 6.0, "datetimes_affected": "2026-01-06 18:32:54,2026-01-06 18:32:54,2026-01-06 18:32:54,2026-01-06 18:32:54,2026-01-06 18:32:54,2026-01-06 18:32:54" }, "geometry": { "type": "Polygon", "coordinates": [ [ [ -73.31465, 45.18084 ], [ -73.3145, 45.18604 ], [ -73.32079, 45.18873 ], [ -73.32722, 45.18622 ], [ -73.32738, 45.18103 ], [ -73.32109, 45.17834 ], [ -73.31465, 45.18084 ] ] ] } },
{ "type": "Feature", "properties": { "hex_id": 598928, "centroid_lon": -73.320479721722691, "centroid_lat": 45.19911774222151, "hours_count": 6.0, "datetimes_affected": "2026-01-06 18:32:54,2026-01-06 18:32:54,2026-01-06 18:32:54,2026-01-06 18:32:54,2026-01-06 18:32:54,2026-01-06 18:32:54" }, "geometry": { "type": "Polygon", "coordinates": [ [ [ -73.31419, 45.19643 ], [ -73.31404, 45.20162 ], [ -73.32033, 45.20431 ], [ -73.32677, 45.20181 ], [ -73.32692, 45.19661 ], [ -73.32063, 45.19392 ], [ -73.31419, 45.19643 ] ] ] } },
{ "type": "Feature", "properties": { "hex_id": 598929, "centroid_lon": -73.320020918338741, "centroid_lat": 45.214702259110872, "hours_count": 6.0, "datetimes_affected": "2026-01-06 18:32:54,2026-01-06 18:32:54,2026-01-06 18:32:54,2026-01-06 18:32:54,2026-01-06 18:32:54,2026-01-06 18:32:54" }, "geometry": { "type": "Polygon", "coordinates": [ [ [ -73.31373, 45.21201 ], [ -73.31358, 45.21721 ], [ -73.31987, 45.2199 ], [ -73.32631, 45.21739 ], [ -73.32646, 45.2122 ], [ -73.32017, 45.20951 ], [ -73.31373, 45.21201 ] ] ] } },
{ "type": "Feature", "properties": { "hex_id": 598930, "centroid_lon": -73.319561740309737, "centroid_lat": 45.230286729635679, "hours_count": 6.0, "datetimes_affected": "2026-01-06 18:32:54,2026-01-06 18:32:54,2026-01-06 18:32:54,2026-01-06 18:32:54,2026-01-06 18:32:54,2026-01-06 18:32:54" }, "geometry": { "type": "Polygon", "coordinates": [ [ [ -73.31327, 45.2276 ], [ -73.31312, 45.23279 ], [ -73.31941, 45.23548 ], [ -73.32585, 45.23298 ], [ -73.326, 45.22778 ], [ -73.31971, 45.22509 ], [ -73.31327, 45.2276 ] ] ] } },
{ "type": "Feature", "properties": { "hex_id": 598931, "centroid_lon": -73.319102187261308, "centroid_lat": 45.245871153792315, "hours_count": 6.0, "datetimes_affected": "2026-01-06 18:32:54,2026-01-06 18:32:54,2026-01-06 18:32:54,2026-01-06 18:32:54,2026-01-06 18:32:54,2026-01-06 18:32:54" }, "geometry": { "type": "Polygon", "coordinates": [ [ [ -73.31281, 45.24318 ], [ -73.31266, 45.24837 ], [ -73.31895, 45.25107 ], [ -73.32539, 45.24856 ], [ -73.32555, 45.24337 ], [ -73.31926, 45.24068 ], [ -73.31281, 45.24318 ] ] ] } },
{ "type": "Feature", "properties": { "hex_id": 598932, "centroid_lon": -73.318642258818514, "centroid_lat": 45.261455531577198, "hours_count": 6.0, "datetimes_affected": "2026-01-06 18:32:54,2026-01-06 18:32:54,2026-01-06 18:32:54,2026-01-06 18:32:54,2026-01-06 18:32:54,2026-01-06 18:32:54" }, "geometry": { "type": "Polygon", "coordinates": [ [ [ -73.31235, 45.25876 ], [ -73.3122, 45.26396 ], [ -73.31849, 45.26665 ], [ -73.32494, 45.26415 ], [ -73.32509, 45.25895 ], [ -73.3188, 45.25626 ], [ -73.31235, 45.25876 ] ] ] } },
{ "type": "Feature", "properties": { "hex_id": 598933, "centroid_lon": -73.318181954605919, "centroid_lat": 45.277039862986676, "hours_count": 6.0, "datetimes_affected": "2026-01-06 18:32:54,2026-01-06 18:32:54,2026-01-06 18:32:54,2026-01-06 18:32:54,2026-01-06 18:32:54,2026-01-06 18:32:54" }, "geometry": { "type": "Polygon", "coordinates": [ [ [ -73.31189, 45.27435 ], [ -73.31173, 45.27954 ], [ -73.31803, 45.28223 ], [ -73.32448, 45.27973 ], [ -73.32463, 45.27454 ], [ -73.31834, 45.27185 ], [ -73.31189, 45.27435 ] ] ] } },
{ "type": "Feature", "properties": { "hex_id": 598934, "centroid_lon": -73.317721274247518, "centroid_lat": 45.292624148017147, "hours_count": 6.0, "datetimes_affected": "2026-01-06 18:32:54,2026-01-06 18:32:54,2026-01-06 18:32:54,2026-01-06 18:32:54,2026-01-06 18:32:54,2026-01-06 18:32:54" }, "geometry": { "type": "Polygon", "coordinates": [ [ [ -73.31142, 45.28993 ], [ -73.31127, 45.29513 ], [ -73.31757, 45.29782 ], [ -73.32402, 45.29532 ], [ -73.32417, 45.29012 ], [ -73.31787, 45.28743 ], [ -73.31142, 45.28993 ] ] ] } },
{ "type": "Feature", "properties": { "hex_id": 598935, "centroid_lon": -73.31726021736678, "centroid_lat": 45.308208386665029, "hours_count": 6.0, "datetimes_affected": "2026-01-06 18:32:54,2026-01-06 18:32:54,2026-01-06 18:32:54,2026-01-06 18:32:54,2026-01-06 18:32:54,2026-01-06 18:32:54" }, "geometry": { "type": "Polygon", "coordinates": [ [ [ -73.31096, 45.30552 ], [ -73.31081, 45.31071 ], [ -73.31711, 45.3134 ], [ -73.32356, 45.3109 ], [ -73.32371, 45.3057 ], [ -73.31741, 45.30301 ], [ -73.31096, 45.30552 ] ] ] } },
{ "type": "Feature", "properties": { "hex_id": 599537, "centroid_lon": -73.314806547756348, "centroid_lat": 45.175647177841341, "hours_count": 6.0, "datetimes_affected": "2026-01-06 18:32:54,2026-01-06 18:32:54,2026-01-06 18:32:54,2026-01-06 18:32:54,2026-01-06 18:32:54,2026-01-06 18:32:54" }, "geometry": { "type": "Polygon", "coordinates": [ [ [ -73.30852, 45.17296 ], [ -73.30837, 45.17815 ], [ -73.31465, 45.18084 ], [ -73.32109, 45.17834 ], [ -73.32124, 45.17314 ], [ -73.31496, 45.17045 ], [ -73.30852, 45.17296 ] ] ] } },
{ "type": "Feature", "properties": { "hex_id": 599538, "centroid_lon": -73.314346571474388, "centroid_lat": 45.19123171362402, "hours_count": 6.0, "datetimes_affected": "2026-01-06 18:32:54,2026-01-06 18:32:54,2026-01-06 18:32:54,2026-01-06 18:32:54,2026-01-06 18:32:54,2026-01-06 18:32:54" }, "geometry": { "type": "Polygon", "coordinates": [ [ [ -73.30806, 45.18854 ], [ -73.30791, 45.19373 ], [ -73.31419, 45.19643 ], [ -73.32063, 45.19392 ], [ -73.32079, 45.18873 ], [ -73.3145, 45.18604 ], [ -73.30806, 45.18854 ] ] ] } },
{ "type": "Feature", "properties": { "hex_id": 599539, "centroid_lon": -73.313886219693956, "centroid_lat": 45.206816203020232, "hours_count": 6.0, "datetimes_affected": "2026-01-06 18:32:54,2026-01-06 18:32:54,2026-01-06 18:32:54,2026-01-06 18:32:54,2026-01-06 18:32:54,2026-01-06 18:32:54" }, "geometry": { "type": "Polygon", "coordinates": [ [ [ -73.3076, 45.20412 ], [ -73.30745, 45.20932 ], [ -73.31373, 45.21201 ], [ -73.32017, 45.20951 ], [ -73.32033, 45.20431 ], [ -73.31404, 45.20162 ], [ -73.3076, 45.20412 ] ] ] } },
{ "type": "Feature", "properties": { "hex_id": 599540, "centroid_lon": -73.313425492040039, "centroid_lat": 45.222400646026273, "hours_count": 6.0, "datetimes_affected": "2026-01-06 18:32:54,2026-01-06 18:32:54,2026-01-06 18:32:54,2026-01-06 18:32:54,2026-01-06 18:32:54,2026-01-06 18:32:54" }, "geometry": { "type": "Polygon", "coordinates": [ [ [ -73.30714, 45.21971 ], [ -73.30698, 45.2249 ], [ -73.31327, 45.2276 ], [ -73.31971, 45.22509 ], [ -73.31987, 45.2199 ], [ -73.31358, 45.21721 ], [ -73.30714, 45.21971 ] ] ] } },
{ "type": "Feature", "properties": { "hex_id": 599541, "centroid_lon": -73.31296438813709, "centroid_lat": 45.237985042638471, "hours_count": 6.0, "datetimes_affected": "2026-01-06 18:32:54,2026-01-06 18:32:54,2026-01-06 18:32:54,2026-01-06 18:32:54,2026-01-06 18:32:54,2026-01-06 18:32:54" }, "geometry": { "type": "Polygon", "coordinates": [ [ [ -73.30667, 45.23529 ], [ -73.30652, 45.24049 ], [ -73.31281, 45.24318 ], [ -73.31926, 45.24068 ], [ -73.31941, 45.23548 ], [ -73.31312, 45.23279 ], [ -73.30667, 45.23529 ] ] ] } },
{ "type": "Feature", "properties": { "hex_id": 599542, "centroid_lon": -73.312502907609058, "centroid_lat": 45.25356939285323, "hours_count": 6.0, "datetimes_affected": "2026-01-06 18:32:54,2026-01-06 18:32:54,2026-01-06 18:32:54,2026-01-06 18:32:54,2026-01-06 18:32:54,2026-01-06 18:32:54" }, "geometry": { "type": "Polygon", "coordinates": [ [ [ -73.30621, 45.25088 ], [ -73.30606, 45.25607 ], [ -73.31235, 45.25876 ], [ -73.3188, 45.25626 ], [ -73.31895, 45.25107 ], [ -73.31266, 45.24837 ], [ -73.30621, 45.25088 ] ] ] } },
{ "type": "Feature", "properties": { "hex_id": 599543, "centroid_lon": -73.312041050079301, "centroid_lat": 45.269153696666848, "hours_count": 6.0, "datetimes_affected": "2026-01-06 18:32:54,2026-01-06 18:32:54,2026-01-06 18:32:54,2026-01-06 18:32:54,2026-01-06 18:32:54,2026-01-06 18:32:54" }, "geometry": { "type": "Polygon", "coordinates": [ [ [ -73.30575, 45.26646 ], [ -73.30559, 45.27166 ], [ -73.31189, 45.27435 ], [ -73.31834, 45.27185 ], [ -73.31849, 45.26665 ], [ -73.3122, 45.26396 ], [ -73.30575, 45.26646 ] ] ] } },
{ "type": "Feature", "properties": { "hex_id": 599544, "centroid_lon": -73.311578815170677, "centroid_lat": 45.284737954075702, "hours_count": 6.0, "datetimes_affected": "2026-01-06 18:32:54,2026-01-06 18:32:54,2026-01-06 18:32:54,2026-01-06 18:32:54,2026-01-06 18:32:54,2026-01-06 18:32:54" }, "geometry": { "type": "Polygon", "coordinates": [ [ [ -73.30528, 45.28205 ], [ -73.30513, 45.28724 ], [ -73.31142, 45.28993 ], [ -73.31787, 45.28743 ], [ -73.31803, 45.28223 ], [ -73.31173, 45.27954 ], [ -73.30528, 45.28205 ] ] ] } },
{ "type": "Feature", "properties": { "hex_id": 599545, "centroid_lon": -73.311116202505559, "centroid_lat": 45.300322165076174, "hours_count": 6.0, "datetimes_affected": "2026-01-06 18:32:54,2026-01-06 18:32:54,2026-01-06 18:32:54,2026-01-06 18:32:54,2026-01-06 18:32:54,2026-01-06 18:32:54" }, "geometry": { "type": "Polygon", "coordinates": [ [ [ -73.30482, 45.29763 ], [ -73.30466, 45.30283 ], [ -73.31096, 45.30552 ], [ -73.31741, 45.30301 ], [ -73.31757, 45.29782 ], [ -73.31127, 45.29513 ], [ -73.30482, 45.29763 ] ] ] } },
{ "type": "Feature", "properties": { "hex_id": 600148, "centroid_lon": -73.308215093498944, "centroid_lat": 45.183345369906398, "hours_count": 6.0, "datetimes_affected": "2026-01-06 18:32:54,2026-01-06 18:32:54,2026-01-06 18:32:54,2026-01-06 18:32:54,2026-01-06 18:32:54,2026-01-06 18:32:54" }, "geometry": { "type": "Polygon", "coordinates": [ [ [ -73.30193, 45.18065 ], [ -73.30178, 45.18585 ], [ -73.30806, 45.18854 ], [ -73.3145, 45.18604 ], [ -73.31465, 45.18084 ], [ -73.30837, 45.17815 ], [ -73.30193, 45.18065 ] ] ] } },
{ "type": "Feature", "properties": { "hex_id": 600149, "centroid_lon": -73.307753194674262, "centroid_lat": 45.198929831644669, "hours_count": 6.0, "datetimes_affected": "2026-01-06 18:32:54,2026-01-06 18:32:54,2026-01-06 18:32:54,2026-01-06 18:32:54,2026-01-06 18:32:54,2026-01-06 18:32:54" }, "geometry": { "type": "Polygon", "coordinates": [ [ [ -73.30147, 45.19624 ], [ -73.30131, 45.20143 ], [ -73.3076, 45.20412 ], [ -73.31404, 45.20162 ], [ -73.31419, 45.19643 ], [ -73.30791, 45.19373 ], [ -73.30147, 45.19624 ] ] ] } },
{ "type": "Feature", "properties": { "hex_id": 600150, "centroid_lon": -73.307290918748976, "centroid_lat": 45.214514246967106, "hours_count": 6.0, "datetimes_affected": "2026-01-06 18:32:54,2026-01-06 18:32:54,2026-01-06 18:32:54,2026-01-06 18:32:54,2026-01-06 18:32:54,2026-01-06 18:32:54" }, "geometry": { "type": "Polygon", "coordinates": [ [ [ -73.301, 45.21182 ], [ -73.30085, 45.21702 ], [ -73.30714, 45.21971 ], [ -73.31358, 45.21721 ], [ -73.31373, 45.21201 ], [ -73.30745, 45.20932 ], [ -73.301, 45.21182 ] ] ] } },
{ "type": "Feature", "properties": { "hex_id": 600151, "centroid_lon": -73.306828265346383, "centroid_lat": 45.23009861586997, "hours_count": 6.0, "datetimes_affected": "2026-01-06 18:32:54,2026-01-06 18:32:54,2026-01-06 18:32:54,2026-01-06 18:32:54,2026-01-06 18:32:54,2026-01-06 18:32:54" }, "geometry": { "type": "Polygon", "coordinates": [ [ [ -73.30054, 45.22741 ], [ -73.30038, 45.2326 ], [ -73.30667, 45.23529 ], [ -73.31312, 45.23279 ], [ -73.31327, 45.2276 ], [ -73.30698, 45.2249 ], [ -73.30054, 45.22741 ] ] ] } },
{ "type": "Feature", "properties": { "hex_id": 600152, "centroid_lon": -73.30636523408927, "centroid_lat": 45.245682938349596, "hours_count": 6.0, "datetimes_affected": "2026-01-06 18:32:54,2026-01-06 18:32:54,2026-01-06 18:32:54,2026-01-06 18:32:54,2026-01-06 18:32:54,2026-01-06 18:32:54" }, "geometry": { "type": "Polygon", "coordinates": [ [ [ -73.30007, 45.24299 ], [ -73.29992, 45.24819 ], [ -73.30621, 45.25088 ], [ -73.31266, 45.24837 ], [ -73.31281, 45.24318 ], [ -73.30652, 45.24049 ], [ -73.30007, 45.24299 ] ] ] } },
{ "type": "Feature", "properties": { "hex_id": 600153, "centroid_lon": -73.305901824599871, "centroid_lat": 45.261267214402316, "hours_count": 6.0, "datetimes_affected": "2026-01-06 18:32:54,2026-01-06 18:32:54,2026-01-06 18:32:54,2026-01-06 18:32:54,2026-01-06 18:32:54,2026-01-06 18:32:54" }, "geometry": { "type": "Polygon", "coordinates": [ [ [ -73.29961, 45.25858 ], [ -73.29945, 45.26377 ], [ -73.30575, 45.26646 ], [ -73.3122, 45.26396 ], [ -73.31235, 45.25876 ], [ -73.30606, 45.25607 ], [ -73.29961, 45.25858 ] ] ] } },
{ "type": "Feature", "properties": { "hex_id": 600758, "centroid_lon": -73.302085286853938, "centroid_lat": 45.175458711339914, "hours_count": 6.0, "datetimes_affected": "2026-01-06 18:32:54,2026-01-06 18:32:54,2026-01-06 18:32:54,2026-01-06 18:32:54,2026-01-06 18:32:54,2026-01-06 18:32:54" }, "geometry": { "type": "Polygon", "coordinates": [ [ [ -73.2958, 45.17277 ], [ -73.29565, 45.17796 ], [ -73.30193, 45.18065 ], [ -73.30837, 45.17815 ], [ -73.30852, 45.17296 ], [ -73.30224, 45.17026 ], [ -73.2958, 45.17277 ] ] ] } },
{ "type": "Feature", "properties": { "hex_id": 600759, "centroid_lon": -73.301621842336289, "centroid_lat": 45.191043145255641, "hours_count": 6.0, "datetimes_affected": "2026-01-06 18:32:54,2026-01-06 18:32:54,2026-01-06 18:32:54,2026-01-06 18:32:54,2026-01-06 18:32:54,2026-01-06 18:32:54" }, "geometry": { "type": "Polygon", "coordinates": [ [ [ -73.29534, 45.18835 ], [ -73.29518, 45.19355 ], [ -73.30147, 45.19624 ], [ -73.30791, 45.19373 ], [ -73.30806, 45.18854 ], [ -73.30178, 45.18585 ], [ -73.29534, 45.18835 ] ] ] } },
{ "type": "Feature", "properties": { "hex_id": 600760, "centroid_lon": -73.30115801949222, "centroid_lat": 45.206627532729776, "hours_count": 6.0, "datetimes_affected": "2026-01-06 18:32:54,2026-01-06 18:32:54,2026-01-06 18:32:54,2026-01-06 18:32:54,2026-01-06 18:32:54,2026-01-06 18:32:54" }, "geometry": { "type": "Polygon", "coordinates": [ [ [ -73.29487, 45.20394 ], [ -73.29472, 45.20913 ], [ -73.301, 45.21182 ], [ -73.30745, 45.20932 ], [ -73.3076, 45.20412 ], [ -73.30131, 45.20143 ], [ -73.29487, 45.20394 ] ] ] } },
{ "type": "Feature", "properties": { "hex_id": 600761, "centroid_lon": -73.300693817943923, "centroid_lat": 45.222211873758532, "hours_count": 6.0, "datetimes_affected": "2026-01-06 18:32:54,2026-01-06 18:32:54,2026-01-06 18:32:54,2026-01-06 18:32:54,2026-01-06 18:32:54,2026-01-06 18:32:54" }, "geometry": { "type": "Polygon", "coordinates": [ [ [ -73.29441, 45.21952 ], [ -73.29425, 45.22471 ], [ -73.30054, 45.22741 ], [ -73.30698, 45.2249 ], [ -73.30714, 45.21971 ], [ -73.30085, 45.21702 ], [ -73.29441, 45.21952 ] ] ] } },
{ "type": "Feature", "properties": { "hex_id": 601369, "centroid_lon": -73.295492161737172, "centroid_lat": 45.183156144124489, "hours_count": 6.0, "datetimes_affected": "2026-01-06 18:32:54,2026-01-06 18:32:54,2026-01-06 18:32:54,2026-01-06 18:32:54,2026-01-06 18:32:54,2026-01-06 18:32:54" }, "geometry": { "type": "Polygon", "coordinates": [ [ [ -73.28921, 45.18046 ], [ -73.28905, 45.18566 ], [ -73.29534, 45.18835 ], [ -73.30178, 45.18585 ], [ -73.30193, 45.18065 ], [ -73.29565, 45.17796 ], [ -73.28921, 45.18046 ] ] ] } },
{ "type": "Feature", "properties": { "hex_id": 601370, "centroid_lon": -73.295026793326002, "centroid_lat": 45.198740503585711, "hours_count": 6.0, "datetimes_affected": "2026-01-06 18:32:54,2026-01-06 18:32:54,2026-01-06 18:32:54,2026-01-06 18:32:54,2026-01-06 18:32:54,2026-01-06 18:32:54" }, "geometry": { "type": "Polygon", "coordinates": [ [ [ -73.28874, 45.19605 ], [ -73.28859, 45.20124 ], [ -73.29487, 45.20394 ], [ -73.30131, 45.20143 ], [ -73.30147, 45.19624 ], [ -73.29518, 45.19355 ], [ -73.28874, 45.19605 ] ] ] } },
{ "type": "Feature", "properties": { "hex_id": 658762, "centroid_lon": -72.693895980011078, "centroid_lat": 45.266136616109669, "hours_count": 24.0, "datetimes_affected": "2026-01-06 10:37:03,2026-01-06 10:37:03,2026-01-06 10:37:03,2026-01-06 10:37:03,2026-01-06 10:37:03,2026-01-06 10:37:03" }, "geometry": { "type": "Polygon", "coordinates": [ [ [ -72.68763, 45.26341 ], [ -72.68742, 45.2686 ], [ -72.69369, 45.27133 ], [ -72.70016, 45.26886 ], [ -72.70037, 45.26367 ], [ -72.69411, 45.26094 ], [ -72.68763, 45.26341 ] ] ] } },
{ "type": "Feature", "properties": { "hex_id": 658763, "centroid_lon": -72.69326461596512, "centroid_lat": 45.281715008916812, "hours_count": 72.0, "datetimes_affected": "2026-01-03 08:39:49,2026-01-03 08:39:49,2026-01-03 08:39:49,2026-01-03 08:39:49,2026-01-03 08:39:49,2026-01-03 08:39:49" }, "geometry": { "type": "Polygon", "coordinates": [ [ [ -72.687, 45.27899 ], [ -72.68679, 45.28418 ], [ -72.69305, 45.28691 ], [ -72.69953, 45.28444 ], [ -72.69974, 45.27925 ], [ -72.69348, 45.27652 ], [ -72.687, 45.27899 ] ] ] } },
{ "type": "Feature", "properties": { "hex_id": 659373, "centroid_lon": -72.687211163944752, "centroid_lat": 45.27379695417072, "hours_count": 96.0, "datetimes_affected": "2026-01-03 08:39:49,2026-01-03 08:39:49,2026-01-03 08:39:49,2026-01-03 08:39:49,2026-01-03 08:39:49,2026-01-03 08:39:49" }, "geometry": { "type": "Polygon", "coordinates": [ [ [ -72.68095, 45.27107 ], [ -72.68074, 45.27626 ], [ -72.687, 45.27899 ], [ -72.69348, 45.27652 ], [ -72.69369, 45.27133 ], [ -72.68742, 45.2686 ], [ -72.68095, 45.27107 ] ] ] } },
{ "type": "Feature", "properties": { "hex_id": 659374, "centroid_lon": -72.686577801639899, "centroid_lat": 45.289375252561861, "hours_count": 96.0, "datetimes_affected": "2026-01-03 08:39:49,2026-01-03 08:39:49,2026-01-03 08:39:49,2026-01-03 08:39:49,2026-01-03 08:39:49,2026-01-03 08:39:49" }, "geometry": { "type": "Polygon", "coordinates": [ [ [ -72.68031, 45.28665 ], [ -72.6801, 45.29184 ], [ -72.68637, 45.29457 ], [ -72.69284, 45.2921 ], [ -72.69305, 45.28691 ], [ -72.68679, 45.28418 ], [ -72.68031, 45.28665 ] ] ] } },
{ "type": "Feature", "properties": { "hex_id": 659984, "centroid_lon": -72.680524522013044, "centroid_lat": 45.28145685523377, "hours_count": 96.0, "datetimes_affected": "2026-01-03 08:39:49,2026-01-03 08:39:49,2026-01-03 08:39:49,2026-01-03 08:39:49,2026-01-03 08:39:49,2026-01-03 08:39:49" }, "geometry": { "type": "Polygon", "coordinates": [ [ [ -72.67426, 45.27873 ], [ -72.67405, 45.28392 ], [ -72.68031, 45.28665 ], [ -72.68679, 45.28418 ], [ -72.687, 45.27899 ], [ -72.68074, 45.27626 ], [ -72.67426, 45.27873 ] ] ] } },
{ "type": "Feature", "properties": { "hex_id": 659985, "centroid_lon": -72.679889159945077, "centroid_lat": 45.297035058977883, "hours_count": 96.0, "datetimes_affected": "2026-01-03 08:39:49,2026-01-03 08:39:49,2026-01-03 08:39:49,2026-01-03 08:39:49,2026-01-03 08:39:49,2026-01-03 08:39:49" }, "geometry": { "type": "Polygon", "coordinates": [ [ [ -72.67362, 45.29431 ], [ -72.67341, 45.2995 ], [ -72.67968, 45.30223 ], [ -72.68616, 45.29976 ], [ -72.68637, 45.29457 ], [ -72.6801, 45.29184 ], [ -72.67362, 45.29431 ] ] ] } },
{ "type": "Feature", "properties": { "hex_id": 660594, "centroid_lon": -72.674472896330499, "centroid_lat": 45.273538160424515, "hours_count": 24.0, "datetimes_affected": "2026-01-06 10:37:03,2026-01-06 10:37:03,2026-01-06 10:37:03,2026-01-06 10:37:03,2026-01-06 10:37:03,2026-01-06 10:37:03" }, "geometry": { "type": "Polygon", "coordinates": [ [ [ -72.66821, 45.27081 ], [ -72.668, 45.276 ], [ -72.67426, 45.27873 ], [ -72.68074, 45.27626 ], [ -72.68095, 45.27107 ], [ -72.67469, 45.26835 ], [ -72.66821, 45.27081 ] ] ] } },
{ "type": "Feature", "properties": { "hex_id": 660595, "centroid_lon": -72.673836053270861, "centroid_lat": 45.289116318988761, "hours_count": 96.0, "datetimes_affected": "2026-01-03 08:39:49,2026-01-03 08:39:49,2026-01-03 08:39:49,2026-01-03 08:39:49,2026-01-03 08:39:49,2026-01-03 08:39:49" }, "geometry": { "type": "Polygon", "coordinates": [ [ [ -72.66757, 45.28639 ], [ -72.66736, 45.29158 ], [ -72.67362, 45.29431 ], [ -72.6801, 45.29184 ], [ -72.68031, 45.28665 ], [ -72.67405, 45.28392 ], [ -72.66757, 45.28639 ] ] ] } },
{ "type": "Feature", "properties": { "hex_id": 661205, "centroid_lon": -72.667784600927163, "centroid_lat": 45.281197281629204, "hours_count": 96.0, "datetimes_affected": "2026-01-03 08:39:49,2026-01-03 08:39:49,2026-01-03 08:39:49,2026-01-03 08:39:49,2026-01-03 08:39:49,2026-01-03 08:39:49" }, "geometry": { "type": "Polygon", "coordinates": [ [ [ -72.66152, 45.27847 ], [ -72.66131, 45.28366 ], [ -72.66757, 45.28639 ], [ -72.67405, 45.28392 ], [ -72.67426, 45.27873 ], [ -72.668, 45.276 ], [ -72.66152, 45.27847 ] ] ] } },
{ "type": "Feature", "properties": { "hex_id": 661206, "centroid_lon": -72.667145756772626, "centroid_lat": 45.296775345125532, "hours_count": 96.0, "datetimes_affected": "2026-01-03 08:39:49,2026-01-03 08:39:49,2026-01-03 08:39:49,2026-01-03 08:39:49,2026-01-03 08:39:49,2026-01-03 08:39:49" }, "geometry": { "type": "Polygon", "coordinates": [ [ [ -72.66088, 45.29405 ], [ -72.66067, 45.29924 ], [ -72.66693, 45.30197 ], [ -72.67341, 45.2995 ], [ -72.67362, 45.29431 ], [ -72.66736, 45.29158 ], [ -72.66088, 45.29405 ] ] ] } },
{ "type": "Feature", "properties": { "hex_id": 661816, "centroid_lon": -72.661094478327314, "centroid_lat": 45.288855965136733, "hours_count": 96.0, "datetimes_affected": "2026-01-03 08:39:49,2026-01-03 08:39:49,2026-01-03 08:39:49,2026-01-03 08:39:49,2026-01-03 08:39:49,2026-01-03 08:39:49" }, "geometry": { "type": "Polygon", "coordinates": [ [ [ -72.65483, 45.28613 ], [ -72.65462, 45.29132 ], [ -72.66088, 45.29405 ], [ -72.66736, 45.29158 ], [ -72.66757, 45.28639 ], [ -72.66131, 45.28366 ], [ -72.65483, 45.28613 ] ] ] } },
{ "type": "Feature", "properties": { "hex_id": 662426, "centroid_lon": -72.65504485365274, "centroid_lat": 45.280936288154116, "hours_count": 24.0, "datetimes_affected": "2026-01-06 10:37:03,2026-01-06 10:37:03,2026-01-06 10:37:03,2026-01-06 10:37:03,2026-01-06 10:37:03,2026-01-06 10:37:03" }, "geometry": { "type": "Polygon", "coordinates": [ [ [ -72.64878, 45.27821 ], [ -72.64857, 45.2834 ], [ -72.65483, 45.28613 ], [ -72.66131, 45.28366 ], [ -72.66152, 45.27847 ], [ -72.65526, 45.27574 ], [ -72.64878, 45.27821 ] ] ] } },
{ "type": "Feature", "properties": { "hex_id": 662427, "centroid_lon": -72.654402527585532, "centroid_lat": 45.296514210636815, "hours_count": 96.0, "datetimes_affected": "2026-01-03 08:39:49,2026-01-03 08:39:49,2026-01-03 08:39:49,2026-01-03 08:39:49,2026-01-03 08:39:49,2026-01-03 08:39:49" }, "geometry": { "type": "Polygon", "coordinates": [ [ [ -72.64814, 45.29379 ], [ -72.64792, 45.29898 ], [ -72.65419, 45.30171 ], [ -72.66067, 45.29924 ], [ -72.66088, 45.29405 ], [ -72.65462, 45.29132 ], [ -72.64814, 45.29379 ] ] ] } },
{ "type": "Feature", "properties": { "hex_id": 663037, "centroid_lon": -72.648353077755019, "centroid_lat": 45.288594191056937, "hours_count": 24.0, "datetimes_affected": "2026-01-06 10:37:03,2026-01-06 10:37:03,2026-01-06 10:37:03,2026-01-06 10:37:03,2026-01-06 10:37:03,2026-01-06 10:37:03" }, "geometry": { "type": "Polygon", "coordinates": [ [ [ -72.64209, 45.28587 ], [ -72.64187, 45.29106 ], [ -72.64814, 45.29379 ], [ -72.65462, 45.29132 ], [ -72.65483, 45.28613 ], [ -72.64857, 45.2834 ], [ -72.64209, 45.28587 ] ] ] } },
{ "type": "Feature", "properties": { "hex_id": 670419, "centroid_lon": -72.53380337379788, "centroid_lat": 46.159225876352004, "hours_count": 6.0, "datetimes_affected": "2026-01-06 18:32:54,2026-01-06 18:32:54,2026-01-06 18:32:54,2026-01-06 18:32:54,2026-01-06 18:32:54,2026-01-06 18:32:54" }, "geometry": { "type": "Polygon", "coordinates": [ [ [ -72.52745, 46.15649 ], [ -72.52722, 46.16168 ], [ -72.53357, 46.16442 ], [ -72.54016, 46.16196 ], [ -72.54039, 46.15677 ], [ -72.53404, 46.15403 ], [ -72.52745, 46.15649 ] ] ] } },
{ "type": "Feature", "properties": { "hex_id": 671640, "centroid_lon": -72.520863778136416, "centroid_lat": 46.158945816379486, "hours_count": 6.0, "datetimes_affected": "2026-01-06 18:32:54,2026-01-06 18:32:54,2026-01-06 18:32:54,2026-01-06 18:32:54,2026-01-06 18:32:54,2026-01-06 18:32:54" }, "geometry": { "type": "Polygon", "coordinates": [ [ [ -72.51451, 46.15621 ], [ -72.51428, 46.1614 ], [ -72.52063, 46.16414 ], [ -72.52722, 46.16168 ], [ -72.52745, 46.15649 ], [ -72.5211, 46.15375 ], [ -72.51451, 46.15621 ] ] ] } },
{ "type": "Feature", "properties": { "hex_id": 672250, "centroid_lon": -72.514744830208855, "centroid_lat": 46.151018266479369, "hours_count": 6.0, "datetimes_affected": "2026-01-06 18:32:54,2026-01-06 18:32:54,2026-01-06 18:32:54,2026-01-06 18:32:54,2026-01-06 18:32:54,2026-01-06 18:32:54" }, "geometry": { "type": "Polygon", "coordinates": [ [ [ -72.50839, 46.14828 ], [ -72.50816, 46.15347 ], [ -72.51451, 46.15621 ], [ -72.5211, 46.15375 ], [ -72.52133, 46.14856 ], [ -72.51498, 46.14583 ], [ -72.50839, 46.14828 ] ] ] } },
{ "type": "Feature", "properties": { "hex_id": 672861, "centroid_lon": -72.507924375011171, "centroid_lat": 46.158664293072945, "hours_count": 6.0, "datetimes_affected": "2026-01-06 18:32:54,2026-01-06 18:32:54,2026-01-06 18:32:54,2026-01-06 18:32:54,2026-01-06 18:32:54,2026-01-06 18:32:54" }, "geometry": { "type": "Polygon", "coordinates": [ [ [ -72.50157, 46.15593 ], [ -72.50134, 46.16112 ], [ -72.50769, 46.16386 ], [ -72.51428, 46.1614 ], [ -72.51451, 46.15621 ], [ -72.50816, 46.15347 ], [ -72.50157, 46.15593 ] ] ] } },
{ "type": "Feature", "properties": { "hex_id": 673471, "centroid_lon": -72.501807345149402, "centroid_lat": 46.150736087785333, "hours_count": 6.0, "datetimes_affected": "2026-01-06 18:32:54,2026-01-06 18:32:54,2026-01-06 18:32:54,2026-01-06 18:32:54,2026-01-06 18:32:54,2026-01-06 18:32:54" }, "geometry": { "type": "Polygon", "coordinates": [ [ [ -72.49546, 46.148 ], [ -72.49522, 46.15319 ], [ -72.50157, 46.15593 ], [ -72.50816, 46.15347 ], [ -72.50839, 46.14828 ], [ -72.50204, 46.14554 ], [ -72.49546, 46.148 ] ] ] } },
{ "type": "Feature", "properties": { "hex_id": 674081, "centroid_lon": -72.495692039317859, "centroid_lat": 46.142807580486469, "hours_count": 6.0, "datetimes_affected": "2026-01-06 18:32:54,2026-01-06 18:32:54,2026-01-06 18:32:54,2026-01-06 18:32:54,2026-01-06 18:32:54,2026-01-06 18:32:54" }, "geometry": { "type": "Polygon", "coordinates": [ [ [ -72.48934, 46.14007 ], [ -72.48911, 46.14526 ], [ -72.49546, 46.148 ], [ -72.50204, 46.14554 ], [ -72.50228, 46.14035 ], [ -72.49593, 46.13762 ], [ -72.48934, 46.14007 ] ] ] } },
{ "type": "Feature", "properties": { "hex_id": 674692, "centroid_lon": -72.488870054026592, "centroid_lat": 46.150452446236912, "hours_count": 6.0, "datetimes_affected": "2026-01-06 18:32:54,2026-01-06 18:32:54,2026-01-06 18:32:54,2026-01-06 18:32:54,2026-01-06 18:32:54,2026-01-06 18:32:54" }, "geometry": { "type": "Polygon", "coordinates": [ [ [ -72.48252, 46.14771 ], [ -72.48228, 46.15291 ], [ -72.48863, 46.15564 ], [ -72.49522, 46.15319 ], [ -72.49546, 46.148 ], [ -72.48911, 46.14526 ], [ -72.48252, 46.14771 ] ] ] } },
{ "type": "Feature", "properties": { "hex_id": 675302, "centroid_lon": -72.482756666062457, "centroid_lat": 46.142523284360848, "hours_count": 6.0, "datetimes_affected": "2026-01-06 18:32:54,2026-01-06 18:32:54,2026-01-06 18:32:54,2026-01-06 18:32:54,2026-01-06 18:32:54,2026-01-06 18:32:54" }, "geometry": { "type": "Polygon", "coordinates": [ [ [ -72.47641, 46.13979 ], [ -72.47617, 46.14498 ], [ -72.48252, 46.14771 ], [ -72.48911, 46.14526 ], [ -72.48934, 46.14007 ], [ -72.48299, 46.13733 ], [ -72.47641, 46.13979 ] ] ] } },
{ "type": "Feature", "properties": { "hex_id": 675912, "centroid_lon": -72.476645000530738, "centroid_lat": 46.134593821132583, "hours_count": 6.0, "datetimes_affected": "2026-01-06 18:32:54,2026-01-06 18:32:54,2026-01-06 18:32:54,2026-01-06 18:32:54,2026-01-06 18:32:54,2026-01-06 18:32:54" }, "geometry": { "type": "Polygon", "coordinates": [ [ [ -72.4703, 46.13186 ], [ -72.47006, 46.13705 ], [ -72.47641, 46.13979 ], [ -72.48299, 46.13733 ], [ -72.48323, 46.13214 ], [ -72.47688, 46.1294 ], [ -72.4703, 46.13186 ] ] ] } },
{ "type": "Feature", "properties": { "hex_id": 676523, "centroid_lon": -72.469821488142429, "centroid_lat": 46.142237525860963, "hours_count": 6.0, "datetimes_affected": "2026-01-06 18:32:54,2026-01-06 18:32:54,2026-01-06 18:32:54,2026-01-06 18:32:54,2026-01-06 18:32:54,2026-01-06 18:32:54" }, "geometry": { "type": "Polygon", "coordinates": [ [ [ -72.46347, 46.1395 ], [ -72.46323, 46.14469 ], [ -72.46958, 46.14743 ], [ -72.47617, 46.14498 ], [ -72.47641, 46.13979 ], [ -72.47006, 46.13705 ], [ -72.46347, 46.1395 ] ] ] } },
{ "type": "Feature", "properties": { "hex_id": 677133, "centroid_lon": -72.463711740278356, "centroid_lat": 46.134307408865666, "hours_count": 6.0, "datetimes_affected": "2026-01-06 18:32:54,2026-01-06 18:32:54,2026-01-06 18:32:54,2026-01-06 18:32:54,2026-01-06 18:32:54,2026-01-06 18:32:54" }, "geometry": { "type": "Polygon", "coordinates": [ [ [ -72.45736, 46.13157 ], [ -72.45713, 46.13676 ], [ -72.46347, 46.1395 ], [ -72.47006, 46.13705 ], [ -72.4703, 46.13186 ], [ -72.46395, 46.12912 ], [ -72.45736, 46.13157 ] ] ] } },
{ "type": "Feature", "properties": { "hex_id": 677743, "centroid_lon": -72.457603713249142, "centroid_lat": 46.126376991176713, "hours_count": 6.0, "datetimes_affected": "2026-01-06 18:32:54,2026-01-06 18:32:54,2026-01-06 18:32:54,2026-01-06 18:32:54,2026-01-06 18:32:54,2026-01-06 18:32:54" }, "geometry": { "type": "Polygon", "coordinates": [ [ [ -72.45126, 46.12364 ], [ -72.45102, 46.12883 ], [ -72.45736, 46.13157 ], [ -72.46395, 46.12912 ], [ -72.46419, 46.12393 ], [ -72.45784, 46.12119 ], [ -72.45126, 46.12364 ] ] ] } },
{ "type": "Feature", "properties": { "hex_id": 678354, "centroid_lon": -72.450778676758404, "centroid_lat": 46.134019534705061, "hours_count": 6.0, "datetimes_affected": "2026-01-06 18:32:54,2026-01-06 18:32:54,2026-01-06 18:32:54,2026-01-06 18:32:54,2026-01-06 18:32:54,2026-01-06 18:32:54" }, "geometry": { "type": "Polygon", "coordinates": [ [ [ -72.44443, 46.13128 ], [ -72.44419, 46.13647 ], [ -72.45054, 46.13921 ], [ -72.45713, 46.13676 ], [ -72.45736, 46.13157 ], [ -72.45102, 46.12883 ], [ -72.44443, 46.13128 ] ] ] } },
{ "type": "Feature", "properties": { "hex_id": 681959, "centroid_lon": -72.453323928049329, "centroid_lat": 45.229840339949234, "hours_count": 18.0, "datetimes_affected": "2026-01-05 09:42:35,2026-01-05 09:42:35,2026-01-05 09:42:35,2026-01-05 09:42:35,2026-01-05 09:42:35,2026-01-05 09:42:35" }, "geometry": { "type": "Polygon", "coordinates": [ [ [ -72.44708, 45.2271 ], [ -72.44684, 45.23229 ], [ -72.45309, 45.23503 ], [ -72.45957, 45.23258 ], [ -72.4598, 45.22739 ], [ -72.45356, 45.22465 ], [ -72.44708, 45.2271 ] ] ] } },
{ "type": "Feature", "properties": { "hex_id": 682569, "centroid_lon": -72.447309596729113, "centroid_lat": 45.221910347757969, "hours_count": 18.0, "datetimes_affected": "2026-01-05 09:42:35,2026-01-05 09:42:35,2026-01-05 09:42:35,2026-01-05 09:42:35,2026-01-05 09:42:35,2026-01-05 09:42:35" }, "geometry": { "type": "Polygon", "coordinates": [ [ [ -72.44106, 45.21917 ], [ -72.44083, 45.22436 ], [ -72.44708, 45.2271 ], [ -72.45356, 45.22465 ], [ -72.45379, 45.21946 ], [ -72.44754, 45.21672 ], [ -72.44106, 45.21917 ] ] ] } },
{ "type": "Feature", "properties": { "hex_id": 682570, "centroid_lon": -72.446611841128004, "centroid_lat": 45.23748601190529, "hours_count": 18.0, "datetimes_affected": "2026-01-05 09:42:35,2026-01-05 09:42:35,2026-01-05 09:42:35,2026-01-05 09:42:35,2026-01-05 09:42:35,2026-01-05 09:42:35" }, "geometry": { "type": "Polygon", "coordinates": [ [ [ -72.44036, 45.23475 ], [ -72.44013, 45.23994 ], [ -72.44638, 45.24268 ], [ -72.45286, 45.24022 ], [ -72.45309, 45.23503 ], [ -72.44684, 45.23229 ], [ -72.44036, 45.23475 ] ] ] } },
{ "type": "Feature", "properties": { "hex_id": 682571, "centroid_lon": -72.445913515930002, "centroid_lat": 45.253061624944159, "hours_count": 18.0, "datetimes_affected": "2026-01-05 09:42:35,2026-01-05 09:42:35,2026-01-05 09:42:35,2026-01-05 09:42:35,2026-01-05 09:42:35,2026-01-05 09:42:35" }, "geometry": { "type": "Polygon", "coordinates": [ [ [ -72.43966, 45.25032 ], [ -72.43943, 45.25551 ], [ -72.44568, 45.25825 ], [ -72.45216, 45.2558 ], [ -72.4524, 45.25061 ], [ -72.44615, 45.24787 ], [ -72.43966, 45.25032 ] ] ] } },
{ "type": "Feature", "properties": { "hex_id": 683180, "centroid_lon": -72.44059769957866, "centroid_lat": 45.229555678330023, "hours_count": 18.0, "datetimes_affected": "2026-01-05 09:42:35,2026-01-05 09:42:35,2026-01-05 09:42:35,2026-01-05 09:42:35,2026-01-05 09:42:35,2026-01-05 09:42:35" }, "geometry": { "type": "Polygon", "coordinates": [ [ [ -72.43435, 45.22682 ], [ -72.43412, 45.23201 ], [ -72.44036, 45.23475 ], [ -72.44684, 45.23229 ], [ -72.44708, 45.2271 ], [ -72.44083, 45.22436 ], [ -72.43435, 45.22682 ] ] ] } },
{ "type": "Feature", "properties": { "hex_id": 683181, "centroid_lon": -72.439897924110298, "centroid_lat": 45.245131239940939, "hours_count": 204.0, "datetimes_affected": "2026-01-02 09:36:33,2026-01-02 09:36:33,2026-01-02 09:36:33,2026-01-02 09:36:33,2026-01-02 09:36:33,2026-01-02 09:36:33" }, "geometry": { "type": "Polygon", "coordinates": [ [ [ -72.43365, 45.24239 ], [ -72.43342, 45.24758 ], [ -72.43966, 45.25032 ], [ -72.44615, 45.24787 ], [ -72.44638, 45.24268 ], [ -72.44013, 45.23994 ], [ -72.43365, 45.24239 ] ] ] } },
{ "type": "Feature", "properties": { "hex_id": 683182, "centroid_lon": -72.439197577347841, "centroid_lat": 45.260706750397311, "hours_count": 18.0, "datetimes_affected": "2026-01-05 09:42:35,2026-01-05 09:42:35,2026-01-05 09:42:35,2026-01-05 09:42:35,2026-01-05 09:42:35,2026-01-05 09:42:35" }, "geometry": { "type": "Polygon", "coordinates": [ [ [ -72.43295, 45.25797 ], [ -72.43271, 45.26316 ], [ -72.43896, 45.2659 ], [ -72.44545, 45.26345 ], [ -72.44568, 45.25825 ], [ -72.43943, 45.25551 ], [ -72.43295, 45.25797 ] ] ] } },
{ "type": "Feature", "properties": { "hex_id": 683790, "centroid_lon": -72.434585197318938, "centroid_lat": 45.221625054873222, "hours_count": 18.0, "datetimes_affected": "2026-01-05 09:42:35,2026-01-05 09:42:35,2026-01-05 09:42:35,2026-01-05 09:42:35,2026-01-05 09:42:35,2026-01-05 09:42:35" }, "geometry": { "type": "Polygon", "coordinates": [ [ [ -72.42834, 45.21889 ], [ -72.42811, 45.22408 ], [ -72.43435, 45.22682 ], [ -72.44083, 45.22436 ], [ -72.44106, 45.21917 ], [ -72.43482, 45.21643 ], [ -72.42834, 45.21889 ] ] ] } },
{ "type": "Feature", "properties": { "hex_id": 683791, "centroid_lon": -72.433883972897277, "centroid_lat": 45.237200564904761, "hours_count": 204.0, "datetimes_affected": "2026-01-02 09:36:33,2026-01-02 09:36:33,2026-01-02 09:36:33,2026-01-02 09:36:33,2026-01-02 09:36:33,2026-01-02 09:36:33" }, "geometry": { "type": "Polygon", "coordinates": [ [ [ -72.42764, 45.23446 ], [ -72.4274, 45.23965 ], [ -72.43365, 45.24239 ], [ -72.44013, 45.23994 ], [ -72.44036, 45.23475 ], [ -72.43412, 45.23201 ], [ -72.42764, 45.23446 ] ] ] } },
{ "type": "Feature", "properties": { "hex_id": 683792, "centroid_lon": -72.433182176054615, "centroid_lat": 45.252776023744403, "hours_count": 18.0, "datetimes_affected": "2026-01-05 09:42:35,2026-01-05 09:42:35,2026-01-05 09:42:35,2026-01-05 09:42:35,2026-01-05 09:42:35,2026-01-05 09:42:35" }, "geometry": { "type": "Polygon", "coordinates": [ [ [ -72.42693, 45.25004 ], [ -72.4267, 45.25523 ], [ -72.43295, 45.25797 ], [ -72.43943, 45.25551 ], [ -72.43966, 45.25032 ], [ -72.43342, 45.24758 ], [ -72.42693, 45.25004 ] ] ] } },
{ "type": "Feature", "properties": { "hex_id": 684401, "centroid_lon": -72.427871661349315, "centroid_lat": 45.229269600098824, "hours_count": 18.0, "datetimes_affected": "2026-01-05 09:42:35,2026-01-05 09:42:35,2026-01-05 09:42:35,2026-01-05 09:42:35,2026-01-05 09:42:35,2026-01-05 09:42:35" }, "geometry": { "type": "Polygon", "coordinates": [ [ [ -72.42163, 45.22653 ], [ -72.42139, 45.23172 ], [ -72.42764, 45.23446 ], [ -72.43412, 45.23201 ], [ -72.43435, 45.22682 ], [ -72.42811, 45.22408 ], [ -72.42163, 45.22653 ] ] ] } },
{ "type": "Feature", "properties": { "hex_id": 684402, "centroid_lon": -72.427168415743836, "centroid_lat": 45.24484500717039, "hours_count": 204.0, "datetimes_affected": "2026-01-02 09:36:33,2026-01-02 09:36:33,2026-01-02 09:36:33,2026-01-02 09:36:33,2026-01-02 09:36:33,2026-01-02 09:36:33" }, "geometry": { "type": "Polygon", "coordinates": [ [ [ -72.42092, 45.24211 ], [ -72.42069, 45.2473 ], [ -72.42693, 45.25004 ], [ -72.43342, 45.24758 ], [ -72.43365, 45.24239 ], [ -72.4274, 45.23965 ], [ -72.42092, 45.24211 ] ] ] } },
{ "type": "Feature", "properties": { "hex_id": 685012, "centroid_lon": -72.421156295473494, "centroid_lat": 45.236913700938487, "hours_count": 18.0, "datetimes_affected": "2026-01-05 09:42:35,2026-01-05 09:42:35,2026-01-05 09:42:35,2026-01-05 09:42:35,2026-01-05 09:42:35,2026-01-05 09:42:35" }, "geometry": { "type": "Polygon", "coordinates": [ [ [ -72.41491, 45.23417 ], [ -72.41467, 45.23937 ], [ -72.42092, 45.24211 ], [ -72.4274, 45.23965 ], [ -72.42764, 45.23446 ], [ -72.42139, 45.23172 ], [ -72.41491, 45.23417 ] ] ] } },
{ "type": "Feature", "properties": { "hex_id": 693575, "centroid_lon": -72.320323159613153, "centroid_lat": 45.484046915428465, "hours_count": 198.0, "datetimes_affected": "2026-01-02 06:30:06,2026-01-02 06:30:06,2026-01-02 06:30:06,2026-01-02 06:30:06,2026-01-02 06:30:06,2026-01-02 06:30:06" }, "geometry": { "type": "Polygon", "coordinates": [ [ [ -72.31406, 45.4813 ], [ -72.31381, 45.48649 ], [ -72.32008, 45.48924 ], [ -72.32659, 45.48679 ], [ -72.32684, 45.4816 ], [ -72.32057, 45.47886 ], [ -72.31406, 45.4813 ] ] ] } },
{ "type": "Feature", "properties": { "hex_id": 694186, "centroid_lon": -72.313561761062829, "centroid_lat": 45.491683350523154, "hours_count": 198.0, "datetimes_affected": "2026-01-02 06:30:06,2026-01-02 06:30:06,2026-01-02 06:30:06,2026-01-02 06:30:06,2026-01-02 06:30:06,2026-01-02 06:30:06" }, "geometry": { "type": "Polygon", "coordinates": [ [ [ -72.30729, 45.48894 ], [ -72.30705, 45.49413 ], [ -72.31331, 45.49687 ], [ -72.31983, 45.49443 ], [ -72.32008, 45.48924 ], [ -72.31381, 45.48649 ], [ -72.30729, 45.48894 ] ] ] } },
{ "type": "Feature", "properties": { "hex_id": 710748, "centroid_lon": -72.077072573195252, "centroid_lat": 46.709651485140128, "hours_count": 6.0, "datetimes_affected": "2026-01-06 14:29:30,2026-01-06 14:29:30,2026-01-06 14:29:30,2026-01-06 14:29:30,2026-01-06 14:29:30,2026-01-06 14:29:30" }, "geometry": { "type": "Polygon", "coordinates": [ [ [ -72.07068, 46.70689 ], [ -72.0704, 46.71208 ], [ -72.07679, 46.71484 ], [ -72.08347, 46.71241 ], [ -72.08375, 46.70722 ], [ -72.07735, 46.70446 ], [ -72.07068, 46.70689 ] ] ] } },
{ "type": "Feature", "properties": { "hex_id": 711359, "centroid_lon": -72.070118182991138, "centroid_lat": 46.717267636018818, "hours_count": 6.0, "datetimes_affected": "2026-01-06 14:29:30,2026-01-06 14:29:30,2026-01-06 14:29:30,2026-01-06 14:29:30,2026-01-06 14:29:30,2026-01-06 14:29:30" }, "geometry": { "type": "Polygon", "coordinates": [ [ [ -72.06373, 46.71451 ], [ -72.06344, 46.71969 ], [ -72.06984, 46.72246 ], [ -72.07651, 46.72003 ], [ -72.07679, 46.71484 ], [ -72.0704, 46.71208 ], [ -72.06373, 46.71451 ] ] ] } },
{ "type": "Feature", "properties": { "hex_id": 711969, "centroid_lon": -72.064006970713649, "centroid_lat": 46.709316716226866, "hours_count": 6.0, "datetimes_affected": "2026-01-06 14:29:30,2026-01-06 14:29:30,2026-01-06 14:29:30,2026-01-06 14:29:30,2026-01-06 14:29:30,2026-01-06 14:29:30" }, "geometry": { "type": "Polygon", "coordinates": [ [ [ -72.05762, 46.70655 ], [ -72.05733, 46.71174 ], [ -72.06373, 46.71451 ], [ -72.0704, 46.71208 ], [ -72.07068, 46.70689 ], [ -72.06429, 46.70413 ], [ -72.05762, 46.70655 ] ] ] } },
{ "type": "Feature", "properties": { "hex_id": 711970, "centroid_lon": -72.063161801972583, "centroid_lat": 46.72488331020871, "hours_count": 6.0, "datetimes_affected": "2026-01-06 14:29:30,2026-01-06 14:29:30,2026-01-06 14:29:30,2026-01-06 14:29:30,2026-01-06 14:29:30,2026-01-06 14:29:30" }, "geometry": { "type": "Polygon", "coordinates": [ [ [ -72.05677, 46.72212 ], [ -72.05649, 46.72731 ], [ -72.06288, 46.73007 ], [ -72.06956, 46.72765 ], [ -72.06984, 46.72246 ], [ -72.06344, 46.71969 ], [ -72.05677, 46.72212 ] ] ] } },
{ "type": "Feature", "properties": { "hex_id": 711971, "centroid_lon": -72.062315930520427, "centroid_lat": 46.740449849880811, "hours_count": 6.0, "datetimes_affected": "2026-01-06 14:29:30,2026-01-06 14:29:30,2026-01-06 14:29:30,2026-01-06 14:29:30,2026-01-06 14:29:30,2026-01-06 14:29:30" }, "geometry": { "type": "Polygon", "coordinates": [ [ [ -72.05592, 46.73769 ], [ -72.05564, 46.74288 ], [ -72.06203, 46.74564 ], [ -72.06871, 46.74321 ], [ -72.06899, 46.73802 ], [ -72.0626, 46.73526 ], [ -72.05592, 46.73769 ] ] ] } },
{ "type": "Feature", "properties": { "hex_id": 712580, "centroid_lon": -72.057050823810584, "centroid_lat": 46.716932031407133, "hours_count": 6.0, "datetimes_affected": "2026-01-06 14:29:30,2026-01-06 14:29:30,2026-01-06 14:29:30,2026-01-06 14:29:30,2026-01-06 14:29:30,2026-01-06 14:29:30" }, "geometry": { "type": "Polygon", "coordinates": [ [ [ -72.05066, 46.71417 ], [ -72.05038, 46.71936 ], [ -72.05677, 46.72212 ], [ -72.06344, 46.71969 ], [ -72.06373, 46.71451 ], [ -72.05733, 46.71174 ], [ -72.05066, 46.71417 ] ] ] } },
{ "type": "Feature", "properties": { "hex_id": 712581, "centroid_lon": -72.056203429104954, "centroid_lat": 46.732498507376775, "hours_count": 6.0, "datetimes_affected": "2026-01-06 14:29:30,2026-01-06 14:29:30,2026-01-06 14:29:30,2026-01-06 14:29:30,2026-01-06 14:29:30,2026-01-06 14:29:30" }, "geometry": { "type": "Polygon", "coordinates": [ [ [ -72.04981, 46.72974 ], [ -72.04953, 46.73492 ], [ -72.05592, 46.73769 ], [ -72.0626, 46.73526 ], [ -72.06288, 46.73007 ], [ -72.05649, 46.72731 ], [ -72.04981, 46.72974 ] ] ] } },
{ "type": "Feature", "properties": { "hex_id": 712582, "centroid_lon": -72.055355329770151, "centroid_lat": 46.748064928979048, "hours_count": 6.0, "datetimes_affected": "2026-01-06 14:29:30,2026-01-06 14:29:30,2026-01-06 14:29:30,2026-01-06 14:29:30,2026-01-06 14:29:30,2026-01-06 14:29:30" }, "geometry": { "type": "Polygon", "coordinates": [ [ [ -72.04896, 46.7453 ], [ -72.04868, 46.75049 ], [ -72.05507, 46.75325 ], [ -72.06175, 46.75083 ], [ -72.06203, 46.74564 ], [ -72.05564, 46.74288 ], [ -72.04896, 46.7453 ] ] ] } },
{ "type": "Feature", "properties": { "hex_id": 713191, "centroid_lon": -72.050092685697393, "centroid_lat": 46.72454686948808, "hours_count": 6.0, "datetimes_affected": "2026-01-06 14:29:30,2026-01-06 14:29:30,2026-01-06 14:29:30,2026-01-06 14:29:30,2026-01-06 14:29:30,2026-01-06 14:29:30" }, "geometry": { "type": "Polygon", "coordinates": [ [ [ -72.0437, 46.72178 ], [ -72.04342, 46.72697 ], [ -72.04981, 46.72974 ], [ -72.05649, 46.72731 ], [ -72.05677, 46.72212 ], [ -72.05038, 46.71936 ], [ -72.0437, 46.72178 ] ] ] } },
{ "type": "Feature", "properties": { "hex_id": 713192, "centroid_lon": -72.049243063353018, "centroid_lat": 46.740113227189795, "hours_count": 6.0, "datetimes_affected": "2026-01-06 14:29:30,2026-01-06 14:29:30,2026-01-06 14:29:30,2026-01-06 14:29:30,2026-01-06 14:29:30,2026-01-06 14:29:30" }, "geometry": { "type": "Polygon", "coordinates": [ [ [ -72.04285, 46.73735 ], [ -72.04256, 46.74254 ], [ -72.04896, 46.7453 ], [ -72.05564, 46.74288 ], [ -72.05592, 46.73769 ], [ -72.04953, 46.73492 ], [ -72.04285, 46.73735 ] ] ] } },
{ "type": "Feature", "properties": { "hex_id": 713193, "centroid_lon": -72.048392734459668, "centroid_lat": 46.755679530466352, "hours_count": 6.0, "datetimes_affected": "2026-01-06 14:29:30,2026-01-06 14:29:30,2026-01-06 14:29:30,2026-01-06 14:29:30,2026-01-06 14:29:30,2026-01-06 14:29:30" }, "geometry": { "type": "Polygon", "coordinates": [ [ [ -72.042, 46.75292 ], [ -72.04171, 46.7581 ], [ -72.04811, 46.76087 ], [ -72.05479, 46.75844 ], [ -72.05507, 46.75325 ], [ -72.04868, 46.75049 ], [ -72.042, 46.75292 ] ] ] } },
{ "type": "Feature", "properties": { "hex_id": 713802, "centroid_lon": -72.043132555339511, "centroid_lat": 46.732161230136555, "hours_count": 6.0, "datetimes_affected": "2026-01-06 14:29:30,2026-01-06 14:29:30,2026-01-06 14:29:30,2026-01-06 14:29:30,2026-01-06 14:29:30,2026-01-06 14:29:30" }, "geometry": { "type": "Polygon", "coordinates": [ [ [ -72.03674, 46.7294 ], [ -72.03646, 46.73459 ], [ -72.04285, 46.73735 ], [ -72.04953, 46.73492 ], [ -72.04981, 46.72974 ], [ -72.04342, 46.72697 ], [ -72.03674, 46.7294 ] ] ] } },
{ "type": "Feature", "properties": { "hex_id": 713803, "centroid_lon": -72.042280703681158, "centroid_lat": 46.747727469314391, "hours_count": 6.0, "datetimes_affected": "2026-01-06 14:29:30,2026-01-06 14:29:30,2026-01-06 14:29:30,2026-01-06 14:29:30,2026-01-06 14:29:30,2026-01-06 14:29:30" }, "geometry": { "type": "Polygon", "coordinates": [ [ [ -72.03589, 46.74496 ], [ -72.0356, 46.75015 ], [ -72.042, 46.75292 ], [ -72.04868, 46.75049 ], [ -72.04896, 46.7453 ], [ -72.04256, 46.74254 ], [ -72.03589, 46.74496 ] ] ] } },
{ "type": "Feature", "properties": { "hex_id": 713804, "centroid_lon": -72.041428143552238, "centroid_lat": 46.763293654009125, "hours_count": 6.0, "datetimes_affected": "2026-01-06 14:29:30,2026-01-06 14:29:30,2026-01-06 14:29:30,2026-01-06 14:29:30,2026-01-06 14:29:30,2026-01-06 14:29:30" }, "geometry": { "type": "Polygon", "coordinates": [ [ [ -72.03503, 46.76053 ], [ -72.03475, 46.76572 ], [ -72.04114, 46.76848 ], [ -72.04783, 46.76606 ], [ -72.04811, 46.76087 ], [ -72.04171, 46.7581 ], [ -72.03503, 46.76053 ] ] ] } },
{ "type": "Feature", "properties": { "hex_id": 714413, "centroid_lon": -72.036170431701876, "centroid_lat": 46.739775113019199, "hours_count": 6.0, "datetimes_affected": "2026-01-06 14:29:30,2026-01-06 14:29:30,2026-01-06 14:29:30,2026-01-06 14:29:30,2026-01-06 14:29:30,2026-01-06 14:29:30" }, "geometry": { "type": "Polygon", "coordinates": [ [ [ -72.02978, 46.73701 ], [ -72.02949, 46.7422 ], [ -72.03589, 46.74496 ], [ -72.04256, 46.74254 ], [ -72.04285, 46.73735 ], [ -72.03646, 46.73459 ], [ -72.02978, 46.73701 ] ] ] } },
{ "type": "Feature", "properties": { "hex_id": 714414, "centroid_lon": -72.035316349053275, "centroid_lat": 46.755341233417042, "hours_count": 6.0, "datetimes_affected": "2026-01-06 14:29:30,2026-01-06 14:29:30,2026-01-06 14:29:30,2026-01-06 14:29:30,2026-01-06 14:29:30,2026-01-06 14:29:30" }, "geometry": { "type": "Polygon", "coordinates": [ [ [ -72.02892, 46.75258 ], [ -72.02864, 46.75777 ], [ -72.03503, 46.76053 ], [ -72.04171, 46.7581 ], [ -72.042, 46.75292 ], [ -72.0356, 46.75015 ], [ -72.02892, 46.75258 ] ] ] } },
{ "type": "Feature", "properties": { "hex_id": 714415, "centroid_lon": -72.034461556010712, "centroid_lat": 46.770907299273595, "hours_count": 6.0, "datetimes_affected": "2026-01-06 14:29:30,2026-01-06 14:29:30,2026-01-06 14:29:30,2026-01-06 14:29:30,2026-01-06 14:29:30,2026-01-06 14:29:30" }, "geometry": { "type": "Polygon", "coordinates": [ [ [ -72.02806, 46.76814 ], [ -72.02778, 46.77333 ], [ -72.03418, 46.7761 ], [ -72.04086, 46.77367 ], [ -72.04114, 46.76848 ], [ -72.03475, 46.76572 ], [ -72.02806, 46.76814 ] ] ] } },
{ "type": "Feature", "properties": { "hex_id": 715023, "centroid_lon": -72.030061917485767, "centroid_lat": 46.731822461853298, "hours_count": 6.0, "datetimes_affected": "2026-01-06 14:29:30,2026-01-06 14:29:30,2026-01-06 14:29:30,2026-01-06 14:29:30,2026-01-06 14:29:30,2026-01-06 14:29:30" }, "geometry": { "type": "Polygon", "coordinates": [ [ [ -72.02367, 46.72906 ], [ -72.02338, 46.73425 ], [ -72.02978, 46.73701 ], [ -72.03646, 46.73459 ], [ -72.03674, 46.7294 ], [ -72.03035, 46.72663 ], [ -72.02367, 46.72906 ] ] ] } },
{ "type": "Feature", "properties": { "hex_id": 715024, "centroid_lon": -72.029206313748986, "centroid_lat": 46.74738851780252, "hours_count": 6.0, "datetimes_affected": "2026-01-06 14:29:30,2026-01-06 14:29:30,2026-01-06 14:29:30,2026-01-06 14:29:30,2026-01-06 14:29:30,2026-01-06 14:29:30" }, "geometry": { "type": "Polygon", "coordinates": [ [ [ -72.02281, 46.74462 ], [ -72.02253, 46.74981 ], [ -72.02892, 46.75258 ], [ -72.0356, 46.75015 ], [ -72.03589, 46.74496 ], [ -72.02949, 46.7422 ], [ -72.02281, 46.74462 ] ] ] } },
{ "type": "Feature", "properties": { "hex_id": 715025, "centroid_lon": -72.028349998432745, "centroid_lat": 46.762954519164005, "hours_count": 6.0, "datetimes_affected": "2026-01-06 14:29:30,2026-01-06 14:29:30,2026-01-06 14:29:30,2026-01-06 14:29:30,2026-01-06 14:29:30,2026-01-06 14:29:30" }, "geometry": { "type": "Polygon", "coordinates": [ [ [ -72.02195, 46.76019 ], [ -72.02167, 46.76538 ], [ -72.02806, 46.76814 ], [ -72.03475, 46.76572 ], [ -72.03503, 46.76053 ], [ -72.02864, 46.75777 ], [ -72.02195, 46.76019 ] ] ] } },
{ "type": "Feature", "properties": { "hex_id": 715026, "centroid_lon": -72.027492970797383, "centroid_lat": 46.778520465925865, "hours_count": 6.0, "datetimes_affected": "2026-01-06 14:29:30,2026-01-06 14:29:30,2026-01-06 14:29:30,2026-01-06 14:29:30,2026-01-06 14:29:30,2026-01-06 14:29:30" }, "geometry": { "type": "Polygon", "coordinates": [ [ [ -72.0211, 46.77576 ], [ -72.02081, 46.78094 ], [ -72.02721, 46.78371 ], [ -72.03389, 46.78128 ], [ -72.03418, 46.7761 ], [ -72.02778, 46.77333 ], [ -72.0211, 46.77576 ] ] ] } },
{ "type": "Feature", "properties": { "hex_id": 715634, "centroid_lon": -72.023098036602846, "centroid_lat": 46.739435507438124, "hours_count": 6.0, "datetimes_affected": "2026-01-06 14:29:30,2026-01-06 14:29:30,2026-01-06 14:29:30,2026-01-06 14:29:30,2026-01-06 14:29:30,2026-01-06 14:29:30" }, "geometry": { "type": "Polygon", "coordinates": [ [ [ -72.01671, 46.73667 ], [ -72.01642, 46.74186 ], [ -72.02281, 46.74462 ], [ -72.02949, 46.7422 ], [ -72.02978, 46.73701 ], [ -72.02338, 46.73425 ], [ -72.01671, 46.73667 ] ] ] } },
{ "type": "Feature", "properties": { "hex_id": 715635, "centroid_lon": -72.022240200444813, "centroid_lat": 46.755001444152867, "hours_count": 6.0, "datetimes_affected": "2026-01-06 14:29:30,2026-01-06 14:29:30,2026-01-06 14:29:30,2026-01-06 14:29:30,2026-01-06 14:29:30,2026-01-06 14:29:30" }, "geometry": { "type": "Polygon", "coordinates": [ [ [ -72.01585, 46.75224 ], [ -72.01556, 46.75743 ], [ -72.02195, 46.76019 ], [ -72.02864, 46.75777 ], [ -72.02892, 46.75258 ], [ -72.02253, 46.74981 ], [ -72.01585, 46.75224 ] ] ] } },
{ "type": "Feature", "properties": { "hex_id": 715636, "centroid_lon": -72.021381650782516, "centroid_lat": 46.770567326221418, "hours_count": 6.0, "datetimes_affected": "2026-01-06 14:29:30,2026-01-06 14:29:30,2026-01-06 14:29:30,2026-01-06 14:29:30,2026-01-06 14:29:30,2026-01-06 14:29:30" }, "geometry": { "type": "Polygon", "coordinates": [ [ [ -72.01499, 46.7678 ], [ -72.0147, 46.77299 ], [ -72.0211, 46.77576 ], [ -72.02778, 46.77333 ], [ -72.02806, 46.76814 ], [ -72.02167, 46.76538 ], [ -72.01499, 46.7678 ] ] ] } },
{ "type": "Feature", "properties": { "hex_id": 715637, "centroid_lon": -72.020522386874134, "centroid_lat": 46.786133153631866, "hours_count": 6.0, "datetimes_affected": "2026-01-06 14:29:30,2026-01-06 14:29:30,2026-01-06 14:29:30,2026-01-06 14:29:30,2026-01-06 14:29:30,2026-01-06 14:29:30" }, "geometry": { "type": "Polygon", "coordinates": [ [ [ -72.01412, 46.78337 ], [ -72.01384, 46.78856 ], [ -72.02024, 46.79132 ], [ -72.02692, 46.7889 ], [ -72.02721, 46.78371 ], [ -72.02081, 46.78094 ], [ -72.01412, 46.78337 ] ] ] } },
{ "type": "Feature", "properties": { "hex_id": 716245, "centroid_lon": -72.016132161009935, "centroid_lat": 46.747048074512726, "hours_count": 6.0, "datetimes_affected": "2026-01-06 14:29:30,2026-01-06 14:29:30,2026-01-06 14:29:30,2026-01-06 14:29:30,2026-01-06 14:29:30,2026-01-06 14:29:30" }, "geometry": { "type": "Polygon", "coordinates": [ [ [ -72.00974, 46.74428 ], [ -72.00945, 46.74947 ], [ -72.01585, 46.75224 ], [ -72.02253, 46.74981 ], [ -72.02281, 46.74462 ], [ -72.01642, 46.74186 ], [ -72.00974, 46.74428 ] ] ] } },
{ "type": "Feature", "properties": { "hex_id": 716246, "centroid_lon": -72.015272090752916, "centroid_lat": 46.762613891736393, "hours_count": 6.0, "datetimes_affected": "2026-01-06 14:29:30,2026-01-06 14:29:30,2026-01-06 14:29:30,2026-01-06 14:29:30,2026-01-06 14:29:30,2026-01-06 14:29:30" }, "geometry": { "type": "Polygon", "coordinates": [ [ [ -72.00888, 46.75985 ], [ -72.00859, 46.76504 ], [ -72.01499, 46.7678 ], [ -72.02167, 46.76538 ], [ -72.02195, 46.76019 ], [ -72.01556, 46.75743 ], [ -72.00888, 46.75985 ] ] ] } },
{ "type": "Feature", "properties": { "hex_id": 716247, "centroid_lon": -72.014411305065053, "centroid_lat": 46.77817965425524, "hours_count": 6.0, "datetimes_affected": "2026-01-06 14:29:30,2026-01-06 14:29:30,2026-01-06 14:29:30,2026-01-06 14:29:30,2026-01-06 14:29:30,2026-01-06 14:29:30" }, "geometry": { "type": "Polygon", "coordinates": [ [ [ -72.00801, 46.77541 ], [ -72.00773, 46.7806 ], [ -72.01412, 46.78337 ], [ -72.02081, 46.78094 ], [ -72.0211, 46.77576 ], [ -72.0147, 46.77299 ], [ -72.00801, 46.77541 ] ] ] } },
{ "type": "Feature", "properties": { "hex_id": 716248, "centroid_lon": -72.013549803202352, "centroid_lat": 46.793745362057344, "hours_count": 6.0, "datetimes_affected": "2026-01-06 14:29:30,2026-01-06 14:29:30,2026-01-06 14:29:30,2026-01-06 14:29:30,2026-01-06 14:29:30,2026-01-06 14:29:30" }, "geometry": { "type": "Polygon", "coordinates": [ [ [ -72.00715, 46.79098 ], [ -72.00686, 46.79617 ], [ -72.01326, 46.79893 ], [ -72.01995, 46.79651 ], [ -72.02024, 46.79132 ], [ -72.01384, 46.78856 ], [ -72.00715, 46.79098 ] ] ] } },
{ "type": "Feature", "properties": { "hex_id": 716856, "centroid_lon": -72.009164289671091, "centroid_lat": 46.754660162743306, "hours_count": 6.0, "datetimes_affected": "2026-01-06 14:29:30,2026-01-06 14:29:30,2026-01-06 14:29:30,2026-01-06 14:29:30,2026-01-06 14:29:30,2026-01-06 14:29:30" }, "geometry": { "type": "Polygon", "coordinates": [ [ [ -72.00277, 46.75189 ], [ -72.00248, 46.75708 ], [ -72.00888, 46.75985 ], [ -72.01556, 46.75743 ], [ -72.01585, 46.75224 ], [ -72.00945, 46.74947 ], [ -72.00277, 46.75189 ] ] ] } },
{ "type": "Feature", "properties": { "hex_id": 716857, "centroid_lon": -72.008301983636315, "centroid_lat": 46.770225860219092, "hours_count": 6.0, "datetimes_affected": "2026-01-06 14:29:30,2026-01-06 14:29:30,2026-01-06 14:29:30,2026-01-06 14:29:30,2026-01-06 14:29:30,2026-01-06 14:29:30" }, "geometry": { "type": "Polygon", "coordinates": [ [ [ -72.00191, 46.76746 ], [ -72.00162, 46.77265 ], [ -72.00801, 46.77541 ], [ -72.0147, 46.77299 ], [ -72.01499, 46.7678 ], [ -72.00859, 46.76504 ], [ -72.00191, 46.76746 ] ] ] } },
{ "type": "Feature", "properties": { "hex_id": 716858, "centroid_lon": -72.007438960242297, "centroid_lat": 46.785791502931282, "hours_count": 6.0, "datetimes_affected": "2026-01-06 14:29:30,2026-01-06 14:29:30,2026-01-06 14:29:30,2026-01-06 14:29:30,2026-01-06 14:29:30,2026-01-06 14:29:30" }, "geometry": { "type": "Polygon", "coordinates": [ [ [ -72.00104, 46.78303 ], [ -72.00075, 46.78821 ], [ -72.00715, 46.79098 ], [ -72.01384, 46.78856 ], [ -72.01412, 46.78337 ], [ -72.00773, 46.7806 ], [ -72.00104, 46.78303 ] ] ] } },
{ "type": "Feature", "properties": { "hex_id": 716859, "centroid_lon": -72.006575218742938, "centroid_lat": 46.80135709086786, "hours_count": 48.0, "datetimes_affected": "2026-01-06 12:37:52,2026-01-06 12:37:52,2026-01-06 12:37:52,2026-01-06 12:37:52,2026-01-06 12:37:52,2026-01-06 12:37:52" }, "geometry": { "type": "Polygon", "coordinates": [ [ [ -72.00018, 46.79859 ], [ -71.99989, 46.80378 ], [ -72.00629, 46.80655 ], [ -72.01298, 46.80412 ], [ -72.01326, 46.79893 ], [ -72.00686, 46.79617 ], [ -72.00018, 46.79859 ] ] ] } },
{ "type": "Feature", "properties": { "hex_id": 717467, "centroid_lon": -72.002194421550001, "centroid_lat": 46.762271771795923, "hours_count": 6.0, "datetimes_affected": "2026-01-06 14:29:30,2026-01-06 14:29:30,2026-01-06 14:29:30,2026-01-06 14:29:30,2026-01-06 14:29:30,2026-01-06 14:29:30" }, "geometry": { "type": "Polygon", "coordinates": [ [ [ -71.9958, 46.75951 ], [ -71.99551, 46.76469 ], [ -72.00191, 46.76746 ], [ -72.00859, 46.76504 ], [ -72.00888, 46.75985 ], [ -72.00248, 46.75708 ], [ -71.9958, 46.75951 ] ] ] } },
{ "type": "Feature", "properties": { "hex_id": 717468, "centroid_lon": -72.001329878057618, "centroid_lat": 46.777837349266818, "hours_count": 6.0, "datetimes_affected": "2026-01-06 14:29:30,2026-01-06 14:29:30,2026-01-06 14:29:30,2026-01-06 14:29:30,2026-01-06 14:29:30,2026-01-06 14:29:30" }, "geometry": { "type": "Polygon", "coordinates": [ [ [ -71.99493, 46.77507 ], [ -71.99464, 46.78026 ], [ -72.00104, 46.78303 ], [ -72.00773, 46.7806 ], [ -72.00801, 46.77541 ], [ -72.00162, 46.77265 ], [ -71.99493, 46.77507 ] ] ] } },
{ "type": "Feature", "properties": { "hex_id": 717469, "centroid_lon": -72.000464615275803, "centroid_lat": 46.793402871915184, "hours_count": 36.0, "datetimes_affected": "2026-01-06 14:29:30,2026-01-06 14:29:30,2026-01-06 14:29:30,2026-01-06 14:29:30,2026-01-06 14:29:30,2026-01-06 14:29:30" }, "geometry": { "type": "Polygon", "coordinates": [ [ [ -71.99407, 46.79064 ], [ -71.99378, 46.79583 ], [ -72.00018, 46.79859 ], [ -72.00686, 46.79617 ], [ -72.00715, 46.79098 ], [ -72.00075, 46.78821 ], [ -71.99407, 46.79064 ] ] ] } },
{ "type": "Feature", "properties": { "hex_id": 717470, "centroid_lon": -71.999598632456312, "centroid_lat": 46.808968339728899, "hours_count": 48.0, "datetimes_affected": "2026-01-06 12:37:52,2026-01-06 12:37:52,2026-01-06 12:37:52,2026-01-06 12:37:52,2026-01-06 12:37:52,2026-01-06 12:37:52" }, "geometry": { "type": "Polygon", "coordinates": [ [ [ -71.9932, 46.8062 ], [ -71.99291, 46.81139 ], [ -71.99931, 46.81416 ], [ -72.006, 46.81173 ], [ -72.00629, 46.80655 ], [ -71.99989, 46.80378 ], [ -71.9932, 46.8062 ] ] ] } },
{ "type": "Feature", "properties": { "hex_id": 718078, "centroid_lon": -71.995222555609843, "centroid_lat": 46.769882901336452, "hours_count": 6.0, "datetimes_affected": "2026-01-06 14:29:30,2026-01-06 14:29:30,2026-01-06 14:29:30,2026-01-06 14:29:30,2026-01-06 14:29:30,2026-01-06 14:29:30" }, "geometry": { "type": "Polygon", "coordinates": [ [ [ -71.98883, 46.76712 ], [ -71.98854, 46.77231 ], [ -71.99493, 46.77507 ], [ -72.00162, 46.77265 ], [ -72.00191, 46.76746 ], [ -71.99551, 46.76469 ], [ -71.98883, 46.76712 ] ] ] } },
{ "type": "Feature", "properties": { "hex_id": 718079, "centroid_lon": -71.994355772978892, "centroid_lat": 46.785448358545253, "hours_count": 6.0, "datetimes_affected": "2026-01-06 14:29:30,2026-01-06 14:29:30,2026-01-06 14:29:30,2026-01-06 14:29:30,2026-01-06 14:29:30,2026-01-06 14:29:30" }, "geometry": { "type": "Polygon", "coordinates": [ [ [ -71.98796, 46.78268 ], [ -71.98767, 46.78787 ], [ -71.99407, 46.79064 ], [ -72.00075, 46.78821 ], [ -72.00104, 46.78303 ], [ -71.99464, 46.78026 ], [ -71.98796, 46.78268 ] ] ] } },
{ "type": "Feature", "properties": { "hex_id": 718080, "centroid_lon": -71.993488269126559, "centroid_lat": 46.801013760872358, "hours_count": 48.0, "datetimes_affected": "2026-01-06 12:37:52,2026-01-06 12:37:52,2026-01-06 12:37:52,2026-01-06 12:37:52,2026-01-06 12:37:52,2026-01-06 12:37:52" }, "geometry": { "type": "Polygon", "coordinates": [ [ [ -71.98709, 46.79825 ], [ -71.9868, 46.80344 ], [ -71.9932, 46.8062 ], [ -71.99989, 46.80378 ], [ -72.00018, 46.79859 ], [ -71.99378, 46.79583 ], [ -71.98709, 46.79825 ] ] ] } },
{ "type": "Feature", "properties": { "hex_id": 718689, "centroid_lon": -71.988248690813279, "centroid_lat": 46.777493551030609, "hours_count": 6.0, "datetimes_affected": "2026-01-06 14:29:30,2026-01-06 14:29:30,2026-01-06 14:29:30,2026-01-06 14:29:30,2026-01-06 14:29:30,2026-01-06 14:29:30" }, "geometry": { "type": "Polygon", "coordinates": [ [ [ -71.98185, 46.77473 ], [ -71.98156, 46.77992 ], [ -71.98796, 46.78268 ], [ -71.99464, 46.78026 ], [ -71.99493, 46.77507 ], [ -71.98854, 46.77231 ], [ -71.98185, 46.77473 ] ] ] } },
{ "type": "Feature", "properties": { "hex_id": 718690, "centroid_lon": -71.987379667361765, "centroid_lat": 46.793058887719901, "hours_count": 36.0, "datetimes_affected": "2026-01-06 14:29:30,2026-01-06 14:29:30,2026-01-06 14:29:30,2026-01-06 14:29:30,2026-01-06 14:29:30,2026-01-06 14:29:30" }, "geometry": { "type": "Polygon", "coordinates": [ [ [ -71.98098, 46.79029 ], [ -71.98069, 46.79548 ], [ -71.98709, 46.79825 ], [ -71.99378, 46.79583 ], [ -71.99407, 46.79064 ], [ -71.98767, 46.78787 ], [ -71.98098, 46.79029 ] ] ] } },
{ "type": "Feature", "properties": { "hex_id": 718691, "centroid_lon": -71.986509920755125, "centroid_lat": 46.808624169468175, "hours_count": 36.0, "datetimes_affected": "2026-01-06 14:29:30,2026-01-06 14:29:30,2026-01-06 14:29:30,2026-01-06 14:29:30,2026-01-06 14:29:30,2026-01-06 14:29:30" }, "geometry": { "type": "Polygon", "coordinates": [ [ [ -71.98011, 46.80586 ], [ -71.97982, 46.81105 ], [ -71.98622, 46.81381 ], [ -71.99291, 46.81139 ], [ -71.9932, 46.8062 ], [ -71.9868, 46.80344 ], [ -71.98011, 46.80586 ] ] ] } },
{ "type": "Feature", "properties": { "hex_id": 719299, "centroid_lon": -71.982143367740662, "centroid_lat": 46.769538449643647, "hours_count": 6.0, "datetimes_affected": "2026-01-06 14:29:30,2026-01-06 14:29:30,2026-01-06 14:29:30,2026-01-06 14:29:30,2026-01-06 14:29:30,2026-01-06 14:29:30" }, "geometry": { "type": "Polygon", "coordinates": [ [ [ -71.97575, 46.76677 ], [ -71.97546, 46.77196 ], [ -71.98185, 46.77473 ], [ -71.98854, 46.77231 ], [ -71.98883, 46.76712 ], [ -71.98243, 46.76435 ], [ -71.97575, 46.76677 ] ] ] } },
{ "type": "Feature", "properties": { "hex_id": 719300, "centroid_lon": -71.981272826122549, "centroid_lat": 46.785103720543958, "hours_count": 36.0, "datetimes_affected": "2026-01-06 14:29:30,2026-01-06 14:29:30,2026-01-06 14:29:30,2026-01-06 14:29:30,2026-01-06 14:29:30,2026-01-06 14:29:30" }, "geometry": { "type": "Polygon", "coordinates": [ [ [ -71.97488, 46.78234 ], [ -71.97459, 46.78753 ], [ -71.98098, 46.79029 ], [ -71.98767, 46.78787 ], [ -71.98796, 46.78268 ], [ -71.98156, 46.77992 ], [ -71.97488, 46.78234 ] ] ] } },
{ "type": "Feature", "properties": { "hex_id": 719301, "centroid_lon": -71.980401560167408, "centroid_lat": 46.800668936456077, "hours_count": 36.0, "datetimes_affected": "2026-01-06 14:29:30,2026-01-06 14:29:30,2026-01-06 14:29:30,2026-01-06 14:29:30,2026-01-06 14:29:30,2026-01-06 14:29:30" }, "geometry": { "type": "Polygon", "coordinates": [ [ [ -71.974, 46.7979 ], [ -71.97371, 46.80309 ], [ -71.98011, 46.80586 ], [ -71.9868, 46.80344 ], [ -71.98709, 46.79825 ], [ -71.98069, 46.79548 ], [ -71.974, 46.7979 ] ] ] } },
{ "type": "Feature", "properties": { "hex_id": 719910, "centroid_lon": -71.975167744370111, "centroid_lat": 46.777148259616951, "hours_count": 6.0, "datetimes_affected": "2026-01-06 14:29:30,2026-01-06 14:29:30,2026-01-06 14:29:30,2026-01-06 14:29:30,2026-01-06 14:29:30,2026-01-06 14:29:30" }, "geometry": { "type": "Polygon", "coordinates": [ [ [ -71.96877, 46.77438 ], [ -71.96848, 46.77957 ], [ -71.97488, 46.78234 ], [ -71.98156, 46.77992 ], [ -71.98185, 46.77473 ], [ -71.97546, 46.77196 ], [ -71.96877, 46.77438 ] ] ] } },
{ "type": "Feature", "properties": { "hex_id": 719911, "centroid_lon": -71.974294960499392, "centroid_lat": 46.792713409541889, "hours_count": 36.0, "datetimes_affected": "2026-01-06 14:29:30,2026-01-06 14:29:30,2026-01-06 14:29:30,2026-01-06 14:29:30,2026-01-06 14:29:30,2026-01-06 14:29:30" }, "geometry": { "type": "Polygon", "coordinates": [ [ [ -71.9679, 46.78995 ], [ -71.96761, 46.79513 ], [ -71.974, 46.7979 ], [ -71.98069, 46.79548 ], [ -71.98098, 46.79029 ], [ -71.97459, 46.78753 ], [ -71.9679, 46.78995 ] ] ] } },
{ "type": "Feature", "properties": { "hex_id": 719912, "centroid_lon": -71.973421450356469, "centroid_lat": 46.808278504419, "hours_count": 36.0, "datetimes_affected": "2026-01-06 14:29:30,2026-01-06 14:29:30,2026-01-06 14:29:30,2026-01-06 14:29:30,2026-01-06 14:29:30,2026-01-06 14:29:30" }, "geometry": { "type": "Polygon", "coordinates": [ [ [ -71.96702, 46.80551 ], [ -71.96673, 46.8107 ], [ -71.97313, 46.81347 ], [ -71.97982, 46.81105 ], [ -71.98011, 46.80586 ], [ -71.97371, 46.80309 ], [ -71.96702, 46.80551 ] ] ] } },
{ "type": "Feature", "properties": { "hex_id": 720521, "centroid_lon": -71.968190120711853, "centroid_lat": 46.784757588997934, "hours_count": 36.0, "datetimes_affected": "2026-01-06 14:29:30,2026-01-06 14:29:30,2026-01-06 14:29:30,2026-01-06 14:29:30,2026-01-06 14:29:30,2026-01-06 14:29:30" }, "geometry": { "type": "Polygon", "coordinates": [ [ [ -71.96179, 46.78199 ], [ -71.9615, 46.78718 ], [ -71.9679, 46.78995 ], [ -71.97459, 46.78753 ], [ -71.97488, 46.78234 ], [ -71.96848, 46.77957 ], [ -71.96179, 46.78199 ] ] ] } },
{ "type": "Feature", "properties": { "hex_id": 720522, "centroid_lon": -71.967315092905096, "centroid_lat": 46.800322617689588, "hours_count": 36.0, "datetimes_affected": "2026-01-06 14:29:30,2026-01-06 14:29:30,2026-01-06 14:29:30,2026-01-06 14:29:30,2026-01-06 14:29:30,2026-01-06 14:29:30" }, "geometry": { "type": "Polygon", "coordinates": [ [ [ -71.96092, 46.79755 ], [ -71.96063, 46.80274 ], [ -71.96702, 46.80551 ], [ -71.97371, 46.80309 ], [ -71.974, 46.7979 ], [ -71.96761, 46.79513 ], [ -71.96092, 46.79755 ] ] ] } },
{ "type": "Feature", "properties": { "hex_id": 721132, "centroid_lon": -71.961210495727713, "centroid_lat": 46.792366437451854, "hours_count": 36.0, "datetimes_affected": "2026-01-06 14:29:30,2026-01-06 14:29:30,2026-01-06 14:29:30,2026-01-06 14:29:30,2026-01-06 14:29:30,2026-01-06 14:29:30" }, "geometry": { "type": "Polygon", "coordinates": [ [ [ -71.95481, 46.7896 ], [ -71.95452, 46.79479 ], [ -71.96092, 46.79755 ], [ -71.96761, 46.79513 ], [ -71.9679, 46.78995 ], [ -71.9615, 46.78718 ], [ -71.95481, 46.7896 ] ] ] } },
{ "type": "Feature", "properties": { "hex_id": 721133, "centroid_lon": -71.960333222300434, "centroid_lat": 46.807931344652147, "hours_count": 30.0, "datetimes_affected": "2026-01-06 15:37:13,2026-01-06 15:37:13,2026-01-06 15:37:13,2026-01-06 15:37:13,2026-01-06 15:37:13,2026-01-06 15:37:13" }, "geometry": { "type": "Polygon", "coordinates": [ [ [ -71.95394, 46.80516 ], [ -71.95364, 46.81035 ], [ -71.96004, 46.81312 ], [ -71.96673, 46.8107 ], [ -71.96702, 46.80551 ], [ -71.96063, 46.80274 ], [ -71.95394, 46.80516 ] ] ] } },
{ "type": "Feature", "properties": { "hex_id": 721743, "centroid_lon": -71.954228868379133, "centroid_lat": 46.79997480464376, "hours_count": 36.0, "datetimes_affected": "2026-01-06 14:29:30,2026-01-06 14:29:30,2026-01-06 14:29:30,2026-01-06 14:29:30,2026-01-06 14:29:30,2026-01-06 14:29:30" }, "geometry": { "type": "Polygon", "coordinates": [ [ [ -71.94783, 46.79721 ], [ -71.94754, 46.80239 ], [ -71.95394, 46.80516 ], [ -71.96063, 46.80274 ], [ -71.96092, 46.79755 ], [ -71.95452, 46.79479 ], [ -71.94783, 46.79721 ] ] ] } },
{ "type": "Feature", "properties": { "hex_id": 739559, "centroid_lon": -71.655378719505677, "centroid_lat": 48.529569510040275, "hours_count": 72.0, "datetimes_affected": "2026-01-03 09:32:54,2026-01-03 09:32:54,2026-01-03 09:32:54,2026-01-03 09:32:54,2026-01-03 09:32:54,2026-01-03 09:32:54" }, "geometry": { "type": "Polygon", "coordinates": [ [ [ -71.64879, 48.52678 ], [ -71.64845, 48.53197 ], [ -71.65504, 48.53475 ], [ -71.66197, 48.53236 ], [ -71.66231, 48.52717 ], [ -71.65572, 48.52438 ], [ -71.64879, 48.52678 ] ] ] } },
{ "type": "Feature", "properties": { "hex_id": 740169, "centroid_lon": -71.649131598272248, "centroid_lat": 48.521594935243762, "hours_count": 60.0, "datetimes_affected": "2026-01-03 10:31:59,2026-01-03 10:31:59,2026-01-03 10:31:59,2026-01-03 10:31:59,2026-01-03 10:31:59,2026-01-03 10:31:59" }, "geometry": { "type": "Polygon", "coordinates": [ [ [ -71.64254, 48.51881 ], [ -71.6422, 48.52399 ], [ -71.64879, 48.52678 ], [ -71.65572, 48.52438 ], [ -71.65606, 48.5192 ], [ -71.64947, 48.51641 ], [ -71.64254, 48.51881 ] ] ] } },
{ "type": "Feature", "properties": { "hex_id": 740170, "centroid_lon": -71.648103959866177, "centroid_lat": 48.537150395885533, "hours_count": 6.0, "datetimes_affected": "2026-01-06 09:39:11,2026-01-06 09:39:11,2026-01-06 09:39:11,2026-01-06 09:39:11,2026-01-06 09:39:11,2026-01-06 09:39:11" }, "geometry": { "type": "Polygon", "coordinates": [ [ [ -71.64151, 48.53436 ], [ -71.64117, 48.53955 ], [ -71.64776, 48.54234 ], [ -71.65469, 48.53994 ], [ -71.65504, 48.53475 ], [ -71.64845, 48.53197 ], [ -71.64151, 48.53436 ] ] ] } },
{ "type": "Feature", "properties": { "hex_id": 740780, "centroid_lon": -71.641857130656646, "centroid_lat": 48.529175439290668, "hours_count": 72.0, "datetimes_affected": "2026-01-03 09:32:54,2026-01-03 09:32:54,2026-01-03 09:32:54,2026-01-03 09:32:54,2026-01-03 09:32:54,2026-01-03 09:32:54" }, "geometry": { "type": "Polygon", "coordinates": [ [ [ -71.63527, 48.52639 ], [ -71.63492, 48.53157 ], [ -71.64151, 48.53436 ], [ -71.64845, 48.53197 ], [ -71.64879, 48.52678 ], [ -71.6422, 48.52399 ], [ -71.63527, 48.52639 ] ] ] } },
{ "type": "Feature", "properties": { "hex_id": 742505, "centroid_lon": -71.727075931491214, "centroid_lat": 46.871640176637761, "hours_count": 354.0, "datetimes_affected": "2026-01-01 00:42:56,2026-01-01 00:42:56,2026-01-01 00:42:56,2026-01-01 00:42:56,2026-01-01 00:42:56,2026-01-01 00:42:56" }, "geometry": { "type": "Polygon", "coordinates": [ [ [ -71.72068, 46.86886 ], [ -71.72037, 46.87405 ], [ -71.72676, 46.87683 ], [ -71.73347, 46.87442 ], [ -71.73378, 46.86923 ], [ -71.72739, 46.86645 ], [ -71.72068, 46.86886 ] ] ] } },
{ "type": "Feature", "properties": { "hex_id": 743115, "centroid_lon": -71.720999999276117, "centroid_lat": 46.863671948004949, "hours_count": 354.0, "datetimes_affected": "2026-01-01 00:42:56,2026-01-01 00:42:56,2026-01-01 00:42:56,2026-01-01 00:42:56,2026-01-01 00:42:56,2026-01-01 00:42:56" }, "geometry": { "type": "Polygon", "coordinates": [ [ [ -71.71461, 46.86089 ], [ -71.71429, 46.86608 ], [ -71.72068, 46.86886 ], [ -71.72739, 46.86645 ], [ -71.72771, 46.86127 ], [ -71.72132, 46.85848 ], [ -71.71461, 46.86089 ] ] ] } },
{ "type": "Feature", "properties": { "hex_id": 748508, "centroid_lon": -71.756056989318381, "centroid_lat": 45.282310120925494, "hours_count": 12.0, "datetimes_affected": "2026-01-05 14:31:44,2026-01-05 14:31:44,2026-01-05 14:31:44,2026-01-05 14:31:44,2026-01-05 14:31:44,2026-01-05 14:31:44" }, "geometry": { "type": "Polygon", "coordinates": [ [ [ -71.74984, 45.27953 ], [ -71.74954, 45.28472 ], [ -71.75576, 45.2875 ], [ -71.76227, 45.28509 ], [ -71.76257, 45.2799 ], [ -71.75635, 45.27712 ], [ -71.74984, 45.27953 ] ] ] } },
{ "type": "Feature", "properties": { "hex_id": 749118, "centroid_lon": -71.750136712110503, "centroid_lat": 45.274346012073153, "hours_count": 12.0, "datetimes_affected": "2026-01-05 14:31:44,2026-01-05 14:31:44,2026-01-05 14:31:44,2026-01-05 14:31:44,2026-01-05 14:31:44,2026-01-05 14:31:44" }, "geometry": { "type": "Polygon", "coordinates": [ [ [ -71.74392, 45.27157 ], [ -71.74362, 45.27676 ], [ -71.74984, 45.27953 ], [ -71.75635, 45.27712 ], [ -71.75665, 45.27193 ], [ -71.75043, 45.26916 ], [ -71.74392, 45.27157 ] ] ] } },
{ "type": "Feature", "properties": { "hex_id": 749119, "centroid_lon": -71.749246947530054, "centroid_lat": 45.289911912035258, "hours_count": 12.0, "datetimes_affected": "2026-01-05 14:31:44,2026-01-05 14:31:44,2026-01-05 14:31:44,2026-01-05 14:31:44,2026-01-05 14:31:44,2026-01-05 14:31:44" }, "geometry": { "type": "Polygon", "coordinates": [ [ [ -71.74303, 45.28714 ], [ -71.74273, 45.29232 ], [ -71.74895, 45.2951 ], [ -71.75546, 45.29269 ], [ -71.75576, 45.2875 ], [ -71.74954, 45.28472 ], [ -71.74303, 45.28714 ] ] ] } },
{ "type": "Feature", "properties": { "hex_id": 749727, "centroid_lon": -71.745108457416066, "centroid_lat": 45.250815746400669, "hours_count": 12.0, "datetimes_affected": "2026-01-05 14:31:44,2026-01-05 14:31:44,2026-01-05 14:31:44,2026-01-05 14:31:44,2026-01-05 14:31:44,2026-01-05 14:31:44" }, "geometry": { "type": "Polygon", "coordinates": [ [ [ -71.7389, 45.24804 ], [ -71.7386, 45.25323 ], [ -71.74481, 45.256 ], [ -71.75132, 45.25359 ], [ -71.75162, 45.2484 ], [ -71.74541, 45.24563 ], [ -71.7389, 45.24804 ] ] ] } },
{ "type": "Feature", "properties": { "hex_id": 749728, "centroid_lon": -71.744218048194753, "centroid_lat": 45.266381632929381, "hours_count": 12.0, "datetimes_affected": "2026-01-05 14:31:44,2026-01-05 14:31:44,2026-01-05 14:31:44,2026-01-05 14:31:44,2026-01-05 14:31:44,2026-01-05 14:31:44" }, "geometry": { "type": "Polygon", "coordinates": [ [ [ -71.738, 45.26361 ], [ -71.73771, 45.26879 ], [ -71.74392, 45.27157 ], [ -71.75043, 45.26916 ], [ -71.75073, 45.26397 ], [ -71.74451, 45.26119 ], [ -71.738, 45.26361 ] ] ] } },
{ "type": "Feature", "properties": { "hex_id": 749729, "centroid_lon": -71.743326912314089, "centroid_lat": 45.281947463108132, "hours_count": 12.0, "datetimes_affected": "2026-01-05 14:31:44,2026-01-05 14:31:44,2026-01-05 14:31:44,2026-01-05 14:31:44,2026-01-05 14:31:44,2026-01-05 14:31:44" }, "geometry": { "type": "Polygon", "coordinates": [ [ [ -71.73711, 45.27917 ], [ -71.73681, 45.28436 ], [ -71.74303, 45.28714 ], [ -71.74954, 45.28472 ], [ -71.74984, 45.27953 ], [ -71.74362, 45.27676 ], [ -71.73711, 45.27917 ] ] ] } },
{ "type": "Feature", "properties": { "hex_id": 749730, "centroid_lon": -71.742435049048211, "centroid_lat": 45.297513236922434, "hours_count": 12.0, "datetimes_affected": "2026-01-05 14:31:44,2026-01-05 14:31:44,2026-01-05 14:31:44,2026-01-05 14:31:44,2026-01-05 14:31:44,2026-01-05 14:31:44" }, "geometry": { "type": "Polygon", "coordinates": [ [ [ -71.73622, 45.29474 ], [ -71.73592, 45.29993 ], [ -71.74214, 45.3027 ], [ -71.74865, 45.30029 ], [ -71.74895, 45.2951 ], [ -71.74273, 45.29232 ], [ -71.73622, 45.29474 ] ] ] } },
{ "type": "Feature", "properties": { "hex_id": 749732, "centroid_lon": -71.740649137452337, "centroid_lat": 45.328644615399561, "hours_count": 72.0, "datetimes_affected": "2026-01-03 09:32:54,2026-01-03 09:32:54,2026-01-03 09:32:54,2026-01-03 09:32:54,2026-01-03 09:32:54,2026-01-03 09:32:54" }, "geometry": { "type": "Polygon", "coordinates": [ [ [ -71.73443, 45.32587 ], [ -71.73413, 45.33106 ], [ -71.74035, 45.33383 ], [ -71.74687, 45.33142 ], [ -71.74717, 45.32623 ], [ -71.74095, 45.32346 ], [ -71.73443, 45.32587 ] ] ] } },
{ "type": "Feature", "properties": { "hex_id": 750337, "centroid_lon": -71.73919277482149, "centroid_lat": 45.242851167100653, "hours_count": 12.0, "datetimes_affected": "2026-01-05 14:31:44,2026-01-05 14:31:44,2026-01-05 14:31:44,2026-01-05 14:31:44,2026-01-05 14:31:44,2026-01-05 14:31:44" }, "geometry": { "type": "Polygon", "coordinates": [ [ [ -71.73298, 45.24007 ], [ -71.73268, 45.24526 ], [ -71.7389, 45.24804 ], [ -71.74541, 45.24563 ], [ -71.7457, 45.24044 ], [ -71.73949, 45.23766 ], [ -71.73298, 45.24007 ] ] ] } },
{ "type": "Feature", "properties": { "hex_id": 750338, "centroid_lon": -71.73830099663229, "centroid_lat": 45.258416983750806, "hours_count": 12.0, "datetimes_affected": "2026-01-05 14:31:44,2026-01-05 14:31:44,2026-01-05 14:31:44,2026-01-05 14:31:44,2026-01-05 14:31:44,2026-01-05 14:31:44" }, "geometry": { "type": "Polygon", "coordinates": [ [ [ -71.73209, 45.25564 ], [ -71.73179, 45.26083 ], [ -71.738, 45.26361 ], [ -71.74451, 45.26119 ], [ -71.74481, 45.256 ], [ -71.7386, 45.25323 ], [ -71.73209, 45.25564 ] ] ] } },
{ "type": "Feature", "properties": { "hex_id": 750339, "centroid_lon": -71.737408490739057, "centroid_lat": 45.273982744005203, "hours_count": 12.0, "datetimes_affected": "2026-01-05 14:31:44,2026-01-05 14:31:44,2026-01-05 14:31:44,2026-01-05 14:31:44,2026-01-05 14:31:44,2026-01-05 14:31:44" }, "geometry": { "type": "Polygon", "coordinates": [ [ [ -71.73119, 45.27121 ], [ -71.7309, 45.27639 ], [ -71.73711, 45.27917 ], [ -71.74362, 45.27676 ], [ -71.74392, 45.27157 ], [ -71.73771, 45.26879 ], [ -71.73119, 45.27121 ] ] ] } },
{ "type": "Feature", "properties": { "hex_id": 750340, "centroid_lon": -71.736515256415061, "centroid_lat": 45.289548447849249, "hours_count": 12.0, "datetimes_affected": "2026-01-05 14:31:44,2026-01-05 14:31:44,2026-01-05 14:31:44,2026-01-05 14:31:44,2026-01-05 14:31:44,2026-01-05 14:31:44" }, "geometry": { "type": "Polygon", "coordinates": [ [ [ -71.7303, 45.28677 ], [ -71.73, 45.29196 ], [ -71.73622, 45.29474 ], [ -71.74273, 45.29232 ], [ -71.74303, 45.28714 ], [ -71.73681, 45.28436 ], [ -71.7303, 45.28677 ] ] ] } },
{ "type": "Feature", "properties": { "hex_id": 750341, "centroid_lon": -71.735621292932549, "centroid_lat": 45.305114095268394, "hours_count": 12.0, "datetimes_affected": "2026-01-05 14:31:44,2026-01-05 14:31:44,2026-01-05 14:31:44,2026-01-05 14:31:44,2026-01-05 14:31:44,2026-01-05 14:31:44" }, "geometry": { "type": "Polygon", "coordinates": [ [ [ -71.7294, 45.30234 ], [ -71.7291, 45.30753 ], [ -71.73532, 45.3103 ], [ -71.74184, 45.30789 ], [ -71.74214, 45.3027 ], [ -71.73592, 45.29993 ], [ -71.7294, 45.30234 ] ] ] } },
{ "type": "Feature", "properties": { "hex_id": 750343, "centroid_lon": -71.733831175575887, "centroid_lat": 45.336245220773677, "hours_count": 72.0, "datetimes_affected": "2026-01-03 09:32:54,2026-01-03 09:32:54,2026-01-03 09:32:54,2026-01-03 09:32:54,2026-01-03 09:32:54,2026-01-03 09:32:54" }, "geometry": { "type": "Polygon", "coordinates": [ [ [ -71.72761, 45.33347 ], [ -71.72731, 45.33866 ], [ -71.73353, 45.34143 ], [ -71.74005, 45.33902 ], [ -71.74035, 45.33383 ], [ -71.73413, 45.33106 ], [ -71.72761, 45.33347 ] ] ] } },
{ "type": "Feature", "properties": { "hex_id": 750947, "centroid_lon": -71.733278702356316, "centroid_lat": 45.234886318163191, "hours_count": 12.0, "datetimes_affected": "2026-01-05 14:31:44,2026-01-05 14:31:44,2026-01-05 14:31:44,2026-01-05 14:31:44,2026-01-05 14:31:44,2026-01-05 14:31:44" }, "geometry": { "type": "Polygon", "coordinates": [ [ [ -71.72707, 45.23211 ], [ -71.72677, 45.2373 ], [ -71.73298, 45.24007 ], [ -71.73949, 45.23766 ], [ -71.73979, 45.23247 ], [ -71.73358, 45.2297 ], [ -71.72707, 45.23211 ] ] ] } },
{ "type": "Feature", "properties": { "hex_id": 750948, "centroid_lon": -71.732385556484729, "centroid_lat": 45.250452064793919, "hours_count": 12.0, "datetimes_affected": "2026-01-05 14:31:44,2026-01-05 14:31:44,2026-01-05 14:31:44,2026-01-05 14:31:44,2026-01-05 14:31:44,2026-01-05 14:31:44" }, "geometry": { "type": "Polygon", "coordinates": [ [ [ -71.72617, 45.24768 ], [ -71.72588, 45.25286 ], [ -71.73209, 45.25564 ], [ -71.7386, 45.25323 ], [ -71.7389, 45.24804 ], [ -71.73268, 45.24526 ], [ -71.72617, 45.24768 ] ] ] } },
{ "type": "Feature", "properties": { "hex_id": 750949, "centroid_lon": -71.731491681865663, "centroid_lat": 45.266017754983046, "hours_count": 12.0, "datetimes_affected": "2026-01-05 14:31:44,2026-01-05 14:31:44,2026-01-05 14:31:44,2026-01-05 14:31:44,2026-01-05 14:31:44,2026-01-05 14:31:44" }, "geometry": { "type": "Polygon", "coordinates": [ [ [ -71.72528, 45.26324 ], [ -71.72498, 45.26843 ], [ -71.73119, 45.27121 ], [ -71.73771, 45.26879 ], [ -71.738, 45.26361 ], [ -71.73179, 45.26083 ], [ -71.72528, 45.26324 ] ] ] } },
{ "type": "Feature", "properties": { "hex_id": 750950, "centroid_lon": -71.730597077771506, "centroid_lat": 45.281583388715916, "hours_count": 12.0, "datetimes_affected": "2026-01-05 14:31:44,2026-01-05 14:31:44,2026-01-05 14:31:44,2026-01-05 14:31:44,2026-01-05 14:31:44,2026-01-05 14:31:44" }, "geometry": { "type": "Polygon", "coordinates": [ [ [ -71.72438, 45.27881 ], [ -71.72408, 45.284 ], [ -71.7303, 45.28677 ], [ -71.73681, 45.28436 ], [ -71.73711, 45.27917 ], [ -71.7309, 45.27639 ], [ -71.72438, 45.27881 ] ] ] } },
{ "type": "Feature", "properties": { "hex_id": 750951, "centroid_lon": -71.729701743473626, "centroid_lat": 45.297148965977911, "hours_count": 12.0, "datetimes_affected": "2026-01-05 14:31:44,2026-01-05 14:31:44,2026-01-05 14:31:44,2026-01-05 14:31:44,2026-01-05 14:31:44,2026-01-05 14:31:44" }, "geometry": { "type": "Polygon", "coordinates": [ [ [ -71.72348, 45.29437 ], [ -71.72319, 45.29956 ], [ -71.7294, 45.30234 ], [ -71.73592, 45.29993 ], [ -71.73622, 45.29474 ], [ -71.73, 45.29196 ], [ -71.72348, 45.29437 ] ] ] } },
{ "type": "Feature", "properties": { "hex_id": 750952, "centroid_lon": -71.728805678242381, "centroid_lat": 45.31271448675443, "hours_count": 12.0, "datetimes_affected": "2026-01-05 14:31:44,2026-01-05 14:31:44,2026-01-05 14:31:44,2026-01-05 14:31:44,2026-01-05 14:31:44,2026-01-05 14:31:44" }, "geometry": { "type": "Polygon", "coordinates": [ [ [ -71.72259, 45.30994 ], [ -71.72229, 45.31513 ], [ -71.72851, 45.3179 ], [ -71.73502, 45.31549 ], [ -71.73532, 45.3103 ], [ -71.7291, 45.30753 ], [ -71.72259, 45.30994 ] ] ] } },
{ "type": "Feature", "properties": { "hex_id": 750953, "centroid_lon": -71.727908881347062, "centroid_lat": 45.328279951030773, "hours_count": 72.0, "datetimes_affected": "2026-01-03 09:32:54,2026-01-03 09:32:54,2026-01-03 09:32:54,2026-01-03 09:32:54,2026-01-03 09:32:54,2026-01-03 09:32:54" }, "geometry": { "type": "Polygon", "coordinates": [ [ [ -71.72169, 45.3255 ], [ -71.72139, 45.33069 ], [ -71.72761, 45.33347 ], [ -71.73413, 45.33106 ], [ -71.73443, 45.32587 ], [ -71.72821, 45.32309 ], [ -71.72169, 45.3255 ] ] ] } },
{ "type": "Feature", "properties": { "hex_id": 750954, "centroid_lon": -71.727011352055968, "centroid_lat": 45.343845358792315, "hours_count": 6.0, "datetimes_affected": "2026-01-06 10:37:03,2026-01-06 10:37:03,2026-01-06 10:37:03,2026-01-06 10:37:03,2026-01-06 10:37:03,2026-01-06 10:37:03" }, "geometry": { "type": "Polygon", "coordinates": [ [ [ -71.72079, 45.34107 ], [ -71.72049, 45.34626 ], [ -71.72671, 45.34903 ], [ -71.73323, 45.34662 ], [ -71.73353, 45.34143 ], [ -71.72731, 45.33866 ], [ -71.72079, 45.34107 ] ] ] } },
{ "type": "Feature", "properties": { "hex_id": 751557, "centroid_lon": -71.727366239083608, "centroid_lat": 45.226921199844526, "hours_count": 12.0, "datetimes_affected": "2026-01-05 14:31:44,2026-01-05 14:31:44,2026-01-05 14:31:44,2026-01-05 14:31:44,2026-01-05 14:31:44,2026-01-05 14:31:44" }, "geometry": { "type": "Polygon", "coordinates": [ [ [ -71.72116, 45.22414 ], [ -71.72086, 45.22933 ], [ -71.72707, 45.23211 ], [ -71.73358, 45.2297 ], [ -71.73387, 45.22451 ], [ -71.72766, 45.22173 ], [ -71.72116, 45.22414 ] ] ] } },
{ "type": "Feature", "properties": { "hex_id": 751558, "centroid_lon": -71.726471726814211, "centroid_lat": 45.242486876315112, "hours_count": 12.0, "datetimes_affected": "2026-01-05 14:31:44,2026-01-05 14:31:44,2026-01-05 14:31:44,2026-01-05 14:31:44,2026-01-05 14:31:44,2026-01-05 14:31:44" }, "geometry": { "type": "Polygon", "coordinates": [ [ [ -71.72026, 45.23971 ], [ -71.71996, 45.2449 ], [ -71.72617, 45.24768 ], [ -71.73268, 45.24526 ], [ -71.73298, 45.24007 ], [ -71.72677, 45.2373 ], [ -71.72026, 45.23971 ] ] ] } },
{ "type": "Feature", "properties": { "hex_id": 751559, "centroid_lon": -71.725576484755123, "centroid_lat": 45.25805249629817, "hours_count": 12.0, "datetimes_affected": "2026-01-05 14:31:44,2026-01-05 14:31:44,2026-01-05 14:31:44,2026-01-05 14:31:44,2026-01-05 14:31:44,2026-01-05 14:31:44" }, "geometry": { "type": "Polygon", "coordinates": [ [ [ -71.71936, 45.25528 ], [ -71.71906, 45.26046 ], [ -71.72528, 45.26324 ], [ -71.73179, 45.26083 ], [ -71.73209, 45.25564 ], [ -71.72588, 45.25286 ], [ -71.71936, 45.25528 ] ] ] } },
{ "type": "Feature", "properties": { "hex_id": 751560, "centroid_lon": -71.724680512177841, "centroid_lat": 45.273618059779032, "hours_count": 12.0, "datetimes_affected": "2026-01-05 14:31:44,2026-01-05 14:31:44,2026-01-05 14:31:44,2026-01-05 14:31:44,2026-01-05 14:31:44,2026-01-05 14:31:44" }, "geometry": { "type": "Polygon", "coordinates": [ [ [ -71.71847, 45.27084 ], [ -71.71817, 45.27603 ], [ -71.72438, 45.27881 ], [ -71.7309, 45.27639 ], [ -71.73119, 45.27121 ], [ -71.72498, 45.26843 ], [ -71.71847, 45.27084 ] ] ] } },
{ "type": "Feature", "properties": { "hex_id": 751561, "centroid_lon": -71.723783808352849, "centroid_lat": 45.289183566743006, "hours_count": 12.0, "datetimes_affected": "2026-01-05 14:31:44,2026-01-05 14:31:44,2026-01-05 14:31:44,2026-01-05 14:31:44,2026-01-05 14:31:44,2026-01-05 14:31:44" }, "geometry": { "type": "Polygon", "coordinates": [ [ [ -71.71757, 45.28641 ], [ -71.71727, 45.29159 ], [ -71.72348, 45.29437 ], [ -71.73, 45.29196 ], [ -71.7303, 45.28677 ], [ -71.72408, 45.284 ], [ -71.71757, 45.28641 ] ] ] } },
{ "type": "Feature", "properties": { "hex_id": 751562, "centroid_lon": -71.722886372549624, "centroid_lat": 45.304749017175403, "hours_count": 12.0, "datetimes_affected": "2026-01-05 14:31:44,2026-01-05 14:31:44,2026-01-05 14:31:44,2026-01-05 14:31:44,2026-01-05 14:31:44,2026-01-05 14:31:44" }, "geometry": { "type": "Polygon", "coordinates": [ [ [ -71.71667, 45.30197 ], [ -71.71637, 45.30716 ], [ -71.72259, 45.30994 ], [ -71.7291, 45.30753 ], [ -71.7294, 45.30234 ], [ -71.72319, 45.29956 ], [ -71.71667, 45.30197 ] ] ] } },
{ "type": "Feature", "properties": { "hex_id": 751564, "centroid_lon": -71.721089302081126, "centroid_lat": 45.335879748386709, "hours_count": 6.0, "datetimes_affected": "2026-01-06 10:37:03,2026-01-06 10:37:03,2026-01-06 10:37:03,2026-01-06 10:37:03,2026-01-06 10:37:03,2026-01-06 10:37:03" }, "geometry": { "type": "Polygon", "coordinates": [ [ [ -71.71487, 45.3331 ], [ -71.71457, 45.33829 ], [ -71.72079, 45.34107 ], [ -71.72731, 45.33866 ], [ -71.72761, 45.33347 ], [ -71.72139, 45.33069 ], [ -71.71487, 45.3331 ] ] ] } },
{ "type": "Feature", "properties": { "hex_id": 751565, "centroid_lon": -71.720189665949619, "centroid_lat": 45.351445029136173, "hours_count": 6.0, "datetimes_affected": "2026-01-06 10:37:03,2026-01-06 10:37:03,2026-01-06 10:37:03,2026-01-06 10:37:03,2026-01-06 10:37:03,2026-01-06 10:37:03" }, "geometry": { "type": "Polygon", "coordinates": [ [ [ -71.71397, 45.34867 ], [ -71.71367, 45.35386 ], [ -71.71989, 45.35663 ], [ -71.72641, 45.35422 ], [ -71.72671, 45.34903 ], [ -71.72049, 45.34626 ], [ -71.71397, 45.34867 ] ] ] } },
{ "type": "Feature", "properties": { "hex_id": 752166, "centroid_lon": -71.722350531348113, "centroid_lat": 45.20339014971227, "hours_count": 12.0, "datetimes_affected": "2026-01-05 14:31:44,2026-01-05 14:31:44,2026-01-05 14:31:44,2026-01-05 14:31:44,2026-01-05 14:31:44,2026-01-05 14:31:44" }, "geometry": { "type": "Polygon", "coordinates": [ [ [ -71.71614, 45.20061 ], [ -71.71585, 45.2058 ], [ -71.72205, 45.20858 ], [ -71.72856, 45.20617 ], [ -71.72886, 45.20098 ], [ -71.72265, 45.1982 ], [ -71.71614, 45.20061 ] ] ] } },
{ "type": "Feature", "properties": { "hex_id": 752167, "centroid_lon": -71.721455384066957, "centroid_lat": 45.218955812400822, "hours_count": 12.0, "datetimes_affected": "2026-01-05 14:31:44,2026-01-05 14:31:44,2026-01-05 14:31:44,2026-01-05 14:31:44,2026-01-05 14:31:44,2026-01-05 14:31:44" }, "geometry": { "type": "Polygon", "coordinates": [ [ [ -71.71525, 45.21618 ], [ -71.71495, 45.22137 ], [ -71.72116, 45.22414 ], [ -71.72766, 45.22173 ], [ -71.72796, 45.21654 ], [ -71.72175, 45.21377 ], [ -71.71525, 45.21618 ] ] ] } },
{ "type": "Feature", "properties": { "hex_id": 752168, "centroid_lon": -71.720559506683415, "centroid_lat": 45.23452141857063, "hours_count": 12.0, "datetimes_affected": "2026-01-05 14:31:44,2026-01-05 14:31:44,2026-01-05 14:31:44,2026-01-05 14:31:44,2026-01-05 14:31:44,2026-01-05 14:31:44" }, "geometry": { "type": "Polygon", "coordinates": [ [ [ -71.71435, 45.23174 ], [ -71.71405, 45.23693 ], [ -71.72026, 45.23971 ], [ -71.72677, 45.2373 ], [ -71.72707, 45.23211 ], [ -71.72086, 45.22933 ], [ -71.71435, 45.23174 ] ] ] } },
{ "type": "Feature", "properties": { "hex_id": 752169, "centroid_lon": -71.719662898469181, "centroid_lat": 45.250086968206944, "hours_count": 12.0, "datetimes_affected": "2026-01-05 14:31:44,2026-01-05 14:31:44,2026-01-05 14:31:44,2026-01-05 14:31:44,2026-01-05 14:31:44,2026-01-05 14:31:44" }, "geometry": { "type": "Polygon", "coordinates": [ [ [ -71.71345, 45.24731 ], [ -71.71315, 45.2525 ], [ -71.71936, 45.25528 ], [ -71.72588, 45.25286 ], [ -71.72617, 45.24768 ], [ -71.71996, 45.2449 ], [ -71.71345, 45.24731 ] ] ] } },
{ "type": "Feature", "properties": { "hex_id": 752170, "centroid_lon": -71.718765558694884, "centroid_lat": 45.265652461295083, "hours_count": 12.0, "datetimes_affected": "2026-01-05 14:31:44,2026-01-05 14:31:44,2026-01-05 14:31:44,2026-01-05 14:31:44,2026-01-05 14:31:44,2026-01-05 14:31:44" }, "geometry": { "type": "Polygon", "coordinates": [ [ [ -71.71255, 45.26288 ], [ -71.71225, 45.26806 ], [ -71.71847, 45.27084 ], [ -71.72498, 45.26843 ], [ -71.72528, 45.26324 ], [ -71.71906, 45.26046 ], [ -71.71255, 45.26288 ] ] ] } },
{ "type": "Feature", "properties": { "hex_id": 752171, "centroid_lon": -71.717867486630112, "centroid_lat": 45.281217897820277, "hours_count": 12.0, "datetimes_affected": "2026-01-05 14:31:44,2026-01-05 14:31:44,2026-01-05 14:31:44,2026-01-05 14:31:44,2026-01-05 14:31:44,2026-01-05 14:31:44" }, "geometry": { "type": "Polygon", "coordinates": [ [ [ -71.71165, 45.27844 ], [ -71.71135, 45.28363 ], [ -71.71757, 45.28641 ], [ -71.72408, 45.284 ], [ -71.72438, 45.27881 ], [ -71.71817, 45.27603 ], [ -71.71165, 45.27844 ] ] ] } },
{ "type": "Feature", "properties": { "hex_id": 752172, "centroid_lon": -71.716968681543449, "centroid_lat": 45.29678327776778, "hours_count": 12.0, "datetimes_affected": "2026-01-05 14:31:44,2026-01-05 14:31:44,2026-01-05 14:31:44,2026-01-05 14:31:44,2026-01-05 14:31:44,2026-01-05 14:31:44" }, "geometry": { "type": "Polygon", "coordinates": [ [ [ -71.71075, 45.29401 ], [ -71.71045, 45.29919 ], [ -71.71667, 45.30197 ], [ -71.72319, 45.29956 ], [ -71.72348, 45.29437 ], [ -71.71727, 45.29159 ], [ -71.71075, 45.29401 ] ] ] } },
{ "type": "Feature", "properties": { "hex_id": 752173, "centroid_lon": -71.71606914270248, "centroid_lat": 45.312348601122878, "hours_count": 12.0, "datetimes_affected": "2026-01-05 14:31:44,2026-01-05 14:31:44,2026-01-05 14:31:44,2026-01-05 14:31:44,2026-01-05 14:31:44,2026-01-05 14:31:44" }, "geometry": { "type": "Polygon", "coordinates": [ [ [ -71.70985, 45.30957 ], [ -71.70955, 45.31476 ], [ -71.71577, 45.31754 ], [ -71.72229, 45.31513 ], [ -71.72259, 45.30994 ], [ -71.71637, 45.30716 ], [ -71.70985, 45.30957 ] ] ] } },
{ "type": "Feature", "properties": { "hex_id": 752175, "centroid_lon": -71.714267860822517, "centroid_lat": 45.343479077996655, "hours_count": 6.0, "datetimes_affected": "2026-01-06 10:37:03,2026-01-06 10:37:03,2026-01-06 10:37:03,2026-01-06 10:37:03,2026-01-06 10:37:03,2026-01-06 10:37:03" }, "geometry": { "type": "Polygon", "coordinates": [ [ [ -71.70805, 45.3407 ], [ -71.70775, 45.34589 ], [ -71.71397, 45.34867 ], [ -71.72049, 45.34626 ], [ -71.72079, 45.34107 ], [ -71.71457, 45.33829 ], [ -71.70805, 45.3407 ] ] ] } },
{ "type": "Feature", "properties": { "hex_id": 752776, "centroid_lon": -71.716442646444165, "centroid_lat": 45.195424563794845, "hours_count": 12.0, "datetimes_affected": "2026-01-05 14:31:44,2026-01-05 14:31:44,2026-01-05 14:31:44,2026-01-05 14:31:44,2026-01-05 14:31:44,2026-01-05 14:31:44" }, "geometry": { "type": "Polygon", "coordinates": [ [ [ -71.71024, 45.19265 ], [ -71.70994, 45.19784 ], [ -71.71614, 45.20061 ], [ -71.72265, 45.1982 ], [ -71.72295, 45.19301 ], [ -71.71674, 45.19024 ], [ -71.71024, 45.19265 ] ] ] } },
{ "type": "Feature", "properties": { "hex_id": 752777, "centroid_lon": -71.715546136370492, "centroid_lat": 45.210990156088052, "hours_count": 12.0, "datetimes_affected": "2026-01-05 14:31:44,2026-01-05 14:31:44,2026-01-05 14:31:44,2026-01-05 14:31:44,2026-01-05 14:31:44,2026-01-05 14:31:44" }, "geometry": { "type": "Polygon", "coordinates": [ [ [ -71.70934, 45.20821 ], [ -71.70904, 45.2134 ], [ -71.71525, 45.21618 ], [ -71.72175, 45.21377 ], [ -71.72205, 45.20858 ], [ -71.71585, 45.2058 ], [ -71.70934, 45.20821 ] ] ] } },
{ "type": "Feature", "properties": { "hex_id": 752778, "centroid_lon": -71.714648895155563, "centroid_lat": 45.226555691816571, "hours_count": 12.0, "datetimes_affected": "2026-01-05 14:31:44,2026-01-05 14:31:44,2026-01-05 14:31:44,2026-01-05 14:31:44,2026-01-05 14:31:44,2026-01-05 14:31:44" }, "geometry": { "type": "Polygon", "coordinates": [ [ [ -71.70844, 45.22378 ], [ -71.70814, 45.22897 ], [ -71.71435, 45.23174 ], [ -71.72086, 45.22933 ], [ -71.72116, 45.22414 ], [ -71.71495, 45.22137 ], [ -71.70844, 45.22378 ] ] ] } },
{ "type": "Feature", "properties": { "hex_id": 752779, "centroid_lon": -71.713750922070133, "centroid_lat": 45.242121170965639, "hours_count": 12.0, "datetimes_affected": "2026-01-05 14:31:44,2026-01-05 14:31:44,2026-01-05 14:31:44,2026-01-05 14:31:44,2026-01-05 14:31:44,2026-01-05 14:31:44" }, "geometry": { "type": "Polygon", "coordinates": [ [ [ -71.70754, 45.23934 ], [ -71.70724, 45.24453 ], [ -71.71345, 45.24731 ], [ -71.71996, 45.2449 ], [ -71.72026, 45.23971 ], [ -71.71405, 45.23693 ], [ -71.70754, 45.23934 ] ] ] } },
{ "type": "Feature", "properties": { "hex_id": 752780, "centroid_lon": -71.712852216383965, "centroid_lat": 45.257686593520447, "hours_count": 12.0, "datetimes_affected": "2026-01-05 14:31:44,2026-01-05 14:31:44,2026-01-05 14:31:44,2026-01-05 14:31:44,2026-01-05 14:31:44,2026-01-05 14:31:44" }, "geometry": { "type": "Polygon", "coordinates": [ [ [ -71.70664, 45.25491 ], [ -71.70634, 45.2601 ], [ -71.71255, 45.26288 ], [ -71.71906, 45.26046 ], [ -71.71936, 45.25528 ], [ -71.71315, 45.2525 ], [ -71.70664, 45.25491 ] ] ] } },
{ "type": "Feature", "properties": { "hex_id": 752781, "centroid_lon": -71.711952777365809, "centroid_lat": 45.273251959466215, "hours_count": 12.0, "datetimes_affected": "2026-01-05 14:31:44,2026-01-05 14:31:44,2026-01-05 14:31:44,2026-01-05 14:31:44,2026-01-05 14:31:44,2026-01-05 14:31:44" }, "geometry": { "type": "Polygon", "coordinates": [ [ [ -71.70574, 45.27047 ], [ -71.70544, 45.27566 ], [ -71.71165, 45.27844 ], [ -71.71817, 45.27603 ], [ -71.71847, 45.27084 ], [ -71.71225, 45.26806 ], [ -71.70574, 45.27047 ] ] ] } },
{ "type": "Feature", "properties": { "hex_id": 752782, "centroid_lon": -71.711052604283353, "centroid_lat": 45.288817268788144, "hours_count": 12.0, "datetimes_affected": "2026-01-05 14:31:44,2026-01-05 14:31:44,2026-01-05 14:31:44,2026-01-05 14:31:44,2026-01-05 14:31:44,2026-01-05 14:31:44" }, "geometry": { "type": "Polygon", "coordinates": [ [ [ -71.70484, 45.28604 ], [ -71.70454, 45.29123 ], [ -71.71075, 45.29401 ], [ -71.71727, 45.29159 ], [ -71.71757, 45.28641 ], [ -71.71135, 45.28363 ], [ -71.70484, 45.28604 ] ] ] } },
{ "type": "Feature", "properties": { "hex_id": 752783, "centroid_lon": -71.710151696403258, "centroid_lat": 45.304382521471425, "hours_count": 12.0, "datetimes_affected": "2026-01-05 14:31:44,2026-01-05 14:31:44,2026-01-05 14:31:44,2026-01-05 14:31:44,2026-01-05 14:31:44,2026-01-05 14:31:44" }, "geometry": { "type": "Polygon", "coordinates": [ [ [ -71.70393, 45.3016 ], [ -71.70363, 45.30679 ], [ -71.70985, 45.30957 ], [ -71.71637, 45.30716 ], [ -71.71667, 45.30197 ], [ -71.71045, 45.29919 ], [ -71.70393, 45.3016 ] ] ] } },
{ "type": "Feature", "properties": { "hex_id": 752784, "centroid_lon": -71.70925005299118, "centroid_lat": 45.319947717501258, "hours_count": 30.0, "datetimes_affected": "2026-01-05 14:31:44,2026-01-05 14:31:44,2026-01-05 14:31:44,2026-01-05 14:31:44,2026-01-05 14:31:44,2026-01-05 14:31:44" }, "geometry": { "type": "Polygon", "coordinates": [ [ [ -71.70303, 45.31717 ], [ -71.70273, 45.32236 ], [ -71.70895, 45.32514 ], [ -71.71547, 45.32273 ], [ -71.71577, 45.31754 ], [ -71.70955, 45.31476 ], [ -71.70303, 45.31717 ] ] ] } },
{ "type": "Feature", "properties": { "hex_id": 753386, "centroid_lon": -71.710536366644448, "centroid_lat": 45.187458709404616, "hours_count": 12.0, "datetimes_affected": "2026-01-05 14:31:44,2026-01-05 14:31:44,2026-01-05 14:31:44,2026-01-05 14:31:44,2026-01-05 14:31:44,2026-01-05 14:31:44" }, "geometry": { "type": "Polygon", "coordinates": [ [ [ -71.70433, 45.18468 ], [ -71.70403, 45.18987 ], [ -71.71024, 45.19265 ], [ -71.71674, 45.19024 ], [ -71.71704, 45.18505 ], [ -71.71084, 45.18227 ], [ -71.70433, 45.18468 ] ] ] } },
{ "type": "Feature", "properties": { "hex_id": 753387, "centroid_lon": -71.709638495058869, "centroid_lat": 45.203024231162125, "hours_count": 12.0, "datetimes_affected": "2026-01-05 14:31:44,2026-01-05 14:31:44,2026-01-05 14:31:44,2026-01-05 14:31:44,2026-01-05 14:31:44,2026-01-05 14:31:44" }, "geometry": { "type": "Polygon", "coordinates": [ [ [ -71.70343, 45.20025 ], [ -71.70313, 45.20544 ], [ -71.70934, 45.20821 ], [ -71.71585, 45.2058 ], [ -71.71614, 45.20061 ], [ -71.70994, 45.19784 ], [ -71.70343, 45.20025 ] ] ] } },
{ "type": "Feature", "properties": { "hex_id": 753388, "centroid_lon": -71.708739891294329, "centroid_lat": 45.218589696308989, "hours_count": 12.0, "datetimes_affected": "2026-01-05 14:31:44,2026-01-05 14:31:44,2026-01-05 14:31:44,2026-01-05 14:31:44,2026-01-05 14:31:44,2026-01-05 14:31:44" }, "geometry": { "type": "Polygon", "coordinates": [ [ [ -71.70253, 45.21581 ], [ -71.70223, 45.221 ], [ -71.70844, 45.22378 ], [ -71.71495, 45.22137 ], [ -71.71525, 45.21618 ], [ -71.70904, 45.2134 ], [ -71.70253, 45.21581 ] ] ] } },
{ "type": "Feature", "properties": { "hex_id": 753389, "centroid_lon": -71.707840554620731, "centroid_lat": 45.234155104830343, "hours_count": 12.0, "datetimes_affected": "2026-01-05 14:31:44,2026-01-05 14:31:44,2026-01-05 14:31:44,2026-01-05 14:31:44,2026-01-05 14:31:44,2026-01-05 14:31:44" }, "geometry": { "type": "Polygon", "coordinates": [ [ [ -71.70163, 45.23138 ], [ -71.70133, 45.23657 ], [ -71.70754, 45.23934 ], [ -71.71405, 45.23693 ], [ -71.71435, 45.23174 ], [ -71.70814, 45.22897 ], [ -71.70163, 45.23138 ] ] ] } },
{ "type": "Feature", "properties": { "hex_id": 753390, "centroid_lon": -71.706940484306955, "centroid_lat": 45.249720456711344, "hours_count": 12.0, "datetimes_affected": "2026-01-05 14:31:44,2026-01-05 14:31:44,2026-01-05 14:31:44,2026-01-05 14:31:44,2026-01-05 14:31:44,2026-01-05 14:31:44" }, "geometry": { "type": "Polygon", "coordinates": [ [ [ -71.70073, 45.24694 ], [ -71.70043, 45.25213 ], [ -71.70664, 45.25491 ], [ -71.71315, 45.2525 ], [ -71.71345, 45.24731 ], [ -71.70724, 45.24453 ], [ -71.70073, 45.24694 ] ] ] } },
{ "type": "Feature", "properties": { "hex_id": 753391, "centroid_lon": -71.706039679620872, "centroid_lat": 45.265285751937178, "hours_count": 12.0, "datetimes_affected": "2026-01-05 14:31:44,2026-01-05 14:31:44,2026-01-05 14:31:44,2026-01-05 14:31:44,2026-01-05 14:31:44,2026-01-05 14:31:44" }, "geometry": { "type": "Polygon", "coordinates": [ [ [ -71.69983, 45.26251 ], [ -71.69953, 45.2677 ], [ -71.70574, 45.27047 ], [ -71.71225, 45.26806 ], [ -71.71255, 45.26288 ], [ -71.70634, 45.2601 ], [ -71.69983, 45.26251 ] ] ] } },
{ "type": "Feature", "properties": { "hex_id": 753392, "centroid_lon": -71.705138139829316, "centroid_lat": 45.280850990492965, "hours_count": 12.0, "datetimes_affected": "2026-01-05 14:31:44,2026-01-05 14:31:44,2026-01-05 14:31:44,2026-01-05 14:31:44,2026-01-05 14:31:44,2026-01-05 14:31:44" }, "geometry": { "type": "Polygon", "coordinates": [ [ [ -71.69892, 45.27807 ], [ -71.69862, 45.28326 ], [ -71.70484, 45.28604 ], [ -71.71135, 45.28363 ], [ -71.71165, 45.27844 ], [ -71.70544, 45.27566 ], [ -71.69892, 45.27807 ] ] ] } },
{ "type": "Feature", "properties": { "hex_id": 753393, "centroid_lon": -71.70423586419804, "centroid_lat": 45.296416172363848, "hours_count": 30.0, "datetimes_affected": "2026-01-05 14:31:44,2026-01-05 14:31:44,2026-01-05 14:31:44,2026-01-05 14:31:44,2026-01-05 14:31:44,2026-01-05 14:31:44" }, "geometry": { "type": "Polygon", "coordinates": [ [ [ -71.69802, 45.29364 ], [ -71.69772, 45.29883 ], [ -71.70393, 45.3016 ], [ -71.71045, 45.29919 ], [ -71.71075, 45.29401 ], [ -71.70454, 45.29123 ], [ -71.69802, 45.29364 ] ] ] } },
{ "type": "Feature", "properties": { "hex_id": 753394, "centroid_lon": -71.703332851991817, "centroid_lat": 45.31198129753497, "hours_count": 30.0, "datetimes_affected": "2026-01-05 14:31:44,2026-01-05 14:31:44,2026-01-05 14:31:44,2026-01-05 14:31:44,2026-01-05 14:31:44,2026-01-05 14:31:44" }, "geometry": { "type": "Polygon", "coordinates": [ [ [ -71.69712, 45.3092 ], [ -71.69681, 45.31439 ], [ -71.70303, 45.31717 ], [ -71.70955, 45.31476 ], [ -71.70985, 45.30957 ], [ -71.70363, 45.30679 ], [ -71.69712, 45.3092 ] ] ] } },
{ "type": "Feature", "properties": { "hex_id": 753395, "centroid_lon": -71.702429102474341, "centroid_lat": 45.327546365991424, "hours_count": 30.0, "datetimes_affected": "2026-01-05 14:31:44,2026-01-05 14:31:44,2026-01-05 14:31:44,2026-01-05 14:31:44,2026-01-05 14:31:44,2026-01-05 14:31:44" }, "geometry": { "type": "Polygon", "coordinates": [ [ [ -71.69621, 45.32477 ], [ -71.69591, 45.32996 ], [ -71.70213, 45.33273 ], [ -71.70865, 45.33032 ], [ -71.70895, 45.32514 ], [ -71.70273, 45.32236 ], [ -71.69621, 45.32477 ] ] ] } },
{ "type": "Feature", "properties": { "hex_id": 753396, "centroid_lon": -71.701524614908323, "centroid_lat": 45.34311137771833, "hours_count": 6.0, "datetimes_affected": "2026-01-06 10:37:03,2026-01-06 10:37:03,2026-01-06 10:37:03,2026-01-06 10:37:03,2026-01-06 10:37:03,2026-01-06 10:37:03" }, "geometry": { "type": "Polygon", "coordinates": [ [ [ -71.6953, 45.34033 ], [ -71.695, 45.34552 ], [ -71.70122, 45.3483 ], [ -71.70775, 45.34589 ], [ -71.70805, 45.3407 ], [ -71.70183, 45.33792 ], [ -71.6953, 45.34033 ] ] ] } },
{ "type": "Feature", "properties": { "hex_id": 753996, "centroid_lon": -71.704631691015052, "centroid_lat": 45.179492586797181, "hours_count": 12.0, "datetimes_affected": "2026-01-05 14:31:44,2026-01-05 14:31:44,2026-01-05 14:31:44,2026-01-05 14:31:44,2026-01-05 14:31:44,2026-01-05 14:31:44" }, "geometry": { "type": "Polygon", "coordinates": [ [ [ -71.69843, 45.17671 ], [ -71.69813, 45.1819 ], [ -71.70433, 45.18468 ], [ -71.71084, 45.18227 ], [ -71.71113, 45.17708 ], [ -71.70493, 45.1743 ], [ -71.69843, 45.17671 ] ] ] } },
{ "type": "Feature", "properties": { "hex_id": 753997, "centroid_lon": -71.703732459197241, "centroid_lat": 45.195058037878795, "hours_count": 12.0, "datetimes_affected": "2026-01-05 14:31:44,2026-01-05 14:31:44,2026-01-05 14:31:44,2026-01-05 14:31:44,2026-01-05 14:31:44,2026-01-05 14:31:44" }, "geometry": { "type": "Polygon", "coordinates": [ [ [ -71.69753, 45.19228 ], [ -71.69723, 45.19747 ], [ -71.70343, 45.20025 ], [ -71.70994, 45.19784 ], [ -71.71024, 45.19265 ], [ -71.70403, 45.18987 ], [ -71.69753, 45.19228 ] ] ] } },
{ "type": "Feature", "properties": { "hex_id": 753998, "centroid_lon": -71.702832494163971, "centroid_lat": 45.210623432303713, "hours_count": 12.0, "datetimes_affected": "2026-01-05 14:31:44,2026-01-05 14:31:44,2026-01-05 14:31:44,2026-01-05 14:31:44,2026-01-05 14:31:44,2026-01-05 14:31:44" }, "geometry": { "type": "Polygon", "coordinates": [ [ [ -71.69663, 45.20785 ], [ -71.69633, 45.21303 ], [ -71.70253, 45.21581 ], [ -71.70904, 45.2134 ], [ -71.70934, 45.20821 ], [ -71.70313, 45.20544 ], [ -71.69663, 45.20785 ] ] ] } },
{ "type": "Feature", "properties": { "hex_id": 753999, "centroid_lon": -71.701931795184308, "centroid_lat": 45.226188770057064, "hours_count": 12.0, "datetimes_affected": "2026-01-05 14:31:44,2026-01-05 14:31:44,2026-01-05 14:31:44,2026-01-05 14:31:44,2026-01-05 14:31:44,2026-01-05 14:31:44" }, "geometry": { "type": "Polygon", "coordinates": [ [ [ -71.69572, 45.22341 ], [ -71.69542, 45.2286 ], [ -71.70163, 45.23138 ], [ -71.70814, 45.22897 ], [ -71.70844, 45.22378 ], [ -71.70223, 45.221 ], [ -71.69572, 45.22341 ] ] ] } },
{ "type": "Feature", "properties": { "hex_id": 754000, "centroid_lon": -71.70103036152625, "centroid_lat": 45.241754051123941, "hours_count": 12.0, "datetimes_affected": "2026-01-05 14:31:44,2026-01-05 14:31:44,2026-01-05 14:31:44,2026-01-05 14:31:44,2026-01-05 14:31:44,2026-01-05 14:31:44" }, "geometry": { "type": "Polygon", "coordinates": [ [ [ -71.69482, 45.23898 ], [ -71.69452, 45.24416 ], [ -71.70073, 45.24694 ], [ -71.70724, 45.24453 ], [ -71.70754, 45.23934 ], [ -71.70133, 45.23657 ], [ -71.69482, 45.23898 ] ] ] } },
{ "type": "Feature", "properties": { "hex_id": 754001, "centroid_lon": -71.700128192456773, "centroid_lat": 45.257319275489422, "hours_count": 12.0, "datetimes_affected": "2026-01-05 14:31:44,2026-01-05 14:31:44,2026-01-05 14:31:44,2026-01-05 14:31:44,2026-01-05 14:31:44,2026-01-05 14:31:44" }, "geometry": { "type": "Polygon", "coordinates": [ [ [ -71.69392, 45.25454 ], [ -71.69362, 45.25973 ], [ -71.69983, 45.26251 ], [ -71.70634, 45.2601 ], [ -71.70664, 45.25491 ], [ -71.70043, 45.25213 ], [ -71.69392, 45.25454 ] ] ] } },
{ "type": "Feature", "properties": { "hex_id": 754002, "centroid_lon": -71.699225287241859, "centroid_lat": 45.272884443138615, "hours_count": 12.0, "datetimes_affected": "2026-01-05 14:31:44,2026-01-05 14:31:44,2026-01-05 14:31:44,2026-01-05 14:31:44,2026-01-05 14:31:44,2026-01-05 14:31:44" }, "geometry": { "type": "Polygon", "coordinates": [ [ [ -71.69301, 45.27011 ], [ -71.69271, 45.27529 ], [ -71.69892, 45.27807 ], [ -71.70544, 45.27566 ], [ -71.70574, 45.27047 ], [ -71.69953, 45.2677 ], [ -71.69301, 45.27011 ] ] ] } },
{ "type": "Feature", "properties": { "hex_id": 754003, "centroid_lon": -71.698321645146365, "centroid_lat": 45.288449554056605, "hours_count": 30.0, "datetimes_affected": "2026-01-05 14:31:44,2026-01-05 14:31:44,2026-01-05 14:31:44,2026-01-05 14:31:44,2026-01-05 14:31:44,2026-01-05 14:31:44" }, "geometry": { "type": "Polygon", "coordinates": [ [ [ -71.69211, 45.28567 ], [ -71.69181, 45.29086 ], [ -71.69802, 45.29364 ], [ -71.70454, 45.29123 ], [ -71.70484, 45.28604 ], [ -71.69862, 45.28326 ], [ -71.69211, 45.28567 ] ] ] } },
{ "type": "Feature", "properties": { "hex_id": 754004, "centroid_lon": -71.697417265434211, "centroid_lat": 45.304014608228449, "hours_count": 30.0, "datetimes_affected": "2026-01-05 14:31:44,2026-01-05 14:31:44,2026-01-05 14:31:44,2026-01-05 14:31:44,2026-01-05 14:31:44,2026-01-05 14:31:44" }, "geometry": { "type": "Polygon", "coordinates": [ [ [ -71.6912, 45.30124 ], [ -71.6909, 45.30642 ], [ -71.69712, 45.3092 ], [ -71.70363, 45.30679 ], [ -71.70393, 45.3016 ], [ -71.69772, 45.29883 ], [ -71.6912, 45.30124 ] ] ] } },
{ "type": "Feature", "properties": { "hex_id": 754005, "centroid_lon": -71.69651214736821, "centroid_lat": 45.319579605639255, "hours_count": 30.0, "datetimes_affected": "2026-01-05 14:31:44,2026-01-05 14:31:44,2026-01-05 14:31:44,2026-01-05 14:31:44,2026-01-05 14:31:44,2026-01-05 14:31:44" }, "geometry": { "type": "Polygon", "coordinates": [ [ [ -71.69029, 45.3168 ], [ -71.68999, 45.32199 ], [ -71.69621, 45.32477 ], [ -71.70273, 45.32236 ], [ -71.70303, 45.31717 ], [ -71.69681, 45.31439 ], [ -71.69029, 45.3168 ] ] ] } },
{ "type": "Feature", "properties": { "hex_id": 754006, "centroid_lon": -71.695606290210165, "centroid_lat": 45.335144546274037, "hours_count": 30.0, "datetimes_affected": "2026-01-05 14:31:44,2026-01-05 14:31:44,2026-01-05 14:31:44,2026-01-05 14:31:44,2026-01-05 14:31:44,2026-01-05 14:31:44" }, "geometry": { "type": "Polygon", "coordinates": [ [ [ -71.68939, 45.33237 ], [ -71.68908, 45.33755 ], [ -71.6953, 45.34033 ], [ -71.70183, 45.33792 ], [ -71.70213, 45.33273 ], [ -71.69591, 45.32996 ], [ -71.68939, 45.33237 ] ] ] } },
{ "type": "Feature", "properties": { "hex_id": 754606, "centroid_lon": -71.698728618622596, "centroid_lat": 45.171526196228101, "hours_count": 12.0, "datetimes_affected": "2026-01-05 14:31:44,2026-01-05 14:31:44,2026-01-05 14:31:44,2026-01-05 14:31:44,2026-01-05 14:31:44,2026-01-05 14:31:44" }, "geometry": { "type": "Polygon", "coordinates": [ [ [ -71.69253, 45.16875 ], [ -71.69223, 45.17394 ], [ -71.69843, 45.17671 ], [ -71.70493, 45.1743 ], [ -71.70523, 45.16912 ], [ -71.69903, 45.16634 ], [ -71.69253, 45.16875 ] ] ] } },
{ "type": "Feature", "properties": { "hex_id": 754607, "centroid_lon": -71.697828027851273, "centroid_lat": 45.187091576493714, "hours_count": 12.0, "datetimes_affected": "2026-01-05 14:31:44,2026-01-05 14:31:44,2026-01-05 14:31:44,2026-01-05 14:31:44,2026-01-05 14:31:44,2026-01-05 14:31:44" }, "geometry": { "type": "Polygon", "coordinates": [ [ [ -71.69162, 45.18431 ], [ -71.69132, 45.1895 ], [ -71.69753, 45.19228 ], [ -71.70403, 45.18987 ], [ -71.70433, 45.18468 ], [ -71.69813, 45.1819 ], [ -71.69162, 45.18431 ] ] ] } },
{ "type": "Feature", "properties": { "hex_id": 754608, "centroid_lon": -71.696926702829245, "centroid_lat": 45.202656900056553, "hours_count": 12.0, "datetimes_affected": "2026-01-05 14:31:44,2026-01-05 14:31:44,2026-01-05 14:31:44,2026-01-05 14:31:44,2026-01-05 14:31:44,2026-01-05 14:31:44" }, "geometry": { "type": "Polygon", "coordinates": [ [ [ -71.69072, 45.19988 ], [ -71.69042, 45.20507 ], [ -71.69663, 45.20785 ], [ -71.70313, 45.20544 ], [ -71.70343, 45.20025 ], [ -71.69723, 45.19747 ], [ -71.69072, 45.19988 ] ] ] } },
{ "type": "Feature", "properties": { "hex_id": 754609, "centroid_lon": -71.696024642824682, "centroid_lat": 45.21822216690169, "hours_count": 12.0, "datetimes_affected": "2026-01-05 14:31:44,2026-01-05 14:31:44,2026-01-05 14:31:44,2026-01-05 14:31:44,2026-01-05 14:31:44,2026-01-05 14:31:44" }, "geometry": { "type": "Polygon", "coordinates": [ [ [ -71.68982, 45.21544 ], [ -71.68952, 45.22063 ], [ -71.69572, 45.22341 ], [ -71.70223, 45.221 ], [ -71.70253, 45.21581 ], [ -71.69633, 45.21303 ], [ -71.68982, 45.21544 ] ] ] } },
{ "type": "Feature", "properties": { "hex_id": 754610, "centroid_lon": -71.69512184710473, "centroid_lat": 45.233787377014174, "hours_count": 12.0, "datetimes_affected": "2026-01-05 14:31:44,2026-01-05 14:31:44,2026-01-05 14:31:44,2026-01-05 14:31:44,2026-01-05 14:31:44,2026-01-05 14:31:44" }, "geometry": { "type": "Polygon", "coordinates": [ [ [ -71.68891, 45.23101 ], [ -71.68861, 45.2362 ], [ -71.69482, 45.23898 ], [ -71.70133, 45.23657 ], [ -71.70163, 45.23138 ], [ -71.69542, 45.2286 ], [ -71.68891, 45.23101 ] ] ] } },
{ "type": "Feature", "properties": { "hex_id": 754611, "centroid_lon": -71.694218314935483, "centroid_lat": 45.249352530379021, "hours_count": 12.0, "datetimes_affected": "2026-01-05 14:31:44,2026-01-05 14:31:44,2026-01-05 14:31:44,2026-01-05 14:31:44,2026-01-05 14:31:44,2026-01-05 14:31:44" }, "geometry": { "type": "Polygon", "coordinates": [ [ [ -71.68801, 45.24657 ], [ -71.68771, 45.25176 ], [ -71.69392, 45.25454 ], [ -71.70043, 45.25213 ], [ -71.70073, 45.24694 ], [ -71.69452, 45.24416 ], [ -71.68801, 45.24657 ] ] ] } },
{ "type": "Feature", "properties": { "hex_id": 754612, "centroid_lon": -71.693314045582014, "centroid_lat": 45.264917626981301, "hours_count": 12.0, "datetimes_affected": "2026-01-05 14:31:44,2026-01-05 14:31:44,2026-01-05 14:31:44,2026-01-05 14:31:44,2026-01-05 14:31:44,2026-01-05 14:31:44" }, "geometry": { "type": "Polygon", "coordinates": [ [ [ -71.6871, 45.26214 ], [ -71.6868, 45.26733 ], [ -71.69301, 45.27011 ], [ -71.69953, 45.2677 ], [ -71.69983, 45.26251 ], [ -71.69362, 45.25973 ], [ -71.6871, 45.26214 ] ] ] } },
{ "type": "Feature", "properties": { "hex_id": 754613, "centroid_lon": -71.692409038308369, "centroid_lat": 45.280482666806016, "hours_count": 12.0, "datetimes_affected": "2026-01-05 14:31:44,2026-01-05 14:31:44,2026-01-05 14:31:44,2026-01-05 14:31:44,2026-01-05 14:31:44,2026-01-05 14:31:44" }, "geometry": { "type": "Polygon", "coordinates": [ [ [ -71.6862, 45.2777 ], [ -71.68589, 45.28289 ], [ -71.69211, 45.28567 ], [ -71.69862, 45.28326 ], [ -71.69892, 45.27807 ], [ -71.69271, 45.27529 ], [ -71.6862, 45.2777 ] ] ] } },
{ "type": "Feature", "properties": { "hex_id": 754614, "centroid_lon": -71.691503292377547, "centroid_lat": 45.296047649838201, "hours_count": 30.0, "datetimes_affected": "2026-01-05 14:31:44,2026-01-05 14:31:44,2026-01-05 14:31:44,2026-01-05 14:31:44,2026-01-05 14:31:44,2026-01-05 14:31:44" }, "geometry": { "type": "Polygon", "coordinates": [ [ [ -71.68529, 45.29327 ], [ -71.68499, 45.29846 ], [ -71.6912, 45.30124 ], [ -71.69772, 45.29883 ], [ -71.69802, 45.29364 ], [ -71.69181, 45.29086 ], [ -71.68529, 45.29327 ] ] ] } },
{ "type": "Feature", "properties": { "hex_id": 754615, "centroid_lon": -71.690596807051506, "centroid_lat": 45.311612576062892, "hours_count": 30.0, "datetimes_affected": "2026-01-05 14:31:44,2026-01-05 14:31:44,2026-01-05 14:31:44,2026-01-05 14:31:44,2026-01-05 14:31:44,2026-01-05 14:31:44" }, "geometry": { "type": "Polygon", "coordinates": [ [ [ -71.68438, 45.30883 ], [ -71.68408, 45.31402 ], [ -71.69029, 45.3168 ], [ -71.69681, 45.31439 ], [ -71.69712, 45.3092 ], [ -71.6909, 45.30642 ], [ -71.68438, 45.30883 ] ] ] } },
{ "type": "Feature", "properties": { "hex_id": 754616, "centroid_lon": -71.689689581591182, "centroid_lat": 45.327177445465033, "hours_count": 30.0, "datetimes_affected": "2026-01-05 14:31:44,2026-01-05 14:31:44,2026-01-05 14:31:44,2026-01-05 14:31:44,2026-01-05 14:31:44,2026-01-05 14:31:44" }, "geometry": { "type": "Polygon", "coordinates": [ [ [ -71.68347, 45.3244 ], [ -71.68317, 45.32959 ], [ -71.68939, 45.33237 ], [ -71.69591, 45.32996 ], [ -71.69621, 45.32477 ], [ -71.68999, 45.32199 ], [ -71.68347, 45.3244 ] ] ] } },
{ "type": "Feature", "properties": { "hex_id": 755217, "centroid_lon": -71.691925200087184, "centroid_lat": 45.179124847262365, "hours_count": 12.0, "datetimes_affected": "2026-01-05 14:31:44,2026-01-05 14:31:44,2026-01-05 14:31:44,2026-01-05 14:31:44,2026-01-05 14:31:44,2026-01-05 14:31:44" }, "geometry": { "type": "Polygon", "coordinates": [ [ [ -71.68572, 45.17635 ], [ -71.68542, 45.18153 ], [ -71.69162, 45.18431 ], [ -71.69813, 45.1819 ], [ -71.69843, 45.17671 ], [ -71.69223, 45.17394 ], [ -71.68572, 45.17635 ] ] ] } },
{ "type": "Feature", "properties": { "hex_id": 755218, "centroid_lon": -71.691022516355417, "centroid_lat": 45.194690099823099, "hours_count": 12.0, "datetimes_affected": "2026-01-05 14:31:44,2026-01-05 14:31:44,2026-01-05 14:31:44,2026-01-05 14:31:44,2026-01-05 14:31:44,2026-01-05 14:31:44" }, "geometry": { "type": "Polygon", "coordinates": [ [ [ -71.68482, 45.19191 ], [ -71.68452, 45.1971 ], [ -71.69072, 45.19988 ], [ -71.69723, 45.19747 ], [ -71.69753, 45.19228 ], [ -71.69132, 45.1895 ], [ -71.68482, 45.19191 ] ] ] } },
{ "type": "Feature", "properties": { "hex_id": 755219, "centroid_lon": -71.69011909660621, "centroid_lat": 45.210255295619952, "hours_count": 12.0, "datetimes_affected": "2026-01-05 14:31:44,2026-01-05 14:31:44,2026-01-05 14:31:44,2026-01-05 14:31:44,2026-01-05 14:31:44,2026-01-05 14:31:44" }, "geometry": { "type": "Polygon", "coordinates": [ [ [ -71.68391, 45.20748 ], [ -71.68361, 45.21266 ], [ -71.68982, 45.21544 ], [ -71.69633, 45.21303 ], [ -71.69663, 45.20785 ], [ -71.69042, 45.20507 ], [ -71.68391, 45.20748 ] ] ] } },
{ "type": "Feature", "properties": { "hex_id": 755220, "centroid_lon": -71.689214940105813, "centroid_lat": 45.225820434637924, "hours_count": 12.0, "datetimes_affected": "2026-01-05 14:31:44,2026-01-05 14:31:44,2026-01-05 14:31:44,2026-01-05 14:31:44,2026-01-05 14:31:44,2026-01-05 14:31:44" }, "geometry": { "type": "Polygon", "coordinates": [ [ [ -71.68301, 45.22304 ], [ -71.68271, 45.22823 ], [ -71.68891, 45.23101 ], [ -71.69542, 45.2286 ], [ -71.69572, 45.22341 ], [ -71.68952, 45.22063 ], [ -71.68301, 45.22304 ] ] ] } },
{ "type": "Feature", "properties": { "hex_id": 755221, "centroid_lon": -71.688310046119469, "centroid_lat": 45.241385516861996, "hours_count": 12.0, "datetimes_affected": "2026-01-05 14:31:44,2026-01-05 14:31:44,2026-01-05 14:31:44,2026-01-05 14:31:44,2026-01-05 14:31:44,2026-01-05 14:31:44" }, "geometry": { "type": "Polygon", "coordinates": [ [ [ -71.6821, 45.23861 ], [ -71.6818, 45.24379 ], [ -71.68801, 45.24657 ], [ -71.69452, 45.24416 ], [ -71.69482, 45.23898 ], [ -71.68861, 45.2362 ], [ -71.6821, 45.23861 ] ] ] } },
{ "type": "Feature", "properties": { "hex_id": 755222, "centroid_lon": -71.687404413911381, "centroid_lat": 45.256950542277139, "hours_count": 12.0, "datetimes_affected": "2026-01-05 14:31:44,2026-01-05 14:31:44,2026-01-05 14:31:44,2026-01-05 14:31:44,2026-01-05 14:31:44,2026-01-05 14:31:44" }, "geometry": { "type": "Polygon", "coordinates": [ [ [ -71.68119, 45.25417 ], [ -71.68089, 45.25936 ], [ -71.6871, 45.26214 ], [ -71.69362, 45.25973 ], [ -71.69392, 45.25454 ], [ -71.68771, 45.25176 ], [ -71.68119, 45.25417 ] ] ] } },
{ "type": "Feature", "properties": { "hex_id": 755223, "centroid_lon": -71.686498042744702, "centroid_lat": 45.272515510868345, "hours_count": 12.0, "datetimes_affected": "2026-01-05 14:31:44,2026-01-05 14:31:44,2026-01-05 14:31:44,2026-01-05 14:31:44,2026-01-05 14:31:44,2026-01-05 14:31:44" }, "geometry": { "type": "Polygon", "coordinates": [ [ [ -71.68029, 45.26974 ], [ -71.67998, 45.27492 ], [ -71.6862, 45.2777 ], [ -71.69271, 45.27529 ], [ -71.69301, 45.27011 ], [ -71.6868, 45.26733 ], [ -71.68029, 45.26974 ] ] ] } },
{ "type": "Feature", "properties": { "hex_id": 755224, "centroid_lon": -71.685590931881549, "centroid_lat": 45.288080422620553, "hours_count": 12.0, "datetimes_affected": "2026-01-05 14:31:44,2026-01-05 14:31:44,2026-01-05 14:31:44,2026-01-05 14:31:44,2026-01-05 14:31:44,2026-01-05 14:31:44" }, "geometry": { "type": "Polygon", "coordinates": [ [ [ -71.67938, 45.2853 ], [ -71.67907, 45.29049 ], [ -71.68529, 45.29327 ], [ -71.69181, 45.29086 ], [ -71.69211, 45.28567 ], [ -71.68589, 45.28289 ], [ -71.67938, 45.2853 ] ] ] } },
{ "type": "Feature", "properties": { "hex_id": 755225, "centroid_lon": -71.684683080583042, "centroid_lat": 45.303645277518747, "hours_count": 30.0, "datetimes_affected": "2026-01-05 14:31:44,2026-01-05 14:31:44,2026-01-05 14:31:44,2026-01-05 14:31:44,2026-01-05 14:31:44,2026-01-05 14:31:44" }, "geometry": { "type": "Polygon", "coordinates": [ [ [ -71.67847, 45.30087 ], [ -71.67816, 45.30605 ], [ -71.68438, 45.30883 ], [ -71.6909, 45.30642 ], [ -71.6912, 45.30124 ], [ -71.68499, 45.29846 ], [ -71.67847, 45.30087 ] ] ] } },
{ "type": "Feature", "properties": { "hex_id": 755226, "centroid_lon": -71.683774488109194, "centroid_lat": 45.319210075547872, "hours_count": 30.0, "datetimes_affected": "2026-01-05 14:31:44,2026-01-05 14:31:44,2026-01-05 14:31:44,2026-01-05 14:31:44,2026-01-05 14:31:44,2026-01-05 14:31:44" }, "geometry": { "type": "Polygon", "coordinates": [ [ [ -71.67756, 45.31643 ], [ -71.67725, 45.32162 ], [ -71.68347, 45.3244 ], [ -71.68999, 45.32199 ], [ -71.69029, 45.3168 ], [ -71.68408, 45.31402 ], [ -71.67756, 45.31643 ] ] ] } },
{ "type": "Feature", "properties": { "hex_id": 755227, "centroid_lon": -71.682865153719021, "centroid_lat": 45.33477481669285, "hours_count": 30.0, "datetimes_affected": "2026-01-05 14:31:44,2026-01-05 14:31:44,2026-01-05 14:31:44,2026-01-05 14:31:44,2026-01-05 14:31:44,2026-01-05 14:31:44" }, "geometry": { "type": "Polygon", "coordinates": [ [ [ -71.67665, 45.332 ], [ -71.67634, 45.33718 ], [ -71.68256, 45.33996 ], [ -71.68908, 45.33755 ], [ -71.68939, 45.33237 ], [ -71.68317, 45.32959 ], [ -71.67665, 45.332 ] ] ] } },
{ "type": "Feature", "properties": { "hex_id": 755828, "centroid_lon": -71.685119933808309, "centroid_lat": 45.186723031858889, "hours_count": 12.0, "datetimes_affected": "2026-01-05 14:31:44,2026-01-05 14:31:44,2026-01-05 14:31:44,2026-01-05 14:31:44,2026-01-05 14:31:44,2026-01-05 14:31:44" }, "geometry": { "type": "Polygon", "coordinates": [ [ [ -71.67892, 45.18394 ], [ -71.67861, 45.18913 ], [ -71.68482, 45.19191 ], [ -71.69132, 45.1895 ], [ -71.69162, 45.18431 ], [ -71.68542, 45.18153 ], [ -71.67892, 45.18394 ] ] ] } },
{ "type": "Feature", "properties": { "hex_id": 755829, "centroid_lon": -71.684215155593762, "centroid_lat": 45.202288156467496, "hours_count": 12.0, "datetimes_affected": "2026-01-05 14:31:44,2026-01-05 14:31:44,2026-01-05 14:31:44,2026-01-05 14:31:44,2026-01-05 14:31:44,2026-01-05 14:31:44" }, "geometry": { "type": "Polygon", "coordinates": [ [ [ -71.67801, 45.19951 ], [ -71.67771, 45.2047 ], [ -71.68391, 45.20748 ], [ -71.69042, 45.20507 ], [ -71.69072, 45.19988 ], [ -71.68452, 45.1971 ], [ -71.67801, 45.19951 ] ] ] } },
{ "type": "Feature", "properties": { "hex_id": 755830, "centroid_lon": -71.68330963959346, "centroid_lat": 45.217853224250959, "hours_count": 12.0, "datetimes_affected": "2026-01-05 14:31:44,2026-01-05 14:31:44,2026-01-05 14:31:44,2026-01-05 14:31:44,2026-01-05 14:31:44,2026-01-05 14:31:44" }, "geometry": { "type": "Polygon", "coordinates": [ [ [ -71.6771, 45.21507 ], [ -71.6768, 45.22026 ], [ -71.68301, 45.22304 ], [ -71.68952, 45.22063 ], [ -71.68982, 45.21544 ], [ -71.68361, 45.21266 ], [ -71.6771, 45.21507 ] ] ] } },
{ "type": "Feature", "properties": { "hex_id": 755831, "centroid_lon": -71.682403385071765, "centroid_lat": 45.233418235194186, "hours_count": 12.0, "datetimes_affected": "2026-01-05 14:31:44,2026-01-05 14:31:44,2026-01-05 14:31:44,2026-01-05 14:31:44,2026-01-05 14:31:44,2026-01-05 14:31:44" }, "geometry": { "type": "Polygon", "coordinates": [ [ [ -71.6762, 45.23064 ], [ -71.67589, 45.23583 ], [ -71.6821, 45.23861 ], [ -71.68861, 45.2362 ], [ -71.68891, 45.23101 ], [ -71.68271, 45.22823 ], [ -71.6762, 45.23064 ] ] ] } },
{ "type": "Feature", "properties": { "hex_id": 755832, "centroid_lon": -71.681496391292015, "centroid_lat": 45.248983189282107, "hours_count": 12.0, "datetimes_affected": "2026-01-05 14:31:44,2026-01-05 14:31:44,2026-01-05 14:31:44,2026-01-05 14:31:44,2026-01-05 14:31:44,2026-01-05 14:31:44" }, "geometry": { "type": "Polygon", "coordinates": [ [ [ -71.67529, 45.2462 ], [ -71.67498, 45.25139 ], [ -71.68119, 45.25417 ], [ -71.68771, 45.25176 ], [ -71.68801, 45.24657 ], [ -71.6818, 45.24379 ], [ -71.67529, 45.2462 ] ] ] } },
{ "type": "Feature", "properties": { "hex_id": 755833, "centroid_lon": -71.680588657516495, "centroid_lat": 45.264548086499644, "hours_count": 12.0, "datetimes_affected": "2026-01-05 14:31:44,2026-01-05 14:31:44,2026-01-05 14:31:44,2026-01-05 14:31:44,2026-01-05 14:31:44,2026-01-05 14:31:44" }, "geometry": { "type": "Polygon", "coordinates": [ [ [ -71.67438, 45.26177 ], [ -71.67407, 45.26696 ], [ -71.68029, 45.26974 ], [ -71.6868, 45.26733 ], [ -71.6871, 45.26214 ], [ -71.68089, 45.25936 ], [ -71.67438, 45.26177 ] ] ] } },
{ "type": "Feature", "properties": { "hex_id": 755834, "centroid_lon": -71.679680183006454, "centroid_lat": 45.280112926831713, "hours_count": 12.0, "datetimes_affected": "2026-01-05 14:31:44,2026-01-05 14:31:44,2026-01-05 14:31:44,2026-01-05 14:31:44,2026-01-05 14:31:44,2026-01-05 14:31:44" }, "geometry": { "type": "Polygon", "coordinates": [ [ [ -71.67347, 45.27733 ], [ -71.67316, 45.28252 ], [ -71.67938, 45.2853 ], [ -71.68589, 45.28289 ], [ -71.6862, 45.2777 ], [ -71.67998, 45.27492 ], [ -71.67347, 45.27733 ] ] ] } },
{ "type": "Feature", "properties": { "hex_id": 755835, "centroid_lon": -71.678770967022103, "centroid_lat": 45.295677710263206, "hours_count": 12.0, "datetimes_affected": "2026-01-05 14:31:44,2026-01-05 14:31:44,2026-01-05 14:31:44,2026-01-05 14:31:44,2026-01-05 14:31:44,2026-01-05 14:31:44" }, "geometry": { "type": "Polygon", "coordinates": [ [ [ -71.67256, 45.2929 ], [ -71.67225, 45.29809 ], [ -71.67847, 45.30087 ], [ -71.68499, 45.29846 ], [ -71.68529, 45.29327 ], [ -71.67907, 45.29049 ], [ -71.67256, 45.2929 ] ] ] } },
{ "type": "Feature", "properties": { "hex_id": 755836, "centroid_lon": -71.677861008822617, "centroid_lat": 45.31124243677904, "hours_count": 30.0, "datetimes_affected": "2026-01-05 14:31:44,2026-01-05 14:31:44,2026-01-05 14:31:44,2026-01-05 14:31:44,2026-01-05 14:31:44,2026-01-05 14:31:44" }, "geometry": { "type": "Polygon", "coordinates": [ [ [ -71.67165, 45.30846 ], [ -71.67134, 45.31365 ], [ -71.67756, 45.31643 ], [ -71.68408, 45.31402 ], [ -71.68438, 45.30883 ], [ -71.67816, 45.30605 ], [ -71.67165, 45.30846 ] ] ] } },
{ "type": "Feature", "properties": { "hex_id": 755837, "centroid_lon": -71.676950307666104, "centroid_lat": 45.326807106364065, "hours_count": 30.0, "datetimes_affected": "2026-01-05 14:31:44,2026-01-05 14:31:44,2026-01-05 14:31:44,2026-01-05 14:31:44,2026-01-05 14:31:44,2026-01-05 14:31:44" }, "geometry": { "type": "Polygon", "coordinates": [ [ [ -71.67073, 45.32403 ], [ -71.67043, 45.32922 ], [ -71.67665, 45.332 ], [ -71.68317, 45.32959 ], [ -71.68347, 45.3244 ], [ -71.67725, 45.32162 ], [ -71.67073, 45.32403 ] ] ] } },
{ "type": "Feature", "properties": { "hex_id": 756439, "centroid_lon": -71.678312818852731, "centroid_lat": 45.19432074969982, "hours_count": 12.0, "datetimes_affected": "2026-01-05 14:31:44,2026-01-05 14:31:44,2026-01-05 14:31:44,2026-01-05 14:31:44,2026-01-05 14:31:44,2026-01-05 14:31:44" }, "geometry": { "type": "Polygon", "coordinates": [ [ [ -71.67211, 45.19154 ], [ -71.67181, 45.19673 ], [ -71.67801, 45.19951 ], [ -71.68452, 45.1971 ], [ -71.68482, 45.19191 ], [ -71.67861, 45.18913 ], [ -71.67211, 45.19154 ] ] ] } },
{ "type": "Feature", "properties": { "hex_id": 756440, "centroid_lon": -71.677405944632127, "centroid_lat": 45.209885746108874, "hours_count": 12.0, "datetimes_affected": "2026-01-05 14:31:44,2026-01-05 14:31:44,2026-01-05 14:31:44,2026-01-05 14:31:44,2026-01-05 14:31:44,2026-01-05 14:31:44" }, "geometry": { "type": "Polygon", "coordinates": [ [ [ -71.6712, 45.20711 ], [ -71.6709, 45.21229 ], [ -71.6771, 45.21507 ], [ -71.68361, 45.21266 ], [ -71.68391, 45.20748 ], [ -71.67771, 45.2047 ], [ -71.6712, 45.20711 ] ] ] } },
{ "type": "Feature", "properties": { "hex_id": 756441, "centroid_lon": -71.676498330855935, "centroid_lat": 45.225450685631337, "hours_count": 12.0, "datetimes_affected": "2026-01-05 14:31:44,2026-01-05 14:31:44,2026-01-05 14:31:44,2026-01-05 14:31:44,2026-01-05 14:31:44,2026-01-05 14:31:44" }, "geometry": { "type": "Polygon", "coordinates": [ [ [ -71.67029, 45.22267 ], [ -71.66999, 45.22786 ], [ -71.6762, 45.23064 ], [ -71.68271, 45.22823 ], [ -71.68301, 45.22304 ], [ -71.6768, 45.22026 ], [ -71.67029, 45.22267 ] ] ] } },
{ "type": "Feature", "properties": { "hex_id": 756442, "centroid_lon": -71.675589976786569, "centroid_lat": 45.241015568252081, "hours_count": 12.0, "datetimes_affected": "2026-01-05 14:31:44,2026-01-05 14:31:44,2026-01-05 14:31:44,2026-01-05 14:31:44,2026-01-05 14:31:44,2026-01-05 14:31:44" }, "geometry": { "type": "Polygon", "coordinates": [ [ [ -71.66938, 45.23824 ], [ -71.66908, 45.24342 ], [ -71.67529, 45.2462 ], [ -71.6818, 45.24379 ], [ -71.6821, 45.23861 ], [ -71.67589, 45.23583 ], [ -71.66938, 45.23824 ] ] ] } },
{ "type": "Feature", "properties": { "hex_id": 756443, "centroid_lon": -71.674680881685461, "centroid_lat": 45.256580393955936, "hours_count": 12.0, "datetimes_affected": "2026-01-05 14:31:44,2026-01-05 14:31:44,2026-01-05 14:31:44,2026-01-05 14:31:44,2026-01-05 14:31:44,2026-01-05 14:31:44" }, "geometry": { "type": "Polygon", "coordinates": [ [ [ -71.66847, 45.2538 ], [ -71.66817, 45.25899 ], [ -71.67438, 45.26177 ], [ -71.68089, 45.25936 ], [ -71.68119, 45.25417 ], [ -71.67498, 45.25139 ], [ -71.66847, 45.2538 ] ] ] } },
{ "type": "Feature", "properties": { "hex_id": 756444, "centroid_lon": -71.673771044812995, "centroid_lat": 45.272145162727789, "hours_count": 12.0, "datetimes_affected": "2026-01-05 14:31:44,2026-01-05 14:31:44,2026-01-05 14:31:44,2026-01-05 14:31:44,2026-01-05 14:31:44,2026-01-05 14:31:44" }, "geometry": { "type": "Polygon", "coordinates": [ [ [ -71.66756, 45.26937 ], [ -71.66726, 45.27455 ], [ -71.67347, 45.27733 ], [ -71.67998, 45.27492 ], [ -71.68029, 45.26974 ], [ -71.67407, 45.26696 ], [ -71.66756, 45.26937 ] ] ] } },
{ "type": "Feature", "properties": { "hex_id": 756445, "centroid_lon": -71.672860465428514, "centroid_lat": 45.287709874552476, "hours_count": 12.0, "datetimes_affected": "2026-01-05 14:31:44,2026-01-05 14:31:44,2026-01-05 14:31:44,2026-01-05 14:31:44,2026-01-05 14:31:44,2026-01-05 14:31:44" }, "geometry": { "type": "Polygon", "coordinates": [ [ [ -71.66665, 45.28493 ], [ -71.66634, 45.29012 ], [ -71.67256, 45.2929 ], [ -71.67907, 45.29049 ], [ -71.67938, 45.2853 ], [ -71.67316, 45.28252 ], [ -71.66665, 45.28493 ] ] ] } },
{ "type": "Feature", "properties": { "hex_id": 756446, "centroid_lon": -71.671949142790297, "centroid_lat": 45.303274529414836, "hours_count": 12.0, "datetimes_affected": "2026-01-05 14:31:44,2026-01-05 14:31:44,2026-01-05 14:31:44,2026-01-05 14:31:44,2026-01-05 14:31:44,2026-01-05 14:31:44" }, "geometry": { "type": "Polygon", "coordinates": [ [ [ -71.66573, 45.30049 ], [ -71.66543, 45.30568 ], [ -71.67165, 45.30846 ], [ -71.67816, 45.30605 ], [ -71.67847, 45.30087 ], [ -71.67225, 45.29809 ], [ -71.66573, 45.30049 ] ] ] } },
{ "type": "Feature", "properties": { "hex_id": 756447, "centroid_lon": -71.671037076155613, "centroid_lat": 45.318839127299711, "hours_count": 30.0, "datetimes_affected": "2026-01-05 14:31:44,2026-01-05 14:31:44,2026-01-05 14:31:44,2026-01-05 14:31:44,2026-01-05 14:31:44,2026-01-05 14:31:44" }, "geometry": { "type": "Polygon", "coordinates": [ [ [ -71.66482, 45.31606 ], [ -71.66452, 45.32125 ], [ -71.67073, 45.32403 ], [ -71.67725, 45.32162 ], [ -71.67756, 45.31643 ], [ -71.67134, 45.31365 ], [ -71.66482, 45.31606 ] ] ] } },
{ "type": "Feature", "properties": { "hex_id": 756448, "centroid_lon": -71.67012426478064, "centroid_lat": 45.334403668191911, "hours_count": 30.0, "datetimes_affected": "2026-01-05 14:31:44,2026-01-05 14:31:44,2026-01-05 14:31:44,2026-01-05 14:31:44,2026-01-05 14:31:44,2026-01-05 14:31:44" }, "geometry": { "type": "Polygon", "coordinates": [ [ [ -71.66391, 45.33162 ], [ -71.6636, 45.33681 ], [ -71.66982, 45.33959 ], [ -71.67634, 45.33718 ], [ -71.67665, 45.332 ], [ -71.67043, 45.32922 ], [ -71.66391, 45.33162 ] ] ] } },
{ "type": "Feature", "properties": { "hex_id": 757050, "centroid_lon": -71.671503854286826, "centroid_lat": 45.201918000467195, "hours_count": 12.0, "datetimes_affected": "2026-01-05 14:31:44,2026-01-05 14:31:44,2026-01-05 14:31:44,2026-01-05 14:31:44,2026-01-05 14:31:44,2026-01-05 14:31:44" }, "geometry": { "type": "Polygon", "coordinates": [ [ [ -71.6653, 45.19914 ], [ -71.665, 45.20433 ], [ -71.6712, 45.20711 ], [ -71.67771, 45.2047 ], [ -71.67801, 45.19951 ], [ -71.67181, 45.19673 ], [ -71.6653, 45.19914 ] ] ] } },
{ "type": "Feature", "properties": { "hex_id": 757051, "centroid_lon": -71.670594882536008, "centroid_lat": 45.217482868429087, "hours_count": 12.0, "datetimes_affected": "2026-01-05 14:31:44,2026-01-05 14:31:44,2026-01-05 14:31:44,2026-01-05 14:31:44,2026-01-05 14:31:44,2026-01-05 14:31:44" }, "geometry": { "type": "Polygon", "coordinates": [ [ [ -71.66439, 45.2147 ], [ -71.66409, 45.21989 ], [ -71.67029, 45.22267 ], [ -71.6768, 45.22026 ], [ -71.6771, 45.21507 ], [ -71.6709, 45.21229 ], [ -71.66439, 45.2147 ] ] ] } },
{ "type": "Feature", "properties": { "hex_id": 757052, "centroid_lon": -71.669685169458148, "centroid_lat": 45.233047679442763, "hours_count": 12.0, "datetimes_affected": "2026-01-05 14:31:44,2026-01-05 14:31:44,2026-01-05 14:31:44,2026-01-05 14:31:44,2026-01-05 14:31:44,2026-01-05 14:31:44" }, "geometry": { "type": "Polygon", "coordinates": [ [ [ -71.66348, 45.23027 ], [ -71.66317, 45.23546 ], [ -71.66938, 45.23824 ], [ -71.67589, 45.23583 ], [ -71.6762, 45.23064 ], [ -71.66999, 45.22786 ], [ -71.66348, 45.23027 ] ] ] } },
{ "type": "Feature", "properties": { "hex_id": 757053, "centroid_lon": -71.668774714313784, "centroid_lat": 45.248612433493037, "hours_count": 12.0, "datetimes_affected": "2026-01-05 14:31:44,2026-01-05 14:31:44,2026-01-05 14:31:44,2026-01-05 14:31:44,2026-01-05 14:31:44,2026-01-05 14:31:44" }, "geometry": { "type": "Polygon", "coordinates": [ [ [ -71.66257, 45.24583 ], [ -71.66226, 45.25102 ], [ -71.66847, 45.2538 ], [ -71.67498, 45.25139 ], [ -71.67529, 45.2462 ], [ -71.66908, 45.24342 ], [ -71.66257, 45.24583 ] ] ] } },
{ "type": "Feature", "properties": { "hex_id": 757054, "centroid_lon": -71.667863516362445, "centroid_lat": 45.26417713056474, "hours_count": 12.0, "datetimes_affected": "2026-01-05 14:31:44,2026-01-05 14:31:44,2026-01-05 14:31:44,2026-01-05 14:31:44,2026-01-05 14:31:44,2026-01-05 14:31:44" }, "geometry": { "type": "Polygon", "coordinates": [ [ [ -71.66165, 45.2614 ], [ -71.66135, 45.26659 ], [ -71.66756, 45.26937 ], [ -71.67407, 45.26696 ], [ -71.67438, 45.26177 ], [ -71.66817, 45.25899 ], [ -71.66165, 45.2614 ] ] ] } },
{ "type": "Feature", "properties": { "hex_id": 757055, "centroid_lon": -71.666951574862594, "centroid_lat": 45.279741770642623, "hours_count": 12.0, "datetimes_affected": "2026-01-05 14:31:44,2026-01-05 14:31:44,2026-01-05 14:31:44,2026-01-05 14:31:44,2026-01-05 14:31:44,2026-01-05 14:31:44" }, "geometry": { "type": "Polygon", "coordinates": [ [ [ -71.66074, 45.27696 ], [ -71.66044, 45.28215 ], [ -71.66665, 45.28493 ], [ -71.67316, 45.28252 ], [ -71.67347, 45.27733 ], [ -71.66726, 45.27455 ], [ -71.66074, 45.27696 ] ] ] } },
{ "type": "Feature", "properties": { "hex_id": 757056, "centroid_lon": -71.666038889071658, "centroid_lat": 45.295306353711496, "hours_count": 12.0, "datetimes_affected": "2026-01-05 14:31:44,2026-01-05 14:31:44,2026-01-05 14:31:44,2026-01-05 14:31:44,2026-01-05 14:31:44,2026-01-05 14:31:44" }, "geometry": { "type": "Polygon", "coordinates": [ [ [ -71.65983, 45.29253 ], [ -71.65952, 45.29771 ], [ -71.66573, 45.30049 ], [ -71.67225, 45.29809 ], [ -71.67256, 45.2929 ], [ -71.66634, 45.29012 ], [ -71.65983, 45.29253 ] ] ] } },
{ "type": "Feature", "properties": { "hex_id": 757057, "centroid_lon": -71.66512545824601, "centroid_lat": 45.310870879756145, "hours_count": 12.0, "datetimes_affected": "2026-01-05 14:31:44,2026-01-05 14:31:44,2026-01-05 14:31:44,2026-01-05 14:31:44,2026-01-05 14:31:44,2026-01-05 14:31:44" }, "geometry": { "type": "Polygon", "coordinates": [ [ [ -71.65891, 45.30809 ], [ -71.65861, 45.31328 ], [ -71.66482, 45.31606 ], [ -71.67134, 45.31365 ], [ -71.67165, 45.30846 ], [ -71.66543, 45.30568 ], [ -71.65891, 45.30809 ] ] ] } },
{ "type": "Feature", "properties": { "hex_id": 757058, "centroid_lon": -71.664211281640974, "centroid_lat": 45.326435348761301, "hours_count": 30.0, "datetimes_affected": "2026-01-05 14:31:44,2026-01-05 14:31:44,2026-01-05 14:31:44,2026-01-05 14:31:44,2026-01-05 14:31:44,2026-01-05 14:31:44" }, "geometry": { "type": "Polygon", "coordinates": [ [ [ -71.65799, 45.32365 ], [ -71.65769, 45.32884 ], [ -71.66391, 45.33162 ], [ -71.67043, 45.32922 ], [ -71.67073, 45.32403 ], [ -71.66452, 45.32125 ], [ -71.65799, 45.32365 ] ] ] } },
{ "type": "Feature", "properties": { "hex_id": 757661, "centroid_lon": -71.664693039176569, "centroid_lat": 45.209514783842877, "hours_count": 12.0, "datetimes_affected": "2026-01-05 14:31:44,2026-01-05 14:31:44,2026-01-05 14:31:44,2026-01-05 14:31:44,2026-01-05 14:31:44,2026-01-05 14:31:44" }, "geometry": { "type": "Polygon", "coordinates": [ [ [ -71.65849, 45.20673 ], [ -71.65818, 45.21192 ], [ -71.66439, 45.2147 ], [ -71.6709, 45.21229 ], [ -71.6712, 45.20711 ], [ -71.665, 45.20433 ], [ -71.65849, 45.20673 ] ] ] } },
{ "type": "Feature", "properties": { "hex_id": 757662, "centroid_lon": -71.663781968370401, "centroid_lat": 45.22507952310977, "hours_count": 12.0, "datetimes_affected": "2026-01-05 14:31:44,2026-01-05 14:31:44,2026-01-05 14:31:44,2026-01-05 14:31:44,2026-01-05 14:31:44,2026-01-05 14:31:44" }, "geometry": { "type": "Polygon", "coordinates": [ [ [ -71.65758, 45.2223 ], [ -71.65727, 45.22749 ], [ -71.66348, 45.23027 ], [ -71.66999, 45.22786 ], [ -71.67029, 45.22267 ], [ -71.66409, 45.21989 ], [ -71.65758, 45.2223 ] ] ] } },
{ "type": "Feature", "properties": { "hex_id": 757663, "centroid_lon": -71.662870154464201, "centroid_lat": 45.240644205366713, "hours_count": 12.0, "datetimes_affected": "2026-01-05 14:31:44,2026-01-05 14:31:44,2026-01-05 14:31:44,2026-01-05 14:31:44,2026-01-05 14:31:44,2026-01-05 14:31:44" }, "geometry": { "type": "Polygon", "coordinates": [ [ [ -71.65666, 45.23786 ], [ -71.65636, 45.24305 ], [ -71.66257, 45.24583 ], [ -71.66908, 45.24342 ], [ -71.66938, 45.23824 ], [ -71.66317, 45.23546 ], [ -71.65666, 45.23786 ] ] ] } },
{ "type": "Feature", "properties": { "hex_id": 757664, "centroid_lon": -71.661957596716618, "centroid_lat": 45.256208830598418, "hours_count": 12.0, "datetimes_affected": "2026-01-05 14:31:44,2026-01-05 14:31:44,2026-01-05 14:31:44,2026-01-05 14:31:44,2026-01-05 14:31:44,2026-01-05 14:31:44" }, "geometry": { "type": "Polygon", "coordinates": [ [ [ -71.65575, 45.25343 ], [ -71.65544, 45.25862 ], [ -71.66165, 45.2614 ], [ -71.66817, 45.25899 ], [ -71.66847, 45.2538 ], [ -71.66226, 45.25102 ], [ -71.65575, 45.25343 ] ] ] } },
{ "type": "Feature", "properties": { "hex_id": 757665, "centroid_lon": -71.661044294385263, "centroid_lat": 45.271773398789641, "hours_count": 12.0, "datetimes_affected": "2026-01-05 14:31:44,2026-01-05 14:31:44,2026-01-05 14:31:44,2026-01-05 14:31:44,2026-01-05 14:31:44,2026-01-05 14:31:44" }, "geometry": { "type": "Polygon", "coordinates": [ [ [ -71.65483, 45.26899 ], [ -71.65453, 45.27418 ], [ -71.66074, 45.27696 ], [ -71.66726, 45.27455 ], [ -71.66756, 45.26937 ], [ -71.66135, 45.26659 ], [ -71.65483, 45.26899 ] ] ] } },
{ "type": "Feature", "properties": { "hex_id": 757666, "centroid_lon": -71.660130246726652, "centroid_lat": 45.287337909925107, "hours_count": 12.0, "datetimes_affected": "2026-01-05 14:31:44,2026-01-05 14:31:44,2026-01-05 14:31:44,2026-01-05 14:31:44,2026-01-05 14:31:44,2026-01-05 14:31:44" }, "geometry": { "type": "Polygon", "coordinates": [ [ [ -71.65392, 45.28456 ], [ -71.65361, 45.28975 ], [ -71.65983, 45.29253 ], [ -71.66634, 45.29012 ], [ -71.66665, 45.28493 ], [ -71.66044, 45.28215 ], [ -71.65392, 45.28456 ] ] ] } },
{ "type": "Feature", "properties": { "hex_id": 757667, "centroid_lon": -71.659215452996335, "centroid_lat": 45.302902363989531, "hours_count": 12.0, "datetimes_affected": "2026-01-05 14:31:44,2026-01-05 14:31:44,2026-01-05 14:31:44,2026-01-05 14:31:44,2026-01-05 14:31:44,2026-01-05 14:31:44" }, "geometry": { "type": "Polygon", "coordinates": [ [ [ -71.653, 45.30012 ], [ -71.6527, 45.30531 ], [ -71.65891, 45.30809 ], [ -71.66543, 45.30568 ], [ -71.66573, 45.30049 ], [ -71.65952, 45.29771 ], [ -71.653, 45.30012 ] ] ] } },
{ "type": "Feature", "properties": { "hex_id": 757668, "centroid_lon": -71.65829991244874, "centroid_lat": 45.318466760967659, "hours_count": 12.0, "datetimes_affected": "2026-01-05 14:31:44,2026-01-05 14:31:44,2026-01-05 14:31:44,2026-01-05 14:31:44,2026-01-05 14:31:44,2026-01-05 14:31:44" }, "geometry": { "type": "Polygon", "coordinates": [ [ [ -71.65208, 45.31569 ], [ -71.65178, 45.32087 ], [ -71.65799, 45.32365 ], [ -71.66452, 45.32125 ], [ -71.66482, 45.31606 ], [ -71.65861, 45.31328 ], [ -71.65208, 45.31569 ] ] ] } },
{ "type": "Feature", "properties": { "hex_id": 758271, "centroid_lon": -71.658792799842729, "centroid_lat": 45.20154643212814, "hours_count": 12.0, "datetimes_affected": "2026-01-05 14:31:44,2026-01-05 14:31:44,2026-01-05 14:31:44,2026-01-05 14:31:44,2026-01-05 14:31:44,2026-01-05 14:31:44" }, "geometry": { "type": "Polygon", "coordinates": [ [ [ -71.65259, 45.19877 ], [ -71.65229, 45.20395 ], [ -71.65849, 45.20673 ], [ -71.665, 45.20433 ], [ -71.6653, 45.19914 ], [ -71.6591, 45.19636 ], [ -71.65259, 45.19877 ] ] ] } },
{ "type": "Feature", "properties": { "hex_id": 758272, "centroid_lon": -71.657880372587528, "centroid_lat": 45.217111099508628, "hours_count": 12.0, "datetimes_affected": "2026-01-05 14:31:44,2026-01-05 14:31:44,2026-01-05 14:31:44,2026-01-05 14:31:44,2026-01-05 14:31:44,2026-01-05 14:31:44" }, "geometry": { "type": "Polygon", "coordinates": [ [ [ -71.65168, 45.21433 ], [ -71.65137, 45.21952 ], [ -71.65758, 45.2223 ], [ -71.66409, 45.21989 ], [ -71.66439, 45.2147 ], [ -71.65818, 45.21192 ], [ -71.65168, 45.21433 ] ] ] } },
{ "type": "Feature", "properties": { "hex_id": 758273, "centroid_lon": -71.656967201199961, "centroid_lat": 45.232675709832527, "hours_count": 12.0, "datetimes_affected": "2026-01-05 14:31:44,2026-01-05 14:31:44,2026-01-05 14:31:44,2026-01-05 14:31:44,2026-01-05 14:31:44,2026-01-05 14:31:44" }, "geometry": { "type": "Polygon", "coordinates": [ [ [ -71.65076, 45.2299 ], [ -71.65046, 45.23508 ], [ -71.65666, 45.23786 ], [ -71.66317, 45.23546 ], [ -71.66348, 45.23027 ], [ -71.65727, 45.22749 ], [ -71.65076, 45.2299 ] ] ] } },
{ "type": "Feature", "properties": { "hex_id": 758274, "centroid_lon": -71.65605328493784, "centroid_lat": 45.248240263084526, "hours_count": 12.0, "datetimes_affected": "2026-01-05 14:31:44,2026-01-05 14:31:44,2026-01-05 14:31:44,2026-01-05 14:31:44,2026-01-05 14:31:44,2026-01-05 14:31:44" }, "geometry": { "type": "Polygon", "coordinates": [ [ [ -71.64985, 45.24546 ], [ -71.64954, 45.25065 ], [ -71.65575, 45.25343 ], [ -71.66226, 45.25102 ], [ -71.66257, 45.24583 ], [ -71.65636, 45.24305 ], [ -71.64985, 45.24546 ] ] ] } },
{ "type": "Feature", "properties": { "hex_id": 758275, "centroid_lon": -71.655138623057866, "centroid_lat": 45.263804759249339, "hours_count": 12.0, "datetimes_affected": "2026-01-05 14:31:44,2026-01-05 14:31:44,2026-01-05 14:31:44,2026-01-05 14:31:44,2026-01-05 14:31:44,2026-01-05 14:31:44" }, "geometry": { "type": "Polygon", "coordinates": [ [ [ -71.64893, 45.26102 ], [ -71.64862, 45.26621 ], [ -71.65483, 45.26899 ], [ -71.66135, 45.26659 ], [ -71.66165, 45.2614 ], [ -71.65544, 45.25862 ], [ -71.64893, 45.26102 ] ] ] } },
{ "type": "Feature", "properties": { "hex_id": 758276, "centroid_lon": -71.65422321481573, "centroid_lat": 45.279369198311606, "hours_count": 12.0, "datetimes_affected": "2026-01-05 14:31:44,2026-01-05 14:31:44,2026-01-05 14:31:44,2026-01-05 14:31:44,2026-01-05 14:31:44,2026-01-05 14:31:44" }, "geometry": { "type": "Polygon", "coordinates": [ [ [ -71.64801, 45.27659 ], [ -71.64771, 45.28178 ], [ -71.65392, 45.28456 ], [ -71.66044, 45.28215 ], [ -71.66074, 45.27696 ], [ -71.65453, 45.27418 ], [ -71.64801, 45.27659 ] ] ] } },
{ "type": "Feature", "properties": { "hex_id": 758277, "centroid_lon": -71.653307059466087, "centroid_lat": 45.294933580255993, "hours_count": 12.0, "datetimes_affected": "2026-01-05 14:31:44,2026-01-05 14:31:44,2026-01-05 14:31:44,2026-01-05 14:31:44,2026-01-05 14:31:44,2026-01-05 14:31:44" }, "geometry": { "type": "Polygon", "coordinates": [ [ [ -71.64709, 45.29215 ], [ -71.64679, 45.29734 ], [ -71.653, 45.30012 ], [ -71.65952, 45.29771 ], [ -71.65983, 45.29253 ], [ -71.65361, 45.28975 ], [ -71.64709, 45.29215 ] ] ] } },
{ "type": "Feature", "properties": { "hex_id": 758278, "centroid_lon": -71.652390156262499, "centroid_lat": 45.310497905067187, "hours_count": 12.0, "datetimes_affected": "2026-01-05 14:31:44,2026-01-05 14:31:44,2026-01-05 14:31:44,2026-01-05 14:31:44,2026-01-05 14:31:44,2026-01-05 14:31:44" }, "geometry": { "type": "Polygon", "coordinates": [ [ [ -71.64618, 45.30772 ], [ -71.64587, 45.3129 ], [ -71.65208, 45.31569 ], [ -71.65861, 45.31328 ], [ -71.65891, 45.30809 ], [ -71.6527, 45.30531 ], [ -71.64618, 45.30772 ] ] ] } },
{ "type": "Feature", "properties": { "hex_id": 758882, "centroid_lon": -71.651980381174198, "centroid_lat": 45.20914240889465, "hours_count": 12.0, "datetimes_affected": "2026-01-05 14:31:44,2026-01-05 14:31:44,2026-01-05 14:31:44,2026-01-05 14:31:44,2026-01-05 14:31:44,2026-01-05 14:31:44" }, "geometry": { "type": "Polygon", "coordinates": [ [ [ -71.64578, 45.20636 ], [ -71.64547, 45.21155 ], [ -71.65168, 45.21433 ], [ -71.65818, 45.21192 ], [ -71.65849, 45.20673 ], [ -71.65229, 45.20395 ], [ -71.64578, 45.20636 ] ] ] } },
{ "type": "Feature", "properties": { "hex_id": 758883, "centroid_lon": -71.651065853584839, "centroid_lat": 45.224706947145982, "hours_count": 12.0, "datetimes_affected": "2026-01-05 14:31:44,2026-01-05 14:31:44,2026-01-05 14:31:44,2026-01-05 14:31:44,2026-01-05 14:31:44,2026-01-05 14:31:44" }, "geometry": { "type": "Polygon", "coordinates": [ [ [ -71.64486, 45.22193 ], [ -71.64456, 45.22711 ], [ -71.65076, 45.2299 ], [ -71.65727, 45.22749 ], [ -71.65758, 45.2223 ], [ -71.65137, 45.21952 ], [ -71.64486, 45.22193 ] ] ] } },
{ "type": "Feature", "properties": { "hex_id": 758884, "centroid_lon": -71.650150580088933, "centroid_lat": 45.240271428278717, "hours_count": 12.0, "datetimes_affected": "2026-01-05 14:31:44,2026-01-05 14:31:44,2026-01-05 14:31:44,2026-01-05 14:31:44,2026-01-05 14:31:44,2026-01-05 14:31:44" }, "geometry": { "type": "Polygon", "coordinates": [ [ [ -71.64394, 45.23749 ], [ -71.64364, 45.24268 ], [ -71.64985, 45.24546 ], [ -71.65636, 45.24305 ], [ -71.65666, 45.23786 ], [ -71.65046, 45.23508 ], [ -71.64394, 45.23749 ] ] ] } },
{ "type": "Feature", "properties": { "hex_id": 758885, "centroid_lon": -71.649234559942343, "centroid_lat": 45.255835852277457, "hours_count": 12.0, "datetimes_affected": "2026-01-05 14:31:44,2026-01-05 14:31:44,2026-01-05 14:31:44,2026-01-05 14:31:44,2026-01-05 14:31:44,2026-01-05 14:31:44" }, "geometry": { "type": "Polygon", "coordinates": [ [ [ -71.64303, 45.25305 ], [ -71.64272, 45.25824 ], [ -71.64893, 45.26102 ], [ -71.65544, 45.25862 ], [ -71.65575, 45.25343 ], [ -71.64954, 45.25065 ], [ -71.64303, 45.25305 ] ] ] } },
{ "type": "Feature", "properties": { "hex_id": 758886, "centroid_lon": -71.648317792399894, "centroid_lat": 45.271400219126846, "hours_count": 12.0, "datetimes_affected": "2026-01-05 14:31:44,2026-01-05 14:31:44,2026-01-05 14:31:44,2026-01-05 14:31:44,2026-01-05 14:31:44,2026-01-05 14:31:44" }, "geometry": { "type": "Polygon", "coordinates": [ [ [ -71.64211, 45.26862 ], [ -71.6418, 45.27381 ], [ -71.64801, 45.27659 ], [ -71.65453, 45.27418 ], [ -71.65483, 45.26899 ], [ -71.64862, 45.26621 ], [ -71.64211, 45.26862 ] ] ] } },
{ "type": "Feature", "properties": { "hex_id": 758887, "centroid_lon": -71.647400276715345, "centroid_lat": 45.286964528811467, "hours_count": 12.0, "datetimes_affected": "2026-01-05 14:31:44,2026-01-05 14:31:44,2026-01-05 14:31:44,2026-01-05 14:31:44,2026-01-05 14:31:44,2026-01-05 14:31:44" }, "geometry": { "type": "Polygon", "coordinates": [ [ [ -71.64119, 45.28418 ], [ -71.64088, 45.28937 ], [ -71.64709, 45.29215 ], [ -71.65361, 45.28975 ], [ -71.65392, 45.28456 ], [ -71.64771, 45.28178 ], [ -71.64119, 45.28418 ] ] ] } },
{ "type": "Feature", "properties": { "hex_id": 758888, "centroid_lon": -71.646482012141419, "centroid_lat": 45.302528781315935, "hours_count": 12.0, "datetimes_affected": "2026-01-05 14:31:44,2026-01-05 14:31:44,2026-01-05 14:31:44,2026-01-05 14:31:44,2026-01-05 14:31:44,2026-01-05 14:31:44" }, "geometry": { "type": "Polygon", "coordinates": [ [ [ -71.64027, 45.29975 ], [ -71.63996, 45.30494 ], [ -71.64618, 45.30772 ], [ -71.6527, 45.30531 ], [ -71.653, 45.30012 ], [ -71.64679, 45.29734 ], [ -71.64027, 45.29975 ] ] ] } },
{ "type": "Feature", "properties": { "hex_id": 758889, "centroid_lon": -71.645562997929773, "centroid_lat": 45.318092976624854, "hours_count": 12.0, "datetimes_affected": "2026-01-05 14:31:44,2026-01-05 14:31:44,2026-01-05 14:31:44,2026-01-05 14:31:44,2026-01-05 14:31:44,2026-01-05 14:31:44" }, "geometry": { "type": "Polygon", "coordinates": [ [ [ -71.63935, 45.31531 ], [ -71.63904, 45.3205 ], [ -71.64526, 45.32328 ], [ -71.65178, 45.32087 ], [ -71.65208, 45.31569 ], [ -71.64587, 45.3129 ], [ -71.63935, 45.31531 ] ] ] } },
{ "type": "Feature", "properties": { "hex_id": 759493, "centroid_lon": -71.645166110683121, "centroid_lat": 45.21673791756244, "hours_count": 12.0, "datetimes_affected": "2026-01-05 14:31:44,2026-01-05 14:31:44,2026-01-05 14:31:44,2026-01-05 14:31:44,2026-01-05 14:31:44,2026-01-05 14:31:44" }, "geometry": { "type": "Polygon", "coordinates": [ [ [ -71.63896, 45.21396 ], [ -71.63866, 45.21914 ], [ -71.64486, 45.22193 ], [ -71.65137, 45.21952 ], [ -71.65168, 45.21433 ], [ -71.64547, 45.21155 ], [ -71.63896, 45.21396 ] ] ] } },
{ "type": "Feature", "properties": { "hex_id": 759494, "centroid_lon": -71.644249481233274, "centroid_lat": 45.232302326436404, "hours_count": 12.0, "datetimes_affected": "2026-01-05 14:31:44,2026-01-05 14:31:44,2026-01-05 14:31:44,2026-01-05 14:31:44,2026-01-05 14:31:44,2026-01-05 14:31:44" }, "geometry": { "type": "Polygon", "coordinates": [ [ [ -71.63804, 45.22952 ], [ -71.63774, 45.23471 ], [ -71.64394, 45.23749 ], [ -71.65046, 45.23508 ], [ -71.65076, 45.2299 ], [ -71.64456, 45.22711 ], [ -71.63804, 45.22952 ] ] ] } },
{ "type": "Feature", "properties": { "hex_id": 759495, "centroid_lon": -71.64333210410112, "centroid_lat": 45.247866678129576, "hours_count": 12.0, "datetimes_affected": "2026-01-05 14:31:44,2026-01-05 14:31:44,2026-01-05 14:31:44,2026-01-05 14:31:44,2026-01-05 14:31:44,2026-01-05 14:31:44" }, "geometry": { "type": "Polygon", "coordinates": [ [ [ -71.63712, 45.24509 ], [ -71.63682, 45.25027 ], [ -71.64303, 45.25305 ], [ -71.64954, 45.25065 ], [ -71.64985, 45.24546 ], [ -71.64364, 45.24268 ], [ -71.63712, 45.24509 ] ] ] } },
{ "type": "Feature", "properties": { "hex_id": 759496, "centroid_lon": -71.642413978540617, "centroid_lat": 45.263430972626509, "hours_count": 12.0, "datetimes_affected": "2026-01-05 14:31:44,2026-01-05 14:31:44,2026-01-05 14:31:44,2026-01-05 14:31:44,2026-01-05 14:31:44,2026-01-05 14:31:44" }, "geometry": { "type": "Polygon", "coordinates": [ [ [ -71.63621, 45.26065 ], [ -71.6359, 45.26584 ], [ -71.64211, 45.26862 ], [ -71.64862, 45.26621 ], [ -71.64893, 45.26102 ], [ -71.64272, 45.25824 ], [ -71.63621, 45.26065 ] ] ] } },
{ "type": "Feature", "properties": { "hex_id": 759497, "centroid_lon": -71.641495103804672, "centroid_lat": 45.27899520991177, "hours_count": 12.0, "datetimes_affected": "2026-01-05 14:31:44,2026-01-05 14:31:44,2026-01-05 14:31:44,2026-01-05 14:31:44,2026-01-05 14:31:44,2026-01-05 14:31:44" }, "geometry": { "type": "Polygon", "coordinates": [ [ [ -71.63528, 45.27621 ], [ -71.63498, 45.2814 ], [ -71.64119, 45.28418 ], [ -71.64771, 45.28178 ], [ -71.64801, 45.27659 ], [ -71.6418, 45.27381 ], [ -71.63528, 45.27621 ] ] ] } },
{ "type": "Feature", "properties": { "hex_id": 759498, "centroid_lon": -71.640575479145127, "centroid_lat": 45.294559389969884, "hours_count": 12.0, "datetimes_affected": "2026-01-05 14:31:44,2026-01-05 14:31:44,2026-01-05 14:31:44,2026-01-05 14:31:44,2026-01-05 14:31:44,2026-01-05 14:31:44" }, "geometry": { "type": "Polygon", "coordinates": [ [ [ -71.63436, 45.29178 ], [ -71.63406, 45.29697 ], [ -71.64027, 45.29975 ], [ -71.64679, 45.29734 ], [ -71.64709, 45.29215 ], [ -71.64088, 45.28937 ], [ -71.63436, 45.29178 ] ] ] } },
{ "type": "Feature", "properties": { "hex_id": 760105, "centroid_lon": -71.637431254597189, "centroid_lat": 45.239897237061179, "hours_count": 12.0, "datetimes_affected": "2026-01-05 14:31:44,2026-01-05 14:31:44,2026-01-05 14:31:44,2026-01-05 14:31:44,2026-01-05 14:31:44,2026-01-05 14:31:44" }, "geometry": { "type": "Polygon", "coordinates": [ [ [ -71.63123, 45.23712 ], [ -71.63092, 45.2423 ], [ -71.63712, 45.24509 ], [ -71.64364, 45.24268 ], [ -71.64394, 45.23749 ], [ -71.63774, 45.23471 ], [ -71.63123, 45.23712 ] ] ] } },
{ "type": "Feature", "properties": { "hex_id": 760106, "centroid_lon": -71.636511772299983, "centroid_lat": 45.255461459066211, "hours_count": 12.0, "datetimes_affected": "2026-01-05 14:31:44,2026-01-05 14:31:44,2026-01-05 14:31:44,2026-01-05 14:31:44,2026-01-05 14:31:44,2026-01-05 14:31:44" }, "geometry": { "type": "Polygon", "coordinates": [ [ [ -71.6303, 45.25268 ], [ -71.63, 45.25787 ], [ -71.63621, 45.26065 ], [ -71.64272, 45.25824 ], [ -71.64303, 45.25305 ], [ -71.63682, 45.25027 ], [ -71.6303, 45.25268 ] ] ] } },
{ "type": "Feature", "properties": { "hex_id": 760107, "centroid_lon": -71.635591539795186, "centroid_lat": 45.271025623812612, "hours_count": 12.0, "datetimes_affected": "2026-01-05 14:31:44,2026-01-05 14:31:44,2026-01-05 14:31:44,2026-01-05 14:31:44,2026-01-05 14:31:44,2026-01-05 14:31:44" }, "geometry": { "type": "Polygon", "coordinates": [ [ [ -71.62938, 45.26824 ], [ -71.62907, 45.27343 ], [ -71.63528, 45.27621 ], [ -71.6418, 45.27381 ], [ -71.64211, 45.26862 ], [ -71.6359, 45.26584 ], [ -71.62938, 45.26824 ] ] ] } },
{ "type": "Feature", "properties": { "hex_id": 760108, "centroid_lon": -71.634670556333788, "centroid_lat": 45.286589731284835, "hours_count": 12.0, "datetimes_affected": "2026-01-05 14:31:44,2026-01-05 14:31:44,2026-01-05 14:31:44,2026-01-05 14:31:44,2026-01-05 14:31:44,2026-01-05 14:31:44" }, "geometry": { "type": "Polygon", "coordinates": [ [ [ -71.62846, 45.28381 ], [ -71.62815, 45.289 ], [ -71.63436, 45.29178 ], [ -71.64088, 45.28937 ], [ -71.64119, 45.28418 ], [ -71.63498, 45.2814 ], [ -71.62846, 45.28381 ] ] ] } },
{ "type": "Feature", "properties": { "hex_id": 760716, "centroid_lon": -71.630611172740501, "centroid_lat": 45.247491678701401, "hours_count": 12.0, "datetimes_affected": "2026-01-05 14:31:44,2026-01-05 14:31:44,2026-01-05 14:31:44,2026-01-05 14:31:44,2026-01-05 14:31:44,2026-01-05 14:31:44" }, "geometry": { "type": "Polygon", "coordinates": [ [ [ -71.6244, 45.24471 ], [ -71.6241, 45.2499 ], [ -71.6303, 45.25268 ], [ -71.63682, 45.25027 ], [ -71.63712, 45.24509 ], [ -71.63092, 45.2423 ], [ -71.6244, 45.24471 ] ] ] } },
{ "type": "Feature", "properties": { "hex_id": 760717, "centroid_lon": -71.629689583748501, "centroid_lat": 45.263055770769576, "hours_count": 12.0, "datetimes_affected": "2026-01-05 14:31:44,2026-01-05 14:31:44,2026-01-05 14:31:44,2026-01-05 14:31:44,2026-01-05 14:31:44,2026-01-05 14:31:44" }, "geometry": { "type": "Polygon", "coordinates": [ [ [ -71.62348, 45.26027 ], [ -71.62317, 45.26546 ], [ -71.62938, 45.26824 ], [ -71.6359, 45.26584 ], [ -71.63621, 45.26065 ], [ -71.63, 45.25787 ], [ -71.62348, 45.26027 ] ] ] } },
{ "type": "Feature", "properties": { "hex_id": 760718, "centroid_lon": -71.628767242768106, "centroid_lat": 45.278619805516499, "hours_count": 12.0, "datetimes_affected": "2026-01-05 14:31:44,2026-01-05 14:31:44,2026-01-05 14:31:44,2026-01-05 14:31:44,2026-01-05 14:31:44,2026-01-05 14:31:44" }, "geometry": { "type": "Polygon", "coordinates": [ [ [ -71.62256, 45.27584 ], [ -71.62225, 45.28103 ], [ -71.62846, 45.28381 ], [ -71.63498, 45.2814 ], [ -71.63528, 45.27621 ], [ -71.62907, 45.27343 ], [ -71.62256, 45.27584 ] ] ] } },
{ "type": "Feature", "properties": { "hex_id": 761328, "centroid_lon": -71.622865537509313, "centroid_lat": 45.270649612920451, "hours_count": 12.0, "datetimes_affected": "2026-01-05 14:31:44,2026-01-05 14:31:44,2026-01-05 14:31:44,2026-01-05 14:31:44,2026-01-05 14:31:44,2026-01-05 14:31:44" }, "geometry": { "type": "Polygon", "coordinates": [ [ [ -71.61666, 45.26787 ], [ -71.61635, 45.27305 ], [ -71.62256, 45.27584 ], [ -71.62907, 45.27343 ], [ -71.62938, 45.26824 ], [ -71.62317, 45.26546 ], [ -71.61666, 45.26787 ] ] ] } },
{ "type": "Feature", "properties": { "hex_id": 761431, "centroid_lon": -71.523545372745318, "centroid_lat": 46.873427443731224, "hours_count": 6.0, "datetimes_affected": "2026-01-04 01:48:42,2026-01-04 01:48:42,2026-01-04 01:48:42,2026-01-04 01:48:42,2026-01-04 01:48:42,2026-01-04 01:48:42" }, "geometry": { "type": "Polygon", "coordinates": [ [ [ -71.51716, 46.87064 ], [ -71.51683, 46.87582 ], [ -71.52321, 46.87861 ], [ -71.52993, 46.87622 ], [ -71.53026, 46.87103 ], [ -71.52388, 46.86824 ], [ -71.51716, 46.87064 ] ] ] } },
{ "type": "Feature", "properties": { "hex_id": 762042, "centroid_lon": -71.516492243820991, "centroid_lat": 46.881007031961431, "hours_count": 6.0, "datetimes_affected": "2026-01-04 01:48:42,2026-01-04 01:48:42,2026-01-04 01:48:42,2026-01-04 01:48:42,2026-01-04 01:48:42,2026-01-04 01:48:42" }, "geometry": { "type": "Polygon", "coordinates": [ [ [ -71.51011, 46.87821 ], [ -71.50977, 46.8834 ], [ -71.51616, 46.88619 ], [ -71.52287, 46.8838 ], [ -71.52321, 46.87861 ], [ -71.51683, 46.87582 ], [ -71.51011, 46.87821 ] ] ] } },
{ "type": "Feature", "properties": { "hex_id": 762652, "centroid_lon": -71.510447185228188, "centroid_lat": 46.873028430859847, "hours_count": 6.0, "datetimes_affected": "2026-01-04 01:48:42,2026-01-04 01:48:42,2026-01-04 01:48:42,2026-01-04 01:48:42,2026-01-04 01:48:42,2026-01-04 01:48:42" }, "geometry": { "type": "Polygon", "coordinates": [ [ [ -71.50407, 46.87024 ], [ -71.50373, 46.87542 ], [ -71.51011, 46.87821 ], [ -71.51683, 46.87582 ], [ -71.51716, 46.87064 ], [ -71.51078, 46.86784 ], [ -71.50407, 46.87024 ] ] ] } },
{ "type": "Feature", "properties": { "hex_id": 763263, "centroid_lon": -71.503392310312279, "centroid_lat": 46.880607162975195, "hours_count": 6.0, "datetimes_affected": "2026-01-04 01:48:42,2026-01-04 01:48:42,2026-01-04 01:48:42,2026-01-04 01:48:42,2026-01-04 01:48:42,2026-01-04 01:48:42" }, "geometry": { "type": "Polygon", "coordinates": [ [ [ -71.49701, 46.87781 ], [ -71.49667, 46.883 ], [ -71.50305, 46.88579 ], [ -71.50977, 46.8834 ], [ -71.51011, 46.87821 ], [ -71.50373, 46.87542 ], [ -71.49701, 46.87781 ] ] ] } },
{ "type": "Feature", "properties": { "hex_id": 763873, "centroid_lon": -71.497349277829827, "centroid_lat": 46.87262792191656, "hours_count": 6.0, "datetimes_affected": "2026-01-04 01:48:42,2026-01-04 01:48:42,2026-01-04 01:48:42,2026-01-04 01:48:42,2026-01-04 01:48:42,2026-01-04 01:48:42" }, "geometry": { "type": "Polygon", "coordinates": [ [ [ -71.49097, 46.86983 ], [ -71.49063, 46.87502 ], [ -71.49701, 46.87781 ], [ -71.50373, 46.87542 ], [ -71.50407, 46.87024 ], [ -71.49769, 46.86744 ], [ -71.49097, 46.86983 ] ] ] } },
{ "type": "Feature", "properties": { "hex_id": 768093, "centroid_lon": -71.505233740949222, "centroid_lat": 46.038843644169162, "hours_count": 30.0, "datetimes_affected": "2026-01-05 14:31:44,2026-01-05 14:31:44,2026-01-05 14:31:44,2026-01-05 14:31:44,2026-01-05 14:31:44,2026-01-05 14:31:44" }, "geometry": { "type": "Polygon", "coordinates": [ [ [ -71.49895, 46.03605 ], [ -71.49862, 46.04124 ], [ -71.50491, 46.04403 ], [ -71.51152, 46.04163 ], [ -71.51185, 46.03645 ], [ -71.50556, 46.03366 ], [ -71.49895, 46.03605 ] ] ] } },
{ "type": "Feature", "properties": { "hex_id": 768649, "centroid_lon": -71.551229542875163, "centroid_lat": 45.190549600797688, "hours_count": 54.0, "datetimes_affected": "2026-01-03 13:44:56,2026-01-03 13:44:56,2026-01-03 13:44:56,2026-01-03 13:44:56,2026-01-03 13:44:56,2026-01-03 13:44:56" }, "geometry": { "type": "Polygon", "coordinates": [ [ [ -71.54503, 45.18776 ], [ -71.54472, 45.19295 ], [ -71.55092, 45.19574 ], [ -71.55743, 45.19334 ], [ -71.55774, 45.18815 ], [ -71.55154, 45.18536 ], [ -71.54503, 45.18776 ] ] ] } },
{ "type": "Feature", "properties": { "hex_id": 768703, "centroid_lon": -71.49927592154414, "centroid_lat": 46.030866095525731, "hours_count": 30.0, "datetimes_affected": "2026-01-05 14:31:44,2026-01-05 14:31:44,2026-01-05 14:31:44,2026-01-05 14:31:44,2026-01-05 14:31:44,2026-01-05 14:31:44" }, "geometry": { "type": "Polygon", "coordinates": [ [ [ -71.49299, 46.02807 ], [ -71.49266, 46.03326 ], [ -71.49895, 46.03605 ], [ -71.50556, 46.03366 ], [ -71.50589, 46.02847 ], [ -71.4996, 46.02568 ], [ -71.49299, 46.02807 ] ] ] } },
{ "type": "Feature", "properties": { "hex_id": 768704, "centroid_lon": -71.498291944494738, "centroid_lat": 46.046425901409364, "hours_count": 30.0, "datetimes_affected": "2026-01-05 14:31:44,2026-01-05 14:31:44,2026-01-05 14:31:44,2026-01-05 14:31:44,2026-01-05 14:31:44,2026-01-05 14:31:44" }, "geometry": { "type": "Polygon", "coordinates": [ [ [ -71.49201, 46.04363 ], [ -71.49168, 46.04882 ], [ -71.49796, 46.05161 ], [ -71.50458, 46.04922 ], [ -71.50491, 46.04403 ], [ -71.49862, 46.04124 ], [ -71.49201, 46.04363 ] ] ] } },
{ "type": "Feature", "properties": { "hex_id": 769259, "centroid_lon": -71.545347319742604, "centroid_lat": 45.182575887929943, "hours_count": 54.0, "datetimes_affected": "2026-01-03 13:44:56,2026-01-03 13:44:56,2026-01-03 13:44:56,2026-01-03 13:44:56,2026-01-03 13:44:56,2026-01-03 13:44:56" }, "geometry": { "type": "Polygon", "coordinates": [ [ [ -71.53915, 45.17979 ], [ -71.53884, 45.18498 ], [ -71.54503, 45.18776 ], [ -71.55154, 45.18536 ], [ -71.55186, 45.18017 ], [ -71.54566, 45.17739 ], [ -71.53915, 45.17979 ] ] ] } },
{ "type": "Feature", "properties": { "hex_id": 769314, "centroid_lon": -71.4923343951167, "centroid_lat": 46.038448004179081, "hours_count": 30.0, "datetimes_affected": "2026-01-05 14:31:44,2026-01-05 14:31:44,2026-01-05 14:31:44,2026-01-05 14:31:44,2026-01-05 14:31:44,2026-01-05 14:31:44" }, "geometry": { "type": "Polygon", "coordinates": [ [ [ -71.48605, 46.03566 ], [ -71.48572, 46.04084 ], [ -71.49201, 46.04363 ], [ -71.49862, 46.04124 ], [ -71.49895, 46.03605 ], [ -71.49266, 46.03326 ], [ -71.48605, 46.03566 ] ] ] } },
{ "type": "Feature", "properties": { "hex_id": 769924, "centroid_lon": -71.486378513983851, "centroid_lat": 46.030469835908171, "hours_count": 30.0, "datetimes_affected": "2026-01-05 14:31:44,2026-01-05 14:31:44,2026-01-05 14:31:44,2026-01-05 14:31:44,2026-01-05 14:31:44,2026-01-05 14:31:44" }, "geometry": { "type": "Polygon", "coordinates": [ [ [ -71.48009, 46.02768 ], [ -71.47977, 46.03286 ], [ -71.48605, 46.03566 ], [ -71.49266, 46.03326 ], [ -71.49299, 46.02807 ], [ -71.48671, 46.02528 ], [ -71.48009, 46.02768 ] ] ] } },
{ "type": "Feature", "properties": { "hex_id": 769925, "centroid_lon": -71.48539092992462, "centroid_lat": 46.046029427814588, "hours_count": 30.0, "datetimes_affected": "2026-01-05 14:31:44,2026-01-05 14:31:44,2026-01-05 14:31:44,2026-01-05 14:31:44,2026-01-05 14:31:44,2026-01-05 14:31:44" }, "geometry": { "type": "Polygon", "coordinates": [ [ [ -71.47911, 46.04324 ], [ -71.47878, 46.04842 ], [ -71.48506, 46.05122 ], [ -71.49168, 46.04882 ], [ -71.49201, 46.04363 ], [ -71.48572, 46.04084 ], [ -71.47911, 46.04324 ] ] ] } },
{ "type": "Feature", "properties": { "hex_id": 770480, "centroid_lon": -71.532642235480665, "centroid_lat": 45.182190408314668, "hours_count": 54.0, "datetimes_affected": "2026-01-03 13:44:56,2026-01-03 13:44:56,2026-01-03 13:44:56,2026-01-03 13:44:56,2026-01-03 13:44:56,2026-01-03 13:44:56" }, "geometry": { "type": "Polygon", "coordinates": [ [ [ -71.52645, 45.1794 ], [ -71.52613, 45.18459 ], [ -71.53233, 45.18738 ], [ -71.53884, 45.18498 ], [ -71.53915, 45.17979 ], [ -71.53296, 45.177 ], [ -71.52645, 45.1794 ] ] ] } },
{ "type": "Feature", "properties": { "hex_id": 770535, "centroid_lon": -71.479435319803571, "centroid_lat": 46.038050911006408, "hours_count": 30.0, "datetimes_affected": "2026-01-05 14:31:44,2026-01-05 14:31:44,2026-01-05 14:31:44,2026-01-05 14:31:44,2026-01-05 14:31:44,2026-01-05 14:31:44" }, "geometry": { "type": "Polygon", "coordinates": [ [ [ -71.47315, 46.03526 ], [ -71.47282, 46.04044 ], [ -71.47911, 46.04324 ], [ -71.48572, 46.04084 ], [ -71.48605, 46.03566 ], [ -71.47977, 46.03286 ], [ -71.47315, 46.03526 ] ] ] } },
{ "type": "Feature", "properties": { "hex_id": 771145, "centroid_lon": -71.473481377297389, "centroid_lat": 46.030072123538396, "hours_count": 30.0, "datetimes_affected": "2026-01-05 14:31:44,2026-01-05 14:31:44,2026-01-05 14:31:44,2026-01-05 14:31:44,2026-01-05 14:31:44,2026-01-05 14:31:44" }, "geometry": { "type": "Polygon", "coordinates": [ [ [ -71.4672, 46.02728 ], [ -71.46687, 46.03247 ], [ -71.47315, 46.03526 ], [ -71.47977, 46.03286 ], [ -71.48009, 46.02768 ], [ -71.47381, 46.02489 ], [ -71.4672, 46.02728 ] ] ] } },
{ "type": "Feature", "properties": { "hex_id": 771146, "centroid_lon": -71.472490186504331, "centroid_lat": 46.045631500686184, "hours_count": 30.0, "datetimes_affected": "2026-01-05 14:31:44,2026-01-05 14:31:44,2026-01-05 14:31:44,2026-01-05 14:31:44,2026-01-05 14:31:44,2026-01-05 14:31:44" }, "geometry": { "type": "Polygon", "coordinates": [ [ [ -71.46621, 46.04284 ], [ -71.46587, 46.04803 ], [ -71.47216, 46.05082 ], [ -71.47878, 46.04842 ], [ -71.47911, 46.04324 ], [ -71.47282, 46.04044 ], [ -71.46621, 46.04284 ] ] ] } },
{ "type": "Feature", "properties": { "hex_id": 771755, "centroid_lon": -71.467529101421732, "centroid_lat": 46.022093065670767, "hours_count": 30.0, "datetimes_affected": "2026-01-05 14:31:44,2026-01-05 14:31:44,2026-01-05 14:31:44,2026-01-05 14:31:44,2026-01-05 14:31:44,2026-01-05 14:31:44" }, "geometry": { "type": "Polygon", "coordinates": [ [ [ -71.46125, 46.0193 ], [ -71.46092, 46.02449 ], [ -71.4672, 46.02728 ], [ -71.47381, 46.02489 ], [ -71.47414, 46.0197 ], [ -71.46786, 46.01691 ], [ -71.46125, 46.0193 ] ] ] } },
{ "type": "Feature", "properties": { "hex_id": 771756, "centroid_lon": -71.466536515994548, "centroid_lat": 46.037652364730661, "hours_count": 30.0, "datetimes_affected": "2026-01-05 14:31:44,2026-01-05 14:31:44,2026-01-05 14:31:44,2026-01-05 14:31:44,2026-01-05 14:31:44,2026-01-05 14:31:44" }, "geometry": { "type": "Polygon", "coordinates": [ [ [ -71.46025, 46.03486 ], [ -71.45992, 46.04005 ], [ -71.46621, 46.04284 ], [ -71.47282, 46.04044 ], [ -71.47315, 46.03526 ], [ -71.46687, 46.03247 ], [ -71.46025, 46.03486 ] ] ] } },
{ "type": "Feature", "properties": { "hex_id": 771757, "centroid_lon": -71.46554311310129, "centroid_lat": 46.053211604617438, "hours_count": 30.0, "datetimes_affected": "2026-01-05 14:31:44,2026-01-05 14:31:44,2026-01-05 14:31:44,2026-01-05 14:31:44,2026-01-05 14:31:44,2026-01-05 14:31:44" }, "geometry": { "type": "Polygon", "coordinates": [ [ [ -71.45926, 46.05042 ], [ -71.45893, 46.0556 ], [ -71.46521, 46.0584 ], [ -71.47183, 46.056 ], [ -71.47216, 46.05082 ], [ -71.46587, 46.04803 ], [ -71.45926, 46.05042 ] ] ] } },
{ "type": "Feature", "properties": { "hex_id": 772366, "centroid_lon": -71.46058451246887, "centroid_lat": 46.029672958496008, "hours_count": 30.0, "datetimes_affected": "2026-01-05 14:31:44,2026-01-05 14:31:44,2026-01-05 14:31:44,2026-01-05 14:31:44,2026-01-05 14:31:44,2026-01-05 14:31:44" }, "geometry": { "type": "Polygon", "coordinates": [ [ [ -71.4543, 46.02688 ], [ -71.45397, 46.03207 ], [ -71.46025, 46.03486 ], [ -71.46687, 46.03247 ], [ -71.4672, 46.02728 ], [ -71.46092, 46.02449 ], [ -71.4543, 46.02688 ] ] ] } },
{ "type": "Feature", "properties": { "hex_id": 772367, "centroid_lon": -71.459589715218982, "centroid_lat": 46.045232120103854, "hours_count": 30.0, "datetimes_affected": "2026-01-05 14:31:44,2026-01-05 14:31:44,2026-01-05 14:31:44,2026-01-05 14:31:44,2026-01-05 14:31:44,2026-01-05 14:31:44" }, "geometry": { "type": "Polygon", "coordinates": [ [ [ -71.45331, 46.04244 ], [ -71.45297, 46.04763 ], [ -71.45926, 46.05042 ], [ -71.46587, 46.04803 ], [ -71.46621, 46.04284 ], [ -71.45992, 46.04005 ], [ -71.45331, 46.04244 ] ] ] } },
{ "type": "Feature", "properties": { "hex_id": 772976, "centroid_lon": -71.454634174943081, "centroid_lat": 46.021693282242332, "hours_count": 30.0, "datetimes_affected": "2026-01-05 14:31:44,2026-01-05 14:31:44,2026-01-05 14:31:44,2026-01-05 14:31:44,2026-01-05 14:31:44,2026-01-05 14:31:44" }, "geometry": { "type": "Polygon", "coordinates": [ [ [ -71.44835, 46.0189 ], [ -71.44802, 46.02409 ], [ -71.4543, 46.02688 ], [ -71.46092, 46.02449 ], [ -71.46125, 46.0193 ], [ -71.45497, 46.01651 ], [ -71.44835, 46.0189 ] ] ] } },
{ "type": "Feature", "properties": { "hex_id": 772977, "centroid_lon": -71.453637984674188, "centroid_lat": 46.037252365431634, "hours_count": 30.0, "datetimes_affected": "2026-01-05 14:31:44,2026-01-05 14:31:44,2026-01-05 14:31:44,2026-01-05 14:31:44,2026-01-05 14:31:44,2026-01-05 14:31:44" }, "geometry": { "type": "Polygon", "coordinates": [ [ [ -71.44736, 46.03446 ], [ -71.44702, 46.03965 ], [ -71.45331, 46.04244 ], [ -71.45992, 46.04005 ], [ -71.46025, 46.03486 ], [ -71.45397, 46.03207 ], [ -71.44736, 46.03446 ] ] ] } },
{ "type": "Feature", "properties": { "hex_id": 772978, "centroid_lon": -71.45264097398595, "centroid_lat": 46.052811389327779, "hours_count": 30.0, "datetimes_affected": "2026-01-05 14:31:44,2026-01-05 14:31:44,2026-01-05 14:31:44,2026-01-05 14:31:44,2026-01-05 14:31:44,2026-01-05 14:31:44" }, "geometry": { "type": "Polygon", "coordinates": [ [ [ -71.44636, 46.05002 ], [ -71.44602, 46.0552 ], [ -71.45231, 46.058 ], [ -71.45893, 46.0556 ], [ -71.45926, 46.05042 ], [ -71.45297, 46.04763 ], [ -71.44636, 46.05002 ] ] ] } },
{ "type": "Feature", "properties": { "hex_id": 773587, "centroid_lon": -71.447687920482295, "centroid_lat": 46.029272340860921, "hours_count": 30.0, "datetimes_affected": "2026-01-05 14:31:44,2026-01-05 14:31:44,2026-01-05 14:31:44,2026-01-05 14:31:44,2026-01-05 14:31:44,2026-01-05 14:31:44" }, "geometry": { "type": "Polygon", "coordinates": [ [ [ -71.44141, 46.02648 ], [ -71.44107, 46.03166 ], [ -71.44736, 46.03446 ], [ -71.45397, 46.03207 ], [ -71.4543, 46.02688 ], [ -71.44802, 46.02409 ], [ -71.44141, 46.02648 ] ] ] } },
{ "type": "Feature", "properties": { "hex_id": 773588, "centroid_lon": -71.446689517053528, "centroid_lat": 46.044831286147549, "hours_count": 30.0, "datetimes_affected": "2026-01-05 14:31:44,2026-01-05 14:31:44,2026-01-05 14:31:44,2026-01-05 14:31:44,2026-01-05 14:31:44,2026-01-05 14:31:44" }, "geometry": { "type": "Polygon", "coordinates": [ [ [ -71.44041, 46.04204 ], [ -71.44007, 46.04722 ], [ -71.44636, 46.05002 ], [ -71.45297, 46.04763 ], [ -71.45331, 46.04244 ], [ -71.44702, 46.03965 ], [ -71.44041, 46.04204 ] ] ] } },
{ "type": "Feature", "properties": { "hex_id": 774198, "centroid_lon": -71.440739726826891, "centroid_lat": 46.036850913189404, "hours_count": 30.0, "datetimes_affected": "2026-01-05 14:31:44,2026-01-05 14:31:44,2026-01-05 14:31:44,2026-01-05 14:31:44,2026-01-05 14:31:44,2026-01-05 14:31:44" }, "geometry": { "type": "Polygon", "coordinates": [ [ [ -71.43446, 46.03406 ], [ -71.43412, 46.03924 ], [ -71.44041, 46.04204 ], [ -71.44702, 46.03965 ], [ -71.44736, 46.03446 ], [ -71.44107, 46.03166 ], [ -71.43446, 46.03406 ] ] ] } },
{ "type": "Feature", "properties": { "hex_id": 774199, "centroid_lon": -71.439739108622362, "centroid_lat": 46.052409720313491, "hours_count": 30.0, "datetimes_affected": "2026-01-05 14:31:44,2026-01-05 14:31:44,2026-01-05 14:31:44,2026-01-05 14:31:44,2026-01-05 14:31:44,2026-01-05 14:31:44" }, "geometry": { "type": "Polygon", "coordinates": [ [ [ -71.43346, 46.04962 ], [ -71.43312, 46.0548 ], [ -71.43941, 46.0576 ], [ -71.44602, 46.0552 ], [ -71.44636, 46.05002 ], [ -71.44007, 46.04722 ], [ -71.43346, 46.04962 ] ] ] } },
{ "type": "Feature", "properties": { "hex_id": 777300, "centroid_lon": -71.357503699947557, "centroid_lat": 46.805902837634463, "hours_count": 24.0, "datetimes_affected": "2026-01-06 09:39:11,2026-01-06 09:39:11,2026-01-06 09:39:11,2026-01-06 09:39:11,2026-01-06 09:39:11,2026-01-06 09:39:11" }, "geometry": { "type": "Polygon", "coordinates": [ [ [ -71.35114, 46.8031 ], [ -71.35079, 46.80829 ], [ -71.35715, 46.81109 ], [ -71.36387, 46.8087 ], [ -71.36422, 46.80352 ], [ -71.35785, 46.80072 ], [ -71.35114, 46.8031 ] ] ] } },
{ "type": "Feature", "properties": { "hex_id": 777910, "centroid_lon": -71.351490484451233, "centroid_lat": 46.797916640302439, "hours_count": 24.0, "datetimes_affected": "2026-01-06 09:39:11,2026-01-06 09:39:11,2026-01-06 09:39:11,2026-01-06 09:39:11,2026-01-06 09:39:11,2026-01-06 09:39:11" }, "geometry": { "type": "Polygon", "coordinates": [ [ [ -71.34513, 46.79512 ], [ -71.34478, 46.8003 ], [ -71.35114, 46.8031 ], [ -71.35785, 46.80072 ], [ -71.3582, 46.79553 ], [ -71.35184, 46.79273 ], [ -71.34513, 46.79512 ] ] ] } },
{ "type": "Feature", "properties": { "hex_id": 778521, "centroid_lon": -71.344424279531523, "centroid_lat": 46.805485285960174, "hours_count": 24.0, "datetimes_affected": "2026-01-06 09:39:11,2026-01-06 09:39:11,2026-01-06 09:39:11,2026-01-06 09:39:11,2026-01-06 09:39:11,2026-01-06 09:39:11" }, "geometry": { "type": "Polygon", "coordinates": [ [ [ -71.33806, 46.80268 ], [ -71.33771, 46.80787 ], [ -71.34407, 46.81067 ], [ -71.35079, 46.80829 ], [ -71.35114, 46.8031 ], [ -71.34478, 46.8003 ], [ -71.33806, 46.80268 ] ] ] } },
{ "type": "Feature", "properties": { "hex_id": 780449, "centroid_lon": -71.21819089859892, "centroid_lat": 48.305602677807279, "hours_count": 6.0, "datetimes_affected": "2026-01-04 01:48:42,2026-01-04 01:48:42,2026-01-04 01:48:42,2026-01-04 01:48:42,2026-01-04 01:48:42,2026-01-04 01:48:42" }, "geometry": { "type": "Polygon", "coordinates": [ [ [ -71.21165, 48.30279 ], [ -71.21127, 48.30797 ], [ -71.21781, 48.31079 ], [ -71.22473, 48.30842 ], [ -71.22511, 48.30323 ], [ -71.21857, 48.30042 ], [ -71.21165, 48.30279 ] ] ] } },
{ "type": "Feature", "properties": { "hex_id": 780878, "centroid_lon": -71.405492705737885, "centroid_lat": 45.482283333960602, "hours_count": 6.0, "datetimes_affected": "2026-01-04 01:48:42,2026-01-04 01:48:42,2026-01-04 01:48:42,2026-01-04 01:48:42,2026-01-04 01:48:42,2026-01-04 01:48:42" }, "geometry": { "type": "Polygon", "coordinates": [ [ [ -71.39927, 45.47949 ], [ -71.39894, 45.48468 ], [ -71.40516, 45.48747 ], [ -71.41171, 45.48508 ], [ -71.41204, 45.47989 ], [ -71.40582, 45.4771 ], [ -71.39927, 45.47949 ] ] ] } },
{ "type": "Feature", "properties": { "hex_id": 780879, "centroid_lon": -71.404501542364159, "centroid_lat": 45.497843056768176, "hours_count": 6.0, "datetimes_affected": "2026-01-04 01:48:42,2026-01-04 01:48:42,2026-01-04 01:48:42,2026-01-04 01:48:42,2026-01-04 01:48:42,2026-01-04 01:48:42" }, "geometry": { "type": "Polygon", "coordinates": [ [ [ -71.39828, 45.49505 ], [ -71.39795, 45.50023 ], [ -71.40417, 45.50303 ], [ -71.41072, 45.50064 ], [ -71.41105, 45.49545 ], [ -71.40483, 45.49266 ], [ -71.39828, 45.49505 ] ] ] } },
{ "type": "Feature", "properties": { "hex_id": 781059, "centroid_lon": -71.212038985800405, "centroid_lat": 48.297606599398222, "hours_count": 6.0, "datetimes_affected": "2026-01-04 01:48:42,2026-01-04 01:48:42,2026-01-04 01:48:42,2026-01-04 01:48:42,2026-01-04 01:48:42,2026-01-04 01:48:42" }, "geometry": { "type": "Polygon", "coordinates": [ [ [ -71.2055, 48.29479 ], [ -71.20512, 48.29998 ], [ -71.21165, 48.30279 ], [ -71.21857, 48.30042 ], [ -71.21896, 48.29524 ], [ -71.21242, 48.29242 ], [ -71.2055, 48.29479 ] ] ] } },
{ "type": "Feature", "properties": { "hex_id": 781489, "centroid_lon": -71.398611143961176, "centroid_lat": 45.489861777778117, "hours_count": 6.0, "datetimes_affected": "2026-01-04 01:48:42,2026-01-04 01:48:42,2026-01-04 01:48:42,2026-01-04 01:48:42,2026-01-04 01:48:42,2026-01-04 01:48:42" }, "geometry": { "type": "Polygon", "coordinates": [ [ [ -71.39239, 45.48707 ], [ -71.39206, 45.49225 ], [ -71.39828, 45.49505 ], [ -71.40483, 45.49266 ], [ -71.40516, 45.48747 ], [ -71.39894, 45.48468 ], [ -71.39239, 45.48707 ] ] ] } },
{ "type": "Feature", "properties": { "hex_id": 781490, "centroid_lon": -71.397617823159095, "centroid_lat": 45.505421362145086, "hours_count": 6.0, "datetimes_affected": "2026-01-04 01:48:42,2026-01-04 01:48:42,2026-01-04 01:48:42,2026-01-04 01:48:42,2026-01-04 01:48:42,2026-01-04 01:48:42" }, "geometry": { "type": "Polygon", "coordinates": [ [ [ -71.3914, 45.50263 ], [ -71.39106, 45.50781 ], [ -71.39729, 45.51061 ], [ -71.40384, 45.50822 ], [ -71.40417, 45.50303 ], [ -71.39795, 45.50023 ], [ -71.3914, 45.50263 ] ] ] } },
{ "type": "Feature", "properties": { "hex_id": 781491, "centroid_lon": -71.396623689696042, "centroid_lat": 45.52098088698186, "hours_count": 6.0, "datetimes_affected": "2026-01-04 01:48:42,2026-01-04 01:48:42,2026-01-04 01:48:42,2026-01-04 01:48:42,2026-01-04 01:48:42,2026-01-04 01:48:42" }, "geometry": { "type": "Polygon", "coordinates": [ [ [ -71.3904, 45.51819 ], [ -71.39007, 45.52337 ], [ -71.39629, 45.52617 ], [ -71.40285, 45.52378 ], [ -71.40318, 45.51859 ], [ -71.39696, 45.51579 ], [ -71.3904, 45.51819 ] ] ] } },
{ "type": "Feature", "properties": { "hex_id": 781492, "centroid_lon": -71.395628742755605, "centroid_lat": 45.536540352270521, "hours_count": 6.0, "datetimes_affected": "2026-01-04 01:48:42,2026-01-04 01:48:42,2026-01-04 01:48:42,2026-01-04 01:48:42,2026-01-04 01:48:42,2026-01-04 01:48:42" }, "geometry": { "type": "Polygon", "coordinates": [ [ [ -71.3894, 45.53375 ], [ -71.38907, 45.53893 ], [ -71.3953, 45.54173 ], [ -71.40185, 45.53934 ], [ -71.40219, 45.53415 ], [ -71.39596, 45.53135 ], [ -71.3894, 45.53375 ] ] ] } },
{ "type": "Feature", "properties": { "hex_id": 781670, "centroid_lon": -71.204734994381568, "centroid_lat": 48.30515879966913, "hours_count": 6.0, "datetimes_affected": "2026-01-04 01:48:42,2026-01-04 01:48:42,2026-01-04 01:48:42,2026-01-04 01:48:42,2026-01-04 01:48:42,2026-01-04 01:48:42" }, "geometry": { "type": "Polygon", "coordinates": [ [ [ -71.1982, 48.30234 ], [ -71.19781, 48.30753 ], [ -71.20435, 48.31034 ], [ -71.21127, 48.30797 ], [ -71.21165, 48.30279 ], [ -71.20512, 48.29998 ], [ -71.1982, 48.30234 ] ] ] } },
{ "type": "Feature", "properties": { "hex_id": 782100, "centroid_lon": -71.391727695507129, "centroid_lat": 45.497439741611998, "hours_count": 6.0, "datetimes_affected": "2026-01-04 01:48:42,2026-01-04 01:48:42,2026-01-04 01:48:42,2026-01-04 01:48:42,2026-01-04 01:48:42,2026-01-04 01:48:42" }, "geometry": { "type": "Polygon", "coordinates": [ [ [ -71.38551, 45.49464 ], [ -71.38517, 45.49983 ], [ -71.3914, 45.50263 ], [ -71.39795, 45.50023 ], [ -71.39828, 45.49505 ], [ -71.39206, 45.49225 ], [ -71.38551, 45.49464 ] ] ] } },
{ "type": "Feature", "properties": { "hex_id": 782101, "centroid_lon": -71.390732215715772, "centroid_lat": 45.512999187283029, "hours_count": 6.0, "datetimes_affected": "2026-01-04 01:48:42,2026-01-04 01:48:42,2026-01-04 01:48:42,2026-01-04 01:48:42,2026-01-04 01:48:42,2026-01-04 01:48:42" }, "geometry": { "type": "Polygon", "coordinates": [ [ [ -71.38451, 45.5102 ], [ -71.38418, 45.51539 ], [ -71.3904, 45.51819 ], [ -71.39696, 45.51579 ], [ -71.39729, 45.51061 ], [ -71.39106, 45.50781 ], [ -71.38451, 45.5102 ] ] ] } },
{ "type": "Feature", "properties": { "hex_id": 782102, "centroid_lon": -71.389735921428993, "centroid_lat": 45.528558573355475, "hours_count": 6.0, "datetimes_affected": "2026-01-04 01:48:42,2026-01-04 01:48:42,2026-01-04 01:48:42,2026-01-04 01:48:42,2026-01-04 01:48:42,2026-01-04 01:48:42" }, "geometry": { "type": "Polygon", "coordinates": [ [ [ -71.38351, 45.52576 ], [ -71.38318, 45.53095 ], [ -71.3894, 45.53375 ], [ -71.39596, 45.53135 ], [ -71.39629, 45.52617 ], [ -71.39007, 45.52337 ], [ -71.38351, 45.52576 ] ] ] } },
{ "type": "Feature", "properties": { "hex_id": 782103, "centroid_lon": -71.388738811828333, "centroid_lat": 45.544117899811368, "hours_count": 6.0, "datetimes_affected": "2026-01-04 01:48:42,2026-01-04 01:48:42,2026-01-04 01:48:42,2026-01-04 01:48:42,2026-01-04 01:48:42,2026-01-04 01:48:42" }, "geometry": { "type": "Polygon", "coordinates": [ [ [ -71.38251, 45.54132 ], [ -71.38218, 45.54651 ], [ -71.38841, 45.5493 ], [ -71.39496, 45.54691 ], [ -71.3953, 45.54173 ], [ -71.38907, 45.53893 ], [ -71.38251, 45.54132 ] ] ] } },
{ "type": "Feature", "properties": { "hex_id": 782280, "centroid_lon": -71.198585278892836, "centroid_lat": 48.29716205631447, "hours_count": 6.0, "datetimes_affected": "2026-01-04 01:48:42,2026-01-04 01:48:42,2026-01-04 01:48:42,2026-01-04 01:48:42,2026-01-04 01:48:42,2026-01-04 01:48:42" }, "geometry": { "type": "Polygon", "coordinates": [ [ [ -71.19205, 48.29435 ], [ -71.19167, 48.29953 ], [ -71.1982, 48.30234 ], [ -71.20512, 48.29998 ], [ -71.2055, 48.29479 ], [ -71.19897, 48.29198 ], [ -71.19205, 48.29435 ] ] ] } },
{ "type": "Feature", "properties": { "hex_id": 782710, "centroid_lon": -71.385839184256241, "centroid_lat": 45.489457858769441, "hours_count": 6.0, "datetimes_affected": "2026-01-04 01:48:42,2026-01-04 01:48:42,2026-01-04 01:48:42,2026-01-04 01:48:42,2026-01-04 01:48:42,2026-01-04 01:48:42" }, "geometry": { "type": "Polygon", "coordinates": [ [ [ -71.37962, 45.48666 ], [ -71.37929, 45.49185 ], [ -71.38551, 45.49464 ], [ -71.39206, 45.49225 ], [ -71.39239, 45.48707 ], [ -71.38617, 45.48427 ], [ -71.37962, 45.48666 ] ] ] } },
{ "type": "Feature", "properties": { "hex_id": 782711, "centroid_lon": -71.384842359426003, "centroid_lat": 45.505017225138161, "hours_count": 6.0, "datetimes_affected": "2026-01-04 01:48:42,2026-01-04 01:48:42,2026-01-04 01:48:42,2026-01-04 01:48:42,2026-01-04 01:48:42,2026-01-04 01:48:42" }, "geometry": { "type": "Polygon", "coordinates": [ [ [ -71.37862, 45.50222 ], [ -71.37829, 45.50741 ], [ -71.38451, 45.5102 ], [ -71.39106, 45.50781 ], [ -71.3914, 45.50263 ], [ -71.38517, 45.49983 ], [ -71.37862, 45.50222 ] ] ] } },
{ "type": "Feature", "properties": { "hex_id": 782712, "centroid_lon": -71.383844719083527, "centroid_lat": 45.520576531857735, "hours_count": 6.0, "datetimes_affected": "2026-01-04 01:48:42,2026-01-04 01:48:42,2026-01-04 01:48:42,2026-01-04 01:48:42,2026-01-04 01:48:42,2026-01-04 01:48:42" }, "geometry": { "type": "Polygon", "coordinates": [ [ [ -71.37762, 45.51778 ], [ -71.37729, 45.52297 ], [ -71.38351, 45.52576 ], [ -71.39007, 45.52337 ], [ -71.3904, 45.51819 ], [ -71.38418, 45.51539 ], [ -71.37762, 45.51778 ] ] ] } },
{ "type": "Feature", "properties": { "hex_id": 782713, "centroid_lon": -71.382846262409529, "centroid_lat": 45.53613577891015, "hours_count": 6.0, "datetimes_affected": "2026-01-04 01:48:42,2026-01-04 01:48:42,2026-01-04 01:48:42,2026-01-04 01:48:42,2026-01-04 01:48:42,2026-01-04 01:48:42" }, "geometry": { "type": "Polygon", "coordinates": [ [ [ -71.37662, 45.53334 ], [ -71.37629, 45.53853 ], [ -71.38251, 45.54132 ], [ -71.38907, 45.53893 ], [ -71.3894, 45.53375 ], [ -71.38318, 45.53095 ], [ -71.37662, 45.53334 ] ] ] } },
{ "type": "Feature", "properties": { "hex_id": 782891, "centroid_lon": -71.191279416949385, "centroid_lat": 48.30471335035601, "hours_count": 6.0, "datetimes_affected": "2026-01-04 01:48:42,2026-01-04 01:48:42,2026-01-04 01:48:42,2026-01-04 01:48:42,2026-01-04 01:48:42,2026-01-04 01:48:42" }, "geometry": { "type": "Polygon", "coordinates": [ [ [ -71.18475, 48.3019 ], [ -71.18436, 48.30708 ], [ -71.19089, 48.3099 ], [ -71.19781, 48.30753 ], [ -71.1982, 48.30234 ], [ -71.19167, 48.29953 ], [ -71.18475, 48.3019 ] ] ] } },
{ "type": "Feature", "properties": { "hex_id": 783321, "centroid_lon": -71.378954119876099, "centroid_lat": 45.497035000802214, "hours_count": 6.0, "datetimes_affected": "2026-01-04 01:48:42,2026-01-04 01:48:42,2026-01-04 01:48:42,2026-01-04 01:48:42,2026-01-04 01:48:42,2026-01-04 01:48:42" }, "geometry": { "type": "Polygon", "coordinates": [ [ [ -71.37273, 45.49424 ], [ -71.3724, 45.49943 ], [ -71.37862, 45.50222 ], [ -71.38517, 45.49983 ], [ -71.38551, 45.49464 ], [ -71.37929, 45.49185 ], [ -71.37273, 45.49424 ] ] ] } },
{ "type": "Feature", "properties": { "hex_id": 783322, "centroid_lon": -71.377955134767646, "centroid_lat": 45.512594228032405, "hours_count": 6.0, "datetimes_affected": "2026-01-04 01:48:42,2026-01-04 01:48:42,2026-01-04 01:48:42,2026-01-04 01:48:42,2026-01-04 01:48:42,2026-01-04 01:48:42" }, "geometry": { "type": "Polygon", "coordinates": [ [ [ -71.37173, 45.5098 ], [ -71.3714, 45.51498 ], [ -71.37762, 45.51778 ], [ -71.38418, 45.51539 ], [ -71.38451, 45.5102 ], [ -71.37829, 45.50741 ], [ -71.37173, 45.5098 ] ] ] } },
{ "type": "Feature", "properties": { "hex_id": 783323, "centroid_lon": -71.37695533231124, "centroid_lat": 45.52815339554477, "hours_count": 6.0, "datetimes_affected": "2026-01-04 01:48:42,2026-01-04 01:48:42,2026-01-04 01:48:42,2026-01-04 01:48:42,2026-01-04 01:48:42,2026-01-04 01:48:42" }, "geometry": { "type": "Polygon", "coordinates": [ [ [ -71.37073, 45.52536 ], [ -71.3704, 45.53054 ], [ -71.37662, 45.53334 ], [ -71.38318, 45.53095 ], [ -71.38351, 45.52576 ], [ -71.37729, 45.52297 ], [ -71.37073, 45.52536 ] ] ] } },
{ "type": "Feature", "properties": { "hex_id": 783501, "centroid_lon": -71.185131899165683, "centroid_lat": 48.296715942527456, "hours_count": 6.0, "datetimes_affected": "2026-01-04 01:48:42,2026-01-04 01:48:42,2026-01-04 01:48:42,2026-01-04 01:48:42,2026-01-04 01:48:42,2026-01-04 01:48:42" }, "geometry": { "type": "Polygon", "coordinates": [ [ [ -71.1786, 48.2939 ], [ -71.17821, 48.29908 ], [ -71.18475, 48.3019 ], [ -71.19167, 48.29953 ], [ -71.19205, 48.29435 ], [ -71.18552, 48.29153 ], [ -71.1786, 48.2939 ] ] ] } },
{ "type": "Feature", "properties": { "hex_id": 783932, "centroid_lon": -71.372067167530275, "centroid_lat": 45.50461166213443, "hours_count": 6.0, "datetimes_affected": "2026-01-04 01:48:42,2026-01-04 01:48:42,2026-01-04 01:48:42,2026-01-04 01:48:42,2026-01-04 01:48:42,2026-01-04 01:48:42" }, "geometry": { "type": "Polygon", "coordinates": [ [ [ -71.36585, 45.50182 ], [ -71.36551, 45.507 ], [ -71.37173, 45.5098 ], [ -71.37829, 45.50741 ], [ -71.37862, 45.50222 ], [ -71.3724, 45.49943 ], [ -71.36585, 45.50182 ] ] ] } },
{ "type": "Feature", "properties": { "hex_id": 783933, "centroid_lon": -71.371066020581466, "centroid_lat": 45.520170749970326, "hours_count": 6.0, "datetimes_affected": "2026-01-04 01:48:42,2026-01-04 01:48:42,2026-01-04 01:48:42,2026-01-04 01:48:42,2026-01-04 01:48:42,2026-01-04 01:48:42" }, "geometry": { "type": "Polygon", "coordinates": [ [ [ -71.36484, 45.51737 ], [ -71.36451, 45.52256 ], [ -71.37073, 45.52536 ], [ -71.37729, 45.52297 ], [ -71.37762, 45.51778 ], [ -71.3714, 45.51498 ], [ -71.36484, 45.51737 ] ] ] } },
{ "type": "Feature", "properties": { "hex_id": 783934, "centroid_lon": -71.370064054447411, "centroid_lat": 45.535729778019572, "hours_count": 6.0, "datetimes_affected": "2026-01-04 01:48:42,2026-01-04 01:48:42,2026-01-04 01:48:42,2026-01-04 01:48:42,2026-01-04 01:48:42,2026-01-04 01:48:42" }, "geometry": { "type": "Polygon", "coordinates": [ [ [ -71.36384, 45.53293 ], [ -71.36351, 45.53812 ], [ -71.36973, 45.54092 ], [ -71.37629, 45.53853 ], [ -71.37662, 45.53334 ], [ -71.3704, 45.53054 ], [ -71.36384, 45.53293 ] ] ] } },
{ "type": "Feature", "properties": { "hex_id": 784112, "centroid_lon": -71.177824167446801, "centroid_lat": 48.304266329963021, "hours_count": 6.0, "datetimes_affected": "2026-01-04 01:48:42,2026-01-04 01:48:42,2026-01-04 01:48:42,2026-01-04 01:48:42,2026-01-04 01:48:42,2026-01-04 01:48:42" }, "geometry": { "type": "Polygon", "coordinates": [ [ [ -71.17129, 48.30145 ], [ -71.1709, 48.30663 ], [ -71.17744, 48.30945 ], [ -71.18436, 48.30708 ], [ -71.18475, 48.3019 ], [ -71.17821, 48.29908 ], [ -71.17129, 48.30145 ] ] ] } },
{ "type": "Feature", "properties": { "hex_id": 784542, "centroid_lon": -71.36618081642095, "centroid_lat": 45.496628834418686, "hours_count": 6.0, "datetimes_affected": "2026-01-04 01:48:42,2026-01-04 01:48:42,2026-01-04 01:48:42,2026-01-04 01:48:42,2026-01-04 01:48:42,2026-01-04 01:48:42" }, "geometry": { "type": "Polygon", "coordinates": [ [ [ -71.35996, 45.49383 ], [ -71.35963, 45.49902 ], [ -71.36585, 45.50182 ], [ -71.3724, 45.49943 ], [ -71.37273, 45.49424 ], [ -71.36651, 45.49144 ], [ -71.35996, 45.49383 ] ] ] } },
{ "type": "Feature", "properties": { "hex_id": 784543, "centroid_lon": -71.365178326268762, "centroid_lat": 45.512187842441762, "hours_count": 6.0, "datetimes_affected": "2026-01-04 01:48:42,2026-01-04 01:48:42,2026-01-04 01:48:42,2026-01-04 01:48:42,2026-01-04 01:48:42,2026-01-04 01:48:42" }, "geometry": { "type": "Polygon", "coordinates": [ [ [ -71.35896, 45.50939 ], [ -71.35862, 45.51458 ], [ -71.36484, 45.51737 ], [ -71.3714, 45.51498 ], [ -71.37173, 45.5098 ], [ -71.36551, 45.507 ], [ -71.35896, 45.50939 ] ] ] } },
{ "type": "Feature", "properties": { "hex_id": 784544, "centroid_lon": -71.364175015916516, "centroid_lat": 45.527746790627418, "hours_count": 6.0, "datetimes_affected": "2026-01-04 01:48:42,2026-01-04 01:48:42,2026-01-04 01:48:42,2026-01-04 01:48:42,2026-01-04 01:48:42,2026-01-04 01:48:42" }, "geometry": { "type": "Polygon", "coordinates": [ [ [ -71.35795, 45.52495 ], [ -71.35762, 45.53014 ], [ -71.36384, 45.53293 ], [ -71.3704, 45.53054 ], [ -71.37073, 45.52536 ], [ -71.36451, 45.52256 ], [ -71.35795, 45.52495 ] ] ] } },
{ "type": "Feature", "properties": { "hex_id": 784722, "centroid_lon": -71.171678847762678, "centroid_lat": 48.296268258132407, "hours_count": 6.0, "datetimes_affected": "2026-01-04 01:48:42,2026-01-04 01:48:42,2026-01-04 01:48:42,2026-01-04 01:48:42,2026-01-04 01:48:42,2026-01-04 01:48:42" }, "geometry": { "type": "Polygon", "coordinates": [ [ [ -71.16515, 48.29345 ], [ -71.16476, 48.29864 ], [ -71.17129, 48.30145 ], [ -71.17821, 48.29908 ], [ -71.1786, 48.2939 ], [ -71.17207, 48.29109 ], [ -71.16515, 48.29345 ] ] ] } },
{ "type": "Feature", "properties": { "hex_id": 785153, "centroid_lon": -71.359292248422221, "centroid_lat": 45.504204673213934, "hours_count": 6.0, "datetimes_affected": "2026-01-04 01:48:42,2026-01-04 01:48:42,2026-01-04 01:48:42,2026-01-04 01:48:42,2026-01-04 01:48:42,2026-01-04 01:48:42" }, "geometry": { "type": "Polygon", "coordinates": [ [ [ -71.35307, 45.50141 ], [ -71.35274, 45.50659 ], [ -71.35896, 45.50939 ], [ -71.36551, 45.507 ], [ -71.36585, 45.50182 ], [ -71.35963, 45.49902 ], [ -71.35307, 45.50141 ] ] ] } },
{ "type": "Feature", "properties": { "hex_id": 785154, "centroid_lon": -71.358287595141107, "centroid_lat": 45.519763541399719, "hours_count": 6.0, "datetimes_affected": "2026-01-04 01:48:42,2026-01-04 01:48:42,2026-01-04 01:48:42,2026-01-04 01:48:42,2026-01-04 01:48:42,2026-01-04 01:48:42" }, "geometry": { "type": "Polygon", "coordinates": [ [ [ -71.35207, 45.51697 ], [ -71.35173, 45.52215 ], [ -71.35795, 45.52495 ], [ -71.36451, 45.52256 ], [ -71.36484, 45.51737 ], [ -71.35862, 45.51458 ], [ -71.35207, 45.51697 ] ] ] } },
{ "type": "Feature", "properties": { "hex_id": 785155, "centroid_lon": -71.357282119821406, "centroid_lat": 45.535322349678978, "hours_count": 6.0, "datetimes_affected": "2026-01-04 01:48:42,2026-01-04 01:48:42,2026-01-04 01:48:42,2026-01-04 01:48:42,2026-01-04 01:48:42,2026-01-04 01:48:42" }, "geometry": { "type": "Polygon", "coordinates": [ [ [ -71.35106, 45.53252 ], [ -71.35072, 45.53771 ], [ -71.35695, 45.54051 ], [ -71.36351, 45.53812 ], [ -71.36384, 45.53293 ], [ -71.35762, 45.53014 ], [ -71.35106, 45.53252 ] ] ] } },
{ "type": "Feature", "properties": { "hex_id": 785239, "centroid_lon": -71.269800411983795, "centroid_lat": 46.842046477619455, "hours_count": 90.0, "datetimes_affected": "2026-01-03 09:32:54,2026-01-03 09:32:54,2026-01-03 09:32:54,2026-01-03 09:32:54,2026-01-03 09:32:54,2026-01-03 09:32:54" }, "geometry": { "type": "Polygon", "coordinates": [ [ [ -71.26344, 46.83924 ], [ -71.26308, 46.84443 ], [ -71.26944, 46.84723 ], [ -71.27616, 46.84485 ], [ -71.27652, 46.83967 ], [ -71.27016, 46.83686 ], [ -71.26344, 46.83924 ] ] ] } },
{ "type": "Feature", "properties": { "hex_id": 785764, "centroid_lon": -71.352401791169868, "centroid_lat": 45.511780030591332, "hours_count": 6.0, "datetimes_affected": "2026-01-04 01:48:42,2026-01-04 01:48:42,2026-01-04 01:48:42,2026-01-04 01:48:42,2026-01-04 01:48:42,2026-01-04 01:48:42" }, "geometry": { "type": "Polygon", "coordinates": [ [ [ -71.34618, 45.50898 ], [ -71.34585, 45.51417 ], [ -71.35207, 45.51697 ], [ -71.35862, 45.51458 ], [ -71.35896, 45.50939 ], [ -71.35274, 45.50659 ], [ -71.34618, 45.50898 ] ] ] } },
{ "type": "Feature", "properties": { "hex_id": 785765, "centroid_lon": -71.351394973196463, "centroid_lat": 45.527338758683676, "hours_count": 6.0, "datetimes_affected": "2026-01-04 01:48:42,2026-01-04 01:48:42,2026-01-04 01:48:42,2026-01-04 01:48:42,2026-01-04 01:48:42,2026-01-04 01:48:42" }, "geometry": { "type": "Polygon", "coordinates": [ [ [ -71.34517, 45.52454 ], [ -71.34484, 45.52973 ], [ -71.35106, 45.53252 ], [ -71.35762, 45.53014 ], [ -71.35795, 45.52495 ], [ -71.35173, 45.52215 ], [ -71.34517, 45.52454 ] ] ] } },
{ "type": "Feature", "properties": { "hex_id": 785850, "centroid_lon": -71.262716853595848, "centroid_lat": 46.849609526071333, "hours_count": 90.0, "datetimes_affected": "2026-01-03 09:32:54,2026-01-03 09:32:54,2026-01-03 09:32:54,2026-01-03 09:32:54,2026-01-03 09:32:54,2026-01-03 09:32:54" }, "geometry": { "type": "Polygon", "coordinates": [ [ [ -71.25635, 46.8468 ], [ -71.25599, 46.85199 ], [ -71.26236, 46.85479 ], [ -71.26908, 46.85242 ], [ -71.26944, 46.84723 ], [ -71.26308, 46.84443 ], [ -71.25635, 46.8468 ] ] ] } },
{ "type": "Feature", "properties": { "hex_id": 786374, "centroid_lon": -71.346517603051993, "centroid_lat": 45.503796258456951, "hours_count": 6.0, "datetimes_affected": "2026-01-04 01:48:42,2026-01-04 01:48:42,2026-01-04 01:48:42,2026-01-04 01:48:42,2026-01-04 01:48:42,2026-01-04 01:48:42" }, "geometry": { "type": "Polygon", "coordinates": [ [ [ -71.3403, 45.501 ], [ -71.33996, 45.50618 ], [ -71.34618, 45.50898 ], [ -71.35274, 45.50659 ], [ -71.35307, 45.50141 ], [ -71.34685, 45.49861 ], [ -71.3403, 45.501 ] ] ] } },
{ "type": "Feature", "properties": { "hex_id": 786375, "centroid_lon": -71.345509443713567, "centroid_lat": 45.519354906226305, "hours_count": 6.0, "datetimes_affected": "2026-01-04 01:48:42,2026-01-04 01:48:42,2026-01-04 01:48:42,2026-01-04 01:48:42,2026-01-04 01:48:42,2026-01-04 01:48:42" }, "geometry": { "type": "Polygon", "coordinates": [ [ [ -71.33929, 45.51656 ], [ -71.33895, 45.52174 ], [ -71.34517, 45.52454 ], [ -71.35173, 45.52215 ], [ -71.35207, 45.51697 ], [ -71.34585, 45.51417 ], [ -71.33929, 45.51656 ] ] ] } },
{ "type": "Feature", "properties": { "hex_id": 786376, "centroid_lon": -71.344500459483598, "centroid_lat": 45.534913493968808, "hours_count": 6.0, "datetimes_affected": "2026-01-04 01:48:42,2026-01-04 01:48:42,2026-01-04 01:48:42,2026-01-04 01:48:42,2026-01-04 01:48:42,2026-01-04 01:48:42" }, "geometry": { "type": "Polygon", "coordinates": [ [ [ -71.33828, 45.53212 ], [ -71.33794, 45.5373 ], [ -71.34416, 45.5401 ], [ -71.35072, 45.53771 ], [ -71.35106, 45.53252 ], [ -71.34484, 45.52973 ], [ -71.33828, 45.53212 ] ] ] } },
{ "type": "Feature", "properties": { "hex_id": 786460, "centroid_lon": -71.256713518837572, "centroid_lat": 46.841618653415189, "hours_count": 90.0, "datetimes_affected": "2026-01-03 09:32:54,2026-01-03 09:32:54,2026-01-03 09:32:54,2026-01-03 09:32:54,2026-01-03 09:32:54,2026-01-03 09:32:54" }, "geometry": { "type": "Polygon", "coordinates": [ [ [ -71.25035, 46.83881 ], [ -71.24999, 46.844 ], [ -71.25635, 46.8468 ], [ -71.26308, 46.84443 ], [ -71.26344, 46.83924 ], [ -71.25707, 46.83643 ], [ -71.25035, 46.83881 ] ] ] } },
{ "type": "Feature", "properties": { "hex_id": 786985, "centroid_lon": -71.3396255304215, "centroid_lat": 45.511370792561593, "hours_count": 6.0, "datetimes_affected": "2026-01-04 01:48:42,2026-01-04 01:48:42,2026-01-04 01:48:42,2026-01-04 01:48:42,2026-01-04 01:48:42,2026-01-04 01:48:42" }, "geometry": { "type": "Polygon", "coordinates": [ [ [ -71.33341, 45.50857 ], [ -71.33307, 45.51376 ], [ -71.33929, 45.51656 ], [ -71.34585, 45.51417 ], [ -71.34618, 45.50898 ], [ -71.33996, 45.50618 ], [ -71.33341, 45.50857 ] ] ] } },
{ "type": "Feature", "properties": { "hex_id": 786986, "centroid_lon": -71.338615205102613, "centroid_lat": 45.526929299794098, "hours_count": 6.0, "datetimes_affected": "2026-01-04 01:48:42,2026-01-04 01:48:42,2026-01-04 01:48:42,2026-01-04 01:48:42,2026-01-04 01:48:42,2026-01-04 01:48:42" }, "geometry": { "type": "Polygon", "coordinates": [ [ [ -71.33239, 45.52413 ], [ -71.33206, 45.52932 ], [ -71.33828, 45.53212 ], [ -71.34484, 45.52973 ], [ -71.34517, 45.52454 ], [ -71.33895, 45.52174 ], [ -71.33239, 45.52413 ] ] ] } },
{ "type": "Feature", "properties": { "hex_id": 787071, "centroid_lon": -71.249628229639782, "centroid_lat": 46.84918083943365, "hours_count": 6.0, "datetimes_affected": "2026-01-06 08:50:01,2026-01-06 08:50:01,2026-01-06 08:50:01,2026-01-06 08:50:01,2026-01-06 08:50:01,2026-01-06 08:50:01" }, "geometry": { "type": "Polygon", "coordinates": [ [ [ -71.24326, 46.84637 ], [ -71.2429, 46.85156 ], [ -71.24927, 46.85437 ], [ -71.25599, 46.85199 ], [ -71.25635, 46.8468 ], [ -71.24999, 46.844 ], [ -71.24326, 46.84637 ] ] ] } },
{ "type": "Feature", "properties": { "hex_id": 787595, "centroid_lon": -71.333743232369642, "centroid_lat": 45.503386417944085, "hours_count": 6.0, "datetimes_affected": "2026-01-04 01:48:42,2026-01-04 01:48:42,2026-01-04 01:48:42,2026-01-04 01:48:42,2026-01-04 01:48:42,2026-01-04 01:48:42" }, "geometry": { "type": "Polygon", "coordinates": [ [ [ -71.32752, 45.50059 ], [ -71.32719, 45.50577 ], [ -71.33341, 45.50857 ], [ -71.33996, 45.50618 ], [ -71.3403, 45.501 ], [ -71.33408, 45.4982 ], [ -71.32752, 45.50059 ] ] ] } },
{ "type": "Feature", "properties": { "hex_id": 787596, "centroid_lon": -71.332731567249823, "centroid_lat": 45.518944844530729, "hours_count": 6.0, "datetimes_affected": "2026-01-04 01:48:42,2026-01-04 01:48:42,2026-01-04 01:48:42,2026-01-04 01:48:42,2026-01-04 01:48:42,2026-01-04 01:48:42" }, "geometry": { "type": "Polygon", "coordinates": [ [ [ -71.32651, 45.51615 ], [ -71.32617, 45.52133 ], [ -71.33239, 45.52413 ], [ -71.33895, 45.52174 ], [ -71.33929, 45.51656 ], [ -71.33307, 45.51376 ], [ -71.32651, 45.51615 ] ] ] } },
{ "type": "Feature", "properties": { "hex_id": 787597, "centroid_lon": -71.331719074385916, "centroid_lat": 45.534503210969795, "hours_count": 6.0, "datetimes_affected": "2026-01-04 01:48:42,2026-01-04 01:48:42,2026-01-04 01:48:42,2026-01-04 01:48:42,2026-01-04 01:48:42,2026-01-04 01:48:42" }, "geometry": { "type": "Polygon", "coordinates": [ [ [ -71.3255, 45.5317 ], [ -71.32516, 45.53689 ], [ -71.33138, 45.53969 ], [ -71.33794, 45.5373 ], [ -71.33828, 45.53212 ], [ -71.33206, 45.52932 ], [ -71.3255, 45.5317 ] ] ] } },
{ "type": "Feature", "properties": { "hex_id": 788206, "centroid_lon": -71.326849544974138, "centroid_lat": 45.510960128433275, "hours_count": 6.0, "datetimes_affected": "2026-01-04 01:48:42,2026-01-04 01:48:42,2026-01-04 01:48:42,2026-01-04 01:48:42,2026-01-04 01:48:42,2026-01-04 01:48:42" }, "geometry": { "type": "Polygon", "coordinates": [ [ [ -71.32063, 45.50816 ], [ -71.32029, 45.51335 ], [ -71.32651, 45.51615 ], [ -71.33307, 45.51376 ], [ -71.33341, 45.50857 ], [ -71.32719, 45.50577 ], [ -71.32063, 45.50816 ] ] ] } },
{ "type": "Feature", "properties": { "hex_id": 788207, "centroid_lon": -71.325835712586368, "centroid_lat": 45.526518414039522, "hours_count": 6.0, "datetimes_affected": "2026-01-04 01:48:42,2026-01-04 01:48:42,2026-01-04 01:48:42,2026-01-04 01:48:42,2026-01-04 01:48:42,2026-01-04 01:48:42" }, "geometry": { "type": "Polygon", "coordinates": [ [ [ -71.31962, 45.52372 ], [ -71.31928, 45.52891 ], [ -71.3255, 45.5317 ], [ -71.33206, 45.52932 ], [ -71.33239, 45.52413 ], [ -71.32617, 45.52133 ], [ -71.31962, 45.52372 ] ] ] } },
{ "type": "Feature", "properties": { "hex_id": 788817, "centroid_lon": -71.319953966700723, "centroid_lat": 45.518533356393917, "hours_count": 6.0, "datetimes_affected": "2026-01-04 01:48:42,2026-01-04 01:48:42,2026-01-04 01:48:42,2026-01-04 01:48:42,2026-01-04 01:48:42,2026-01-04 01:48:42" }, "geometry": { "type": "Polygon", "coordinates": [ [ [ -71.31373, 45.51573 ], [ -71.3134, 45.52092 ], [ -71.31962, 45.52372 ], [ -71.32617, 45.52133 ], [ -71.32651, 45.51615 ], [ -71.32029, 45.51335 ], [ -71.31373, 45.51573 ] ] ] } },
{ "type": "Feature", "properties": { "hex_id": 788818, "centroid_lon": -71.318937965480146, "centroid_lat": 45.534091500762976, "hours_count": 6.0, "datetimes_affected": "2026-01-04 01:48:42,2026-01-04 01:48:42,2026-01-04 01:48:42,2026-01-04 01:48:42,2026-01-04 01:48:42,2026-01-04 01:48:42" }, "geometry": { "type": "Polygon", "coordinates": [ [ [ -71.31272, 45.53129 ], [ -71.31238, 45.53648 ], [ -71.3186, 45.53928 ], [ -71.32516, 45.53689 ], [ -71.3255, 45.5317 ], [ -71.31928, 45.52891 ], [ -71.31272, 45.53129 ] ] ] } },
{ "type": "Feature", "properties": { "hex_id": 789427, "centroid_lon": -71.314073835778075, "centroid_lat": 45.510548038287446, "hours_count": 6.0, "datetimes_affected": "2026-01-04 01:48:42,2026-01-04 01:48:42,2026-01-04 01:48:42,2026-01-04 01:48:42,2026-01-04 01:48:42,2026-01-04 01:48:42" }, "geometry": { "type": "Polygon", "coordinates": [ [ [ -71.30786, 45.50775 ], [ -71.30752, 45.51293 ], [ -71.31373, 45.51573 ], [ -71.32029, 45.51335 ], [ -71.32063, 45.50816 ], [ -71.31441, 45.50536 ], [ -71.30786, 45.50775 ] ] ] } },
{ "type": "Feature", "properties": { "hex_id": 789428, "centroid_lon": -71.313056496598961, "centroid_lat": 45.526106101501071, "hours_count": 6.0, "datetimes_affected": "2026-01-04 01:48:42,2026-01-04 01:48:42,2026-01-04 01:48:42,2026-01-04 01:48:42,2026-01-04 01:48:42,2026-01-04 01:48:42" }, "geometry": { "type": "Polygon", "coordinates": [ [ [ -71.30684, 45.52331 ], [ -71.3065, 45.52849 ], [ -71.31272, 45.53129 ], [ -71.31928, 45.52891 ], [ -71.31962, 45.52372 ], [ -71.3134, 45.52092 ], [ -71.30684, 45.52331 ] ] ] } },
{ "type": "Feature", "properties": { "hex_id": 790038, "centroid_lon": -71.307176643017016, "centroid_lat": 45.518120441897118, "hours_count": 6.0, "datetimes_affected": "2026-01-04 01:48:42,2026-01-04 01:48:42,2026-01-04 01:48:42,2026-01-04 01:48:42,2026-01-04 01:48:42,2026-01-04 01:48:42" }, "geometry": { "type": "Polygon", "coordinates": [ [ [ -71.30096, 45.51532 ], [ -71.30062, 45.52051 ], [ -71.30684, 45.52331 ], [ -71.3134, 45.52092 ], [ -71.31373, 45.51573 ], [ -71.30752, 45.51293 ], [ -71.30096, 45.51532 ] ] ] } },
{ "type": "Feature", "properties": { "hex_id": 790649, "centroid_lon": -71.300277558091523, "centroid_lat": 45.525692362260138, "hours_count": 6.0, "datetimes_affected": "2026-01-04 01:48:42,2026-01-04 01:48:42,2026-01-04 01:48:42,2026-01-04 01:48:42,2026-01-04 01:48:42,2026-01-04 01:48:42" }, "geometry": { "type": "Polygon", "coordinates": [ [ [ -71.29406, 45.52289 ], [ -71.29372, 45.52808 ], [ -71.29994, 45.53088 ], [ -71.3065, 45.52849 ], [ -71.30684, 45.52331 ], [ -71.30062, 45.52051 ], [ -71.29406, 45.52289 ] ] ] } },
{ "type": "Feature", "properties": { "hex_id": 790832, "centroid_lon": -71.098483744954251, "centroid_lat": 48.371739145252114, "hours_count": 192.0, "datetimes_affected": "2026-01-02 08:44:39,2026-01-02 08:44:39,2026-01-02 08:44:39,2026-01-02 08:44:39,2026-01-02 08:44:39,2026-01-02 08:44:39" }, "geometry": { "type": "Polygon", "coordinates": [ [ [ -71.09195, 48.36892 ], [ -71.09155, 48.3741 ], [ -71.09809, 48.37692 ], [ -71.10502, 48.37456 ], [ -71.10542, 48.36938 ], [ -71.09888, 48.36656 ], [ -71.09195, 48.36892 ] ] ] } },
{ "type": "Feature", "properties": { "hex_id": 791259, "centroid_lon": -71.294399597149251, "centroid_lat": 45.517706101121789, "hours_count": 6.0, "datetimes_affected": "2026-01-04 01:48:42,2026-01-04 01:48:42,2026-01-04 01:48:42,2026-01-04 01:48:42,2026-01-04 01:48:42,2026-01-04 01:48:42" }, "geometry": { "type": "Polygon", "coordinates": [ [ [ -71.28818, 45.51491 ], [ -71.28784, 45.52009 ], [ -71.29406, 45.52289 ], [ -71.30062, 45.52051 ], [ -71.30096, 45.51532 ], [ -71.29474, 45.51252 ], [ -71.28818, 45.51491 ] ] ] } },
{ "type": "Feature", "properties": { "hex_id": 791443, "centroid_lon": -71.091152102001843, "centroid_lat": 48.379283304037891, "hours_count": 192.0, "datetimes_affected": "2026-01-02 08:44:39,2026-01-02 08:44:39,2026-01-02 08:44:39,2026-01-02 08:44:39,2026-01-02 08:44:39,2026-01-02 08:44:39" }, "geometry": { "type": "Polygon", "coordinates": [ [ [ -71.08461, 48.37646 ], [ -71.08422, 48.38164 ], [ -71.09075, 48.38447 ], [ -71.09769, 48.3821 ], [ -71.09809, 48.37692 ], [ -71.09155, 48.3741 ], [ -71.08461, 48.37646 ] ] ] } },
{ "type": "Feature", "properties": { "hex_id": 791870, "centroid_lon": -71.287498898015073, "centroid_lat": 45.525277196398363, "hours_count": 6.0, "datetimes_affected": "2026-01-04 01:48:42,2026-01-04 01:48:42,2026-01-04 01:48:42,2026-01-04 01:48:42,2026-01-04 01:48:42,2026-01-04 01:48:42" }, "geometry": { "type": "Polygon", "coordinates": [ [ [ -71.28128, 45.52248 ], [ -71.28094, 45.52766 ], [ -71.28716, 45.53046 ], [ -71.29372, 45.52808 ], [ -71.29406, 45.52289 ], [ -71.28784, 45.52009 ], [ -71.28128, 45.52248 ] ] ] } },
{ "type": "Feature", "properties": { "hex_id": 792053, "centroid_lon": -71.085012322598232, "centroid_lat": 48.371280797083536, "hours_count": 192.0, "datetimes_affected": "2026-01-02 08:44:39,2026-01-02 08:44:39,2026-01-02 08:44:39,2026-01-02 08:44:39,2026-01-02 08:44:39,2026-01-02 08:44:39" }, "geometry": { "type": "Polygon", "coordinates": [ [ [ -71.07848, 48.36846 ], [ -71.07808, 48.37364 ], [ -71.08461, 48.37646 ], [ -71.09155, 48.3741 ], [ -71.09195, 48.36892 ], [ -71.08541, 48.3661 ], [ -71.07848, 48.36846 ] ] ] } },
{ "type": "Feature", "properties": { "hex_id": 796790, "centroid_lon": -71.198433079849877, "centroid_lat": 46.083603098486925, "hours_count": 12.0, "datetimes_affected": "2026-01-05 00:50:46,2026-01-05 00:50:46,2026-01-05 00:50:46,2026-01-05 00:50:46,2026-01-05 00:50:46,2026-01-05 00:50:46" }, "geometry": { "type": "Polygon", "coordinates": [ [ [ -71.19216, 46.0808 ], [ -71.1918, 46.08598 ], [ -71.19808, 46.08879 ], [ -71.20471, 46.08641 ], [ -71.20506, 46.08123 ], [ -71.19879, 46.07842 ], [ -71.19216, 46.0808 ] ] ] } },
{ "type": "Feature", "properties": { "hex_id": 796791, "centroid_lon": -71.197362694293105, "centroid_lat": 46.099157538297113, "hours_count": 12.0, "datetimes_affected": "2026-01-05 00:50:46,2026-01-05 00:50:46,2026-01-05 00:50:46,2026-01-05 00:50:46,2026-01-05 00:50:46,2026-01-05 00:50:46" }, "geometry": { "type": "Polygon", "coordinates": [ [ [ -71.19109, 46.09635 ], [ -71.19073, 46.10153 ], [ -71.19701, 46.10434 ], [ -71.20364, 46.10196 ], [ -71.204, 46.09678 ], [ -71.19772, 46.09397 ], [ -71.19109, 46.09635 ] ] ] } },
{ "type": "Feature", "properties": { "hex_id": 796792, "centroid_lon": -71.196291426776369, "centroid_lat": 46.114711916297047, "hours_count": 12.0, "datetimes_affected": "2026-01-05 00:50:46,2026-01-05 00:50:46,2026-01-05 00:50:46,2026-01-05 00:50:46,2026-01-05 00:50:46,2026-01-05 00:50:46" }, "geometry": { "type": "Polygon", "coordinates": [ [ [ -71.19001, 46.1119 ], [ -71.18966, 46.11709 ], [ -71.19593, 46.1199 ], [ -71.20257, 46.11752 ], [ -71.20293, 46.11233 ], [ -71.19665, 46.10953 ], [ -71.19001, 46.1119 ] ] ] } },
{ "type": "Feature", "properties": { "hex_id": 797400, "centroid_lon": -71.192516133894443, "centroid_lat": 46.075610804818872, "hours_count": 12.0, "datetimes_affected": "2026-01-05 00:50:46,2026-01-05 00:50:46,2026-01-05 00:50:46,2026-01-05 00:50:46,2026-01-05 00:50:46,2026-01-05 00:50:46" }, "geometry": { "type": "Polygon", "coordinates": [ [ [ -71.18624, 46.0728 ], [ -71.18589, 46.07799 ], [ -71.19216, 46.0808 ], [ -71.19879, 46.07842 ], [ -71.19915, 46.07323 ], [ -71.19287, 46.07043 ], [ -71.18624, 46.0728 ] ] ] } },
{ "type": "Feature", "properties": { "hex_id": 797401, "centroid_lon": -71.191444383575202, "centroid_lat": 46.09116515943353, "hours_count": 12.0, "datetimes_affected": "2026-01-05 00:50:46,2026-01-05 00:50:46,2026-01-05 00:50:46,2026-01-05 00:50:46,2026-01-05 00:50:46,2026-01-05 00:50:46" }, "geometry": { "type": "Polygon", "coordinates": [ [ [ -71.18517, 46.08836 ], [ -71.18481, 46.09354 ], [ -71.19109, 46.09635 ], [ -71.19772, 46.09397 ], [ -71.19808, 46.08879 ], [ -71.1918, 46.08598 ], [ -71.18517, 46.08836 ] ] ] } },
{ "type": "Feature", "properties": { "hex_id": 797402, "centroid_lon": -71.190371750267033, "centroid_lat": 46.10671945218337, "hours_count": 12.0, "datetimes_affected": "2026-01-05 00:50:46,2026-01-05 00:50:46,2026-01-05 00:50:46,2026-01-05 00:50:46,2026-01-05 00:50:46,2026-01-05 00:50:46" }, "geometry": { "type": "Polygon", "coordinates": [ [ [ -71.1841, 46.10391 ], [ -71.18374, 46.1091 ], [ -71.19001, 46.1119 ], [ -71.19665, 46.10953 ], [ -71.19701, 46.10434 ], [ -71.19073, 46.10153 ], [ -71.1841, 46.10391 ] ] ] } },
{ "type": "Feature", "properties": { "hex_id": 797403, "centroid_lon": -71.189298233069252, "centroid_lat": 46.122273683048178, "hours_count": 12.0, "datetimes_affected": "2026-01-05 00:50:46,2026-01-05 00:50:46,2026-01-05 00:50:46,2026-01-05 00:50:46,2026-01-05 00:50:46,2026-01-05 00:50:46" }, "geometry": { "type": "Polygon", "coordinates": [ [ [ -71.18302, 46.11947 ], [ -71.18266, 46.12465 ], [ -71.18894, 46.12746 ], [ -71.19558, 46.12508 ], [ -71.19593, 46.1199 ], [ -71.18966, 46.11709 ], [ -71.18302, 46.11947 ] ] ] } },
{ "type": "Feature", "properties": { "hex_id": 798010, "centroid_lon": -71.186600845553414, "centroid_lat": 46.067618248442564, "hours_count": 12.0, "datetimes_affected": "2026-01-05 00:50:46,2026-01-05 00:50:46,2026-01-05 00:50:46,2026-01-05 00:50:46,2026-01-05 00:50:46,2026-01-05 00:50:46" }, "geometry": { "type": "Polygon", "coordinates": [ [ [ -71.18033, 46.06481 ], [ -71.17997, 46.06999 ], [ -71.18624, 46.0728 ], [ -71.19287, 46.07043 ], [ -71.19323, 46.06524 ], [ -71.18696, 46.06243 ], [ -71.18033, 46.06481 ] ] ] } },
{ "type": "Feature", "properties": { "hex_id": 798011, "centroid_lon": -71.185527731799411, "centroid_lat": 46.08317251772602, "hours_count": 12.0, "datetimes_affected": "2026-01-05 00:50:46,2026-01-05 00:50:46,2026-01-05 00:50:46,2026-01-05 00:50:46,2026-01-05 00:50:46,2026-01-05 00:50:46" }, "geometry": { "type": "Polygon", "coordinates": [ [ [ -71.17925, 46.08036 ], [ -71.1789, 46.08555 ], [ -71.18517, 46.08836 ], [ -71.1918, 46.08598 ], [ -71.19216, 46.0808 ], [ -71.18589, 46.07799 ], [ -71.17925, 46.08036 ] ] ] } },
{ "type": "Feature", "properties": { "hex_id": 798012, "centroid_lon": -71.184453734028793, "centroid_lat": 46.098726725090067, "hours_count": 12.0, "datetimes_affected": "2026-01-05 00:50:46,2026-01-05 00:50:46,2026-01-05 00:50:46,2026-01-05 00:50:46,2026-01-05 00:50:46,2026-01-05 00:50:46" }, "geometry": { "type": "Polygon", "coordinates": [ [ [ -71.17818, 46.09592 ], [ -71.17782, 46.1011 ], [ -71.1841, 46.10391 ], [ -71.19073, 46.10153 ], [ -71.19109, 46.09635 ], [ -71.18481, 46.09354 ], [ -71.17818, 46.09592 ] ] ] } },
{ "type": "Feature", "properties": { "hex_id": 798013, "centroid_lon": -71.183378851340024, "centroid_lat": 46.114280870514378, "hours_count": 12.0, "datetimes_affected": "2026-01-05 00:50:46,2026-01-05 00:50:46,2026-01-05 00:50:46,2026-01-05 00:50:46,2026-01-05 00:50:46,2026-01-05 00:50:46" }, "geometry": { "type": "Polygon", "coordinates": [ [ [ -71.1771, 46.11147 ], [ -71.17674, 46.11666 ], [ -71.18302, 46.11947 ], [ -71.18966, 46.11709 ], [ -71.19001, 46.1119 ], [ -71.18374, 46.1091 ], [ -71.1771, 46.11147 ] ] ] } },
{ "type": "Feature", "properties": { "hex_id": 798620, "centroid_lon": -71.180687213842518, "centroid_lat": 46.059625429615586, "hours_count": 12.0, "datetimes_affected": "2026-01-05 00:50:46,2026-01-05 00:50:46,2026-01-05 00:50:46,2026-01-05 00:50:46,2026-01-05 00:50:46,2026-01-05 00:50:46" }, "geometry": { "type": "Polygon", "coordinates": [ [ [ -71.17442, 46.05682 ], [ -71.17406, 46.062 ], [ -71.18033, 46.06481 ], [ -71.18696, 46.06243 ], [ -71.18732, 46.05725 ], [ -71.18105, 46.05444 ], [ -71.17442, 46.05682 ] ] ] } },
{ "type": "Feature", "properties": { "hex_id": 798621, "centroid_lon": -71.179612737980463, "centroid_lat": 46.075179613432311, "hours_count": 12.0, "datetimes_affected": "2026-01-05 00:50:46,2026-01-05 00:50:46,2026-01-05 00:50:46,2026-01-05 00:50:46,2026-01-05 00:50:46,2026-01-05 00:50:46" }, "geometry": { "type": "Polygon", "coordinates": [ [ [ -71.17334, 46.07237 ], [ -71.17298, 46.07756 ], [ -71.17925, 46.08036 ], [ -71.18589, 46.07799 ], [ -71.18624, 46.0728 ], [ -71.17997, 46.06999 ], [ -71.17334, 46.07237 ] ] ] } },
{ "type": "Feature", "properties": { "hex_id": 798622, "centroid_lon": -71.178537377075401, "centroid_lat": 46.090733735274966, "hours_count": 12.0, "datetimes_affected": "2026-01-05 00:50:46,2026-01-05 00:50:46,2026-01-05 00:50:46,2026-01-05 00:50:46,2026-01-05 00:50:46,2026-01-05 00:50:46" }, "geometry": { "type": "Polygon", "coordinates": [ [ [ -71.17226, 46.08793 ], [ -71.1719, 46.09311 ], [ -71.17818, 46.09592 ], [ -71.18481, 46.09354 ], [ -71.18517, 46.08836 ], [ -71.1789, 46.08555 ], [ -71.17226, 46.08793 ] ] ] } },
{ "type": "Feature", "properties": { "hex_id": 798623, "centroid_lon": -71.177461130224899, "centroid_lat": 46.106287795123173, "hours_count": 12.0, "datetimes_affected": "2026-01-05 00:50:46,2026-01-05 00:50:46,2026-01-05 00:50:46,2026-01-05 00:50:46,2026-01-05 00:50:46,2026-01-05 00:50:46" }, "geometry": { "type": "Polygon", "coordinates": [ [ [ -71.17119, 46.10348 ], [ -71.17083, 46.10866 ], [ -71.1771, 46.11147 ], [ -71.18374, 46.1091 ], [ -71.1841, 46.10391 ], [ -71.17782, 46.1011 ], [ -71.17119, 46.10348 ] ] ] } },
{ "type": "Feature", "properties": { "hex_id": 798624, "centroid_lon": -71.176383996525303, "centroid_lat": 46.121841792956594, "hours_count": 12.0, "datetimes_affected": "2026-01-05 00:50:46,2026-01-05 00:50:46,2026-01-05 00:50:46,2026-01-05 00:50:46,2026-01-05 00:50:46,2026-01-05 00:50:46" }, "geometry": { "type": "Polygon", "coordinates": [ [ [ -71.17011, 46.11903 ], [ -71.16975, 46.12422 ], [ -71.17602, 46.12703 ], [ -71.18266, 46.12465 ], [ -71.18302, 46.11947 ], [ -71.17674, 46.11666 ], [ -71.17011, 46.11903 ] ] ] } },
{ "type": "Feature", "properties": { "hex_id": 799230, "centroid_lon": -71.174775237778022, "centroid_lat": 46.051632348595433, "hours_count": 12.0, "datetimes_affected": "2026-01-05 00:50:46,2026-01-05 00:50:46,2026-01-05 00:50:46,2026-01-05 00:50:46,2026-01-05 00:50:46,2026-01-05 00:50:46" }, "geometry": { "type": "Polygon", "coordinates": [ [ [ -71.16851, 46.04882 ], [ -71.16815, 46.05401 ], [ -71.17442, 46.05682 ], [ -71.18105, 46.05444 ], [ -71.1814, 46.04926 ], [ -71.17513, 46.04645 ], [ -71.16851, 46.04882 ] ] ] } },
{ "type": "Feature", "properties": { "hex_id": 799231, "centroid_lon": -71.173699401133646, "centroid_lat": 46.067186446809984, "hours_count": 12.0, "datetimes_affected": "2026-01-05 00:50:46,2026-01-05 00:50:46,2026-01-05 00:50:46,2026-01-05 00:50:46,2026-01-05 00:50:46,2026-01-05 00:50:46" }, "geometry": { "type": "Polygon", "coordinates": [ [ [ -71.16743, 46.06438 ], [ -71.16707, 46.06956 ], [ -71.17334, 46.07237 ], [ -71.17997, 46.06999 ], [ -71.18033, 46.06481 ], [ -71.17406, 46.062 ], [ -71.16743, 46.06438 ] ] ] } },
{ "type": "Feature", "properties": { "hex_id": 799232, "centroid_lon": -71.172622678421121, "centroid_lat": 46.082740482995767, "hours_count": 12.0, "datetimes_affected": "2026-01-05 00:50:46,2026-01-05 00:50:46,2026-01-05 00:50:46,2026-01-05 00:50:46,2026-01-05 00:50:46,2026-01-05 00:50:46" }, "geometry": { "type": "Polygon", "coordinates": [ [ [ -71.16635, 46.07993 ], [ -71.16599, 46.08512 ], [ -71.17226, 46.08793 ], [ -71.1789, 46.08555 ], [ -71.17925, 46.08036 ], [ -71.17298, 46.07756 ], [ -71.16635, 46.07993 ] ] ] } },
{ "type": "Feature", "properties": { "hex_id": 799233, "centroid_lon": -71.17154506873716, "centroid_lat": 46.098294457132383, "hours_count": 12.0, "datetimes_affected": "2026-01-05 00:50:46,2026-01-05 00:50:46,2026-01-05 00:50:46,2026-01-05 00:50:46,2026-01-05 00:50:46,2026-01-05 00:50:46" }, "geometry": { "type": "Polygon", "coordinates": [ [ [ -71.16527, 46.09549 ], [ -71.16491, 46.10067 ], [ -71.17119, 46.10348 ], [ -71.17782, 46.1011 ], [ -71.17818, 46.09592 ], [ -71.1719, 46.09311 ], [ -71.16527, 46.09549 ] ] ] } },
{ "type": "Feature", "properties": { "hex_id": 799234, "centroid_lon": -71.170466571177286, "centroid_lat": 46.113848369199353, "hours_count": 12.0, "datetimes_affected": "2026-01-05 00:50:46,2026-01-05 00:50:46,2026-01-05 00:50:46,2026-01-05 00:50:46,2026-01-05 00:50:46,2026-01-05 00:50:46" }, "geometry": { "type": "Polygon", "coordinates": [ [ [ -71.16419, 46.11104 ], [ -71.16383, 46.11622 ], [ -71.17011, 46.11903 ], [ -71.17674, 46.11666 ], [ -71.1771, 46.11147 ], [ -71.17083, 46.10866 ], [ -71.16419, 46.11104 ] ] ] } },
{ "type": "Feature", "properties": { "hex_id": 799235, "centroid_lon": -71.169387184835671, "centroid_lat": 46.129402219176313, "hours_count": 12.0, "datetimes_affected": "2026-01-05 00:50:46,2026-01-05 00:50:46,2026-01-05 00:50:46,2026-01-05 00:50:46,2026-01-05 00:50:46,2026-01-05 00:50:46" }, "geometry": { "type": "Polygon", "coordinates": [ [ [ -71.16311, 46.12659 ], [ -71.16275, 46.13178 ], [ -71.16903, 46.13459 ], [ -71.17567, 46.13221 ], [ -71.17602, 46.12703 ], [ -71.16975, 46.12422 ], [ -71.16311, 46.12659 ] ] ] } },
{ "type": "Feature", "properties": { "hex_id": 799262, "centroid_lon": -71.139904448372079, "centroid_lat": 46.549332623325228, "hours_count": 12.0, "datetimes_affected": "2026-01-06 13:49:06,2026-01-06 13:49:06,2026-01-06 13:49:06,2026-01-06 13:49:06,2026-01-06 13:49:06,2026-01-06 13:49:06" }, "geometry": { "type": "Polygon", "coordinates": [ [ [ -71.13358, 46.54652 ], [ -71.13321, 46.5517 ], [ -71.13954, 46.55452 ], [ -71.14623, 46.55214 ], [ -71.1466, 46.54696 ], [ -71.14027, 46.54415 ], [ -71.13358, 46.54652 ] ] ] } },
{ "type": "Feature", "properties": { "hex_id": 799840, "centroid_lon": -71.168864916376748, "centroid_lat": 46.043639005639449, "hours_count": 12.0, "datetimes_affected": "2026-01-05 00:50:46,2026-01-05 00:50:46,2026-01-05 00:50:46,2026-01-05 00:50:46,2026-01-05 00:50:46,2026-01-05 00:50:46" }, "geometry": { "type": "Polygon", "coordinates": [ [ [ -71.1626, 46.04083 ], [ -71.16224, 46.04601 ], [ -71.16851, 46.04882 ], [ -71.17513, 46.04645 ], [ -71.17549, 46.04126 ], [ -71.16922, 46.03845 ], [ -71.1626, 46.04083 ] ] ] } },
{ "type": "Feature", "properties": { "hex_id": 799841, "centroid_lon": -71.167787720274802, "centroid_lat": 46.05919301811651, "hours_count": 12.0, "datetimes_affected": "2026-01-05 00:50:46,2026-01-05 00:50:46,2026-01-05 00:50:46,2026-01-05 00:50:46,2026-01-05 00:50:46,2026-01-05 00:50:46" }, "geometry": { "type": "Polygon", "coordinates": [ [ [ -71.16152, 46.05638 ], [ -71.16116, 46.06157 ], [ -71.16743, 46.06438 ], [ -71.17406, 46.062 ], [ -71.17442, 46.05682 ], [ -71.16815, 46.05401 ], [ -71.16152, 46.05638 ] ] ] } },
{ "type": "Feature", "properties": { "hex_id": 799842, "centroid_lon": -71.1667096370808, "centroid_lat": 46.074746968510084, "hours_count": 12.0, "datetimes_affected": "2026-01-05 00:50:46,2026-01-05 00:50:46,2026-01-05 00:50:46,2026-01-05 00:50:46,2026-01-05 00:50:46,2026-01-05 00:50:46" }, "geometry": { "type": "Polygon", "coordinates": [ [ [ -71.16044, 46.07194 ], [ -71.16008, 46.07712 ], [ -71.16635, 46.07993 ], [ -71.17298, 46.07756 ], [ -71.17334, 46.07237 ], [ -71.16707, 46.06956 ], [ -71.16044, 46.07194 ] ] ] } },
{ "type": "Feature", "properties": { "hex_id": 799843, "centroid_lon": -71.165630665890689, "centroid_lat": 46.090300856799686, "hours_count": 12.0, "datetimes_affected": "2026-01-05 00:50:46,2026-01-05 00:50:46,2026-01-05 00:50:46,2026-01-05 00:50:46,2026-01-05 00:50:46,2026-01-05 00:50:46" }, "geometry": { "type": "Polygon", "coordinates": [ [ [ -71.15936, 46.08749 ], [ -71.159, 46.09268 ], [ -71.16527, 46.09549 ], [ -71.1719, 46.09311 ], [ -71.17226, 46.08793 ], [ -71.16599, 46.08512 ], [ -71.15936, 46.08749 ] ] ] } },
{ "type": "Feature", "properties": { "hex_id": 799844, "centroid_lon": -71.164550805799081, "centroid_lat": 46.105854682964825, "hours_count": 12.0, "datetimes_affected": "2026-01-05 00:50:46,2026-01-05 00:50:46,2026-01-05 00:50:46,2026-01-05 00:50:46,2026-01-05 00:50:46,2026-01-05 00:50:46" }, "geometry": { "type": "Polygon", "coordinates": [ [ [ -71.15828, 46.10305 ], [ -71.15792, 46.10823 ], [ -71.16419, 46.11104 ], [ -71.17083, 46.10866 ], [ -71.17119, 46.10348 ], [ -71.16491, 46.10067 ], [ -71.15828, 46.10305 ] ] ] } },
{ "type": "Feature", "properties": { "hex_id": 799845, "centroid_lon": -71.163470055899325, "centroid_lat": 46.121408446984979, "hours_count": 12.0, "datetimes_affected": "2026-01-05 00:50:46,2026-01-05 00:50:46,2026-01-05 00:50:46,2026-01-05 00:50:46,2026-01-05 00:50:46,2026-01-05 00:50:46" }, "geometry": { "type": "Polygon", "coordinates": [ [ [ -71.15719, 46.1186 ], [ -71.15683, 46.12378 ], [ -71.16311, 46.12659 ], [ -71.16975, 46.12422 ], [ -71.17011, 46.11903 ], [ -71.16383, 46.11622 ], [ -71.15719, 46.1186 ] ] ] } },
{ "type": "Feature", "properties": { "hex_id": 799873, "centroid_lon": -71.132844074310185, "centroid_lat": 46.556888524868569, "hours_count": 12.0, "datetimes_affected": "2026-01-06 13:49:06,2026-01-06 13:49:06,2026-01-06 13:49:06,2026-01-06 13:49:06,2026-01-06 13:49:06,2026-01-06 13:49:06" }, "geometry": { "type": "Polygon", "coordinates": [ [ [ -71.12652, 46.55408 ], [ -71.12615, 46.55926 ], [ -71.13248, 46.56207 ], [ -71.13917, 46.5597 ], [ -71.13954, 46.55452 ], [ -71.13321, 46.5517 ], [ -71.12652, 46.55408 ] ] ] } },
{ "type": "Feature", "properties": { "hex_id": 800451, "centroid_lon": -71.161877694420355, "centroid_lat": 46.05119932760924, "hours_count": 12.0, "datetimes_affected": "2026-01-05 00:50:46,2026-01-05 00:50:46,2026-01-05 00:50:46,2026-01-05 00:50:46,2026-01-05 00:50:46,2026-01-05 00:50:46" }, "geometry": { "type": "Polygon", "coordinates": [ [ [ -71.15561, 46.04839 ], [ -71.15525, 46.05357 ], [ -71.16152, 46.05638 ], [ -71.16815, 46.05401 ], [ -71.16851, 46.04882 ], [ -71.16224, 46.04601 ], [ -71.15561, 46.04839 ] ] ] } },
{ "type": "Feature", "properties": { "hex_id": 800452, "centroid_lon": -71.16079825206991, "centroid_lat": 46.066753192075367, "hours_count": 12.0, "datetimes_affected": "2026-01-05 00:50:46,2026-01-05 00:50:46,2026-01-05 00:50:46,2026-01-05 00:50:46,2026-01-05 00:50:46,2026-01-05 00:50:46" }, "geometry": { "type": "Polygon", "coordinates": [ [ [ -71.15453, 46.06394 ], [ -71.15417, 46.06913 ], [ -71.16044, 46.07194 ], [ -71.16707, 46.06956 ], [ -71.16743, 46.06438 ], [ -71.16116, 46.06157 ], [ -71.15453, 46.06394 ] ] ] } },
{ "type": "Feature", "properties": { "hex_id": 800453, "centroid_lon": -71.15971792069989, "centroid_lat": 46.082306994382705, "hours_count": 12.0, "datetimes_affected": "2026-01-05 00:50:46,2026-01-05 00:50:46,2026-01-05 00:50:46,2026-01-05 00:50:46,2026-01-05 00:50:46,2026-01-05 00:50:46" }, "geometry": { "type": "Polygon", "coordinates": [ [ [ -71.15345, 46.0795 ], [ -71.15309, 46.08468 ], [ -71.15936, 46.08749 ], [ -71.16599, 46.08512 ], [ -71.16635, 46.07993 ], [ -71.16008, 46.07712 ], [ -71.15345, 46.0795 ] ] ] } },
{ "type": "Feature", "properties": { "hex_id": 800454, "centroid_lon": -71.158636699404127, "centroid_lat": 46.097860734510668, "hours_count": 12.0, "datetimes_affected": "2026-01-05 00:50:46,2026-01-05 00:50:46,2026-01-05 00:50:46,2026-01-05 00:50:46,2026-01-05 00:50:46,2026-01-05 00:50:46" }, "geometry": { "type": "Polygon", "coordinates": [ [ [ -71.15236, 46.09505 ], [ -71.152, 46.10024 ], [ -71.15828, 46.10305 ], [ -71.16491, 46.10067 ], [ -71.16527, 46.09549 ], [ -71.159, 46.09268 ], [ -71.15236, 46.09505 ] ] ] } },
{ "type": "Feature", "properties": { "hex_id": 800455, "centroid_lon": -71.157554587275087, "centroid_lat": 46.113414412438694, "hours_count": 12.0, "datetimes_affected": "2026-01-05 00:50:46,2026-01-05 00:50:46,2026-01-05 00:50:46,2026-01-05 00:50:46,2026-01-05 00:50:46,2026-01-05 00:50:46" }, "geometry": { "type": "Polygon", "coordinates": [ [ [ -71.15128, 46.1106 ], [ -71.15092, 46.11579 ], [ -71.15719, 46.1186 ], [ -71.16383, 46.11622 ], [ -71.16419, 46.11104 ], [ -71.15792, 46.10823 ], [ -71.15128, 46.1106 ] ] ] } },
{ "type": "Feature", "properties": { "hex_id": 800456, "centroid_lon": -71.15647158340397, "centroid_lat": 46.128968028146197, "hours_count": 12.0, "datetimes_affected": "2026-01-05 00:50:46,2026-01-05 00:50:46,2026-01-05 00:50:46,2026-01-05 00:50:46,2026-01-05 00:50:46,2026-01-05 00:50:46" }, "geometry": { "type": "Polygon", "coordinates": [ [ [ -71.15019, 46.12616 ], [ -71.14983, 46.13134 ], [ -71.15611, 46.13415 ], [ -71.16275, 46.13178 ], [ -71.16311, 46.12659 ], [ -71.15683, 46.12378 ], [ -71.15019, 46.12616 ] ] ] } },
{ "type": "Feature", "properties": { "hex_id": 800483, "centroid_lon": -71.126890043616569, "centroid_lat": 46.548892057168196, "hours_count": 12.0, "datetimes_affected": "2026-01-06 13:49:06,2026-01-06 13:49:06,2026-01-06 13:49:06,2026-01-06 13:49:06,2026-01-06 13:49:06,2026-01-06 13:49:06" }, "geometry": { "type": "Polygon", "coordinates": [ [ [ -71.12057, 46.54608 ], [ -71.1202, 46.55126 ], [ -71.12652, 46.55408 ], [ -71.13321, 46.5517 ], [ -71.13358, 46.54652 ], [ -71.12726, 46.54371 ], [ -71.12057, 46.54608 ] ] ] } },
{ "type": "Feature", "properties": { "hex_id": 800484, "centroid_lon": -71.125781696645092, "centroid_lat": 46.564443922268957, "hours_count": 12.0, "datetimes_affected": "2026-01-06 13:49:06,2026-01-06 13:49:06,2026-01-06 13:49:06,2026-01-06 13:49:06,2026-01-06 13:49:06,2026-01-06 13:49:06" }, "geometry": { "type": "Polygon", "coordinates": [ [ [ -71.11946, 46.56163 ], [ -71.11909, 46.56681 ], [ -71.12541, 46.56963 ], [ -71.13211, 46.56726 ], [ -71.13248, 46.56207 ], [ -71.12615, 46.55926 ], [ -71.11946, 46.56163 ] ] ] } },
{ "type": "Feature", "properties": { "hex_id": 800485, "centroid_lon": -71.124672431000533, "centroid_lat": 46.579995724544247, "hours_count": 12.0, "datetimes_affected": "2026-01-06 13:49:06,2026-01-06 13:49:06,2026-01-06 13:49:06,2026-01-06 13:49:06,2026-01-06 13:49:06,2026-01-06 13:49:06" }, "geometry": { "type": "Polygon", "coordinates": [ [ [ -71.11835, 46.57718 ], [ -71.11798, 46.58237 ], [ -71.1243, 46.58518 ], [ -71.131, 46.58281 ], [ -71.13137, 46.57762 ], [ -71.12504, 46.57481 ], [ -71.11835, 46.57718 ] ] ] } },
{ "type": "Feature", "properties": { "hex_id": 801061, "centroid_lon": -71.155969322587282, "centroid_lat": 46.043205375545369, "hours_count": 12.0, "datetimes_affected": "2026-01-05 00:50:46,2026-01-05 00:50:46,2026-01-05 00:50:46,2026-01-05 00:50:46,2026-01-05 00:50:46,2026-01-05 00:50:46" }, "geometry": { "type": "Polygon", "coordinates": [ [ [ -71.1497, 46.0404 ], [ -71.14934, 46.04558 ], [ -71.15561, 46.04839 ], [ -71.16224, 46.04601 ], [ -71.1626, 46.04083 ], [ -71.15633, 46.03802 ], [ -71.1497, 46.0404 ] ] ] } },
{ "type": "Feature", "properties": { "hex_id": 801062, "centroid_lon": -71.154888522404406, "centroid_lat": 46.058759153948948, "hours_count": 12.0, "datetimes_affected": "2026-01-05 00:50:46,2026-01-05 00:50:46,2026-01-05 00:50:46,2026-01-05 00:50:46,2026-01-05 00:50:46,2026-01-05 00:50:46" }, "geometry": { "type": "Polygon", "coordinates": [ [ [ -71.14862, 46.05595 ], [ -71.14826, 46.06113 ], [ -71.15453, 46.06394 ], [ -71.16116, 46.06157 ], [ -71.16152, 46.05638 ], [ -71.15525, 46.05357 ], [ -71.14862, 46.05595 ] ] ] } },
{ "type": "Feature", "properties": { "hex_id": 801063, "centroid_lon": -71.153806832179811, "centroid_lat": 46.074312870138861, "hours_count": 12.0, "datetimes_affected": "2026-01-05 00:50:46,2026-01-05 00:50:46,2026-01-05 00:50:46,2026-01-05 00:50:46,2026-01-05 00:50:46,2026-01-05 00:50:46" }, "geometry": { "type": "Polygon", "coordinates": [ [ [ -71.14754, 46.0715 ], [ -71.14717, 46.07669 ], [ -71.15345, 46.0795 ], [ -71.16008, 46.07712 ], [ -71.16044, 46.07194 ], [ -71.15417, 46.06913 ], [ -71.14754, 46.0715 ] ] ] } },
{ "type": "Feature", "properties": { "hex_id": 801064, "centroid_lon": -71.152724251006418, "centroid_lat": 46.089866524094468, "hours_count": 12.0, "datetimes_affected": "2026-01-05 00:50:46,2026-01-05 00:50:46,2026-01-05 00:50:46,2026-01-05 00:50:46,2026-01-05 00:50:46,2026-01-05 00:50:46" }, "geometry": { "type": "Polygon", "coordinates": [ [ [ -71.14645, 46.08706 ], [ -71.14609, 46.09224 ], [ -71.15236, 46.09505 ], [ -71.159, 46.09268 ], [ -71.15936, 46.08749 ], [ -71.15309, 46.08468 ], [ -71.14645, 46.08706 ] ] ] } },
{ "type": "Feature", "properties": { "hex_id": 801065, "centroid_lon": -71.151640777975928, "centroid_lat": 46.105420115795134, "hours_count": 12.0, "datetimes_affected": "2026-01-05 00:50:46,2026-01-05 00:50:46,2026-01-05 00:50:46,2026-01-05 00:50:46,2026-01-05 00:50:46,2026-01-05 00:50:46" }, "geometry": { "type": "Polygon", "coordinates": [ [ [ -71.14537, 46.10261 ], [ -71.145, 46.10779 ], [ -71.15128, 46.1106 ], [ -71.15792, 46.10823 ], [ -71.15828, 46.10305 ], [ -71.152, 46.10024 ], [ -71.14537, 46.10261 ] ] ] } },
{ "type": "Feature", "properties": { "hex_id": 801066, "centroid_lon": -71.150556412178673, "centroid_lat": 46.120973645220225, "hours_count": 12.0, "datetimes_affected": "2026-01-05 00:50:46,2026-01-05 00:50:46,2026-01-05 00:50:46,2026-01-05 00:50:46,2026-01-05 00:50:46,2026-01-05 00:50:46" }, "geometry": { "type": "Polygon", "coordinates": [ [ [ -71.14428, 46.11816 ], [ -71.14392, 46.12335 ], [ -71.15019, 46.12616 ], [ -71.15683, 46.12378 ], [ -71.15719, 46.1186 ], [ -71.15092, 46.11579 ], [ -71.14428, 46.11816 ] ] ] } },
{ "type": "Feature", "properties": { "hex_id": 801094, "centroid_lon": -71.119827972017816, "centroid_lat": 46.556447100818488, "hours_count": 12.0, "datetimes_affected": "2026-01-06 13:49:06,2026-01-06 13:49:06,2026-01-06 13:49:06,2026-01-06 13:49:06,2026-01-06 13:49:06,2026-01-06 13:49:06" }, "geometry": { "type": "Polygon", "coordinates": [ [ [ -71.11351, 46.55363 ], [ -71.11313, 46.55882 ], [ -71.11946, 46.56163 ], [ -71.12615, 46.55926 ], [ -71.12652, 46.55408 ], [ -71.1202, 46.55126 ], [ -71.11351, 46.55363 ] ] ] } },
{ "type": "Feature", "properties": { "hex_id": 801095, "centroid_lon": -71.118717314360822, "centroid_lat": 46.57199881518649, "hours_count": 12.0, "datetimes_affected": "2026-01-06 13:49:06,2026-01-06 13:49:06,2026-01-06 13:49:06,2026-01-06 13:49:06,2026-01-06 13:49:06,2026-01-06 13:49:06" }, "geometry": { "type": "Polygon", "coordinates": [ [ [ -71.11239, 46.56919 ], [ -71.11202, 46.57437 ], [ -71.11835, 46.57718 ], [ -71.12504, 46.57481 ], [ -71.12541, 46.56963 ], [ -71.11909, 46.56681 ], [ -71.11239, 46.56919 ] ] ] } },
{ "type": "Feature", "properties": { "hex_id": 801096, "centroid_lon": -71.117605736031464, "centroid_lat": 46.587550466650882, "hours_count": 12.0, "datetimes_affected": "2026-01-06 13:49:06,2026-01-06 13:49:06,2026-01-06 13:49:06,2026-01-06 13:49:06,2026-01-06 13:49:06,2026-01-06 13:49:06" }, "geometry": { "type": "Polygon", "coordinates": [ [ [ -71.11128, 46.58474 ], [ -71.11091, 46.58992 ], [ -71.11723, 46.59273 ], [ -71.12393, 46.59036 ], [ -71.1243, 46.58518 ], [ -71.11798, 46.58237 ], [ -71.11128, 46.58474 ] ] ] } },
{ "type": "Feature", "properties": { "hex_id": 801671, "centroid_lon": -71.150062603793117, "centroid_lat": 46.035211162181966, "hours_count": 12.0, "datetimes_affected": "2026-01-05 00:50:46,2026-01-05 00:50:46,2026-01-05 00:50:46,2026-01-05 00:50:46,2026-01-05 00:50:46,2026-01-05 00:50:46" }, "geometry": { "type": "Polygon", "coordinates": [ [ [ -71.1438, 46.0324 ], [ -71.14344, 46.03759 ], [ -71.1497, 46.0404 ], [ -71.15633, 46.03802 ], [ -71.15669, 46.03284 ], [ -71.15042, 46.03003 ], [ -71.1438, 46.0324 ] ] ] } },
{ "type": "Feature", "properties": { "hex_id": 801672, "centroid_lon": -71.148980447100868, "centroid_lat": 46.050764854388021, "hours_count": 12.0, "datetimes_affected": "2026-01-05 00:50:46,2026-01-05 00:50:46,2026-01-05 00:50:46,2026-01-05 00:50:46,2026-01-05 00:50:46,2026-01-05 00:50:46" }, "geometry": { "type": "Polygon", "coordinates": [ [ [ -71.14271, 46.04795 ], [ -71.14235, 46.05314 ], [ -71.14862, 46.05595 ], [ -71.15525, 46.05357 ], [ -71.15561, 46.04839 ], [ -71.14934, 46.04558 ], [ -71.14271, 46.04795 ] ] ] } },
{ "type": "Feature", "properties": { "hex_id": 801673, "centroid_lon": -71.147897399345979, "centroid_lat": 46.066318484325471, "hours_count": 12.0, "datetimes_affected": "2026-01-05 00:50:46,2026-01-05 00:50:46,2026-01-05 00:50:46,2026-01-05 00:50:46,2026-01-05 00:50:46,2026-01-05 00:50:46" }, "geometry": { "type": "Polygon", "coordinates": [ [ [ -71.14163, 46.06351 ], [ -71.14127, 46.06869 ], [ -71.14754, 46.0715 ], [ -71.15417, 46.06913 ], [ -71.15453, 46.06394 ], [ -71.14826, 46.06113 ], [ -71.14163, 46.06351 ] ] ] } },
{ "type": "Feature", "properties": { "hex_id": 801674, "centroid_lon": -71.14681345962056, "centroid_lat": 46.081872051973654, "hours_count": 12.0, "datetimes_affected": "2026-01-05 00:50:46,2026-01-05 00:50:46,2026-01-05 00:50:46,2026-01-05 00:50:46,2026-01-05 00:50:46,2026-01-05 00:50:46" }, "geometry": { "type": "Polygon", "coordinates": [ [ [ -71.14054, 46.07906 ], [ -71.14018, 46.08425 ], [ -71.14645, 46.08706 ], [ -71.15309, 46.08468 ], [ -71.15345, 46.0795 ], [ -71.14717, 46.07669 ], [ -71.14054, 46.07906 ] ] ] } },
{ "type": "Feature", "properties": { "hex_id": 801675, "centroid_lon": -71.145728627015458, "centroid_lat": 46.097425557311873, "hours_count": 12.0, "datetimes_affected": "2026-01-05 00:50:46,2026-01-05 00:50:46,2026-01-05 00:50:46,2026-01-05 00:50:46,2026-01-05 00:50:46,2026-01-05 00:50:46" }, "geometry": { "type": "Polygon", "coordinates": [ [ [ -71.13946, 46.09462 ], [ -71.13909, 46.0998 ], [ -71.14537, 46.10261 ], [ -71.152, 46.10024 ], [ -71.15236, 46.09505 ], [ -71.14609, 46.09224 ], [ -71.13946, 46.09462 ] ] ] } },
{ "type": "Feature", "properties": { "hex_id": 801676, "centroid_lon": -71.14464290062017, "centroid_lat": 46.112979000319378, "hours_count": 12.0, "datetimes_affected": "2026-01-05 00:50:46,2026-01-05 00:50:46,2026-01-05 00:50:46,2026-01-05 00:50:46,2026-01-05 00:50:46,2026-01-05 00:50:46" }, "geometry": { "type": "Polygon", "coordinates": [ [ [ -71.13837, 46.11017 ], [ -71.13801, 46.11535 ], [ -71.14428, 46.11816 ], [ -71.15092, 46.11579 ], [ -71.15128, 46.1106 ], [ -71.145, 46.10779 ], [ -71.13837, 46.11017 ] ] ] } },
{ "type": "Feature", "properties": { "hex_id": 801677, "centroid_lon": -71.143556279522954, "centroid_lat": 46.128532380975471, "hours_count": 12.0, "datetimes_affected": "2026-01-05 00:50:46,2026-01-05 00:50:46,2026-01-05 00:50:46,2026-01-05 00:50:46,2026-01-05 00:50:46,2026-01-05 00:50:46" }, "geometry": { "type": "Polygon", "coordinates": [ [ [ -71.13728, 46.12572 ], [ -71.13692, 46.13091 ], [ -71.14319, 46.13372 ], [ -71.14983, 46.13134 ], [ -71.15019, 46.12616 ], [ -71.14392, 46.12335 ], [ -71.13728, 46.12572 ] ] ] } },
{ "type": "Feature", "properties": { "hex_id": 801705, "centroid_lon": -71.112763896465935, "centroid_lat": 46.564001639917407, "hours_count": 12.0, "datetimes_affected": "2026-01-06 13:49:06,2026-01-06 13:49:06,2026-01-06 13:49:06,2026-01-06 13:49:06,2026-01-06 13:49:06,2026-01-06 13:49:06" }, "geometry": { "type": "Polygon", "coordinates": [ [ [ -71.10644, 46.56119 ], [ -71.10607, 46.56637 ], [ -71.11239, 46.56919 ], [ -71.11909, 46.56681 ], [ -71.11946, 46.56163 ], [ -71.11313, 46.55882 ], [ -71.10644, 46.56119 ] ] ] } },
{ "type": "Feature", "properties": { "hex_id": 801706, "centroid_lon": -71.111650926440973, "centroid_lat": 46.579553203281144, "hours_count": 12.0, "datetimes_affected": "2026-01-06 13:49:06,2026-01-06 13:49:06,2026-01-06 13:49:06,2026-01-06 13:49:06,2026-01-06 13:49:06,2026-01-06 13:49:06" }, "geometry": { "type": "Polygon", "coordinates": [ [ [ -71.10533, 46.57674 ], [ -71.10495, 46.58192 ], [ -71.11128, 46.58474 ], [ -71.11798, 46.58237 ], [ -71.11835, 46.57718 ], [ -71.11202, 46.57437 ], [ -71.10533, 46.57674 ] ] ] } },
{ "type": "Feature", "properties": { "hex_id": 802281, "centroid_lon": -71.144157537056017, "centroid_lat": 46.027216687776018, "hours_count": 12.0, "datetimes_affected": "2026-01-05 00:50:46,2026-01-05 00:50:46,2026-01-05 00:50:46,2026-01-05 00:50:46,2026-01-05 00:50:46,2026-01-05 00:50:46" }, "geometry": { "type": "Polygon", "coordinates": [ [ [ -71.13789, 46.02441 ], [ -71.13753, 46.02959 ], [ -71.1438, 46.0324 ], [ -71.15042, 46.03003 ], [ -71.15078, 46.02484 ], [ -71.14452, 46.02203 ], [ -71.13789, 46.02441 ] ] ] } },
{ "type": "Feature", "properties": { "hex_id": 802282, "centroid_lon": -71.143074025176418, "centroid_lat": 46.04277029364966, "hours_count": 12.0, "datetimes_affected": "2026-01-05 00:50:46,2026-01-05 00:50:46,2026-01-05 00:50:46,2026-01-05 00:50:46,2026-01-05 00:50:46,2026-01-05 00:50:46" }, "geometry": { "type": "Polygon", "coordinates": [ [ [ -71.13681, 46.03996 ], [ -71.13645, 46.04514 ], [ -71.14271, 46.04795 ], [ -71.14934, 46.04558 ], [ -71.1497, 46.0404 ], [ -71.14344, 46.03759 ], [ -71.13681, 46.03996 ] ] ] } },
{ "type": "Feature", "properties": { "hex_id": 802283, "centroid_lon": -71.141989621214535, "centroid_lat": 46.058323837199744, "hours_count": 12.0, "datetimes_affected": "2026-01-05 00:50:46,2026-01-05 00:50:46,2026-01-05 00:50:46,2026-01-05 00:50:46,2026-01-05 00:50:46,2026-01-05 00:50:46" }, "geometry": { "type": "Polygon", "coordinates": [ [ [ -71.13572, 46.05551 ], [ -71.13536, 46.0607 ], [ -71.14163, 46.06351 ], [ -71.14826, 46.06113 ], [ -71.14862, 46.05595 ], [ -71.14235, 46.05314 ], [ -71.13572, 46.05551 ] ] ] } },
{ "type": "Feature", "properties": { "hex_id": 802284, "centroid_lon": -71.140904324261669, "centroid_lat": 46.073877318405557, "hours_count": 12.0, "datetimes_affected": "2026-01-05 00:50:46,2026-01-05 00:50:46,2026-01-05 00:50:46,2026-01-05 00:50:46,2026-01-05 00:50:46,2026-01-05 00:50:46" }, "geometry": { "type": "Polygon", "coordinates": [ [ [ -71.13463, 46.07107 ], [ -71.13427, 46.07625 ], [ -71.14054, 46.07906 ], [ -71.14717, 46.07669 ], [ -71.14754, 46.0715 ], [ -71.14127, 46.06869 ], [ -71.13463, 46.07107 ] ] ] } },
{ "type": "Feature", "properties": { "hex_id": 802285, "centroid_lon": -71.139818133407815, "centroid_lat": 46.08943073724631, "hours_count": 12.0, "datetimes_affected": "2026-01-05 00:50:46,2026-01-05 00:50:46,2026-01-05 00:50:46,2026-01-05 00:50:46,2026-01-05 00:50:46,2026-01-05 00:50:46" }, "geometry": { "type": "Polygon", "coordinates": [ [ [ -71.13355, 46.08662 ], [ -71.13318, 46.0918 ], [ -71.13946, 46.09462 ], [ -71.14609, 46.09224 ], [ -71.14645, 46.08706 ], [ -71.14018, 46.08425 ], [ -71.13355, 46.08662 ] ] ] } },
{ "type": "Feature", "properties": { "hex_id": 802286, "centroid_lon": -71.138731047741643, "centroid_lat": 46.104984093701219, "hours_count": 12.0, "datetimes_affected": "2026-01-05 00:50:46,2026-01-05 00:50:46,2026-01-05 00:50:46,2026-01-05 00:50:46,2026-01-05 00:50:46,2026-01-05 00:50:46" }, "geometry": { "type": "Polygon", "coordinates": [ [ [ -71.13246, 46.10217 ], [ -71.13209, 46.10736 ], [ -71.13837, 46.11017 ], [ -71.145, 46.10779 ], [ -71.14537, 46.10261 ], [ -71.13909, 46.0998 ], [ -71.13246, 46.10217 ] ] ] } },
{ "type": "Feature", "properties": { "hex_id": 802287, "centroid_lon": -71.137643066350535, "centroid_lat": 46.120537387749508, "hours_count": 12.0, "datetimes_affected": "2026-01-05 00:50:46,2026-01-05 00:50:46,2026-01-05 00:50:46,2026-01-05 00:50:46,2026-01-05 00:50:46,2026-01-05 00:50:46" }, "geometry": { "type": "Polygon", "coordinates": [ [ [ -71.13137, 46.11773 ], [ -71.131, 46.12291 ], [ -71.13728, 46.12572 ], [ -71.14392, 46.12335 ], [ -71.14428, 46.11816 ], [ -71.13801, 46.11535 ], [ -71.13137, 46.11773 ] ] ] } },
{ "type": "Feature", "properties": { "hex_id": 802288, "centroid_lon": -71.136554188320559, "centroid_lat": 46.136090619370336, "hours_count": 12.0, "datetimes_affected": "2026-01-05 00:50:46,2026-01-05 00:50:46,2026-01-05 00:50:46,2026-01-05 00:50:46,2026-01-05 00:50:46,2026-01-05 00:50:46" }, "geometry": { "type": "Polygon", "coordinates": [ [ [ -71.13028, 46.13328 ], [ -71.12991, 46.13846 ], [ -71.13619, 46.14128 ], [ -71.14283, 46.1389 ], [ -71.14319, 46.13372 ], [ -71.13692, 46.13091 ], [ -71.13028, 46.13328 ] ] ] } },
{ "type": "Feature", "properties": { "hex_id": 802315, "centroid_lon": -71.106812176299584, "centroid_lat": 46.556004198998046, "hours_count": 12.0, "datetimes_affected": "2026-01-06 13:49:06,2026-01-06 13:49:06,2026-01-06 13:49:06,2026-01-06 13:49:06,2026-01-06 13:49:06,2026-01-06 13:49:06" }, "geometry": { "type": "Polygon", "coordinates": [ [ [ -71.10049, 46.55319 ], [ -71.10012, 46.55837 ], [ -71.10644, 46.56119 ], [ -71.11313, 46.55882 ], [ -71.11351, 46.55363 ], [ -71.10718, 46.55082 ], [ -71.10049, 46.55319 ] ] ] } },
{ "type": "Feature", "properties": { "hex_id": 802316, "centroid_lon": -71.105697815945135, "centroid_lat": 46.57155567412493, "hours_count": 12.0, "datetimes_affected": "2026-01-06 13:49:06,2026-01-06 13:49:06,2026-01-06 13:49:06,2026-01-06 13:49:06,2026-01-06 13:49:06,2026-01-06 13:49:06" }, "geometry": { "type": "Polygon", "coordinates": [ [ [ -71.09937, 46.56874 ], [ -71.099, 46.57393 ], [ -71.10533, 46.57674 ], [ -71.11202, 46.57437 ], [ -71.11239, 46.56919 ], [ -71.10607, 46.56637 ], [ -71.09937, 46.56874 ] ] ] } },
{ "type": "Feature", "properties": { "hex_id": 802317, "centroid_lon": -71.104582531868701, "centroid_lat": 46.587107086212711, "hours_count": 12.0, "datetimes_affected": "2026-01-06 13:49:06,2026-01-06 13:49:06,2026-01-06 13:49:06,2026-01-06 13:49:06,2026-01-06 13:49:06,2026-01-06 13:49:06" }, "geometry": { "type": "Polygon", "coordinates": [ [ [ -71.09826, 46.58429 ], [ -71.09788, 46.58948 ], [ -71.10421, 46.59229 ], [ -71.11091, 46.58992 ], [ -71.11128, 46.58474 ], [ -71.10495, 46.58192 ], [ -71.09826, 46.58429 ] ] ] } },
{ "type": "Feature", "properties": { "hex_id": 802891, "centroid_lon": -71.138254121394652, "centroid_lat": 46.019221952584303, "hours_count": 12.0, "datetimes_affected": "2026-01-05 00:50:46,2026-01-05 00:50:46,2026-01-05 00:50:46,2026-01-05 00:50:46,2026-01-05 00:50:46,2026-01-05 00:50:46" }, "geometry": { "type": "Polygon", "coordinates": [ [ [ -71.13199, 46.01641 ], [ -71.13163, 46.0216 ], [ -71.13789, 46.02441 ], [ -71.14452, 46.02203 ], [ -71.14488, 46.01685 ], [ -71.13862, 46.01404 ], [ -71.13199, 46.01641 ] ] ] } },
{ "type": "Feature", "properties": { "hex_id": 802892, "centroid_lon": -71.137169255648757, "centroid_lat": 46.034775471990791, "hours_count": 12.0, "datetimes_affected": "2026-01-05 00:50:46,2026-01-05 00:50:46,2026-01-05 00:50:46,2026-01-05 00:50:46,2026-01-05 00:50:46,2026-01-05 00:50:46" }, "geometry": { "type": "Polygon", "coordinates": [ [ [ -71.1309, 46.03196 ], [ -71.13054, 46.03715 ], [ -71.13681, 46.03996 ], [ -71.14344, 46.03759 ], [ -71.1438, 46.0324 ], [ -71.13753, 46.02959 ], [ -71.1309, 46.03196 ] ] ] } },
{ "type": "Feature", "properties": { "hex_id": 802893, "centroid_lon": -71.1360834968022, "centroid_lat": 46.050328929018733, "hours_count": 12.0, "datetimes_affected": "2026-01-05 00:50:46,2026-01-05 00:50:46,2026-01-05 00:50:46,2026-01-05 00:50:46,2026-01-05 00:50:46,2026-01-05 00:50:46" }, "geometry": { "type": "Polygon", "coordinates": [ [ [ -71.12982, 46.04752 ], [ -71.12945, 46.0527 ], [ -71.13572, 46.05551 ], [ -71.14235, 46.05314 ], [ -71.14271, 46.04795 ], [ -71.13645, 46.04514 ], [ -71.12982, 46.04752 ] ] ] } },
{ "type": "Feature", "properties": { "hex_id": 802894, "centroid_lon": -71.134996843945487, "centroid_lat": 46.065882323647322, "hours_count": 12.0, "datetimes_affected": "2026-01-05 00:50:46,2026-01-05 00:50:46,2026-01-05 00:50:46,2026-01-05 00:50:46,2026-01-05 00:50:46,2026-01-05 00:50:46" }, "geometry": { "type": "Polygon", "coordinates": [ [ [ -71.12873, 46.06307 ], [ -71.12837, 46.06826 ], [ -71.13463, 46.07107 ], [ -71.14127, 46.06869 ], [ -71.14163, 46.06351 ], [ -71.13536, 46.0607 ], [ -71.12873, 46.06307 ] ] ] } },
{ "type": "Feature", "properties": { "hex_id": 802895, "centroid_lon": -71.133909296167744, "centroid_lat": 46.081435655855749, "hours_count": 12.0, "datetimes_affected": "2026-01-05 00:50:46,2026-01-05 00:50:46,2026-01-05 00:50:46,2026-01-05 00:50:46,2026-01-05 00:50:46,2026-01-05 00:50:46" }, "geometry": { "type": "Polygon", "coordinates": [ [ [ -71.12764, 46.07862 ], [ -71.12728, 46.08381 ], [ -71.13355, 46.08662 ], [ -71.14018, 46.08425 ], [ -71.14054, 46.07906 ], [ -71.13427, 46.07625 ], [ -71.12764, 46.07862 ] ] ] } },
{ "type": "Feature", "properties": { "hex_id": 802896, "centroid_lon": -71.132820852556804, "centroid_lat": 46.096988925623187, "hours_count": 12.0, "datetimes_affected": "2026-01-05 00:50:46,2026-01-05 00:50:46,2026-01-05 00:50:46,2026-01-05 00:50:46,2026-01-05 00:50:46,2026-01-05 00:50:46" }, "geometry": { "type": "Polygon", "coordinates": [ [ [ -71.12655, 46.09418 ], [ -71.12619, 46.09936 ], [ -71.13246, 46.10217 ], [ -71.13909, 46.0998 ], [ -71.13946, 46.09462 ], [ -71.13318, 46.0918 ], [ -71.12655, 46.09418 ] ] ] } },
{ "type": "Feature", "properties": { "hex_id": 802897, "centroid_lon": -71.131731512199224, "centroid_lat": 46.112542132928695, "hours_count": 12.0, "datetimes_affected": "2026-01-05 00:50:46,2026-01-05 00:50:46,2026-01-05 00:50:46,2026-01-05 00:50:46,2026-01-05 00:50:46,2026-01-05 00:50:46" }, "geometry": { "type": "Polygon", "coordinates": [ [ [ -71.12546, 46.10973 ], [ -71.12509, 46.11492 ], [ -71.13137, 46.11773 ], [ -71.13801, 46.11535 ], [ -71.13837, 46.11017 ], [ -71.13209, 46.10736 ], [ -71.12546, 46.10973 ] ] ] } },
{ "type": "Feature", "properties": { "hex_id": 802898, "centroid_lon": -71.130641274180235, "centroid_lat": 46.128095277751477, "hours_count": 12.0, "datetimes_affected": "2026-01-05 00:50:46,2026-01-05 00:50:46,2026-01-05 00:50:46,2026-01-05 00:50:46,2026-01-05 00:50:46,2026-01-05 00:50:46" }, "geometry": { "type": "Polygon", "coordinates": [ [ [ -71.12437, 46.12528 ], [ -71.124, 46.13047 ], [ -71.13028, 46.13328 ], [ -71.13692, 46.13091 ], [ -71.13728, 46.12572 ], [ -71.131, 46.12291 ], [ -71.12437, 46.12528 ] ] ] } },
{ "type": "Feature", "properties": { "hex_id": 802926, "centroid_lon": -71.09974640352722, "centroid_lat": 46.56355787944328, "hours_count": 12.0, "datetimes_affected": "2026-01-06 13:49:06,2026-01-06 13:49:06,2026-01-06 13:49:06,2026-01-06 13:49:06,2026-01-06 13:49:06,2026-01-06 13:49:06" }, "geometry": { "type": "Polygon", "coordinates": [ [ [ -71.09342, 46.56074 ], [ -71.09305, 46.56593 ], [ -71.09937, 46.56874 ], [ -71.10607, 46.56637 ], [ -71.10644, 46.56119 ], [ -71.10012, 46.55837 ], [ -71.09342, 46.56074 ] ] ] } },
{ "type": "Feature", "properties": { "hex_id": 802927, "centroid_lon": -71.098629729439168, "centroid_lat": 46.579109203100906, "hours_count": 12.0, "datetimes_affected": "2026-01-06 13:49:06,2026-01-06 13:49:06,2026-01-06 13:49:06,2026-01-06 13:49:06,2026-01-06 13:49:06,2026-01-06 13:49:06" }, "geometry": { "type": "Polygon", "coordinates": [ [ [ -71.09231, 46.57629 ], [ -71.09193, 46.58148 ], [ -71.09826, 46.58429 ], [ -71.10495, 46.58192 ], [ -71.10533, 46.57674 ], [ -71.099, 46.57393 ], [ -71.09231, 46.57629 ] ] ] } },
{ "type": "Feature", "properties": { "hex_id": 803501, "centroid_lon": -71.13235235582826, "centroid_lat": 46.011226956863553, "hours_count": 12.0, "datetimes_affected": "2026-01-05 00:50:46,2026-01-05 00:50:46,2026-01-05 00:50:46,2026-01-05 00:50:46,2026-01-05 00:50:46,2026-01-05 00:50:46" }, "geometry": { "type": "Polygon", "coordinates": [ [ [ -71.12609, 46.00842 ], [ -71.12573, 46.0136 ], [ -71.13199, 46.01641 ], [ -71.13862, 46.01404 ], [ -71.13898, 46.00885 ], [ -71.13271, 46.00604 ], [ -71.12609, 46.00842 ] ] ] } },
{ "type": "Feature", "properties": { "hex_id": 803502, "centroid_lon": -71.13126613753613, "centroid_lat": 46.026780389668247, "hours_count": 12.0, "datetimes_affected": "2026-01-05 00:50:46,2026-01-05 00:50:46,2026-01-05 00:50:46,2026-01-05 00:50:46,2026-01-05 00:50:46,2026-01-05 00:50:46" }, "geometry": { "type": "Polygon", "coordinates": [ [ [ -71.125, 46.02397 ], [ -71.12464, 46.02915 ], [ -71.1309, 46.03196 ], [ -71.13753, 46.02959 ], [ -71.13789, 46.02441 ], [ -71.13163, 46.0216 ], [ -71.125, 46.02397 ] ] ] } },
{ "type": "Feature", "properties": { "hex_id": 803503, "centroid_lon": -71.130179025126267, "centroid_lat": 46.042333760039369, "hours_count": 12.0, "datetimes_affected": "2026-01-05 00:50:46,2026-01-05 00:50:46,2026-01-05 00:50:46,2026-01-05 00:50:46,2026-01-05 00:50:46,2026-01-05 00:50:46" }, "geometry": { "type": "Polygon", "coordinates": [ [ [ -71.12391, 46.03952 ], [ -71.12355, 46.04471 ], [ -71.12982, 46.04752 ], [ -71.13645, 46.04514 ], [ -71.13681, 46.03996 ], [ -71.13054, 46.03715 ], [ -71.12391, 46.03952 ] ] ] } },
{ "type": "Feature", "properties": { "hex_id": 803504, "centroid_lon": -71.129091017688282, "centroid_lat": 46.057887067956052, "hours_count": 12.0, "datetimes_affected": "2026-01-05 00:50:46,2026-01-05 00:50:46,2026-01-05 00:50:46,2026-01-05 00:50:46,2026-01-05 00:50:46,2026-01-05 00:50:46" }, "geometry": { "type": "Polygon", "coordinates": [ [ [ -71.12282, 46.05508 ], [ -71.12246, 46.06026 ], [ -71.12873, 46.06307 ], [ -71.13536, 46.0607 ], [ -71.13572, 46.05551 ], [ -71.12945, 46.0527 ], [ -71.12282, 46.05508 ] ] ] } },
{ "type": "Feature", "properties": { "hex_id": 803505, "centroid_lon": -71.128002114310505, "centroid_lat": 46.073440313397398, "hours_count": 12.0, "datetimes_affected": "2026-01-05 00:50:46,2026-01-05 00:50:46,2026-01-05 00:50:46,2026-01-05 00:50:46,2026-01-05 00:50:46,2026-01-05 00:50:46" }, "geometry": { "type": "Polygon", "coordinates": [ [ [ -71.12173, 46.07063 ], [ -71.12137, 46.07581 ], [ -71.12764, 46.07862 ], [ -71.13427, 46.07625 ], [ -71.13463, 46.07107 ], [ -71.12837, 46.06826 ], [ -71.12173, 46.07063 ] ] ] } },
{ "type": "Feature", "properties": { "hex_id": 803506, "centroid_lon": -71.126912314079931, "centroid_lat": 46.088993496342511, "hours_count": 12.0, "datetimes_affected": "2026-01-05 00:50:46,2026-01-05 00:50:46,2026-01-05 00:50:46,2026-01-05 00:50:46,2026-01-05 00:50:46,2026-01-05 00:50:46" }, "geometry": { "type": "Polygon", "coordinates": [ [ [ -71.12064, 46.08618 ], [ -71.12028, 46.09137 ], [ -71.12655, 46.09418 ], [ -71.13318, 46.0918 ], [ -71.13355, 46.08662 ], [ -71.12728, 46.08381 ], [ -71.12064, 46.08618 ] ] ] } },
{ "type": "Feature", "properties": { "hex_id": 803507, "centroid_lon": -71.125821616082305, "centroid_lat": 46.104546616770463, "hours_count": 12.0, "datetimes_affected": "2026-01-05 00:50:46,2026-01-05 00:50:46,2026-01-05 00:50:46,2026-01-05 00:50:46,2026-01-05 00:50:46,2026-01-05 00:50:46" }, "geometry": { "type": "Polygon", "coordinates": [ [ [ -71.11955, 46.10174 ], [ -71.11918, 46.10692 ], [ -71.12546, 46.10973 ], [ -71.13209, 46.10736 ], [ -71.13246, 46.10217 ], [ -71.12619, 46.09936 ], [ -71.11955, 46.10174 ] ] ] } },
{ "type": "Feature", "properties": { "hex_id": 803508, "centroid_lon": -71.12473001940198, "centroid_lat": 46.120099674660302, "hours_count": 12.0, "datetimes_affected": "2026-01-05 00:50:46,2026-01-05 00:50:46,2026-01-05 00:50:46,2026-01-05 00:50:46,2026-01-05 00:50:46,2026-01-05 00:50:46" }, "geometry": { "type": "Polygon", "coordinates": [ [ [ -71.11846, 46.11729 ], [ -71.11809, 46.12247 ], [ -71.12437, 46.12528 ], [ -71.131, 46.12291 ], [ -71.13137, 46.11773 ], [ -71.12509, 46.11492 ], [ -71.11846, 46.11729 ] ] ] } },
{ "type": "Feature", "properties": { "hex_id": 803509, "centroid_lon": -71.123637523122056, "centroid_lat": 46.135652669991082, "hours_count": 12.0, "datetimes_affected": "2026-01-05 00:50:46,2026-01-05 00:50:46,2026-01-05 00:50:46,2026-01-05 00:50:46,2026-01-05 00:50:46,2026-01-05 00:50:46" }, "geometry": { "type": "Polygon", "coordinates": [ [ [ -71.11736, 46.13284 ], [ -71.117, 46.13803 ], [ -71.12327, 46.14084 ], [ -71.12991, 46.13846 ], [ -71.13028, 46.13328 ], [ -71.124, 46.13047 ], [ -71.11736, 46.13284 ] ] ] } },
{ "type": "Feature", "properties": { "hex_id": 804112, "centroid_lon": -71.12536466985739, "centroid_lat": 46.018785046938717, "hours_count": 12.0, "datetimes_affected": "2026-01-05 00:50:46,2026-01-05 00:50:46,2026-01-05 00:50:46,2026-01-05 00:50:46,2026-01-05 00:50:46,2026-01-05 00:50:46" }, "geometry": { "type": "Polygon", "coordinates": [ [ [ -71.1191, 46.01597 ], [ -71.11874, 46.02116 ], [ -71.125, 46.02397 ], [ -71.13163, 46.0216 ], [ -71.13199, 46.01641 ], [ -71.12573, 46.0136 ], [ -71.1191, 46.01597 ] ] ] } },
{ "type": "Feature", "properties": { "hex_id": 804113, "centroid_lon": -71.124276205204538, "centroid_lat": 46.034338330518452, "hours_count": 12.0, "datetimes_affected": "2026-01-05 00:50:46,2026-01-05 00:50:46,2026-01-05 00:50:46,2026-01-05 00:50:46,2026-01-05 00:50:46,2026-01-05 00:50:46" }, "geometry": { "type": "Polygon", "coordinates": [ [ [ -71.11801, 46.03153 ], [ -71.11765, 46.03671 ], [ -71.12391, 46.03952 ], [ -71.13054, 46.03715 ], [ -71.1309, 46.03196 ], [ -71.12464, 46.02915 ], [ -71.11801, 46.03153 ] ] ] } },
{ "type": "Feature", "properties": { "hex_id": 804114, "centroid_lon": -71.123186844506904, "centroid_lat": 46.049891551588615, "hours_count": 12.0, "datetimes_affected": "2026-01-05 00:50:46,2026-01-05 00:50:46,2026-01-05 00:50:46,2026-01-05 00:50:46,2026-01-05 00:50:46,2026-01-05 00:50:46" }, "geometry": { "type": "Polygon", "coordinates": [ [ [ -71.11692, 46.04708 ], [ -71.11656, 46.05226 ], [ -71.12282, 46.05508 ], [ -71.12945, 46.0527 ], [ -71.12982, 46.04752 ], [ -71.12355, 46.04471 ], [ -71.11692, 46.04708 ] ] ] } },
{ "type": "Feature", "properties": { "hex_id": 804115, "centroid_lon": -71.122096586851981, "centroid_lat": 46.065444710128254, "hours_count": 12.0, "datetimes_affected": "2026-01-05 00:50:46,2026-01-05 00:50:46,2026-01-05 00:50:46,2026-01-05 00:50:46,2026-01-05 00:50:46,2026-01-05 00:50:46" }, "geometry": { "type": "Polygon", "coordinates": [ [ [ -71.11583, 46.06263 ], [ -71.11546, 46.06782 ], [ -71.12173, 46.07063 ], [ -71.12837, 46.06826 ], [ -71.12873, 46.06307 ], [ -71.12246, 46.06026 ], [ -71.11583, 46.06263 ] ] ] } },
{ "type": "Feature", "properties": { "hex_id": 804116, "centroid_lon": -71.121005431325926, "centroid_lat": 46.0809978061164, "hours_count": 12.0, "datetimes_affected": "2026-01-05 00:50:46,2026-01-05 00:50:46,2026-01-05 00:50:46,2026-01-05 00:50:46,2026-01-05 00:50:46,2026-01-05 00:50:46" }, "geometry": { "type": "Polygon", "coordinates": [ [ [ -71.11474, 46.07819 ], [ -71.11437, 46.08337 ], [ -71.12064, 46.08618 ], [ -71.12728, 46.08381 ], [ -71.12764, 46.07862 ], [ -71.12137, 46.07581 ], [ -71.11474, 46.07819 ] ] ] } },
{ "type": "Feature", "properties": { "hex_id": 804117, "centroid_lon": -71.119913377013646, "centroid_lat": 46.096550839532078, "hours_count": 12.0, "datetimes_affected": "2026-01-05 00:50:46,2026-01-05 00:50:46,2026-01-05 00:50:46,2026-01-05 00:50:46,2026-01-05 00:50:46,2026-01-05 00:50:46" }, "geometry": { "type": "Polygon", "coordinates": [ [ [ -71.11364, 46.09374 ], [ -71.11328, 46.09892 ], [ -71.11955, 46.10174 ], [ -71.12619, 46.09936 ], [ -71.12655, 46.09418 ], [ -71.12028, 46.09137 ], [ -71.11364, 46.09374 ] ] ] } },
{ "type": "Feature", "properties": { "hex_id": 804118, "centroid_lon": -71.118820422998681, "centroid_lat": 46.112103810354242, "hours_count": 12.0, "datetimes_affected": "2026-01-05 00:50:46,2026-01-05 00:50:46,2026-01-05 00:50:46,2026-01-05 00:50:46,2026-01-05 00:50:46,2026-01-05 00:50:46" }, "geometry": { "type": "Polygon", "coordinates": [ [ [ -71.11255, 46.10929 ], [ -71.11218, 46.11448 ], [ -71.11846, 46.11729 ], [ -71.12509, 46.11492 ], [ -71.12546, 46.10973 ], [ -71.11918, 46.10692 ], [ -71.11255, 46.10929 ] ] ] } },
{ "type": "Feature", "properties": { "hex_id": 804119, "centroid_lon": -71.117726568363281, "centroid_lat": 46.127656718561902, "hours_count": 12.0, "datetimes_affected": "2026-01-05 00:50:46,2026-01-05 00:50:46,2026-01-05 00:50:46,2026-01-05 00:50:46,2026-01-05 00:50:46,2026-01-05 00:50:46" }, "geometry": { "type": "Polygon", "coordinates": [ [ [ -71.11145, 46.12484 ], [ -71.11109, 46.13003 ], [ -71.11736, 46.13284 ], [ -71.124, 46.13047 ], [ -71.12437, 46.12528 ], [ -71.11809, 46.12247 ], [ -71.11145, 46.12484 ] ] ] } },
{ "type": "Feature", "properties": { "hex_id": 804120, "centroid_lon": -71.116631812188388, "centroid_lat": 46.143209564133983, "hours_count": 12.0, "datetimes_affected": "2026-01-05 00:50:46,2026-01-05 00:50:46,2026-01-05 00:50:46,2026-01-05 00:50:46,2026-01-05 00:50:46,2026-01-05 00:50:46" }, "geometry": { "type": "Polygon", "coordinates": [ [ [ -71.11036, 46.1404 ], [ -71.10999, 46.14558 ], [ -71.11627, 46.14839 ], [ -71.12291, 46.14602 ], [ -71.12327, 46.14084 ], [ -71.117, 46.13803 ], [ -71.11036, 46.1404 ] ] ] } },
{ "type": "Feature", "properties": { "hex_id": 804261, "centroid_lon": -70.952783514728679, "centroid_lat": 48.335523362367134, "hours_count": 6.0, "datetimes_affected": "2026-01-05 10:38:44,2026-01-05 10:38:44,2026-01-05 10:38:44,2026-01-05 10:38:44,2026-01-05 10:38:44,2026-01-05 10:38:44" }, "geometry": { "type": "Polygon", "coordinates": [ [ [ -70.94626, 48.3327 ], [ -70.94585, 48.33788 ], [ -70.95237, 48.3407 ], [ -70.95931, 48.33835 ], [ -70.95972, 48.33317 ], [ -70.95319, 48.33034 ], [ -70.94626, 48.3327 ] ] ] } },
{ "type": "Feature", "properties": { "hex_id": 804722, "centroid_lon": -71.119464851631918, "centroid_lat": 46.010789444058751, "hours_count": 12.0, "datetimes_affected": "2026-01-05 00:50:46,2026-01-05 00:50:46,2026-01-05 00:50:46,2026-01-05 00:50:46,2026-01-05 00:50:46,2026-01-05 00:50:46" }, "geometry": { "type": "Polygon", "coordinates": [ [ [ -71.1132, 46.00798 ], [ -71.11284, 46.01316 ], [ -71.1191, 46.01597 ], [ -71.12573, 46.0136 ], [ -71.12609, 46.00842 ], [ -71.11983, 46.00561 ], [ -71.1132, 46.00798 ] ] ] } },
{ "type": "Feature", "properties": { "hex_id": 804723, "centroid_lon": -71.118375036055426, "centroid_lat": 46.026342640712677, "hours_count": 12.0, "datetimes_affected": "2026-01-05 00:50:46,2026-01-05 00:50:46,2026-01-05 00:50:46,2026-01-05 00:50:46,2026-01-05 00:50:46,2026-01-05 00:50:46" }, "geometry": { "type": "Polygon", "coordinates": [ [ [ -71.11211, 46.02353 ], [ -71.11175, 46.02872 ], [ -71.11801, 46.03153 ], [ -71.12464, 46.02915 ], [ -71.125, 46.02397 ], [ -71.11874, 46.02116 ], [ -71.11211, 46.02353 ] ] ] } },
{ "type": "Feature", "properties": { "hex_id": 804724, "centroid_lon": -71.117284323418758, "centroid_lat": 46.041895774801851, "hours_count": 12.0, "datetimes_affected": "2026-01-05 00:50:46,2026-01-05 00:50:46,2026-01-05 00:50:46,2026-01-05 00:50:46,2026-01-05 00:50:46,2026-01-05 00:50:46" }, "geometry": { "type": "Polygon", "coordinates": [ [ [ -71.11102, 46.03908 ], [ -71.11065, 46.04427 ], [ -71.11692, 46.04708 ], [ -71.12355, 46.04471 ], [ -71.12391, 46.03952 ], [ -71.11765, 46.03671 ], [ -71.11102, 46.03908 ] ] ] } },
{ "type": "Feature", "properties": { "hex_id": 804725, "centroid_lon": -71.116192712808569, "centroid_lat": 46.05744884630527, "hours_count": 12.0, "datetimes_affected": "2026-01-05 00:50:46,2026-01-05 00:50:46,2026-01-05 00:50:46,2026-01-05 00:50:46,2026-01-05 00:50:46,2026-01-05 00:50:46" }, "geometry": { "type": "Polygon", "coordinates": [ [ [ -71.10993, 46.05464 ], [ -71.10956, 46.05982 ], [ -71.11583, 46.06263 ], [ -71.12246, 46.06026 ], [ -71.12282, 46.05508 ], [ -71.11656, 46.05226 ], [ -71.10993, 46.05464 ] ] ] } },
{ "type": "Feature", "properties": { "hex_id": 804726, "centroid_lon": -71.115100203310206, "centroid_lat": 46.073001855201902, "hours_count": 12.0, "datetimes_affected": "2026-01-05 00:50:46,2026-01-05 00:50:46,2026-01-05 00:50:46,2026-01-05 00:50:46,2026-01-05 00:50:46,2026-01-05 00:50:46" }, "geometry": { "type": "Polygon", "coordinates": [ [ [ -71.10883, 46.07019 ], [ -71.10847, 46.07537 ], [ -71.11474, 46.07819 ], [ -71.12137, 46.07581 ], [ -71.12173, 46.07063 ], [ -71.11546, 46.06782 ], [ -71.10883, 46.07019 ] ] ] } },
{ "type": "Feature", "properties": { "hex_id": 804727, "centroid_lon": -71.114006794007707, "centroid_lat": 46.088554801470679, "hours_count": 12.0, "datetimes_affected": "2026-01-05 00:50:46,2026-01-05 00:50:46,2026-01-05 00:50:46,2026-01-05 00:50:46,2026-01-05 00:50:46,2026-01-05 00:50:46" }, "geometry": { "type": "Polygon", "coordinates": [ [ [ -71.10774, 46.08574 ], [ -71.10737, 46.09093 ], [ -71.11364, 46.09374 ], [ -71.12028, 46.09137 ], [ -71.12064, 46.08618 ], [ -71.11437, 46.08337 ], [ -71.10774, 46.08574 ] ] ] } },
{ "type": "Feature", "properties": { "hex_id": 804728, "centroid_lon": -71.112912483983806, "centroid_lat": 46.104107685090547, "hours_count": 12.0, "datetimes_affected": "2026-01-05 00:50:46,2026-01-05 00:50:46,2026-01-05 00:50:46,2026-01-05 00:50:46,2026-01-05 00:50:46,2026-01-05 00:50:46" }, "geometry": { "type": "Polygon", "coordinates": [ [ [ -71.10664, 46.1013 ], [ -71.10628, 46.10648 ], [ -71.11255, 46.10929 ], [ -71.11918, 46.10692 ], [ -71.11955, 46.10174 ], [ -71.11328, 46.09892 ], [ -71.10664, 46.1013 ] ] ] } },
{ "type": "Feature", "properties": { "hex_id": 804729, "centroid_lon": -71.111817272319897, "centroid_lat": 46.119660506040404, "hours_count": 12.0, "datetimes_affected": "2026-01-05 00:50:46,2026-01-05 00:50:46,2026-01-05 00:50:46,2026-01-05 00:50:46,2026-01-05 00:50:46,2026-01-05 00:50:46" }, "geometry": { "type": "Polygon", "coordinates": [ [ [ -71.10554, 46.11685 ], [ -71.10518, 46.12203 ], [ -71.11145, 46.12484 ], [ -71.11809, 46.12247 ], [ -71.11846, 46.11729 ], [ -71.11218, 46.11448 ], [ -71.10554, 46.11685 ] ] ] } },
{ "type": "Feature", "properties": { "hex_id": 804730, "centroid_lon": -71.110721158096112, "centroid_lat": 46.135213264299139, "hours_count": 12.0, "datetimes_affected": "2026-01-05 00:50:46,2026-01-05 00:50:46,2026-01-05 00:50:46,2026-01-05 00:50:46,2026-01-05 00:50:46,2026-01-05 00:50:46" }, "geometry": { "type": "Polygon", "coordinates": [ [ [ -71.10445, 46.1324 ], [ -71.10408, 46.13759 ], [ -71.11036, 46.1404 ], [ -71.117, 46.13803 ], [ -71.11736, 46.13284 ], [ -71.11109, 46.13003 ], [ -71.10445, 46.1324 ] ] ] } },
{ "type": "Feature", "properties": { "hex_id": 804871, "centroid_lon": -70.946670745285189, "centroid_lat": 48.327514163286367, "hours_count": 6.0, "datetimes_affected": "2026-01-05 10:38:44,2026-01-05 10:38:44,2026-01-05 10:38:44,2026-01-05 10:38:44,2026-01-05 10:38:44,2026-01-05 10:38:44" }, "geometry": { "type": "Polygon", "coordinates": [ [ [ -70.94015, 48.32469 ], [ -70.93974, 48.32987 ], [ -70.94626, 48.3327 ], [ -70.95319, 48.33034 ], [ -70.9536, 48.32516 ], [ -70.94708, 48.32233 ], [ -70.94015, 48.32469 ] ] ] } },
{ "type": "Feature", "properties": { "hex_id": 805332, "centroid_lon": -71.113566681879689, "centroid_lat": 46.002793581284799, "hours_count": 12.0, "datetimes_affected": "2026-01-05 00:50:46,2026-01-05 00:50:46,2026-01-05 00:50:46,2026-01-05 00:50:46,2026-01-05 00:50:46,2026-01-05 00:50:46" }, "geometry": { "type": "Polygon", "coordinates": [ [ [ -71.10731, 45.99998 ], [ -71.10694, 46.00517 ], [ -71.1132, 46.00798 ], [ -71.11983, 46.00561 ], [ -71.12019, 46.00042 ], [ -71.11393, 45.99761 ], [ -71.10731, 45.99998 ] ] ] } },
{ "type": "Feature", "properties": { "hex_id": 805333, "centroid_lon": -71.112475516697927, "centroid_lat": 46.01834669087858, "hours_count": 12.0, "datetimes_affected": "2026-01-05 00:50:46,2026-01-05 00:50:46,2026-01-05 00:50:46,2026-01-05 00:50:46,2026-01-05 00:50:46,2026-01-05 00:50:46" }, "geometry": { "type": "Polygon", "coordinates": [ [ [ -71.10621, 46.01553 ], [ -71.10585, 46.02072 ], [ -71.11211, 46.02353 ], [ -71.11874, 46.02116 ], [ -71.1191, 46.01597 ], [ -71.11284, 46.01316 ], [ -71.10621, 46.01553 ] ] ] } },
{ "type": "Feature", "properties": { "hex_id": 805334, "centroid_lon": -71.11138345344186, "centroid_lat": 46.033899737852408, "hours_count": 12.0, "datetimes_affected": "2026-01-05 00:50:46,2026-01-05 00:50:46,2026-01-05 00:50:46,2026-01-05 00:50:46,2026-01-05 00:50:46,2026-01-05 00:50:46" }, "geometry": { "type": "Polygon", "coordinates": [ [ [ -71.10512, 46.03109 ], [ -71.10475, 46.03627 ], [ -71.11102, 46.03908 ], [ -71.11765, 46.03671 ], [ -71.11801, 46.03153 ], [ -71.11175, 46.02872 ], [ -71.10512, 46.03109 ] ] ] } },
{ "type": "Feature", "properties": { "hex_id": 805335, "centroid_lon": -71.110290491197304, "centroid_lat": 46.049452722185208, "hours_count": 12.0, "datetimes_affected": "2026-01-05 00:50:46,2026-01-05 00:50:46,2026-01-05 00:50:46,2026-01-05 00:50:46,2026-01-05 00:50:46,2026-01-05 00:50:46" }, "geometry": { "type": "Polygon", "coordinates": [ [ [ -71.10402, 46.04664 ], [ -71.10366, 46.05182 ], [ -71.10993, 46.05464 ], [ -71.11656, 46.05226 ], [ -71.11692, 46.04708 ], [ -71.11065, 46.04427 ], [ -71.10402, 46.04664 ] ] ] } },
{ "type": "Feature", "properties": { "hex_id": 805336, "centroid_lon": -71.109196629048782, "centroid_lat": 46.065005643855891, "hours_count": 12.0, "datetimes_affected": "2026-01-05 00:50:46,2026-01-05 00:50:46,2026-01-05 00:50:46,2026-01-05 00:50:46,2026-01-05 00:50:46,2026-01-05 00:50:46" }, "geometry": { "type": "Polygon", "coordinates": [ [ [ -71.10293, 46.06219 ], [ -71.10256, 46.06738 ], [ -71.10883, 46.07019 ], [ -71.11546, 46.06782 ], [ -71.11583, 46.06263 ], [ -71.10956, 46.05982 ], [ -71.10293, 46.06219 ] ] ] } },
{ "type": "Feature", "properties": { "hex_id": 805337, "centroid_lon": -71.10810186607948, "centroid_lat": 46.08055850284331, "hours_count": 12.0, "datetimes_affected": "2026-01-05 00:50:46,2026-01-05 00:50:46,2026-01-05 00:50:46,2026-01-05 00:50:46,2026-01-05 00:50:46,2026-01-05 00:50:46" }, "geometry": { "type": "Polygon", "coordinates": [ [ [ -71.10183, 46.07775 ], [ -71.10147, 46.08293 ], [ -71.10774, 46.08574 ], [ -71.11437, 46.08337 ], [ -71.11474, 46.07819 ], [ -71.10847, 46.07537 ], [ -71.10183, 46.07775 ] ] ] } },
{ "type": "Feature", "properties": { "hex_id": 805338, "centroid_lon": -71.107006201371334, "centroid_lat": 46.096111299126363, "hours_count": 12.0, "datetimes_affected": "2026-01-05 00:50:46,2026-01-05 00:50:46,2026-01-05 00:50:46,2026-01-05 00:50:46,2026-01-05 00:50:46,2026-01-05 00:50:46" }, "geometry": { "type": "Polygon", "coordinates": [ [ [ -71.10074, 46.0933 ], [ -71.10037, 46.09848 ], [ -71.10664, 46.1013 ], [ -71.11328, 46.09892 ], [ -71.11364, 46.09374 ], [ -71.10737, 46.09093 ], [ -71.10074, 46.0933 ] ] ] } },
{ "type": "Feature", "properties": { "hex_id": 805339, "centroid_lon": -71.105909634004917, "centroid_lat": 46.111664032683855, "hours_count": 12.0, "datetimes_affected": "2026-01-05 00:50:46,2026-01-05 00:50:46,2026-01-05 00:50:46,2026-01-05 00:50:46,2026-01-05 00:50:46,2026-01-05 00:50:46" }, "geometry": { "type": "Polygon", "coordinates": [ [ [ -71.09964, 46.10885 ], [ -71.09927, 46.11404 ], [ -71.10554, 46.11685 ], [ -71.11218, 46.11448 ], [ -71.11255, 46.10929 ], [ -71.10628, 46.10648 ], [ -71.09964, 46.10885 ] ] ] } },
{ "type": "Feature", "properties": { "hex_id": 805340, "centroid_lon": -71.104812163059464, "centroid_lat": 46.127216703494675, "hours_count": 12.0, "datetimes_affected": "2026-01-05 00:50:46,2026-01-05 00:50:46,2026-01-05 00:50:46,2026-01-05 00:50:46,2026-01-05 00:50:46,2026-01-05 00:50:46" }, "geometry": { "type": "Polygon", "coordinates": [ [ [ -71.09854, 46.1244 ], [ -71.09817, 46.12959 ], [ -71.10445, 46.1324 ], [ -71.11109, 46.13003 ], [ -71.11145, 46.12484 ], [ -71.10518, 46.12203 ], [ -71.09854, 46.1244 ] ] ] } },
{ "type": "Feature", "properties": { "hex_id": 805943, "centroid_lon": -71.106577646151578, "centroid_lat": 46.010350481272582, "hours_count": 12.0, "datetimes_affected": "2026-01-05 00:50:46,2026-01-05 00:50:46,2026-01-05 00:50:46,2026-01-05 00:50:46,2026-01-05 00:50:46,2026-01-05 00:50:46" }, "geometry": { "type": "Polygon", "coordinates": [ [ [ -71.10032, 46.00754 ], [ -71.09995, 46.01272 ], [ -71.10621, 46.01553 ], [ -71.11284, 46.01316 ], [ -71.1132, 46.00798 ], [ -71.10694, 46.00517 ], [ -71.10032, 46.00754 ] ] ] } },
{ "type": "Feature", "properties": { "hex_id": 805944, "centroid_lon": -71.105484233594751, "centroid_lat": 46.025903440996835, "hours_count": 12.0, "datetimes_affected": "2026-01-05 00:50:46,2026-01-05 00:50:46,2026-01-05 00:50:46,2026-01-05 00:50:46,2026-01-05 00:50:46,2026-01-05 00:50:46" }, "geometry": { "type": "Polygon", "coordinates": [ [ [ -71.09922, 46.02309 ], [ -71.09886, 46.02828 ], [ -71.10512, 46.03109 ], [ -71.11175, 46.02872 ], [ -71.11211, 46.02353 ], [ -71.10585, 46.02072 ], [ -71.09922, 46.02309 ] ] ] } },
{ "type": "Feature", "properties": { "hex_id": 805945, "centroid_lon": -71.104389921035732, "centroid_lat": 46.041456338024744, "hours_count": 12.0, "datetimes_affected": "2026-01-05 00:50:46,2026-01-05 00:50:46,2026-01-05 00:50:46,2026-01-05 00:50:46,2026-01-05 00:50:46,2026-01-05 00:50:46" }, "geometry": { "type": "Polygon", "coordinates": [ [ [ -71.09813, 46.03864 ], [ -71.09776, 46.04383 ], [ -71.10402, 46.04664 ], [ -71.11065, 46.04427 ], [ -71.11102, 46.03908 ], [ -71.10475, 46.03627 ], [ -71.09813, 46.03864 ] ] ] } },
{ "type": "Feature", "properties": { "hex_id": 805946, "centroid_lon": -71.10329470755822, "centroid_lat": 46.057009172335142, "hours_count": 12.0, "datetimes_affected": "2026-01-05 00:50:46,2026-01-05 00:50:46,2026-01-05 00:50:46,2026-01-05 00:50:46,2026-01-05 00:50:46,2026-01-05 00:50:46" }, "geometry": { "type": "Polygon", "coordinates": [ [ [ -71.09703, 46.0542 ], [ -71.09666, 46.05938 ], [ -71.10293, 46.06219 ], [ -71.10956, 46.05982 ], [ -71.10993, 46.05464 ], [ -71.10366, 46.05182 ], [ -71.09703, 46.0542 ] ] ] } },
{ "type": "Feature", "properties": { "hex_id": 805947, "centroid_lon": -71.102198592244577, "centroid_lat": 46.072561943906855, "hours_count": 12.0, "datetimes_affected": "2026-01-05 00:50:46,2026-01-05 00:50:46,2026-01-05 00:50:46,2026-01-05 00:50:46,2026-01-05 00:50:46,2026-01-05 00:50:46" }, "geometry": { "type": "Polygon", "coordinates": [ [ [ -71.09593, 46.06975 ], [ -71.09556, 46.07493 ], [ -71.10183, 46.07775 ], [ -71.10847, 46.07537 ], [ -71.10883, 46.07019 ], [ -71.10256, 46.06738 ], [ -71.09593, 46.06975 ] ] ] } },
{ "type": "Feature", "properties": { "hex_id": 805948, "centroid_lon": -71.101101574175885, "centroid_lat": 46.088114652718708, "hours_count": 12.0, "datetimes_affected": "2026-01-05 00:50:46,2026-01-05 00:50:46,2026-01-05 00:50:46,2026-01-05 00:50:46,2026-01-05 00:50:46,2026-01-05 00:50:46" }, "geometry": { "type": "Polygon", "coordinates": [ [ [ -71.09483, 46.0853 ], [ -71.09447, 46.09049 ], [ -71.10074, 46.0933 ], [ -71.10737, 46.09093 ], [ -71.10774, 46.08574 ], [ -71.10147, 46.08293 ], [ -71.09483, 46.0853 ] ] ] } },
{ "type": "Feature", "properties": { "hex_id": 805949, "centroid_lon": -71.100003652431909, "centroid_lat": 46.103667298749428, "hours_count": 12.0, "datetimes_affected": "2026-01-05 00:50:46,2026-01-05 00:50:46,2026-01-05 00:50:46,2026-01-05 00:50:46,2026-01-05 00:50:46,2026-01-05 00:50:46" }, "geometry": { "type": "Polygon", "coordinates": [ [ [ -71.09373, 46.10085 ], [ -71.09337, 46.10604 ], [ -71.09964, 46.10885 ], [ -71.10628, 46.10648 ], [ -71.10664, 46.1013 ], [ -71.10037, 46.09848 ], [ -71.09373, 46.10085 ] ] ] } },
{ "type": "Feature", "properties": { "hex_id": 805950, "centroid_lon": -71.098904826091058, "centroid_lat": 46.119219881977827, "hours_count": 12.0, "datetimes_affected": "2026-01-05 00:50:46,2026-01-05 00:50:46,2026-01-05 00:50:46,2026-01-05 00:50:46,2026-01-05 00:50:46,2026-01-05 00:50:46" }, "geometry": { "type": "Polygon", "coordinates": [ [ [ -71.09263, 46.11641 ], [ -71.09227, 46.12159 ], [ -71.09854, 46.1244 ], [ -71.10518, 46.12203 ], [ -71.10554, 46.11685 ], [ -71.09927, 46.11404 ], [ -71.09263, 46.11641 ] ] ] } },
{ "type": "Feature", "properties": { "hex_id": 806553, "centroid_lon": -71.10068142343647, "centroid_lat": 46.002354012150995, "hours_count": 12.0, "datetimes_affected": "2026-01-05 00:50:46,2026-01-05 00:50:46,2026-01-05 00:50:46,2026-01-05 00:50:46,2026-01-05 00:50:46,2026-01-05 00:50:46" }, "geometry": { "type": "Polygon", "coordinates": [ [ [ -71.09442, 45.99954 ], [ -71.09406, 46.00473 ], [ -71.10032, 46.00754 ], [ -71.10694, 46.00517 ], [ -71.10731, 45.99998 ], [ -71.10105, 45.99717 ], [ -71.09442, 45.99954 ] ] ] } },
{ "type": "Feature", "properties": { "hex_id": 806554, "centroid_lon": -71.099586662896527, "centroid_lat": 46.017906884491538, "hours_count": 12.0, "datetimes_affected": "2026-01-05 00:50:46,2026-01-05 00:50:46,2026-01-05 00:50:46,2026-01-05 00:50:46,2026-01-05 00:50:46,2026-01-05 00:50:46" }, "geometry": { "type": "Polygon", "coordinates": [ [ [ -71.09333, 46.01509 ], [ -71.09296, 46.02028 ], [ -71.09922, 46.02309 ], [ -71.10585, 46.02072 ], [ -71.10621, 46.01553 ], [ -71.09995, 46.01272 ], [ -71.09333, 46.01509 ] ] ] } },
{ "type": "Feature", "properties": { "hex_id": 806555, "centroid_lon": -71.098491001341984, "centroid_lat": 46.033459694080378, "hours_count": 12.0, "datetimes_affected": "2026-01-05 00:50:46,2026-01-05 00:50:46,2026-01-05 00:50:46,2026-01-05 00:50:46,2026-01-05 00:50:46,2026-01-05 00:50:46" }, "geometry": { "type": "Polygon", "coordinates": [ [ [ -71.09223, 46.03065 ], [ -71.09186, 46.03583 ], [ -71.09813, 46.03864 ], [ -71.10475, 46.03627 ], [ -71.10512, 46.03109 ], [ -71.09886, 46.02828 ], [ -71.09223, 46.03065 ] ] ] } },
{ "type": "Feature", "properties": { "hex_id": 806556, "centroid_lon": -71.097394437855641, "centroid_lat": 46.049012440896327, "hours_count": 12.0, "datetimes_affected": "2026-01-05 00:50:46,2026-01-05 00:50:46,2026-01-05 00:50:46,2026-01-05 00:50:46,2026-01-05 00:50:46,2026-01-05 00:50:46" }, "geometry": { "type": "Polygon", "coordinates": [ [ [ -71.09113, 46.0462 ], [ -71.09076, 46.05138 ], [ -71.09703, 46.0542 ], [ -71.10366, 46.05182 ], [ -71.10402, 46.04664 ], [ -71.09776, 46.04383 ], [ -71.09113, 46.0462 ] ] ] } },
{ "type": "Feature", "properties": { "hex_id": 806557, "centroid_lon": -71.096296971519124, "centroid_lat": 46.06456512491809, "hours_count": 12.0, "datetimes_affected": "2026-01-05 00:50:46,2026-01-05 00:50:46,2026-01-05 00:50:46,2026-01-05 00:50:46,2026-01-05 00:50:46,2026-01-05 00:50:46" }, "geometry": { "type": "Polygon", "coordinates": [ [ [ -71.09003, 46.06175 ], [ -71.08966, 46.06694 ], [ -71.09593, 46.06975 ], [ -71.10256, 46.06738 ], [ -71.10293, 46.06219 ], [ -71.09666, 46.05938 ], [ -71.09003, 46.06175 ] ] ] } },
{ "type": "Feature", "properties": { "hex_id": 806558, "centroid_lon": -71.095198601412605, "centroid_lat": 46.080117746124444, "hours_count": 12.0, "datetimes_affected": "2026-01-05 00:50:46,2026-01-05 00:50:46,2026-01-05 00:50:46,2026-01-05 00:50:46,2026-01-05 00:50:46,2026-01-05 00:50:46" }, "geometry": { "type": "Polygon", "coordinates": [ [ [ -71.08893, 46.0773 ], [ -71.08856, 46.08249 ], [ -71.09483, 46.0853 ], [ -71.10147, 46.08293 ], [ -71.10183, 46.07775 ], [ -71.09556, 46.07493 ], [ -71.08893, 46.0773 ] ] ] } },
{ "type": "Feature", "properties": { "hex_id": 806559, "centroid_lon": -71.094099326615051, "centroid_lat": 46.095670304494099, "hours_count": 12.0, "datetimes_affected": "2026-01-05 00:50:46,2026-01-05 00:50:46,2026-01-05 00:50:46,2026-01-05 00:50:46,2026-01-05 00:50:46,2026-01-05 00:50:46" }, "geometry": { "type": "Polygon", "coordinates": [ [ [ -71.08783, 46.09286 ], [ -71.08746, 46.09804 ], [ -71.09373, 46.10085 ], [ -71.10037, 46.09848 ], [ -71.10074, 46.0933 ], [ -71.09447, 46.09049 ], [ -71.08783, 46.09286 ] ] ] } },
{ "type": "Feature", "properties": { "hex_id": 806560, "centroid_lon": -71.092999146204079, "centroid_lat": 46.111222800005727, "hours_count": 12.0, "datetimes_affected": "2026-01-05 00:50:46,2026-01-05 00:50:46,2026-01-05 00:50:46,2026-01-05 00:50:46,2026-01-05 00:50:46,2026-01-05 00:50:46" }, "geometry": { "type": "Polygon", "coordinates": [ [ [ -71.08673, 46.10841 ], [ -71.08636, 46.11359 ], [ -71.09263, 46.11641 ], [ -71.09927, 46.11404 ], [ -71.09964, 46.10885 ], [ -71.09337, 46.10604 ], [ -71.08673, 46.10841 ] ] ] } },
{ "type": "Feature", "properties": { "hex_id": 806561, "centroid_lon": -71.091898059255954, "centroid_lat": 46.126775232638039, "hours_count": 12.0, "datetimes_affected": "2026-01-05 00:50:46,2026-01-05 00:50:46,2026-01-05 00:50:46,2026-01-05 00:50:46,2026-01-05 00:50:46,2026-01-05 00:50:46" }, "geometry": { "type": "Polygon", "coordinates": [ [ [ -71.08562, 46.12396 ], [ -71.08526, 46.12915 ], [ -71.09153, 46.13196 ], [ -71.09817, 46.12959 ], [ -71.09854, 46.1244 ], [ -71.09227, 46.12159 ], [ -71.08562, 46.12396 ] ] ] } },
{ "type": "Feature", "properties": { "hex_id": 807164, "centroid_lon": -71.09369074036691, "centroid_lat": 46.009910068592781, "hours_count": 12.0, "datetimes_affected": "2026-01-05 00:50:46,2026-01-05 00:50:46,2026-01-05 00:50:46,2026-01-05 00:50:46,2026-01-05 00:50:46,2026-01-05 00:50:46" }, "geometry": { "type": "Polygon", "coordinates": [ [ [ -71.08743, 46.0071 ], [ -71.08706, 46.01228 ], [ -71.09333, 46.01509 ], [ -71.09995, 46.01272 ], [ -71.10032, 46.00754 ], [ -71.09406, 46.00473 ], [ -71.08743, 46.0071 ] ] ] } },
{ "type": "Feature", "properties": { "hex_id": 807165, "centroid_lon": -71.092593731134741, "centroid_lat": 46.025462790608543, "hours_count": 12.0, "datetimes_affected": "2026-01-05 00:50:46,2026-01-05 00:50:46,2026-01-05 00:50:46,2026-01-05 00:50:46,2026-01-05 00:50:46,2026-01-05 00:50:46" }, "geometry": { "type": "Polygon", "coordinates": [ [ [ -71.08633, 46.02265 ], [ -71.08597, 46.02783 ], [ -71.09223, 46.03065 ], [ -71.09886, 46.02828 ], [ -71.09922, 46.02309 ], [ -71.09296, 46.02028 ], [ -71.08633, 46.02265 ] ] ] } },
{ "type": "Feature", "properties": { "hex_id": 807166, "centroid_lon": -71.091495818958819, "centroid_lat": 46.041015449795943, "hours_count": 12.0, "datetimes_affected": "2026-01-05 00:50:46,2026-01-05 00:50:46,2026-01-05 00:50:46,2026-01-05 00:50:46,2026-01-05 00:50:46,2026-01-05 00:50:46" }, "geometry": { "type": "Polygon", "coordinates": [ [ [ -71.08523, 46.0382 ], [ -71.08487, 46.04339 ], [ -71.09113, 46.0462 ], [ -71.09776, 46.04383 ], [ -71.09813, 46.03864 ], [ -71.09186, 46.03583 ], [ -71.08523, 46.0382 ] ] ] } },
{ "type": "Feature", "properties": { "hex_id": 807167, "centroid_lon": -71.090397002919829, "centroid_lat": 46.056568046133656, "hours_count": 12.0, "datetimes_affected": "2026-01-05 00:50:46,2026-01-05 00:50:46,2026-01-05 00:50:46,2026-01-05 00:50:46,2026-01-05 00:50:46,2026-01-05 00:50:46" }, "geometry": { "type": "Polygon", "coordinates": [ [ [ -71.08413, 46.05375 ], [ -71.08376, 46.05894 ], [ -71.09003, 46.06175 ], [ -71.09666, 46.05938 ], [ -71.09703, 46.0542 ], [ -71.09076, 46.05138 ], [ -71.08413, 46.05375 ] ] ] } },
{ "type": "Feature", "properties": { "hex_id": 807168, "centroid_lon": -71.089297282097235, "centroid_lat": 46.072120579600366, "hours_count": 12.0, "datetimes_affected": "2026-01-05 00:50:46,2026-01-05 00:50:46,2026-01-05 00:50:46,2026-01-05 00:50:46,2026-01-05 00:50:46,2026-01-05 00:50:46" }, "geometry": { "type": "Polygon", "coordinates": [ [ [ -71.08303, 46.06931 ], [ -71.08266, 46.07449 ], [ -71.08893, 46.0773 ], [ -71.09556, 46.07493 ], [ -71.09593, 46.06975 ], [ -71.08966, 46.06694 ], [ -71.08303, 46.06931 ] ] ] } },
{ "type": "Feature", "properties": { "hex_id": 807169, "centroid_lon": -71.088196655569121, "centroid_lat": 46.087673050174729, "hours_count": 12.0, "datetimes_affected": "2026-01-05 00:50:46,2026-01-05 00:50:46,2026-01-05 00:50:46,2026-01-05 00:50:46,2026-01-05 00:50:46,2026-01-05 00:50:46" }, "geometry": { "type": "Polygon", "coordinates": [ [ [ -71.08193, 46.08486 ], [ -71.08156, 46.09004 ], [ -71.08783, 46.09286 ], [ -71.09447, 46.09049 ], [ -71.09483, 46.0853 ], [ -71.08856, 46.08249 ], [ -71.08193, 46.08486 ] ] ] } },
{ "type": "Feature", "properties": { "hex_id": 807170, "centroid_lon": -71.087095122412251, "centroid_lat": 46.103225457835379, "hours_count": 12.0, "datetimes_affected": "2026-01-05 00:50:46,2026-01-05 00:50:46,2026-01-05 00:50:46,2026-01-05 00:50:46,2026-01-05 00:50:46,2026-01-05 00:50:46" }, "geometry": { "type": "Polygon", "coordinates": [ [ [ -71.08082, 46.10041 ], [ -71.08046, 46.1056 ], [ -71.08673, 46.10841 ], [ -71.09337, 46.10604 ], [ -71.09373, 46.10085 ], [ -71.08746, 46.09804 ], [ -71.08082, 46.10041 ] ] ] } },
{ "type": "Feature", "properties": { "hex_id": 807171, "centroid_lon": -71.085992681702095, "centroid_lat": 46.118777802560928, "hours_count": 12.0, "datetimes_affected": "2026-01-05 00:50:46,2026-01-05 00:50:46,2026-01-05 00:50:46,2026-01-05 00:50:46,2026-01-05 00:50:46,2026-01-05 00:50:46" }, "geometry": { "type": "Polygon", "coordinates": [ [ [ -71.07972, 46.11596 ], [ -71.07935, 46.12115 ], [ -71.08562, 46.12396 ], [ -71.09227, 46.12159 ], [ -71.09263, 46.11641 ], [ -71.08636, 46.11359 ], [ -71.07972, 46.11596 ] ] ] } },
{ "type": "Feature", "properties": { "hex_id": 807774, "centroid_lon": -71.08779646502613, "centroid_lat": 46.001912993556772, "hours_count": 12.0, "datetimes_affected": "2026-01-05 00:50:46,2026-01-05 00:50:46,2026-01-05 00:50:46,2026-01-05 00:50:46,2026-01-05 00:50:46,2026-01-05 00:50:46" }, "geometry": { "type": "Polygon", "coordinates": [ [ [ -71.08154, 45.9991 ], [ -71.08117, 46.00428 ], [ -71.08743, 46.0071 ], [ -71.09406, 46.00473 ], [ -71.09442, 45.99954 ], [ -71.08816, 45.99673 ], [ -71.08154, 45.9991 ] ] ] } },
{ "type": "Feature", "properties": { "hex_id": 807775, "centroid_lon": -71.086698109433314, "centroid_lat": 46.017465627865512, "hours_count": 12.0, "datetimes_affected": "2026-01-05 00:50:46,2026-01-05 00:50:46,2026-01-05 00:50:46,2026-01-05 00:50:46,2026-01-05 00:50:46,2026-01-05 00:50:46" }, "geometry": { "type": "Polygon", "coordinates": [ [ [ -71.08044, 46.01465 ], [ -71.08007, 46.01984 ], [ -71.08633, 46.02265 ], [ -71.09296, 46.02028 ], [ -71.09333, 46.01509 ], [ -71.08706, 46.01228 ], [ -71.08044, 46.01465 ] ] ] } },
{ "type": "Feature", "properties": { "hex_id": 807776, "centroid_lon": -71.085598849885969, "centroid_lat": 46.033018199290396, "hours_count": 12.0, "datetimes_affected": "2026-01-05 00:50:46,2026-01-05 00:50:46,2026-01-05 00:50:46,2026-01-05 00:50:46,2026-01-05 00:50:46,2026-01-05 00:50:46" }, "geometry": { "type": "Polygon", "coordinates": [ [ [ -71.07934, 46.0302 ], [ -71.07897, 46.03539 ], [ -71.08523, 46.0382 ], [ -71.09186, 46.03583 ], [ -71.09223, 46.03065 ], [ -71.08597, 46.02783 ], [ -71.07934, 46.0302 ] ] ] } },
{ "type": "Feature", "properties": { "hex_id": 807777, "centroid_lon": -71.084498685464027, "centroid_lat": 46.04857070781005, "hours_count": 12.0, "datetimes_affected": "2026-01-05 00:50:46,2026-01-05 00:50:46,2026-01-05 00:50:46,2026-01-05 00:50:46,2026-01-05 00:50:46,2026-01-05 00:50:46" }, "geometry": { "type": "Polygon", "coordinates": [ [ [ -71.07823, 46.04576 ], [ -71.07787, 46.05094 ], [ -71.08413, 46.05375 ], [ -71.09076, 46.05138 ], [ -71.09113, 46.0462 ], [ -71.08487, 46.04339 ], [ -71.07823, 46.04576 ] ] ] } },
{ "type": "Feature", "properties": { "hex_id": 807778, "centroid_lon": -71.083397615246071, "centroid_lat": 46.064123153403081, "hours_count": 12.0, "datetimes_affected": "2026-01-05 00:50:46,2026-01-05 00:50:46,2026-01-05 00:50:46,2026-01-05 00:50:46,2026-01-05 00:50:46,2026-01-05 00:50:46" }, "geometry": { "type": "Polygon", "coordinates": [ [ [ -71.07713, 46.06131 ], [ -71.07676, 46.06649 ], [ -71.08303, 46.06931 ], [ -71.08966, 46.06694 ], [ -71.09003, 46.06175 ], [ -71.08376, 46.05894 ], [ -71.07713, 46.06131 ] ] ] } },
{ "type": "Feature", "properties": { "hex_id": 807779, "centroid_lon": -71.082295638309375, "centroid_lat": 46.079675536048086, "hours_count": 12.0, "datetimes_affected": "2026-01-05 00:50:46,2026-01-05 00:50:46,2026-01-05 00:50:46,2026-01-05 00:50:46,2026-01-05 00:50:46,2026-01-05 00:50:46" }, "geometry": { "type": "Polygon", "coordinates": [ [ [ -71.07603, 46.07686 ], [ -71.07566, 46.08205 ], [ -71.08193, 46.08486 ], [ -71.08856, 46.08249 ], [ -71.08893, 46.0773 ], [ -71.08266, 46.07449 ], [ -71.07603, 46.07686 ] ] ] } },
{ "type": "Feature", "properties": { "hex_id": 807780, "centroid_lon": -71.081192753729894, "centroid_lat": 46.095227855723643, "hours_count": 12.0, "datetimes_affected": "2026-01-05 00:50:46,2026-01-05 00:50:46,2026-01-05 00:50:46,2026-01-05 00:50:46,2026-01-05 00:50:46,2026-01-05 00:50:46" }, "geometry": { "type": "Polygon", "coordinates": [ [ [ -71.07492, 46.09241 ], [ -71.07456, 46.0976 ], [ -71.08082, 46.10041 ], [ -71.08746, 46.09804 ], [ -71.08783, 46.09286 ], [ -71.08156, 46.09004 ], [ -71.07492, 46.09241 ] ] ] } },
{ "type": "Feature", "properties": { "hex_id": 807781, "centroid_lon": -71.080088960582273, "centroid_lat": 46.110780112408271, "hours_count": 12.0, "datetimes_affected": "2026-01-05 00:50:46,2026-01-05 00:50:46,2026-01-05 00:50:46,2026-01-05 00:50:46,2026-01-05 00:50:46,2026-01-05 00:50:46" }, "geometry": { "type": "Polygon", "coordinates": [ [ [ -71.07382, 46.10797 ], [ -71.07345, 46.11315 ], [ -71.07972, 46.11596 ], [ -71.08636, 46.11359 ], [ -71.08673, 46.10841 ], [ -71.08046, 46.1056 ], [ -71.07382, 46.10797 ] ] ] } },
{ "type": "Feature", "properties": { "hex_id": 808385, "centroid_lon": -71.08080413525748, "centroid_lat": 46.0094682061074, "hours_count": 12.0, "datetimes_affected": "2026-01-05 00:50:46,2026-01-05 00:50:46,2026-01-05 00:50:46,2026-01-05 00:50:46,2026-01-05 00:50:46,2026-01-05 00:50:46" }, "geometry": { "type": "Polygon", "coordinates": [ [ [ -71.07454, 46.00665 ], [ -71.07418, 46.01184 ], [ -71.08044, 46.01465 ], [ -71.08706, 46.01228 ], [ -71.08743, 46.0071 ], [ -71.08117, 46.00428 ], [ -71.07454, 46.00665 ] ] ] } },
{ "type": "Feature", "properties": { "hex_id": 808386, "centroid_lon": -71.079703529655959, "centroid_lat": 46.025020689635937, "hours_count": 12.0, "datetimes_affected": "2026-01-05 00:50:46,2026-01-05 00:50:46,2026-01-05 00:50:46,2026-01-05 00:50:46,2026-01-05 00:50:46,2026-01-05 00:50:46" }, "geometry": { "type": "Polygon", "coordinates": [ [ [ -71.07344, 46.02221 ], [ -71.07307, 46.02739 ], [ -71.07934, 46.0302 ], [ -71.08597, 46.02783 ], [ -71.08633, 46.02265 ], [ -71.08007, 46.01984 ], [ -71.07344, 46.02221 ] ] ] } },
{ "type": "Feature", "properties": { "hex_id": 808387, "centroid_lon": -71.078602018169533, "centroid_lat": 46.040573110203653, "hours_count": 12.0, "datetimes_affected": "2026-01-05 00:50:46,2026-01-05 00:50:46,2026-01-05 00:50:46,2026-01-05 00:50:46,2026-01-05 00:50:46,2026-01-05 00:50:46" }, "geometry": { "type": "Polygon", "coordinates": [ [ [ -71.07234, 46.03776 ], [ -71.07197, 46.04294 ], [ -71.07823, 46.04576 ], [ -71.08487, 46.04339 ], [ -71.08523, 46.0382 ], [ -71.07897, 46.03539 ], [ -71.07234, 46.03776 ] ] ] } },
{ "type": "Feature", "properties": { "hex_id": 808388, "centroid_lon": -71.077499599875964, "centroid_lat": 46.056125467789101, "hours_count": 12.0, "datetimes_affected": "2026-01-05 00:50:46,2026-01-05 00:50:46,2026-01-05 00:50:46,2026-01-05 00:50:46,2026-01-05 00:50:46,2026-01-05 00:50:46" }, "geometry": { "type": "Polygon", "coordinates": [ [ [ -71.07124, 46.05331 ], [ -71.07087, 46.0585 ], [ -71.07713, 46.06131 ], [ -71.08376, 46.05894 ], [ -71.08413, 46.05375 ], [ -71.07787, 46.05094 ], [ -71.07124, 46.05331 ] ] ] } },
{ "type": "Feature", "properties": { "hex_id": 808389, "centroid_lon": -71.076396273851699, "centroid_lat": 46.071677762370783, "hours_count": 12.0, "datetimes_affected": "2026-01-05 00:50:46,2026-01-05 00:50:46,2026-01-05 00:50:46,2026-01-05 00:50:46,2026-01-05 00:50:46,2026-01-05 00:50:46" }, "geometry": { "type": "Polygon", "coordinates": [ [ [ -71.07013, 46.06886 ], [ -71.06976, 46.07405 ], [ -71.07603, 46.07686 ], [ -71.08266, 46.07449 ], [ -71.08303, 46.06931 ], [ -71.07676, 46.06649 ], [ -71.07013, 46.06886 ] ] ] } },
{ "type": "Feature", "properties": { "hex_id": 808390, "centroid_lon": -71.075292039171885, "centroid_lat": 46.087229993927245, "hours_count": 12.0, "datetimes_affected": "2026-01-05 00:50:46,2026-01-05 00:50:46,2026-01-05 00:50:46,2026-01-05 00:50:46,2026-01-05 00:50:46,2026-01-05 00:50:46" }, "geometry": { "type": "Polygon", "coordinates": [ [ [ -71.06902, 46.08442 ], [ -71.06866, 46.0896 ], [ -71.07492, 46.09241 ], [ -71.08156, 46.09004 ], [ -71.08193, 46.08486 ], [ -71.07566, 46.08205 ], [ -71.06902, 46.08442 ] ] ] } },
{ "type": "Feature", "properties": { "hex_id": 808391, "centroid_lon": -71.074186894910312, "centroid_lat": 46.102782162436931, "hours_count": 12.0, "datetimes_affected": "2026-01-05 00:50:46,2026-01-05 00:50:46,2026-01-05 00:50:46,2026-01-05 00:50:46,2026-01-05 00:50:46,2026-01-05 00:50:46" }, "geometry": { "type": "Polygon", "coordinates": [ [ [ -71.06792, 46.09997 ], [ -71.06755, 46.10515 ], [ -71.07382, 46.10797 ], [ -71.08046, 46.1056 ], [ -71.08082, 46.10041 ], [ -71.07456, 46.0976 ], [ -71.06792, 46.09997 ] ] ] } },
{ "type": "Feature", "properties": { "hex_id": 808414, "centroid_lon": -71.048515382103247, "centroid_lat": 46.460464587493355, "hours_count": 78.0, "datetimes_affected": "2026-01-03 09:32:54,2026-01-03 09:32:54,2026-01-03 09:32:54,2026-01-03 09:32:54,2026-01-03 09:32:54,2026-01-03 09:32:54" }, "geometry": { "type": "Polygon", "coordinates": [ [ [ -71.04221, 46.45765 ], [ -71.04183, 46.46283 ], [ -71.04814, 46.46565 ], [ -71.05482, 46.46328 ], [ -71.0552, 46.4581 ], [ -71.04889, 46.45528 ], [ -71.04221, 46.45765 ] ] ] } },
{ "type": "Feature", "properties": { "hex_id": 808995, "centroid_lon": -71.074911807627657, "centroid_lat": 46.001470525590264, "hours_count": 12.0, "datetimes_affected": "2026-01-05 00:50:46,2026-01-05 00:50:46,2026-01-05 00:50:46,2026-01-05 00:50:46,2026-01-05 00:50:46,2026-01-05 00:50:46" }, "geometry": { "type": "Polygon", "coordinates": [ [ [ -71.06865, 45.99866 ], [ -71.06829, 46.00384 ], [ -71.07454, 46.00665 ], [ -71.08117, 46.00428 ], [ -71.08154, 45.9991 ], [ -71.07528, 45.99629 ], [ -71.06865, 45.99866 ] ] ] } },
{ "type": "Feature", "properties": { "hex_id": 808996, "centroid_lon": -71.073809857288182, "centroid_lat": 46.017022921088731, "hours_count": 12.0, "datetimes_affected": "2026-01-05 00:50:46,2026-01-05 00:50:46,2026-01-05 00:50:46,2026-01-05 00:50:46,2026-01-05 00:50:46,2026-01-05 00:50:46" }, "geometry": { "type": "Polygon", "coordinates": [ [ [ -71.06755, 46.01421 ], [ -71.06718, 46.01939 ], [ -71.07344, 46.02221 ], [ -71.08007, 46.01984 ], [ -71.08044, 46.01465 ], [ -71.07418, 46.01184 ], [ -71.06755, 46.01421 ] ] ] } },
{ "type": "Feature", "properties": { "hex_id": 808997, "centroid_lon": -71.072707000054763, "centroid_lat": 46.032575253570734, "hours_count": 12.0, "datetimes_affected": "2026-01-05 00:50:46,2026-01-05 00:50:46,2026-01-05 00:50:46,2026-01-05 00:50:46,2026-01-05 00:50:46,2026-01-05 00:50:46" }, "geometry": { "type": "Polygon", "coordinates": [ [ [ -71.06645, 46.02976 ], [ -71.06608, 46.03495 ], [ -71.07234, 46.03776 ], [ -71.07897, 46.03539 ], [ -71.07934, 46.0302 ], [ -71.07307, 46.02739 ], [ -71.06645, 46.02976 ] ] ] } },
{ "type": "Feature", "properties": { "hex_id": 808998, "centroid_lon": -71.071603235004346, "centroid_lat": 46.048127523014784, "hours_count": 12.0, "datetimes_affected": "2026-01-05 00:50:46,2026-01-05 00:50:46,2026-01-05 00:50:46,2026-01-05 00:50:46,2026-01-05 00:50:46,2026-01-05 00:50:46" }, "geometry": { "type": "Polygon", "coordinates": [ [ [ -71.06534, 46.04531 ], [ -71.06497, 46.0505 ], [ -71.07124, 46.05331 ], [ -71.07787, 46.05094 ], [ -71.07823, 46.04576 ], [ -71.07197, 46.04294 ], [ -71.06534, 46.04531 ] ] ] } },
{ "type": "Feature", "properties": { "hex_id": 808999, "centroid_lon": -71.07049856121256, "centroid_lat": 46.063679729399318, "hours_count": 12.0, "datetimes_affected": "2026-01-05 00:50:46,2026-01-05 00:50:46,2026-01-05 00:50:46,2026-01-05 00:50:46,2026-01-05 00:50:46,2026-01-05 00:50:46" }, "geometry": { "type": "Polygon", "coordinates": [ [ [ -71.06423, 46.06087 ], [ -71.06386, 46.06605 ], [ -71.07013, 46.06886 ], [ -71.07676, 46.06649 ], [ -71.07713, 46.06131 ], [ -71.07087, 46.0585 ], [ -71.06423, 46.06087 ] ] ] } },
{ "type": "Feature", "properties": { "hex_id": 809000, "centroid_lon": -71.069392977753679, "centroid_lat": 46.079231872702792, "hours_count": 12.0, "datetimes_affected": "2026-01-05 00:50:46,2026-01-05 00:50:46,2026-01-05 00:50:46,2026-01-05 00:50:46,2026-01-05 00:50:46,2026-01-05 00:50:46" }, "geometry": { "type": "Polygon", "coordinates": [ [ [ -71.06313, 46.07642 ], [ -71.06276, 46.0816 ], [ -71.06902, 46.08442 ], [ -71.07566, 46.08205 ], [ -71.07603, 46.07686 ], [ -71.06976, 46.07405 ], [ -71.06313, 46.07642 ] ] ] } },
{ "type": "Feature", "properties": { "hex_id": 809001, "centroid_lon": -71.068286483700732, "centroid_lat": 46.094783952903626, "hours_count": 12.0, "datetimes_affected": "2026-01-05 00:50:46,2026-01-05 00:50:46,2026-01-05 00:50:46,2026-01-05 00:50:46,2026-01-05 00:50:46,2026-01-05 00:50:46" }, "geometry": { "type": "Polygon", "coordinates": [ [ [ -71.06202, 46.09197 ], [ -71.06165, 46.09715 ], [ -71.06792, 46.09997 ], [ -71.07456, 46.0976 ], [ -71.07492, 46.09241 ], [ -71.06866, 46.0896 ], [ -71.06202, 46.09197 ] ] ] } },
{ "type": "Feature", "properties": { "hex_id": 809024, "centroid_lon": -71.042583644379988, "centroid_lat": 46.452464331282606, "hours_count": 78.0, "datetimes_affected": "2026-01-03 09:32:54,2026-01-03 09:32:54,2026-01-03 09:32:54,2026-01-03 09:32:54,2026-01-03 09:32:54,2026-01-03 09:32:54" }, "geometry": { "type": "Polygon", "coordinates": [ [ [ -71.03628, 46.44965 ], [ -71.0359, 46.45483 ], [ -71.04221, 46.45765 ], [ -71.04889, 46.45528 ], [ -71.04927, 46.4501 ], [ -71.04296, 46.44728 ], [ -71.03628, 46.44965 ] ] ] } },
{ "type": "Feature", "properties": { "hex_id": 809606, "centroid_lon": -71.06791783180266, "centroid_lat": 46.009024893904751, "hours_count": 12.0, "datetimes_affected": "2026-01-05 00:50:46,2026-01-05 00:50:46,2026-01-05 00:50:46,2026-01-05 00:50:46,2026-01-05 00:50:46,2026-01-05 00:50:46" }, "geometry": { "type": "Polygon", "coordinates": [ [ [ -71.06166, 46.00621 ], [ -71.06129, 46.01139 ], [ -71.06755, 46.01421 ], [ -71.07418, 46.01184 ], [ -71.07454, 46.00665 ], [ -71.06829, 46.00384 ], [ -71.06166, 46.00621 ] ] ] } },
{ "type": "Feature", "properties": { "hex_id": 809607, "centroid_lon": -71.066813630138739, "centroid_lat": 46.024577138167409, "hours_count": 12.0, "datetimes_affected": "2026-01-05 00:50:46,2026-01-05 00:50:46,2026-01-05 00:50:46,2026-01-05 00:50:46,2026-01-05 00:50:46,2026-01-05 00:50:46" }, "geometry": { "type": "Polygon", "coordinates": [ [ [ -71.06055, 46.02176 ], [ -71.06018, 46.02695 ], [ -71.06645, 46.02976 ], [ -71.07307, 46.02739 ], [ -71.07344, 46.02221 ], [ -71.06718, 46.01939 ], [ -71.06055, 46.02176 ] ] ] } },
{ "type": "Feature", "properties": { "hex_id": 809608, "centroid_lon": -71.065708519649235, "centroid_lat": 46.040129319336387, "hours_count": 12.0, "datetimes_affected": "2026-01-05 00:50:46,2026-01-05 00:50:46,2026-01-05 00:50:46,2026-01-05 00:50:46,2026-01-05 00:50:46,2026-01-05 00:50:46" }, "geometry": { "type": "Polygon", "coordinates": [ [ [ -71.05945, 46.03731 ], [ -71.05908, 46.0425 ], [ -71.06534, 46.04531 ], [ -71.07197, 46.04294 ], [ -71.07234, 46.03776 ], [ -71.06608, 46.03495 ], [ -71.05945, 46.03731 ] ] ] } },
{ "type": "Feature", "properties": { "hex_id": 809609, "centroid_lon": -71.06460249940892, "centroid_lat": 46.055681437390035, "hours_count": 12.0, "datetimes_affected": "2026-01-05 00:50:46,2026-01-05 00:50:46,2026-01-05 00:50:46,2026-01-05 00:50:46,2026-01-05 00:50:46,2026-01-05 00:50:46" }, "geometry": { "type": "Polygon", "coordinates": [ [ [ -71.05834, 46.05287 ], [ -71.05797, 46.05805 ], [ -71.06423, 46.06087 ], [ -71.07087, 46.0585 ], [ -71.07124, 46.05331 ], [ -71.06497, 46.0505 ], [ -71.05834, 46.05287 ] ] ] } },
{ "type": "Feature", "properties": { "hex_id": 809610, "centroid_lon": -71.063495568491291, "centroid_lat": 46.071233492306789, "hours_count": 12.0, "datetimes_affected": "2026-01-05 00:50:46,2026-01-05 00:50:46,2026-01-05 00:50:46,2026-01-05 00:50:46,2026-01-05 00:50:46,2026-01-05 00:50:46" }, "geometry": { "type": "Polygon", "coordinates": [ [ [ -71.05723, 46.06842 ], [ -71.05686, 46.0736 ], [ -71.06313, 46.07642 ], [ -71.06976, 46.07405 ], [ -71.07013, 46.06886 ], [ -71.06386, 46.06605 ], [ -71.05723, 46.06842 ] ] ] } },
{ "type": "Feature", "properties": { "hex_id": 809611, "centroid_lon": -71.06238772596852, "centroid_lat": 46.086785484064961, "hours_count": 12.0, "datetimes_affected": "2026-01-05 00:50:46,2026-01-05 00:50:46,2026-01-05 00:50:46,2026-01-05 00:50:46,2026-01-05 00:50:46,2026-01-05 00:50:46" }, "geometry": { "type": "Polygon", "coordinates": [ [ [ -71.05612, 46.08397 ], [ -71.05575, 46.08915 ], [ -71.06202, 46.09197 ], [ -71.06866, 46.0896 ], [ -71.06902, 46.08442 ], [ -71.06276, 46.0816 ], [ -71.05612, 46.08397 ] ] ] } },
{ "type": "Feature", "properties": { "hex_id": 809635, "centroid_lon": -71.035523587996977, "centroid_lat": 46.460014282089041, "hours_count": 78.0, "datetimes_affected": "2026-01-03 09:32:54,2026-01-03 09:32:54,2026-01-03 09:32:54,2026-01-03 09:32:54,2026-01-03 09:32:54,2026-01-03 09:32:54" }, "geometry": { "type": "Polygon", "coordinates": [ [ [ -71.02922, 46.4572 ], [ -71.02884, 46.46238 ], [ -71.03515, 46.4652 ], [ -71.04183, 46.46283 ], [ -71.04221, 46.45765 ], [ -71.0359, 46.45483 ], [ -71.02922, 46.4572 ] ] ] } },
{ "type": "Feature", "properties": { "hex_id": 810216, "centroid_lon": -71.06202745221988, "centroid_lat": 46.001026608339913, "hours_count": 12.0, "datetimes_affected": "2026-01-05 00:50:46,2026-01-05 00:50:46,2026-01-05 00:50:46,2026-01-05 00:50:46,2026-01-05 00:50:46,2026-01-05 00:50:46" }, "geometry": { "type": "Polygon", "coordinates": [ [ [ -71.05577, 45.99821 ], [ -71.0554, 46.0034 ], [ -71.06166, 46.00621 ], [ -71.06829, 46.00384 ], [ -71.06865, 45.99866 ], [ -71.0624, 45.99584 ], [ -71.05577, 45.99821 ] ] ] } },
{ "type": "Feature", "properties": { "hex_id": 810217, "centroid_lon": -71.060921907441013, "centroid_lat": 46.016578764249687, "hours_count": 12.0, "datetimes_affected": "2026-01-05 00:50:46,2026-01-05 00:50:46,2026-01-05 00:50:46,2026-01-05 00:50:46,2026-01-05 00:50:46,2026-01-05 00:50:46" }, "geometry": { "type": "Polygon", "coordinates": [ [ [ -71.05466, 46.01376 ], [ -71.05429, 46.01895 ], [ -71.06055, 46.02176 ], [ -71.06718, 46.01939 ], [ -71.06755, 46.01421 ], [ -71.06129, 46.01139 ], [ -71.05466, 46.01376 ] ] ] } },
{ "type": "Feature", "properties": { "hex_id": 810218, "centroid_lon": -71.059815452829199, "centroid_lat": 46.03213085701001, "hours_count": 12.0, "datetimes_affected": "2026-01-05 00:50:46,2026-01-05 00:50:46,2026-01-05 00:50:46,2026-01-05 00:50:46,2026-01-05 00:50:46,2026-01-05 00:50:46" }, "geometry": { "type": "Polygon", "coordinates": [ [ [ -71.05355, 46.02932 ], [ -71.05318, 46.0345 ], [ -71.05945, 46.03731 ], [ -71.06608, 46.03495 ], [ -71.06645, 46.02976 ], [ -71.06018, 46.02695 ], [ -71.05355, 46.02932 ] ] ] } },
{ "type": "Feature", "properties": { "hex_id": 810219, "centroid_lon": -71.058708087458413, "centroid_lat": 46.047682886599198, "hours_count": 12.0, "datetimes_affected": "2026-01-05 00:50:46,2026-01-05 00:50:46,2026-01-05 00:50:46,2026-01-05 00:50:46,2026-01-05 00:50:46,2026-01-05 00:50:46" }, "geometry": { "type": "Polygon", "coordinates": [ [ [ -71.05245, 46.04487 ], [ -71.05208, 46.05005 ], [ -71.05834, 46.05287 ], [ -71.06497, 46.0505 ], [ -71.06534, 46.04531 ], [ -71.05908, 46.0425 ], [ -71.05245, 46.04487 ] ] ] } },
{ "type": "Feature", "properties": { "hex_id": 810220, "centroid_lon": -71.057599810401328, "centroid_lat": 46.063234852995564, "hours_count": 12.0, "datetimes_affected": "2026-01-05 00:50:46,2026-01-05 00:50:46,2026-01-05 00:50:46,2026-01-05 00:50:46,2026-01-05 00:50:46,2026-01-05 00:50:46" }, "geometry": { "type": "Polygon", "coordinates": [ [ [ -71.05134, 46.06042 ], [ -71.05097, 46.0656 ], [ -71.05723, 46.06842 ], [ -71.06386, 46.06605 ], [ -71.06423, 46.06087 ], [ -71.05797, 46.05805 ], [ -71.05134, 46.06042 ] ] ] } },
{ "type": "Feature", "properties": { "hex_id": 810221, "centroid_lon": -71.056490620729292, "centroid_lat": 46.078786756177401, "hours_count": 12.0, "datetimes_affected": "2026-01-05 00:50:46,2026-01-05 00:50:46,2026-01-05 00:50:46,2026-01-05 00:50:46,2026-01-05 00:50:46,2026-01-05 00:50:46" }, "geometry": { "type": "Polygon", "coordinates": [ [ [ -71.05022, 46.07597 ], [ -71.04985, 46.08116 ], [ -71.05612, 46.08397 ], [ -71.06276, 46.0816 ], [ -71.06313, 46.07642 ], [ -71.05686, 46.0736 ], [ -71.05022, 46.07597 ] ] ] } },
{ "type": "Feature", "properties": { "hex_id": 810222, "centroid_lon": -71.055380517512319, "centroid_lat": 46.094338596122995, "hours_count": 12.0, "datetimes_affected": "2026-01-05 00:50:46,2026-01-05 00:50:46,2026-01-05 00:50:46,2026-01-05 00:50:46,2026-01-05 00:50:46,2026-01-05 00:50:46" }, "geometry": { "type": "Polygon", "coordinates": [ [ [ -71.04911, 46.09152 ], [ -71.04874, 46.09671 ], [ -71.05501, 46.09952 ], [ -71.06165, 46.09715 ], [ -71.06202, 46.09197 ], [ -71.05575, 46.08915 ], [ -71.04911, 46.09152 ] ] ] } },
{ "type": "Feature", "properties": { "hex_id": 810827, "centroid_lon": -71.05503183098169, "centroid_lat": 46.008580132073433, "hours_count": 12.0, "datetimes_affected": "2026-01-05 00:50:46,2026-01-05 00:50:46,2026-01-05 00:50:46,2026-01-05 00:50:46,2026-01-05 00:50:46,2026-01-05 00:50:46" }, "geometry": { "type": "Polygon", "coordinates": [ [ [ -71.04877, 46.00577 ], [ -71.0484, 46.01095 ], [ -71.05466, 46.01376 ], [ -71.06129, 46.01139 ], [ -71.06166, 46.00621 ], [ -71.0554, 46.0034 ], [ -71.04877, 46.00577 ] ] ] } },
{ "type": "Feature", "properties": { "hex_id": 810828, "centroid_lon": -71.053924033563362, "centroid_lat": 46.024132136291662, "hours_count": 12.0, "datetimes_affected": "2026-01-05 00:50:46,2026-01-05 00:50:46,2026-01-05 00:50:46,2026-01-05 00:50:46,2026-01-05 00:50:46,2026-01-05 00:50:46" }, "geometry": { "type": "Polygon", "coordinates": [ [ [ -71.04766, 46.02132 ], [ -71.04729, 46.0265 ], [ -71.05355, 46.02932 ], [ -71.06018, 46.02695 ], [ -71.06055, 46.02176 ], [ -71.05429, 46.01895 ], [ -71.04766, 46.02132 ] ] ] } },
{ "type": "Feature", "properties": { "hex_id": 810829, "centroid_lon": -71.052815324379168, "centroid_lat": 46.039684077282892, "hours_count": 12.0, "datetimes_affected": "2026-01-05 00:50:46,2026-01-05 00:50:46,2026-01-05 00:50:46,2026-01-05 00:50:46,2026-01-05 00:50:46,2026-01-05 00:50:46" }, "geometry": { "type": "Polygon", "coordinates": [ [ [ -71.04655, 46.03687 ], [ -71.04618, 46.04205 ], [ -71.05245, 46.04487 ], [ -71.05908, 46.0425 ], [ -71.05945, 46.03731 ], [ -71.05318, 46.0345 ], [ -71.04655, 46.03687 ] ] ] } },
{ "type": "Feature", "properties": { "hex_id": 810830, "centroid_lon": -71.051705702500954, "centroid_lat": 46.05523595502536, "hours_count": 12.0, "datetimes_affected": "2026-01-05 00:50:46,2026-01-05 00:50:46,2026-01-05 00:50:46,2026-01-05 00:50:46,2026-01-05 00:50:46,2026-01-05 00:50:46" }, "geometry": { "type": "Polygon", "coordinates": [ [ [ -71.04544, 46.05242 ], [ -71.04507, 46.0576 ], [ -71.05134, 46.06042 ], [ -71.05797, 46.05805 ], [ -71.05834, 46.05287 ], [ -71.05208, 46.05005 ], [ -71.04544, 46.05242 ] ] ] } },
{ "type": "Feature", "properties": { "hex_id": 810831, "centroid_lon": -71.05059516699923, "centroid_lat": 46.070787769497301, "hours_count": 12.0, "datetimes_affected": "2026-01-05 00:50:46,2026-01-05 00:50:46,2026-01-05 00:50:46,2026-01-05 00:50:46,2026-01-05 00:50:46,2026-01-05 00:50:46" }, "geometry": { "type": "Polygon", "coordinates": [ [ [ -71.04433, 46.06797 ], [ -71.04396, 46.07316 ], [ -71.05022, 46.07597 ], [ -71.05686, 46.0736 ], [ -71.05723, 46.06842 ], [ -71.05097, 46.0656 ], [ -71.04433, 46.06797 ] ] ] } },
{ "type": "Feature", "properties": { "hex_id": 810832, "centroid_lon": -71.0494837169432, "centroid_lat": 46.086339520676937, "hours_count": 12.0, "datetimes_affected": "2026-01-05 00:50:46,2026-01-05 00:50:46,2026-01-05 00:50:46,2026-01-05 00:50:46,2026-01-05 00:50:46,2026-01-05 00:50:46" }, "geometry": { "type": "Polygon", "coordinates": [ [ [ -71.04322, 46.08352 ], [ -71.04285, 46.08871 ], [ -71.04911, 46.09152 ], [ -71.05575, 46.08915 ], [ -71.05612, 46.08397 ], [ -71.04985, 46.08116 ], [ -71.04322, 46.08352 ] ] ] } },
{ "type": "Feature", "properties": { "hex_id": 811437, "centroid_lon": -71.049143399781471, "centroid_lat": 46.000581241894395, "hours_count": 12.0, "datetimes_affected": "2026-01-05 00:50:46,2026-01-05 00:50:46,2026-01-05 00:50:46,2026-01-05 00:50:46,2026-01-05 00:50:46,2026-01-05 00:50:46" }, "geometry": { "type": "Polygon", "coordinates": [ [ [ -71.04289, 45.99777 ], [ -71.04252, 46.00295 ], [ -71.04877, 46.00577 ], [ -71.0554, 46.0034 ], [ -71.05577, 45.99821 ], [ -71.04951, 45.9954 ], [ -71.04289, 45.99777 ] ] ] } },
{ "type": "Feature", "properties": { "hex_id": 811438, "centroid_lon": -71.048034260871447, "centroid_lat": 46.016133157437203, "hours_count": 12.0, "datetimes_affected": "2026-01-05 00:50:46,2026-01-05 00:50:46,2026-01-05 00:50:46,2026-01-05 00:50:46,2026-01-05 00:50:46,2026-01-05 00:50:46" }, "geometry": { "type": "Polygon", "coordinates": [ [ [ -71.04178, 46.01332 ], [ -71.04141, 46.0185 ], [ -71.04766, 46.02132 ], [ -71.05429, 46.01895 ], [ -71.05466, 46.01376 ], [ -71.0484, 46.01095 ], [ -71.04178, 46.01332 ] ] ] } },
{ "type": "Feature", "properties": { "hex_id": 811439, "centroid_lon": -71.046924209189896, "centroid_lat": 46.031685009697092, "hours_count": 12.0, "datetimes_affected": "2026-01-05 00:50:46,2026-01-05 00:50:46,2026-01-05 00:50:46,2026-01-05 00:50:46,2026-01-05 00:50:46,2026-01-05 00:50:46" }, "geometry": { "type": "Polygon", "coordinates": [ [ [ -71.04066, 46.02887 ], [ -71.04029, 46.03405 ], [ -71.04655, 46.03687 ], [ -71.05318, 46.0345 ], [ -71.05355, 46.02932 ], [ -71.04729, 46.0265 ], [ -71.04066, 46.02887 ] ] ] } },
{ "type": "Feature", "properties": { "hex_id": 811440, "centroid_lon": -71.045813243807871, "centroid_lat": 46.04723679865225, "hours_count": 12.0, "datetimes_affected": "2026-01-05 00:50:46,2026-01-05 00:50:46,2026-01-05 00:50:46,2026-01-05 00:50:46,2026-01-05 00:50:46,2026-01-05 00:50:46" }, "geometry": { "type": "Polygon", "coordinates": [ [ [ -71.03955, 46.04442 ], [ -71.03918, 46.04961 ], [ -71.04544, 46.05242 ], [ -71.05208, 46.05005 ], [ -71.05245, 46.04487 ], [ -71.04618, 46.04205 ], [ -71.03955, 46.04442 ] ] ] } },
{ "type": "Feature", "properties": { "hex_id": 811441, "centroid_lon": -71.044701363795056, "centroid_lat": 46.062788524280862, "hours_count": 12.0, "datetimes_affected": "2026-01-05 00:50:46,2026-01-05 00:50:46,2026-01-05 00:50:46,2026-01-05 00:50:46,2026-01-05 00:50:46,2026-01-05 00:50:46" }, "geometry": { "type": "Polygon", "coordinates": [ [ [ -71.03844, 46.05997 ], [ -71.03807, 46.06516 ], [ -71.04433, 46.06797 ], [ -71.05097, 46.0656 ], [ -71.05134, 46.06042 ], [ -71.04507, 46.0576 ], [ -71.03844, 46.05997 ] ] ] } },
{ "type": "Feature", "properties": { "hex_id": 811442, "centroid_lon": -71.04358856821986, "centroid_lat": 46.07834018656105, "hours_count": 12.0, "datetimes_affected": "2026-01-05 00:50:46,2026-01-05 00:50:46,2026-01-05 00:50:46,2026-01-05 00:50:46,2026-01-05 00:50:46,2026-01-05 00:50:46" }, "geometry": { "type": "Polygon", "coordinates": [ [ [ -71.03732, 46.07552 ], [ -71.03695, 46.08071 ], [ -71.04322, 46.08352 ], [ -71.04985, 46.08116 ], [ -71.05022, 46.07597 ], [ -71.04396, 46.07316 ], [ -71.03732, 46.07552 ] ] ] } },
{ "type": "Feature", "properties": { "hex_id": 812048, "centroid_lon": -71.042146133773699, "centroid_lat": 46.008133920702342, "hours_count": 12.0, "datetimes_affected": "2026-01-05 00:50:46,2026-01-05 00:50:46,2026-01-05 00:50:46,2026-01-05 00:50:46,2026-01-05 00:50:46,2026-01-05 00:50:46" }, "geometry": { "type": "Polygon", "coordinates": [ [ [ -71.03589, 46.00532 ], [ -71.03552, 46.0105 ], [ -71.04178, 46.01332 ], [ -71.0484, 46.01095 ], [ -71.04877, 46.00577 ], [ -71.04252, 46.00295 ], [ -71.03589, 46.00532 ] ] ] } },
{ "type": "Feature", "properties": { "hex_id": 812049, "centroid_lon": -71.041034740909879, "centroid_lat": 46.023685684097657, "hours_count": 12.0, "datetimes_affected": "2026-01-05 00:50:46,2026-01-05 00:50:46,2026-01-05 00:50:46,2026-01-05 00:50:46,2026-01-05 00:50:46,2026-01-05 00:50:46" }, "geometry": { "type": "Polygon", "coordinates": [ [ [ -71.03478, 46.02087 ], [ -71.0344, 46.02605 ], [ -71.04066, 46.02887 ], [ -71.04729, 46.0265 ], [ -71.04766, 46.02132 ], [ -71.04141, 46.0185 ], [ -71.03478, 46.02087 ] ] ] } },
{ "type": "Feature", "properties": { "hex_id": 812050, "centroid_lon": -71.039922433340379, "centroid_lat": 46.039237384132242, "hours_count": 12.0, "datetimes_affected": "2026-01-05 00:50:46,2026-01-05 00:50:46,2026-01-05 00:50:46,2026-01-05 00:50:46,2026-01-05 00:50:46,2026-01-05 00:50:46" }, "geometry": { "type": "Polygon", "coordinates": [ [ [ -71.03366, 46.03642 ], [ -71.03329, 46.04161 ], [ -71.03955, 46.04442 ], [ -71.04618, 46.04205 ], [ -71.04655, 46.03687 ], [ -71.04029, 46.03405 ], [ -71.03366, 46.03642 ] ] ] } },
{ "type": "Feature", "properties": { "hex_id": 812051, "centroid_lon": -71.03880921013409, "centroid_lat": 46.054789020784185, "hours_count": 12.0, "datetimes_affected": "2026-01-05 00:50:46,2026-01-05 00:50:46,2026-01-05 00:50:46,2026-01-05 00:50:46,2026-01-05 00:50:46,2026-01-05 00:50:46" }, "geometry": { "type": "Polygon", "coordinates": [ [ [ -71.03255, 46.05197 ], [ -71.03218, 46.05716 ], [ -71.03844, 46.05997 ], [ -71.04507, 46.0576 ], [ -71.04544, 46.05242 ], [ -71.03918, 46.04961 ], [ -71.03255, 46.05197 ] ] ] } },
{ "type": "Feature", "properties": { "hex_id": 812052, "centroid_lon": -71.037695070358552, "centroid_lat": 46.07034059403157, "hours_count": 12.0, "datetimes_affected": "2026-01-05 00:50:46,2026-01-05 00:50:46,2026-01-05 00:50:46,2026-01-05 00:50:46,2026-01-05 00:50:46,2026-01-05 00:50:46" }, "geometry": { "type": "Polygon", "coordinates": [ [ [ -71.03143, 46.06752 ], [ -71.03106, 46.07271 ], [ -71.03732, 46.07552 ], [ -71.04396, 46.07316 ], [ -71.04433, 46.06797 ], [ -71.03807, 46.06516 ], [ -71.03143, 46.06752 ] ] ] } },
{ "type": "Feature", "properties": { "hex_id": 812658, "centroid_lon": -71.03625965129099, "centroid_lat": 46.000134426342726, "hours_count": 12.0, "datetimes_affected": "2026-01-05 00:50:46,2026-01-05 00:50:46,2026-01-05 00:50:46,2026-01-05 00:50:46,2026-01-05 00:50:46,2026-01-05 00:50:46" }, "geometry": { "type": "Polygon", "coordinates": [ [ [ -71.03, 45.99732 ], [ -71.02963, 46.0025 ], [ -71.03589, 46.00532 ], [ -71.04252, 46.00295 ], [ -71.04289, 45.99777 ], [ -71.03663, 45.99495 ], [ -71.03, 45.99732 ] ] ] } },
{ "type": "Feature", "properties": { "hex_id": 812659, "centroid_lon": -71.035146918558993, "centroid_lat": 46.015686100740325, "hours_count": 12.0, "datetimes_affected": "2026-01-05 00:50:46,2026-01-05 00:50:46,2026-01-05 00:50:46,2026-01-05 00:50:46,2026-01-05 00:50:46,2026-01-05 00:50:46" }, "geometry": { "type": "Polygon", "coordinates": [ [ [ -71.02889, 46.01287 ], [ -71.02852, 46.01805 ], [ -71.03478, 46.02087 ], [ -71.04141, 46.0185 ], [ -71.04178, 46.01332 ], [ -71.03552, 46.0105 ], [ -71.02889, 46.01287 ] ] ] } },
{ "type": "Feature", "properties": { "hex_id": 812660, "centroid_lon": -71.034033270117362, "centroid_lat": 46.03123771172114, "hours_count": 12.0, "datetimes_affected": "2026-01-05 00:50:46,2026-01-05 00:50:46,2026-01-05 00:50:46,2026-01-05 00:50:46,2026-01-05 00:50:46,2026-01-05 00:50:46" }, "geometry": { "type": "Polygon", "coordinates": [ [ [ -71.02777, 46.02842 ], [ -71.0274, 46.03361 ], [ -71.03366, 46.03642 ], [ -71.04029, 46.03405 ], [ -71.04066, 46.02887 ], [ -71.0344, 46.02605 ], [ -71.02777, 46.02842 ] ] ] } },
{ "type": "Feature", "properties": { "hex_id": 812661, "centroid_lon": -71.032918705034191, "centroid_lat": 46.046789259263214, "hours_count": 12.0, "datetimes_affected": "2026-01-05 00:50:46,2026-01-05 00:50:46,2026-01-05 00:50:46,2026-01-05 00:50:46,2026-01-05 00:50:46,2026-01-05 00:50:46" }, "geometry": { "type": "Polygon", "coordinates": [ [ [ -71.02666, 46.04397 ], [ -71.02629, 46.04916 ], [ -71.03255, 46.05197 ], [ -71.03918, 46.04961 ], [ -71.03955, 46.04442 ], [ -71.03329, 46.04161 ], [ -71.02666, 46.04397 ] ] ] } },
{ "type": "Feature", "properties": { "hex_id": 812662, "centroid_lon": -71.031803222376197, "centroid_lat": 46.062340743344542, "hours_count": 12.0, "datetimes_affected": "2026-01-05 00:50:46,2026-01-05 00:50:46,2026-01-05 00:50:46,2026-01-05 00:50:46,2026-01-05 00:50:46,2026-01-05 00:50:46" }, "geometry": { "type": "Polygon", "coordinates": [ [ [ -71.02554, 46.05952 ], [ -71.02517, 46.06471 ], [ -71.03143, 46.06752 ], [ -71.03807, 46.06516 ], [ -71.03844, 46.05997 ], [ -71.03218, 46.05716 ], [ -71.02554, 46.05952 ] ] ] } },
{ "type": "Feature", "properties": { "hex_id": 813269, "centroid_lon": -71.029260741157628, "centroid_lat": 46.007686259880664, "hours_count": 12.0, "datetimes_affected": "2026-01-05 00:50:46,2026-01-05 00:50:46,2026-01-05 00:50:46,2026-01-05 00:50:46,2026-01-05 00:50:46,2026-01-05 00:50:46" }, "geometry": { "type": "Polygon", "coordinates": [ [ [ -71.023, 46.00487 ], [ -71.02263, 46.01005 ], [ -71.02889, 46.01287 ], [ -71.03552, 46.0105 ], [ -71.03589, 46.00532 ], [ -71.02963, 46.0025 ], [ -71.023, 46.00487 ] ] ] } },
{ "type": "Feature", "properties": { "hex_id": 813270, "centroid_lon": -71.028145753158256, "centroid_lat": 46.023237781674673, "hours_count": 12.0, "datetimes_affected": "2026-01-05 00:50:46,2026-01-05 00:50:46,2026-01-05 00:50:46,2026-01-05 00:50:46,2026-01-05 00:50:46,2026-01-05 00:50:46" }, "geometry": { "type": "Polygon", "coordinates": [ [ [ -71.02189, 46.02042 ], [ -71.02152, 46.02561 ], [ -71.02777, 46.02842 ], [ -71.0344, 46.02605 ], [ -71.03478, 46.02087 ], [ -71.02852, 46.01805 ], [ -71.02189, 46.02042 ] ] ] } },
{ "type": "Feature", "properties": { "hex_id": 813271, "centroid_lon": -71.027029847513816, "centroid_lat": 46.038789239973795, "hours_count": 12.0, "datetimes_affected": "2026-01-05 00:50:46,2026-01-05 00:50:46,2026-01-05 00:50:46,2026-01-05 00:50:46,2026-01-05 00:50:46,2026-01-05 00:50:46" }, "geometry": { "type": "Polygon", "coordinates": [ [ [ -71.02077, 46.03597 ], [ -71.0204, 46.04116 ], [ -71.02666, 46.04397 ], [ -71.03329, 46.04161 ], [ -71.03366, 46.03642 ], [ -71.0274, 46.03361 ], [ -71.02077, 46.03597 ] ] ] } },
{ "type": "Feature", "properties": { "hex_id": 813272, "centroid_lon": -71.025913023290258, "centroid_lat": 46.054340634755953, "hours_count": 12.0, "datetimes_affected": "2026-01-05 00:50:46,2026-01-05 00:50:46,2026-01-05 00:50:46,2026-01-05 00:50:46,2026-01-05 00:50:46,2026-01-05 00:50:46" }, "geometry": { "type": "Polygon", "coordinates": [ [ [ -71.01965, 46.05152 ], [ -71.01928, 46.05671 ], [ -71.02554, 46.05952 ], [ -71.03218, 46.05716 ], [ -71.03255, 46.05197 ], [ -71.02629, 46.04916 ], [ -71.01965, 46.05152 ] ] ] } },
{ "type": "Feature", "properties": { "hex_id": 813879, "centroid_lon": -71.023376207726784, "centroid_lat": 45.999686161774171, "hours_count": 12.0, "datetimes_affected": "2026-01-05 00:50:46,2026-01-05 00:50:46,2026-01-05 00:50:46,2026-01-05 00:50:46,2026-01-05 00:50:46,2026-01-05 00:50:46" }, "geometry": { "type": "Polygon", "coordinates": [ [ [ -71.01712, 45.99687 ], [ -71.01675, 46.00205 ], [ -71.023, 46.00487 ], [ -71.02963, 46.0025 ], [ -71.03, 45.99732 ], [ -71.02375, 45.9945 ], [ -71.01712, 45.99687 ] ] ] } },
{ "type": "Feature", "properties": { "hex_id": 813880, "centroid_lon": -71.022259881483038, "centroid_lat": 46.015237594248418, "hours_count": 12.0, "datetimes_affected": "2026-01-05 00:50:46,2026-01-05 00:50:46,2026-01-05 00:50:46,2026-01-05 00:50:46,2026-01-05 00:50:46,2026-01-05 00:50:46" }, "geometry": { "type": "Polygon", "coordinates": [ [ [ -71.016, 46.01242 ], [ -71.01563, 46.0176 ], [ -71.02189, 46.02042 ], [ -71.02852, 46.01805 ], [ -71.02889, 46.01287 ], [ -71.02263, 46.01005 ], [ -71.016, 46.01242 ] ] ] } },
{ "type": "Feature", "properties": { "hex_id": 813881, "centroid_lon": -71.021142636591989, "centroid_lat": 46.030788963171602, "hours_count": 12.0, "datetimes_affected": "2026-01-05 00:50:46,2026-01-05 00:50:46,2026-01-05 00:50:46,2026-01-05 00:50:46,2026-01-05 00:50:46,2026-01-05 00:50:46" }, "geometry": { "type": "Polygon", "coordinates": [ [ [ -71.01488, 46.02797 ], [ -71.01451, 46.03316 ], [ -71.02077, 46.03597 ], [ -71.0274, 46.03361 ], [ -71.02777, 46.02842 ], [ -71.02152, 46.02561 ], [ -71.01488, 46.02797 ] ] ] } },
{ "type": "Feature", "properties": { "hex_id": 813882, "centroid_lon": -71.020024472118735, "centroid_lat": 46.04634026852159, "hours_count": 12.0, "datetimes_affected": "2026-01-05 00:50:46,2026-01-05 00:50:46,2026-01-05 00:50:46,2026-01-05 00:50:46,2026-01-05 00:50:46,2026-01-05 00:50:46" }, "geometry": { "type": "Polygon", "coordinates": [ [ [ -71.01376, 46.04352 ], [ -71.01339, 46.04871 ], [ -71.01965, 46.05152 ], [ -71.02629, 46.04916 ], [ -71.02666, 46.04397 ], [ -71.0204, 46.04116 ], [ -71.01376, 46.04352 ] ] ] } },
{ "type": "Feature", "properties": { "hex_id": 814490, "centroid_lon": -71.016375654112281, "centroid_lat": 46.007237149697858, "hours_count": 12.0, "datetimes_affected": "2026-01-05 00:50:46,2026-01-05 00:50:46,2026-01-05 00:50:46,2026-01-05 00:50:46,2026-01-05 00:50:46,2026-01-05 00:50:46" }, "geometry": { "type": "Polygon", "coordinates": [ [ [ -71.01012, 46.00442 ], [ -71.00975, 46.0096 ], [ -71.016, 46.01242 ], [ -71.02263, 46.01005 ], [ -71.023, 46.00487 ], [ -71.01675, 46.00205 ], [ -71.01012, 46.00442 ] ] ] } },
{ "type": "Feature", "properties": { "hex_id": 814491, "centroid_lon": -71.015257071288261, "centroid_lat": 46.022788429112246, "hours_count": 12.0, "datetimes_affected": "2026-01-05 00:50:46,2026-01-05 00:50:46,2026-01-05 00:50:46,2026-01-05 00:50:46,2026-01-05 00:50:46,2026-01-05 00:50:46" }, "geometry": { "type": "Polygon", "coordinates": [ [ [ -71.009, 46.01997 ], [ -71.00863, 46.02516 ], [ -71.01488, 46.02797 ], [ -71.02152, 46.02561 ], [ -71.02189, 46.02042 ], [ -71.01563, 46.0176 ], [ -71.009, 46.01997 ] ] ] } },
{ "type": "Feature", "properties": { "hex_id": 814492, "centroid_lon": -71.01413756788024, "centroid_lat": 46.038339644897164, "hours_count": 12.0, "datetimes_affected": "2026-01-05 00:50:46,2026-01-05 00:50:46,2026-01-05 00:50:46,2026-01-05 00:50:46,2026-01-05 00:50:46,2026-01-05 00:50:46" }, "geometry": { "type": "Polygon", "coordinates": [ [ [ -71.00788, 46.03552 ], [ -71.0075, 46.04071 ], [ -71.01376, 46.04352 ], [ -71.0204, 46.04116 ], [ -71.02077, 46.03597 ], [ -71.01451, 46.03316 ], [ -71.00788, 46.03552 ] ] ] } },
{ "type": "Feature", "properties": { "hex_id": 815100, "centroid_lon": -71.010493070067128, "centroid_lat": 45.99923644827831, "hours_count": 12.0, "datetimes_affected": "2026-01-05 00:50:46,2026-01-05 00:50:46,2026-01-05 00:50:46,2026-01-05 00:50:46,2026-01-05 00:50:46,2026-01-05 00:50:46" }, "geometry": { "type": "Polygon", "coordinates": [ [ [ -71.00424, 45.99642 ], [ -71.00386, 46.0016 ], [ -71.01012, 46.00442 ], [ -71.01675, 46.00205 ], [ -71.01712, 45.99687 ], [ -71.01087, 45.99405 ], [ -71.00424, 45.99642 ] ] ] } },
{ "type": "Feature", "properties": { "hex_id": 815101, "centroid_lon": -71.009373150622793, "centroid_lat": 46.01478763805116, "hours_count": 12.0, "datetimes_affected": "2026-01-05 00:50:46,2026-01-05 00:50:46,2026-01-05 00:50:46,2026-01-05 00:50:46,2026-01-05 00:50:46,2026-01-05 00:50:46" }, "geometry": { "type": "Polygon", "coordinates": [ [ [ -71.00312, 46.01197 ], [ -71.00274, 46.01715 ], [ -71.009, 46.01997 ], [ -71.01563, 46.0176 ], [ -71.016, 46.01242 ], [ -71.00975, 46.0096 ], [ -71.00312, 46.01197 ] ] ] } },
{ "type": "Feature", "properties": { "hex_id": 815102, "centroid_lon": -71.008252309593942, "centroid_lat": 46.030338764138214, "hours_count": 12.0, "datetimes_affected": "2026-01-05 00:50:46,2026-01-05 00:50:46,2026-01-05 00:50:46,2026-01-05 00:50:46,2026-01-05 00:50:46,2026-01-05 00:50:46" }, "geometry": { "type": "Polygon", "coordinates": [ [ [ -71.00199, 46.02752 ], [ -71.00162, 46.0327 ], [ -71.00788, 46.03552 ], [ -71.01451, 46.03316 ], [ -71.01488, 46.02797 ], [ -71.00863, 46.02516 ], [ -71.00199, 46.02752 ] ] ] } },
{ "type": "Feature", "properties": { "hex_id": 815711, "centroid_lon": -71.003490873616315, "centroid_lat": 46.006786590243657, "hours_count": 12.0, "datetimes_affected": "2026-01-05 00:50:46,2026-01-05 00:50:46,2026-01-05 00:50:46,2026-01-05 00:50:46,2026-01-05 00:50:46,2026-01-05 00:50:46" }, "geometry": { "type": "Polygon", "coordinates": [ [ [ -70.99724, 46.00397 ], [ -70.99686, 46.00915 ], [ -71.00312, 46.01197 ], [ -71.00975, 46.0096 ], [ -71.01012, 46.00442 ], [ -71.00386, 46.0016 ], [ -70.99724, 46.00397 ] ] ] } },
{ "type": "Feature", "properties": { "hex_id": 815712, "centroid_lon": -71.002368696279547, "centroid_lat": 46.02233762650021, "hours_count": 12.0, "datetimes_affected": "2026-01-05 00:50:46,2026-01-05 00:50:46,2026-01-05 00:50:46,2026-01-05 00:50:46,2026-01-05 00:50:46,2026-01-05 00:50:46" }, "geometry": { "type": "Polygon", "coordinates": [ [ [ -70.99611, 46.01952 ], [ -70.99574, 46.0247 ], [ -71.00199, 46.02752 ], [ -71.00863, 46.02516 ], [ -71.009, 46.01997 ], [ -71.00274, 46.01715 ], [ -70.99611, 46.01952 ] ] ] } },
{ "type": "Feature", "properties": { "hex_id": 816321, "centroid_lon": -70.997610239290083, "centroid_lat": 45.998785285944962, "hours_count": 12.0, "datetimes_affected": "2026-01-05 00:50:46,2026-01-05 00:50:46,2026-01-05 00:50:46,2026-01-05 00:50:46,2026-01-05 00:50:46,2026-01-05 00:50:46" }, "geometry": { "type": "Polygon", "coordinates": [ [ [ -70.99136, 45.99597 ], [ -70.99098, 46.00115 ], [ -70.99724, 46.00397 ], [ -71.00386, 46.0016 ], [ -71.00424, 45.99642 ], [ -70.99798, 45.9936 ], [ -70.99136, 45.99597 ] ] ] } },
{ "type": "Feature", "properties": { "hex_id": 816322, "centroid_lon": -70.996486726957357, "centroid_lat": 46.014336232238449, "hours_count": 12.0, "datetimes_affected": "2026-01-05 00:50:46,2026-01-05 00:50:46,2026-01-05 00:50:46,2026-01-05 00:50:46,2026-01-05 00:50:46,2026-01-05 00:50:46" }, "geometry": { "type": "Polygon", "coordinates": [ [ [ -70.99023, 46.01152 ], [ -70.98986, 46.0167 ], [ -70.99611, 46.01952 ], [ -71.00274, 46.01715 ], [ -71.00312, 46.01197 ], [ -70.99686, 46.00915 ], [ -70.99023, 46.01152 ] ] ] } },
{ "type": "Feature", "properties": { "hex_id": 816389, "centroid_lon": -70.919057072026888, "centroid_lat": 47.056103109818388, "hours_count": 6.0, "datetimes_affected": "2026-01-04 01:48:42,2026-01-04 01:48:42,2026-01-04 01:48:42,2026-01-04 01:48:42,2026-01-04 01:48:42,2026-01-04 01:48:42" }, "geometry": { "type": "Polygon", "coordinates": [ [ [ -70.91269, 47.05328 ], [ -70.91229, 47.05846 ], [ -70.91866, 47.06129 ], [ -70.92543, 47.05893 ], [ -70.92582, 47.05375 ], [ -70.91945, 47.05092 ], [ -70.91269, 47.05328 ] ] ] } },
{ "type": "Feature", "properties": { "hex_id": 816932, "centroid_lon": -70.990606400648247, "centroid_lat": 46.006334581608108, "hours_count": 12.0, "datetimes_affected": "2026-01-05 00:50:46,2026-01-05 00:50:46,2026-01-05 00:50:46,2026-01-05 00:50:46,2026-01-05 00:50:46,2026-01-05 00:50:46" }, "geometry": { "type": "Polygon", "coordinates": [ [ [ -70.98435, 46.00352 ], [ -70.98398, 46.0087 ], [ -70.99023, 46.01152 ], [ -70.99686, 46.00915 ], [ -70.99724, 46.00397 ], [ -70.99098, 46.00115 ], [ -70.98435, 46.00352 ] ] ] } },
{ "type": "Feature", "properties": { "hex_id": 817000, "centroid_lon": -70.911895079570684, "centroid_lat": 47.063641751053638, "hours_count": 6.0, "datetimes_affected": "2026-01-04 01:48:42,2026-01-04 01:48:42,2026-01-04 01:48:42,2026-01-04 01:48:42,2026-01-04 01:48:42,2026-01-04 01:48:42" }, "geometry": { "type": "Polygon", "coordinates": [ [ [ -70.90553, 47.06082 ], [ -70.90513, 47.066 ], [ -70.9115, 47.06882 ], [ -70.91826, 47.06647 ], [ -70.91866, 47.06129 ], [ -70.91229, 47.05846 ], [ -70.90553, 47.06082 ] ] ] } },
{ "type": "Feature", "properties": { "hex_id": 817610, "centroid_lon": -70.905923413532307, "centroid_lat": 47.055633572720893, "hours_count": 6.0, "datetimes_affected": "2026-01-04 01:48:42,2026-01-04 01:48:42,2026-01-04 01:48:42,2026-01-04 01:48:42,2026-01-04 01:48:42,2026-01-04 01:48:42" }, "geometry": { "type": "Polygon", "coordinates": [ [ [ -70.89956, 47.05281 ], [ -70.89916, 47.05799 ], [ -70.90553, 47.06082 ], [ -70.91229, 47.05846 ], [ -70.91269, 47.05328 ], [ -70.90632, 47.05045 ], [ -70.89956, 47.05281 ] ] ] } },
{ "type": "Feature", "properties": { "hex_id": 818220, "centroid_lon": -70.899953480584358, "centroid_lat": 47.047625129454161, "hours_count": 6.0, "datetimes_affected": "2026-01-04 01:48:42,2026-01-04 01:48:42,2026-01-04 01:48:42,2026-01-04 01:48:42,2026-01-04 01:48:42,2026-01-04 01:48:42" }, "geometry": { "type": "Polygon", "coordinates": [ [ [ -70.89359, 47.0448 ], [ -70.89319, 47.04998 ], [ -70.89956, 47.05281 ], [ -70.90632, 47.05045 ], [ -70.90672, 47.04527 ], [ -70.90035, 47.04244 ], [ -70.89359, 47.0448 ] ] ] } },
{ "type": "Feature", "properties": { "hex_id": 818221, "centroid_lon": -70.898759687461776, "centroid_lat": 47.063171335576591, "hours_count": 6.0, "datetimes_affected": "2026-01-04 01:48:42,2026-01-04 01:48:42,2026-01-04 01:48:42,2026-01-04 01:48:42,2026-01-04 01:48:42,2026-01-04 01:48:42" }, "geometry": { "type": "Polygon", "coordinates": [ [ [ -70.89239, 47.06034 ], [ -70.89199, 47.06553 ], [ -70.89836, 47.06835 ], [ -70.90513, 47.066 ], [ -70.90553, 47.06082 ], [ -70.89916, 47.05799 ], [ -70.89239, 47.06034 ] ] ] } },
{ "type": "Feature", "properties": { "hex_id": 818831, "centroid_lon": -70.89279008630055, "centroid_lat": 47.055162533084342, "hours_count": 6.0, "datetimes_affected": "2026-01-04 01:48:42,2026-01-04 01:48:42,2026-01-04 01:48:42,2026-01-04 01:48:42,2026-01-04 01:48:42,2026-01-04 01:48:42" }, "geometry": { "type": "Polygon", "coordinates": [ [ [ -70.88642, 47.05234 ], [ -70.88602, 47.05752 ], [ -70.89239, 47.06034 ], [ -70.89916, 47.05799 ], [ -70.89956, 47.05281 ], [ -70.89319, 47.04998 ], [ -70.88642, 47.05234 ] ] ] } },
{ "type": "Feature", "properties": { "hex_id": 830436, "centroid_lon": -70.761250024481001, "centroid_lat": 47.136101631522521, "hours_count": 12.0, "datetimes_affected": "2026-01-05 13:50:14,2026-01-05 13:50:14,2026-01-05 13:50:14,2026-01-05 13:50:14,2026-01-05 13:50:14,2026-01-05 13:50:14" }, "geometry": { "type": "Polygon", "coordinates": [ [ [ -70.75488, 47.13327 ], [ -70.75447, 47.13845 ], [ -70.76084, 47.14128 ], [ -70.76762, 47.13894 ], [ -70.76803, 47.13375 ], [ -70.76166, 47.13092 ], [ -70.75488, 47.13327 ] ] ] } },
{ "type": "Feature", "properties": { "hex_id": 831046, "centroid_lon": -70.755294161780071, "centroid_lat": 47.128086122164845, "hours_count": 12.0, "datetimes_affected": "2026-01-05 13:50:14,2026-01-05 13:50:14,2026-01-05 13:50:14,2026-01-05 13:50:14,2026-01-05 13:50:14,2026-01-05 13:50:14" }, "geometry": { "type": "Polygon", "coordinates": [ [ [ -70.74893, 47.12525 ], [ -70.74851, 47.13043 ], [ -70.75488, 47.13327 ], [ -70.76166, 47.13092 ], [ -70.76207, 47.12574 ], [ -70.75571, 47.12291 ], [ -70.74893, 47.12525 ] ] ] } },
{ "type": "Feature", "properties": { "hex_id": 873112, "centroid_lon": -70.380102525793546, "centroid_lat": 46.201513045749003, "hours_count": 12.0, "datetimes_affected": "2026-01-06 10:37:03,2026-01-06 10:37:03,2026-01-06 10:37:03,2026-01-06 10:37:03,2026-01-06 10:37:03,2026-01-06 10:37:03" }, "geometry": { "type": "Polygon", "coordinates": [ [ [ -70.37386, 46.19866 ], [ -70.37342, 46.20384 ], [ -70.37967, 46.20669 ], [ -70.38635, 46.20436 ], [ -70.38678, 46.19918 ], [ -70.38054, 46.19633 ], [ -70.37386, 46.19866 ] ] ] } },
{ "type": "Feature", "properties": { "hex_id": 873722, "centroid_lon": -70.374296192776796, "centroid_lat": 46.193482424672268, "hours_count": 12.0, "datetimes_affected": "2026-01-06 10:37:03,2026-01-06 10:37:03,2026-01-06 10:37:03,2026-01-06 10:37:03,2026-01-06 10:37:03,2026-01-06 10:37:03" }, "geometry": { "type": "Polygon", "coordinates": [ [ [ -70.36806, 46.19063 ], [ -70.36762, 46.19581 ], [ -70.37386, 46.19866 ], [ -70.38054, 46.19633 ], [ -70.38097, 46.19115 ], [ -70.37473, 46.1883 ], [ -70.36806, 46.19063 ] ] ] } },
{ "type": "Feature", "properties": { "hex_id": 873723, "centroid_lon": -70.372989217845799, "centroid_lat": 46.209020059697544, "hours_count": 12.0, "datetimes_affected": "2026-01-06 10:37:03,2026-01-06 10:37:03,2026-01-06 10:37:03,2026-01-06 10:37:03,2026-01-06 10:37:03,2026-01-06 10:37:03" }, "geometry": { "type": "Polygon", "coordinates": [ [ [ -70.36675, 46.20617 ], [ -70.36631, 46.21135 ], [ -70.37255, 46.2142 ], [ -70.37923, 46.21187 ], [ -70.37967, 46.20669 ], [ -70.37342, 46.20384 ], [ -70.36675, 46.20617 ] ] ] } },
{ "type": "Feature", "properties": { "hex_id": 874332, "centroid_lon": -70.36849148865862, "centroid_lat": 46.185451563289639, "hours_count": 12.0, "datetimes_affected": "2026-01-06 10:37:03,2026-01-06 10:37:03,2026-01-06 10:37:03,2026-01-06 10:37:03,2026-01-06 10:37:03,2026-01-06 10:37:03" }, "geometry": { "type": "Polygon", "coordinates": [ [ [ -70.36225, 46.1826 ], [ -70.36182, 46.18778 ], [ -70.36806, 46.19063 ], [ -70.37473, 46.1883 ], [ -70.37517, 46.18312 ], [ -70.36893, 46.18027 ], [ -70.36225, 46.1826 ] ] ] } },
{ "type": "Feature", "properties": { "hex_id": 874333, "centroid_lon": -70.367183243733933, "centroid_lat": 46.200989092523436, "hours_count": 12.0, "datetimes_affected": "2026-01-06 10:37:03,2026-01-06 10:37:03,2026-01-06 10:37:03,2026-01-06 10:37:03,2026-01-06 10:37:03,2026-01-06 10:37:03" }, "geometry": { "type": "Polygon", "coordinates": [ [ [ -70.36094, 46.19814 ], [ -70.36051, 46.20332 ], [ -70.36675, 46.20617 ], [ -70.37342, 46.20384 ], [ -70.37386, 46.19866 ], [ -70.36762, 46.19581 ], [ -70.36094, 46.19814 ] ] ] } },
{ "type": "Feature", "properties": { "hex_id": 874942, "centroid_lon": -70.362688412455242, "centroid_lat": 46.177420461851135, "hours_count": 12.0, "datetimes_affected": "2026-01-06 10:37:03,2026-01-06 10:37:03,2026-01-06 10:37:03,2026-01-06 10:37:03,2026-01-06 10:37:03,2026-01-06 10:37:03" }, "geometry": { "type": "Polygon", "coordinates": [ [ [ -70.35645, 46.17457 ], [ -70.35601, 46.17975 ], [ -70.36225, 46.1826 ], [ -70.36893, 46.18027 ], [ -70.36936, 46.17509 ], [ -70.36312, 46.17224 ], [ -70.35645, 46.17457 ] ] ] } },
{ "type": "Feature", "properties": { "hex_id": 874943, "centroid_lon": -70.361378898829585, "centroid_lat": 46.192957885169889, "hours_count": 12.0, "datetimes_affected": "2026-01-06 10:37:03,2026-01-06 10:37:03,2026-01-06 10:37:03,2026-01-06 10:37:03,2026-01-06 10:37:03,2026-01-06 10:37:03" }, "geometry": { "type": "Polygon", "coordinates": [ [ [ -70.35514, 46.19011 ], [ -70.3547, 46.19528 ], [ -70.36094, 46.19814 ], [ -70.36762, 46.19581 ], [ -70.36806, 46.19063 ], [ -70.36182, 46.18778 ], [ -70.35514, 46.19011 ] ] ] } },
{ "type": "Feature", "properties": { "hex_id": 874944, "centroid_lon": -70.360068306086461, "centroid_lat": 46.20849523728851, "hours_count": 12.0, "datetimes_affected": "2026-01-06 10:37:03,2026-01-06 10:37:03,2026-01-06 10:37:03,2026-01-06 10:37:03,2026-01-06 10:37:03,2026-01-06 10:37:03" }, "geometry": { "type": "Polygon", "coordinates": [ [ [ -70.35383, 46.20564 ], [ -70.35339, 46.21082 ], [ -70.35963, 46.21367 ], [ -70.36631, 46.21135 ], [ -70.36675, 46.20617 ], [ -70.36051, 46.20332 ], [ -70.35383, 46.20564 ] ] ] } },
{ "type": "Feature", "properties": { "hex_id": 875553, "centroid_lon": -70.355576182148553, "centroid_lat": 46.184926437886887, "hours_count": 12.0, "datetimes_affected": "2026-01-06 10:37:03,2026-01-06 10:37:03,2026-01-06 10:37:03,2026-01-06 10:37:03,2026-01-06 10:37:03,2026-01-06 10:37:03" }, "geometry": { "type": "Polygon", "coordinates": [ [ [ -70.34934, 46.18207 ], [ -70.3489, 46.18725 ], [ -70.35514, 46.19011 ], [ -70.36182, 46.18778 ], [ -70.36225, 46.1826 ], [ -70.35601, 46.17975 ], [ -70.34934, 46.18207 ] ] ] } },
{ "type": "Feature", "properties": { "hex_id": 875554, "centroid_lon": -70.354264321071483, "centroid_lat": 46.200463683903344, "hours_count": 12.0, "datetimes_affected": "2026-01-06 10:37:03,2026-01-06 10:37:03,2026-01-06 10:37:03,2026-01-06 10:37:03,2026-01-06 10:37:03,2026-01-06 10:37:03" }, "geometry": { "type": "Polygon", "coordinates": [ [ [ -70.34802, 46.19761 ], [ -70.34759, 46.20279 ], [ -70.35383, 46.20564 ], [ -70.36051, 46.20332 ], [ -70.36094, 46.19814 ], [ -70.3547, 46.19528 ], [ -70.34802, 46.19761 ] ] ] } },
{ "type": "Feature", "properties": { "hex_id": 875555, "centroid_lon": -70.352951378849653, "centroid_lat": 46.21600085862535, "hours_count": 12.0, "datetimes_affected": "2026-01-06 10:37:03,2026-01-06 10:37:03,2026-01-06 10:37:03,2026-01-06 10:37:03,2026-01-06 10:37:03,2026-01-06 10:37:03" }, "geometry": { "type": "Polygon", "coordinates": [ [ [ -70.34671, 46.21315 ], [ -70.34627, 46.21833 ], [ -70.35251, 46.22118 ], [ -70.35919, 46.21885 ], [ -70.35963, 46.21367 ], [ -70.35339, 46.21082 ], [ -70.34671, 46.21315 ] ] ] } },
{ "type": "Feature", "properties": { "hex_id": 876164, "centroid_lon": -70.348461964588168, "centroid_lat": 46.192431890715227, "hours_count": 12.0, "datetimes_affected": "2026-01-06 10:37:03,2026-01-06 10:37:03,2026-01-06 10:37:03,2026-01-06 10:37:03,2026-01-06 10:37:03,2026-01-06 10:37:03" }, "geometry": { "type": "Polygon", "coordinates": [ [ [ -70.34222, 46.18958 ], [ -70.34178, 46.19476 ], [ -70.34802, 46.19761 ], [ -70.3547, 46.19528 ], [ -70.35514, 46.19011 ], [ -70.3489, 46.18725 ], [ -70.34222, 46.18958 ] ] ] } },
{ "type": "Feature", "properties": { "hex_id": 876165, "centroid_lon": -70.347147754400183, "centroid_lat": 46.207968959147884, "hours_count": 12.0, "datetimes_affected": "2026-01-06 10:37:03,2026-01-06 10:37:03,2026-01-06 10:37:03,2026-01-06 10:37:03,2026-01-06 10:37:03,2026-01-06 10:37:03" }, "geometry": { "type": "Polygon", "coordinates": [ [ [ -70.34091, 46.20512 ], [ -70.34047, 46.21029 ], [ -70.34671, 46.21315 ], [ -70.35339, 46.21082 ], [ -70.35383, 46.20564 ], [ -70.34759, 46.20279 ], [ -70.34091, 46.20512 ] ] ] } },
{ "type": "Feature", "properties": { "hex_id": 876775, "centroid_lon": -70.341345758790538, "centroid_lat": 46.199936819994072, "hours_count": 12.0, "datetimes_affected": "2026-01-06 10:37:03,2026-01-06 10:37:03,2026-01-06 10:37:03,2026-01-06 10:37:03,2026-01-06 10:37:03,2026-01-06 10:37:03" }, "geometry": { "type": "Polygon", "coordinates": [ [ [ -70.33511, 46.19708 ], [ -70.33467, 46.20226 ], [ -70.34091, 46.20512 ], [ -70.34759, 46.20279 ], [ -70.34802, 46.19761 ], [ -70.34178, 46.19476 ], [ -70.33511, 46.19708 ] ] ] } },
{ "type": "Feature", "properties": { "hex_id": 876776, "centroid_lon": -70.3400291978312, "centroid_lat": 46.21547371056127, "hours_count": 12.0, "datetimes_affected": "2026-01-06 10:37:03,2026-01-06 10:37:03,2026-01-06 10:37:03,2026-01-06 10:37:03,2026-01-06 10:37:03,2026-01-06 10:37:03" }, "geometry": { "type": "Polygon", "coordinates": [ [ [ -70.33379, 46.21262 ], [ -70.33335, 46.2178 ], [ -70.33959, 46.22065 ], [ -70.34627, 46.21833 ], [ -70.34671, 46.21315 ], [ -70.34047, 46.21029 ], [ -70.33379, 46.21262 ] ] ] } },
{ "type": "Feature", "properties": { "hex_id": 877386, "centroid_lon": -70.33422756377179, "centroid_lat": 46.20744122538121, "hours_count": 12.0, "datetimes_affected": "2026-01-06 10:37:03,2026-01-06 10:37:03,2026-01-06 10:37:03,2026-01-06 10:37:03,2026-01-06 10:37:03,2026-01-06 10:37:03" }, "geometry": { "type": "Polygon", "coordinates": [ [ [ -70.32799, 46.20459 ], [ -70.32755, 46.20977 ], [ -70.33379, 46.21262 ], [ -70.34047, 46.21029 ], [ -70.34091, 46.20512 ], [ -70.33467, 46.20226 ], [ -70.32799, 46.20459 ] ] ] } },
{ "type": "Feature", "properties": { "hex_id": 877387, "centroid_lon": -70.332908650379622, "centroid_lat": 46.222977937801026, "hours_count": 12.0, "datetimes_affected": "2026-01-06 10:37:03,2026-01-06 10:37:03,2026-01-06 10:37:03,2026-01-06 10:37:03,2026-01-06 10:37:03,2026-01-06 10:37:03" }, "geometry": { "type": "Polygon", "coordinates": [ [ [ -70.32667, 46.22012 ], [ -70.32623, 46.2253 ], [ -70.33247, 46.22816 ], [ -70.33915, 46.22583 ], [ -70.33959, 46.22065 ], [ -70.33335, 46.2178 ], [ -70.32667, 46.22012 ] ] ] } },
{ "type": "Feature", "properties": { "hex_id": 877997, "centroid_lon": -70.327107378547552, "centroid_lat": 46.214945106534287, "hours_count": 12.0, "datetimes_affected": "2026-01-06 10:37:03,2026-01-06 10:37:03,2026-01-06 10:37:03,2026-01-06 10:37:03,2026-01-06 10:37:03,2026-01-06 10:37:03" }, "geometry": { "type": "Polygon", "coordinates": [ [ [ -70.32087, 46.21209 ], [ -70.32043, 46.21727 ], [ -70.32667, 46.22012 ], [ -70.33335, 46.2178 ], [ -70.33379, 46.21262 ], [ -70.32755, 46.20977 ], [ -70.32087, 46.21209 ] ] ] } },
{ "type": "Feature", "properties": { "hex_id": 891551, "centroid_lon": -70.008799982929716, "centroid_lat": 48.119074573292849, "hours_count": 6.0, "datetimes_affected": "2026-01-03 23:19:46,2026-01-03 23:19:46,2026-01-03 23:19:46,2026-01-03 23:19:46,2026-01-03 23:19:46,2026-01-03 23:19:46" }, "geometry": { "type": "Polygon", "coordinates": [ [ [ -70.00236, 48.1162 ], [ -70.00186, 48.12137 ], [ -70.0083, 48.12425 ], [ -70.01524, 48.12195 ], [ -70.01574, 48.11678 ], [ -70.0093, 48.1139 ], [ -70.00236, 48.1162 ] ] ] } },
{ "type": "Feature", "properties": { "hex_id": 1009385, "centroid_lon": -68.705006772182827, "centroid_lat": 48.171790286693735, "hours_count": 54.0, "datetimes_affected": "2026-01-03 23:19:46,2026-01-03 23:19:46,2026-01-03 23:19:46,2026-01-03 23:19:46,2026-01-03 23:19:46,2026-01-03 23:19:46" }, "geometry": { "type": "Polygon", "coordinates": [ [ [ -68.69864, 48.16884 ], [ -68.698, 48.174 ], [ -68.70437, 48.17695 ], [ -68.71137, 48.17474 ], [ -68.71201, 48.16958 ], [ -68.70564, 48.16663 ], [ -68.69864, 48.16884 ] ] ] } },
{ "type": "Feature", "properties": { "hex_id": 1009386, "centroid_lon": -68.703102530858473, "centroid_lat": 48.187279272169349, "hours_count": 54.0, "datetimes_affected": "2026-01-03 23:19:46,2026-01-03 23:19:46,2026-01-03 23:19:46,2026-01-03 23:19:46,2026-01-03 23:19:46,2026-01-03 23:19:46" }, "geometry": { "type": "Polygon", "coordinates": [ [ [ -68.69673, 48.18433 ], [ -68.6961, 48.18949 ], [ -68.70247, 48.19244 ], [ -68.70947, 48.19023 ], [ -68.71011, 48.18507 ], [ -68.70374, 48.18212 ], [ -68.69673, 48.18433 ] ] ] } },
{ "type": "Feature", "properties": { "hex_id": 1009996, "centroid_lon": -68.697369353538122, "centroid_lat": 48.179166956061628, "hours_count": 54.0, "datetimes_affected": "2026-01-03 23:19:46,2026-01-03 23:19:46,2026-01-03 23:19:46,2026-01-03 23:19:46,2026-01-03 23:19:46,2026-01-03 23:19:46" }, "geometry": { "type": "Polygon", "coordinates": [ [ [ -68.691, 48.17622 ], [ -68.69037, 48.18138 ], [ -68.69673, 48.18433 ], [ -68.70374, 48.18212 ], [ -68.70437, 48.17695 ], [ -68.698, 48.174 ], [ -68.691, 48.17622 ] ] ] } },
{ "type": "Feature", "properties": { "hex_id": 1009997, "centroid_lon": -68.69546231790325, "centroid_lat": 48.194655693360268, "hours_count": 54.0, "datetimes_affected": "2026-01-03 23:19:46,2026-01-03 23:19:46,2026-01-03 23:19:46,2026-01-03 23:19:46,2026-01-03 23:19:46,2026-01-03 23:19:46" }, "geometry": { "type": "Polygon", "coordinates": [ [ [ -68.68909, 48.19171 ], [ -68.68846, 48.19687 ], [ -68.69483, 48.19982 ], [ -68.70183, 48.19761 ], [ -68.70247, 48.19244 ], [ -68.6961, 48.18949 ], [ -68.68909, 48.19171 ] ] ] } },
{ "type": "Feature", "properties": { "hex_id": 1010606, "centroid_lon": -68.691637897250843, "centroid_lat": 48.171054427419136, "hours_count": 54.0, "datetimes_affected": "2026-01-03 23:19:46,2026-01-03 23:19:46,2026-01-03 23:19:46,2026-01-03 23:19:46,2026-01-03 23:19:46,2026-01-03 23:19:46" }, "geometry": { "type": "Polygon", "coordinates": [ [ [ -68.68527, 48.1681 ], [ -68.68464, 48.17327 ], [ -68.691, 48.17622 ], [ -68.698, 48.174 ], [ -68.69864, 48.16884 ], [ -68.69227, 48.16589 ], [ -68.68527, 48.1681 ] ] ] } },
{ "type": "Feature", "properties": { "hex_id": 1010607, "centroid_lon": -68.689729677365392, "centroid_lat": 48.186543015131583, "hours_count": 54.0, "datetimes_affected": "2026-01-03 23:19:46,2026-01-03 23:19:46,2026-01-03 23:19:46,2026-01-03 23:19:46,2026-01-03 23:19:46,2026-01-03 23:19:46" }, "geometry": { "type": "Polygon", "coordinates": [ [ [ -68.68336, 48.18359 ], [ -68.68272, 48.18876 ], [ -68.68909, 48.19171 ], [ -68.6961, 48.18949 ], [ -68.69673, 48.18433 ], [ -68.69037, 48.18138 ], [ -68.68336, 48.18359 ] ] ] } },
{ "type": "Feature", "properties": { "hex_id": 1010608, "centroid_lon": -68.687819845481471, "centroid_lat": 48.202031503913119, "hours_count": 54.0, "datetimes_affected": "2026-01-03 23:19:46,2026-01-03 23:19:46,2026-01-03 23:19:46,2026-01-03 23:19:46,2026-01-03 23:19:46,2026-01-03 23:19:46" }, "geometry": { "type": "Polygon", "coordinates": [ [ [ -68.68145, 48.19908 ], [ -68.68081, 48.20424 ], [ -68.68718, 48.20719 ], [ -68.69419, 48.20498 ], [ -68.69483, 48.19982 ], [ -68.68846, 48.19687 ], [ -68.68145, 48.19908 ] ] ] } },
{ "type": "Feature", "properties": { "hex_id": 1011218, "centroid_lon": -68.682087742564448, "centroid_lat": 48.19391846351715, "hours_count": 54.0, "datetimes_affected": "2026-01-03 23:19:46,2026-01-03 23:19:46,2026-01-03 23:19:46,2026-01-03 23:19:46,2026-01-03 23:19:46,2026-01-03 23:19:46" }, "geometry": { "type": "Polygon", "coordinates": [ [ [ -68.67572, 48.19097 ], [ -68.67508, 48.19613 ], [ -68.68145, 48.19908 ], [ -68.68846, 48.19687 ], [ -68.68909, 48.19171 ], [ -68.68272, 48.18876 ], [ -68.67572, 48.19097 ] ] ] } },
{ "type": "Feature", "properties": { "hex_id": 1012497, "centroid_lon": -68.554818303621161, "centroid_lat": 49.091308187714084, "hours_count": 18.0, "datetimes_affected": "2026-01-06 09:39:11,2026-01-06 09:39:11,2026-01-06 09:39:11,2026-01-06 09:39:11,2026-01-06 09:39:11,2026-01-06 09:39:11" }, "geometry": { "type": "Polygon", "coordinates": [ [ [ -68.54835, 49.08835 ], [ -68.54768, 49.09351 ], [ -68.55415, 49.09647 ], [ -68.56129, 49.09427 ], [ -68.56196, 49.08911 ], [ -68.55549, 49.08615 ], [ -68.54835, 49.08835 ] ] ] } },
{ "type": "Feature", "properties": { "hex_id": 1012498, "centroid_lon": -68.552804802253377, "centroid_lat": 49.106790157698043, "hours_count": 18.0, "datetimes_affected": "2026-01-06 09:39:11,2026-01-06 09:39:11,2026-01-06 09:39:11,2026-01-06 09:39:11,2026-01-06 09:39:11,2026-01-06 09:39:11" }, "geometry": { "type": "Polygon", "coordinates": [ [ [ -68.54633, 49.10383 ], [ -68.54566, 49.10899 ], [ -68.55213, 49.11195 ], [ -68.55928, 49.10975 ], [ -68.55995, 49.10459 ], [ -68.55348, 49.10163 ], [ -68.54633, 49.10383 ] ] ] } },
{ "type": "Feature", "properties": { "hex_id": 1013106, "centroid_lon": -68.551033371000798, "centroid_lat": 49.06770358040928, "hours_count": 18.0, "datetimes_affected": "2026-01-06 09:39:11,2026-01-06 09:39:11,2026-01-06 09:39:11,2026-01-06 09:39:11,2026-01-06 09:39:11,2026-01-06 09:39:11" }, "geometry": { "type": "Polygon", "coordinates": [ [ [ -68.54457, 49.06474 ], [ -68.5439, 49.0699 ], [ -68.55036, 49.07286 ], [ -68.5575, 49.07067 ], [ -68.55817, 49.0655 ], [ -68.5517, 49.06254 ], [ -68.54457, 49.06474 ] ] ] } },
{ "type": "Feature", "properties": { "hex_id": 1013107, "centroid_lon": -68.54902036600636, "centroid_lat": 49.083185498079089, "hours_count": 18.0, "datetimes_affected": "2026-01-06 09:39:11,2026-01-06 09:39:11,2026-01-06 09:39:11,2026-01-06 09:39:11,2026-01-06 09:39:11,2026-01-06 09:39:11" }, "geometry": { "type": "Polygon", "coordinates": [ [ [ -68.54255, 49.08022 ], [ -68.54188, 49.08538 ], [ -68.54835, 49.08835 ], [ -68.55549, 49.08615 ], [ -68.55616, 49.08099 ], [ -68.54969, 49.07802 ], [ -68.54255, 49.08022 ] ] ] } },
{ "type": "Feature", "properties": { "hex_id": 1013108, "centroid_lon": -68.547005637320751, "centroid_lat": 49.098667312555797, "hours_count": 18.0, "datetimes_affected": "2026-01-06 09:39:11,2026-01-06 09:39:11,2026-01-06 09:39:11,2026-01-06 09:39:11,2026-01-06 09:39:11,2026-01-06 09:39:11" }, "geometry": { "type": "Polygon", "coordinates": [ [ [ -68.54054, 49.0957 ], [ -68.53986, 49.10087 ], [ -68.54633, 49.10383 ], [ -68.55348, 49.10163 ], [ -68.55415, 49.09647 ], [ -68.54768, 49.09351 ], [ -68.54054, 49.0957 ] ] ] } },
{ "type": "Feature", "properties": { "hex_id": 1013109, "centroid_lon": -68.544989183050362, "centroid_lat": 49.114149023771425, "hours_count": 18.0, "datetimes_affected": "2026-01-06 09:39:11,2026-01-06 09:39:11,2026-01-06 09:39:11,2026-01-06 09:39:11,2026-01-06 09:39:11,2026-01-06 09:39:11" }, "geometry": { "type": "Polygon", "coordinates": [ [ [ -68.53852, 49.11119 ], [ -68.53784, 49.11635 ], [ -68.54432, 49.11931 ], [ -68.55146, 49.11711 ], [ -68.55213, 49.11195 ], [ -68.54566, 49.10899 ], [ -68.53852, 49.11119 ] ] ] } },
{ "type": "Feature", "properties": { "hex_id": 1013717, "centroid_lon": -68.543224229149658, "centroid_lat": 49.075062590871163, "hours_count": 18.0, "datetimes_affected": "2026-01-06 09:39:11,2026-01-06 09:39:11,2026-01-06 09:39:11,2026-01-06 09:39:11,2026-01-06 09:39:11,2026-01-06 09:39:11" }, "geometry": { "type": "Polygon", "coordinates": [ [ [ -68.53676, 49.0721 ], [ -68.53609, 49.07726 ], [ -68.54255, 49.08022 ], [ -68.54969, 49.07802 ], [ -68.55036, 49.07286 ], [ -68.5439, 49.0699 ], [ -68.53676, 49.0721 ] ] ] } },
{ "type": "Feature", "properties": { "hex_id": 1013718, "centroid_lon": -68.541208274585102, "centroid_lat": 49.090544249737668, "hours_count": 18.0, "datetimes_affected": "2026-01-06 09:39:11,2026-01-06 09:39:11,2026-01-06 09:39:11,2026-01-06 09:39:11,2026-01-06 09:39:11,2026-01-06 09:39:11" }, "geometry": { "type": "Polygon", "coordinates": [ [ [ -68.53474, 49.08758 ], [ -68.53407, 49.09274 ], [ -68.54054, 49.0957 ], [ -68.54768, 49.09351 ], [ -68.54835, 49.08835 ], [ -68.54188, 49.08538 ], [ -68.53474, 49.08758 ] ] ] } },
{ "type": "Feature", "properties": { "hex_id": 1013719, "centroid_lon": -68.539190593628561, "centroid_lat": 49.10602580524975, "hours_count": 18.0, "datetimes_affected": "2026-01-06 09:39:11,2026-01-06 09:39:11,2026-01-06 09:39:11,2026-01-06 09:39:11,2026-01-06 09:39:11,2026-01-06 09:39:11" }, "geometry": { "type": "Polygon", "coordinates": [ [ [ -68.53272, 49.10306 ], [ -68.53205, 49.10822 ], [ -68.53852, 49.11119 ], [ -68.54566, 49.10899 ], [ -68.54633, 49.10383 ], [ -68.53986, 49.10087 ], [ -68.53272, 49.10306 ] ] ] } },
{ "type": "Feature", "properties": { "hex_id": 1014327, "centroid_lon": -68.537429891882397, "centroid_lat": 49.066939466343726, "hours_count": 18.0, "datetimes_affected": "2026-01-06 09:39:11,2026-01-06 09:39:11,2026-01-06 09:39:11,2026-01-06 09:39:11,2026-01-06 09:39:11,2026-01-06 09:39:11" }, "geometry": { "type": "Polygon", "coordinates": [ [ [ -68.53096, 49.06398 ], [ -68.53029, 49.06914 ], [ -68.53676, 49.0721 ], [ -68.5439, 49.0699 ], [ -68.54457, 49.06474 ], [ -68.5381, 49.06178 ], [ -68.53096, 49.06398 ] ] ] } },
{ "type": "Feature", "properties": { "hex_id": 1020391, "centroid_lon": -68.55150182435591, "centroid_lat": 48.428349528481739, "hours_count": 6.0, "datetimes_affected": "2026-01-04 01:48:42,2026-01-04 01:48:42,2026-01-04 01:48:42,2026-01-04 01:48:42,2026-01-04 01:48:42,2026-01-04 01:48:42" }, "geometry": { "type": "Polygon", "coordinates": [ [ [ -68.54511, 48.42539 ], [ -68.54446, 48.43055 ], [ -68.55085, 48.43351 ], [ -68.55789, 48.43131 ], [ -68.55855, 48.42615 ], [ -68.55216, 48.42319 ], [ -68.54511, 48.42539 ] ] ] } },
{ "type": "Feature", "properties": { "hex_id": 1021001, "centroid_lon": -68.545770196041673, "centroid_lat": 48.420229614900862, "hours_count": 6.0, "datetimes_affected": "2026-01-04 01:48:42,2026-01-04 01:48:42,2026-01-04 01:48:42,2026-01-04 01:48:42,2026-01-04 01:48:42,2026-01-04 01:48:42" }, "geometry": { "type": "Polygon", "coordinates": [ [ [ -68.53938, 48.41727 ], [ -68.53873, 48.42243 ], [ -68.54511, 48.42539 ], [ -68.55216, 48.42319 ], [ -68.55281, 48.41803 ], [ -68.54643, 48.41507 ], [ -68.53938, 48.41727 ] ] ] } },
{ "type": "Feature", "properties": { "hex_id": 1021002, "centroid_lon": -68.543800894826759, "centroid_lat": 48.435713114149763, "hours_count": 6.0, "datetimes_affected": "2026-01-04 01:48:42,2026-01-04 01:48:42,2026-01-04 01:48:42,2026-01-04 01:48:42,2026-01-04 01:48:42,2026-01-04 01:48:42" }, "geometry": { "type": "Polygon", "coordinates": [ [ [ -68.53741, 48.43275 ], [ -68.53676, 48.43791 ], [ -68.54314, 48.44087 ], [ -68.55019, 48.43867 ], [ -68.55085, 48.43351 ], [ -68.54446, 48.43055 ], [ -68.53741, 48.43275 ] ] ] } },
{ "type": "Feature", "properties": { "hex_id": 1021612, "centroid_lon": -68.538069822670451, "centroid_lat": 48.427592836290827, "hours_count": 6.0, "datetimes_affected": "2026-01-04 01:48:42,2026-01-04 01:48:42,2026-01-04 01:48:42,2026-01-04 01:48:42,2026-01-04 01:48:42,2026-01-04 01:48:42" }, "geometry": { "type": "Polygon", "coordinates": [ [ [ -68.53168, 48.42463 ], [ -68.53103, 48.42979 ], [ -68.53741, 48.43275 ], [ -68.54446, 48.43055 ], [ -68.54511, 48.42539 ], [ -68.53873, 48.42243 ], [ -68.53168, 48.42463 ] ] ] } },
{ "type": "Feature", "properties": { "hex_id": 1121123, "centroid_lon": -67.446481931368297, "centroid_lat": 48.35297263778623, "hours_count": 12.0, "datetimes_affected": "2026-01-06 03:48:22,2026-01-06 03:48:22,2026-01-06 03:48:22,2026-01-06 03:48:22,2026-01-06 03:48:22,2026-01-06 03:48:22" }, "geometry": { "type": "Polygon", "coordinates": [ [ [ -67.44017, 48.34996 ], [ -67.43941, 48.35511 ], [ -67.44572, 48.35812 ], [ -67.45279, 48.35599 ], [ -67.45355, 48.35084 ], [ -67.44725, 48.34782 ], [ -67.44017, 48.34996 ] ] ] } },
{ "type": "Feature", "properties": { "hex_id": 1121733, "centroid_lon": -67.440940678611966, "centroid_lat": 48.34480706805428, "hours_count": 12.0, "datetimes_affected": "2026-01-06 03:48:22,2026-01-06 03:48:22,2026-01-06 03:48:22,2026-01-06 03:48:22,2026-01-06 03:48:22,2026-01-06 03:48:22" }, "geometry": { "type": "Polygon", "coordinates": [ [ [ -67.43463, 48.34179 ], [ -67.43387, 48.34694 ], [ -67.44017, 48.34996 ], [ -67.44725, 48.34782 ], [ -67.44801, 48.34267 ], [ -67.44171, 48.33966 ], [ -67.43463, 48.34179 ] ] ] } },
{ "type": "Feature", "properties": { "hex_id": 1122343, "centroid_lon": -67.435401088339134, "centroid_lat": 48.336641319830939, "hours_count": 12.0, "datetimes_affected": "2026-01-06 03:48:22,2026-01-06 03:48:22,2026-01-06 03:48:22,2026-01-06 03:48:22,2026-01-06 03:48:22,2026-01-06 03:48:22" }, "geometry": { "type": "Polygon", "coordinates": [ [ [ -67.4291, 48.33362 ], [ -67.42833, 48.33877 ], [ -67.43463, 48.34179 ], [ -67.44171, 48.33966 ], [ -67.44247, 48.33451 ], [ -67.43617, 48.33149 ], [ -67.4291, 48.33362 ] ] ] } },
{ "type": "Feature", "properties": { "hex_id": 1122953, "centroid_lon": -67.429863159461277, "centroid_lat": 48.328475393350431, "hours_count": 12.0, "datetimes_affected": "2026-01-06 03:48:22,2026-01-06 03:48:22,2026-01-06 03:48:22,2026-01-06 03:48:22,2026-01-06 03:48:22,2026-01-06 03:48:22" }, "geometry": { "type": "Polygon", "coordinates": [ [ [ -67.42356, 48.32546 ], [ -67.42279, 48.33061 ], [ -67.4291, 48.33362 ], [ -67.43617, 48.33149 ], [ -67.43693, 48.32634 ], [ -67.43063, 48.32333 ], [ -67.42356, 48.32546 ] ] ] } },
{ "type": "Feature", "properties": { "hex_id": 1123563, "centroid_lon": -67.424326890890683, "centroid_lat": 48.320309288846836, "hours_count": 12.0, "datetimes_affected": "2026-01-06 03:48:22,2026-01-06 03:48:22,2026-01-06 03:48:22,2026-01-06 03:48:22,2026-01-06 03:48:22,2026-01-06 03:48:22" }, "geometry": { "type": "Polygon", "coordinates": [ [ [ -67.41803, 48.31729 ], [ -67.41726, 48.32244 ], [ -67.42356, 48.32546 ], [ -67.43063, 48.32333 ], [ -67.4314, 48.31818 ], [ -67.42509, 48.31516 ], [ -67.41803, 48.31729 ] ] ] } },
{ "type": "Feature", "properties": { "hex_id": 1124173, "centroid_lon": -67.418792281540277, "centroid_lat": 48.312143006554088, "hours_count": 12.0, "datetimes_affected": "2026-01-06 03:48:22,2026-01-06 03:48:22,2026-01-06 03:48:22,2026-01-06 03:48:22,2026-01-06 03:48:22,2026-01-06 03:48:22" }, "geometry": { "type": "Polygon", "coordinates": [ [ [ -67.41249, 48.30913 ], [ -67.41172, 48.31427 ], [ -67.41803, 48.31729 ], [ -67.42509, 48.31516 ], [ -67.42586, 48.31001 ], [ -67.41956, 48.30699 ], [ -67.41249, 48.30913 ] ] ] } },
{ "type": "Feature", "properties": { "hex_id": 1141243, "centroid_lon": -67.287688832606761, "centroid_lat": 47.928995938951275, "hours_count": 66.0, "datetimes_affected": "2026-01-03 09:32:54,2026-01-03 09:32:54,2026-01-03 09:32:54,2026-01-03 09:32:54,2026-01-03 09:32:54,2026-01-03 09:32:54" }, "geometry": { "type": "Polygon", "coordinates": [ [ [ -67.28144, 47.92597 ], [ -67.28067, 47.93112 ], [ -67.28692, 47.93414 ], [ -67.29394, 47.93202 ], [ -67.29471, 47.92687 ], [ -67.28846, 47.92385 ], [ -67.28144, 47.92597 ] ] ] } },
{ "type": "Feature", "properties": { "hex_id": 1141854, "centroid_lon": -67.279899736810648, "centroid_lat": 47.93626877236909, "hours_count": 66.0, "datetimes_affected": "2026-01-03 09:32:54,2026-01-03 09:32:54,2026-01-03 09:32:54,2026-01-03 09:32:54,2026-01-03 09:32:54,2026-01-03 09:32:54" }, "geometry": { "type": "Polygon", "coordinates": [ [ [ -67.27365, 47.93325 ], [ -67.27288, 47.93839 ], [ -67.27913, 47.94142 ], [ -67.28615, 47.93929 ], [ -67.28692, 47.93414 ], [ -67.28067, 47.93112 ], [ -67.27365, 47.93325 ] ] ] } },
{ "type": "Feature", "properties": { "hex_id": 1142463, "centroid_lon": -67.276735963144276, "centroid_lat": 47.912656670669968, "hours_count": 66.0, "datetimes_affected": "2026-01-03 09:32:54,2026-01-03 09:32:54,2026-01-03 09:32:54,2026-01-03 09:32:54,2026-01-03 09:32:54,2026-01-03 09:32:54" }, "geometry": { "type": "Polygon", "coordinates": [ [ [ -67.27049, 47.90963 ], [ -67.26972, 47.91478 ], [ -67.27597, 47.9178 ], [ -67.28298, 47.91568 ], [ -67.28375, 47.91053 ], [ -67.27751, 47.90751 ], [ -67.27049, 47.90963 ] ] ] } },
{ "type": "Feature", "properties": { "hex_id": 1144296, "centroid_lon": -67.253365771082201, "centroid_lat": 47.934471120848805, "hours_count": 66.0, "datetimes_affected": "2026-01-03 09:32:54,2026-01-03 09:32:54,2026-01-03 09:32:54,2026-01-03 09:32:54,2026-01-03 09:32:54,2026-01-03 09:32:54" }, "geometry": { "type": "Polygon", "coordinates": [ [ [ -67.24712, 47.93145 ], [ -67.24635, 47.93659 ], [ -67.25259, 47.93962 ], [ -67.25961, 47.93749 ], [ -67.26039, 47.93235 ], [ -67.25414, 47.92932 ], [ -67.24712, 47.93145 ] ] ] } },
{ "type": "Feature", "properties": { "hex_id": 1144906, "centroid_lon": -67.24789369959629, "centroid_lat": 47.92630018738555, "hours_count": 66.0, "datetimes_affected": "2026-01-03 09:32:54,2026-01-03 09:32:54,2026-01-03 09:32:54,2026-01-03 09:32:54,2026-01-03 09:32:54,2026-01-03 09:32:54" }, "geometry": { "type": "Polygon", "coordinates": [ [ [ -67.24165, 47.92328 ], [ -67.24087, 47.92842 ], [ -67.24712, 47.93145 ], [ -67.25414, 47.92932 ], [ -67.25491, 47.92418 ], [ -67.24867, 47.92115 ], [ -67.24165, 47.92328 ] ] ] } },
{ "type": "Feature", "properties": { "hex_id": 1144907, "centroid_lon": -67.245571183015159, "centroid_lat": 47.941741296885411, "hours_count": 66.0, "datetimes_affected": "2026-01-03 09:32:54,2026-01-03 09:32:54,2026-01-03 09:32:54,2026-01-03 09:32:54,2026-01-03 09:32:54,2026-01-03 09:32:54" }, "geometry": { "type": "Polygon", "coordinates": [ [ [ -67.23932, 47.93872 ], [ -67.23855, 47.94386 ], [ -67.2448, 47.94689 ], [ -67.25182, 47.94477 ], [ -67.25259, 47.93962 ], [ -67.24635, 47.93659 ], [ -67.23932, 47.93872 ] ] ] } },
{ "type": "Feature", "properties": { "hex_id": 1145517, "centroid_lon": -67.240099760788752, "centroid_lat": 47.933570015183456, "hours_count": 66.0, "datetimes_affected": "2026-01-03 09:32:54,2026-01-03 09:32:54,2026-01-03 09:32:54,2026-01-03 09:32:54,2026-01-03 09:32:54,2026-01-03 09:32:54" }, "geometry": { "type": "Polygon", "coordinates": [ [ [ -67.23385, 47.93055 ], [ -67.23308, 47.93569 ], [ -67.23932, 47.93872 ], [ -67.24635, 47.93659 ], [ -67.24712, 47.93145 ], [ -67.24087, 47.92842 ], [ -67.23385, 47.93055 ] ] ] } },
{ "type": "Feature", "properties": { "hex_id": 1147350, "centroid_lon": -67.216704362689967, "centroid_lat": 47.955375570797294, "hours_count": 66.0, "datetimes_affected": "2026-01-03 09:32:54,2026-01-03 09:32:54,2026-01-03 09:32:54,2026-01-03 09:32:54,2026-01-03 09:32:54,2026-01-03 09:32:54" }, "geometry": { "type": "Polygon", "coordinates": [ [ [ -67.21046, 47.95235 ], [ -67.20968, 47.9575 ], [ -67.21593, 47.96052 ], [ -67.22295, 47.9584 ], [ -67.22373, 47.95325 ], [ -67.21748, 47.95023 ], [ -67.21046, 47.95235 ] ] ] } },
{ "type": "Feature", "properties": { "hex_id": 1147961, "centroid_lon": -67.208901365915125, "centroid_lat": 47.962642778756525, "hours_count": 66.0, "datetimes_affected": "2026-01-03 09:32:54,2026-01-03 09:32:54,2026-01-03 09:32:54,2026-01-03 09:32:54,2026-01-03 09:32:54,2026-01-03 09:32:54" }, "geometry": { "type": "Polygon", "coordinates": [ [ [ -67.20265, 47.95962 ], [ -67.20188, 47.96476 ], [ -67.20812, 47.96779 ], [ -67.21515, 47.96567 ], [ -67.21593, 47.96052 ], [ -67.20968, 47.9575 ], [ -67.20265, 47.95962 ] ] ] } },
{ "type": "Feature", "properties": { "hex_id": 1321967, "centroid_lon": -65.285635742894073, "centroid_lat": 48.025581874150099, "hours_count": 6.0, "datetimes_affected": "2026-01-04 01:48:42,2026-01-04 01:48:42,2026-01-04 01:48:42,2026-01-04 01:48:42,2026-01-04 01:48:42,2026-01-04 01:48:42" }, "geometry": { "type": "Polygon", "coordinates": [ [ [ -65.27951, 48.02246 ], [ -65.27854, 48.02758 ], [ -65.28466, 48.0307 ], [ -65.29176, 48.02871 ], [ -65.29273, 48.02359 ], [ -65.28661, 48.02046 ], [ -65.27951, 48.02246 ] ] ] } },
{ "type": "Feature", "properties": { "hex_id": 1322577, "centroid_lon": -65.280483776342081, "centroid_lat": 48.017337592347346, "hours_count": 6.0, "datetimes_affected": "2026-01-04 01:48:42,2026-01-04 01:48:42,2026-01-04 01:48:42,2026-01-04 01:48:42,2026-01-04 01:48:42,2026-01-04 01:48:42" }, "geometry": { "type": "Polygon", "coordinates": [ [ [ -65.27436, 48.01421 ], [ -65.27339, 48.01933 ], [ -65.27951, 48.02246 ], [ -65.28661, 48.02046 ], [ -65.28758, 48.01534 ], [ -65.28146, 48.01222 ], [ -65.27436, 48.01421 ] ] ] } },
{ "type": "Feature", "properties": { "hex_id": 1322578, "centroid_lon": -65.277567610283768, "centroid_lat": 48.032697058237659, "hours_count": 6.0, "datetimes_affected": "2026-01-04 01:48:42,2026-01-04 01:48:42,2026-01-04 01:48:42,2026-01-04 01:48:42,2026-01-04 01:48:42,2026-01-04 01:48:42" }, "geometry": { "type": "Polygon", "coordinates": [ [ [ -65.27144, 48.02957 ], [ -65.27047, 48.03469 ], [ -65.2766, 48.03782 ], [ -65.28369, 48.03582 ], [ -65.28466, 48.0307 ], [ -65.27854, 48.02758 ], [ -65.27144, 48.02957 ] ] ] } },
{ "type": "Feature", "properties": { "hex_id": 1323188, "centroid_lon": -65.272416455733477, "centroid_lat": 48.02445244484462, "hours_count": 6.0, "datetimes_affected": "2026-01-04 01:48:42,2026-01-04 01:48:42,2026-01-04 01:48:42,2026-01-04 01:48:42,2026-01-04 01:48:42,2026-01-04 01:48:42" }, "geometry": { "type": "Polygon", "coordinates": [ [ [ -65.26629, 48.02133 ], [ -65.26532, 48.02645 ], [ -65.27144, 48.02957 ], [ -65.27854, 48.02758 ], [ -65.27951, 48.02246 ], [ -65.27339, 48.01933 ], [ -65.26629, 48.02133 ] ] ] } },
{ "type": "Feature", "properties": { "hex_id": 1323799, "centroid_lon": -65.264346822968562, "centroid_lat": 48.031566575594795, "hours_count": 6.0, "datetimes_affected": "2026-01-04 01:48:42,2026-01-04 01:48:42,2026-01-04 01:48:42,2026-01-04 01:48:42,2026-01-04 01:48:42,2026-01-04 01:48:42" }, "geometry": { "type": "Polygon", "coordinates": [ [ [ -65.25822, 48.02844 ], [ -65.25725, 48.03356 ], [ -65.26337, 48.03669 ], [ -65.27047, 48.03469 ], [ -65.27144, 48.02957 ], [ -65.26532, 48.02645 ], [ -65.25822, 48.02844 ] ] ] } },
{ "type": "Feature", "properties": { "hex_id": 1324409, "centroid_lon": -65.259197981082409, "centroid_lat": 48.023321514284525, "hours_count": 6.0, "datetimes_affected": "2026-01-04 01:48:42,2026-01-04 01:48:42,2026-01-04 01:48:42,2026-01-04 01:48:42,2026-01-04 01:48:42,2026-01-04 01:48:42" }, "geometry": { "type": "Polygon", "coordinates": [ [ [ -65.25308, 48.0202 ], [ -65.2521, 48.02532 ], [ -65.25822, 48.02844 ], [ -65.26532, 48.02645 ], [ -65.26629, 48.02133 ], [ -65.26017, 48.0182 ], [ -65.25308, 48.0202 ] ] ] } }
]
}
