{
"type": "FeatureCollection",
"name": "daily_2025-11-17",
"crs": { "type": "name", "properties": { "name": "urn:ogc:def:crs:OGC:1.3:CRS84" } },
"features": [
{ "type": "Feature", "properties": { "hex_id": 466, "count": 20, "date": "2025-11-17", "n_files": 52, "pct": 38.46 }, "geometry": { "type": "Polygon", "coordinates": [ [ [ -74.7660318, 45.8974808 ], [ -74.7659226, 45.9234628 ], [ -74.7981171, 45.9365152 ], [ -74.8304059, 45.9235767 ], [ -74.830485, 45.8975946 ], [ -74.7983054, 45.8845512 ], [ -74.7660318, 45.8974808 ] ] ] } },
{ "type": "Feature", "properties": { "hex_id": 594, "count": 20, "date": "2025-11-17", "n_files": 52, "pct": 38.46 }, "geometry": { "type": "Polygon", "coordinates": [ [ [ -74.701579, 45.8973307 ], [ -74.7014397, 45.9233125 ], [ -74.7336189, 45.9363831 ], [ -74.7659226, 45.9234628 ], [ -74.7660318, 45.8974808 ], [ -74.7338674, 45.8844193 ], [ -74.701579, 45.8973307 ] ] ] } },
{ "type": "Feature", "properties": { "hex_id": 719, "count": 8, "date": "2025-11-17", "n_files": 52, "pct": 15.38 }, "geometry": { "type": "Polygon", "coordinates": [ [ [ -74.6386405, 45.6633041 ], [ -74.6384732, 45.6892868 ], [ -74.6705034, 45.7023752 ], [ -74.7026863, 45.6894719 ], [ -74.7028239, 45.663489 ], [ -74.6708082, 45.6504096 ], [ -74.6386405, 45.6633041 ] ] ] } },
{ "type": "Feature", "properties": { "hex_id": 782, "count": 8, "date": "2025-11-17", "n_files": 52, "pct": 15.38 }, "geometry": { "type": "Polygon", "coordinates": [ [ [ -74.6068218, 45.6242239 ], [ -74.60664, 45.6502067 ], [ -74.6386405, 45.6633041 ], [ -74.6708082, 45.6504096 ], [ -74.6709604, 45.6244266 ], [ -74.6389744, 45.6113383 ], [ -74.6068218, 45.6242239 ] ] ] } },
{ "type": "Feature", "properties": { "hex_id": 847, "count": 8, "date": "2025-11-17", "n_files": 52, "pct": 15.38 }, "geometry": { "type": "Polygon", "coordinates": [ [ [ -74.5744578, 45.663083 ], [ -74.5742608, 45.6890655 ], [ -74.6062758, 45.7021719 ], [ -74.6384732, 45.6892868 ], [ -74.6386405, 45.6633041 ], [ -74.60664, 45.6502067 ], [ -74.5744578, 45.663083 ] ] ] } },
{ "type": "Feature", "properties": { "hex_id": 2139, "count": 9, "date": "2025-11-17", "n_files": 52, "pct": 17.31 }, "geometry": { "type": "Polygon", "coordinates": [ [ [ -73.9144783, 46.594047 ], [ -73.9139593, 46.6200213 ], [ -73.9463546, 46.6333138 ], [ -73.979254400000016, 46.620622499999989 ], [ -73.9797422, 46.594647699999989 ], [ -73.9473615, 46.5813646 ], [ -73.9144783, 46.594047 ] ] ] } },
{ "type": "Feature", "properties": { "hex_id": 2202, "count": 9, "date": "2025-11-17", "n_files": 52, "pct": 17.31 }, "geometry": { "type": "Polygon", "coordinates": [ [ [ -73.8826478, 46.5547714 ], [ -73.8821142, 46.5807456 ], [ -73.9144783, 46.594047 ], [ -73.9473615, 46.5813646 ], [ -73.9478639, 46.5553898 ], [ -73.9155143, 46.542098 ], [ -73.8826478, 46.5547714 ] ] ] } },
{ "type": "Feature", "properties": { "hex_id": 2266, "count": 1, "date": "2025-11-17", "n_files": 52, "pct": 1.92 }, "geometry": { "type": "Polygon", "coordinates": [ [ [ -73.8508627, 46.5154871 ], [ -73.8503148, 46.5414612 ], [ -73.8826478, 46.5547714 ], [ -73.9155143, 46.542098 ], [ -73.9160312, 46.5161233 ], [ -73.8837126, 46.5028226 ], [ -73.8508627, 46.5154871 ] ] ] } },
{ "type": "Feature", "properties": { "hex_id": 2267, "count": 9, "date": "2025-11-17", "n_files": 52, "pct": 17.31 }, "geometry": { "type": "Polygon", "coordinates": [ [ [ -73.8492166, 46.593409 ], [ -73.8486663, 46.6193828 ], [ -73.8810449, 46.6326936 ], [ -73.9139593, 46.6200213 ], [ -73.9144783, 46.594047 ], [ -73.8821142, 46.5807456 ], [ -73.8492166, 46.593409 ] ] ] } },
{ "type": "Feature", "properties": { "hex_id": 2318, "count": 5, "date": "2025-11-17", "n_files": 52, "pct": 9.62 }, "geometry": { "type": "Polygon", "coordinates": [ [ [ -73.8372519, 45.6189829 ], [ -73.8367146, 45.6449609 ], [ -73.8685284, 45.6582722 ], [ -73.9008658, 45.6455962 ], [ -73.9013735, 45.6196176 ], [ -73.8695735, 45.6063155 ], [ -73.8372519, 45.6189829 ] ] ] } },
{ "type": "Feature", "properties": { "hex_id": 2329, "count": 1, "date": "2025-11-17", "n_files": 52, "pct": 1.92 }, "geometry": { "type": "Polygon", "coordinates": [ [ [ -73.8191231, 46.4761941 ], [ -73.8185608, 46.5021681 ], [ -73.8508627, 46.5154871 ], [ -73.8837126, 46.5028226 ], [ -73.884244, 46.476848 ], [ -73.8519564, 46.4635385 ], [ -73.8191231, 46.4761941 ] ] ] } },
{ "type": "Feature", "properties": { "hex_id": 2330, "count": 9, "date": "2025-11-17", "n_files": 52, "pct": 17.31 }, "geometry": { "type": "Polygon", "coordinates": [ [ [ -73.8174338, 46.5541157 ], [ -73.8168692, 46.5800893 ], [ -73.8492166, 46.593409 ], [ -73.8821142, 46.5807456 ], [ -73.8826478, 46.5547714 ], [ -73.8503148, 46.5414612 ], [ -73.8174338, 46.5541157 ] ] ] } },
{ "type": "Feature", "properties": { "hex_id": 2394, "count": 1, "date": "2025-11-17", "n_files": 52, "pct": 1.92 }, "geometry": { "type": "Polygon", "coordinates": [ [ [ -73.7856966, 46.5148137 ], [ -73.7851175, 46.5407872 ], [ -73.8174338, 46.5541157 ], [ -73.8503148, 46.5414612 ], [ -73.8508627, 46.5154871 ], [ -73.8185608, 46.5021681 ], [ -73.7856966, 46.5148137 ] ] ] } },
{ "type": "Feature", "properties": { "hex_id": 2395, "count": 2, "date": "2025-11-17", "n_files": 52, "pct": 3.85 }, "geometry": { "type": "Polygon", "coordinates": [ [ [ -73.7839571, 46.5927339 ], [ -73.7833757, 46.618707 ], [ -73.8157375, 46.6320362 ], [ -73.8486663, 46.6193828 ], [ -73.8492166, 46.593409 ], [ -73.8168692, 46.5800893 ], [ -73.7839571, 46.5927339 ] ] ] } },
{ "type": "Feature", "properties": { "hex_id": 2446, "count": 5, "date": "2025-11-17", "n_files": 52, "pct": 9.62 }, "geometry": { "type": "Polygon", "coordinates": [ [ [ -73.7731325, 45.6183122 ], [ -73.7725656, 45.6442896 ], [ -73.8043634, 45.6576186 ], [ -73.8367146, 45.6449609 ], [ -73.8372519, 45.6189829 ], [ -73.8054678, 45.6056631 ], [ -73.7731325, 45.6183122 ] ] ] } },
{ "type": "Feature", "properties": { "hex_id": 2457, "count": 1, "date": "2025-11-17", "n_files": 52, "pct": 1.92 }, "geometry": { "type": "Polygon", "coordinates": [ [ [ -73.7540046, 46.4755032 ], [ -73.7534113, 46.5014765 ], [ -73.7856966, 46.5148137 ], [ -73.8185608, 46.5021681 ], [ -73.8191231, 46.4761941 ], [ -73.7868522, 46.4628664 ], [ -73.7540046, 46.4755032 ] ] ] } },
{ "type": "Feature", "properties": { "hex_id": 2458, "count": 1, "date": "2025-11-17", "n_files": 52, "pct": 1.92 }, "geometry": { "type": "Polygon", "coordinates": [ [ [ -73.7522222, 46.5534229 ], [ -73.7516264, 46.5793959 ], [ -73.7839571, 46.5927339 ], [ -73.8168692, 46.5800893 ], [ -73.8174338, 46.5541157 ], [ -73.7851175, 46.5407872 ], [ -73.7522222, 46.5534229 ] ] ] } },
{ "type": "Feature", "properties": { "hex_id": 2511, "count": 3, "date": "2025-11-17", "n_files": 52, "pct": 5.77 }, "geometry": { "type": "Polygon", "coordinates": [ [ [ -73.7402007, 45.656929 ], [ -73.7396177, 45.682906 ], [ -73.7714292, 45.6962442 ], [ -73.8038101, 45.6835962 ], [ -73.8043634, 45.6576186 ], [ -73.7725656, 45.6442896 ], [ -73.7402007, 45.656929 ] ] ] } },
{ "type": "Feature", "properties": { "hex_id": 2522, "count": 1, "date": "2025-11-17", "n_files": 52, "pct": 1.92 }, "geometry": { "type": "Polygon", "coordinates": [ [ [ -73.7205328, 46.5141033 ], [ -73.7199227, 46.5400762 ], [ -73.7522222, 46.5534229 ], [ -73.7851175, 46.5407872 ], [ -73.7856966, 46.5148137 ], [ -73.7534113, 46.5014765 ], [ -73.7205328, 46.5141033 ] ] ] } },
{ "type": "Feature", "properties": { "hex_id": 2585, "count": 1, "date": "2025-11-17", "n_files": 52, "pct": 1.92 }, "geometry": { "type": "Polygon", "coordinates": [ [ [ -73.6888886, 46.474775099999988 ], [ -73.6882643, 46.5007479 ], [ -73.7205328, 46.5141033 ], [ -73.7534113, 46.5014765 ], [ -73.7540046, 46.4755032 ], [ -73.7217504, 46.4621572 ], [ -73.6888886, 46.474775099999988 ] ] ] } },
{ "type": "Feature", "properties": { "hex_id": 2586, "count": 1, "date": "2025-11-17", "n_files": 52, "pct": 1.92 }, "geometry": { "type": "Polygon", "coordinates": [ [ [ -73.6870131, 46.5526929 ], [ -73.6863862, 46.5786653 ], [ -73.7187, 46.5920215 ], [ -73.7516264, 46.5793959 ], [ -73.7522222, 46.5534229 ], [ -73.7199227, 46.5400762 ], [ -73.6870131, 46.5526929 ] ] ] } },
{ "type": "Feature", "properties": { "hex_id": 2649, "count": 1, "date": "2025-11-17", "n_files": 52, "pct": 1.92 }, "geometry": { "type": "Polygon", "coordinates": [ [ [ -73.6572896, 46.4354385 ], [ -73.6566511, 46.461411 ], [ -73.6888886, 46.474775099999988 ], [ -73.7217504, 46.4621572 ], [ -73.7223579, 46.436184 ], [ -73.6901346, 46.4228293 ], [ -73.6572896, 46.4354385 ] ] ] } },
{ "type": "Feature", "properties": { "hex_id": 2650, "count": 1, "date": "2025-11-17", "n_files": 52, "pct": 1.92 }, "geometry": { "type": "Polygon", "coordinates": [ [ [ -73.6553715, 46.5133558 ], [ -73.6547304, 46.5393279 ], [ -73.6870131, 46.5526929 ], [ -73.7199227, 46.5400762 ], [ -73.7205328, 46.5141033 ], [ -73.6882643, 46.5007479 ], [ -73.6553715, 46.5133558 ] ] ] } },
{ "type": "Feature", "properties": { "hex_id": 2713, "count": 1, "date": "2025-11-17", "n_files": 52, "pct": 1.92 }, "geometry": { "type": "Polygon", "coordinates": [ [ [ -73.6237751, 46.4740101 ], [ -73.6231199, 46.4999821 ], [ -73.6553715, 46.5133558 ], [ -73.6882643, 46.5007479 ], [ -73.6888886, 46.474775099999988 ], [ -73.6566511, 46.461411 ], [ -73.6237751, 46.4740101 ] ] ] } },
{ "type": "Feature", "properties": { "hex_id": 2829, "count": 1, "date": "2025-11-17", "n_files": 52, "pct": 1.92 }, "geometry": { "type": "Polygon", "coordinates": [ [ [ -73.5827509, 45.5381571 ], [ -73.5820977, 45.5641329 ], [ -73.6138044, 45.5775141 ], [ -73.6461507, 45.5649101 ], [ -73.6467744, 45.5389336 ], [ -73.6150812, 45.5255617 ], [ -73.5827509, 45.5381571 ] ] ] } },
{ "type": "Feature", "properties": { "hex_id": 2830, "count": 17, "date": "2025-11-17", "n_files": 52, "pct": 32.69 }, "geometry": { "type": "Polygon", "coordinates": [ [ [ -73.5807888, 45.6160842 ], [ -73.580133, 45.6420597 ], [ -73.6118826, 45.6554417 ], [ -73.6442746, 45.642839 ], [ -73.6449009, 45.6168628 ], [ -73.6131647, 45.6034901 ], [ -73.5807888, 45.6160842 ] ] ] } },
{ "type": "Feature", "properties": { "hex_id": 3021, "count": 14, "date": "2025-11-17", "n_files": 52, "pct": 26.92 }, "geometry": { "type": "Polygon", "coordinates": [ [ [ -73.4877649, 45.4979627 ], [ -73.487069, 45.5239376 ], [ -73.5187301, 45.5373447 ], [ -73.5510737, 45.5247676 ], [ -73.5517402, 45.4987919 ], [ -73.5200925, 45.4853941 ], [ -73.4877649, 45.4979627 ] ] ] } },
{ "type": "Feature", "properties": { "hex_id": 3149, "count": 2, "date": "2025-11-17", "n_files": 52, "pct": 3.85 }, "geometry": { "type": "Polygon", "coordinates": [ [ [ -73.4237925, 45.4970977 ], [ -73.4230672, 45.5230718 ], [ -73.454712, 45.5364964 ], [ -73.487069, 45.5239376 ], [ -73.4877649, 45.4979627 ], [ -73.4561333, 45.4845474 ], [ -73.4237925, 45.4970977 ] ] ] } },
{ "type": "Feature", "properties": { "hex_id": 3153, "count": 5, "date": "2025-11-17", "n_files": 52, "pct": 9.62 }, "geometry": { "type": "Polygon", "coordinates": [ [ [ -73.4150227, 45.808779 ], [ -73.4142853, 45.8347516 ], [ -73.4461024, 45.8481802 ], [ -73.4786433, 45.8356268 ], [ -73.4793507, 45.8096534 ], [ -73.4475471, 45.7962342 ], [ -73.4150227, 45.808779 ] ] ] } },
{ "type": "Feature", "properties": { "hex_id": 3277, "count": 6, "date": "2025-11-17", "n_files": 52, "pct": 11.54 }, "geometry": { "type": "Polygon", "coordinates": [ [ [ -73.359823, 45.4961969 ], [ -73.3590683, 45.5221702 ], [ -73.3906969, 45.5356123 ], [ -73.4230672, 45.5230718 ], [ -73.4237925, 45.4970977 ], [ -73.392177, 45.4836648 ], [ -73.359823, 45.4961969 ] ] ] } },
{ "type": "Feature", "properties": { "hex_id": 3406, "count": 5, "date": "2025-11-17", "n_files": 52, "pct": 9.62 }, "geometry": { "type": "Polygon", "coordinates": [ [ [ -73.293501, 45.5731773 ], [ -73.2927136, 45.5991494 ], [ -73.3243686, 45.6126101 ], [ -73.3567979, 45.600089399999987 ], [ -73.3575557, 45.5741165 ], [ -73.3259138, 45.5606651 ], [ -73.293501, 45.5731773 ] ] ] } },
{ "type": "Feature", "properties": { "hex_id": 3529, "count": 5, "date": "2025-11-17", "n_files": 52, "pct": 9.62 }, "geometry": { "type": "Polygon", "coordinates": [ [ [ -73.2415699, 45.1826183 ], [ -73.2407696, 45.2085915 ], [ -73.272197, 45.2220641 ], [ -73.304412, 45.2095543 ], [ -73.3051834, 45.1835803 ], [ -73.2737688, 45.1701169 ], [ -73.2415699, 45.1826183 ] ] ] } },
{ "type": "Feature", "properties": { "hex_id": 3593, "count": 5, "date": "2025-11-17", "n_files": 52, "pct": 9.62 }, "geometry": { "type": "Polygon", "coordinates": [ [ [ -73.208541700000012, 45.2210831 ], [ -73.2077253, 45.2470556 ], [ -73.2391656, 45.2605374 ], [ -73.2714095, 45.248037499999988 ], [ -73.272197, 45.2220641 ], [ -73.2407696, 45.2085915 ], [ -73.208541700000012, 45.2210831 ] ] ] } },
{ "type": "Feature", "properties": { "hex_id": 3667, "count": 17, "date": "2025-11-17", "n_files": 52, "pct": 32.69 }, "geometry": { "type": "Polygon", "coordinates": [ [ [ -73.1525831, 45.9607321 ], [ -73.1517191, 45.9867005 ], [ -73.1835564, 46.0002022 ], [ -73.2162443, 45.9877261 ], [ -73.2170781, 45.9617569 ], [ -73.185254200000017, 45.9482646 ], [ -73.1525831, 45.9607321 ] ] ] } },
{ "type": "Feature", "properties": { "hex_id": 3731, "count": 17, "date": "2025-11-17", "n_files": 52, "pct": 32.69 }, "geometry": { "type": "Polygon", "coordinates": [ [ [ -73.1190179, 45.9991579 ], [ -73.1181371, 46.0251256 ], [ -73.1499877, 46.0386368 ], [ -73.1827058, 46.0261708 ], [ -73.1835564, 46.0002022 ], [ -73.1517191, 45.9867005 ], [ -73.1190179, 45.9991579 ] ] ] } },
{ "type": "Feature", "properties": { "hex_id": 3795, "count": 17, "date": "2025-11-17", "n_files": 52, "pct": 32.69 }, "geometry": { "type": "Polygon", "coordinates": [ [ [ -73.0880916, 45.9596711 ], [ -73.0871975, 45.9856384 ], [ -73.1190179, 45.9991579 ], [ -73.1517191, 45.9867005 ], [ -73.1525831, 45.9607321 ], [ -73.1207759, 45.9472222 ], [ -73.0880916, 45.9596711 ] ] ] } },
{ "type": "Feature", "properties": { "hex_id": 3798, "count": 1, "date": "2025-11-17", "n_files": 52, "pct": 1.92 }, "geometry": { "type": "Polygon", "coordinates": [ [ [ -73.0800005, 46.1933728 ], [ -73.0790953, 46.219339 ], [ -73.1110467, 46.2328622 ], [ -73.1438899, 46.2204097 ], [ -73.1447646, 46.1944425 ], [ -73.1128266, 46.1809288 ], [ -73.0800005, 46.1933728 ] ] ] } },
{ "type": "Feature", "properties": { "hex_id": 3861, "count": 1, "date": "2025-11-17", "n_files": 52, "pct": 1.92 }, "geometry": { "type": "Polygon", "coordinates": [ [ [ -73.0489982, 46.1538754 ], [ -73.0480797, 46.1798413 ], [ -73.0800005, 46.1933728 ], [ -73.1128266, 46.1809288 ], [ -73.1137147, 46.154962 ], [ -73.0818072, 46.14144 ], [ -73.0489982, 46.1538754 ] ] ] } },
{ "type": "Feature", "properties": { "hex_id": 3862, "count": 1, "date": "2025-11-17", "n_files": 52, "pct": 1.92 }, "geometry": { "type": "Polygon", "coordinates": [ [ [ -73.0462388, 46.2317727 ], [ -73.0453164, 46.2577382 ], [ -73.0772812, 46.271271 ], [ -73.1101549, 46.2588287 ], [ -73.1110467, 46.2328622 ], [ -73.0790953, 46.219339 ], [ -73.0462388, 46.2317727 ] ] ] } },
{ "type": "Feature", "properties": { "hex_id": 3922, "count": 2, "date": "2025-11-17", "n_files": 52, "pct": 3.85 }, "geometry": { "type": "Polygon", "coordinates": [ [ [ -73.0263687, 45.8806736 ], [ -73.0254483, 45.9066404 ], [ -73.0572086, 45.9201763 ], [ -73.0898761, 45.9077359 ], [ -73.0907665, 45.8817681 ], [ -73.0590193, 45.8682417 ], [ -73.0263687, 45.8806736 ] ] ] } },
{ "type": "Feature", "properties": { "hex_id": 3926, "count": 1, "date": "2025-11-17", "n_files": 52, "pct": 1.92 }, "geometry": { "type": "Polygon", "coordinates": [ [ [ -73.0152402, 46.1922664 ], [ -73.0143045, 46.2182316 ], [ -73.0462388, 46.2317727 ], [ -73.0790953, 46.219339 ], [ -73.0800005, 46.1933728 ], [ -73.0480797, 46.1798413 ], [ -73.0152402, 46.1922664 ] ] ] } },
{ "type": "Feature", "properties": { "hex_id": 3985, "count": 2, "date": "2025-11-17", "n_files": 52, "pct": 3.85 }, "geometry": { "type": "Polygon", "coordinates": [ [ [ -72.9955719, 45.841163 ], [ -72.9946385, 45.8671295 ], [ -73.0263687, 45.8806736 ], [ -73.0590193, 45.8682417 ], [ -73.0599229, 45.8422742 ], [ -73.0282057, 45.8287396 ], [ -72.9955719, 45.841163 ] ] ] } },
{ "type": "Feature", "properties": { "hex_id": 3986, "count": 2, "date": "2025-11-17", "n_files": 52, "pct": 3.85 }, "geometry": { "type": "Polygon", "coordinates": [ [ [ -72.9927677, 45.9190621 ], [ -72.9918304, 45.9450282 ], [ -73.0236038, 45.9585736 ], [ -73.056301300000015, 45.9461434 ], [ -73.0572086, 45.9201763 ], [ -73.0254483, 45.9066404 ], [ -72.9927677, 45.9190621 ] ] ] } },
{ "type": "Feature", "properties": { "hex_id": 3987, "count": 2, "date": "2025-11-17", "n_files": 52, "pct": 3.85 }, "geometry": { "type": "Polygon", "coordinates": [ [ [ -72.9899519, 45.99696 ], [ -72.9890108, 46.0229257 ], [ -73.0208274, 46.0364724 ], [ -73.053572, 46.0240439 ], [ -73.054483, 45.9980772 ], [ -73.0226796, 45.98454 ], [ -72.9899519, 45.99696 ] ] ] } },
{ "type": "Feature", "properties": { "hex_id": 3989, "count": 1, "date": "2025-11-17", "n_files": 52, "pct": 1.92 }, "geometry": { "type": "Polygon", "coordinates": [ [ [ -72.9842855, 46.1527521 ], [ -72.9833365, 46.178717 ], [ -73.0152402, 46.1922664 ], [ -73.0480797, 46.1798413 ], [ -73.0489982, 46.1538754 ], [ -73.0171077, 46.1403356 ], [ -72.9842855, 46.1527521 ] ] ] } },
{ "type": "Feature", "properties": { "hex_id": 3990, "count": 1, "date": "2025-11-17", "n_files": 52, "pct": 1.92 }, "geometry": { "type": "Polygon", "coordinates": [ [ [ -72.9814346, 46.2306464 ], [ -72.9804817, 46.2566109 ], [ -73.0124293, 46.2701616 ], [ -73.0453164, 46.2577382 ], [ -73.0462388, 46.2317727 ], [ -73.0143045, 46.2182316 ], [ -72.9814346, 46.2306464 ] ] ] } },
{ "type": "Feature", "properties": { "hex_id": 4049, "count": 2, "date": "2025-11-17", "n_files": 52, "pct": 3.85 }, "geometry": { "type": "Polygon", "coordinates": [ [ [ -72.964818, 45.8016447 ], [ -72.9638716, 45.8276109 ], [ -72.9955719, 45.841163 ], [ -73.0282057, 45.8287396 ], [ -73.0291223, 45.8027724 ], [ -72.997435, 45.7892297 ], [ -72.964818, 45.8016447 ] ] ] } },
{ "type": "Feature", "properties": { "hex_id": 4050, "count": 2, "date": "2025-11-17", "n_files": 52, "pct": 3.85 }, "geometry": { "type": "Polygon", "coordinates": [ [ [ -72.9619748, 45.8795428 ], [ -72.9610244, 45.9055086 ], [ -72.9927677, 45.9190621 ], [ -73.0254483, 45.9066404 ], [ -73.0263687, 45.8806736 ], [ -72.9946385, 45.8671295 ], [ -72.9619748, 45.8795428 ] ] ] } },
{ "type": "Feature", "properties": { "hex_id": 4051, "count": 2, "date": "2025-11-17", "n_files": 52, "pct": 3.85 }, "geometry": { "type": "Polygon", "coordinates": [ [ [ -72.9591197, 45.9574397 ], [ -72.9581655, 45.9834051 ], [ -72.9899519, 45.99696 ], [ -73.0226796, 45.98454 ], [ -73.0236038, 45.9585736 ], [ -72.9918304, 45.9450282 ], [ -72.9591197, 45.9574397 ] ] ] } },
{ "type": "Feature", "properties": { "hex_id": 4052, "count": 2, "date": "2025-11-17", "n_files": 52, "pct": 3.85 }, "geometry": { "type": "Polygon", "coordinates": [ [ [ -72.9562529, 46.0353355 ], [ -72.9552947, 46.0613005 ], [ -72.9871245, 46.0748567 ], [ -73.0198994, 46.0624384 ], [ -73.0208274, 46.0364724 ], [ -72.9890108, 46.0229257 ], [ -72.9562529, 46.0353355 ] ] ] } },
{ "type": "Feature", "properties": { "hex_id": 4054, "count": 1, "date": "2025-11-17", "n_files": 52, "pct": 1.92 }, "geometry": { "type": "Polygon", "coordinates": [ [ [ -72.9504838, 46.1911233 ], [ -72.9495176, 46.2170875 ], [ -72.9814346, 46.2306464 ], [ -73.0143045, 46.2182316 ], [ -73.0152402, 46.1922664 ], [ -72.9833365, 46.178717 ], [ -72.9504838, 46.1911233 ] ] ] } },
{ "type": "Feature", "properties": { "hex_id": 4055, "count": 1, "date": "2025-11-17", "n_files": 52, "pct": 1.92 }, "geometry": { "type": "Polygon", "coordinates": [ [ [ -72.9475813, 46.2690154 ], [ -72.9466111, 46.2949792 ], [ -72.978572, 46.3085395 ], [ -73.0114897, 46.2961264 ], [ -73.0124293, 46.2701616 ], [ -72.9804817, 46.2566109 ], [ -72.9475813, 46.2690154 ] ] ] } },
{ "type": "Feature", "properties": { "hex_id": 4113, "count": 2, "date": "2025-11-17", "n_files": 52, "pct": 3.85 }, "geometry": { "type": "Polygon", "coordinates": [ [ [ -72.9312248, 45.8400157 ], [ -72.9302614, 45.8659811 ], [ -72.9619748, 45.8795428 ], [ -72.9946385, 45.8671295 ], [ -72.9955719, 45.841163 ], [ -72.9638716, 45.8276109 ], [ -72.9312248, 45.8400157 ] ] ] } },
{ "type": "Feature", "properties": { "hex_id": 4114, "count": 2, "date": "2025-11-17", "n_files": 52, "pct": 3.85 }, "geometry": { "type": "Polygon", "coordinates": [ [ [ -72.9283307, 45.9179117 ], [ -72.9273634, 45.9438767 ], [ -72.9591197, 45.9574397 ], [ -72.9918304, 45.9450282 ], [ -72.9927677, 45.9190621 ], [ -72.9610244, 45.9055086 ], [ -72.9283307, 45.9179117 ] ] ] } },
{ "type": "Feature", "properties": { "hex_id": 4115, "count": 2, "date": "2025-11-17", "n_files": 52, "pct": 3.85 }, "geometry": { "type": "Polygon", "coordinates": [ [ [ -72.9254247, 45.9958064 ], [ -72.9244534, 46.0217711 ], [ -72.9562529, 46.0353355 ], [ -72.9890108, 46.0229257 ], [ -72.9899519, 45.99696 ], [ -72.9581655, 45.9834051 ], [ -72.9254247, 45.9958064 ] ] ] } },
{ "type": "Feature", "properties": { "hex_id": 4116, "count": 2, "date": "2025-11-17", "n_files": 52, "pct": 3.85 }, "geometry": { "type": "Polygon", "coordinates": [ [ [ -72.9225067, 46.0737 ], [ -72.9215313, 46.0996642 ], [ -72.9533743, 46.11323 ], [ -72.9861795, 46.100822 ], [ -72.9871245, 46.0748567 ], [ -72.9552947, 46.0613005 ], [ -72.9225067, 46.0737 ] ] ] } },
{ "type": "Feature", "properties": { "hex_id": 4118, "count": 1, "date": "2025-11-17", "n_files": 52, "pct": 1.92 }, "geometry": { "type": "Polygon", "coordinates": [ [ [ -72.9166344, 46.2294835 ], [ -72.915651, 46.2554469 ], [ -72.9475813, 46.2690154 ], [ -72.9804817, 46.2566109 ], [ -72.9814346, 46.2306464 ], [ -72.9495176, 46.2170875 ], [ -72.9166344, 46.2294835 ] ] ] } },
{ "type": "Feature", "properties": { "hex_id": 4177, "count": 2, "date": "2025-11-17", "n_files": 52, "pct": 3.85 }, "geometry": { "type": "Polygon", "coordinates": [ [ [ -72.9005177, 45.8004808 ], [ -72.8995414, 45.8264459 ], [ -72.9312248, 45.8400157 ], [ -72.9638716, 45.8276109 ], [ -72.964818, 45.8016447 ], [ -72.9331476, 45.7880844 ], [ -72.9005177, 45.8004808 ] ] ] } },
{ "type": "Feature", "properties": { "hex_id": 4178, "count": 2, "date": "2025-11-17", "n_files": 52, "pct": 3.85 }, "geometry": { "type": "Polygon", "coordinates": [ [ [ -72.8975847, 45.8783758 ], [ -72.8966044, 45.9043405 ], [ -72.9283307, 45.9179117 ], [ -72.9610244, 45.9055086 ], [ -72.9619748, 45.8795428 ], [ -72.9302614, 45.8659811 ], [ -72.8975847, 45.8783758 ] ] ] } },
{ "type": "Feature", "properties": { "hex_id": 4179, "count": 2, "date": "2025-11-17", "n_files": 52, "pct": 3.85 }, "geometry": { "type": "Polygon", "coordinates": [ [ [ -72.8946396, 45.9562696 ], [ -72.8936553, 45.9822339 ], [ -72.9254247, 45.9958064 ], [ -72.9581655, 45.9834051 ], [ -72.9591197, 45.9574397 ], [ -72.9273634, 45.9438767 ], [ -72.8946396, 45.9562696 ] ] ] } },
{ "type": "Feature", "properties": { "hex_id": 4180, "count": 2, "date": "2025-11-17", "n_files": 52, "pct": 3.85 }, "geometry": { "type": "Polygon", "coordinates": [ [ [ -72.8916824, 46.0341621 ], [ -72.890694, 46.060126 ], [ -72.9225067, 46.0737 ], [ -72.9552947, 46.0613005 ], [ -72.9562529, 46.0353355 ], [ -72.9244534, 46.0217711 ], [ -72.8916824, 46.0341621 ] ] ] } },
{ "type": "Feature", "properties": { "hex_id": 4181, "count": 2, "date": "2025-11-17", "n_files": 52, "pct": 3.85 }, "geometry": { "type": "Polygon", "coordinates": [ [ [ -72.888713, 46.1120535 ], [ -72.8877205, 46.138017 ], [ -72.9195766, 46.1515923 ], [ -72.9524121, 46.1391946 ], [ -72.9533743, 46.11323 ], [ -72.9215313, 46.0996642 ], [ -72.888713, 46.1120535 ] ] ] } },
{ "type": "Feature", "properties": { "hex_id": 4241, "count": 2, "date": "2025-11-17", "n_files": 52, "pct": 3.85 }, "geometry": { "type": "Polygon", "coordinates": [ [ [ -72.8668816, 45.8388321 ], [ -72.8658883, 45.8647965 ], [ -72.8975847, 45.8783758 ], [ -72.9302614, 45.8659811 ], [ -72.9312248, 45.8400157 ], [ -72.8995414, 45.8264459 ], [ -72.8668816, 45.8388321 ] ] ] } },
{ "type": "Feature", "properties": { "hex_id": 4242, "count": 2, "date": "2025-11-17", "n_files": 52, "pct": 3.85 }, "geometry": { "type": "Polygon", "coordinates": [ [ [ -72.8638977, 45.9167249 ], [ -72.8629003, 45.9426889 ], [ -72.8946396, 45.9562696 ], [ -72.9273634, 45.9438767 ], [ -72.9283307, 45.9179117 ], [ -72.8966044, 45.9043405 ], [ -72.8638977, 45.9167249 ] ] ] } },
{ "type": "Feature", "properties": { "hex_id": 4243, "count": 2, "date": "2025-11-17", "n_files": 52, "pct": 3.85 }, "geometry": { "type": "Polygon", "coordinates": [ [ [ -72.8609015, 45.9946164 ], [ -72.8599, 46.02058 ], [ -72.8916824, 46.0341621 ], [ -72.9244534, 46.0217711 ], [ -72.9254247, 45.9958064 ], [ -72.8936553, 45.9822339 ], [ -72.8609015, 45.9946164 ] ] ] } },
{ "type": "Feature", "properties": { "hex_id": 4244, "count": 2, "date": "2025-11-17", "n_files": 52, "pct": 3.85 }, "geometry": { "type": "Polygon", "coordinates": [ [ [ -72.8578929, 46.0725068 ], [ -72.8568872, 46.09847 ], [ -72.888713, 46.1120535 ], [ -72.9215313, 46.0996642 ], [ -72.9225067, 46.0737 ], [ -72.890694, 46.060126 ], [ -72.8578929, 46.0725068 ] ] ] } },
{ "type": "Feature", "properties": { "hex_id": 4305, "count": 2, "date": "2025-11-17", "n_files": 52, "pct": 3.85 }, "geometry": { "type": "Polygon", "coordinates": [ [ [ -72.8362213, 45.7992807 ], [ -72.8352151, 45.8252448 ], [ -72.8668816, 45.8388321 ], [ -72.8995414, 45.8264459 ], [ -72.9005177, 45.8004808 ], [ -72.8688641, 45.7869029 ], [ -72.8362213, 45.7992807 ] ] ] } },
{ "type": "Feature", "properties": { "hex_id": 4306, "count": 2, "date": "2025-11-17", "n_files": 52, "pct": 3.85 }, "geometry": { "type": "Polygon", "coordinates": [ [ [ -72.8331987, 45.8771725 ], [ -72.8321884, 45.9031361 ], [ -72.8638977, 45.9167249 ], [ -72.8966044, 45.9043405 ], [ -72.8975847, 45.8783758 ], [ -72.8658883, 45.8647965 ], [ -72.8331987, 45.8771725 ] ] ] } },
{ "type": "Feature", "properties": { "hex_id": 4307, "count": 2, "date": "2025-11-17", "n_files": 52, "pct": 3.85 }, "geometry": { "type": "Polygon", "coordinates": [ [ [ -72.8301636, 45.955063 ], [ -72.8291491, 45.9810262 ], [ -72.8609015, 45.9946164 ], [ -72.8936553, 45.9822339 ], [ -72.8946396, 45.9562696 ], [ -72.8629003, 45.9426889 ], [ -72.8301636, 45.955063 ] ] ] } },
{ "type": "Feature", "properties": { "hex_id": 4308, "count": 2, "date": "2025-11-17", "n_files": 52, "pct": 3.85 }, "geometry": { "type": "Polygon", "coordinates": [ [ [ -72.827116, 46.0329523 ], [ -72.8260973, 46.0589151 ], [ -72.8578929, 46.0725068 ], [ -72.890694, 46.060126 ], [ -72.8916824, 46.0341621 ], [ -72.8599, 46.02058 ], [ -72.827116, 46.0329523 ] ] ] } },
{ "type": "Feature", "properties": { "hex_id": 4309, "count": 2, "date": "2025-11-17", "n_files": 52, "pct": 3.85 }, "geometry": { "type": "Polygon", "coordinates": [ [ [ -72.8240558, 46.1108404 ], [ -72.823033, 46.1368028 ], [ -72.8548718, 46.1503959 ], [ -72.8877205, 46.138017 ], [ -72.888713, 46.1120535 ], [ -72.8568872, 46.09847 ], [ -72.8240558, 46.1108404 ] ] ] } },
{ "type": "Feature", "properties": { "hex_id": 4369, "count": 2, "date": "2025-11-17", "n_files": 52, "pct": 3.85 }, "geometry": { "type": "Polygon", "coordinates": [ [ [ -72.8025425, 45.8376124 ], [ -72.8015193, 45.8635756 ], [ -72.8331987, 45.8771725 ], [ -72.8658883, 45.8647965 ], [ -72.8668816, 45.8388321 ], [ -72.8352151, 45.8252448 ], [ -72.8025425, 45.8376124 ] ] ] } },
{ "type": "Feature", "properties": { "hex_id": 4370, "count": 2, "date": "2025-11-17", "n_files": 52, "pct": 3.85 }, "geometry": { "type": "Polygon", "coordinates": [ [ [ -72.7994688, 45.9155018 ], [ -72.7984414, 45.9414647 ], [ -72.8301636, 45.955063 ], [ -72.8629003, 45.9426889 ], [ -72.8638977, 45.9167249 ], [ -72.8321884, 45.9031361 ], [ -72.7994688, 45.9155018 ] ] ] } },
{ "type": "Feature", "properties": { "hex_id": 4371, "count": 2, "date": "2025-11-17", "n_files": 52, "pct": 3.85 }, "geometry": { "type": "Polygon", "coordinates": [ [ [ -72.7963823, 45.9933901 ], [ -72.7953507, 46.0193525 ], [ -72.827116, 46.0329523 ], [ -72.8599, 46.02058 ], [ -72.8609015, 45.9946164 ], [ -72.8291491, 45.9810262 ], [ -72.7963823, 45.9933901 ] ] ] } },
{ "type": "Feature", "properties": { "hex_id": 4372, "count": 2, "date": "2025-11-17", "n_files": 52, "pct": 3.85 }, "geometry": { "type": "Polygon", "coordinates": [ [ [ -72.7932832, 46.0712771 ], [ -72.7922473, 46.0972391 ], [ -72.8240558, 46.1108404 ], [ -72.8568872, 46.09847 ], [ -72.8578929, 46.0725068 ], [ -72.8260973, 46.0589151 ], [ -72.7932832, 46.0712771 ] ] ] } },
{ "type": "Feature", "properties": { "hex_id": 4433, "count": 2, "date": "2025-11-17", "n_files": 52, "pct": 3.85 }, "geometry": { "type": "Polygon", "coordinates": [ [ [ -72.7719291, 45.7980445 ], [ -72.7708931, 45.8240075 ], [ -72.8025425, 45.8376124 ], [ -72.8352151, 45.8252448 ], [ -72.8362213, 45.7992807 ], [ -72.8045847, 45.7856854 ], [ -72.7719291, 45.7980445 ] ] ] } },
{ "type": "Feature", "properties": { "hex_id": 4434, "count": 2, "date": "2025-11-17", "n_files": 52, "pct": 3.85 }, "geometry": { "type": "Polygon", "coordinates": [ [ [ -72.7688168, 45.8759329 ], [ -72.7677765, 45.9018955 ], [ -72.7994688, 45.9155018 ], [ -72.8321884, 45.9031361 ], [ -72.8331987, 45.8771725 ], [ -72.8015193, 45.8635756 ], [ -72.7688168, 45.8759329 ] ] ] } },
{ "type": "Feature", "properties": { "hex_id": 4435, "count": 2, "date": "2025-11-17", "n_files": 52, "pct": 3.85 }, "geometry": { "type": "Polygon", "coordinates": [ [ [ -72.7656917, 45.9538201 ], [ -72.7646472, 45.9797822 ], [ -72.7963823, 45.9933901 ], [ -72.8291491, 45.9810262 ], [ -72.8301636, 45.955063 ], [ -72.7984414, 45.9414647 ], [ -72.7656917, 45.9538201 ] ] ] } },
{ "type": "Feature", "properties": { "hex_id": 4436, "count": 2, "date": "2025-11-17", "n_files": 52, "pct": 3.85 }, "geometry": { "type": "Polygon", "coordinates": [ [ [ -72.7625538, 46.031706 ], [ -72.7615049, 46.0576677 ], [ -72.7932832, 46.0712771 ], [ -72.8260973, 46.0589151 ], [ -72.827116, 46.0329523 ], [ -72.7953507, 46.0193525 ], [ -72.7625538, 46.031706 ] ] ] } },
{ "type": "Feature", "properties": { "hex_id": 4437, "count": 2, "date": "2025-11-17", "n_files": 52, "pct": 3.85 }, "geometry": { "type": "Polygon", "coordinates": [ [ [ -72.7594028, 46.1095907 ], [ -72.7583496, 46.135552 ], [ -72.7901712, 46.1491629 ], [ -72.823033, 46.1368028 ], [ -72.8240558, 46.1108404 ], [ -72.7922473, 46.0972391 ], [ -72.7594028, 46.1095907 ] ] ] } },
{ "type": "Feature", "properties": { "hex_id": 4447, "count": 9, "date": "2025-11-17", "n_files": 52, "pct": 17.31 }, "geometry": { "type": "Polygon", "coordinates": [ [ [ -72.7271661, 46.8883698 ], [ -72.7260683, 46.9143269 ], [ -72.7583327, 46.927953 ], [ -72.7916813, 46.915612 ], [ -72.7927475, 46.8896537 ], [ -72.7604967, 46.8760375 ], [ -72.7271661, 46.8883698 ] ] ] } },
{ "type": "Feature", "properties": { "hex_id": 4497, "count": 2, "date": "2025-11-17", "n_files": 52, "pct": 3.85 }, "geometry": { "type": "Polygon", "coordinates": [ [ [ -72.7382076, 45.8363564 ], [ -72.7371545, 45.8623185 ], [ -72.7688168, 45.8759329 ], [ -72.8015193, 45.8635756 ], [ -72.8025425, 45.8376124 ], [ -72.7708931, 45.8240075 ], [ -72.7382076, 45.8363564 ] ] ] } },
{ "type": "Feature", "properties": { "hex_id": 4498, "count": 2, "date": "2025-11-17", "n_files": 52, "pct": 3.85 }, "geometry": { "type": "Polygon", "coordinates": [ [ [ -72.7350441, 45.9142425 ], [ -72.7339866, 45.9402042 ], [ -72.7656917, 45.9538201 ], [ -72.7984414, 45.9414647 ], [ -72.7994688, 45.9155018 ], [ -72.7677765, 45.9018955 ], [ -72.7350441, 45.9142425 ] ] ] } },
{ "type": "Feature", "properties": { "hex_id": 4499, "count": 2, "date": "2025-11-17", "n_files": 52, "pct": 3.85 }, "geometry": { "type": "Polygon", "coordinates": [ [ [ -72.7318675, 45.9921273 ], [ -72.7308057, 46.0180886 ], [ -72.7625538, 46.031706 ], [ -72.7953507, 46.0193525 ], [ -72.7963823, 45.9933901 ], [ -72.7646472, 45.9797822 ], [ -72.7318675, 45.9921273 ] ] ] } },
{ "type": "Feature", "properties": { "hex_id": 4500, "count": 2, "date": "2025-11-17", "n_files": 52, "pct": 3.85 }, "geometry": { "type": "Polygon", "coordinates": [ [ [ -72.7286778, 46.0700109 ], [ -72.7276116, 46.0959718 ], [ -72.7594028, 46.1095907 ], [ -72.7922473, 46.0972391 ], [ -72.7932832, 46.0712771 ], [ -72.7615049, 46.0576677 ], [ -72.7286778, 46.0700109 ] ] ] } },
{ "type": "Feature", "properties": { "hex_id": 4510, "count": 9, "date": "2025-11-17", "n_files": 52, "pct": 17.31 }, "geometry": { "type": "Polygon", "coordinates": [ [ [ -72.6960446, 46.8487786 ], [ -72.6949334, 46.8747354 ], [ -72.7271661, 46.8883698 ], [ -72.7604967, 46.8760375 ], [ -72.7615764, 46.8500795 ], [ -72.7293571, 46.836455 ], [ -72.6960446, 46.8487786 ] ] ] } },
{ "type": "Feature", "properties": { "hex_id": 4511, "count": 9, "date": "2025-11-17", "n_files": 52, "pct": 17.31 }, "geometry": { "type": "Polygon", "coordinates": [ [ [ -72.6927062, 46.9266486 ], [ -72.6915903, 46.9526049 ], [ -72.7238682, 46.9662409 ], [ -72.7572485, 46.9539105 ], [ -72.7583327, 46.927953 ], [ -72.7260683, 46.9143269 ], [ -72.6927062, 46.9266486 ] ] ] } },
{ "type": "Feature", "properties": { "hex_id": 4512, "count": 12, "date": "2025-11-17", "n_files": 52, "pct": 23.08 }, "geometry": { "type": "Polygon", "coordinates": [ [ [ -72.6893538, 47.004517299999989 ], [ -72.6882332, 47.0304732 ], [ -72.7205565, 47.0441107 ], [ -72.7539867, 47.0317823 ], [ -72.7550755, 47.0058252 ], [ -72.7227658, 46.9921976 ], [ -72.6893538, 47.004517299999989 ] ] ] } },
{ "type": "Feature", "properties": { "hex_id": 4561, "count": 2, "date": "2025-11-17", "n_files": 52, "pct": 3.85 }, "geometry": { "type": "Polygon", "coordinates": [ [ [ -72.7076411, 45.7967722 ], [ -72.7065752, 45.822734 ], [ -72.7382076, 45.8363564 ], [ -72.7708931, 45.8240075 ], [ -72.7719291, 45.7980445 ], [ -72.7403094, 45.7844317 ], [ -72.7076411, 45.7967722 ] ] ] } },
{ "type": "Feature", "properties": { "hex_id": 4562, "count": 2, "date": "2025-11-17", "n_files": 52, "pct": 3.85 }, "geometry": { "type": "Polygon", "coordinates": [ [ [ -72.7044392, 45.8746572 ], [ -72.703369, 45.9006185 ], [ -72.7350441, 45.9142425 ], [ -72.7677765, 45.9018955 ], [ -72.7688168, 45.8759329 ], [ -72.7371545, 45.8623185 ], [ -72.7044392, 45.8746572 ] ] ] } },
{ "type": "Feature", "properties": { "hex_id": 4563, "count": 2, "date": "2025-11-17", "n_files": 52, "pct": 3.85 }, "geometry": { "type": "Polygon", "coordinates": [ [ [ -72.7012242, 45.952540899999988 ], [ -72.7001495, 45.9785018 ], [ -72.7318675, 45.9921273 ], [ -72.7646472, 45.9797822 ], [ -72.7656917, 45.9538201 ], [ -72.7339866, 45.9402042 ], [ -72.7012242, 45.952540899999988 ] ] ] } },
{ "type": "Feature", "properties": { "hex_id": 4564, "count": 2, "date": "2025-11-17", "n_files": 52, "pct": 3.85 }, "geometry": { "type": "Polygon", "coordinates": [ [ [ -72.6979958, 46.0304233 ], [ -72.6969168, 46.0563839 ], [ -72.7286778, 46.0700109 ], [ -72.7615049, 46.0576677 ], [ -72.7625538, 46.031706 ], [ -72.7308057, 46.0180886 ], [ -72.6979958, 46.0304233 ] ] ] } },
{ "type": "Feature", "properties": { "hex_id": 4571, "count": 7, "date": "2025-11-17", "n_files": 52, "pct": 13.46 }, "geometry": { "type": "Polygon", "coordinates": [ [ [ -72.6750205, 46.5755658 ], [ -72.6739098, 46.6015235 ], [ -72.705977, 46.6151614 ], [ -72.7391418, 46.6028318 ], [ -72.7402214, 46.576873 ], [ -72.7081675, 46.5632449 ], [ -72.6750205, 46.5755658 ] ] ] } },
{ "type": "Feature", "properties": { "hex_id": 4575, "count": 9, "date": "2025-11-17", "n_files": 52, "pct": 17.31 }, "geometry": { "type": "Polygon", "coordinates": [ [ [ -72.6615894, 46.8870484 ], [ -72.66046, 46.9130043 ], [ -72.6927062, 46.9266486 ], [ -72.7260683, 46.9143269 ], [ -72.7271661, 46.8883698 ], [ -72.6949334, 46.8747354 ], [ -72.6615894, 46.8870484 ] ] ] } },
{ "type": "Feature", "properties": { "hex_id": 4576, "count": 12, "date": "2025-11-17", "n_files": 52, "pct": 23.08 }, "geometry": { "type": "Polygon", "coordinates": [ [ [ -72.6581965, 46.9649159 ], [ -72.6570624, 46.9908714 ], [ -72.6893538, 47.004517299999989 ], [ -72.7227658, 46.9921976 ], [ -72.7238682, 46.9662409 ], [ -72.6915903, 46.9526049 ], [ -72.6581965, 46.9649159 ] ] ] } },
{ "type": "Feature", "properties": { "hex_id": 4577, "count": 12, "date": "2025-11-17", "n_files": 52, "pct": 23.08 }, "geometry": { "type": "Polygon", "coordinates": [ [ [ -72.6547894, 47.0427821 ], [ -72.6536506, 47.0687373 ], [ -72.6859874, 47.0823847 ], [ -72.7194495, 47.0700671 ], [ -72.7205565, 47.0441107 ], [ -72.6882332, 47.0304732 ], [ -72.6547894, 47.0427821 ] ] ] } },
{ "type": "Feature", "properties": { "hex_id": 4625, "count": 2, "date": "2025-11-17", "n_files": 52, "pct": 3.85 }, "geometry": { "type": "Polygon", "coordinates": [ [ [ -72.673877100000013, 45.8350642 ], [ -72.6727941, 45.8610252 ], [ -72.7044392, 45.8746572 ], [ -72.7371545, 45.8623185 ], [ -72.7382076, 45.8363564 ], [ -72.7065752, 45.822734 ], [ -72.673877100000013, 45.8350642 ] ] ] } },
{ "type": "Feature", "properties": { "hex_id": 4626, "count": 2, "date": "2025-11-17", "n_files": 52, "pct": 3.85 }, "geometry": { "type": "Polygon", "coordinates": [ [ [ -72.6706237, 45.9129468 ], [ -72.6695363, 45.9389074 ], [ -72.7012242, 45.952540899999988 ], [ -72.7339866, 45.9402042 ], [ -72.7350441, 45.9142425 ], [ -72.703369, 45.9006185 ], [ -72.6706237, 45.9129468 ] ] ] } },
{ "type": "Feature", "properties": { "hex_id": 4627, "count": 2, "date": "2025-11-17", "n_files": 52, "pct": 3.85 }, "geometry": { "type": "Polygon", "coordinates": [ [ [ -72.667357, 45.9908281 ], [ -72.6662651, 46.0167883 ], [ -72.6979958, 46.0304233 ], [ -72.7308057, 46.0180886 ], [ -72.7318675, 45.9921273 ], [ -72.7001495, 45.9785018 ], [ -72.667357, 45.9908281 ] ] ] } },
{ "type": "Feature", "properties": { "hex_id": 4628, "count": 2, "date": "2025-11-17", "n_files": 52, "pct": 3.85 }, "geometry": { "type": "Polygon", "coordinates": [ [ [ -72.6640767, 46.0687082 ], [ -72.6629803, 46.094668 ], [ -72.6947542, 46.1083046 ], [ -72.7276116, 46.0959718 ], [ -72.7286778, 46.0700109 ], [ -72.6969168, 46.0563839 ], [ -72.6640767, 46.0687082 ] ] ] } },
{ "type": "Feature", "properties": { "hex_id": 4639, "count": 12, "date": "2025-11-17", "n_files": 52, "pct": 23.08 }, "geometry": { "type": "Polygon", "coordinates": [ [ [ -72.6270844, 46.9253066 ], [ -72.6259368, 46.9512617 ], [ -72.6581965, 46.9649159 ], [ -72.6915903, 46.9526049 ], [ -72.6927062, 46.9266486 ], [ -72.66046, 46.9130043 ], [ -72.6270844, 46.9253066 ] ] ] } },
{ "type": "Feature", "properties": { "hex_id": 4640, "count": 12, "date": "2025-11-17", "n_files": 52, "pct": 23.08 }, "geometry": { "type": "Polygon", "coordinates": [ [ [ -72.6236368, 47.0031716 ], [ -72.6224845, 47.029126399999988 ], [ -72.6547894, 47.0427821 ], [ -72.6882332, 47.0304732 ], [ -72.6893538, 47.004517299999989 ], [ -72.6570624, 46.9908714 ], [ -72.6236368, 47.0031716 ] ] ] } },
{ "type": "Feature", "properties": { "hex_id": 4689, "count": 2, "date": "2025-11-17", "n_files": 52, "pct": 3.85 }, "geometry": { "type": "Polygon", "coordinates": [ [ [ -72.6433575, 45.7954637 ], [ -72.6422618, 45.8214243 ], [ -72.673877100000013, 45.8350642 ], [ -72.7065752, 45.822734 ], [ -72.7076411, 45.7967722 ], [ -72.6760385, 45.7831418 ], [ -72.6433575, 45.7954637 ] ] ] } },
{ "type": "Feature", "properties": { "hex_id": 4690, "count": 2, "date": "2025-11-17", "n_files": 52, "pct": 3.85 }, "geometry": { "type": "Polygon", "coordinates": [ [ [ -72.640066, 45.8733451 ], [ -72.6389659, 45.8993053 ], [ -72.6706237, 45.9129468 ], [ -72.703369, 45.9006185 ], [ -72.7044392, 45.8746572 ], [ -72.6727941, 45.8610252 ], [ -72.640066, 45.8733451 ] ] ] } },
{ "type": "Feature", "properties": { "hex_id": 4691, "count": 2, "date": "2025-11-17", "n_files": 52, "pct": 3.85 }, "geometry": { "type": "Polygon", "coordinates": [ [ [ -72.636761, 45.9512253 ], [ -72.6356563, 45.9771851 ], [ -72.667357, 45.9908281 ], [ -72.7001495, 45.9785018 ], [ -72.7012242, 45.952540899999988 ], [ -72.6695363, 45.9389074 ], [ -72.636761, 45.9512253 ] ] ] } },
{ "type": "Feature", "properties": { "hex_id": 4692, "count": 2, "date": "2025-11-17", "n_files": 52, "pct": 3.85 }, "geometry": { "type": "Polygon", "coordinates": [ [ [ -72.6334424, 46.0291042 ], [ -72.6323331, 46.0550636 ], [ -72.6640767, 46.0687082 ], [ -72.6969168, 46.0563839 ], [ -72.6979958, 46.0304233 ], [ -72.6662651, 46.0167883 ], [ -72.6334424, 46.0291042 ] ] ] } },
{ "type": "Feature", "properties": { "hex_id": 4699, "count": 7, "date": "2025-11-17", "n_files": 52, "pct": 13.46 }, "geometry": { "type": "Polygon", "coordinates": [ [ [ -72.6098243, 46.5742215 ], [ -72.6086824, 46.6001779 ], [ -72.6407318, 46.6138338 ], [ -72.6739098, 46.6015235 ], [ -72.6750205, 46.5755658 ], [ -72.6429844, 46.5619197 ], [ -72.6098243, 46.5742215 ] ] ] } },
{ "type": "Feature", "properties": { "hex_id": 4704, "count": 12, "date": "2025-11-17", "n_files": 52, "pct": 23.08 }, "geometry": { "type": "Polygon", "coordinates": [ [ [ -72.5925295, 46.9635532 ], [ -72.5913637, 46.9895076 ], [ -72.6236368, 47.0031716 ], [ -72.6570624, 46.9908714 ], [ -72.6581965, 46.9649159 ], [ -72.6259368, 46.9512617 ], [ -72.5925295, 46.9635532 ] ] ] } },
{ "type": "Feature", "properties": { "hex_id": 4753, "count": 2, "date": "2025-11-17", "n_files": 52, "pct": 3.85 }, "geometry": { "type": "Polygon", "coordinates": [ [ [ -72.6095509, 45.8337359 ], [ -72.6084381, 45.859695699999989 ], [ -72.640066, 45.8733451 ], [ -72.6727941, 45.8610252 ], [ -72.673877100000013, 45.8350642 ], [ -72.6422618, 45.8214243 ], [ -72.6095509, 45.8337359 ] ] ] } },
{ "type": "Feature", "properties": { "hex_id": 4754, "count": 2, "date": "2025-11-17", "n_files": 52, "pct": 3.85 }, "geometry": { "type": "Polygon", "coordinates": [ [ [ -72.6062078, 45.9116149 ], [ -72.6050904, 45.9375742 ], [ -72.636761, 45.9512253 ], [ -72.6695363, 45.9389074 ], [ -72.6706237, 45.9129468 ], [ -72.6389659, 45.8993053 ], [ -72.6062078, 45.9116149 ] ] ] } },
{ "type": "Feature", "properties": { "hex_id": 4755, "count": 2, "date": "2025-11-17", "n_files": 52, "pct": 3.85 }, "geometry": { "type": "Polygon", "coordinates": [ [ [ -72.602851, 45.9894926 ], [ -72.6017289, 46.0154515 ], [ -72.6334424, 46.0291042 ], [ -72.6662651, 46.0167883 ], [ -72.667357, 45.9908281 ], [ -72.6356563, 45.9771851 ], [ -72.602851, 45.9894926 ] ] ] } },
{ "type": "Feature", "properties": { "hex_id": 4767, "count": 12, "date": "2025-11-17", "n_files": 52, "pct": 23.08 }, "geometry": { "type": "Polygon", "coordinates": [ [ [ -72.5614673, 46.923927 ], [ -72.5602881, 46.949880899999989 ], [ -72.5925295, 46.9635532 ], [ -72.6259368, 46.9512617 ], [ -72.6270844, 46.9253066 ], [ -72.5948563, 46.9116441 ], [ -72.5614673, 46.923927 ] ] ] } },
{ "type": "Feature", "properties": { "hex_id": 4768, "count": 12, "date": "2025-11-17", "n_files": 52, "pct": 23.08 }, "geometry": { "type": "Polygon", "coordinates": [ [ [ -72.5579247, 47.0017883 ], [ -72.5567405, 47.0277418 ], [ -72.5890271, 47.0414158 ], [ -72.6224845, 47.029126399999988 ], [ -72.6236368, 47.0031716 ], [ -72.5913637, 46.9895076 ], [ -72.5579247, 47.0017883 ] ] ] } },
{ "type": "Feature", "properties": { "hex_id": 4817, "count": 2, "date": "2025-11-17", "n_files": 52, "pct": 3.85 }, "geometry": { "type": "Polygon", "coordinates": [ [ [ -72.5790784, 45.7941191 ], [ -72.5779529, 45.8200785 ], [ -72.6095509, 45.8337359 ], [ -72.6422618, 45.8214243 ], [ -72.6433575, 45.7954637 ], [ -72.611772, 45.7818159 ], [ -72.5790784, 45.7941191 ] ] ] } },
{ "type": "Feature", "properties": { "hex_id": 4818, "count": 2, "date": "2025-11-17", "n_files": 52, "pct": 3.85 }, "geometry": { "type": "Polygon", "coordinates": [ [ [ -72.5756973, 45.8719969 ], [ -72.5745672, 45.8979558 ], [ -72.6062078, 45.9116149 ], [ -72.6389659, 45.8993053 ], [ -72.640066, 45.8733451 ], [ -72.6084381, 45.859695699999989 ], [ -72.5756973, 45.8719969 ] ] ] } },
{ "type": "Feature", "properties": { "hex_id": 4819, "count": 2, "date": "2025-11-17", "n_files": 52, "pct": 3.85 }, "geometry": { "type": "Polygon", "coordinates": [ [ [ -72.5723024, 45.9498734 ], [ -72.5711676, 45.9758319 ], [ -72.602851, 45.9894926 ], [ -72.6356563, 45.9771851 ], [ -72.636761, 45.9512253 ], [ -72.6050904, 45.9375742 ], [ -72.5723024, 45.9498734 ] ] ] } },
{ "type": "Feature", "properties": { "hex_id": 4824, "count": 18, "date": "2025-11-17", "n_files": 52, "pct": 34.62 }, "geometry": { "type": "Polygon", "coordinates": [ [ [ -72.5551162, 46.339237 ], [ -72.5539578, 46.3651935 ], [ -72.5858573, 46.3788623 ], [ -72.6189023, 46.366565 ], [ -72.6200301, 46.3406073 ], [ -72.5881435, 46.3269482 ], [ -72.5551162, 46.339237 ] ] ] } },
{ "type": "Feature", "properties": { "hex_id": 4832, "count": 12, "date": "2025-11-17", "n_files": 52, "pct": 23.08 }, "geometry": { "type": "Polygon", "coordinates": [ [ [ -72.5268674, 46.962153 ], [ -72.5256698, 46.988106 ], [ -72.5579247, 47.0017883 ], [ -72.5913637, 46.9895076 ], [ -72.5925295, 46.9635532 ], [ -72.5602881, 46.949880899999989 ], [ -72.5268674, 46.962153 ] ] ] } },
{ "type": "Feature", "properties": { "hex_id": 4881, "count": 2, "date": "2025-11-17", "n_files": 52, "pct": 3.85 }, "geometry": { "type": "Polygon", "coordinates": [ [ [ -72.5452294, 45.8323713 ], [ -72.5440867, 45.8583299 ], [ -72.5756973, 45.8719969 ], [ -72.6084381, 45.859695699999989 ], [ -72.6095509, 45.8337359 ], [ -72.5779529, 45.8200785 ], [ -72.5452294, 45.8323713 ] ] ] } },
{ "type": "Feature", "properties": { "hex_id": 4882, "count": 2, "date": "2025-11-17", "n_files": 52, "pct": 3.85 }, "geometry": { "type": "Polygon", "coordinates": [ [ [ -72.5417965, 45.9102466 ], [ -72.5406491, 45.9362048 ], [ -72.5723024, 45.9498734 ], [ -72.6050904, 45.9375742 ], [ -72.6062078, 45.9116149 ], [ -72.5745672, 45.8979558 ], [ -72.5417965, 45.9102466 ] ] ] } },
{ "type": "Feature", "properties": { "hex_id": 4883, "count": 2, "date": "2025-11-17", "n_files": 52, "pct": 3.85 }, "geometry": { "type": "Polygon", "coordinates": [ [ [ -72.5383496, 45.9881207 ], [ -72.5371974, 46.0140784 ], [ -72.5688934, 46.0277486 ], [ -72.6017289, 46.0154515 ], [ -72.602851, 45.9894926 ], [ -72.5711676, 45.9758319 ], [ -72.5383496, 45.9881207 ] ] ] } },
{ "type": "Feature", "properties": { "hex_id": 4936, "count": 4, "date": "2025-11-17", "n_files": 52, "pct": 7.69 }, "geometry": { "type": "Polygon", "coordinates": [ [ [ -72.5454072, 45.0918149 ], [ -72.5442937, 45.1177769 ], [ -72.5754998, 45.1314369 ], [ -72.6078073, 45.1191257 ], [ -72.6088921, 45.0931625 ], [ -72.5776981, 45.0795118 ], [ -72.5454072, 45.0918149 ] ] ] } },
{ "type": "Feature", "properties": { "hex_id": 4999, "count": 4, "date": "2025-11-17", "n_files": 52, "pct": 7.69 }, "geometry": { "type": "Polygon", "coordinates": [ [ [ -72.5153554, 45.0521856 ], [ -72.5142298, 45.0781472 ], [ -72.5454072, 45.0918149 ], [ -72.5776981, 45.0795118 ], [ -72.578795, 45.053549 ], [ -72.5476297, 45.0398906 ], [ -72.5153554, 45.0521856 ] ] ] } },
{ "type": "Feature", "properties": { "hex_id": 5002, "count": 9, "date": "2025-11-17", "n_files": 52, "pct": 17.31 }, "geometry": { "type": "Polygon", "coordinates": [ [ [ -72.50517, 45.2858345 ], [ -72.5040305, 45.3117947 ], [ -72.5353309, 45.3254674 ], [ -72.5677586, 45.3131704 ], [ -72.568869, 45.287208899999989 ], [ -72.5375808, 45.2735456 ], [ -72.50517, 45.2858345 ] ] ] } },
{ "type": "Feature", "properties": { "hex_id": 5384, "count": 2, "date": "2025-11-17", "n_files": 52, "pct": 3.85 }, "geometry": { "type": "Polygon", "coordinates": [ [ [ -72.321425, 45.1257569 ], [ -72.3202085, 45.1517141 ], [ -72.3513764, 45.1654346 ], [ -72.3837488, 45.1531884 ], [ -72.3849365, 45.1272298 ], [ -72.3537806, 45.1135187 ], [ -72.321425, 45.1257569 ] ] ] } },
{ "type": "Feature", "properties": { "hex_id": 5448, "count": 2, "date": "2025-11-17", "n_files": 52, "pct": 3.85 }, "geometry": { "type": "Polygon", "coordinates": [ [ [ -72.2915142, 45.0860721 ], [ -72.2902858, 45.1120288 ], [ -72.321425, 45.1257569 ], [ -72.3537806, 45.1135187 ], [ -72.3549802, 45.0875606 ], [ -72.323853, 45.073842 ], [ -72.2915142, 45.0860721 ] ] ] } },
{ "type": "Feature", "properties": { "hex_id": 5449, "count": 2, "date": "2025-11-17", "n_files": 52, "pct": 3.85 }, "geometry": { "type": "Polygon", "coordinates": [ [ [ -72.2878241, 45.163942 ], [ -72.2865908, 45.1898983 ], [ -72.3177706, 45.2036282 ], [ -72.3501718, 45.1913923 ], [ -72.3513764, 45.1654346 ], [ -72.3202085, 45.1517141 ], [ -72.2878241, 45.163942 ] ] ] } },
{ "type": "Feature", "properties": { "hex_id": 5511, "count": 2, "date": "2025-11-17", "n_files": 52, "pct": 3.85 }, "geometry": { "type": "Polygon", "coordinates": [ [ [ -72.2616439, 45.0463801 ], [ -72.2604038, 45.0723365 ], [ -72.2915142, 45.0860721 ], [ -72.323853, 45.073842 ], [ -72.3250645, 45.0478843 ], [ -72.2939659, 45.0341581 ], [ -72.2616439, 45.0463801 ] ] ] } },
{ "type": "Feature", "properties": { "hex_id": 5512, "count": 2, "date": "2025-11-17", "n_files": 52, "pct": 3.85 }, "geometry": { "type": "Polygon", "coordinates": [ [ [ -72.2579184, 45.1242487 ], [ -72.2566731, 45.1502045 ], [ -72.2878241, 45.163942 ], [ -72.3202085, 45.1517141 ], [ -72.321425, 45.1257569 ], [ -72.2902858, 45.1120288 ], [ -72.2579184, 45.1242487 ] ] ] } },
{ "type": "Feature", "properties": { "hex_id": 5516, "count": 5, "date": "2025-11-17", "n_files": 52, "pct": 9.62 }, "geometry": { "type": "Polygon", "coordinates": [ [ [ -72.2428632, 45.4357096 ], [ -72.2415974, 45.4616638 ], [ -72.2729123, 45.4754086 ], [ -72.3054809, 45.4631897 ], [ -72.3067174, 45.4372342 ], [ -72.2754146, 45.4234989 ], [ -72.2428632, 45.4357096 ] ] ] } },
{ "type": "Feature", "properties": { "hex_id": 5576, "count": 2, "date": "2025-11-17", "n_files": 52, "pct": 3.85 }, "geometry": { "type": "Polygon", "coordinates": [ [ [ -72.2280532, 45.0845483 ], [ -72.2267961, 45.1105037 ], [ -72.2579184, 45.1242487 ], [ -72.2902858, 45.1120288 ], [ -72.2915142, 45.0860721 ], [ -72.2604038, 45.0723365 ], [ -72.2280532, 45.0845483 ] ] ] } },
{ "type": "Feature", "properties": { "hex_id": 5581, "count": 5, "date": "2025-11-17", "n_files": 52, "pct": 9.62 }, "geometry": { "type": "Polygon", "coordinates": [ [ [ -72.2090168, 45.473864 ], [ -72.2077338, 45.4998173 ], [ -72.2390608, 45.5135716 ], [ -72.2716587, 45.5013632 ], [ -72.2729123, 45.4754086 ], [ -72.2415974, 45.4616638 ], [ -72.2090168, 45.473864 ] ] ] } },
{ "type": "Feature", "properties": { "hex_id": 5584, "count": 6, "date": "2025-11-17", "n_files": 52, "pct": 11.54 }, "geometry": { "type": "Polygon", "coordinates": [ [ [ -72.1974068, 45.7074377 ], [ -72.196108, 45.7333896 ], [ -72.2275597, 45.7471496 ], [ -72.2602981, 45.7349481 ], [ -72.2615673, 45.7089948 ], [ -72.2301278, 45.6952444 ], [ -72.1974068, 45.7074377 ] ] ] } },
{ "type": "Feature", "properties": { "hex_id": 5647, "count": 6, "date": "2025-11-17", "n_files": 52, "pct": 11.54 }, "geometry": { "type": "Polygon", "coordinates": [ [ [ -72.1672957, 45.6677186 ], [ -72.1659847, 45.69367 ], [ -72.1974068, 45.7074377 ], [ -72.2301278, 45.6952444 ], [ -72.2314091, 45.6692916 ], [ -72.1999992, 45.6555335 ], [ -72.1672957, 45.6677186 ] ] ] } },
{ "type": "Feature", "properties": { "hex_id": 5648, "count": 6, "date": "2025-11-17", "n_files": 52, "pct": 11.54 }, "geometry": { "type": "Polygon", "coordinates": [ [ [ -72.1633574, 45.7455724 ], [ -72.162041, 45.7715233 ], [ -72.193505, 45.7852929 ], [ -72.2262731, 45.7731019 ], [ -72.2275597, 45.7471496 ], [ -72.196108, 45.7333896 ], [ -72.1633574, 45.7455724 ] ] ] } },
{ "type": "Feature", "properties": { "hex_id": 5712, "count": 6, "date": "2025-11-17", "n_files": 52, "pct": 11.54 }, "geometry": { "type": "Polygon", "coordinates": [ [ [ -72.1332516, 45.7058446 ], [ -72.1319232, 45.7317951 ], [ -72.1633574, 45.7455724 ], [ -72.196108, 45.7333896 ], [ -72.1974068, 45.7074377 ], [ -72.1659847, 45.69367 ], [ -72.1332516, 45.7058446 ] ] ] } },
{ "type": "Feature", "properties": { "hex_id": 5809, "count": 1, "date": "2025-11-17", "n_files": 52, "pct": 1.92 }, "geometry": { "type": "Polygon", "coordinates": [ [ [ -71.9564439, 48.3122276 ], [ -71.9548991, 48.3381621 ], [ -71.9878226, 48.3520173 ], [ -72.0222772, 48.3399276 ], [ -72.023788, 48.3139915 ], [ -71.9908783, 48.3001468 ], [ -71.9564439, 48.3122276 ] ] ] } },
{ "type": "Feature", "properties": { "hex_id": 5873, "count": 1, "date": "2025-11-17", "n_files": 52, "pct": 1.92 }, "geometry": { "type": "Polygon", "coordinates": [ [ [ -71.925113, 48.2724301 ], [ -71.9235545, 48.298364 ], [ -71.9564439, 48.3122276 ], [ -71.9908783, 48.3001468 ], [ -71.9924029, 48.2742113 ], [ -71.9595271, 48.2603582 ], [ -71.925113, 48.2724301 ] ] ] } },
{ "type": "Feature", "properties": { "hex_id": 5874, "count": 1, "date": "2025-11-17", "n_files": 52, "pct": 1.92 }, "geometry": { "type": "Polygon", "coordinates": [ [ [ -71.9204307, 48.3502313 ], [ -71.9188655, 48.3761647 ], [ -71.9518028, 48.3900305 ], [ -71.9862915, 48.3779524 ], [ -71.9878226, 48.3520173 ], [ -71.9548991, 48.3381621 ], [ -71.9204307, 48.3502313 ] ] ] } },
{ "type": "Feature", "properties": { "hex_id": 5937, "count": 1, "date": "2025-11-17", "n_files": 52, "pct": 1.92 }, "geometry": { "type": "Polygon", "coordinates": [ [ [ -71.8891064, 48.3104243 ], [ -71.8875275, 48.3363571 ], [ -71.9204307, 48.3502313 ], [ -71.9548991, 48.3381621 ], [ -71.9564439, 48.3122276 ], [ -71.9235545, 48.298364 ], [ -71.8891064, 48.3104243 ] ] ] } },
{ "type": "Feature", "properties": { "hex_id": 5938, "count": 1, "date": "2025-11-17", "n_files": 52, "pct": 1.92 }, "geometry": { "type": "Polygon", "coordinates": [ [ [ -71.884363, 48.3882223 ], [ -71.8827774, 48.4141547 ], [ -71.9157284, 48.4280311 ], [ -71.9502514, 48.4159645 ], [ -71.9518028, 48.3900305 ], [ -71.9188655, 48.3761647 ], [ -71.884363, 48.3882223 ] ] ] } },
{ "type": "Feature", "properties": { "hex_id": 6001, "count": 1, "date": "2025-11-17", "n_files": 52, "pct": 1.92 }, "geometry": { "type": "Polygon", "coordinates": [ [ [ -71.8578298, 48.2706096 ], [ -71.8562373, 48.2965418 ], [ -71.8891064, 48.3104243 ], [ -71.9235545, 48.298364 ], [ -71.925113, 48.2724301 ], [ -71.8922575, 48.2585582 ], [ -71.8578298, 48.2706096 ] ] ] } },
{ "type": "Feature", "properties": { "hex_id": 6002, "count": 4, "date": "2025-11-17", "n_files": 52, "pct": 7.69 }, "geometry": { "type": "Polygon", "coordinates": [ [ [ -71.8530454, 48.348405799999988 ], [ -71.8514461, 48.3743376 ], [ -71.884363, 48.3882223 ], [ -71.9188655, 48.3761647 ], [ -71.9204307, 48.3502313 ], [ -71.8875275, 48.3363571 ], [ -71.8530454, 48.348405799999988 ] ] ] } },
{ "type": "Feature", "properties": { "hex_id": 6065, "count": 4, "date": "2025-11-17", "n_files": 52, "pct": 7.69 }, "geometry": { "type": "Polygon", "coordinates": [ [ [ -71.8217756, 48.3085816 ], [ -71.8201626, 48.3345128 ], [ -71.8530454, 48.348405799999988 ], [ -71.8875275, 48.3363571 ], [ -71.8891064, 48.3104243 ], [ -71.8562373, 48.2965418 ], [ -71.8217756, 48.3085816 ] ] ] } },
{ "type": "Feature", "properties": { "hex_id": 6066, "count": 1, "date": "2025-11-17", "n_files": 52, "pct": 1.92 }, "geometry": { "type": "Polygon", "coordinates": [ [ [ -71.8169299, 48.3863747 ], [ -71.8153101, 48.4123053 ], [ -71.8482407, 48.426200699999988 ], [ -71.8827774, 48.4141547 ], [ -71.884363, 48.3882223 ], [ -71.8514461, 48.3743376 ], [ -71.8169299, 48.3863747 ] ] ] } },
{ "type": "Feature", "properties": { "hex_id": 6129, "count": 4, "date": "2025-11-17", "n_files": 52, "pct": 7.69 }, "geometry": { "type": "Polygon", "coordinates": [ [ [ -71.7905533, 48.2687498 ], [ -71.7889268, 48.2946803 ], [ -71.8217756, 48.3085816 ], [ -71.8562373, 48.2965418 ], [ -71.8578298, 48.2706096 ], [ -71.8249946, 48.2567188 ], [ -71.7905533, 48.2687498 ] ] ] } },
{ "type": "Feature", "properties": { "hex_id": 6130, "count": 1, "date": "2025-11-17", "n_files": 52, "pct": 1.92 }, "geometry": { "type": "Polygon", "coordinates": [ [ [ -71.7856669, 48.346541 ], [ -71.7840335, 48.372471 ], [ -71.8169299, 48.3863747 ], [ -71.8514461, 48.3743376 ], [ -71.8530454, 48.348405799999988 ], [ -71.8201626, 48.3345128 ], [ -71.7856669, 48.346541 ] ] ] } },
{ "type": "Feature", "properties": { "hex_id": 6702, "count": 23, "date": "2025-11-17", "n_files": 52, "pct": 44.23 }, "geometry": { "type": "Polygon", "coordinates": [ [ [ -71.5011603, 48.06547 ], [ -71.4993999, 48.0913938 ], [ -71.5320388, 48.1053733 ], [ -71.566425, 48.0934185 ], [ -71.5681519, 48.0674929 ], [ -71.5355261, 48.0535239 ], [ -71.5011603, 48.06547 ] ] ] } },
{ "type": "Feature", "properties": { "hex_id": 6766, "count": 23, "date": "2025-11-17", "n_files": 52, "pct": 44.23 }, "geometry": { "type": "Polygon", "coordinates": [ [ [ -71.4703283, 48.0255594 ], [ -71.468554900000015, 48.0514825 ], [ -71.5011603, 48.06547 ], [ -71.5355261, 48.0535239 ], [ -71.537266, 48.027599 ], [ -71.5046736, 48.013622 ], [ -71.4703283, 48.0255594 ] ] ] } },
{ "type": "Feature", "properties": { "hex_id": 6806, "count": 7, "date": "2025-11-17", "n_files": 52, "pct": 13.46 }, "geometry": { "type": "Polygon", "coordinates": [ [ [ -71.5569617, 46.1965935 ], [ -71.5553389, 46.2225273 ], [ -71.5868929, 46.2364661 ], [ -71.6200578, 46.2244613 ], [ -71.6216502, 46.1985257 ], [ -71.5901081, 46.1845968 ], [ -71.5569617, 46.1965935 ] ] ] } },
{ "type": "Feature", "properties": { "hex_id": 6829, "count": 23, "date": "2025-11-17", "n_files": 52, "pct": 44.23 }, "geometry": { "type": "Polygon", "coordinates": [ [ [ -71.4395428, 47.9856415 ], [ -71.4377564, 48.0115639 ], [ -71.4703283, 48.0255594 ], [ -71.5046736, 48.013622 ], [ -71.5064266, 47.9876977 ], [ -71.4738676, 47.9737127 ], [ -71.4395428, 47.9856415 ] ] ] } },
{ "type": "Feature", "properties": { "hex_id": 6830, "count": 23, "date": "2025-11-17", "n_files": 52, "pct": 44.23 }, "geometry": { "type": "Polygon", "coordinates": [ [ [ -71.4341762, 48.0634082 ], [ -71.4323823, 48.0893301 ], [ -71.4650007, 48.1033282 ], [ -71.4993999, 48.0913938 ], [ -71.5011603, 48.06547 ], [ -71.468554900000015, 48.0514825 ], [ -71.4341762, 48.0634082 ] ] ] } },
{ "type": "Feature", "properties": { "hex_id": 6870, "count": 7, "date": "2025-11-17", "n_files": 52, "pct": 13.46 }, "geometry": { "type": "Polygon", "coordinates": [ [ [ -71.5270725, 46.156714 ], [ -71.525438, 46.1826472 ], [ -71.5569617, 46.1965935 ], [ -71.5901081, 46.1845968 ], [ -71.5917124, 46.1586619 ], [ -71.5602005, 46.1447254 ], [ -71.5270725, 46.156714 ] ] ] } },
{ "type": "Feature", "properties": { "hex_id": 6893, "count": 23, "date": "2025-11-17", "n_files": 52, "pct": 44.23 }, "geometry": { "type": "Polygon", "coordinates": [ [ [ -71.4088035, 47.9457162 ], [ -71.4070042, 47.971638 ], [ -71.4395428, 47.9856415 ], [ -71.4738676, 47.9737127 ], [ -71.4756335, 47.9477891 ], [ -71.4431079, 47.9337961 ], [ -71.4088035, 47.9457162 ] ] ] } },
{ "type": "Feature", "properties": { "hex_id": 6894, "count": 23, "date": "2025-11-17", "n_files": 52, "pct": 44.23 }, "geometry": { "type": "Polygon", "coordinates": [ [ [ -71.4033982, 48.0234809 ], [ -71.4015914, 48.0494021 ], [ -71.4341762, 48.0634082 ], [ -71.468554900000015, 48.0514825 ], [ -71.4703283, 48.0255594 ], [ -71.4377564, 48.0115639 ], [ -71.4033982, 48.0234809 ] ] ] } },
{ "type": "Feature", "properties": { "hex_id": 6957, "count": 23, "date": "2025-11-17", "n_files": 52, "pct": 44.23 }, "geometry": { "type": "Polygon", "coordinates": [ [ [ -71.3726665, 47.9835464 ], [ -71.3708468, 48.0094669 ], [ -71.4033982, 48.0234809 ], [ -71.4377564, 48.0115639 ], [ -71.4395428, 47.9856415 ], [ -71.4070042, 47.971638 ], [ -71.3726665, 47.9835464 ] ] ] } },
{ "type": "Feature", "properties": { "hex_id": 6999, "count": 49, "date": "2025-11-17", "n_files": 52, "pct": 94.23 }, "geometry": { "type": "Polygon", "coordinates": [ [ [ -71.4574381, 46.2325233 ], [ -71.4557664, 46.2584542 ], [ -71.4873136, 46.2724204 ], [ -71.520520800000014, 46.2604457 ], [ -71.5221621, 46.234513 ], [ -71.4906267, 46.2205568 ], [ -71.4574381, 46.2325233 ] ] ] } },
{ "type": "Feature", "properties": { "hex_id": 7062, "count": 49, "date": "2025-11-17", "n_files": 52, "pct": 94.23 }, "geometry": { "type": "Polygon", "coordinates": [ [ [ -71.4276047, 46.1926195 ], [ -71.4259212, 46.2185497 ], [ -71.4574381, 46.2325233 ], [ -71.4906267, 46.2205568 ], [ -71.4922798, 46.1946248 ], [ -71.4607746, 46.1806611 ], [ -71.4276047, 46.1926195 ] ] ] } },
{ "type": "Feature", "properties": { "hex_id": 7198, "count": 14, "date": "2025-11-17", "n_files": 52, "pct": 26.92 }, "geometry": { "type": "Polygon", "coordinates": [ [ [ -71.3211478, 46.8128128 ], [ -71.3193763, 46.8387371 ], [ -71.3512159, 46.8527485 ], [ -71.3848148, 46.8408254 ], [ -71.386555, 46.8148992 ], [ -71.3547275, 46.8008979 ], [ -71.3211478, 46.8128128 ] ] ] } },
{ "type": "Feature", "properties": { "hex_id": 7475, "count": 3, "date": "2025-11-17", "n_files": 52, "pct": 5.77 }, "geometry": { "type": "Polygon", "coordinates": [ [ [ -71.0696592, 48.441177 ], [ -71.067655800000011, 48.4670864 ], [ -71.1004034, 48.4811913 ], [ -71.1351416, 48.4693759 ], [ -71.1371108, 48.4434644 ], [ -71.104376, 48.4293704 ], [ -71.0696592, 48.441177 ] ] ] } },
{ "type": "Feature", "properties": { "hex_id": 7540, "count": 3, "date": "2025-11-17", "n_files": 52, "pct": 5.77 }, "geometry": { "type": "Polygon", "coordinates": [ [ [ -71.0329047, 48.478881 ], [ -71.03088, 48.5047891 ], [ -71.0636404, 48.5189047 ], [ -71.0984128, 48.5071014 ], [ -71.1004034, 48.4811913 ], [ -71.067655800000011, 48.4670864 ], [ -71.0329047, 48.478881 ] ] ] } },
{ "type": "Feature", "properties": { "hex_id": 7603, "count": 3, "date": "2025-11-17", "n_files": 52, "pct": 5.77 }, "geometry": { "type": "Polygon", "coordinates": [ [ [ -71.002216, 48.4388502 ], [ -71.0001785, 48.4647575 ], [ -71.0329047, 48.478881 ], [ -71.067655800000011, 48.4670864 ], [ -71.0696592, 48.441177 ], [ -71.0369457, 48.4270643 ], [ -71.002216, 48.4388502 ] ] ] } },
{ "type": "Feature", "properties": { "hex_id": 7797, "count": 10, "date": "2025-11-17", "n_files": 52, "pct": 19.23 }, "geometry": { "type": "Polygon", "coordinates": [ [ [ -70.8916449, 48.5518528 ], [ -70.8895428, 48.577756 ], [ -70.9223073, 48.591912 ], [ -70.9571612, 48.5801539 ], [ -70.9592289, 48.5542485 ], [ -70.9264772, 48.5401034 ], [ -70.8916449, 48.5518528 ] ] ] } },
{ "type": "Feature", "properties": { "hex_id": 7860, "count": 10, "date": "2025-11-17", "n_files": 52, "pct": 19.23 }, "geometry": { "type": "Polygon", "coordinates": [ [ [ -70.8610296, 48.5117865 ], [ -70.8589148, 48.5376889 ], [ -70.8916449, 48.5518528 ], [ -70.9264772, 48.5401034 ], [ -70.9285577, 48.5141988 ], [ -70.8958402, 48.5000458 ], [ -70.8610296, 48.5117865 ] ] ] } },
{ "type": "Feature", "properties": { "hex_id": 7861, "count": 10, "date": "2025-11-17", "n_files": 52, "pct": 19.23 }, "geometry": { "type": "Polygon", "coordinates": [ [ [ -70.8546762, 48.5894932 ], [ -70.8525523, 48.615395 ], [ -70.8853295, 48.6295619 ], [ -70.9202179, 48.617816 ], [ -70.9223073, 48.591912 ], [ -70.8895428, 48.577756 ], [ -70.8546762, 48.5894932 ] ] ] } },
{ "type": "Feature", "properties": { "hex_id": 7922, "count": 5, "date": "2025-11-17", "n_files": 52, "pct": 9.62 }, "geometry": { "type": "Polygon", "coordinates": [ [ [ -70.8431623, 48.3162998 ], [ -70.8410529, 48.3422025 ], [ -70.8736555, 48.3563682 ], [ -70.908355, 48.3446203 ], [ -70.9104305, 48.318715399999988 ], [ -70.8778404, 48.3045606 ], [ -70.8431623, 48.3162998 ] ] ] } },
{ "type": "Feature", "properties": { "hex_id": 7925, "count": 10, "date": "2025-11-17", "n_files": 52, "pct": 19.23 }, "geometry": { "type": "Polygon", "coordinates": [ [ [ -70.8240698, 48.5494174 ], [ -70.8219334, 48.5753185 ], [ -70.8546762, 48.5894932 ], [ -70.8895428, 48.577756 ], [ -70.8916449, 48.5518528 ], [ -70.8589148, 48.5376889 ], [ -70.8240698, 48.5494174 ] ] ] } },
{ "type": "Feature", "properties": { "hex_id": 7926, "count": 10, "date": "2025-11-17", "n_files": 52, "pct": 19.23 }, "geometry": { "type": "Polygon", "coordinates": [ [ [ -70.8176513, 48.6271199 ], [ -70.8155057, 48.6530204 ], [ -70.8482956, 48.6671981 ], [ -70.8832184, 48.6554645 ], [ -70.8853295, 48.6295619 ], [ -70.8525523, 48.615395 ], [ -70.8176513, 48.6271199 ] ] ] } },
{ "type": "Feature", "properties": { "hex_id": 7982, "count": 10, "date": "2025-11-17", "n_files": 52, "pct": 19.23 }, "geometry": { "type": "Polygon", "coordinates": [ [ [ -70.8316774, 48.0430993 ], [ -70.8295824, 48.0690028 ], [ -70.8620131, 48.0831671 ], [ -70.8965266, 48.0714172 ], [ -70.8985882, 48.045511499999989 ], [ -70.8661698, 48.0313578 ], [ -70.8316774, 48.0430993 ] ] ] } },
{ "type": "Feature", "properties": { "hex_id": 7988, "count": 6, "date": "2025-11-17", "n_files": 52, "pct": 11.54 }, "geometry": { "type": "Polygon", "coordinates": [ [ [ -70.7935104, 48.5093347 ], [ -70.7913614, 48.5352349 ], [ -70.8240698, 48.5494174 ], [ -70.8589148, 48.5376889 ], [ -70.8610296, 48.5117865 ], [ -70.8283337, 48.4976148 ], [ -70.7935104, 48.5093347 ] ] ] } },
{ "type": "Feature", "properties": { "hex_id": 7989, "count": 10, "date": "2025-11-17", "n_files": 52, "pct": 19.23 }, "geometry": { "type": "Polygon", "coordinates": [ [ [ -70.7870541, 48.5870347 ], [ -70.7848959, 48.6129343 ], [ -70.8176513, 48.6271199 ], [ -70.8525523, 48.615395 ], [ -70.8546762, 48.5894932 ], [ -70.8219334, 48.5753185 ], [ -70.7870541, 48.5870347 ] ] ] } },
{ "type": "Feature", "properties": { "hex_id": 8046, "count": 10, "date": "2025-11-17", "n_files": 52, "pct": 19.23 }, "geometry": { "type": "Polygon", "coordinates": [ [ [ -70.8013873, 48.0030246 ], [ -70.7992801, 48.0289273 ], [ -70.8316774, 48.0430993 ], [ -70.8661698, 48.0313578 ], [ -70.8682437, 48.0054529 ], [ -70.8358586, 47.9912916 ], [ -70.8013873, 48.0030246 ] ] ] } },
{ "type": "Feature", "properties": { "hex_id": 8054, "count": 10, "date": "2025-11-17", "n_files": 52, "pct": 19.23 }, "geometry": { "type": "Polygon", "coordinates": [ [ [ -70.7499822, 48.6246383 ], [ -70.7478022, 48.6505365 ], [ -70.7805702, 48.664733 ], [ -70.8155057, 48.6530204 ], [ -70.8176513, 48.6271199 ], [ -70.7848959, 48.6129343 ], [ -70.7499822, 48.6246383 ] ] ] } },
{ "type": "Feature", "properties": { "hex_id": 8109, "count": 10, "date": "2025-11-17", "n_files": 52, "pct": 19.23 }, "geometry": { "type": "Polygon", "coordinates": [ [ [ -70.7711427, 47.9629431 ], [ -70.7690233, 47.988845 ], [ -70.8013873, 48.0030246 ], [ -70.8358586, 47.9912916 ], [ -70.8379448, 47.9653875 ], [ -70.805593, 47.9512185 ], [ -70.7711427, 47.9629431 ] ] ] } },
{ "type": "Feature", "properties": { "hex_id": 8110, "count": 10, "date": "2025-11-17", "n_files": 52, "pct": 19.23 }, "geometry": { "type": "Polygon", "coordinates": [ [ [ -70.7647755, 48.0406482 ], [ -70.7626471, 48.0665496 ], [ -70.7950566, 48.0807322 ], [ -70.8295824, 48.0690028 ], [ -70.8316774, 48.0430993 ], [ -70.7992801, 48.0289273 ], [ -70.7647755, 48.0406482 ] ] ] } },
{ "type": "Feature", "properties": { "hex_id": 8154, "count": 1, "date": "2025-11-17", "n_files": 52, "pct": 1.92 }, "geometry": { "type": "Polygon", "coordinates": [ [ [ -70.8576483, 46.4461847 ], [ -70.8556794, 46.4720964 ], [ -70.8871817, 46.486227 ], [ -70.9206415, 46.4744358 ], [ -70.9225798, 46.448522 ], [ -70.8910888, 46.4344016 ], [ -70.8576483, 46.4461847 ] ] ] } },
{ "type": "Feature", "properties": { "hex_id": 8174, "count": 10, "date": "2025-11-17", "n_files": 52, "pct": 19.23 }, "geometry": { "type": "Polygon", "coordinates": [ [ [ -70.7345399, 48.0005574 ], [ -70.7323993, 48.0264579 ], [ -70.7647755, 48.0406482 ], [ -70.7992801, 48.0289273 ], [ -70.8013873, 48.0030246 ], [ -70.7690233, 47.988845 ], [ -70.7345399, 48.0005574 ] ] ] } },
{ "type": "Feature", "properties": { "hex_id": 8217, "count": 1, "date": "2025-11-17", "n_files": 52, "pct": 1.92 }, "geometry": { "type": "Polygon", "coordinates": [ [ [ -70.8281569, 46.4061361 ], [ -70.8261767, 46.4320469 ], [ -70.8576483, 46.4461847 ], [ -70.8910888, 46.4344016 ], [ -70.8930384, 46.4084886 ], [ -70.861578, 46.3943609 ], [ -70.8281569, 46.4061361 ] ] ] } },
{ "type": "Feature", "properties": { "hex_id": 8218, "count": 1, "date": "2025-11-17", "n_files": 52, "pct": 1.92 }, "geometry": { "type": "Polygon", "coordinates": [ [ [ -70.8222082, 46.4838681 ], [ -70.8202199, 46.5097784 ], [ -70.8517334, 46.5239192 ], [ -70.885224, 46.5121394 ], [ -70.8871817, 46.486227 ], [ -70.8556794, 46.4720964 ], [ -70.8222082, 46.4838681 ] ] ] } },
{ "type": "Feature", "properties": { "hex_id": 8281, "count": 1, "date": "2025-11-17", "n_files": 52, "pct": 1.92 }, "geometry": { "type": "Polygon", "coordinates": [ [ [ -70.7987071, 46.366081 ], [ -70.7967158, 46.3919911 ], [ -70.8281569, 46.4061361 ], [ -70.861578, 46.3943609 ], [ -70.8635388, 46.3684487 ], [ -70.832109, 46.3543138 ], [ -70.7987071, 46.366081 ] ] ] } },
{ "type": "Feature", "properties": { "hex_id": 8282, "count": 1, "date": "2025-11-17", "n_files": 52, "pct": 1.92 }, "geometry": { "type": "Polygon", "coordinates": [ [ [ -70.792725, 46.4438107 ], [ -70.790725400000014, 46.4697202 ], [ -70.8222082, 46.4838681 ], [ -70.8556794, 46.4720964 ], [ -70.8576483, 46.4461847 ], [ -70.8261767, 46.4320469 ], [ -70.792725, 46.4438107 ] ] ] } },
{ "type": "Feature", "properties": { "hex_id": 8283, "count": 1, "date": "2025-11-17", "n_files": 52, "pct": 1.92 }, "geometry": { "type": "Polygon", "coordinates": [ [ [ -70.786718, 46.5215387 ], [ -70.7847102, 46.5474476 ], [ -70.816235, 46.5615985 ], [ -70.84975630000001, 46.5498303 ], [ -70.8517334, 46.5239192 ], [ -70.8202199, 46.5097784 ], [ -70.786718, 46.5215387 ] ] ] } },
{ "type": "Feature", "properties": { "hex_id": 8286, "count": 34, "date": "2025-11-17", "n_files": 52, "pct": 65.38 }, "geometry": { "type": "Polygon", "coordinates": [ [ [ -70.7685472, 46.7547127 ], [ -70.7665142, 46.78062 ], [ -70.7981659, 46.7947798 ], [ -70.8318392, 46.783022 ], [ -70.833841, 46.7571126 ], [ -70.8022007, 46.742963 ], [ -70.7685472, 46.7547127 ] ] ] } },
{ "type": "Feature", "properties": { "hex_id": 8345, "count": 1, "date": "2025-11-17", "n_files": 52, "pct": 1.92 }, "geometry": { "type": "Polygon", "coordinates": [ [ [ -70.7632835, 46.4037468 ], [ -70.7612728, 46.4296556 ], [ -70.792725, 46.4438107 ], [ -70.8261767, 46.4320469 ], [ -70.8281569, 46.4061361 ], [ -70.7967158, 46.3919911 ], [ -70.7632835, 46.4037468 ] ] ] } },
{ "type": "Feature", "properties": { "hex_id": 8346, "count": 1, "date": "2025-11-17", "n_files": 52, "pct": 1.92 }, "geometry": { "type": "Polygon", "coordinates": [ [ [ -70.757243, 46.4814724 ], [ -70.755224, 46.5073806 ], [ -70.786718, 46.5215387 ], [ -70.8202199, 46.5097784 ], [ -70.8222082, 46.4838681 ], [ -70.790725400000014, 46.4697202 ], [ -70.757243, 46.4814724 ] ] ] } },
{ "type": "Feature", "properties": { "hex_id": 8349, "count": 34, "date": "2025-11-17", "n_files": 52, "pct": 65.38 }, "geometry": { "type": "Polygon", "coordinates": [ [ [ -70.738971, 46.7146392 ], [ -70.7369267, 46.7405457 ], [ -70.7685472, 46.7547127 ], [ -70.8022007, 46.742963 ], [ -70.8042139, 46.7170544 ], [ -70.7726047, 46.7028976 ], [ -70.738971, 46.7146392 ] ] ] } },
{ "type": "Feature", "properties": { "hex_id": 8409, "count": 1, "date": "2025-11-17", "n_files": 52, "pct": 1.92 }, "geometry": { "type": "Polygon", "coordinates": [ [ [ -70.7338837, 46.3636767 ], [ -70.7318618, 46.3895846 ], [ -70.7632835, 46.4037468 ], [ -70.7967158, 46.3919911 ], [ -70.7987071, 46.366081 ], [ -70.7672966, 46.3519288 ], [ -70.7338837, 46.3636767 ] ] ] } },
{ "type": "Feature", "properties": { "hex_id": 8410, "count": 1, "date": "2025-11-17", "n_files": 52, "pct": 1.92 }, "geometry": { "type": "Polygon", "coordinates": [ [ [ -70.7278099, 46.4413998 ], [ -70.7257797, 46.4673072 ], [ -70.757243, 46.4814724 ], [ -70.790725400000014, 46.4697202 ], [ -70.792725, 46.4438107 ], [ -70.7612728, 46.4296556 ], [ -70.7278099, 46.4413998 ] ] ] } },
{ "type": "Feature", "properties": { "hex_id": 8414, "count": 34, "date": "2025-11-17", "n_files": 52, "pct": 65.38 }, "geometry": { "type": "Polygon", "coordinates": [ [ [ -70.7032618, 46.7522757 ], [ -70.7011977, 46.7781808 ], [ -70.7328296, 46.7923581 ], [ -70.7665142, 46.78062 ], [ -70.7685472, 46.7547127 ], [ -70.7369267, 46.7405457 ], [ -70.7032618, 46.7522757 ] ] ] } },
{ "type": "Feature", "properties": { "hex_id": 8473, "count": 1, "date": "2025-11-17", "n_files": 52, "pct": 1.92 }, "geometry": { "type": "Polygon", "coordinates": [ [ [ -70.6984184, 46.4013209 ], [ -70.6963771, 46.4272275 ], [ -70.7278099, 46.4413998 ], [ -70.7612728, 46.4296556 ], [ -70.7632835, 46.4037468 ], [ -70.7318618, 46.3895846 ], [ -70.6984184, 46.4013209 ] ] ] } },
{ "type": "Feature", "properties": { "hex_id": 8474, "count": 1, "date": "2025-11-17", "n_files": 52, "pct": 1.92 }, "geometry": { "type": "Polygon", "coordinates": [ [ [ -70.6922862, 46.47904 ], [ -70.6902365, 46.5049459 ], [ -70.7217109, 46.5191213 ], [ -70.755224, 46.5073806 ], [ -70.757243, 46.4814724 ], [ -70.7257797, 46.4673072 ], [ -70.6922862, 46.47904 ] ] ] } },
{ "type": "Feature", "properties": { "hex_id": 8538, "count": 1, "date": "2025-11-17", "n_files": 52, "pct": 1.92 }, "geometry": { "type": "Polygon", "coordinates": [ [ [ -70.6629032, 46.4389523 ], [ -70.6608424, 46.4648574 ], [ -70.6922862, 46.47904 ], [ -70.7257797, 46.4673072 ], [ -70.7278099, 46.4413998 ], [ -70.6963771, 46.4272275 ], [ -70.6629032, 46.4389523 ] ] ] } },
{ "type": "Feature", "properties": { "hex_id": 8601, "count": 1, "date": "2025-11-17", "n_files": 52, "pct": 1.92 }, "geometry": { "type": "Polygon", "coordinates": [ [ [ -70.6335618, 46.3988583 ], [ -70.63149, 46.4247626 ], [ -70.6629032, 46.4389523 ], [ -70.6963771, 46.4272275 ], [ -70.6984184, 46.4013209 ], [ -70.6670162, 46.3871414 ], [ -70.6335618, 46.3988583 ] ] ] } },
{ "type": "Feature", "properties": { "hex_id": 9322, "count": 1, "date": "2025-11-17", "n_files": 52, "pct": 1.92 }, "geometry": { "type": "Polygon", "coordinates": [ [ [ -70.1623447, 47.6660458 ], [ -70.1599459, 47.6919272 ], [ -70.1919519, 47.7062673 ], [ -70.2263454, 47.6947152 ], [ -70.2287116, 47.6688313 ], [ -70.1967169, 47.6545019 ], [ -70.1623447, 47.6660458 ] ] ] } },
{ "type": "Feature", "properties": { "hex_id": 9385, "count": 1, "date": "2025-11-17", "n_files": 52, "pct": 1.92 }, "geometry": { "type": "Polygon", "coordinates": [ [ [ -70.1327813, 47.6258181 ], [ -70.1303713, 47.6516985 ], [ -70.1623447, 47.6660458 ], [ -70.1967169, 47.6545019 ], [ -70.1990944, 47.628619 ], [ -70.1671322, 47.6142824 ], [ -70.1327813, 47.6258181 ] ] ] } },
{ "type": "Feature", "properties": { "hex_id": 9386, "count": 1, "date": "2025-11-17", "n_files": 52, "pct": 1.92 }, "geometry": { "type": "Polygon", "coordinates": [ [ [ -70.1255411, 47.7034588 ], [ -70.1231209, 47.7293386 ], [ -70.1551382, 47.7436894 ], [ -70.1895644, 47.7321496 ], [ -70.1919519, 47.7062673 ], [ -70.1599459, 47.6919272 ], [ -70.1255411, 47.7034588 ] ] ] } },
{ "type": "Feature", "properties": { "hex_id": 9390, "count": 7, "date": "2025-11-17", "n_files": 52, "pct": 13.46 }, "geometry": { "type": "Polygon", "coordinates": [ [ [ -70.0962737, 48.0140027 ], [ -70.0938124, 48.0398799 ], [ -70.126007, 48.0542448 ], [ -70.1606514, 48.0427215 ], [ -70.1630795, 48.0168417 ], [ -70.1308964, 48.0024876 ], [ -70.0962737, 48.0140027 ] ] ] } },
{ "type": "Feature", "properties": { "hex_id": 9450, "count": 1, "date": "2025-11-17", "n_files": 52, "pct": 1.92 }, "geometry": { "type": "Polygon", "coordinates": [ [ [ -70.0959879, 47.663222 ], [ -70.0935565, 47.6891009 ], [ -70.1255411, 47.7034588 ], [ -70.1599459, 47.6919272 ], [ -70.1623447, 47.6660458 ], [ -70.1303713, 47.6516985 ], [ -70.0959879, 47.663222 ] ] ] } },
{ "type": "Feature", "properties": { "hex_id": 9451, "count": 1, "date": "2025-11-17", "n_files": 52, "pct": 1.92 }, "geometry": { "type": "Polygon", "coordinates": [ [ [ -70.0886835, 47.7408579 ], [ -70.0862419, 47.766736099999989 ], [ -70.1182704, 47.7810976 ], [ -70.1527293, 47.7695701 ], [ -70.1551382, 47.7436894 ], [ -70.1231209, 47.7293386 ], [ -70.0886835, 47.7408579 ] ] ] } },
{ "type": "Feature", "properties": { "hex_id": 9452, "count": 1, "date": "2025-11-17", "n_files": 52, "pct": 1.92 }, "geometry": { "type": "Polygon", "coordinates": [ [ [ -70.0813483, 47.8184919 ], [ -70.0788964, 47.8443695 ], [ -70.1109691, 47.8587345 ], [ -70.1454823, 47.8472112 ], [ -70.1479014, 47.8213311 ], [ -70.11584, 47.8069768 ], [ -70.0813483, 47.8184919 ] ] ] } },
{ "type": "Feature", "properties": { "hex_id": 9454, "count": 7, "date": "2025-11-17", "n_files": 52, "pct": 13.46 }, "geometry": { "type": "Polygon", "coordinates": [ [ [ -70.0665851, 47.9737542 ], [ -70.0641124, 47.9996306 ], [ -70.0962737, 48.0140027 ], [ -70.1308964, 48.0024876 ], [ -70.1333359, 47.9766088 ], [ -70.1011859, 47.9622475 ], [ -70.0665851, 47.9737542 ] ] ] } },
{ "type": "Feature", "properties": { "hex_id": 9455, "count": 7, "date": "2025-11-17", "n_files": 52, "pct": 13.46 }, "geometry": { "type": "Polygon", "coordinates": [ [ [ -70.0591566, 48.0513825 ], [ -70.0566734, 48.0772582 ], [ -70.0888794, 48.0916339 ], [ -70.1235571, 48.080123 ], [ -70.126007, 48.0542448 ], [ -70.0938124, 48.0398799 ], [ -70.0591566, 48.0513825 ] ] ] } },
{ "type": "Feature", "properties": { "hex_id": 9456, "count": 7, "date": "2025-11-17", "n_files": 52, "pct": 13.46 }, "geometry": { "type": "Polygon", "coordinates": [ [ [ -70.0516967, 48.1290089 ], [ -70.049203, 48.154883899999987 ], [ -70.0814538, 48.1692631 ], [ -70.1161868, 48.1577565 ], [ -70.118647, 48.1318789 ], [ -70.0864077, 48.1175105 ], [ -70.0516967, 48.1290089 ] ] ] } },
{ "type": "Feature", "properties": { "hex_id": 9513, "count": 1, "date": "2025-11-17", "n_files": 52, "pct": 1.92 }, "geometry": { "type": "Polygon", "coordinates": [ [ [ -70.0664783, 47.622979 ], [ -70.0640358, 47.6488569 ], [ -70.0959879, 47.663222 ], [ -70.1303713, 47.6516985 ], [ -70.1327813, 47.6258181 ], [ -70.1008404, 47.611463699999987 ], [ -70.0664783, 47.622979 ] ] ] } },
{ "type": "Feature", "properties": { "hex_id": 9514, "count": 1, "date": "2025-11-17", "n_files": 52, "pct": 1.92 }, "geometry": { "type": "Polygon", "coordinates": [ [ [ -70.0591405, 47.700612 ], [ -70.0566876, 47.7264893 ], [ -70.0886835, 47.7408579 ], [ -70.1231209, 47.7293386 ], [ -70.1255411, 47.7034588 ], [ -70.0935565, 47.6891009 ], [ -70.0591405, 47.700612 ] ] ] } },
{ "type": "Feature", "properties": { "hex_id": 9515, "count": 1, "date": "2025-11-17", "n_files": 52, "pct": 1.92 }, "geometry": { "type": "Polygon", "coordinates": [ [ [ -70.0517717, 47.7782431 ], [ -70.0493085, 47.8041198 ], [ -70.0813483, 47.8184919 ], [ -70.11584, 47.8069768 ], [ -70.1182704, 47.7810976 ], [ -70.0862419, 47.766736099999989 ], [ -70.0517717, 47.7782431 ] ] ] } },
{ "type": "Feature", "properties": { "hex_id": 9516, "count": 1, "date": "2025-11-17", "n_files": 52, "pct": 1.92 }, "geometry": { "type": "Polygon", "coordinates": [ [ [ -70.0443719, 47.8558723 ], [ -70.0418983, 47.8817483 ], [ -70.0739822, 47.8961241 ], [ -70.1085284, 47.8846131 ], [ -70.1109691, 47.8587345 ], [ -70.0788964, 47.8443695 ], [ -70.0443719, 47.8558723 ] ] ] } },
{ "type": "Feature", "properties": { "hex_id": 9517, "count": 7, "date": "2025-11-17", "n_files": 52, "pct": 13.46 }, "geometry": { "type": "Polygon", "coordinates": [ [ [ -70.0369408, 47.9334996 ], [ -70.0344568, 47.9593749 ], [ -70.0665851, 47.9737542 ], [ -70.1011859, 47.9622475 ], [ -70.1036369, 47.9363695 ], [ -70.07152, 47.922001 ], [ -70.0369408, 47.9334996 ] ] ] } },
{ "type": "Feature", "properties": { "hex_id": 9518, "count": 7, "date": "2025-11-17", "n_files": 52, "pct": 13.46 }, "geometry": { "type": "Polygon", "coordinates": [ [ [ -70.0294784, 48.0111249 ], [ -70.0269839, 48.0369996 ], [ -70.0591566, 48.0513825 ], [ -70.0938124, 48.0398799 ], [ -70.0962737, 48.0140027 ], [ -70.0641124, 47.9996306 ], [ -70.0294784, 48.0111249 ] ] ] } },
{ "type": "Feature", "properties": { "hex_id": 9519, "count": 7, "date": "2025-11-17", "n_files": 52, "pct": 13.46 }, "geometry": { "type": "Polygon", "coordinates": [ [ [ -70.0219843, 48.0887483 ], [ -70.0194793, 48.1146223 ], [ -70.0516967, 48.1290089 ], [ -70.0864077, 48.1175105 ], [ -70.0888794, 48.0916339 ], [ -70.0566734, 48.0772582 ], [ -70.0219843, 48.0887483 ] ] ] } },
{ "type": "Feature", "properties": { "hex_id": 9520, "count": 7, "date": "2025-11-17", "n_files": 52, "pct": 13.46 }, "geometry": { "type": "Polygon", "coordinates": [ [ [ -70.0144586, 48.1663698 ], [ -70.0119429, 48.1922432 ], [ -70.0442052, 48.2066333 ], [ -70.0789716, 48.1951391 ], [ -70.0814538, 48.1692631 ], [ -70.049203, 48.154883899999987 ], [ -70.0144586, 48.1663698 ] ] ] } },
{ "type": "Feature", "properties": { "hex_id": 9578, "count": 1, "date": "2025-11-17", "n_files": 52, "pct": 1.92 }, "geometry": { "type": "Polygon", "coordinates": [ [ [ -70.0296412, 47.66036 ], [ -70.0271773, 47.6862362 ], [ -70.0591405, 47.700612 ], [ -70.0935565, 47.6891009 ], [ -70.0959879, 47.663222 ], [ -70.0640358, 47.6488569 ], [ -70.0296412, 47.66036 ] ] ] } },
{ "type": "Feature", "properties": { "hex_id": 9579, "count": 1, "date": "2025-11-17", "n_files": 52, "pct": 1.92 }, "geometry": { "type": "Polygon", "coordinates": [ [ [ -70.022239, 47.737988099999988 ], [ -70.0197647, 47.7638638 ], [ -70.0517717, 47.7782431 ], [ -70.0862419, 47.766736099999989 ], [ -70.0886835, 47.7408579 ], [ -70.0566876, 47.7264893 ], [ -70.022239, 47.737988099999988 ] ] ] } },
{ "type": "Feature", "properties": { "hex_id": 9580, "count": 3, "date": "2025-11-17", "n_files": 52, "pct": 5.77 }, "geometry": { "type": "Polygon", "coordinates": [ [ [ -70.0148056, 47.8156144 ], [ -70.0123209, 47.8414894 ], [ -70.0443719, 47.8558723 ], [ -70.0788964, 47.8443695 ], [ -70.0813483, 47.8184919 ], [ -70.0493085, 47.8041198 ], [ -70.0148056, 47.8156144 ] ] ] } },
{ "type": "Feature", "properties": { "hex_id": 9581, "count": 3, "date": "2025-11-17", "n_files": 52, "pct": 5.77 }, "geometry": { "type": "Polygon", "coordinates": [ [ [ -70.0073409, 47.8932387 ], [ -70.0048456, 47.919113 ], [ -70.0369408, 47.9334996 ], [ -70.07152, 47.922001 ], [ -70.0739822, 47.8961241 ], [ -70.0418983, 47.8817483 ], [ -70.0073409, 47.8932387 ] ] ] } },
{ "type": "Feature", "properties": { "hex_id": 9582, "count": 7, "date": "2025-11-17", "n_files": 52, "pct": 13.46 }, "geometry": { "type": "Polygon", "coordinates": [ [ [ -69.9998446, 47.9708611 ], [ -69.9973388, 47.9967348 ], [ -70.0294784, 48.0111249 ], [ -70.0641124, 47.9996306 ], [ -70.0665851, 47.9737542 ], [ -70.0344568, 47.9593749 ], [ -69.9998446, 47.9708611 ] ] ] } },
{ "type": "Feature", "properties": { "hex_id": 9583, "count": 7, "date": "2025-11-17", "n_files": 52, "pct": 13.46 }, "geometry": { "type": "Polygon", "coordinates": [ [ [ -69.9923167, 48.0484815 ], [ -69.9898003, 48.0743546 ], [ -70.0219843, 48.0887483 ], [ -70.0566734, 48.0772582 ], [ -70.0591566, 48.0513825 ], [ -70.0269839, 48.0369996 ], [ -69.9923167, 48.0484815 ] ] ] } },
{ "type": "Feature", "properties": { "hex_id": 9584, "count": 7, "date": "2025-11-17", "n_files": 52, "pct": 13.46 }, "geometry": { "type": "Polygon", "coordinates": [ [ [ -69.9847569, 48.1261 ], [ -69.9822298, 48.1519724 ], [ -70.0144586, 48.1663698 ], [ -70.049203, 48.154883899999987 ], [ -70.0516967, 48.1290089 ], [ -70.0194793, 48.1146223 ], [ -69.9847569, 48.1261 ] ] ] } },
{ "type": "Feature", "properties": { "hex_id": 9642, "count": 1, "date": "2025-11-17", "n_files": 52, "pct": 1.92 }, "geometry": { "type": "Polygon", "coordinates": [ [ [ -69.9927501, 47.697727 ], [ -69.9902647, 47.7236016 ], [ -70.022239, 47.737988099999988 ], [ -70.0566876, 47.7264893 ], [ -70.0591405, 47.700612 ], [ -70.0271773, 47.6862362 ], [ -69.9927501, 47.697727 ] ] ] } },
{ "type": "Feature", "properties": { "hex_id": 9643, "count": 3, "date": "2025-11-17", "n_files": 52, "pct": 5.77 }, "geometry": { "type": "Polygon", "coordinates": [ [ [ -69.9852833, 47.7753503 ], [ -69.9827874, 47.8012243 ], [ -70.0148056, 47.8156144 ], [ -70.0493085, 47.8041198 ], [ -70.0517717, 47.7782431 ], [ -70.0197647, 47.7638638 ], [ -69.9852833, 47.7753503 ] ] ] } },
{ "type": "Feature", "properties": { "hex_id": 9644, "count": 3, "date": "2025-11-17", "n_files": 52, "pct": 5.77 }, "geometry": { "type": "Polygon", "coordinates": [ [ [ -69.9777851, 47.8529716 ], [ -69.9752787, 47.878845 ], [ -70.0073409, 47.8932387 ], [ -70.0418983, 47.8817483 ], [ -70.0443719, 47.8558723 ], [ -70.0123209, 47.8414894 ], [ -69.9777851, 47.8529716 ] ] ] } },
{ "type": "Feature", "properties": { "hex_id": 9645, "count": 3, "date": "2025-11-17", "n_files": 52, "pct": 5.77 }, "geometry": { "type": "Polygon", "coordinates": [ [ [ -69.9702552, 47.930591 ], [ -69.967738200000014, 47.9564637 ], [ -69.9998446, 47.9708611 ], [ -70.0344568, 47.9593749 ], [ -70.0369408, 47.9334996 ], [ -70.0048456, 47.919113 ], [ -69.9702552, 47.930591 ] ] ] } },
{ "type": "Feature", "properties": { "hex_id": 9646, "count": 7, "date": "2025-11-17", "n_files": 52, "pct": 13.46 }, "geometry": { "type": "Polygon", "coordinates": [ [ [ -69.9626935, 48.0082085 ], [ -69.9601659, 48.0340805 ], [ -69.9923167, 48.0484815 ], [ -70.0269839, 48.0369996 ], [ -70.0294784, 48.0111249 ], [ -69.9973388, 47.9967348 ], [ -69.9626935, 48.0082085 ] ] ] } },
{ "type": "Feature", "properties": { "hex_id": 9647, "count": 7, "date": "2025-11-17", "n_files": 52, "pct": 13.46 }, "geometry": { "type": "Polygon", "coordinates": [ [ [ -69.9550999, 48.085824 ], [ -69.9525615, 48.1116954 ], [ -69.9847569, 48.1261 ], [ -70.0194793, 48.1146223 ], [ -70.0219843, 48.0887483 ], [ -69.9898003, 48.0743546 ], [ -69.9550999, 48.085824 ] ] ] } },
{ "type": "Feature", "properties": { "hex_id": 9707, "count": 3, "date": "2025-11-17", "n_files": 52, "pct": 5.77 }, "geometry": { "type": "Polygon", "coordinates": [ [ [ -69.9558049, 47.73508 ], [ -69.9532979, 47.760953 ], [ -69.9852833, 47.7753503 ], [ -70.0197647, 47.7638638 ], [ -70.022239, 47.737988099999988 ], [ -69.9902647, 47.7236016 ], [ -69.9558049, 47.73508 ] ] ] } },
{ "type": "Feature", "properties": { "hex_id": 9708, "count": 3, "date": "2025-11-17", "n_files": 52, "pct": 5.77 }, "geometry": { "type": "Polygon", "coordinates": [ [ [ -69.9482733, 47.8126984 ], [ -69.9457558, 47.8385708 ], [ -69.9777851, 47.8529716 ], [ -70.0123209, 47.8414894 ], [ -70.0148056, 47.8156144 ], [ -69.9827874, 47.8012243 ], [ -69.9482733, 47.8126984 ] ] ] } },
{ "type": "Feature", "properties": { "hex_id": 9709, "count": 3, "date": "2025-11-17", "n_files": 52, "pct": 5.77 }, "geometry": { "type": "Polygon", "coordinates": [ [ [ -69.94071, 47.8903148 ], [ -69.9381818, 47.9161865 ], [ -69.9702552, 47.930591 ], [ -70.0048456, 47.919113 ], [ -70.0073409, 47.8932387 ], [ -69.9752787, 47.878845 ], [ -69.94071, 47.8903148 ] ] ] } },
{ "type": "Feature", "properties": { "hex_id": 9710, "count": 3, "date": "2025-11-17", "n_files": 52, "pct": 5.77 }, "geometry": { "type": "Polygon", "coordinates": [ [ [ -69.9331147, 47.9679293 ], [ -69.9305759, 47.9938003 ], [ -69.9626935, 48.0082085 ], [ -69.9973388, 47.9967348 ], [ -69.9998446, 47.9708611 ], [ -69.967738200000014, 47.9564637 ], [ -69.9331147, 47.9679293 ] ] ] } },
{ "type": "Feature", "properties": { "hex_id": 9770, "count": 1, "date": "2025-11-17", "n_files": 52, "pct": 1.92 }, "geometry": { "type": "Polygon", "coordinates": [ [ [ -69.9263702, 47.6948037 ], [ -69.9238522, 47.7206757 ], [ -69.9558049, 47.73508 ], [ -69.9902647, 47.7236016 ], [ -69.9927501, 47.697727 ], [ -69.9608084, 47.6833334 ], [ -69.9263702, 47.6948037 ] ] ] } },
{ "type": "Feature", "properties": { "hex_id": 9771, "count": 3, "date": "2025-11-17", "n_files": 52, "pct": 5.77 }, "geometry": { "type": "Polygon", "coordinates": [ [ [ -69.9188055, 47.772419 ], [ -69.9162768, 47.7982904 ], [ -69.9482733, 47.8126984 ], [ -69.9827874, 47.8012243 ], [ -69.9852833, 47.7753503 ], [ -69.9532979, 47.760953 ], [ -69.9188055, 47.772419 ] ] ] } },
{ "type": "Feature", "properties": { "hex_id": 9772, "count": 3, "date": "2025-11-17", "n_files": 52, "pct": 5.77 }, "geometry": { "type": "Polygon", "coordinates": [ [ [ -69.9112089, 47.8500325 ], [ -69.9086696, 47.8759032 ], [ -69.94071, 47.8903148 ], [ -69.9752787, 47.878845 ], [ -69.9777851, 47.8529716 ], [ -69.9457558, 47.8385708 ], [ -69.9112089, 47.8500325 ] ] ] } },
{ "type": "Feature", "properties": { "hex_id": 9773, "count": 3, "date": "2025-11-17", "n_files": 52, "pct": 5.77 }, "geometry": { "type": "Polygon", "coordinates": [ [ [ -69.9035802, 47.9276439 ], [ -69.9010302, 47.9535139 ], [ -69.9331147, 47.9679293 ], [ -69.967738200000014, 47.9564637 ], [ -69.9702552, 47.930591 ], [ -69.9381818, 47.9161865 ], [ -69.9035802, 47.9276439 ] ] ] } },
{ "type": "Feature", "properties": { "hex_id": 9774, "count": 3, "date": "2025-11-17", "n_files": 52, "pct": 5.77 }, "geometry": { "type": "Polygon", "coordinates": [ [ [ -69.8959193, 48.0052534 ], [ -69.8933585, 48.0311227 ], [ -69.9254874, 48.0455417 ], [ -69.9601659, 48.0340805 ], [ -69.9626935, 48.0082085 ], [ -69.9305759, 47.9938003 ], [ -69.8959193, 48.0052534 ] ] ] } },
{ "type": "Feature", "properties": { "hex_id": 9835, "count": 3, "date": "2025-11-17", "n_files": 52, "pct": 5.77 }, "geometry": { "type": "Polygon", "coordinates": [ [ [ -69.8893814, 47.7321336 ], [ -69.8868417, 47.7580039 ], [ -69.9188055, 47.772419 ], [ -69.9532979, 47.760953 ], [ -69.9558049, 47.73508 ], [ -69.9238522, 47.7206757 ], [ -69.8893814, 47.7321336 ] ] ] } },
{ "type": "Feature", "properties": { "hex_id": 9836, "count": 3, "date": "2025-11-17", "n_files": 52, "pct": 5.77 }, "geometry": { "type": "Polygon", "coordinates": [ [ [ -69.8817517, 47.809744 ], [ -69.8792013, 47.8356137 ], [ -69.9112089, 47.8500325 ], [ -69.9457558, 47.8385708 ], [ -69.9482733, 47.8126984 ], [ -69.9162768, 47.7982904 ], [ -69.8817517, 47.809744 ] ] ] } },
{ "type": "Feature", "properties": { "hex_id": 9837, "count": 3, "date": "2025-11-17", "n_files": 52, "pct": 5.77 }, "geometry": { "type": "Polygon", "coordinates": [ [ [ -69.8740898, 47.8873524 ], [ -69.8715287, 47.9132214 ], [ -69.9035802, 47.9276439 ], [ -69.9381818, 47.9161865 ], [ -69.94071, 47.8903148 ], [ -69.9086696, 47.8759032 ], [ -69.8740898, 47.8873524 ] ] ] } },
{ "type": "Feature", "properties": { "hex_id": 9838, "count": 3, "date": "2025-11-17", "n_files": 52, "pct": 5.77 }, "geometry": { "type": "Polygon", "coordinates": [ [ [ -69.8663956, 47.9649588 ], [ -69.8638236, 47.9908272 ], [ -69.8959193, 48.0052534 ], [ -69.9305759, 47.9938003 ], [ -69.9331147, 47.9679293 ], [ -69.9010302, 47.9535139 ], [ -69.8663956, 47.9649588 ] ] ] } },
{ "type": "Feature", "properties": { "hex_id": 9899, "count": 3, "date": "2025-11-17", "n_files": 52, "pct": 5.77 }, "geometry": { "type": "Polygon", "coordinates": [ [ [ -69.8523382, 47.7694494 ], [ -69.8497769, 47.7953181 ], [ -69.8817517, 47.809744 ], [ -69.9162768, 47.7982904 ], [ -69.9188055, 47.772419 ], [ -69.8868417, 47.7580039 ], [ -69.8523382, 47.7694494 ] ] ] } },
{ "type": "Feature", "properties": { "hex_id": 9900, "count": 3, "date": "2025-11-17", "n_files": 52, "pct": 5.77 }, "geometry": { "type": "Polygon", "coordinates": [ [ [ -69.8446433, 47.8470548 ], [ -69.8420712, 47.8729228 ], [ -69.8740898, 47.8873524 ], [ -69.9086696, 47.8759032 ], [ -69.9112089, 47.8500325 ], [ -69.8792013, 47.8356137 ], [ -69.8446433, 47.8470548 ] ] ] } },
{ "type": "Feature", "properties": { "hex_id": 9901, "count": 3, "date": "2025-11-17", "n_files": 52, "pct": 5.77 }, "geometry": { "type": "Polygon", "coordinates": [ [ [ -69.836916, 47.9246582 ], [ -69.8343329, 47.9505255 ], [ -69.8663956, 47.9649588 ], [ -69.9010302, 47.9535139 ], [ -69.9035802, 47.9276439 ], [ -69.8715287, 47.9132214 ], [ -69.836916, 47.9246582 ] ] ] } },
{ "type": "Feature", "properties": { "hex_id": 9902, "count": 3, "date": "2025-11-17", "n_files": 52, "pct": 5.77 }, "geometry": { "type": "Polygon", "coordinates": [ [ [ -69.829156, 48.0022596 ], [ -69.826562, 48.0281262 ], [ -69.8586689, 48.0425633 ], [ -69.8933585, 48.0311227 ], [ -69.8959193, 48.0052534 ], [ -69.8638236, 47.9908272 ], [ -69.829156, 48.0022596 ] ] ] } },
{ "type": "Feature", "properties": { "hex_id": 9964, "count": 3, "date": "2025-11-17", "n_files": 52, "pct": 5.77 }, "geometry": { "type": "Polygon", "coordinates": [ [ [ -69.8152407, 47.8067512 ], [ -69.8126575, 47.8326182 ], [ -69.8446433, 47.8470548 ], [ -69.8792013, 47.8356137 ], [ -69.8817517, 47.809744 ], [ -69.8497769, 47.7953181 ], [ -69.8152407, 47.8067512 ] ] ] } },
{ "type": "Feature", "properties": { "hex_id": 9965, "count": 3, "date": "2025-11-17", "n_files": 52, "pct": 5.77 }, "geometry": { "type": "Polygon", "coordinates": [ [ [ -69.8074803, 47.8843515 ], [ -69.8048863, 47.9102178 ], [ -69.836916, 47.9246582 ], [ -69.8715287, 47.9132214 ], [ -69.8740898, 47.8873524 ], [ -69.8420712, 47.8729228 ], [ -69.8074803, 47.8843515 ] ] ] } },
{ "type": "Feature", "properties": { "hex_id": 9966, "count": 3, "date": "2025-11-17", "n_files": 52, "pct": 5.77 }, "geometry": { "type": "Polygon", "coordinates": [ [ [ -69.7996872, 47.9619498 ], [ -69.7970822, 47.9878154 ], [ -69.829156, 48.0022596 ], [ -69.8638236, 47.9908272 ], [ -69.8663956, 47.9649588 ], [ -69.8343329, 47.9505255 ], [ -69.7996872, 47.9619498 ] ] ] } },
{ "type": "Feature", "properties": { "hex_id": 9967, "count": 3, "date": "2025-11-17", "n_files": 52, "pct": 5.77 }, "geometry": { "type": "Polygon", "coordinates": [ [ [ -69.7918612, 48.0395461 ], [ -69.7892452, 48.065411 ], [ -69.8213631, 48.0798589 ], [ -69.856086, 48.068431 ], [ -69.8586689, 48.0425633 ], [ -69.826562, 48.0281262 ], [ -69.7918612, 48.0395461 ] ] ] } },
{ "type": "Feature", "properties": { "hex_id": 10028, "count": 3, "date": "2025-11-17", "n_files": 52, "pct": 5.77 }, "geometry": { "type": "Polygon", "coordinates": [ [ [ -69.7780886, 47.8440387 ], [ -69.7754836, 47.869904 ], [ -69.8074803, 47.8843515 ], [ -69.8420712, 47.8729228 ], [ -69.8446433, 47.8470548 ], [ -69.8126575, 47.8326182 ], [ -69.7780886, 47.8440387 ] ] ] } },
{ "type": "Feature", "properties": { "hex_id": 10029, "count": 3, "date": "2025-11-17", "n_files": 52, "pct": 5.77 }, "geometry": { "type": "Polygon", "coordinates": [ [ [ -69.7702626, 47.9216339 ], [ -69.7676466, 47.9474985 ], [ -69.7996872, 47.9619498 ], [ -69.8343329, 47.9505255 ], [ -69.836916, 47.9246582 ], [ -69.8048863, 47.9102178 ], [ -69.7702626, 47.9216339 ] ] ] } },
{ "type": "Feature", "properties": { "hex_id": 10030, "count": 3, "date": "2025-11-17", "n_files": 52, "pct": 5.77 }, "geometry": { "type": "Polygon", "coordinates": [ [ [ -69.7624035, 47.9992271 ], [ -69.7597764, 48.0250911 ], [ -69.7918612, 48.0395461 ], [ -69.826562, 48.0281262 ], [ -69.829156, 48.0022596 ], [ -69.7970822, 47.9878154 ], [ -69.7624035, 47.9992271 ] ] ] } },
{ "type": "Feature", "properties": { "hex_id": 10031, "count": 3, "date": "2025-11-17", "n_files": 52, "pct": 5.77 }, "geometry": { "type": "Polygon", "coordinates": [ [ [ -69.7545112, 48.0768183 ], [ -69.751873, 48.1026815 ], [ -69.7840021, 48.1171403 ], [ -69.8187582, 48.1057249 ], [ -69.8213631, 48.0798589 ], [ -69.7892452, 48.065411 ], [ -69.7545112, 48.0768183 ] ] ] } },
{ "type": "Feature", "properties": { "hex_id": 10094, "count": 3, "date": "2025-11-17", "n_files": 52, "pct": 5.77 }, "geometry": { "type": "Polygon", "coordinates": [ [ [ -69.7329899, 47.9589021 ], [ -69.7303518, 47.984765 ], [ -69.7624035, 47.9992271 ], [ -69.7970822, 47.9878154 ], [ -69.7996872, 47.9619498 ], [ -69.7676466, 47.9474985 ], [ -69.7329899, 47.9589021 ] ] ] } },
{ "type": "Feature", "properties": { "hex_id": 10095, "count": 3, "date": "2025-11-17", "n_files": 52, "pct": 5.77 }, "geometry": { "type": "Polygon", "coordinates": [ [ [ -69.7250646, 48.0364902 ], [ -69.7224154, 48.0623524 ], [ -69.7545112, 48.0768183 ], [ -69.7892452, 48.065411 ], [ -69.7918612, 48.0395461 ], [ -69.7597764, 48.0250911 ], [ -69.7250646, 48.0364902 ] ] ] } },
{ "type": "Feature", "properties": { "hex_id": 10096, "count": 3, "date": "2025-11-17", "n_files": 52, "pct": 5.77 }, "geometry": { "type": "Polygon", "coordinates": [ [ [ -69.7171058, 48.1140761 ], [ -69.7144454, 48.1399377 ], [ -69.7465855, 48.1544074 ], [ -69.781375, 48.1430046 ], [ -69.7840021, 48.1171403 ], [ -69.751873, 48.1026815 ], [ -69.7171058, 48.1140761 ] ] ] } },
{ "type": "Feature", "properties": { "hex_id": 10144, "count": 7, "date": "2025-11-17", "n_files": 52, "pct": 13.46 }, "geometry": { "type": "Polygon", "coordinates": [ [ [ -69.8040942, 46.909783 ], [ -69.8015854, 46.935653599999988 ], [ -69.8330478, 46.9500741 ], [ -69.8670086, 46.9386134 ], [ -69.8694861, 46.9127402 ], [ -69.8380341, 46.8983302 ], [ -69.8040942, 46.909783 ] ] ] } },
{ "type": "Feature", "properties": { "hex_id": 10158, "count": 3, "date": "2025-11-17", "n_files": 52, "pct": 5.77 }, "geometry": { "type": "Polygon", "coordinates": [ [ [ -69.6956621, 47.996156 ], [ -69.693002, 48.0220172 ], [ -69.7250646, 48.0364902 ], [ -69.7597764, 48.0250911 ], [ -69.7624035, 47.9992271 ], [ -69.7303518, 47.984765 ], [ -69.6956621, 47.996156 ] ] ] } },
{ "type": "Feature", "properties": { "hex_id": 10159, "count": 3, "date": "2025-11-17", "n_files": 52, "pct": 5.77 }, "geometry": { "type": "Polygon", "coordinates": [ [ [ -69.6876704, 48.0737389 ], [ -69.684999, 48.0995993 ], [ -69.7171058, 48.1140761 ], [ -69.751873, 48.1026815 ], [ -69.7545112, 48.0768183 ], [ -69.7224154, 48.0623524 ], [ -69.6876704, 48.0737389 ] ] ] } },
{ "type": "Feature", "properties": { "hex_id": 10208, "count": 7, "date": "2025-11-17", "n_files": 52, "pct": 13.46 }, "geometry": { "type": "Polygon", "coordinates": [ [ [ -69.7751821, 46.8694862 ], [ -69.772663, 46.8953558 ], [ -69.8040942, 46.909783 ], [ -69.8380341, 46.8983302 ], [ -69.840522, 46.872458 ], [ -69.8091012, 46.8580412 ], [ -69.7751821, 46.8694862 ] ] ] } },
{ "type": "Feature", "properties": { "hex_id": 10209, "count": 7, "date": "2025-11-17", "n_files": 52, "pct": 13.46 }, "geometry": { "type": "Polygon", "coordinates": [ [ [ -69.7676143, 46.9470943 ], [ -69.7650847, 46.9729632 ], [ -69.7965575, 46.9873942 ], [ -69.8305495, 46.9759457 ], [ -69.8330478, 46.9500741 ], [ -69.8015854, 46.935653599999988 ], [ -69.7676143, 46.9470943 ] ] ] } },
{ "type": "Feature", "properties": { "hex_id": 10272, "count": 7, "date": "2025-11-17", "n_files": 52, "pct": 13.46 }, "geometry": { "type": "Polygon", "coordinates": [ [ [ -69.7387127, 46.9067887 ], [ -69.7361727, 46.9326566 ], [ -69.7676143, 46.9470943 ], [ -69.8015854, 46.935653599999988 ], [ -69.8040942, 46.909783 ], [ -69.772663, 46.8953558 ], [ -69.7387127, 46.9067887 ] ] ] } },
{ "type": "Feature", "properties": { "hex_id": 10337, "count": 7, "date": "2025-11-17", "n_files": 52, "pct": 13.46 }, "geometry": { "type": "Polygon", "coordinates": [ [ [ -69.7021912, 46.9440773 ], [ -69.6996303, 46.9699435 ], [ -69.7310822, 46.9843917 ], [ -69.7650847, 46.9729632 ], [ -69.7676143, 46.9470943 ], [ -69.7361727, 46.9326566 ], [ -69.7021912, 46.9440773 ] ] ] } },
{ "type": "Feature", "properties": { "hex_id": 10604, "count": 3, "date": "2025-11-17", "n_files": 52, "pct": 5.77 }, "geometry": { "type": "Polygon", "coordinates": [ [ [ -69.4828515, 47.7912116 ], [ -69.480104700000012, 47.8170646 ], [ -69.5119806, 47.8315902 ], [ -69.5465927, 47.820252 ], [ -69.5493068, 47.7943962 ], [ -69.5174415, 47.7798814 ], [ -69.4828515, 47.7912116 ] ] ] } },
{ "type": "Feature", "properties": { "hex_id": 10667, "count": 3, "date": "2025-11-17", "n_files": 52, "pct": 5.77 }, "geometry": { "type": "Polygon", "coordinates": [ [ [ -69.4537656, 47.7508272 ], [ -69.4510083, 47.776679 ], [ -69.4828515, 47.7912116 ], [ -69.5174415, 47.7798814 ], [ -69.5201662, 47.7540266 ], [ -69.4883335, 47.7395049 ], [ -69.4537656, 47.7508272 ] ] ] } },
{ "type": "Feature", "properties": { "hex_id": 10732, "count": 3, "date": "2025-11-17", "n_files": 52, "pct": 5.77 }, "geometry": { "type": "Polygon", "coordinates": [ [ [ -69.4164077, 47.7879887 ], [ -69.4136283, 47.8138387 ], [ -69.4454821, 47.8283821 ], [ -69.480104700000012, 47.8170646 ], [ -69.4828515, 47.7912116 ], [ -69.4510083, 47.776679 ], [ -69.4164077, 47.7879887 ] ] ] } },
{ "type": "Feature", "properties": { "hex_id": 11505, "count": 7, "date": "2025-11-17", "n_files": 52, "pct": 13.46 }, "geometry": { "type": "Polygon", "coordinates": [ [ [ -68.9729296, 48.1552997 ], [ -68.9698913, 48.1811278 ], [ -69.0018261, 48.1957986 ], [ -69.036789, 48.1846302 ], [ -69.0397941, 48.158799 ], [ -69.007869500000012, 48.1441393 ], [ -68.9729296, 48.1552997 ] ] ] } },
{ "type": "Feature", "properties": { "hex_id": 11569, "count": 7, "date": "2025-11-17", "n_files": 52, "pct": 13.46 }, "geometry": { "type": "Polygon", "coordinates": [ [ [ -68.9349183, 48.192275099999989 ], [ -68.9318569, 48.2181012 ], [ -68.963802, 48.2327831 ], [ -68.9987981, 48.2216278 ], [ -69.0018261, 48.1957986 ], [ -68.9698913, 48.1811278 ], [ -68.9349183, 48.192275099999989 ] ] ] } },
{ "type": "Feature", "properties": { "hex_id": 11633, "count": 7, "date": "2025-11-17", "n_files": 52, "pct": 13.46 }, "geometry": { "type": "Polygon", "coordinates": [ [ [ -68.9060779, 48.1517617 ], [ -68.9030065, 48.1775865 ], [ -68.9349183, 48.192275099999989 ], [ -68.9698913, 48.1811278 ], [ -68.9729296, 48.1552997 ], [ -68.941028, 48.1406222 ], [ -68.9060779, 48.1517617 ] ] ] } },
{ "type": "Feature", "properties": { "hex_id": 11697, "count": 7, "date": "2025-11-17", "n_files": 52, "pct": 13.46 }, "geometry": { "type": "Polygon", "coordinates": [ [ [ -68.8680233, 48.1887129 ], [ -68.8649287, 48.2145358 ], [ -68.8968506, 48.2292355 ], [ -68.9318569, 48.2181012 ], [ -68.9349183, 48.192275099999989 ], [ -68.9030065, 48.1775865 ], [ -68.8680233, 48.1887129 ] ] ] } },
{ "type": "Feature", "properties": { "hex_id": 12009, "count": 15, "date": "2025-11-17", "n_files": 52, "pct": 28.85 }, "geometry": { "type": "Polygon", "coordinates": [ [ [ -68.7803839, 47.5212719 ], [ -68.7773178, 47.5470935 ], [ -68.808821, 47.5617993 ], [ -68.8433808, 47.5506727 ], [ -68.8464148, 47.5248479 ], [ -68.8149212, 47.5101529 ], [ -68.7803839, 47.5212719 ] ] ] } },
{ "type": "Feature", "properties": { "hex_id": 12072, "count": 15, "date": "2025-11-17", "n_files": 52, "pct": 28.85 }, "geometry": { "type": "Polygon", "coordinates": [ [ [ -68.7519883, 47.4807393 ], [ -68.7489126, 47.5065597 ], [ -68.7803839, 47.5212719 ], [ -68.8149212, 47.5101529 ], [ -68.8179649, 47.4843293 ], [ -68.7865032, 47.469628 ], [ -68.7519883, 47.4807393 ] ] ] } },
{ "type": "Feature", "properties": { "hex_id": 12073, "count": 15, "date": "2025-11-17", "n_files": 52, "pct": 28.85 }, "geometry": { "type": "Polygon", "coordinates": [ [ [ -68.742748400000011, 47.5581996 ], [ -68.7396598, 47.5840192 ], [ -68.7711727, 47.5987359 ], [ -68.8057646, 47.5876221 ], [ -68.808821, 47.5617993 ], [ -68.7773178, 47.5470935 ], [ -68.742748400000011, 47.5581996 ] ] ] } },
{ "type": "Feature", "properties": { "hex_id": 12137, "count": 15, "date": "2025-11-17", "n_files": 52, "pct": 28.85 }, "geometry": { "type": "Polygon", "coordinates": [ [ [ -68.7143657, 47.5176582 ], [ -68.7112676, 47.5434765 ], [ -68.742748400000011, 47.5581996 ], [ -68.7773178, 47.5470935 ], [ -68.7803839, 47.5212719 ], [ -68.7489126, 47.5065597 ], [ -68.7143657, 47.5176582 ] ] ] } },
{ "type": "Feature", "properties": { "hex_id": 15152, "count": 6, "date": "2025-11-17", "n_files": 52, "pct": 11.54 }, "geometry": { "type": "Polygon", "coordinates": [ [ [ -67.0791588, 48.0007915 ], [ -67.0751928, 48.0265159 ], [ -67.1064285, 48.0416798 ], [ -67.1416223, 48.031108 ], [ -67.1455559, 48.0053796 ], [ -67.1143281, 47.990227 ], [ -67.0791588, 48.0007915 ] ] ] } },
{ "type": "Feature", "properties": { "hex_id": 15280, "count": 6, "date": "2025-11-17", "n_files": 52, "pct": 11.54 }, "geometry": { "type": "Polygon", "coordinates": [ [ [ -67.0127783, 47.9961654 ], [ -67.0087799, 48.0218856 ], [ -67.039991, 48.0370665 ], [ -67.0751928, 48.0265159 ], [ -67.0791588, 48.0007915 ], [ -67.0479555, 47.985622 ], [ -67.0127783, 47.9961654 ] ] ] } }
]
}
