{
"type": "FeatureCollection",
"name": "daily_2026-06-07",
"crs": { "type": "name", "properties": { "name": "urn:ogc:def:crs:OGC:1.3:CRS84" } },
"features": [
{ "type": "Feature", "properties": { "hex_id": 300431, "centroid_lon": -76.44846604324762, "centroid_lat": 45.786926954353312, "occurrences_today": 1, "datetimes_today": "2026-06-07 00:01:38", "cumulative_total": 286.0 }, "geometry": { "type": "Polygon", "coordinates": [ [ [ -76.448331486620731, 45.78173206899357 ], [ -76.45482899525345, 45.784247801966238 ], [ -76.454964167254545, 45.789442670075474 ], [ -76.448600636746534, 45.792121834660819 ], [ -76.442102475861361, 45.789605758370357 ], [ -76.441968497749116, 45.784410860877479 ], [ -76.448331486620731, 45.78173206899357 ] ] ] } },
{ "type": "Feature", "properties": { "hex_id": 301042, "centroid_lon": -76.442236490688416, "centroid_lat": 45.79480065081367, "occurrences_today": 1, "datetimes_today": "2026-06-07 00:01:38", "cumulative_total": 338.0 }, "geometry": { "type": "Polygon", "coordinates": [ [ [ -76.442102475861361, 45.789605758370357 ], [ -76.448600636746534, 45.792121834660819 ], [ -76.448735267129905, 45.797316709916018 ], [ -76.442370542242671, 45.799995538207341 ], [ -76.435871729067742, 45.797479118434254 ], [ -76.435738293082238, 45.792284213917611 ], [ -76.442102475861361, 45.789605758370357 ] ] ] } },
{ "type": "Feature", "properties": { "hex_id": 301652, "centroid_lon": -76.435604893654272, "centroid_lat": 45.787089304354055, "occurrences_today": 1, "datetimes_today": "2026-06-07 00:01:38", "cumulative_total": 352.0 }, "geometry": { "type": "Polygon", "coordinates": [ [ [ -76.43547153077148, 45.78189438974367 ], [ -76.441968497749116, 45.784410860877479 ], [ -76.442102475861361, 45.789605758370357 ], [ -76.435738293082238, 45.792284213917611 ], [ -76.429240674323808, 45.789767399323573 ], [ -76.429107890137644, 45.784572472707644 ], [ -76.43547153077148, 45.78189438974367 ] ] ] } },
{ "type": "Feature", "properties": { "hex_id": 302262, "centroid_lon": -76.428975142327062, "centroid_lat": 45.779377541047594, "occurrences_today": 1, "datetimes_today": "2026-06-07 00:01:38", "cumulative_total": 284.0 }, "geometry": { "type": "Polygon", "coordinates": [ [ [ -76.428842430879783, 45.774182604343487 ], [ -76.435338204421512, 45.776699470086513 ], [ -76.43547153077148, 45.78189438974367 ], [ -76.429107890137644, 45.784572472707644 ], [ -76.422611465323754, 45.782055263526829 ], [ -76.422479332428182, 45.776860314884935 ], [ -76.428842430879783, 45.774182604343487 ] ] ] } },
{ "type": "Feature", "properties": { "hex_id": 302263, "centroid_lon": -76.429373494897888, "centroid_lat": 45.794962320895301, "occurrences_today": 1, "datetimes_today": "2026-06-07 00:01:38", "cumulative_total": 338.0 }, "geometry": { "type": "Polygon", "coordinates": [ [ [ -76.429240674323808, 45.789767399323573 ], [ -76.435738293082238, 45.792284213917611 ], [ -76.435871729067742, 45.797479118434254 ], [ -76.429506351872163, 45.800157237422738 ], [ -76.423008081295933, 45.797640079203646 ], [ -76.422875839745402, 45.792445145686251 ], [ -76.429240674323808, 45.789767399323573 ] ] ] } },
{ "type": "Feature", "properties": { "hex_id": 302873, "centroid_lon": -76.422743634425416, "centroid_lat": 45.787250207127286, "occurrences_today": 1, "datetimes_today": "2026-06-07 00:01:38", "cumulative_total": 304.0 }, "geometry": { "type": "Polygon", "coordinates": [ [ [ -76.422611465323754, 45.782055263526829 ], [ -76.429107890137644, 45.784572472707644 ], [ -76.429240674323808, 45.789767399323573 ], [ -76.422875839745402, 45.792445145686251 ], [ -76.416378763622561, 45.789927592902863 ], [ -76.416247173399356, 45.784732637424504 ], [ -76.422611465323754, 45.782055263526829 ] ] ] } },
{ "type": "Feature", "properties": { "hex_id": 757671, "centroid_lon": -71.655548802431042, "centroid_lat": 45.365159609230986, "occurrences_today": 1, "datetimes_today": "2026-06-07 00:01:38", "cumulative_total": 75.0 }, "geometry": { "type": "Polygon", "coordinates": [ [ [ -71.655854814200623, 45.359971540370864 ], [ -71.662075298451796, 45.362752221200807 ], [ -71.661769825653792, 45.367940320466076 ], [ -71.655242707349259, 45.370347671741385 ], [ -71.649021767452609, 45.367566606986848 ], [ -71.649328401478186, 45.362378574945097 ], [ -71.655854814200623, 45.359971540370864 ] ] ] } },
{ "type": "Feature", "properties": { "hex_id": 277848, "centroid_lon": -76.688966991413196, "centroid_lat": 45.869367636350368, "occurrences_today": 1, "datetimes_today": "2026-06-07 00:01:38", "cumulative_total": 299.0 }, "geometry": { "type": "Polygon", "coordinates": [ [ [ -76.688809647652818, 45.864173424282015 ], [ -76.69532730415726, 45.86667515517486 ], [ -76.695485268759185, 45.871869347475773 ], [ -76.689124378328955, 45.874561843256124 ], [ -76.682606057820323, 45.872059770676998 ], [ -76.682449291760719, 45.866865544069057 ], [ -76.688809647652818, 45.864173424282015 ] ] ] } },
{ "type": "Feature", "properties": { "hex_id": 277849, "centroid_lon": -76.689439281684983, "centroid_lat": 45.884950241579332, "occurrences_today": 1, "datetimes_today": "2026-06-07 00:01:38", "cumulative_total": 374.0 }, "geometry": { "type": "Polygon", "coordinates": [ [ [ -76.689281808414663, 45.879756044999134 ], [ -76.695801327958208, 45.882257716579929 ], [ -76.695959422584664, 45.887451893382952 ], [ -76.689596798154525, 45.890144432996507 ], [ -76.683076614048289, 45.88764241954329 ], [ -76.682919718949535, 45.882448208414225 ], [ -76.689281808414663, 45.879756044999134 ] ] ] } },
{ "type": "Feature", "properties": { "hex_id": 278459, "centroid_lon": -76.682762866878406, "centroid_lat": 45.877253992125432, "occurrences_today": 1, "datetimes_today": "2026-06-07 00:01:38", "cumulative_total": 374.0 }, "geometry": { "type": "Polygon", "coordinates": [ [ [ -76.682606057820323, 45.872059770676998 ], [ -76.689124378328955, 45.874561843256124 ], [ -76.689281808414663, 45.879756044999134 ], [ -76.682919718949535, 45.882448208414225 ], [ -76.676400734392928, 45.879945793983325 ], [ -76.676244503364003, 45.874751558054406 ], [ -76.682606057820323, 45.872059770676998 ] ] ] } },
{ "type": "Feature", "properties": { "hex_id": 278460, "centroid_lon": -76.683233552189265, "centroid_lat": 45.892836625512466, "occurrences_today": 1, "datetimes_today": "2026-06-07 00:01:38", "cumulative_total": 359.0 }, "geometry": { "type": "Polygon", "coordinates": [ [ [ -76.683076614048289, 45.88764241954329 ], [ -76.689596798154525, 45.890144432996507 ], [ -76.689754357837941, 45.895338619250609 ], [ -76.683390533387012, 45.898030826321687 ], [ -76.676869684674244, 45.895528470830442 ], [ -76.676713325033518, 45.89033425037146 ], [ -76.683076614048289, 45.88764241954329 ] ] ] } },
{ "type": "Feature", "properties": { "hex_id": 278461, "centroid_lon": -76.683704625011345, "centroid_lat": 45.908419212459663, "occurrences_today": 1, "datetimes_today": "2026-06-07 00:01:38", "cumulative_total": 326.0 }, "geometry": { "type": "Polygon", "coordinates": [ [ [ -76.683547557656169, 45.90322502197079 ], [ -76.690069606905013, 45.905726976269065 ], [ -76.690227296317971, 45.910921147033157 ], [ -76.68386173546709, 45.913613397788204 ], [ -76.677339021052532, 45.911111101265561 ], [ -76.677182532669207, 45.90591689627761 ], [ -76.683547557656169, 45.90322502197079 ] ] ] } },
{ "type": "Feature", "properties": { "hex_id": 279070, "centroid_lon": -76.676557008277925, "centroid_lat": 45.885140024755735, "occurrences_today": 1, "datetimes_today": "2026-06-07 00:01:38", "cumulative_total": 346.0 }, "geometry": { "type": "Polygon", "coordinates": [ [ [ -76.676400734392928, 45.879945793983325 ], [ -76.682919718949535, 45.882448208414225 ], [ -76.683076614048289, 45.88764241954329 ], [ -76.676713325033518, 45.89033425037146 ], [ -76.67019367638531, 45.887831493923244 ], [ -76.670037980858012, 45.882637248729459 ], [ -76.676400734392928, 45.879945793983325 ] ] ] } },
{ "type": "Feature", "properties": { "hex_id": 279071, "centroid_lon": -76.677026087214628, "centroid_lat": 45.900722686132525, "occurrences_today": 1, "datetimes_today": "2026-06-07 00:01:38", "cumulative_total": 389.0 }, "geometry": { "type": "Polygon", "coordinates": [ [ [ -76.676869684674244, 45.895528470830442 ], [ -76.683390533387012, 45.898030826321687 ], [ -76.683547557656169, 45.90322502197079 ], [ -76.677182532669207, 45.90591689627761 ], [ -76.670661019306166, 45.903414198582709 ], [ -76.670505195594899, 45.898219968849986 ], [ -76.676869684674244, 45.895528470830442 ] ] ] } },
{ "type": "Feature", "properties": { "hex_id": 279072, "centroid_lon": -76.677495552379185, "centroid_lat": 45.916305301096273, "occurrences_today": 1, "datetimes_today": "2026-06-07 00:01:38", "cumulative_total": 331.0 }, "geometry": { "type": "Polygon", "coordinates": [ [ [ -76.677339021052532, 45.911111101265561 ], [ -76.68386173546709, 45.913613397788204 ], [ -76.684018889038086, 45.918807577956258 ], [ -76.67765212666373, 45.921499495769631 ], [ -76.671128747039674, 45.9189968568569 ], [ -76.670972795014052, 45.913802642586283 ], [ -76.677339021052532, 45.911111101265561 ] ] ] } },
{ "type": "Feature", "properties": { "hex_id": 279073, "centroid_lon": -76.677965404164723, "centroid_lat": 45.931887869643745, "occurrences_today": 1, "datetimes_today": "2026-06-07 00:01:38", "cumulative_total": 314.0 }, "geometry": { "type": "Polygon", "coordinates": [ [ [ -76.677808743920707, 45.926693685285485 ], [ -76.68433332558422, 45.929195922810521 ], [ -76.684490608588661, 45.934390087496482 ], [ -76.678122107410346, 45.937082048844303 ], [ -76.671596859977512, 45.934579468742641 ], [ -76.671440779506895, 45.929385269935189 ], [ -76.677808743920707, 45.926693685285485 ] ] ] } },
{ "type": "Feature", "properties": { "hex_id": 279680, "centroid_lon": -76.669882328029729, "centroid_lat": 45.87744299838225, "occurrences_today": 1, "datetimes_today": "2026-06-07 00:01:38", "cumulative_total": 307.0 }, "geometry": { "type": "Polygon", "coordinates": [ [ [ -76.669726717886022, 45.872248742881681 ], [ -76.676244503364003, 45.874751558054406 ], [ -76.676400734392928, 45.879945793983325 ], [ -76.670037980858012, 45.882637248729459 ], [ -76.663519531803004, 45.88013409156018 ], [ -76.663364499874405, 45.874939821706612 ], [ -76.669726717886022, 45.872248742881681 ] ] ] } },
{ "type": "Feature", "properties": { "hex_id": 279681, "centroid_lon": -76.670349414626116, "centroid_lat": 45.893025733963441, "occurrences_today": 1, "datetimes_today": "2026-06-07 00:01:38", "cumulative_total": 289.0 }, "geometry": { "type": "Polygon", "coordinates": [ [ [ -76.67019367638531, 45.887831493923244 ], [ -76.676713325033518, 45.89033425037146 ], [ -76.676869684674244, 45.895528470830442 ], [ -76.670505195594899, 45.898219968849986 ], [ -76.663984882811562, 45.895716870218855 ], [ -76.663829723257152, 45.890522615816423 ], [ -76.67019367638531, 45.887831493923244 ] ] ] } },
{ "type": "Feature", "properties": { "hex_id": 279682, "centroid_lon": -76.670816885774371, "centroid_lat": 45.908608423161517, "occurrences_today": 1, "datetimes_today": "2026-06-07 00:01:38", "cumulative_total": 314.0 }, "geometry": { "type": "Polygon", "coordinates": [ [ [ -76.670661019306166, 45.903414198582709 ], [ -76.677182532669207, 45.90591689627761 ], [ -76.677339021052532, 45.911111101265561 ], [ -76.670972795014052, 45.913802642586283 ], [ -76.664450616957168, 45.911299602522071 ], [ -76.664295329647132, 45.906105363571797 ], [ -76.670661019306166, 45.903414198582709 ] ] ] } },
{ "type": "Feature", "properties": { "hex_id": 279683, "centroid_lon": -76.671284741865776, "centroid_lat": 45.924191065973247, "occurrences_today": 1, "datetimes_today": "2026-06-07 00:01:38", "cumulative_total": 314.0 }, "geometry": { "type": "Polygon", "coordinates": [ [ [ -76.671128747039674, 45.9189968568569 ], [ -76.67765212666373, 45.921499495769631 ], [ -76.677808743920707, 45.926693685285485 ], [ -76.671440779506895, 45.929385269935189 ], [ -76.664916734629699, 45.926882288466608 ], [ -76.664761319433993, 45.92168806496958 ], [ -76.671128747039674, 45.9189968568569 ] ] ] } },
{ "type": "Feature", "properties": { "hex_id": 280291, "centroid_lon": -76.663674606259121, "centroid_lat": 45.885328356263507, "occurrences_today": 1, "datetimes_today": "2026-06-07 00:01:38", "cumulative_total": 307.0 }, "geometry": { "type": "Polygon", "coordinates": [ [ [ -76.663519531803004, 45.88013409156018 ], [ -76.670037980858012, 45.882637248729459 ], [ -76.67019367638531, 45.887831493923244 ], [ -76.663829723257152, 45.890522615816423 ], [ -76.657310610581817, 45.888019116485019 ], [ -76.657156114669377, 45.882824837487853 ], [ -76.663519531803004, 45.88013409156018 ] ] ] } },
{ "type": "Feature", "properties": { "hex_id": 280292, "centroid_lon": -76.664140084936733, "centroid_lat": 45.900911119470692, "occurrences_today": 1, "datetimes_today": "2026-06-07 00:01:38", "cumulative_total": 289.0 }, "geometry": { "type": "Polygon", "coordinates": [ [ [ -76.663984882811562, 45.895716870218855 ], [ -76.670505195594899, 45.898219968849986 ], [ -76.670661019306166, 45.903414198582709 ], [ -76.664295329647132, 45.906105363571797 ], [ -76.65777435268528, 45.903601922592138 ], [ -76.657619729575401, 45.898407659037275 ], [ -76.663984882811562, 45.895716870218855 ] ] ] } },
{ "type": "Feature", "properties": { "hex_id": 280293, "centroid_lon": -76.664605946881309, "centroid_lat": 45.916493836321358, "occurrences_today": 1, "datetimes_today": "2026-06-07 00:01:38", "cumulative_total": 314.0 }, "geometry": { "type": "Polygon", "coordinates": [ [ [ -76.664450616957168, 45.911299602522071 ], [ -76.670972795014052, 45.913802642586283 ], [ -76.671128747039674, 45.9189968568569 ], [ -76.664761319433993, 45.92168806496958 ], [ -76.658238476639852, 45.919184682370293 ], [ -76.658083726203117, 45.913990434258771 ], [ -76.664450616957168, 45.911299602522071 ] ] ] } },
{ "type": "Feature", "properties": { "hex_id": 280294, "centroid_lon": -76.665072192482896, "centroid_lat": 45.932076506812336, "occurrences_today": 1, "datetimes_today": "2026-06-07 00:01:38", "cumulative_total": 314.0 }, "geometry": { "type": "Polygon", "coordinates": [ [ [ -76.664916734629699, 45.926882288466608 ], [ -76.671440779506895, 45.929385269935189 ], [ -76.671596859977512, 45.934579468742641 ], [ -76.665227693008021, 45.937270720006637 ], [ -76.6587029828342, 45.934767395816394 ], [ -76.658548104940991, 45.929573163149222 ], [ -76.664916734629699, 45.926882288466608 ] ] ] } },
{ "type": "Feature", "properties": { "hex_id": 280902, "centroid_lon": -76.657465148879041, "centroid_lat": 45.893213390334857, "occurrences_today": 1, "datetimes_today": "2026-06-07 00:01:38", "cumulative_total": 307.0 }, "geometry": { "type": "Polygon", "coordinates": [ [ [ -76.657310610581817, 45.888019116485019 ], [ -76.663829723257152, 45.890522615816423 ], [ -76.663984882811562, 45.895716870218855 ], [ -76.657619729575401, 45.898407659037275 ], [ -76.651099953236553, 45.895903817378183 ], [ -76.650945993811746, 45.890709529293702 ], [ -76.657310610581817, 45.888019116485019 ] ] ] } },
{ "type": "Feature", "properties": { "hex_id": 280903, "centroid_lon": -76.657929018223058, "centroid_lat": 45.908796180999339, "occurrences_today": 1, "datetimes_today": "2026-06-07 00:01:38", "cumulative_total": 289.0 }, "geometry": { "type": "Polygon", "coordinates": [ [ [ -76.65777435268528, 45.903601922592138 ], [ -76.664295329647132, 45.906105363571797 ], [ -76.664450616957168, 45.911299602522071 ], [ -76.658083726203117, 45.913990434258771 ], [ -76.651562085019521, 45.911486650764914 ], [ -76.651407998826102, 45.906292378113918 ], [ -76.65777435268528, 45.903601922592138 ] ] ] } },
{ "type": "Feature", "properties": { "hex_id": 280904, "centroid_lon": -76.658393269547688, "centroid_lat": 45.924378925333812, "occurrences_today": 1, "datetimes_today": "2026-06-07 00:01:38", "cumulative_total": 356.0 }, "geometry": { "type": "Polygon", "coordinates": [ [ [ -76.658238476639852, 45.919184682370293 ], [ -76.664761319433993, 45.92168806496958 ], [ -76.664916734629699, 45.926882288466608 ], [ -76.658548104940991, 45.929573163149222 ], [ -76.652024597366264, 45.92706943784912 ], [ -76.651870384275242, 45.92187518063264 ], [ -76.658238476639852, 45.919184682370293 ] ] ] } },
{ "type": "Feature", "properties": { "hex_id": 281513, "centroid_lon": -76.65125395490324, "centroid_lat": 45.901098100318301, "occurrences_today": 1, "datetimes_today": "2026-06-07 00:01:38", "cumulative_total": 289.0 }, "geometry": { "type": "Polygon", "coordinates": [ [ [ -76.651099953236553, 45.895903817378183 ], [ -76.657619729575401, 45.898407659037275 ], [ -76.65777435268528, 45.903601922592138 ], [ -76.651407998826102, 45.906292378113918 ], [ -76.644887558780709, 45.90378819396151 ], [ -76.64473413631535, 45.898593896846009 ], [ -76.651099953236553, 45.895903817378183 ] ] ] } },
{ "type": "Feature", "properties": { "hex_id": 368173, "centroid_lon": -75.7297662658234, "centroid_lat": 45.427409975506237, "occurrences_today": 1, "datetimes_today": "2026-06-07 00:01:38", "cumulative_total": 243.0 }, "geometry": { "type": "Polygon", "coordinates": [ [ [ -75.72969931238832, 45.422213520872518 ], [ -75.736123612015547, 45.424770739603765 ], [ -75.73619116089921, 45.429967184434595 ], [ -75.729833237529874, 45.432606425314596 ], [ -75.723408324179601, 45.430048859992297 ], [ -75.723341947927821, 45.424852400445488 ], [ -75.72969931238832, 45.422213520872518 ] ] ] } },
{ "type": "Feature", "properties": { "hex_id": 537328, "centroid_lon": -73.945746967883906, "centroid_lat": 46.149797069318041, "occurrences_today": 1, "datetimes_today": "2026-06-07 00:01:38", "cumulative_total": 42.0 }, "geometry": { "type": "Polygon", "coordinates": [ [ [ -73.945846155616422, 46.144601733305628 ], [ -73.952269920520166, 46.147258922760884 ], [ -73.952171328010223, 46.15245426705048 ], [ -73.945647752843371, 46.154992400421996 ], [ -73.939223420029762, 46.152334837337456 ], [ -73.939323230283563, 46.147139514576729 ], [ -73.945846155616422, 46.144601733305628 ] ] ] } },
{ "type": "Feature", "properties": { "hex_id": 537939, "centroid_lon": -73.939123582295707, "centroid_lat": 46.157530155187693, "occurrences_today": 1, "datetimes_today": "2026-06-07 00:01:38", "cumulative_total": 31.0 }, "geometry": { "type": "Polygon", "coordinates": [ [ [ -73.939223420029762, 46.152334837337456 ], [ -73.945647752843371, 46.154992400421996 ], [ -73.945548510485438, 46.160187726617458 ], [ -73.939023717072004, 46.162725468127412 ], [ -73.932598816376611, 46.160067531249936 ], [ -73.932699276967071, 46.15487222672153 ], [ -73.939223420029762, 46.152334837337456 ] ] ] } },
{ "type": "Feature", "properties": { "hex_id": 538549, "centroid_lon": -73.93279970990497, "centroid_lat": 46.149676917280594, "occurrences_today": 1, "datetimes_today": "2026-06-07 00:01:38", "cumulative_total": 31.0 }, "geometry": { "type": "Polygon", "coordinates": [ [ [ -73.932900115199786, 46.144481602927129 ], [ -73.939323230283563, 46.147139514576729 ], [ -73.939223420029762, 46.152334837337456 ], [ -73.932699276967071, 46.15487222672153 ], [ -73.926275594490107, 46.152213941319623 ], [ -73.9263766224596, 46.147018640352009 ], [ -73.932900115199786, 46.144481602927129 ] ] ] } },
{ "type": "Feature", "properties": { "hex_id": 549538, "centroid_lon": -73.816278240520489, "centroid_lat": 46.148529574722382, "occurrences_today": 1, "datetimes_today": "2026-06-07 00:01:38", "cumulative_total": 47.0 }, "geometry": { "type": "Polygon", "coordinates": [ [ [ -73.816389602561244, 46.143334467187593 ], [ -73.822806847312691, 46.14599887207843 ], [ -73.822696078671697, 46.151193989190013 ], [ -73.816166847821734, 46.153724677306009 ], [ -73.809749040333756, 46.151059897560799 ], [ -73.809861026421785, 46.14586480461999 ], [ -73.816389602561244, 46.143334467187593 ] ] ] } },
{ "type": "Feature", "properties": { "hex_id": 302871, "centroid_lon": -76.42195116266204, "centroid_lat": 45.756080469904774, "occurrences_today": 1, "datetimes_today": "2026-06-07 00:01:38", "cumulative_total": 354.0 }, "geometry": { "type": "Polygon", "coordinates": [ [ [ -76.421819210613435, 45.750885496056981 ], [ -76.428311948478125, 45.753402807088243 ], [ -76.428444514594972, 45.758597763967728 ], [ -76.422083150855585, 45.76127543871155 ], [ -76.415589762771589, 45.758757784452129 ], [ -76.415458388658493, 45.753562798742081 ], [ -76.421819210613435, 45.750885496056981 ] ] ] } },
{ "type": "Feature", "properties": { "hex_id": 303482, "centroid_lon": -76.415721172872608, "centroid_lat": 45.763952765123754, "occurrences_today": 1, "datetimes_today": "2026-06-07 00:01:38", "cumulative_total": 261.0 }, "geometry": { "type": "Polygon", "coordinates": [ [ [ -76.415589762771589, 45.758757784452129 ], [ -76.422083150855585, 45.76127543871155 ], [ -76.422215175206318, 45.766470402477218 ], [ -76.41585261897373, 45.769147740756878 ], [ -76.409358580633835, 45.766629743104652 ], [ -76.409227748794578, 45.761434750630663 ], [ -76.415589762771589, 45.758757784452129 ] ] ] } },
{ "type": "Feature", "properties": { "hex_id": 304703, "centroid_lon": -76.4028651207189, "centroid_lat": 45.764111368340757, "occurrences_today": 1, "datetimes_today": "2026-06-07 00:01:38", "cumulative_total": 246.0 }, "geometry": { "type": "Polygon", "coordinates": [ [ [ -76.402734902984378, 45.758916359093639 ], [ -76.409227748794578, 45.761434750630663 ], [ -76.409358580633835, 45.766629743104652 ], [ -76.40299537412713, 45.769306372554631 ], [ -76.396501878532462, 45.766787637482757 ], [ -76.396372239241003, 45.761592616560854 ], [ -76.402734902984378, 45.758916359093639 ] ] ] } },
{ "type": "Feature", "properties": { "hex_id": 681959, "centroid_lon": -72.453323928049329, "centroid_lat": 45.229840339949234, "occurrences_today": 1, "datetimes_today": "2026-06-07 00:01:38", "cumulative_total": 106.0 }, "geometry": { "type": "Polygon", "coordinates": [ [ [ -72.453555903534792, 45.224648423472736 ], [ -72.459802819891564, 45.227386169219933 ], [ -72.459571391034842, 45.232578108386562 ], [ -72.453091889463721, 45.235032250752127 ], [ -72.446844489588841, 45.232294129534459 ], [ -72.447077074782186, 45.227102241485248 ], [ -72.453555903534792, 45.224648423472736 ] ] ] } },
{ "type": "Feature", "properties": { "hex_id": 682570, "centroid_lon": -72.446611841128004, "centroid_lat": 45.23748601190529, "occurrences_today": 1, "datetimes_today": "2026-06-07 00:01:38", "cumulative_total": 96.0 }, "geometry": { "type": "Polygon", "coordinates": [ [ [ -72.446844489588841, 45.232294129534459 ], [ -72.453091889463721, 45.235032250752127 ], [ -72.452859787757006, 45.240224155881087 ], [ -72.446379129378627, 45.242677888597399 ], [ -72.440131246048708, 45.239939391754042 ], [ -72.440364504531118, 45.234747537883614 ], [ -72.446844489588841, 45.232294129534459 ] ] ] } },
{ "type": "Feature", "properties": { "hex_id": 298600, "centroid_lon": -76.467962150743588, "centroid_lat": 45.794472967876004, "occurrences_today": 1, "datetimes_today": "2026-06-07 00:01:38", "cumulative_total": 232.0 }, "geometry": { "type": "Polygon", "coordinates": [ [ [ -76.467825747522681, 45.789278134471452 ], [ -76.474324991134011, 45.791792733812642 ], [ -76.474462010200554, 45.796987549762989 ], [ -76.468098591345665, 45.799667796220021 ], [ -76.461598694501205, 45.797152853681375 ], [ -76.461462869757383, 45.791958007948281 ], [ -76.467825747522681, 45.789278134471452 ] ] ] } },
{ "type": "Feature", "properties": { "hex_id": 299210, "centroid_lon": -76.461327082224955, "centroid_lat": 45.786763157157417, "occurrences_today": 1, "datetimes_today": "2026-06-07 00:01:38", "cumulative_total": 225.0 }, "geometry": { "type": "Polygon", "coordinates": [ [ [ -76.461191331891357, 45.781568301308909 ], [ -76.467689381670297, 45.784083296006443 ], [ -76.467825747522681, 45.789278134471452 ], [ -76.461462869757383, 45.791958007948281 ], [ -76.454964167254545, 45.789442670075474 ], [ -76.45482899525345, 45.784247801966238 ], [ -76.461191331891357, 45.781568301308909 ] ] ] } },
{ "type": "Feature", "properties": { "hex_id": 299819, "centroid_lon": -76.454288677415647, "centroid_lat": 45.763468278981087, "occurrences_today": 1, "datetimes_today": "2026-06-07 00:01:38", "cumulative_total": 225.0 }, "geometry": { "type": "Polygon", "coordinates": [ [ [ -76.454153690435305, 45.758273385598166 ], [ -76.460648702293909, 45.760788827339816 ], [ -76.460784303957851, 45.765983703418144 ], [ -76.454423701375134, 45.768663167309434 ], [ -76.447928037847547, 45.766147382601773 ], [ -76.447793628584151, 45.760952477033939 ], [ -76.454153690435305, 45.758273385598166 ] ] ] } },
{ "type": "Feature", "properties": { "hex_id": 299820, "centroid_lon": -76.454693860281523, "centroid_lat": 45.779052928802095, "occurrences_today": 1, "datetimes_today": "2026-06-07 00:01:38", "cumulative_total": 227.0 }, "geometry": { "type": "Polygon", "coordinates": [ [ [ -76.454558762326258, 45.773858050583129 ], [ -76.461055618744012, 45.776373440402786 ], [ -76.461191331891357, 45.781568301308909 ], [ -76.45482899525345, 45.784247801966238 ], [ -76.448331486620731, 45.78173206899357 ], [ -76.448196966853388, 45.77653717858167 ], [ -76.454558762326258, 45.773858050583129 ] ] ] } },
{ "type": "Feature", "properties": { "hex_id": 299821, "centroid_lon": -76.455099376297298, "centroid_lat": 45.794637533129723, "occurrences_today": 1, "datetimes_today": "2026-06-07 00:01:38", "cumulative_total": 242.0 }, "geometry": { "type": "Polygon", "coordinates": [ [ [ -76.454964167254545, 45.789442670075474 ], [ -76.461462869757383, 45.791958007948281 ], [ -76.461598694501205, 45.797152853681375 ], [ -76.455234622394272, 45.799832391128916 ], [ -76.448735267129905, 45.797316709916018 ], [ -76.448600636746534, 45.792121834660819 ], [ -76.454964167254545, 45.789442670075474 ] ] ] } },
{ "type": "Feature", "properties": { "hex_id": 300429, "centroid_lon": -76.447659256130507, "centroid_lat": 45.755757566414282, "occurrences_today": 1, "datetimes_today": "2026-06-07 00:01:38", "cumulative_total": 225.0 }, "geometry": { "type": "Polygon", "coordinates": [ [ [ -76.447524920474194, 45.750562650742893 ], [ -76.454018740421631, 45.753078487160764 ], [ -76.454153690435305, 45.758273385598166 ], [ -76.447793628584151, 45.760952477033939 ], [ -76.441299157475783, 45.758436297672354 ], [ -76.441165399391963, 45.753241369883753 ], [ -76.447524920474194, 45.750562650742893 ] ] ] } },
{ "type": "Feature", "properties": { "hex_id": 300430, "centroid_lon": -76.448062483933143, "centroid_lat": 45.771342283117718, "occurrences_today": 1, "datetimes_today": "2026-06-07 00:01:38", "cumulative_total": 225.0 }, "geometry": { "type": "Polygon", "coordinates": [ [ [ -76.447928037847547, 45.766147382601773 ], [ -76.454423701375134, 45.768663167309434 ], [ -76.454558762326258, 45.773858050583129 ], [ -76.448196966853388, 45.77653717858167 ], [ -76.441700651619399, 45.774021050743315 ], [ -76.441566783577144, 45.768826138102213 ], [ -76.447928037847547, 45.766147382601773 ] ] ] } },
{ "type": "Feature", "properties": { "hex_id": 301039, "centroid_lon": -76.441031677936209, "centroid_lat": 45.748046437046156, "occurrences_today": 1, "datetimes_today": "2026-06-07 00:01:38", "cumulative_total": 343.0 }, "geometry": { "type": "Polygon", "coordinates": [ [ [ -76.440897993096129, 45.74285149915967 ], [ -76.447390621602807, 45.745367730019851 ], [ -76.447524920474194, 45.750562650742893 ], [ -76.441165399391963, 45.753241369883753 ], [ -76.434672120232079, 45.750724796102176 ], [ -76.434539012820011, 45.745529846166157 ], [ -76.440897993096129, 45.74285149915967 ] ] ] } },
{ "type": "Feature", "properties": { "hex_id": 301040, "centroid_lon": -76.441432952200046, "centroid_lat": 45.763631220411867, "occurrences_today": 1, "datetimes_today": "2026-06-07 00:01:38", "cumulative_total": 225.0 }, "geometry": { "type": "Polygon", "coordinates": [ [ [ -76.441299157475783, 45.758436297672354 ], [ -76.447793628584151, 45.760952477033939 ], [ -76.447928037847547, 45.766147382601773 ], [ -76.441566783577144, 45.768826138102213 ], [ -76.435071661270641, 45.766309615632238 ], [ -76.434938444445081, 45.761114680835291 ], [ -76.441299157475783, 45.758436297672354 ] ] ] } },
{ "type": "Feature", "properties": { "hex_id": 301041, "centroid_lon": -76.441834556339273, "centroid_lat": 45.779215958335094, "occurrences_today": 1, "datetimes_today": "2026-06-07 00:01:38", "cumulative_total": 232.0 }, "geometry": { "type": "Polygon", "coordinates": [ [ [ -76.441700651619399, 45.774021050743315 ], [ -76.448196966853388, 45.77653717858167 ], [ -76.448331486620731, 45.78173206899357 ], [ -76.441968497749116, 45.784410860877479 ], [ -76.43547153077148, 45.78189438974367 ], [ -76.435338204421512, 45.776699470086513 ], [ -76.441700651619399, 45.774021050743315 ] ] ] } },
{ "type": "Feature", "properties": { "hex_id": 301650, "centroid_lon": -76.434805264103005, "centroid_lat": 45.755919740991907, "occurrences_today": 1, "datetimes_today": "2026-06-07 00:01:38", "cumulative_total": 355.0 }, "geometry": { "type": "Polygon", "coordinates": [ [ [ -76.434672120232079, 45.750724796102176 ], [ -76.441165399391963, 45.753241369883753 ], [ -76.441299157475783, 45.758436297672354 ], [ -76.434938444445081, 45.761114680835291 ], [ -76.428444514594972, 45.758597763967728 ], [ -76.428311948478125, 45.753402807088243 ], [ -76.434672120232079, 45.750724796102176 ] ] ] } },
{ "type": "Feature", "properties": { "hex_id": 301651, "centroid_lon": -76.435204914591992, "centroid_lat": 45.771504545382669, "occurrences_today": 1, "datetimes_today": "2026-06-07 00:01:38", "cumulative_total": 225.0 }, "geometry": { "type": "Polygon", "coordinates": [ [ [ -76.435071661270641, 45.766309615632238 ], [ -76.441566783577144, 45.768826138102213 ], [ -76.441700651619399, 45.774021050743315 ], [ -76.435338204421512, 45.776699470086513 ], [ -76.428842430879783, 45.774182604343487 ], [ -76.42870975578353, 45.768987662595435 ], [ -76.435071661270641, 45.766309615632238 ] ] ] } },
{ "type": "Feature", "properties": { "hex_id": 302260, "centroid_lon": -76.428179418663206, "centroid_lat": 45.748207845165126, "occurrences_today": 1, "datetimes_today": "2026-06-07 00:01:38", "cumulative_total": 343.0 }, "geometry": { "type": "Polygon", "coordinates": [ [ [ -76.428046925137963, 45.743012878198449 ], [ -76.434539012820011, 45.745529846166157 ], [ -76.434672120232079, 45.750724796102176 ], [ -76.428311948478125, 45.753402807088243 ], [ -76.421819210613435, 45.750885496056981 ], [ -76.421687294697605, 45.745690517168235 ], [ -76.428046925137963, 45.743012878198449 ] ] ] } },
{ "type": "Feature", "properties": { "hex_id": 302261, "centroid_lon": -76.428577117026023, "centroid_lat": 45.763792715803476, "occurrences_today": 1, "datetimes_today": "2026-06-07 00:01:38", "cumulative_total": 247.0 }, "geometry": { "type": "Polygon", "coordinates": [ [ [ -76.428444514594972, 45.758597763967728 ], [ -76.434938444445081, 45.761114680835291 ], [ -76.435071661270641, 45.766309615632238 ], [ -76.42870975578353, 45.768987662595435 ], [ -76.422215175206318, 45.766470402477218 ], [ -76.422083150855585, 45.76127543871155 ], [ -76.428444514594972, 45.758597763967728 ] ] ] } },
{ "type": "Feature", "properties": { "hex_id": 302872, "centroid_lon": -76.422347235726434, "centroid_lat": 45.771665361201713, "occurrences_today": 1, "datetimes_today": "2026-06-07 00:01:38", "cumulative_total": 225.0 }, "geometry": { "type": "Polygon", "coordinates": [ [ [ -76.422215175206318, 45.766470402477218 ], [ -76.42870975578353, 45.768987662595435 ], [ -76.428842430879783, 45.774182604343487 ], [ -76.422479332428182, 45.776860314884935 ], [ -76.415984101087105, 45.774342711351416 ], [ -76.41585261897373, 45.769147740756878 ], [ -76.422215175206318, 45.766470402477218 ] ] ] } },
{ "type": "Feature", "properties": { "hex_id": 303483, "centroid_lon": -76.416115619224925, "centroid_lat": 45.779537676907317, "occurrences_today": 1, "datetimes_today": "2026-06-07 00:01:38", "cumulative_total": 225.0 }, "geometry": { "type": "Polygon", "coordinates": [ [ [ -76.415984101087105, 45.774342711351416 ], [ -76.422479332428182, 45.776860314884935 ], [ -76.422611465323754, 45.782055263526829 ], [ -76.416247173399356, 45.784732637424504 ], [ -76.40975129125782, 45.782214690310951 ], [ -76.409620351853334, 45.777019712944863 ], [ -76.415984101087105, 45.774342711351416 ] ] ] } },
{ "type": "Feature", "properties": { "hex_id": 304092, "centroid_lon": -76.409096952786172, "centroid_lat": 45.756239753120859, "occurrences_today": 1, "datetimes_today": "2026-06-07 00:01:38", "cumulative_total": 247.0 }, "geometry": { "type": "Polygon", "coordinates": [ [ [ -76.408966192596523, 45.751044750575289 ], [ -76.415458388658493, 45.753562798742081 ], [ -76.415589762771589, 45.758757784452129 ], [ -76.409227748794578, 45.761434750630663 ], [ -76.402734902984378, 45.758916359093639 ], [ -76.402604720911512, 45.753721344813378 ], [ -76.408966192596523, 45.751044750575289 ] ] ] } },
{ "type": "Feature", "properties": { "hex_id": 304093, "centroid_lon": -76.409489448316052, "centroid_lat": 45.77182473054274, "occurrences_today": 1, "datetimes_today": "2026-06-07 00:01:38", "cumulative_total": 263.0 }, "geometry": { "type": "Polygon", "coordinates": [ [ [ -76.409358580633835, 45.766629743104652 ], [ -76.41585261897373, 45.769147740756878 ], [ -76.415984101087105, 45.774342711351416 ], [ -76.409620351853334, 45.777019712944863 ], [ -76.403125663221147, 45.774501371735184 ], [ -76.40299537412713, 45.769306372554631 ], [ -76.409358580633835, 45.766629743104652 ] ] ] } },
{ "type": "Feature", "properties": { "hex_id": 305314, "centroid_lon": -76.396631553340427, "centroid_lat": 45.77198265337401, "occurrences_today": 1, "datetimes_today": "2026-06-07 00:01:38", "cumulative_total": 225.0 }, "geometry": { "type": "Polygon", "coordinates": [ [ [ -76.396501878532462, 45.766787637482757 ], [ -76.40299537412713, 45.769306372554631 ], [ -76.403125663221147, 45.774501371735184 ], [ -76.396761263676908, 45.777177664234515 ], [ -76.39026711826169, 45.77465858546315 ], [ -76.39013802222324, 45.769463557957067 ], [ -76.396501878532462, 45.766787637482757 ] ] ] } },
{ "type": "Feature", "properties": { "hex_id": 305924, "centroid_lon": -76.390008961544055, "centroid_lat": 45.764268525422885, "occurrences_today": 1, "datetimes_today": "2026-06-07 00:01:38", "cumulative_total": 225.0 }, "geometry": { "type": "Polygon", "coordinates": [ [ [ -76.389879936212168, 45.759073487860668 ], [ -76.396372239241003, 45.761592616560854 ], [ -76.396501878532462, 45.766787637482757 ], [ -76.39013802222324, 45.769463557957067 ], [ -76.383645069881567, 45.766944085580072 ], [ -76.38351662317389, 45.761749036470682 ], [ -76.389879936212168, 45.759073487860668 ] ] ] } },
{ "type": "Feature", "properties": { "hex_id": 791948, "centroid_lon": -71.204948669898513, "centroid_lat": 46.738583071744969, "occurrences_today": 1, "datetimes_today": "2026-06-07 00:01:38", "cumulative_total": 228.0 }, "geometry": { "type": "Polygon", "coordinates": [ [ [ -71.205312887567814, 46.73339880118619 ], [ -71.211661024895662, 46.736207613527846 ], [ -71.211297379981787, 46.741391919659819 ], [ -71.204584351385449, 46.743767335402254 ], [ -71.198235742163376, 46.740958117278346 ], [ -71.198600633397007, 46.735773889260756 ], [ -71.205312887567814, 46.73339880118619 ] ] ] } },
{ "type": "Feature", "properties": { "hex_id": 558034, "centroid_lon": -73.743620376639001, "centroid_lat": 45.352672604425251, "occurrences_today": 1, "datetimes_today": "2026-06-07 00:01:38", "cumulative_total": 88.0 }, "geometry": { "type": "Polygon", "coordinates": [ [ [ -73.743735339053543, 45.347476910641426 ], [ -73.750059270984934, 45.350144781191027 ], [ -73.749944876553982, 45.355340485103746 ], [ -73.74350538288445, 45.357868293233913 ], [ -73.737180914314692, 45.355200057293779 ], [ -73.737296476042374, 45.350004378678186 ], [ -73.743735339053543, 45.347476910641426 ] ] ] } },
{ "type": "Feature", "properties": { "hex_id": 548275, "centroid_lon": -73.842867559135726, "centroid_lat": 45.494037401358874, "occurrences_today": 1, "datetimes_today": "2026-06-07 00:01:38", "cumulative_total": 255.0 }, "geometry": { "type": "Polygon", "coordinates": [ [ [ -73.842973964348573, 45.488841646829044 ], [ -73.84931835224549, 45.491504157880755 ], [ -73.849212520591379, 45.49669992158627 ], [ -73.842761124865575, 45.49923315094739 ], [ -73.8364161924721, 45.496570273658726 ], [ -73.836523200291239, 45.491374533310413 ], [ -73.842973964348573, 45.488841646829044 ] ] ] } },
{ "type": "Feature", "properties": { "hex_id": 549496, "centroid_lon": -73.830071862845401, "centroid_lat": 45.493907048585001, "occurrences_today": 1, "datetimes_today": "2026-06-07 00:01:38", "cumulative_total": 378.0 }, "geometry": { "type": "Polygon", "coordinates": [ [ [ -73.830179444048142, 45.48871131753927 ], [ -73.836523200291239, 45.491374533310413 ], [ -73.8364161924721, 45.496570273658726 ], [ -73.829964252264404, 45.499102774685149 ], [ -73.823619952020906, 45.496439192557688 ], [ -73.823728135975642, 45.491243475824646 ], [ -73.830179444048142, 45.48871131753927 ] ] ] } },
{ "type": "Feature", "properties": { "hex_id": 540341, "centroid_lon": -73.925300102135751, "centroid_lat": 45.53381886247638, "occurrences_today": 1, "datetimes_today": "2026-06-07 00:01:38", "cumulative_total": 22.0 }, "geometry": { "type": "Polygon", "coordinates": [ [ [ -73.925399065217334, 45.528622998451382 ], [ -73.931751861484059, 45.531280988049652 ], [ -73.931653474267279, 45.536476860439464 ], [ -73.925201112015458, 45.539014721586504 ], [ -73.918847766927172, 45.536356366030951 ], [ -73.918947332903187, 45.531160515350251 ], [ -73.925399065217334, 45.528622998451382 ] ] ] } },
{ "type": "Feature", "properties": { "hex_id": 540952, "centroid_lon": -73.918748173746962, "centroid_lat": 45.54155221179473, "occurrences_today": 1, "datetimes_today": "2026-06-07 00:01:38", "cumulative_total": 41.0 }, "geometry": { "type": "Polygon", "coordinates": [ [ [ -73.918847766927172, 45.536356366030951 ], [ -73.925201112015458, 45.539014721586504 ], [ -73.925102094847375, 45.544210575781648 ], [ -73.918648553353407, 45.546748052641547 ], [ -73.912294659470902, 45.54408933096871 ], [ -73.912394855867461, 45.538893498617902 ], [ -73.918847766927172, 45.536356366030951 ] ] ] } },
{ "type": "Feature", "properties": { "hex_id": 585515, "centroid_lon": -73.452855958401955, "centroid_lat": 45.481624691301221, "occurrences_today": 1, "datetimes_today": "2026-06-07 00:01:38", "cumulative_total": 200.0 }, "geometry": { "type": "Polygon", "coordinates": [ [ [ -73.452998158395417, 45.476429761454455 ], [ -73.459322219799901, 45.479113682452365 ], [ -73.459180587724134, 45.484308625328609 ], [ -73.452713719588317, 45.486819616055037 ], [ -73.446389129092836, 45.484135325329618 ], [ -73.446531935811123, 45.478940413669676 ], [ -73.452998158395417, 45.476429761454455 ] ] ] } },
{ "type": "Feature", "properties": { "hex_id": 398708, "centroid_lon": -75.411329269841517, "centroid_lat": 45.58490472268732, "occurrences_today": 1, "datetimes_today": "2026-06-07 00:01:38", "cumulative_total": 228.0 }, "geometry": { "type": "Polygon", "coordinates": [ [ [ -75.411291323448822, 45.579708123904339 ], [ -75.417719323309512, 45.58228316822315 ], [ -75.417757866208703, 45.58747976042838 ], [ -75.411367226609912, 45.590101316697613 ], [ -75.404938619865291, 45.587525920531789 ], [ -75.404901259606874, 45.582329320008569 ], [ -75.411291323448822, 45.579708123904339 ] ] ] } },
{ "type": "Feature", "properties": { "hex_id": 775379, "centroid_lon": -71.467342017754788, "centroid_lat": 45.414055793736736, "occurrences_today": 1, "datetimes_today": "2026-06-07 00:01:38", "cumulative_total": 33.0 }, "geometry": { "type": "Polygon", "coordinates": [ [ [ -71.467665780225829, 45.40886879488901 ], [ -71.473881628010105, 45.411659605475656 ], [ -71.473558403109081, 45.416846636546836 ], [ -71.467018167104982, 45.419242786046844 ], [ -71.460801869944206, 45.416451589369863 ], [ -71.461126258134584, 45.411264629346718 ], [ -71.467665780225829, 45.40886879488901 ] ] ] } },
{ "type": "Feature", "properties": { "hex_id": 543391, "centroid_lon": -73.894051206386749, "centroid_lat": 45.494544481627287, "occurrences_today": 1, "datetimes_today": "2026-06-07 00:01:38", "cumulative_total": 227.0 }, "geometry": { "type": "Polygon", "coordinates": [ [ [ -73.8941529073509, 45.489348635741877 ], [ -73.90049981719369, 45.492008326499047 ], [ -73.900398690487251, 45.49720418105224 ], [ -73.893949477649286, 45.499740322588053 ], [ -73.887602021326771, 45.497080266072579 ], [ -73.887704324312608, 45.491884433844113 ], [ -73.8941529073509, 45.489348635741877 ] ] ] } },
{ "type": "Feature", "properties": { "hex_id": 544612, "centroid_lon": -73.881255167186467, "centroid_lat": 45.494419861234718, "occurrences_today": 1, "datetimes_today": "2026-06-07 00:01:38", "cumulative_total": 306.0 }, "geometry": { "type": "Polygon", "coordinates": [ [ [ -73.881358044255506, 45.489224037801058 ], [ -73.887704324312608, 45.491884433844113 ], [ -73.887602021326771, 45.497080266072579 ], [ -73.881152262023093, 45.499615679739627 ], [ -73.874805435981841, 45.496954917818435 ], [ -73.874908915218995, 45.491759108172843 ], [ -73.881358044255506, 45.489224037801058 ] ] ] } },
{ "type": "Feature", "properties": { "hex_id": 222300, "centroid_lon": -77.279575683644779, "centroid_lat": 45.976030122851625, "occurrences_today": 1, "datetimes_today": "2026-06-07 00:01:38", "cumulative_total": 388.0 }, "geometry": { "type": "Polygon", "coordinates": [ [ [ -77.279362552959711, 45.970837865553321 ], [ -77.285918138226535, 45.973305116269017 ], [ -77.28613189995464, 45.978497347596985 ], [ -77.279788872843099, 45.981222374643664 ], [ -77.273232598010068, 45.978754787569628 ], [ -77.273020039874666, 45.973562509872586 ], [ -77.279362552959711, 45.970837865553321 ] ] ] } },
{ "type": "Feature", "properties": { "hex_id": 678911, "centroid_lon": -72.482041572380382, "centroid_lat": 45.300637829515303, "occurrences_today": 1, "datetimes_today": "2026-06-07 00:01:38", "cumulative_total": 107.0 }, "geometry": { "type": "Polygon", "coordinates": [ [ [ -72.482271500237928, 45.295445862363245 ], [ -72.488527494856157, 45.298182203367972 ], [ -72.48829811607969, 45.303374192962835 ], [ -72.481811581926138, 45.305829791012385 ], [ -72.475555100833972, 45.303093073884959 ], [ -72.47578564034842, 45.297901134894389 ], [ -72.482271500237928, 45.295445862363245 ] ] ] } },
{ "type": "Feature", "properties": { "hex_id": 679520, "centroid_lon": -72.476707171177196, "centroid_lat": 45.277133322341463, "occurrences_today": 1, "datetimes_today": "2026-06-07 00:01:38", "cumulative_total": 96.0 }, "geometry": { "type": "Polygon", "coordinates": [ [ [ -72.476937397181601, 45.271941355057145 ], [ -72.483190586118141, 45.27467793721172 ], [ -72.482960908438884, 45.279869926980467 ], [ -72.476476882512571, 45.282325283967666 ], [ -72.470223207921549, 45.279588325943429 ], [ -72.470454044890459, 45.274396386865327 ], [ -72.476937397181601, 45.271941355057145 ] ] ] } },
{ "type": "Feature", "properties": { "hex_id": 679521, "centroid_lon": -72.476016117119073, "centroid_lat": 45.292709190244452, "occurrences_today": 1, "datetimes_today": "2026-06-07 00:01:38", "cumulative_total": 106.0 }, "geometry": { "type": "Polygon", "coordinates": [ [ [ -72.476246531166822, 45.287517239935433 ], [ -72.482501365519624, 45.290253889556546 ], [ -72.482271500237928, 45.295445862363245 ], [ -72.47578564034842, 45.297901134894389 ], [ -72.469530319962928, 45.295164109199298 ], [ -72.46976134547873, 45.289972187110742 ], [ -72.476246531166822, 45.287517239935433 ] ] ] } },
{ "type": "Feature", "properties": { "hex_id": 680130, "centroid_lon": -72.470684819052266, "centroid_lat": 45.269204442124675, "occurrences_today": 1, "datetimes_today": "2026-06-07 00:01:38", "cumulative_total": 96.0 }, "geometry": { "type": "Polygon", "coordinates": [ [ [ -72.470915530427916, 45.264012491721786 ], [ -72.477167560546633, 45.266749382115023 ], [ -72.476937397181601, 45.271941355057145 ], [ -72.470454044890459, 45.274396386865327 ], [ -72.464201529557769, 45.271659120651194 ], [ -72.464432851709262, 45.266467198513432 ], [ -72.470915530427916, 45.264012491721786 ] ] ] } },
{ "type": "Feature", "properties": { "hex_id": 680131, "centroid_lon": -72.469992308124617, "centroid_lat": 45.284780259358683, "occurrences_today": 1, "datetimes_today": "2026-06-07 00:01:38", "cumulative_total": 106.0 }, "geometry": { "type": "Polygon", "coordinates": [ [ [ -72.470223207921549, 45.279588325943429 ], [ -72.476476882512571, 45.282325283967666 ], [ -72.476246531166822, 45.287517239935433 ], [ -72.46976134547873, 45.289972187110742 ], [ -72.463507185295953, 45.287234853061335 ], [ -72.46373869637209, 45.282042947925476 ], [ -72.470223207921549, 45.279588325943429 ] ] ] } },
{ "type": "Feature", "properties": { "hex_id": 680740, "centroid_lon": -72.464664110927828, "centroid_lat": 45.261275270709014, "occurrences_today": 1, "datetimes_today": "2026-06-07 00:01:38", "cumulative_total": 93.0 }, "geometry": { "type": "Polygon", "coordinates": [ [ [ -72.464895307234414, 45.256083337238252 ], [ -72.471146179038286, 45.258820535657009 ], [ -72.470915530427916, 45.264012491721786 ], [ -72.464432851709262, 45.266467198513432 ], [ -72.45818149513164, 45.263729624322522 ], [ -72.458413302025477, 45.258537719175735 ], [ -72.464895307234414, 45.256083337238252 ] ] ] } },
{ "type": "Feature", "properties": { "hex_id": 680741, "centroid_lon": -72.463970144452361, "centroid_lat": 45.276851037121986, "occurrences_today": 1, "datetimes_today": "2026-06-07 00:01:38", "cumulative_total": 96.0 }, "geometry": { "type": "Polygon", "coordinates": [ [ [ -72.464201529557769, 45.271659120651194 ], [ -72.470454044890459, 45.274396386865327 ], [ -72.470223207921549, 45.279588325943429 ], [ -72.46373869637209, 45.282042947925476 ], [ -72.457485695888266, 45.279305305734958 ], [ -72.45771769208406, 45.274113417602457 ], [ -72.464201529557769, 45.271659120651194 ] ] ] } },
{ "type": "Feature", "properties": { "hex_id": 681350, "centroid_lon": -72.458645045860678, "centroid_lat": 45.253345808358183, "occurrences_today": 1, "datetimes_today": "2026-06-07 00:01:38", "cumulative_total": 93.0 }, "geometry": { "type": "Polygon", "coordinates": [ [ [ -72.458876726658247, 45.24815389187016 ], [ -72.465126440649968, 45.250891398101466 ], [ -72.464895307234414, 45.256083337238252 ], [ -72.458413302025477, 45.258537719175735 ], [ -72.452163103699874, 45.255799837221097 ], [ -72.452395394896087, 45.250607949115896 ], [ -72.458876726658247, 45.24815389187016 ] ] ] } },
{ "type": "Feature", "properties": { "hex_id": 681351, "centroid_lon": -72.457949625158165, "centroid_lat": 45.268921523798198, "occurrences_today": 1, "datetimes_today": "2026-06-07 00:01:38", "cumulative_total": 115.0 }, "geometry": { "type": "Polygon", "coordinates": [ [ [ -72.45818149513164, 45.263729624322522 ], [ -72.464432851709262, 45.266467198513432 ], [ -72.464201529557769, 45.271659120651194 ], [ -72.45771769208406, 45.274113417602457 ], [ -72.451465850795614, 45.271375467484006 ], [ -72.451698331670684, 45.266183596405476 ], [ -72.45818149513164, 45.263729624322522 ] ] ] } },
{ "type": "Feature", "properties": { "hex_id": 681960, "centroid_lon": -72.452627622908125, "centroid_lat": 45.245416055335781, "occurrences_today": 1, "datetimes_today": "2026-06-07 00:01:38", "cumulative_total": 125.0 }, "geometry": { "type": "Polygon", "coordinates": [ [ [ -72.452859787757006, 45.240224155881087 ], [ -72.459108344439144, 45.242961969711999 ], [ -72.458876726658247, 45.24815389187016 ], [ -72.452395394896087, 45.250607949115896 ], [ -72.446146354319652, 45.247869759610452 ], [ -72.446379129378627, 45.242677888597399 ], [ -72.452859787757006, 45.240224155881087 ] ] ] } },
{ "type": "Feature", "properties": { "hex_id": 545222, "centroid_lon": -73.875012366206022, "centroid_lat": 45.486563293596468, "occurrences_today": 1, "datetimes_today": "2026-06-07 00:01:38", "cumulative_total": 233.0 }, "geometry": { "type": "Polygon", "coordinates": [ [ [ -73.875115788952428, 45.48136747408936 ], [ -73.881460893239634, 45.484028209438712 ], [ -73.881358044255506, 45.489224037801058 ], [ -73.874908915218995, 45.491759108172843 ], [ -73.868563265414878, 45.489098006985309 ], [ -73.868667290154733, 45.483902201328675 ], [ -73.875115788952428, 45.48136747408936 ] ] ] } },
{ "type": "Feature", "properties": { "hex_id": 753615, "centroid_lon": -71.484242922480874, "centroid_lat": 48.750454920614587, "occurrences_today": 1, "datetimes_today": "2026-06-07 00:01:38", "cumulative_total": 21.0 }, "geometry": { "type": "Polygon", "coordinates": [ [ [ -71.484604999079721, 48.745270857101488 ], [ -71.491212898588913, 48.748070054116972 ], [ -71.490851466176323, 48.753254151846591 ], [ -71.48388074264291, 48.755638977429804 ], [ -71.477272302205421, 48.752839348513454 ], [ -71.477635126191956, 48.747655325986692 ], [ -71.484604999079721, 48.745270857101488 ] ] ] } },
{ "type": "Feature", "properties": { "hex_id": 754225, "centroid_lon": -71.477997846760985, "centroid_lat": 48.742471296754708, "occurrences_today": 1, "datetimes_today": "2026-06-07 00:01:38", "cumulative_total": 21.0 }, "geometry": { "type": "Polygon", "coordinates": [ [ [ -71.478360463950253, 48.737287260818142 ], [ -71.484966972477125, 48.740086786891169 ], [ -71.484604999079721, 48.745270857101488 ], [ -71.477635126191956, 48.747655325986692 ], [ -71.471028077271868, 48.744855368076607 ], [ -71.471391441595003, 48.739671373190284 ], [ -71.478360463950253, 48.737287260818142 ] ] ] } },
{ "type": "Feature", "properties": { "hex_id": 547673, "centroid_lon": -73.846557310910597, "centroid_lat": 45.626592408853739, "occurrences_today": 1, "datetimes_today": "2026-06-07 00:01:38", "cumulative_total": 39.0 }, "geometry": { "type": "Polygon", "coordinates": [ [ [ -73.846663868026639, 45.621396768643017 ], [ -73.853023248307935, 45.62405916029779 ], [ -73.85291726882383, 45.629254809674237 ], [ -73.846450724649031, 45.63178804412405 ], [ -73.840090795886212, 45.629125284589477 ], [ -73.84019795976991, 45.623929658549713 ], [ -73.846663868026639, 45.621396768643017 ] ] ] } },
{ "type": "Feature", "properties": { "hex_id": 583075, "centroid_lon": -73.477598024737674, "centroid_lat": 45.513138240357442, "occurrences_today": 1, "datetimes_today": "2026-06-07 00:01:38", "cumulative_total": 220.0 }, "geometry": { "type": "Polygon", "coordinates": [ [ [ -73.477738104957879, 45.507943279090661 ], [ -73.484066868011325, 45.510625876078329 ], [ -73.483927356991344, 45.515820850138937 ], [ -73.477457906261051, 45.518333196541967 ], [ -73.471128612270221, 45.51565022965589 ], [ -73.471269299934207, 45.510455286329687 ], [ -73.477738104957879, 45.507943279090661 ] ] ] } },
{ "type": "Feature", "properties": { "hex_id": 546452, "centroid_lon": -73.859383235204817, "centroid_lat": 45.626721202432918, "occurrences_today": 1, "datetimes_today": "2026-06-07 00:01:38", "cumulative_total": 267.0 }, "geometry": { "type": "Polygon", "coordinates": [ [ [ -73.85948860806846, 45.621525539017298 ], [ -73.865848623782256, 45.624187222495728 ], [ -73.865743828727034, 45.629382894949558 ], [ -73.8592778335194, 45.631916860912398 ], [ -73.85291726882383, 45.629254809674237 ], [ -73.853023248307935, 45.62405916029779 ], [ -73.85948860806846, 45.621525539017298 ] ] ] } },
{ "type": "Feature", "properties": { "hex_id": 547062, "centroid_lon": -73.853129198813264, "centroid_lat": 45.6188635059831, "occurrences_today": 1, "datetimes_today": "2026-06-07 00:01:38", "cumulative_total": 305.0 }, "geometry": { "type": "Polygon", "coordinates": [ [ [ -73.853235120349567, 45.613667846730195 ], [ -73.859593952120008, 45.616329870665574 ], [ -73.85948860806846, 45.621525539017298 ], [ -73.853023248307935, 45.62405916029779 ], [ -73.846663868026639, 45.621396768643017 ], [ -73.846770396006974, 45.61620112349194 ], [ -73.853235120349567, 45.613667846730195 ] ] ] } },
{ "type": "Feature", "properties": { "hex_id": 664326, "centroid_lon": -72.590327602104779, "centroid_lat": 46.347499419528759, "occurrences_today": 1, "datetimes_today": "2026-06-07 00:01:38", "cumulative_total": 34.0 }, "geometry": { "type": "Polygon", "coordinates": [ [ [ -72.590555826931777, 46.342307984332571 ], [ -72.596933735832621, 46.345040396531566 ], [ -72.596706093074062, 46.350231853560402 ], [ -72.590099314329109, 46.35269084912121 ], [ -72.583720886319313, 46.349958048163664 ], [ -72.583949756141848, 46.344766640470056 ], [ -72.590555826931777, 46.342307984332571 ] ] ] } },
{ "type": "Feature", "properties": { "hex_id": 685119, "centroid_lon": -72.34230854103879, "centroid_lat": 46.90317859369857, "occurrences_today": 1, "datetimes_today": "2026-06-07 00:01:38", "cumulative_total": 58.0 }, "geometry": { "type": "Polygon", "coordinates": [ [ [ -72.342565169566157, 46.897988660317026 ], [ -72.348994387794036, 46.900735771673986 ], [ -72.348738355129996, 46.905925729594742 ], [ -72.342051841219345, 46.908368521275392 ], [ -72.335622098432651, 46.905621011530407 ], [ -72.335879394090625, 46.900431108560227 ], [ -72.342565169566157, 46.897988660317026 ] ] ] } },
{ "type": "Feature", "properties": { "hex_id": 586736, "centroid_lon": -73.440065145482322, "centroid_lat": 45.481450691037267, "occurrences_today": 1, "datetimes_today": "2026-06-07 00:01:38", "cumulative_total": 296.0 }, "geometry": { "type": "Polygon", "coordinates": [ [ [ -73.440208519938608, 45.476255792532804 ], [ -73.446531935811123, 45.478940413669676 ], [ -73.446389129092836, 45.484135325329618 ], [ -73.439921731885576, 45.486645584443075 ], [ -73.433597787422102, 45.483960593462719 ], [ -73.433741768743701, 45.478765713276808 ], [ -73.440208519938608, 45.476255792532804 ] ] ] } },
{ "type": "Feature", "properties": { "hex_id": 516555, "centroid_lon": -74.169605114859721, "centroid_lat": 45.902217979670048, "occurrences_today": 1, "datetimes_today": "2026-06-07 00:01:38", "cumulative_total": 211.0 }, "geometry": { "type": "Polygon", "coordinates": [ [ [ -74.169682571357541, 45.897022083216527 ], [ -74.176088782446044, 45.89966668435067 ], [ -74.176011916425651, 45.904862586790131 ], [ -74.169527637101893, 45.907413871276404 ], [ -74.163120856799594, 45.904768901855661 ], [ -74.163198925027629, 45.899573016300742 ], [ -74.169682571357541, 45.897022083216527 ] ] ] } },
{ "type": "Feature", "properties": { "hex_id": 580631, "centroid_lon": -73.504020365075377, "centroid_lat": 45.482306374454943, "occurrences_today": 1, "datetimes_today": "2026-06-07 00:01:38", "cumulative_total": 144.0 }, "geometry": { "type": "Polygon", "coordinates": [ [ [ -73.504157866830411, 45.47711132181616 ], [ -73.510484505752018, 45.479792440800118 ], [ -73.510347572631972, 45.484987505964042 ], [ -73.503882825781588, 45.487501422023172 ], [ -73.497555655770043, 45.484819933776706 ], [ -73.497693763686229, 45.479624898798058 ], [ -73.504157866830411, 45.47711132181616 ] ] ] } },
{ "type": "Feature", "properties": { "hex_id": 675857, "centroid_lon": -72.514919375459698, "centroid_lat": 45.277971663349497, "occurrences_today": 1, "datetimes_today": "2026-06-07 00:01:38", "cumulative_total": 67.0 }, "geometry": { "type": "Polygon", "coordinates": [ [ [ -72.515146123786678, 45.272779545154322 ], [ -72.521401330890257, 45.275514074200188 ], [ -72.52117513145356, 45.280706214510936 ], [ -72.514692565416595, 45.28316377591382 ], [ -72.508436871149144, 45.280428871319138 ], [ -72.508664230061981, 45.275236780934065 ], [ -72.515146123786678, 45.272779545154322 ] ] ] } },
{ "type": "Feature", "properties": { "hex_id": 676467, "centroid_lon": -72.508891527111615, "centroid_lat": 45.270044684913785, "occurrences_today": 1, "datetimes_today": "2026-06-07 00:01:38", "cumulative_total": 66.0 }, "geometry": { "type": "Polygon", "coordinates": [ [ [ -72.509118762318664, 45.264852583258588 ], [ -72.5153728104181, 45.267587421328621 ], [ -72.515146123786678, 45.272779545154322 ], [ -72.508664230061981, 45.275236780934065 ], [ -72.502409695239805, 45.27250156736374 ], [ -72.502637540844489, 45.267309493577649 ], [ -72.509118762318664, 45.264852583258588 ] ] ] } },
{ "type": "Feature", "properties": { "hex_id": 677078, "centroid_lon": -72.50218178762492, "centroid_lat": 45.277693635510275, "occurrences_today": 1, "datetimes_today": "2026-06-07 00:01:38", "cumulative_total": 62.0 }, "geometry": { "type": "Polygon", "coordinates": [ [ [ -72.502409695239805, 45.27250156736374 ], [ -72.508664230061981, 45.275236780934065 ], [ -72.508436871149144, 45.280428871319138 ], [ -72.501953817979185, 45.282885698016919 ], [ -72.495698796496157, 45.280150108790728 ], [ -72.495927314823277, 45.274958068586322 ], [ -72.502409695239805, 45.27250156736374 ] ] ] } },
{ "type": "Feature", "properties": { "hex_id": 371228, "centroid_lon": -75.698291194822218, "centroid_lat": 45.466583202377691, "occurrences_today": 1, "datetimes_today": "2026-06-07 00:01:38", "cumulative_total": 164.0 }, "geometry": { "type": "Polygon", "coordinates": [ [ [ -75.698227041443431, 45.461386747903816 ], [ -75.704654409867246, 45.46394570121133 ], [ -75.704719159540474, 45.469142146198045 ], [ -75.698355365716623, 45.471779652032751 ], [ -75.691927383479822, 45.469220351323457 ], [ -75.691863808885742, 45.464023892245734 ], [ -75.698227041443431, 45.461386747903816 ] ] ] } },
{ "type": "Feature", "properties": { "hex_id": 790727, "centroid_lon": -71.21800983565123, "centroid_lat": 46.739016091254001, "occurrences_today": 1, "datetimes_today": "2026-06-07 00:01:38", "cumulative_total": 14.0 }, "geometry": { "type": "Polygon", "coordinates": [ [ [ -71.218372807119991, 46.733831742721563 ], [ -71.224721718359007, 46.736639850279374 ], [ -71.224359319869279, 46.741824234259077 ], [ -71.217646763681643, 46.744200432899746 ], [ -71.211297379981787, 46.741391919659819 ], [ -71.211661024895662, 46.736207613527846 ], [ -71.218372807119991, 46.733831742721563 ] ] ] } },
{ "type": "Feature", "properties": { "hex_id": 584347, "centroid_lon": -73.442725303557282, "centroid_lat": 46.307731270856813, "occurrences_today": 1, "datetimes_today": "2026-06-07 00:01:38", "cumulative_total": 83.0 }, "geometry": { "type": "Polygon", "coordinates": [ [ [ -73.442872616809979, 46.30253712004076 ], [ -73.449289615751795, 46.305222427842324 ], [ -73.449142895692361, 46.310416592015187 ], [ -73.442577949672724, 46.312925416570323 ], [ -73.436160398176455, 46.310239728310449 ], [ -73.436308345240334, 46.305045596020094 ], [ -73.442872616809979, 46.30253712004076 ] ] ] } },
{ "type": "Feature", "properties": { "hex_id": 584958, "centroid_lon": -73.436012410304713, "centroid_lat": 46.315433855495215, "occurrences_today": 1, "datetimes_today": "2026-06-07 00:01:38", "cumulative_total": 83.0 }, "geometry": { "type": "Polygon", "coordinates": [ [ [ -73.436160398176455, 46.310239728310449 ], [ -73.442577949672724, 46.312925416570323 ], [ -73.442430555142394, 46.318119557181191 ], [ -73.435864381611125, 46.320627977574297 ], [ -73.429446277602281, 46.317941908692553 ], [ -73.429594899623297, 46.312747800105917 ], [ -73.436160398176455, 46.310239728310449 ] ] ] } },
{ "type": "Feature", "properties": { "hex_id": 585568, "centroid_lon": -73.429743480660392, "centroid_lat": 46.307553686410657, "occurrences_today": 1, "datetimes_today": "2026-06-07 00:01:38", "cumulative_total": 83.0 }, "geometry": { "type": "Polygon", "coordinates": [ [ [ -73.429892020727593, 46.302359567606821 ], [ -73.436308345240334, 46.305045596020094 ], [ -73.436160398176455, 46.310239728310449 ], [ -73.429594899623297, 46.312747800105917 ], [ -73.42317802308412, 46.310061391115127 ], [ -73.423327197110495, 46.304867290972702 ], [ -73.429892020727593, 46.302359567606821 ] ] ] } },
{ "type": "Feature", "properties": { "hex_id": 586179, "centroid_lon": -73.42302880791182, "centroid_lat": 46.315255486145929, "occurrences_today": 1, "datetimes_today": "2026-06-07 00:01:38", "cumulative_total": 109.0 }, "geometry": { "type": "Polygon", "coordinates": [ [ [ -73.42317802308412, 46.310061391115127 ], [ -73.429594899623297, 46.312747800105917 ], [ -73.429446277602281, 46.317941908692553 ], [ -73.422879551579456, 46.320449576065002 ], [ -73.416462123056093, 46.317762786333141 ], [ -73.416611972525629, 46.312568710036231 ], [ -73.42317802308412, 46.310061391115127 ] ] ] } },
{ "type": "Feature", "properties": { "hex_id": 707703, "centroid_lon": -72.103480328675303, "centroid_lat": 46.827234754349178, "occurrences_today": 1, "datetimes_today": "2026-06-07 00:01:38", "cumulative_total": 74.0 }, "geometry": { "type": "Polygon", "coordinates": [ [ [ -72.103759259175121, 46.82204580258076 ], [ -72.110166763303525, 46.824805897788629 ], [ -72.109888422547982, 46.829994876416862 ], [ -72.103201320782944, 46.832423700115093 ], [ -72.096793304316265, 46.829663205459831 ], [ -72.09707290192604, 46.82447428662087 ], [ -72.103759259175121, 46.82204580258076 ] ] ] } },
{ "type": "Feature", "properties": { "hex_id": 708313, "centroid_lon": -72.09735242198299, "centroid_lat": 46.819285361773915, "occurrences_today": 1, "datetimes_today": "2026-06-07 00:01:38", "cumulative_total": 54.0 }, "geometry": { "type": "Polygon", "coordinates": [ [ [ -72.097631864514, 46.814096430919342 ], [ -72.104038112309183, 46.816856844810239 ], [ -72.103759259175121, 46.82204580258076 ], [ -72.09707290192604, 46.82447428662087 ], [ -72.090666142273307, 46.821713473337091 ], [ -72.090946251700288, 46.81652457547321 ], [ -72.097631864514, 46.814096430919342 ] ] ] } },
{ "type": "Feature", "properties": { "hex_id": 708314, "centroid_lon": -72.096513629126747, "centroid_lat": 46.834852118290328, "occurrences_today": 1, "datetimes_today": "2026-06-07 00:01:38", "cumulative_total": 54.0 }, "geometry": { "type": "Polygon", "coordinates": [ [ [ -72.096793304316265, 46.829663205459831 ], [ -72.103201320782944, 46.832423700115093 ], [ -72.102922235471127, 46.837612639878074 ], [ -72.096233876330544, 46.840041025112001 ], [ -72.089825347606308, 46.837280130845876 ], [ -72.090105690253296, 46.832091251023854 ], [ -72.096793304316265, 46.829663205459831 ] ] ] } },
{ "type": "Feature", "properties": { "hex_id": 708923, "centroid_lon": -72.091226283441202, "centroid_lat": 46.811335671596233, "occurrences_today": 1, "datetimes_today": "2026-06-07 00:01:38", "cumulative_total": 70.0 }, "geometry": { "type": "Polygon", "coordinates": [ [ [ -72.091506237523006, 46.806146761706557 ], [ -72.097911229545971, 46.808907494057593 ], [ -72.097631864514, 46.814096430919342 ], [ -72.090946251700288, 46.81652457547321 ], [ -72.084540748300086, 46.813763443783792 ], [ -72.084821369063889, 46.808574566945957 ], [ -72.091506237523006, 46.806146761706557 ] ] ] } },
{ "type": "Feature", "properties": { "hex_id": 708924, "centroid_lon": -72.0903859551333, "centroid_lat": 46.826902365187451, "occurrences_today": 1, "datetimes_today": "2026-06-07 00:01:38", "cumulative_total": 54.0 }, "geometry": { "type": "Polygon", "coordinates": [ [ [ -72.090666142273307, 46.821713473337091 ], [ -72.09707290192604, 46.82447428662087 ], [ -72.096793304316265, 46.829663205459831 ], [ -72.090105690253296, 46.832091251023854 ], [ -72.083698418823801, 46.829330038183777 ], [ -72.083979273207049, 46.824141179403114 ], [ -72.090666142273307, 46.821713473337091 ] ] ] } },
{ "type": "Feature", "properties": { "hex_id": 709534, "centroid_lon": -72.084260049690144, "centroid_lat": 46.818952314602988, "occurrences_today": 1, "datetimes_today": "2026-06-07 00:01:38", "cumulative_total": 54.0 }, "geometry": { "type": "Polygon", "coordinates": [ [ [ -72.084540748300086, 46.813763443783792 ], [ -72.090946251700288, 46.81652457547321 ], [ -72.090666142273307, 46.821713473337091 ], [ -72.083979273207049, 46.824141179403114 ], [ -72.077573258510554, 46.821379648211988 ], [ -72.07785462414958, 46.816190810523665 ], [ -72.084540748300086, 46.813763443783792 ] ] ] } },
{ "type": "Feature", "properties": { "hex_id": 710755, "centroid_lon": -72.071167911016744, "centroid_lat": 46.818617771719218, "occurrences_today": 1, "datetimes_today": "2026-06-07 00:01:38", "cumulative_total": 54.0 }, "geometry": { "type": "Polygon", "coordinates": [ [ [ -72.071449865624572, 46.813428961204266 ], [ -72.07785462414958, 46.816190810523665 ], [ -72.077573258510554, 46.821379648211988 ], [ -72.070885878188577, 46.823806576203594 ], [ -72.064480608928648, 46.821044327273817 ], [ -72.064763230698475, 46.815855550029937 ], [ -72.071449865624572, 46.813428961204266 ] ] ] } },
{ "type": "Feature", "properties": { "hex_id": 319950, "centroid_lon": -76.23682707397613, "centroid_lat": 45.524383105009797, "occurrences_today": 1, "datetimes_today": "2026-06-07 00:01:38", "cumulative_total": 121.0 }, "geometry": { "type": "Polygon", "coordinates": [ [ [ -76.23671322111592, 45.519187529429303 ], [ -76.243170960043116, 45.521715827464647 ], [ -76.243285417401651, 45.52691138803938 ], [ -76.236940957937918, 45.52957867562143 ], [ -76.230482583405603, 45.527050035191131 ], [ -76.230369303952585, 45.521854449638312 ], [ -76.23671322111592, 45.519187529429303 ] ] ] } },
{ "type": "Feature", "properties": { "hex_id": 320560, "centroid_lon": -76.230256055435177, "centroid_lat": 45.516658859118913, "occurrences_today": 1, "datetimes_today": "2026-06-07 00:01:38", "cumulative_total": 121.0 }, "geometry": { "type": "Polygon", "coordinates": [ [ [ -76.230142837843033, 45.511463263633004 ], [ -76.236599399346858, 45.51399194887999 ], [ -76.23671322111592, 45.519187529429303 ], [ -76.230369303952585, 45.521854449638312 ], [ -76.223912107341405, 45.51932542202006 ], [ -76.223799463011304, 45.514129816628632 ], [ -76.230142837843033, 45.511463263633004 ] ] ] } },
{ "type": "Feature", "properties": { "hex_id": 676468, "centroid_lon": -72.50820945035251, "centroid_lat": 45.285620956068726, "occurrences_today": 1, "datetimes_today": "2026-06-07 00:01:38", "cumulative_total": 65.0 }, "geometry": { "type": "Polygon", "coordinates": [ [ [ -72.508436871149144, 45.280428871319138 ], [ -72.514692565416595, 45.28316377591382 ], [ -72.514465693636765, 45.288355882847007 ], [ -72.507981967651432, 45.29081303518246 ], [ -72.501725786281909, 45.288077754883361 ], [ -72.501953817979185, 45.282885698016919 ], [ -72.508436871149144, 45.280428871319138 ] ] ] } },
{ "type": "Feature", "properties": { "hex_id": 676469, "centroid_lon": -72.507526816453435, "centroid_lat": 45.30119717650124, "occurrences_today": 1, "datetimes_today": "2026-06-07 00:01:38", "cumulative_total": 65.0 }, "geometry": { "type": "Polygon", "coordinates": [ [ [ -72.50775442302529, 45.296005108660076 ], [ -72.514011764784726, 45.298740079818678 ], [ -72.513784707671306, 45.303932169856566 ], [ -72.507299147915219, 45.306389238705677 ], [ -72.501041318674041, 45.303653891638376 ], [ -72.501269536650028, 45.298461851694391 ], [ -72.50775442302529, 45.296005108660076 ] ] ] } },
{ "type": "Feature", "properties": { "hex_id": 677080, "centroid_lon": -72.50081303856372, "centroid_lat": 45.308845925940908, "occurrences_today": 1, "datetimes_today": "2026-06-07 00:01:38", "cumulative_total": 65.0 }, "geometry": { "type": "Polygon", "coordinates": [ [ [ -72.501041318674041, 45.303653891638376 ], [ -72.507299147915219, 45.306389238705677 ], [ -72.50707141738998, 45.311581295273015 ], [ -72.500584696298361, 45.314037954601687 ], [ -72.494326379637513, 45.311302231470002 ], [ -72.49455527146722, 45.306110225137786 ], [ -72.501041318674041, 45.303653891638376 ] ] ] } },
{ "type": "Feature", "properties": { "hex_id": 678301, "centroid_lon": -72.488068674853707, "centroid_lat": 45.308566176907149, "occurrences_today": 1, "datetimes_today": "2026-06-07 00:01:38", "cumulative_total": 76.0 }, "geometry": { "type": "Polygon", "coordinates": [ [ [ -72.48829811607969, 45.303374192962835 ], [ -72.49455527146722, 45.306110225137786 ], [ -72.494326379637513, 45.311302231470002 ], [ -72.487839171157347, 45.313758155200603 ], [ -72.481581528854306, 45.311021746854195 ], [ -72.481811581926138, 45.305829791012385 ], [ -72.48829811607969, 45.303374192962835 ] ] ] } },
{ "type": "Feature", "properties": { "hex_id": 545841, "centroid_lon": -73.865953390182426, "centroid_lat": 45.618991545107889, "occurrences_today": 1, "datetimes_today": "2026-06-07 00:01:38", "cumulative_total": 180.0 }, "geometry": { "type": "Polygon", "coordinates": [ [ [ -73.866058127937151, 45.613795862786063 ], [ -73.872417594640169, 45.616457178665179 ], [ -73.872313434546484, 45.621652869958332 ], [ -73.865848623782256, 45.624187222495728 ], [ -73.85948860806846, 45.621525539017298 ], [ -73.859593952120008, 45.616329870665574 ], [ -73.866058127937151, 45.613795862786063 ] ] ] } },
{ "type": "Feature", "properties": { "hex_id": 677687, "centroid_lon": -72.496840766560226, "centroid_lat": 45.254189851329073, "occurrences_today": 1, "datetimes_today": "2026-06-07 00:01:38", "cumulative_total": 66.0 }, "geometry": { "type": "Polygon", "coordinates": [ [ [ -72.49706897420505, 45.248997782906422 ], [ -72.503320705803787, 45.251733238384972 ], [ -72.503093046105846, 45.256925329087942 ], [ -72.496612496820305, 45.259381914108694 ], [ -72.490360279380127, 45.25664608322694 ], [ -72.490589097046211, 45.251454042791245 ], [ -72.49706897420505, 45.248997782906422 ] ] ] } },
{ "type": "Feature", "properties": { "hex_id": 678908, "centroid_lon": -72.48410867211831, "centroid_lat": 45.253909921606038, "occurrences_today": 1, "datetimes_today": "2026-06-07 00:01:38", "cumulative_total": 66.0 }, "geometry": { "type": "Polygon", "coordinates": [ [ [ -72.484338037543139, 45.248717903573521 ], [ -72.490589097046211, 45.251454042791245 ], [ -72.490360279380127, 45.25664608322694 ], [ -72.483879244284182, 45.259101933986429 ], [ -72.477627699442053, 45.256365419258664 ], [ -72.477857675014121, 45.25117342934503 ], [ -72.484338037543139, 45.248717903573521 ] ] ] } },
{ "type": "Feature", "properties": { "hex_id": 546451, "centroid_lon": -73.85969926736918, "centroid_lat": 45.611134197377773, "occurrences_today": 1, "datetimes_today": "2026-06-07 00:01:38", "cumulative_total": 207.0 }, "geometry": { "type": "Polygon", "coordinates": [ [ [ -73.859804553825654, 45.605938519153966 ], [ -73.866162837056066, 45.608600175530285 ], [ -73.866058127937151, 45.613795862786063 ], [ -73.859593952120008, 45.616329870665574 ], [ -73.853235120349567, 45.613667846730195 ], [ -73.853341012926606, 45.608472182539124 ], [ -73.859804553825654, 45.605938519153966 ] ] ] } },
{ "type": "Feature", "properties": { "hex_id": 547672, "centroid_lon": -73.846876894861396, "centroid_lat": 45.611005473400553, "occurrences_today": 1, "datetimes_today": "2026-06-07 00:01:38", "cumulative_total": 319.0 }, "geometry": { "type": "Polygon", "coordinates": [ [ [ -73.846983364599737, 45.60580981836889 ], [ -73.853341012926606, 45.608472182539124 ], [ -73.853235120349567, 45.613667846730195 ], [ -73.846770396006974, 45.61620112349194 ], [ -73.8404121996398, 45.613538391642656 ], [ -73.840519275645732, 45.608342750775442 ], [ -73.846983364599737, 45.60580981836889 ] ] ] } },
{ "type": "Feature", "properties": { "hex_id": 679624, "centroid_lon": -72.401707395504786, "centroid_lat": 46.896749233115713, "occurrences_today": 1, "datetimes_today": "2026-06-07 00:01:38", "cumulative_total": 51.0 }, "geometry": { "type": "Polygon", "coordinates": [ [ [ -72.401958236067443, 46.891559046578706 ], [ -72.40838987613283, 46.894302866824738 ], [ -72.408139632141683, 46.899493077309089 ], [ -72.401456485260638, 46.901939413895313 ], [ -72.395024318317297, 46.899195195872963 ], [ -72.395275825108726, 46.894005039108151 ], [ -72.401958236067443, 46.891559046578706 ] ] ] } },
{ "type": "Feature", "properties": { "hex_id": 679625, "centroid_lon": -72.400954455631052, "centroid_lat": 46.912319758180992, "occurrences_today": 1, "datetimes_today": "2026-06-07 00:01:38", "cumulative_total": 51.0 }, "geometry": { "type": "Polygon", "coordinates": [ [ [ -72.401205505310827, 46.907129588917172 ], [ -72.407638935579214, 46.909873481020149 ], [ -72.40738848295949, 46.915063674246234 ], [ -72.400703336197083, 46.917509921686431 ], [ -72.394269378634988, 46.914765631589795 ], [ -72.39452109510475, 46.909575492114108 ], [ -72.401205505310827, 46.907129588917172 ] ] ] } },
{ "type": "Feature", "properties": { "hex_id": 680233, "centroid_lon": -72.396281154075439, "centroid_lat": 46.873244354428181, "occurrences_today": 1, "datetimes_today": "2026-06-07 00:01:38", "cumulative_total": 51.0 }, "geometry": { "type": "Polygon", "coordinates": [ [ [ -72.396532311888691, 46.868054168854613 ], [ -72.402960901987996, 46.87079824286301 ], [ -72.402710339908964, 46.875988452426448 ], [ -72.396029926515055, 46.878434534240633 ], [ -72.389600810440754, 46.875690062725745 ], [ -72.389852633711115, 46.870499906970544 ], [ -72.396532311888691, 46.868054168854613 ] ] ] } },
{ "type": "Feature", "properties": { "hex_id": 680234, "centroid_lon": -72.395527262055964, "centroid_lat": 46.888814876580945, "occurrences_today": 1, "datetimes_today": "2026-06-07 00:01:38", "cumulative_total": 51.0 }, "geometry": { "type": "Polygon", "coordinates": [ [ [ -72.395778629183312, 46.88362470829167 ], [ -72.402209006972896, 46.886368854284619 ], [ -72.401958236067443, 46.891559046578706 ], [ -72.395275825108726, 46.894005039108151 ], [ -72.388844920929259, 46.891260495391521 ], [ -72.389096954074148, 46.886070356936557 ], [ -72.395778629183312, 46.88362470829167 ] ] ] } },
{ "type": "Feature", "properties": { "hex_id": 680235, "centroid_lon": -72.39477274165742, "centroid_lat": 46.90438534687506, "occurrences_today": 1, "datetimes_today": "2026-06-07 00:01:38", "cumulative_total": 51.0 }, "geometry": { "type": "Polygon", "coordinates": [ [ [ -72.395024318317297, 46.899195195872963 ], [ -72.401456485260638, 46.901939413895313 ], [ -72.401205505310827, 46.907129588917172 ], [ -72.39452109510475, 46.909575492114108 ], [ -72.388088401356271, 46.906830876150778 ], [ -72.388340644594692, 46.901640754998965 ], [ -72.395024318317297, 46.899195195872963 ] ] ] } },
{ "type": "Feature", "properties": { "hex_id": 680236, "centroid_lon": -72.39401759222379, "centroid_lat": 46.9199557653018, "occurrences_today": 1, "datetimes_today": "2026-06-07 00:01:38", "cumulative_total": 55.0 }, "geometry": { "type": "Polygon", "coordinates": [ [ [ -72.394269378634988, 46.914765631589795 ], [ -72.400703336197083, 46.917509921686431 ], [ -72.400452146984605, 46.922700079433177 ], [ -72.393765735846841, 46.925145893249784 ], [ -72.387331251063969, 46.922401204994721 ], [ -72.387583704615295, 46.917211101148993 ], [ -72.394269378634988, 46.914765631589795 ] ] ] } },
{ "type": "Feature", "properties": { "hex_id": 680844, "centroid_lon": -72.389348917236532, "centroid_lat": 46.880880212714516, "occurrences_today": 1, "datetimes_today": "2026-06-07 00:01:38", "cumulative_total": 51.0 }, "geometry": { "type": "Polygon", "coordinates": [ [ [ -72.389600810440754, 46.875690062725745 ], [ -72.396029926515055, 46.878434534240633 ], [ -72.395778629183312, 46.88362470829167 ], [ -72.389096954074148, 46.886070356936557 ], [ -72.382667312097681, 46.88332548775066 ], [ -72.382919871108228, 46.87813536765826 ], [ -72.389600810440754, 46.875690062725745 ] ] ] } },
{ "type": "Feature", "properties": { "hex_id": 680845, "centroid_lon": -72.388592817777564, "centroid_lat": 46.896450628079108, "occurrences_today": 1, "datetimes_today": "2026-06-07 00:01:38", "cumulative_total": 51.0 }, "geometry": { "type": "Polygon", "coordinates": [ [ [ -72.388844920929259, 46.891260495391521 ], [ -72.395275825108726, 46.894005039108151 ], [ -72.395024318317297, 46.899195195872963 ], [ -72.388340644594692, 46.901640754998965 ], [ -72.3819092140983, 46.898895813394056 ], [ -72.38216198361711, 46.89370571061886 ], [ -72.388844920929259, 46.891260495391521 ] ] ] } },
{ "type": "Feature", "properties": { "hex_id": 680846, "centroid_lon": -72.387836088037929, "centroid_lat": 46.912020991534234, "occurrences_today": 1, "datetimes_today": "2026-06-07 00:01:38", "cumulative_total": 51.0 }, "geometry": { "type": "Polygon", "coordinates": [ [ [ -72.388088401356271, 46.906830876150778 ], [ -72.39452109510475, 46.909575492114108 ], [ -72.394269378634988, 46.914765631589795 ], [ -72.387583704615295, 46.917211101148993 ], [ -72.381150484134736, 46.914466087079965 ], [ -72.381403464381563, 46.909276001624931 ], [ -72.388088401356271, 46.906830876150778 ] ] ] } },
{ "type": "Feature", "properties": { "hex_id": 681454, "centroid_lon": -72.383172359998142, "centroid_lat": 46.872945241794127, "occurrences_today": 1, "datetimes_today": "2026-06-07 00:01:38", "cumulative_total": 51.0 }, "geometry": { "type": "Polygon", "coordinates": [ [ [ -72.383424778791777, 46.867755110158569 ], [ -72.389852633711115, 46.870499906970544 ], [ -72.389600810440754, 46.875690062725745 ], [ -72.382919871108228, 46.87813536765826 ], [ -72.376491490774072, 46.875390173227949 ], [ -72.376744575162888, 46.870200071550848 ], [ -72.383424778791777, 46.867755110158569 ] ] ] } },
{ "type": "Feature", "properties": { "hex_id": 681455, "centroid_lon": -72.382414682942098, "centroid_lat": 46.888515602070953, "occurrences_today": 1, "datetimes_today": "2026-06-07 00:01:38", "cumulative_total": 52.0 }, "geometry": { "type": "Polygon", "coordinates": [ [ [ -72.382667312097681, 46.88332548775066 ], [ -72.389096954074148, 46.886070356936557 ], [ -72.388844920929259, 46.891260495391521 ], [ -72.38216198361711, 46.89370571061886 ], [ -72.375731815811562, 46.890960443597379 ], [ -72.375985111122844, 46.885770359251552 ], [ -72.382667312097681, 46.88332548775066 ] ] ] } },
{ "type": "Feature", "properties": { "hex_id": 681456, "centroid_lon": -72.381656374361256, "centroid_lat": 46.904085910396184, "occurrences_today": 1, "datetimes_today": "2026-06-07 00:01:38", "cumulative_total": 51.0 }, "geometry": { "type": "Polygon", "coordinates": [ [ [ -72.3819092140983, 46.898895813394056 ], [ -72.388340644594692, 46.901640754998965 ], [ -72.388088401356271, 46.906830876150778 ], [ -72.381403464381563, 46.909276001624931 ], [ -72.374971507641433, 46.906530661967082 ], [ -72.375225014095335, 46.901340594955478 ], [ -72.3819092140983, 46.898895813394056 ] ] ] } },
{ "type": "Feature", "properties": { "hex_id": 681457, "centroid_lon": -72.380897433596374, "centroid_lat": 46.919656166760966, "occurrences_today": 1, "datetimes_today": "2026-06-07 00:01:38", "cumulative_total": 55.0 }, "geometry": { "type": "Polygon", "coordinates": [ [ [ -72.381150484134736, 46.914466087079965 ], [ -72.387583704615295, 46.917211101148993 ], [ -72.387331251063969, 46.922401204994721 ], [ -72.380644312741993, 46.924846240667605 ], [ -72.374210565602638, 46.922100828328155 ], [ -72.374464283419599, 46.916910778653751 ], [ -72.381150484134736, 46.914466087079965 ] ] ] } },
{ "type": "Feature", "properties": { "hex_id": 682065, "centroid_lon": -72.376238336102205, "centroid_lat": 46.880580269128281, "occurrences_today": 1, "datetimes_today": "2026-06-07 00:01:38", "cumulative_total": 52.0 }, "geometry": { "type": "Polygon", "coordinates": [ [ [ -72.376491490774072, 46.875390173227949 ], [ -72.382919871108228, 46.87813536765826 ], [ -72.382667312097681, 46.88332548775066 ], [ -72.375985111122844, 46.885770359251552 ], [ -72.369556205447097, 46.883024767038414 ], [ -72.369810026063305, 46.877834701174585 ], [ -72.376491490774072, 46.875390173227949 ] ] ] } },
{ "type": "Feature", "properties": { "hex_id": 682066, "centroid_lon": -72.375478450143873, "centroid_lat": 46.896150522165463, "occurrences_today": 1, "datetimes_today": "2026-06-07 00:01:38", "cumulative_total": 51.0 }, "geometry": { "type": "Polygon", "coordinates": [ [ [ -72.375731815811562, 46.890960443597379 ], [ -72.38216198361711, 46.89370571061886 ], [ -72.3819092140983, 46.898895813394056 ], [ -72.375225014095335, 46.901340594955478 ], [ -72.368794320534008, 46.898594929933843 ], [ -72.369048352706955, 46.893404881418356 ], [ -72.375731815811562, 46.890960443597379 ] ] ] } },
{ "type": "Feature", "properties": { "hex_id": 682067, "centroid_lon": -72.374717930757683, "centroid_lat": 46.911720723199949, "occurrences_today": 1, "datetimes_today": "2026-06-07 00:01:38", "cumulative_total": 55.0 }, "geometry": { "type": "Polygon", "coordinates": [ [ [ -72.374971507641433, 46.906530661967082 ], [ -72.381403464381563, 46.909276001624931 ], [ -72.381150484134736, 46.914466087079965 ], [ -72.374464283419599, 46.916910778653751 ], [ -72.368031800509158, 46.914165040778286 ], [ -72.368286044459651, 46.908975009614124 ], [ -72.374971507641433, 46.906530661967082 ] ] ] } },
{ "type": "Feature", "properties": { "hex_id": 682676, "centroid_lon": -72.36930231433648, "centroid_lat": 46.888214827119761, "occurrences_today": 1, "datetimes_today": "2026-06-07 00:01:38", "cumulative_total": 101.0 }, "geometry": { "type": "Polygon", "coordinates": [ [ [ -72.369556205447097, 46.883024767038414 ], [ -72.375985111122844, 46.885770359251552 ], [ -72.375731815811562, 46.890960443597379 ], [ -72.369048352706955, 46.893404881418356 ], [ -72.36261892176303, 46.890658891257878 ], [ -72.362873479167362, 46.88546886129118 ], [ -72.369556205447097, 46.883024767038414 ] ] ] } },
{ "type": "Feature", "properties": { "hex_id": 682677, "centroid_lon": -72.368540217793097, "centroid_lat": 46.903784972665868, "occurrences_today": 1, "datetimes_today": "2026-06-07 00:01:38", "cumulative_total": 51.0 }, "geometry": { "type": "Polygon", "coordinates": [ [ [ -72.368794320534008, 46.898594929933843 ], [ -72.375225014095335, 46.901340594955478 ], [ -72.374971507641433, 46.906530661967082 ], [ -72.368286044459651, 46.908975009614124 ], [ -72.361854825216113, 46.906228946427746 ], [ -72.362109594811997, 46.901038933826484 ], [ -72.368794320534008, 46.898594929933843 ] ] ] } },
{ "type": "Feature", "properties": { "hex_id": 682678, "centroid_lon": -72.367777485916989, "centroid_lat": 46.919355066158012, "occurrences_today": 1, "datetimes_today": "2026-06-07 00:01:38", "cumulative_total": 55.0 }, "geometry": { "type": "Polygon", "coordinates": [ [ [ -72.368031800509158, 46.914165040778286 ], [ -72.374464283419599, 46.916910778653751 ], [ -72.374210565602638, 46.922100828328155 ], [ -72.367523100658602, 46.92454508575296 ], [ -72.361090091651491, 46.921798949495205 ], [ -72.361345073660488, 46.916608954262429 ], [ -72.368031800509158, 46.914165040778286 ] ] ] } },
{ "type": "Feature", "properties": { "hex_id": 683287, "centroid_lon": -72.362364293652774, "centroid_lat": 46.895848915436432, "occurrences_today": 1, "datetimes_today": "2026-06-07 00:01:38", "cumulative_total": 98.0 }, "geometry": { "type": "Polygon", "coordinates": [ [ [ -72.36261892176303, 46.890658891257878 ], [ -72.369048352706955, 46.893404881418356 ], [ -72.368794320534008, 46.898594929933843 ], [ -72.362109594811997, 46.901038933826484 ], [ -72.355679638673593, 46.898292545554128 ], [ -72.355934933427065, 46.893102551568404 ], [ -72.36261892176303, 46.890658891257878 ] ] ] } },
{ "type": "Feature", "properties": { "hex_id": 683288, "centroid_lon": -72.361599984840495, "centroid_lat": 46.911418953239831, "occurrences_today": 1, "datetimes_today": "2026-06-07 00:01:38", "cumulative_total": 51.0 }, "geometry": { "type": "Polygon", "coordinates": [ [ [ -72.361854825216113, 46.906228946427746 ], [ -72.368286044459651, 46.908975009614124 ], [ -72.368031800509158, 46.914165040778286 ], [ -72.361345073660488, 46.916608954262429 ], [ -72.354913328808507, 46.913862492746631 ], [ -72.355168836388984, 46.908672516143575 ], [ -72.361854825216113, 46.906228946427746 ] ] ] } },
{ "type": "Feature", "properties": { "hex_id": 683897, "centroid_lon": -72.356190157287543, "centroid_lat": 46.88791255178915, "occurrences_today": 1, "datetimes_today": "2026-06-07 00:01:38", "cumulative_total": 98.0 }, "geometry": { "type": "Polygon", "coordinates": [ [ [ -72.356445310279653, 46.882722546216705 ], [ -72.362873479167362, 46.88546886129118 ], [ -72.36261892176303, 46.890658891257878 ], [ -72.355934933427065, 46.893102551568404 ], [ -72.349506239832252, 46.890355838434942 ], [ -72.34976205925588, 46.885165863117344 ], [ -72.356445310279653, 46.882722546216705 ] ] ] } },
{ "type": "Feature", "properties": { "hex_id": 683898, "centroid_lon": -72.355424273002455, "centroid_lat": 46.903482533745958, "occurrences_today": 1, "datetimes_today": "2026-06-07 00:01:38", "cumulative_total": 51.0 }, "geometry": { "type": "Polygon", "coordinates": [ [ [ -72.355679638673593, 46.898292545554128 ], [ -72.362109594811997, 46.901038933826484 ], [ -72.361854825216113, 46.906228946427746 ], [ -72.355168836388984, 46.908672516143575 ], [ -72.348738355129996, 46.905925729594742 ], [ -72.348994387794036, 46.900735771673986 ], [ -72.355679638673593, 46.898292545554128 ] ] ] } },
{ "type": "Feature", "properties": { "hex_id": 684508, "centroid_lon": -72.349250349353213, "centroid_lat": 46.895545807953944, "occurrences_today": 1, "datetimes_today": "2026-06-07 00:01:38", "cumulative_total": 98.0 }, "geometry": { "type": "Polygon", "coordinates": [ [ [ -72.349506239832252, 46.890355838434942 ], [ -72.355934933427065, 46.893102551568404 ], [ -72.355679638673593, 46.898292545554128 ], [ -72.348994387794036, 46.900735771673986 ], [ -72.342565169566157, 46.897988660317026 ], [ -72.342821726826188, 46.892798721131108 ], [ -72.349506239832252, 46.890355838434942 ] ] ] } },
{ "type": "Feature", "properties": { "hex_id": 684509, "centroid_lon": -72.348482251336364, "centroid_lat": 46.911115681715884, "occurrences_today": 1, "datetimes_today": "2026-06-07 00:01:38", "cumulative_total": 51.0 }, "geometry": { "type": "Polygon", "coordinates": [ [ [ -72.348738355129996, 46.905925729594742 ], [ -72.355168836388984, 46.908672516143575 ], [ -72.354913328808507, 46.913862492746631 ], [ -72.348226076388386, 46.916305628037051 ], [ -72.341795070082966, 46.913558443047165 ], [ -72.342051841219345, 46.908368521275392 ], [ -72.348738355129996, 46.905925729594742 ] ] ] } },
{ "type": "Feature", "properties": { "hex_id": 443889, "centroid_lon": -74.936956075498514, "centroid_lat": 45.6479882712311, "occurrences_today": 1, "datetimes_today": "2026-06-07 00:01:38", "cumulative_total": 139.0 }, "geometry": { "type": "Polygon", "coordinates": [ [ [ -74.936961904345395, 45.642791599116741 ], [ -74.943375373898732, 45.645393296200552 ], [ -74.943370137601235, 45.650589966546328 ], [ -74.936950245056593, 45.653184938596922 ], [ -74.930536184549183, 45.650582884036361 ], [ -74.930542607539948, 45.645386214966926 ], [ -74.936961904345395, 45.642791599116741 ] ] ] } },
{ "type": "Feature", "properties": { "hex_id": 310179, "centroid_lon": -76.33813371305385, "centroid_lat": 45.476469640112917, "occurrences_today": 1, "datetimes_today": "2026-06-07 00:01:38", "cumulative_total": 235.0 }, "geometry": { "type": "Polygon", "coordinates": [ [ [ -76.33801074181703, 45.471274227545315 ], [ -76.344467357935955, 45.473796829184458 ], [ -76.34459093333119, 45.478992225716716 ], [ -76.338256717862478, 45.481665047674319 ], [ -76.331799464007744, 45.479142105317003 ], [ -76.331677063368787, 45.473946681784717 ], [ -76.33801074181703, 45.471274227545315 ] ] ] } },
{ "type": "Feature", "properties": { "hex_id": 310789, "centroid_lon": -76.331554696135797, "centroid_lat": 45.468751253248691, "occurrences_today": 1, "datetimes_today": "2026-06-07 00:01:38", "cumulative_total": 235.0 }, "geometry": { "type": "Polygon", "coordinates": [ [ [ -76.331432362297576, 45.463555819709057 ], [ -76.337887804140721, 45.466078809971599 ], [ -76.33801074181703, 45.471274227545315 ], [ -76.331677063368787, 45.473946681784717 ], [ -76.325220984287185, 45.471423350826889 ], [ -76.325099220903482, 45.466227906389392 ], [ -76.331432362297576, 45.463555819709057 ] ] ] } },
{ "type": "Feature", "properties": { "hex_id": 310790, "centroid_lon": -76.331921898063854, "centroid_lat": 45.484337523845525, "occurrences_today": 1, "datetimes_today": "2026-06-07 00:01:38", "cumulative_total": 235.0 }, "geometry": { "type": "Polygon", "coordinates": [ [ [ -76.331799464007744, 45.479142105317003 ], [ -76.338256717862478, 45.481665047674319 ], [ -76.338379756254142, 45.486860450229436 ], [ -76.332044365548342, 45.489532937370178 ], [ -76.325586473924076, 45.487009654131739 ], [ -76.325464610786327, 45.481814224698134 ], [ -76.331799464007744, 45.479142105317003 ] ] ] } },
{ "type": "Feature", "properties": { "hex_id": 311400, "centroid_lon": -76.3253427809111, "centroid_lat": 45.476618790263167, "occurrences_today": 1, "datetimes_today": "2026-06-07 00:01:38", "cumulative_total": 235.0 }, "geometry": { "type": "Polygon", "coordinates": [ [ [ -76.325220984287185, 45.471423350826889 ], [ -76.331677063368787, 45.473946681784717 ], [ -76.331799464007744, 45.479142105317003 ], [ -76.325464610786327, 45.481814224698134 ], [ -76.319007894432772, 45.479290552882176 ], [ -76.31888666858373, 45.474095102607684 ], [ -76.325220984287185, 45.471423350826889 ] ] ] } },
{ "type": "Feature", "properties": { "hex_id": 311401, "centroid_lon": -76.325708370335448, "centroid_lat": 45.492205078563877, "occurrences_today": 1, "datetimes_today": "2026-06-07 00:01:38", "cumulative_total": 114.0 }, "geometry": { "type": "Polygon", "coordinates": [ [ [ -76.325586473924076, 45.487009654131739 ], [ -76.332044365548342, 45.489532937370178 ], [ -76.33216686647242, 45.494728345890906 ], [ -76.32583030003164, 45.497400497994512 ], [ -76.319371770604292, 45.494876873711959 ], [ -76.319250445431962, 45.489681438434395 ], [ -76.325586473924076, 45.487009654131739 ] ] ] } },
{ "type": "Feature", "properties": { "hex_id": 312010, "centroid_lon": -76.318765475820257, "centroid_lat": 45.468899647334339, "occurrences_today": 1, "datetimes_today": "2026-06-07 00:01:38", "cumulative_total": 235.0 }, "geometry": { "type": "Polygon", "coordinates": [ [ [ -76.318644316131255, 45.463704187062241 ], [ -76.325099220903482, 45.466227906389392 ], [ -76.325220984287185, 45.471423350826889 ], [ -76.31888666858373, 45.474095102607684 ], [ -76.312431127036774, 45.471571042445383 ], [ -76.312310537979087, 45.466375571401869 ], [ -76.318644316131255, 45.463704187062241 ] ] ] } },
{ "type": "Feature", "properties": { "hex_id": 312011, "centroid_lon": -76.319129153378483, "centroid_lat": 45.48448599815778, "occurrences_today": 1, "datetimes_today": "2026-06-07 00:01:38", "cumulative_total": 235.0 }, "geometry": { "type": "Polygon", "coordinates": [ [ [ -76.319007894432772, 45.479290552882176 ], [ -76.325464610786327, 45.481814224698134 ], [ -76.325586473924076, 45.487009654131739 ], [ -76.319250445431962, 45.489681438434395 ], [ -76.312793091773059, 45.487157425597353 ], [ -76.312672403922733, 45.4819619695432 ], [ -76.319007894432772, 45.479290552882176 ] ] ] } },
{ "type": "Feature", "properties": { "hex_id": 312012, "centroid_lon": -76.319493128906615, "centroid_lat": 45.500072303990414, "occurrences_today": 1, "datetimes_today": "2026-06-07 00:01:38", "cumulative_total": 114.0 }, "geometry": { "type": "Polygon", "coordinates": [ [ [ -76.319371770604292, 45.494876873711959 ], [ -76.32583030003164, 45.497400497994512 ], [ -76.325952263023822, 45.502595912423544 ], [ -76.319614520350029, 45.505267729269654 ], [ -76.313155353086159, 45.502743763779989 ], [ -76.313034566343731, 45.497548322715829 ], [ -76.319371770604292, 45.494876873711959 ] ] ] } },
{ "type": "Feature", "properties": { "hex_id": 312621, "centroid_lon": -76.312551749014304, "centroid_lat": 45.476766508492524, "occurrences_today": 1, "datetimes_today": "2026-06-07 00:01:38", "cumulative_total": 142.0 }, "geometry": { "type": "Polygon", "coordinates": [ [ [ -76.312431127036774, 45.471571042445383 ], [ -76.31888666858373, 45.474095102607684 ], [ -76.319007894432772, 45.479290552882176 ], [ -76.312672403922733, 45.4819619695432 ], [ -76.306216225567852, 45.479437568382899 ], [ -76.306096174541992, 45.474242091624035 ], [ -76.312431127036774, 45.471571042445383 ] ] ] } },
{ "type": "Feature", "properties": { "hex_id": 312622, "centroid_lon": -76.312913812576383, "centroid_lat": 45.49235287665492, "occurrences_today": 1, "datetimes_today": "2026-06-07 00:01:38", "cumulative_total": 142.0 }, "geometry": { "type": "Polygon", "coordinates": [ [ [ -76.312793091773059, 45.487157425597353 ], [ -76.319250445431962, 45.489681438434395 ], [ -76.319371770604292, 45.494876873711959 ], [ -76.313034566343731, 45.497548322715829 ], [ -76.306576575346241, 45.495023968694746 ], [ -76.306456425958984, 45.489828506918322 ], [ -76.312793091773059, 45.487157425597353 ] ] ] } },
{ "type": "Feature", "properties": { "hex_id": 312623, "centroid_lon": -76.313276172814753, "centroid_lat": 45.507939199847357, "occurrences_today": 1, "datetimes_today": "2026-06-07 00:01:38", "cumulative_total": 114.0 }, "geometry": { "type": "Polygon", "coordinates": [ [ [ -76.313155353086159, 45.502743763779989 ], [ -76.319614520350029, 45.505267729269654 ], [ -76.319735944945648, 45.510463149549651 ], [ -76.313397025540567, 45.513134630917826 ], [ -76.306937220406908, 45.510610324057978 ], [ -76.306816972559204, 45.505414877264634 ], [ -76.313155353086159, 45.502743763779989 ] ] ] } },
{ "type": "Feature", "properties": { "hex_id": 313231, "centroid_lon": -76.305976156281289, "centroid_lat": 45.46904660987115, "occurrences_today": 1, "datetimes_today": "2026-06-07 00:01:38", "cumulative_total": 114.0 }, "geometry": { "type": "Polygon", "coordinates": [ [ [ -76.30585617077476, 45.463851123124343 ], [ -76.312310537979087, 45.466375571401869 ], [ -76.312431127036774, 45.471571042445383 ], [ -76.306096174541992, 45.474242091624035 ], [ -76.299641171026835, 45.471717302371587 ], [ -76.299521756328275, 45.466521804979834 ], [ -76.30585617077476, 45.463851123124343 ] ] ] } },
{ "type": "Feature", "properties": { "hex_id": 313232, "centroid_lon": -76.30633630936984, "centroid_lat": 45.484633040147692, "occurrences_today": 1, "datetimes_today": "2026-06-07 00:01:38", "cumulative_total": 150.0 }, "geometry": { "type": "Polygon", "coordinates": [ [ [ -76.306216225567852, 45.479437568382899 ], [ -76.312672403922733, 45.4819619695432 ], [ -76.312793091773059, 45.487157425597353 ], [ -76.306456425958984, 45.489828506918322 ], [ -76.299999610763138, 45.487303764597073 ], [ -76.299880098233331, 45.482108282180278 ], [ -76.306216225567852, 45.479437568382899 ] ] ] } },
{ "type": "Feature", "properties": { "hex_id": 313233, "centroid_lon": -76.306696757542653, "centroid_lat": 45.500219425476864, "occurrences_today": 1, "datetimes_today": "2026-06-07 00:01:38", "cumulative_total": 114.0 }, "geometry": { "type": "Polygon", "coordinates": [ [ [ -76.306576575346241, 45.495023968694746 ], [ -76.313034566343731, 45.497548322715829 ], [ -76.313155353086159, 45.502743763779989 ], [ -76.306816972559204, 45.505414877264634 ], [ -76.300358344190045, 45.502890181896497 ], [ -76.300238733730538, 45.497694714455257 ], [ -76.306576575346241, 45.495023968694746 ] ] ] } },
{ "type": "Feature", "properties": { "hex_id": 313234, "centroid_lon": -76.307057501096793, "centroid_lat": 45.515805765856825, "occurrences_today": 1, "datetimes_today": "2026-06-07 00:01:38", "cumulative_total": 121.0 }, "geometry": { "type": "Polygon", "coordinates": [ [ [ -76.306937220406908, 45.510610324057978 ], [ -76.313397025540567, 45.513134630917826 ], [ -76.313517911274673, 45.518330056991381 ], [ -76.307177814639871, 45.521001202661118 ], [ -76.300717371603255, 45.51847655426797 ], [ -76.30059766311544, 45.513281101802917 ], [ -76.306937220406908, 45.510610324057978 ] ] ] } },
{ "type": "Feature", "properties": { "hex_id": 313842, "centroid_lon": -76.299760618324882, "centroid_lat": 45.476912794771749, "occurrences_today": 1, "datetimes_today": "2026-06-07 00:01:38", "cumulative_total": 161.0 }, "geometry": { "type": "Polygon", "coordinates": [ [ [ -76.299641171026835, 45.471717302371587 ], [ -76.306096174541992, 45.474242091624035 ], [ -76.306216225567852, 45.479437568382899 ], [ -76.299880098233331, 45.482108282180278 ], [ -76.293424458374488, 45.479583151790052 ], [ -76.293305582204781, 45.474387648804679 ], [ -76.299641171026835, 45.471717302371587 ] ] ] } },
{ "type": "Feature", "properties": { "hex_id": 313843, "centroid_lon": -76.300119155925216, "centroid_lat": 45.492499242022078, "occurrences_today": 1, "datetimes_today": "2026-06-07 00:01:38", "cumulative_total": 114.0 }, "geometry": { "type": "Polygon", "coordinates": [ [ [ -76.299999610763138, 45.487303764597073 ], [ -76.306456425958984, 45.489828506918322 ], [ -76.306576575346241, 45.495023968694746 ], [ -76.300238733730538, 45.497694714455257 ], [ -76.293781281660799, 45.495169630810125 ], [ -76.293662308091612, 45.489974142792839 ], [ -76.299999610763138, 45.487303764597073 ] ] ] } },
{ "type": "Feature", "properties": { "hex_id": 313844, "centroid_lon": -76.300477987314693, "centroid_lat": 45.508085644345734, "occurrences_today": 1, "datetimes_today": "2026-06-07 00:01:38", "cumulative_total": 114.0 }, "geometry": { "type": "Polygon", "coordinates": [ [ [ -76.300358344190045, 45.502890181896497 ], [ -76.306816972559204, 45.505414877264634 ], [ -76.306937220406908, 45.510610324057978 ], [ -76.30059766311544, 45.513281101802917 ], [ -76.294138397341641, 45.510756064924657 ], [ -76.294019326274906, 45.505560591876097 ], [ -76.300358344190045, 45.502890181896497 ] ] ] } },
{ "type": "Feature", "properties": { "hex_id": 313845, "centroid_lon": -76.300837112789139, "centroid_lat": 45.523672001740835, "occurrences_today": 1, "datetimes_today": "2026-06-07 00:01:38", "cumulative_total": 121.0 }, "geometry": { "type": "Polygon", "coordinates": [ [ [ -76.300717371603255, 45.51847655426797 ], [ -76.307177814639871, 45.521001202661118 ], [ -76.307298161047186, 45.526196634470757 ], [ -76.300956886684034, 45.528867444221426 ], [ -76.294495805711477, 45.526342454131871 ], [ -76.294376637048998, 45.521146996052614 ], [ -76.300717371603255, 45.51847655426797 ] ] ] } },
{ "type": "Feature", "properties": { "hex_id": 314453, "centroid_lon": -76.293543366999799, "centroid_lat": 45.484778649786136, "occurrences_today": 1, "datetimes_today": "2026-06-07 00:01:38", "cumulative_total": 161.0 }, "geometry": { "type": "Polygon", "coordinates": [ [ [ -76.293424458374488, 45.479583151790052 ], [ -76.299880098233331, 45.482108282180278 ], [ -76.299999610763138, 45.487303764597073 ], [ -76.293662308091612, 45.489974142792839 ], [ -76.287206031856343, 45.48744867110193 ], [ -76.287087694679911, 45.482253162580413 ], [ -76.293424458374488, 45.479583151790052 ] ] ] } },
{ "type": "Feature", "properties": { "hex_id": 314454, "centroid_lon": -76.293900287718259, "centroid_lat": 45.500365113837894, "occurrences_today": 1, "datetimes_today": "2026-06-07 00:01:38", "cumulative_total": 114.0 }, "geometry": { "type": "Polygon", "coordinates": [ [ [ -76.293781281660799, 45.495169630810125 ], [ -76.300238733730538, 45.497694714455257 ], [ -76.300358344190045, 45.502890181896497 ], [ -76.294019326274906, 45.505560591876097 ], [ -76.287561237298505, 45.503035166744063 ], [ -76.287442803154804, 45.497839673183826 ], [ -76.293781281660799, 45.495169630810125 ] ] ] } },
{ "type": "Feature", "properties": { "hex_id": 314455, "centroid_lon": -76.294257500929362, "centroid_lat": 45.515951532983529, "occurrences_today": 1, "datetimes_today": "2026-06-07 00:01:38", "cumulative_total": 114.0 }, "geometry": { "type": "Polygon", "coordinates": [ [ [ -76.294138397341641, 45.510756064924657 ], [ -76.30059766311544, 45.513281101802917 ], [ -76.300717371603255, 45.51847655426797 ], [ -76.294376637048998, 45.521146996052614 ], [ -76.287916733837719, 45.518621617501154 ], [ -76.287798202629105, 45.513426138902794 ], [ -76.294138397341641, 45.510756064924657 ] ] ] } },
{ "type": "Feature", "properties": { "hex_id": 314456, "centroid_lon": -76.2946150069277, "centroid_lat": 45.5315379072212, "occurrences_today": 1, "datetimes_today": "2026-06-07 00:01:38", "cumulative_total": 121.0 }, "geometry": { "type": "Polygon", "coordinates": [ [ [ -76.294495805711477, 45.526342454131871 ], [ -76.300956886684034, 45.528867444221426 ], [ -76.301076693298924, 45.534062881709694 ], [ -76.294734240708621, 45.536733355320592 ], [ -76.288272521767226, 45.534208023371427 ], [ -76.288153893395901, 45.529012559735527 ], [ -76.294495805711477, 45.526342454131871 ] ] ] } },
{ "type": "Feature", "properties": { "hex_id": 315063, "centroid_lon": -76.286969389804227, "centroid_lat": 45.477057649071909, "occurrences_today": 1, "datetimes_today": "2026-06-07 00:01:38", "cumulative_total": 114.0 }, "geometry": { "type": "Polygon", "coordinates": [ [ [ -76.286851117218475, 45.471862130576554 ], [ -76.293305582204781, 45.474387648804679 ], [ -76.293424458374488, 45.479583151790052 ], [ -76.287087694679911, 45.482253162580413 ], [ -76.280632593814317, 45.479727303074853 ], [ -76.280514892533404, 45.47453177412082 ], [ -76.286851117218475, 45.471862130576554 ] ] ] } },
{ "type": "Feature", "properties": { "hex_id": 315064, "centroid_lon": -76.287324401344364, "centroid_lat": 45.492644174636418, "occurrences_today": 1, "datetimes_today": "2026-06-07 00:01:38", "cumulative_total": 114.0 }, "geometry": { "type": "Polygon", "coordinates": [ [ [ -76.287206031856343, 45.48744867110193 ], [ -76.293662308091612, 45.489974142792839 ], [ -76.293781281660799, 45.495169630810125 ], [ -76.287442803154804, 45.497839673183826 ], [ -76.280985890510522, 45.49531386002927 ], [ -76.28086809279209, 45.490118346029135 ], [ -76.287206031856343, 45.48744867110193 ] ] ] } },
{ "type": "Feature", "properties": { "hex_id": 315065, "centroid_lon": -76.28767970378631, "centroid_lat": 45.508230655317071, "occurrences_today": 1, "datetimes_today": "2026-06-07 00:01:38", "cumulative_total": 114.0 }, "geometry": { "type": "Polygon", "coordinates": [ [ [ -76.287561237298505, 45.503035166744063 ], [ -76.294019326274906, 45.505560591876097 ], [ -76.294138397341641, 45.510756064924657 ], [ -76.287798202629105, 45.513426138902794 ], [ -76.281339476713384, 45.510900372120823 ], [ -76.281221582460361, 45.505704873075175 ], [ -76.287561237298505, 45.503035166744063 ] ] ] } },
{ "type": "Feature", "properties": { "hex_id": 315066, "centroid_lon": -76.288035297423036, "centroid_lat": 45.523817091112086, "occurrences_today": 1, "datetimes_today": "2026-06-07 00:01:38", "cumulative_total": 114.0 }, "geometry": { "type": "Polygon", "coordinates": [ [ [ -76.287916733837719, 45.518621617501154 ], [ -76.294376637048998, 45.521146996052614 ], [ -76.294495805711477, 45.526342454131871 ], [ -76.288153893395901, 45.529012559735527 ], [ -76.28169335271447, 45.52648683934774 ], [ -76.281575361829624, 45.521291355257176 ], [ -76.287916733837719, 45.518621617501154 ] ] ] } },
{ "type": "Feature", "properties": { "hex_id": 315674, "centroid_lon": -76.280750327230294, "centroid_lat": 45.484922827044308, "occurrences_today": 1, "datetimes_today": "2026-06-07 00:01:38", "cumulative_total": 114.0 }, "geometry": { "type": "Polygon", "coordinates": [ [ [ -76.280632593814317, 45.479727303074853 ], [ -76.287087694679911, 45.482253162580413 ], [ -76.287206031856343, 45.48744867110193 ], [ -76.28086809279209, 45.490118346029135 ], [ -76.274412356014821, 45.487592145083227 ], [ -76.274295194224266, 45.482396610714922 ], [ -76.280632593814317, 45.479727303074853 ] ] ] } },
{ "type": "Feature", "properties": { "hex_id": 315675, "centroid_lon": -76.281103720396345, "centroid_lat": 45.500509369044643, "occurrences_today": 1, "datetimes_today": "2026-06-07 00:01:38", "cumulative_total": 114.0 }, "geometry": { "type": "Polygon", "coordinates": [ [ [ -76.280985890510522, 45.49531386002927 ], [ -76.287442803154804, 45.497839673183826 ], [ -76.287561237298505, 45.503035166744063 ], [ -76.281221582460361, 45.505704873075175 ], [ -76.274764033374609, 45.503178718293995 ], [ -76.274646775579271, 45.497983198872831 ], [ -76.280985890510522, 45.49531386002927 ] ] ] } },
{ "type": "Feature", "properties": { "hex_id": 315676, "centroid_lon": -76.2814574031662, "centroid_lat": 45.516095866181502, "occurrences_today": 1, "datetimes_today": "2026-06-07 00:01:38", "cumulative_total": 114.0 }, "geometry": { "type": "Polygon", "coordinates": [ [ [ -76.281339476713384, 45.510900372120823 ], [ -76.287798202629105, 45.513426138902794 ], [ -76.287916733837719, 45.518621617501154 ], [ -76.281575361829624, 45.521291355257176 ], [ -76.275115998942084, 45.518765246662184 ], [ -76.274998645045272, 45.513569742188736 ], [ -76.281339476713384, 45.510900372120823 ] ] ] } },
{ "type": "Feature", "properties": { "hex_id": 315677, "centroid_lon": -76.281811375831552, "centroid_lat": 45.53168231845315, "occurrences_today": 1, "datetimes_today": "2026-06-07 00:01:38", "cumulative_total": 114.0 }, "geometry": { "type": "Polygon", "coordinates": [ [ [ -76.28169335271447, 45.52648683934774 ], [ -76.288153893395901, 45.529012559735527 ], [ -76.288272521767226, 45.534208023371427 ], [ -76.281929431191713, 45.53687779257335 ], [ -76.27546825300756, 45.534351730186067 ], [ -76.27535080291247, 45.529156240660917 ], [ -76.28169335271447, 45.52648683934774 ] ] ] } },
{ "type": "Feature", "properties": { "hex_id": 316284, "centroid_lon": -76.274178064413832, "centroid_lat": 45.47720107136437, "occurrences_today": 1, "datetimes_today": "2026-06-07 00:01:38", "cumulative_total": 140.0 }, "geometry": { "type": "Polygon", "coordinates": [ [ [ -76.274060966572819, 45.472005527031634 ], [ -76.280514892533404, 45.47453177412082 ], [ -76.280632593814317, 45.479727303074853 ], [ -76.274295194224266, 45.482396610714922 ], [ -76.267840632849001, 45.479870022208743 ], [ -76.267724106489197, 45.474674467543942 ], [ -76.274060966572819, 45.472005527031634 ] ] ] } },
{ "type": "Feature", "properties": { "hex_id": 316285, "centroid_lon": -76.274529549796256, "centroid_lat": 45.492787674469213, "occurrences_today": 1, "datetimes_today": "2026-06-07 00:01:38", "cumulative_total": 140.0 }, "geometry": { "type": "Polygon", "coordinates": [ [ [ -76.274412356014821, 45.487592145083227 ], [ -76.28086809279209, 45.490118346029135 ], [ -76.280985890510522, 45.49531386002927 ], [ -76.274646775579271, 45.497983198872831 ], [ -76.268190402858039, 45.49545665632364 ], [ -76.26807378102275, 45.490261116598667 ], [ -76.274412356014821, 45.487592145083227 ] ] ] } },
{ "type": "Feature", "properties": { "hex_id": 316286, "centroid_lon": -76.274881323193028, "centroid_lat": 45.508374232732642, "occurrences_today": 1, "datetimes_today": "2026-06-07 00:01:38", "cumulative_total": 114.0 }, "geometry": { "type": "Polygon", "coordinates": [ [ [ -76.274764033374609, 45.503178718293995 ], [ -76.281221582460361, 45.505704873075175 ], [ -76.281339476713384, 45.510900372120823 ], [ -76.274998645045272, 45.513569742188736 ], [ -76.268540459485735, 45.511043245617891 ], [ -76.268423742078838, 45.505847720833323 ], [ -76.274764033374609, 45.503178718293995 ] ] ] } },
{ "type": "Feature", "properties": { "hex_id": 316287, "centroid_lon": -76.275233384894236, "centroid_lat": 45.52396074615293, "occurrences_today": 1, "datetimes_today": "2026-06-07 00:01:38", "cumulative_total": 119.0 }, "geometry": { "type": "Polygon", "coordinates": [ [ [ -76.275115998942084, 45.518765246662184 ], [ -76.281575361829624, 45.521291355257176 ], [ -76.28169335271447, 45.52648683934774 ], [ -76.27535080291247, 45.529156240660917 ], [ -76.268890803020767, 45.5266297900898 ], [ -76.268773989945984, 45.52143428024619 ], [ -76.275115998942084, 45.518765246662184 ] ] ] } },
{ "type": "Feature", "properties": { "hex_id": 316895, "centroid_lon": -76.267957191023285, "centroid_lat": 45.485065571893678, "occurrences_today": 1, "datetimes_today": "2026-06-07 00:01:38", "cumulative_total": 140.0 }, "geometry": { "type": "Polygon", "coordinates": [ [ [ -76.267840632849001, 45.479870022208743 ], [ -76.274295194224266, 45.482396610714922 ], [ -76.274412356014821, 45.487592145083227 ], [ -76.26807378102275, 45.490261116598667 ], [ -76.261618584200718, 45.487734186512576 ], [ -76.261502597828198, 45.482538626555446 ], [ -76.267840632849001, 45.479870022208743 ] ] ] } },
{ "type": "Feature", "properties": { "hex_id": 316896, "centroid_lon": -76.26830705653984, "centroid_lat": 45.500652191068554, "occurrences_today": 1, "datetimes_today": "2026-06-07 00:01:38", "cumulative_total": 140.0 }, "geometry": { "type": "Polygon", "coordinates": [ [ [ -76.268190402858039, 45.49545665632364 ], [ -76.274646775579271, 45.497983198872831 ], [ -76.274764033374609, 45.503178718293995 ], [ -76.268423742078838, 45.505847720833323 ], [ -76.261966733381527, 45.503320836517879 ], [ -76.261850651966753, 45.498125291493864 ], [ -76.268190402858039, 45.49545665632364 ] ] ] } },
{ "type": "Feature", "properties": { "hex_id": 316897, "centroid_lon": -76.268657208771231, "centroid_lat": 45.516238765422202, "occurrences_today": 1, "datetimes_today": "2026-06-07 00:01:38", "cumulative_total": 114.0 }, "geometry": { "type": "Polygon", "coordinates": [ [ [ -76.268540459485735, 45.511043245617891 ], [ -76.274998645045272, 45.513569742188736 ], [ -76.275115998942084, 45.518765246662184 ], [ -76.268773989945984, 45.52143428024619 ], [ -76.262315167880487, 45.518907441722611 ], [ -76.262198991327736, 45.513711911632313 ], [ -76.268540459485735, 45.511043245617891 ] ] ] } },
{ "type": "Feature", "properties": { "hex_id": 316898, "centroid_lon": -76.269007648006223, "centroid_lat": 45.531825294952924, "occurrences_today": 1, "datetimes_today": "2026-06-07 00:01:38", "cumulative_total": 114.0 }, "geometry": { "type": "Polygon", "coordinates": [ [ [ -76.268890803020767, 45.5266297900898 ], [ -76.27535080291247, 45.529156240660917 ], [ -76.27546825300756, 45.534351730186067 ], [ -76.269124524913124, 45.537020794835563 ], [ -76.262663887985013, 45.534494002125143 ], [ -76.262547616198461, 45.529298486969097 ], [ -76.268890803020767, 45.5266297900898 ] ] ] } },
{ "type": "Feature", "properties": { "hex_id": 317505, "centroid_lon": -76.261386643115202, "centroid_lat": 45.477343061620722, "occurrences_today": 1, "datetimes_today": "2026-06-07 00:01:38", "cumulative_total": 140.0 }, "geometry": { "type": "Polygon", "coordinates": [ [ [ -76.261270720051087, 45.472147491708476 ], [ -76.267724106489197, 45.474674467543942 ], [ -76.267840632849001, 45.479870022208743 ], [ -76.261502597828198, 45.482538626555446 ], [ -76.255048576440203, 45.480011309163515 ], [ -76.254933225033511, 45.474815729045808 ], [ -76.261270720051087, 45.472147491708476 ] ] ] } },
{ "type": "Feature", "properties": { "hex_id": 317506, "centroid_lon": -76.261734602243365, "centroid_lat": 45.492929741492077, "occurrences_today": 1, "datetimes_today": "2026-06-07 00:01:38", "cumulative_total": 140.0 }, "geometry": { "type": "Polygon", "coordinates": [ [ [ -76.261618584200718, 45.487734186512576 ], [ -76.26807378102275, 45.490261116598667 ], [ -76.268190402858039, 45.49545665632364 ], [ -76.261850651966753, 45.498125291493864 ], [ -76.255394819666009, 45.495598019664953 ], [ -76.255279373745893, 45.490402454473163 ], [ -76.261618584200718, 45.487734186512576 ] ] ] } },
{ "type": "Feature", "properties": { "hex_id": 317507, "centroid_lon": -76.262082846498302, "centroid_lat": 45.508516376564039, "occurrences_today": 1, "datetimes_today": "2026-06-07 00:01:38", "cumulative_total": 140.0 }, "geometry": { "type": "Polygon", "coordinates": [ [ [ -76.261966733381527, 45.503320836517879 ], [ -76.268423742078838, 45.505847720833323 ], [ -76.268540459485735, 45.511043245617891 ], [ -76.262198991327736, 45.513711911632313 ], [ -76.255741346622344, 45.511184685387576 ], [ -76.255625806093647, 45.505989135122242 ], [ -76.261966733381527, 45.503320836517879 ] ] ] } },
{ "type": "Feature", "properties": { "hex_id": 317508, "centroid_lon": -76.262431376167157, "centroid_lat": 45.52410296683491, "occurrences_today": 1, "datetimes_today": "2026-06-07 00:01:38", "cumulative_total": 114.0 }, "geometry": { "type": "Polygon", "coordinates": [ [ [ -76.262315167880487, 45.518907441722611 ], [ -76.268773989945984, 45.52143428024619 ], [ -76.268890803020767, 45.5266297900898 ], [ -76.262547616198461, 45.529298486969097 ], [ -76.256088157594931, 45.526771306329692 ], [ -76.255972522362384, 45.521575770991362 ], [ -76.262315167880487, 45.518907441722611 ] ] ] } },
{ "type": "Feature", "properties": { "hex_id": 318116, "centroid_lon": -76.25516395934082, "centroid_lat": 45.485206884305988, "occurrences_today": 1, "datetimes_today": "2026-06-07 00:01:38", "cumulative_total": 140.0 }, "geometry": { "type": "Polygon", "coordinates": [ [ [ -76.255048576440203, 45.480011309163515 ], [ -76.261502597828198, 45.482538626555446 ], [ -76.261618584200718, 45.487734186512576 ], [ -76.255279373745893, 45.490402454473163 ], [ -76.248824717376237, 45.487874795361883 ], [ -76.248709906453627, 45.482679210073869 ], [ -76.255048576440203, 45.480011309163515 ] ] ] } },
{ "type": "Feature", "properties": { "hex_id": 318117, "centroid_lon": -76.255510297111726, "centroid_lat": 45.500793579881353, "occurrences_today": 1, "datetimes_today": "2026-06-07 00:01:38", "cumulative_total": 140.0 }, "geometry": { "type": "Polygon", "coordinates": [ [ [ -76.255394819666009, 45.495598019664953 ], [ -76.261850651966753, 45.498125291493864 ], [ -76.261966733381527, 45.503320836517879 ], [ -76.255625806093647, 45.505989135122242 ], [ -76.249169338282385, 45.50346152138755 ], [ -76.249054433280094, 45.498265951018794 ], [ -76.255394819666009, 45.495598019664953 ] ] ] } },
{ "type": "Feature", "properties": { "hex_id": 318118, "centroid_lon": -76.255856918708375, "centroid_lat": 45.516380230677299, "occurrences_today": 1, "datetimes_today": "2026-06-07 00:01:38", "cumulative_total": 140.0 }, "geometry": { "type": "Polygon", "coordinates": [ [ [ -76.255741346622344, 45.511184685387576 ], [ -76.262198991327736, 45.513711911632313 ], [ -76.262315167880487, 45.518907441722611 ], [ -76.255972522362384, 45.521575770991362 ], [ -76.249514241617035, 45.519048202654275 ], [ -76.249399242440319, 45.513852647205347 ], [ -76.255741346622344, 45.511184685387576 ] ] ] } },
{ "type": "Feature", "properties": { "hex_id": 318119, "centroid_lon": -76.256203824416644, "centroid_lat": 45.531966836692192, "occurrences_today": 1, "datetimes_today": "2026-06-07 00:01:38", "cumulative_total": 114.0 }, "geometry": { "type": "Polygon", "coordinates": [ [ [ -76.256088157594931, 45.526771306329692 ], [ -76.262547616198461, 45.529298486969097 ], [ -76.262663887985013, 45.534494002125143 ], [ -76.256319522838112, 45.537162362078874 ], [ -76.249859427664674, 45.534634839160461 ], [ -76.249744334218661, 45.529439298631893 ], [ -76.256088157594931, 45.526771306329692 ] ] ] } },
{ "type": "Feature", "properties": { "hex_id": 318727, "centroid_lon": -76.248939559648221, "centroid_lat": 45.493070375676872, "occurrences_today": 1, "datetimes_today": "2026-06-07 00:01:38", "cumulative_total": 140.0 }, "geometry": { "type": "Polygon", "coordinates": [ [ [ -76.248824717376237, 45.487874795361883 ], [ -76.255279373745893, 45.490402454473163 ], [ -76.255394819666009, 45.495598019664953 ], [ -76.249054433280094, 45.498265951018794 ], [ -76.242599141897159, 45.495737950025251 ], [ -76.242484871923935, 45.490542359624648 ], [ -76.248824717376237, 45.487874795361883 ] ] ] } },
{ "type": "Feature", "properties": { "hex_id": 318728, "centroid_lon": -76.249284274665612, "centroid_lat": 45.508657086783074, "occurrences_today": 1, "datetimes_today": "2026-06-07 00:01:38", "cumulative_total": 140.0 }, "geometry": { "type": "Polygon", "coordinates": [ [ [ -76.249169338282385, 45.50346152138755 ], [ -76.255625806093647, 45.505989135122242 ], [ -76.255741346622344, 45.511184685387576 ], [ -76.249399242440319, 45.513852647205347 ], [ -76.242942139086864, 45.51132469140186 ], [ -76.242827775468143, 45.506129115913915 ], [ -76.249169338282385, 45.50346152138755 ] ] ] } },
{ "type": "Feature", "properties": { "hex_id": 318729, "centroid_lon": -76.249629272206292, "centroid_lat": 45.524243753129817, "occurrences_today": 1, "datetimes_today": "2026-06-07 00:01:38", "cumulative_total": 114.0 }, "geometry": { "type": "Polygon", "coordinates": [ [ [ -76.249514241617035, 45.519048202654275 ], [ -76.255972522362384, 45.521575770991362 ], [ -76.256088157594931, 45.526771306329692 ], [ -76.249744334218661, 45.529439298631893 ], [ -76.243285417401651, 45.52691138803938 ], [ -76.243170960043116, 45.521715827464647 ], [ -76.249514241617035, 45.519048202654275 ] ] ] } },
{ "type": "Feature", "properties": { "hex_id": 318730, "centroid_lon": -76.249974552554903, "centroid_lat": 45.539830374715429, "occurrences_today": 1, "datetimes_today": "2026-06-07 00:01:38", "cumulative_total": 114.0 }, "geometry": { "type": "Polygon", "coordinates": [ [ [ -76.249859427664674, 45.534634839160461 ], [ -76.256319522838112, 45.537162362078874 ], [ -76.256435252869963, 45.542357882489604 ], [ -76.250089708899907, 45.545025905296768 ], [ -76.243628977124786, 45.542498039936198 ], [ -76.243514425931977, 45.537302494275217 ], [ -76.249859427664674, 45.534634839160461 ] ] ] } },
{ "type": "Feature", "properties": { "hex_id": 319337, "centroid_lon": -76.242370633144944, "centroid_lat": 45.485346764253286, "occurrences_today": 1, "datetimes_today": "2026-06-07 00:01:38", "cumulative_total": 140.0 }, "geometry": { "type": "Polygon", "coordinates": [ [ [ -76.242256425549712, 45.480151163911202 ], [ -76.248709906453627, 45.482679210073869 ], [ -76.248824717376237, 45.487874795361883 ], [ -76.242484871923935, 45.490542359624648 ], [ -76.236030756503638, 45.488013971603301 ], [ -76.235917121062471, 45.482818361242352 ], [ -76.242256425549712, 45.480151163911202 ] ] ] } },
{ "type": "Feature", "properties": { "hex_id": 319338, "centroid_lon": -76.242713443075061, "centroid_lat": 45.50093353545504, "occurrences_today": 1, "datetimes_today": "2026-06-07 00:01:38", "cumulative_total": 140.0 }, "geometry": { "type": "Polygon", "coordinates": [ [ [ -76.242599141897159, 45.495737950025251 ], [ -76.249054433280094, 45.498265951018794 ], [ -76.249169338282385, 45.50346152138755 ], [ -76.242827775468143, 45.506129115913915 ], [ -76.236371849040424, 45.503600772875167 ], [ -76.236258120482205, 45.49840517741977 ], [ -76.242599141897159, 45.495737950025251 ] ] ] } },
{ "type": "Feature", "properties": { "hex_id": 319339, "centroid_lon": -76.243056533941683, "centroid_lat": 45.516520261918785, "occurrences_today": 1, "datetimes_today": "2026-06-07 00:01:38", "cumulative_total": 140.0 }, "geometry": { "type": "Polygon", "coordinates": [ [ [ -76.242942139086864, 45.51132469140186 ], [ -76.249399242440319, 45.513852647205347 ], [ -76.249514241617035, 45.519048202654275 ], [ -76.243170960043116, 45.521715827464647 ], [ -76.23671322111592, 45.519187529429303 ], [ -76.236599399346858, 45.51399194887999 ], [ -76.242942139086864, 45.51132469140186 ] ] ] } },
{ "type": "Feature", "properties": { "hex_id": 319340, "centroid_lon": -76.243399906027761, "centroid_lat": 45.532106943642916, "occurrences_today": 1, "datetimes_today": "2026-06-07 00:01:38", "cumulative_total": 114.0 }, "geometry": { "type": "Polygon", "coordinates": [ [ [ -76.243285417401651, 45.52691138803938 ], [ -76.249744334218661, 45.529439298631893 ], [ -76.249859427664674, 45.534634839160461 ], [ -76.243514425931977, 45.537302494275217 ], [ -76.237054873011729, 45.534774241264117 ], [ -76.236940957937918, 45.52957867562143 ], [ -76.243285417401651, 45.52691138803938 ] ] ] } },
{ "type": "Feature", "properties": { "hex_id": 319948, "centroid_lon": -76.23614442297341, "centroid_lat": 45.493209576995788, "occurrences_today": 1, "datetimes_today": "2026-06-07 00:01:38", "cumulative_total": 114.0 }, "geometry": { "type": "Polygon", "coordinates": [ [ [ -76.236030756503638, 45.488013971603301 ], [ -76.242484871923935, 45.490542359624648 ], [ -76.242599141897159, 45.495737950025251 ], [ -76.236258120482205, 45.49840517741977 ], [ -76.229803370514233, 45.495876447376816 ], [ -76.229690276519307, 45.490680832025454 ], [ -76.236030756503638, 45.488013971603301 ] ] ] } },
{ "type": "Feature", "properties": { "hex_id": 319949, "centroid_lon": -76.236485608658512, "centroid_lat": 45.508796363361917, "occurrences_today": 1, "datetimes_today": "2026-06-07 00:01:38", "cumulative_total": 140.0 }, "geometry": { "type": "Polygon", "coordinates": [ [ [ -76.236371849040424, 45.503600772875167 ], [ -76.242827775468143, 45.506129115913915 ], [ -76.242942139086864, 45.51132469140186 ], [ -76.236599399346858, 45.51399194887999 ], [ -76.230142837843033, 45.511463263633004 ], [ -76.230029651165722, 45.506267663180651 ], [ -76.236371849040424, 45.503600772875167 ] ] ] } },
{ "type": "Feature", "properties": { "hex_id": 319951, "centroid_lon": -76.237168819208009, "centroid_lat": 45.539969801937808, "occurrences_today": 1, "datetimes_today": "2026-06-07 00:01:38", "cumulative_total": 114.0 }, "geometry": { "type": "Polygon", "coordinates": [ [ [ -76.237054873011729, 45.534774241264117 ], [ -76.243514425931977, 45.537302494275217 ], [ -76.243628977124786, 45.542498039936198 ], [ -76.237282796537215, 45.54516535764246 ], [ -76.230822607482295, 45.542636762049604 ], [ -76.230709235160063, 45.537441191396844 ], [ -76.237054873011729, 45.534774241264117 ] ] ] } },
{ "type": "Feature", "properties": { "hex_id": 320559, "centroid_lon": -76.229916495392914, "centroid_lat": 45.50107205776191, "occurrences_today": 1, "datetimes_today": "2026-06-07 00:01:38", "cumulative_total": 114.0 }, "geometry": { "type": "Polygon", "coordinates": [ [ [ -76.229803370514233, 45.495876447376816 ], [ -76.236258120482205, 45.49840517741977 ], [ -76.236371849040424, 45.503600772875167 ], [ -76.230029651165722, 45.506267663180651 ], [ -76.223574266618911, 45.503738590953162 ], [ -76.223461714536015, 45.49854297066922 ], [ -76.229803370514233, 45.495876447376816 ] ] ] } },
{ "type": "Feature", "properties": { "hex_id": 320561, "centroid_lon": -76.230595893804633, "centroid_lat": 45.53224561577732, "occurrences_today": 1, "datetimes_today": "2026-06-07 00:01:38", "cumulative_total": 114.0 }, "geometry": { "type": "Polygon", "coordinates": [ [ [ -76.230482583405603, 45.527050035191131 ], [ -76.236940957937918, 45.52957867562143 ], [ -76.237054873011729, 45.534774241264117 ], [ -76.230709235160063, 45.537441191396844 ], [ -76.224250224991366, 45.534912208408478 ], [ -76.224137488321105, 45.529716617910061 ], [ -76.230482583405603, 45.527050035191131 ] ] ] } },
{ "type": "Feature", "properties": { "hex_id": 321170, "centroid_lon": -76.223686849440568, "centroid_lat": 45.508934206272968, "occurrences_today": 1, "datetimes_today": "2026-06-07 00:01:38", "cumulative_total": 114.0 }, "geometry": { "type": "Polygon", "coordinates": [ [ [ -76.223574266618911, 45.503738590953162 ], [ -76.230029651165722, 45.506267663180651 ], [ -76.230142837843033, 45.511463263633004 ], [ -76.223799463011304, 45.514129816628632 ], [ -76.217343443854617, 45.511600402053602 ], [ -76.217231434149852, 45.50640477689501 ], [ -76.223574266618911, 45.503738590953162 ] ] ] } },
{ "type": "Feature", "properties": { "hex_id": 321171, "centroid_lon": -76.224024782441234, "centroid_lat": 45.524521022447239, "occurrences_today": 1, "datetimes_today": "2026-06-07 00:01:38", "cumulative_total": 114.0 }, "geometry": { "type": "Polygon", "coordinates": [ [ [ -76.223912107341405, 45.51932542202006 ], [ -76.230369303952585, 45.521854449638312 ], [ -76.230482583405603, 45.527050035191131 ], [ -76.224137488321105, 45.529716617910061 ], [ -76.217679656571534, 45.527187247757482 ], [ -76.217567555055183, 45.521991637484895 ], [ -76.223912107341405, 45.51932542202006 ] ] ] } },
{ "type": "Feature", "properties": { "hex_id": 321781, "centroid_lon": -76.217455484152964, "centroid_lat": 45.516796022250233, "occurrences_today": 1, "datetimes_today": "2026-06-07 00:01:38", "cumulative_total": 114.0 }, "geometry": { "type": "Polygon", "coordinates": [ [ [ -76.217343443854617, 45.511600402053602 ], [ -76.223799463011304, 45.514129816628632 ], [ -76.223912107341405, 45.51932542202006 ], [ -76.217567555055183, 45.521991637484895 ], [ -76.21111090125774, 45.519461880399277 ], [ -76.210999434397564, 45.514266250423987 ], [ -76.217343443854617, 45.511600402053602 ] ] ] } },
{ "type": "Feature", "properties": { "hex_id": 321782, "centroid_lon": -76.21779178871229, "centroid_lat": 45.532382853067944, "occurrences_today": 1, "datetimes_today": "2026-06-07 00:01:38", "cumulative_total": 114.0 }, "geometry": { "type": "Polygon", "coordinates": [ [ [ -76.217679656571534, 45.527187247757482 ], [ -76.224137488321105, 45.529716617910061 ], [ -76.224250224991366, 45.534912208408478 ], [ -76.217903951487756, 45.537578453416259 ], [ -76.211445484568841, 45.535048740566211 ], [ -76.211333926333154, 45.529853125470453 ], [ -76.217679656571534, 45.527187247757482 ] ] ] } },
{ "type": "Feature", "properties": { "hex_id": 322392, "centroid_lon": -76.211222398566193, "centroid_lat": 45.524657505414794, "occurrences_today": 1, "datetimes_today": "2026-06-07 00:01:38", "cumulative_total": 151.0 }, "geometry": { "type": "Polygon", "coordinates": [ [ [ -76.21111090125774, 45.519461880399277 ], [ -76.217567555055183, 45.521991637484895 ], [ -76.217679656571534, 45.527187247757482 ], [ -76.211333926333154, 45.529853125470453 ], [ -76.204876637864203, 45.527323025711226 ], [ -76.204765714315371, 45.522127390977204 ], [ -76.21111090125774, 45.519461880399277 ] ] ] } },
{ "type": "Feature", "properties": { "hex_id": 586178, "centroid_lon": -73.42347633000503, "centroid_lat": 46.29967318571876, "occurrences_today": 1, "datetimes_today": "2026-06-07 00:01:38", "cumulative_total": 89.0 }, "geometry": { "type": "Polygon", "coordinates": [ [ [ -73.423625421781821, 46.294479075353344 ], [ -73.430040519838954, 46.297165443694517 ], [ -73.429892020727593, 46.302359567606821 ], [ -73.423327197110495, 46.304867290972702 ], [ -73.416911547512726, 46.302180542098391 ], [ -73.417061273058607, 46.296986450457645 ], [ -73.423625421781821, 46.294479075353344 ] ] ] } },
{ "type": "Feature", "properties": { "hex_id": 588620, "centroid_lon": -73.397516858067604, "centroid_lat": 46.299312221172883, "occurrences_today": 1, "datetimes_today": "2026-06-07 00:01:38", "cumulative_total": 141.0 }, "geometry": { "type": "Polygon", "coordinates": [ [ [ -73.397668402290634, 46.294118175875113 ], [ -73.404082150117006, 46.296805984447829 ], [ -73.40393119817908, 46.302000043551715 ], [ -73.397365272051175, 46.304506261346987 ], [ -73.390950973740246, 46.301818072003243 ], [ -73.391103152027441, 46.296624045701549 ], [ -73.397668402290634, 46.294118175875113 ] ] ] } },
{ "type": "Feature", "properties": { "hex_id": 678297, "centroid_lon": -72.490817852470485, "centroid_lat": 45.246261996708149, "occurrences_today": 1, "datetimes_today": "2026-06-07 00:01:38", "cumulative_total": 55.0 }, "geometry": { "type": "Polygon", "coordinates": [ [ [ -72.491046545673655, 45.241069944977966 ], [ -72.497297119775453, 45.243805708841059 ], [ -72.49706897420505, 45.248997782906422 ], [ -72.490589097046211, 45.251454042791245 ], [ -72.484338037543139, 45.248717903573521 ], [ -72.484567340579446, 45.243525879889198 ], [ -72.491046545673655, 45.241069944977966 ] ] ] } },
{ "type": "Feature", "properties": { "hex_id": 458557, "centroid_lon": -74.781986675756073, "centroid_lat": 45.897232531614101, "occurrences_today": 1, "datetimes_today": "2026-06-07 00:01:38", "cumulative_total": 156.0 }, "geometry": { "type": "Polygon", "coordinates": [ [ [ -74.782007008445461, 45.892036121720274 ], [ -74.788441828007194, 45.894646440776249 ], [ -74.788422093708931, 45.899842850477086 ], [ -74.781966337485628, 45.902428936754376 ], [ -74.775530925114793, 45.89981825552497 ], [ -74.77555186177446, 45.894621850257224 ], [ -74.782007008445461, 45.892036121720274 ] ] ] } },
{ "type": "Feature", "properties": { "hex_id": 459778, "centroid_lon": -74.769096116879211, "centroid_lat": 45.897207211835187, "occurrences_today": 1, "datetimes_today": "2026-06-07 00:01:38", "cumulative_total": 239.0 }, "geometry": { "type": "Polygon", "coordinates": [ [ [ -74.769117651762144, 45.892010806505077 ], [ -74.77555186177446, 45.894621850257224 ], [ -74.775530925114793, 45.89981825552497 ], [ -74.769074576085231, 45.9024036124109 ], [ -74.762639773761705, 45.899792206356175 ], [ -74.76266191277692, 45.894595805783631 ], [ -74.769117651762144, 45.892010806505077 ] ] ] } },
{ "type": "Feature", "properties": { "hex_id": 525099, "centroid_lon": -74.080145509100703, "centroid_lat": 45.854764502290195, "occurrences_today": 1, "datetimes_today": "2026-06-07 00:01:38", "cumulative_total": 55.0 }, "geometry": { "type": "Polygon", "coordinates": [ [ [ -74.080231167590199, 45.849568686603796 ], [ -74.086627641685666, 45.852218251533692 ], [ -74.086542570994041, 45.857414074095985 ], [ -74.08005982711434, 45.859960313106448 ], [ -74.073662788721819, 45.85731037962929 ], [ -74.073749058498109, 45.852114575754271 ], [ -74.080231167590199, 45.849568686603796 ] ] ] } },
{ "type": "Feature", "properties": { "hex_id": 525709, "centroid_lon": -74.073835304617162, "centroid_lat": 45.846918767007416, "occurrences_today": 1, "datetimes_today": "2026-06-07 00:01:38", "cumulative_total": 15.0 }, "geometry": { "type": "Polygon", "coordinates": [ [ [ -74.073921527087009, 45.841722953388661 ], [ -74.080316802590801, 45.844372866047237 ], [ -74.080231167590199, 45.849568686603796 ], [ -74.073749058498109, 45.852114575754271 ], [ -74.067353219178301, 45.849464294587634 ], [ -74.06744005275857, 45.844268492843909 ], [ -74.073921527087009, 45.841722953388661 ] ] ] } },
{ "type": "Feature", "properties": { "hex_id": 585567, "centroid_lon": -73.430188978008516, "centroid_lat": 46.291971314673852, "occurrences_today": 1, "datetimes_today": "2026-06-07 00:01:38", "cumulative_total": 48.0 }, "geometry": { "type": "Polygon", "coordinates": [ [ [ -73.430337395250305, 46.286777180544895 ], [ -73.436751941724637, 46.289463168516377 ], [ -73.436604117000456, 46.294657316122965 ], [ -73.430040519838954, 46.297165443694517 ], [ -73.423625421781821, 46.294479075353344 ], [ -73.423774472454966, 46.289284959876611 ], [ -73.430337395250305, 46.286777180544895 ] ] ] } },
{ "type": "Feature", "properties": { "hex_id": 283940, "centroid_lon": -76.618700256762381, "centroid_lat": 45.667716896266704, "occurrences_today": 1, "datetimes_today": "2026-06-07 00:01:38", "cumulative_total": 82.0 }, "geometry": { "type": "Polygon", "coordinates": [ [ [ -76.618550513565083, 45.662522315901327 ], [ -76.625041440073758, 45.665028500362105 ], [ -76.625191796766202, 45.670223061749049 ], [ -76.618850040929942, 45.672911471504911 ], [ -76.612358459948979, 45.670404947051466 ], [ -76.612209289290334, 45.665210352899656 ], [ -76.618550513565083, 45.662522315901327 ] ] ] } },
{ "type": "Feature", "properties": { "hex_id": 544001, "centroid_lon": -73.887806599369313, "centroid_lat": 45.486688596689, "occurrences_today": 1, "datetimes_today": "2026-06-07 00:01:38", "cumulative_total": 196.0 }, "geometry": { "type": "Polygon", "coordinates": [ [ [ -73.887908846506221, 45.481492754607238 ], [ -73.894254580551006, 45.484152784931858 ], [ -73.8941529073509, 45.489348635741877 ], [ -73.887704324312608, 45.491884433844113 ], [ -73.881358044255506, 45.489224037801058 ], [ -73.881460893239634, 45.484028209438712 ], [ -73.887908846506221, 45.481492754607238 ] ] ] } },
{ "type": "Feature", "properties": { "hex_id": 525096, "centroid_lon": -74.080915590573525, "centroid_lat": 45.808001985788792, "occurrences_today": 1, "datetimes_today": "2026-06-07 00:01:38", "cumulative_total": 62.0 }, "geometry": { "type": "Polygon", "coordinates": [ [ [ -74.081001037948951, 45.80280612627169 ], [ -74.08739222907387, 45.80545562939573 ], [ -74.08730736805488, 45.810651495773328 ], [ -74.080830119772713, 45.813197840435897 ], [ -74.074438365720681, 45.810547969367974 ], [ -74.074524422870013, 45.805352121646614 ], [ -74.081001037948951, 45.80280612627169 ] ] ] } },
{ "type": "Feature", "properties": { "hex_id": 476872, "centroid_lon": -74.588630604983194, "centroid_lat": 45.896700059047568, "occurrences_today": 1, "datetimes_today": "2026-06-07 00:01:38", "cumulative_total": 81.0 }, "geometry": { "type": "Polygon", "coordinates": [ [ [ -74.588668969791769, 45.89150374512743 ], [ -74.595094594543681, 45.894124920531397 ], [ -74.59505682559093, 45.899321236215378 ], [ -74.588592229644263, 45.901896368196411 ], [ -74.582166019568689, 45.899274828693272 ], [ -74.582204990759891, 45.894078521373793 ], [ -74.588668969791769, 45.89150374512743 ] ] ] } },
{ "type": "Feature", "properties": { "hex_id": 589183, "centroid_lon": -73.412293242710291, "centroid_lat": 45.559020307791357, "occurrences_today": 1, "datetimes_today": "2026-06-07 00:01:38", "cumulative_total": 61.0 }, "geometry": { "type": "Polygon", "coordinates": [ [ [ -73.412439564092779, 45.553825549409595 ], [ -73.418770214330706, 45.556511771797318 ], [ -73.418624462633971, 45.561706543629427 ], [ -73.412146881346004, 45.564215061061233 ], [ -73.405815701410816, 45.561528467588133 ], [ -73.405962632447441, 45.556333727833163 ], [ -73.412439564092779, 45.553825549409595 ] ] ] } },
{ "type": "Feature", "properties": { "hex_id": 771803, "centroid_lon": -71.418948254705384, "centroid_lat": 46.768872372179644, "occurrences_today": 1, "datetimes_today": "2026-06-07 00:01:38", "cumulative_total": 31.0 }, "geometry": { "type": "Polygon", "coordinates": [ [ [ -71.419292325522321, 46.76368687916198 ], [ -71.425655768254771, 46.766484190732299 ], [ -71.425312274563439, 46.771669717270342 ], [ -71.418604088561281, 46.774057858530746 ], [ -71.412240164046878, 46.771260142516752 ], [ -71.412584907283602, 46.766074689752692 ], [ -71.419292325522321, 46.76368687916198 ] ] ] } },
{ "type": "Feature", "properties": { "hex_id": 773024, "centroid_lon": -71.40587691212437, "centroid_lat": 46.768462089212051, "occurrences_today": 1, "datetimes_today": "2026-06-07 00:01:38", "cumulative_total": 31.0 }, "geometry": { "type": "Polygon", "coordinates": [ [ [ -71.406222232265065, 46.76327667009501 ], [ -71.412584907283602, 46.766074689752692 ], [ -71.412240164046878, 46.771260142516752 ], [ -71.405531496312292, 46.77364750164849 ], [ -71.399168340077736, 46.770849077444957 ], [ -71.399514332760688, 46.765663698722186 ], [ -71.406222232265065, 46.76327667009501 ] ] ] } },
{ "type": "Feature", "properties": { "hex_id": 475651, "centroid_lon": -74.601520825516801, "centroid_lat": 45.896745735395299, "occurrences_today": 1, "datetimes_today": "2026-06-07 00:01:38", "cumulative_total": 31.0 }, "geometry": { "type": "Polygon", "coordinates": [ [ [ -74.601557988246554, 45.891549413242451 ], [ -74.607984229418406, 45.894169865833895 ], [ -74.607947662714665, 45.899366189620309 ], [ -74.601483652586609, 45.901942052778367 ], [ -74.59505682559093, 45.899321236215378 ], [ -74.595094594543681, 45.894124920531397 ], [ -74.601557988246554, 45.891549413242451 ] ] ] } },
{ "type": "Feature", "properties": { "hex_id": 476261, "centroid_lon": -74.595132353132769, "centroid_lat": 45.888928600076895, "occurrences_today": 1, "datetimes_today": "2026-06-07 00:01:38", "cumulative_total": 28.0 }, "geometry": { "type": "Polygon", "coordinates": [ [ [ -74.595170101361703, 45.883732274851837 ], [ -74.60159514077931, 45.886353086319851 ], [ -74.601557988246554, 45.891549413242451 ], [ -74.595094594543681, 45.894124920531397 ], [ -74.588668969791769, 45.89150374512743 ], [ -74.588707324073539, 45.886307426436005 ], [ -74.595170101361703, 45.883732274851837 ] ] ] } },
{ "type": "Feature", "properties": { "hex_id": 477482, "centroid_lon": -74.582243951257581, "centroid_lat": 45.888882209282265, "occurrences_today": 1, "datetimes_today": "2026-06-07 00:01:38", "cumulative_total": 50.0 }, "geometry": { "type": "Polygon", "coordinates": [ [ [ -74.582282901065355, 45.883685892418619 ], [ -74.588707324073539, 45.886307426436005 ], [ -74.588668969791769, 45.89150374512743 ], [ -74.582204990759891, 45.894078521373793 ], [ -74.575779982917396, 45.891456623292946 ], [ -74.575819538937466, 45.886260313094702 ], [ -74.582282901065355, 45.883685892418619 ] ] ] } },
{ "type": "Feature", "properties": { "hex_id": 586788, "centroid_lon": -73.417210957324883, "centroid_lat": 46.291792353702469, "occurrences_today": 1, "datetimes_today": "2026-06-07 00:01:38", "cumulative_total": 146.0 }, "geometry": { "type": "Polygon", "coordinates": [ [ [ -73.417360600325708, 46.286598251832956 ], [ -73.423774472454966, 46.289284959876611 ], [ -73.423625421781821, 46.294479075353344 ], [ -73.417061273058607, 46.296986450457645 ], [ -73.410646849874169, 46.294299361925276 ], [ -73.410797126454014, 46.289105278843621 ], [ -73.417360600325708, 46.286598251832956 ] ] ] } },
{ "type": "Feature", "properties": { "hex_id": 471972, "centroid_lon": -74.641792043141422, "centroid_lat": 45.647444091189698, "occurrences_today": 1, "datetimes_today": "2026-06-07 00:01:38", "cumulative_total": 29.0 }, "geometry": { "type": "Polygon", "coordinates": [ [ [ -74.641825161108514, 45.642247517140895 ], [ -74.648224806021048, 45.64486574163633 ], [ -74.648192276808985, 45.650062316895259 ], [ -74.641758916111939, 45.652640660471945 ], [ -74.635358691508316, 45.650022075552606 ], [ -74.635392407289771, 45.644825507545413 ], [ -74.641825161108514, 45.642247517140895 ] ] ] } },
{ "type": "Feature", "properties": { "hex_id": 584956, "centroid_lon": -73.436899725696861, "centroid_lat": 46.284269015804568, "occurrences_today": 1, "datetimes_today": "2026-06-07 00:01:38", "cumulative_total": 63.0 }, "geometry": { "type": "Polygon", "coordinates": [ [ [ -73.437047468931056, 46.279074857987617 ], [ -73.443461463780636, 46.281760465752832 ], [ -73.443314312916186, 46.286954636978194 ], [ -73.436751941724637, 46.289463168516377 ], [ -73.430337395250305, 46.286777180544895 ], [ -73.430485771578304, 46.281583041307741 ], [ -73.437047468931056, 46.279074857987617 ] ] ] } },
{ "type": "Feature", "properties": { "hex_id": 839582, "centroid_lon": -70.677117502821659, "centroid_lat": 46.953674072578259, "occurrences_today": 1, "datetimes_today": "2026-06-07 00:01:38", "cumulative_total": 70.0 }, "geometry": { "type": "Polygon", "coordinates": [ [ [ -70.677535414574848, 46.948493389944282 ], [ -70.683878537720474, 46.951331377327001 ], [ -70.683461196716891, 46.956512100772365 ], [ -70.676699475097976, 46.958854747649838 ], [ -70.670355897193389, 46.956016347332515 ], [ -70.670774495626389, 46.950835713139014 ], [ -70.677535414574848, 46.948493389944282 ] ] ] } },
{ "type": "Feature", "properties": { "hex_id": 737614, "centroid_lon": -71.78598507377508, "centroid_lat": 46.764192585654818, "occurrences_today": 1, "datetimes_today": "2026-06-07 00:01:38", "cumulative_total": 21.0 }, "geometry": { "type": "Polygon", "coordinates": [ [ [ -71.786293867815516, 46.759005113166815 ], [ -71.792676867233979, 46.761782437726382 ], [ -71.792368655988824, 46.766969940155278 ], [ -71.785676194153936, 46.769380051850973 ], [ -71.779292697535723, 46.766602325978361 ], [ -71.779602159922518, 46.761414889789968 ], [ -71.786293867815516, 46.759005113166815 ] ] ] } },
{ "type": "Feature", "properties": { "hex_id": 738225, "centroid_lon": -71.778983149380792, "centroid_lat": 46.771789755868355, "occurrences_today": 1, "datetimes_today": "2026-06-07 00:01:38", "cumulative_total": 21.0 }, "geometry": { "type": "Polygon", "coordinates": [ [ [ -71.779292697535723, 46.766602325978361 ], [ -71.785676194153936, 46.769380051850973 ], [ -71.785367228922439, 46.774567511754782 ], [ -71.778673515427997, 46.776977179459422 ], [ -71.772289521699079, 46.774199052111548 ], [ -71.772599738545594, 46.769011658601158 ], [ -71.779292697535723, 46.766602325978361 ] ] ] } },
{ "type": "Feature", "properties": { "hex_id": 738835, "centroid_lon": -71.772909869436461, "centroid_lat": 46.763824258785753, "occurrences_today": 1, "datetimes_today": "2026-06-07 00:01:38", "cumulative_total": 21.0 }, "geometry": { "type": "Polygon", "coordinates": [ [ [ -71.773219914401466, 46.758636852665887 ], [ -71.779602159922518, 46.761414889789968 ], [ -71.779292697535723, 46.766602325978361 ], [ -71.772599738545594, 46.769011658601158 ], [ -71.766216996387072, 46.766233220058375 ], [ -71.766527709826406, 46.761045850378373 ], [ -71.773219914401466, 46.758636852665887 ] ] ] } },
{ "type": "Feature", "properties": { "hex_id": 739446, "centroid_lon": -71.765906196834393, "centroid_lat": 46.771420583427322, "occurrences_today": 1, "datetimes_today": "2026-06-07 00:01:38", "cumulative_total": 21.0 }, "geometry": { "type": "Polygon", "coordinates": [ [ [ -71.766216996387072, 46.766233220058375 ], [ -71.772599738545594, 46.769011658601158 ], [ -71.772289521699079, 46.774199052111548 ], [ -71.76559531113854, 46.776607940484674 ], [ -71.75921207243195, 46.773829100361041 ], [ -71.759523540804139, 46.768641773511987 ], [ -71.766216996387072, 46.766233220058375 ] ] ] } },
{ "type": "Feature", "properties": { "hex_id": 740056, "centroid_lon": -71.759834922875456, "centroid_lat": 46.763454440345271, "occurrences_today": 1, "datetimes_today": "2026-06-07 00:01:38", "cumulative_total": 21.0 }, "geometry": { "type": "Polygon", "coordinates": [ [ [ -71.760146218675786, 46.758267100861389 ], [ -71.766527709826406, 46.761045850378373 ], [ -71.766216996387072, 46.766233220058375 ], [ -71.759523540804139, 46.768641773511987 ], [ -71.75314155357843, 46.765862622470785 ], [ -71.753453517980887, 46.760675319567042 ], [ -71.760146218675786, 46.758267100861389 ] ] ] } },
{ "type": "Feature", "properties": { "hex_id": 740057, "centroid_lon": -71.758900517728989, "centroid_lat": 46.77901642089185, "occurrences_today": 1, "datetimes_today": "2026-06-07 00:01:38", "cumulative_total": 21.0 }, "geometry": { "type": "Polygon", "coordinates": [ [ [ -71.75921207243195, 46.773829100361041 ], [ -71.76559531113854, 46.776607940484674 ], [ -71.76528433926967, 46.781795291229898 ], [ -71.758588876665357, 46.784203735103929 ], [ -71.752205141500312, 46.781424493237232 ], [ -71.752517365368107, 46.776237209306409 ], [ -71.75921207243195, 46.773829100361041 ] ] ] } },
{ "type": "Feature", "properties": { "hex_id": 740667, "centroid_lon": -71.752829502717503, "centroid_lat": 46.771049919050753, "occurrences_today": 1, "datetimes_today": "2026-06-07 00:01:38", "cumulative_total": 21.0 }, "geometry": { "type": "Polygon", "coordinates": [ [ [ -71.75314155357843, 46.765862622470785 ], [ -71.759523540804139, 46.768641773511987 ], [ -71.75921207243195, 46.773829100361041 ], [ -71.752517365368107, 46.776237209306409 ], [ -71.746134882157079, 46.773457656578849 ], [ -71.746447601965272, 46.768270396659098 ], [ -71.75314155357843, 46.765862622470785 ] ] ] } },
{ "type": "Feature", "properties": { "hex_id": 741277, "centroid_lon": -71.746760235127411, "centroid_lat": 46.763083130408937, "occurrences_today": 1, "datetimes_today": "2026-06-07 00:01:38", "cumulative_total": 21.0 }, "geometry": { "type": "Polygon", "coordinates": [ [ [ -71.747072781673481, 46.757895857828878 ], [ -71.753453517980887, 46.760675319567042 ], [ -71.75314155357843, 46.765862622470785 ], [ -71.746447601965272, 46.768270396659098 ], [ -71.740066370145286, 46.76549053329132 ], [ -71.740379585421067, 46.760303297431683 ], [ -71.747072781673481, 46.757895857828878 ] ] ] } },
{ "type": "Feature", "properties": { "hex_id": 741888, "centroid_lon": -71.739753068065923, "centroid_lat": 46.770677762814429, "occurrences_today": 1, "datetimes_today": "2026-06-07 00:01:38", "cumulative_total": 21.0 }, "geometry": { "type": "Polygon", "coordinates": [ [ [ -71.740066370145286, 46.76549053329132 ], [ -71.746447601965272, 46.768270396659098 ], [ -71.746134882157079, 46.773457656578849 ], [ -71.739439679152866, 46.775864986000457 ], [ -71.733057951910411, 46.773084720840963 ], [ -71.733371923064581, 46.767897528118404 ], [ -71.740066370145286, 46.76549053329132 ] ] ] } },
{ "type": "Feature", "properties": { "hex_id": 742498, "centroid_lon": -71.733685807227531, "centroid_lat": 46.762710329052652, "occurrences_today": 1, "datetimes_today": "2026-06-07 00:01:38", "cumulative_total": 21.0 }, "geometry": { "type": "Polygon", "coordinates": [ [ [ -71.7339996044294, 46.757523123644226 ], [ -71.740379585421067, 46.760303297431683 ], [ -71.740066370145286, 46.76549053329132 ], [ -71.733371923064581, 46.767897528118404 ], [ -71.72699144712297, 46.765116952596046 ], [ -71.727305913181894, 46.759929784048346 ], [ -71.7339996044294, 46.757523123644226 ] ] ] } },
{ "type": "Feature", "properties": { "hex_id": 677689, "centroid_lon": -72.495470215970457, "centroid_lat": 45.285342143350562, "occurrences_today": 1, "datetimes_today": "2026-06-07 00:01:38", "cumulative_total": 59.0 }, "geometry": { "type": "Polygon", "coordinates": [ [ [ -72.495698796496157, 45.280150108790728 ], [ -72.501953817979185, 45.282885698016919 ], [ -72.501725786281909, 45.288077754883361 ], [ -72.495241573225456, 45.290534172265488 ], [ -72.488986065143692, 45.287798207227844 ], [ -72.489215256696383, 45.282606200683226 ], [ -72.495698796496157, 45.280150108790728 ] ] ] } },
{ "type": "Feature", "properties": { "hex_id": 676466, "centroid_lon": -72.509573047287361, "centroid_lat": 45.254468363044779, "occurrences_today": 1, "datetimes_today": "2026-06-07 00:01:38", "cumulative_total": 48.0 }, "geometry": { "type": "Polygon", "coordinates": [ [ [ -72.509800097090164, 45.249276244486758 ], [ -72.516052500344301, 45.25201101607135 ], [ -72.515825998676362, 45.257203156786836 ], [ -72.50934593570372, 45.259660475968822 ], [ -72.503093046105846, 45.256925329087942 ], [ -72.503320705803787, 45.251733238384972 ], [ -72.509800097090164, 45.249276244486758 ] ] ] } },
{ "type": "Feature", "properties": { "hex_id": 677077, "centroid_lon": -72.502865324459606, "centroid_lat": 45.262117414152272, "occurrences_today": 1, "datetimes_today": "2026-06-07 00:01:38", "cumulative_total": 48.0 }, "geometry": { "type": "Polygon", "coordinates": [ [ [ -72.503093046105846, 45.256925329087942 ], [ -72.50934593570372, 45.259660475968822 ], [ -72.509118762318664, 45.264852583258588 ], [ -72.502637540844489, 45.267309493577649 ], [ -72.496384164964653, 45.264573971244985 ], [ -72.496612496820305, 45.259381914108694 ], [ -72.503093046105846, 45.256925329087942 ] ] ] } },
{ "type": "Feature", "properties": { "hex_id": 677079, "centroid_lon": -72.501497692512416, "centroid_lat": 45.293269806109301, "occurrences_today": 1, "datetimes_today": "2026-06-07 00:01:38", "cumulative_total": 58.0 }, "geometry": { "type": "Polygon", "coordinates": [ [ [ -72.501725786281909, 45.288077754883361 ], [ -72.507981967651432, 45.29081303518246 ], [ -72.50775442302529, 45.296005108660076 ], [ -72.501269536650028, 45.298461851694391 ], [ -72.495012868240423, 45.295726195535217 ], [ -72.495241573225456, 45.290534172265488 ], [ -72.501725786281909, 45.288077754883361 ] ] ] } },
{ "type": "Feature", "properties": { "hex_id": 677688, "centroid_lon": -72.49615577097255, "centroid_lat": 45.269766022737635, "occurrences_today": 1, "datetimes_today": "2026-06-07 00:01:38", "cumulative_total": 48.0 }, "geometry": { "type": "Polygon", "coordinates": [ [ [ -72.496384164964653, 45.264573971244985 ], [ -72.502637540844489, 45.267309493577649 ], [ -72.502409695239805, 45.27250156736374 ], [ -72.495927314823277, 45.274958068586322 ], [ -72.489673452723508, 45.27222217064638 ], [ -72.489902457239509, 45.267030147154813 ], [ -72.496384164964653, 45.264573971244985 ] ] ] } },
{ "type": "Feature", "properties": { "hex_id": 677690, "centroid_lon": -72.494784100994593, "centroid_lat": 45.300918213159413, "occurrences_today": 1, "datetimes_today": "2026-06-07 00:01:38", "cumulative_total": 59.0 }, "geometry": { "type": "Polygon", "coordinates": [ [ [ -72.495012868240423, 45.295726195535217 ], [ -72.501269536650028, 45.298461851694391 ], [ -72.501041318674041, 45.303653891638376 ], [ -72.49455527146722, 45.306110225137786 ], [ -72.48829811607969, 45.303374192962835 ], [ -72.488527494856157, 45.298182203367972 ], [ -72.495012868240423, 45.295726195535217 ] ] ] } },
{ "type": "Feature", "properties": { "hex_id": 678298, "centroid_lon": -72.490131399451457, "centroid_lat": 45.261838118014907, "occurrences_today": 1, "datetimes_today": "2026-06-07 00:01:38", "cumulative_total": 48.0 }, "geometry": { "type": "Polygon", "coordinates": [ [ [ -72.490360279380127, 45.25664608322694 ], [ -72.496612496820305, 45.259381914108694 ], [ -72.496384164964653, 45.264573971244985 ], [ -72.489902457239509, 45.267030147154813 ], [ -72.483649754019979, 45.264293940714381 ], [ -72.483879244284182, 45.259101933986429 ], [ -72.490360279380127, 45.25664608322694 ] ] ] } },
{ "type": "Feature", "properties": { "hex_id": 678299, "centroid_lon": -72.489444385882734, "centroid_lat": 45.277414188489303, "occurrences_today": 1, "datetimes_today": "2026-06-07 00:01:38", "cumulative_total": 48.0 }, "geometry": { "type": "Polygon", "coordinates": [ [ [ -72.489673452723508, 45.27222217064638 ], [ -72.495927314823277, 45.274958068586322 ], [ -72.495698796496157, 45.280150108790728 ], [ -72.489215256696383, 45.282606200683226 ], [ -72.482960908438884, 45.279869926980467 ], [ -72.483190586118141, 45.27467793721172 ], [ -72.489673452723508, 45.27222217064638 ] ] ] } },
{ "type": "Feature", "properties": { "hex_id": 678300, "centroid_lon": -72.488756811203885, "centroid_lat": 45.292990208122873, "occurrences_today": 1, "datetimes_today": "2026-06-07 00:01:38", "cumulative_total": 58.0 }, "geometry": { "type": "Polygon", "coordinates": [ [ [ -72.488986065143692, 45.287798207227844 ], [ -72.495241573225456, 45.290534172265488 ], [ -72.495012868240423, 45.295726195535217 ], [ -72.488527494856157, 45.298182203367972 ], [ -72.482271500237928, 45.295445862363245 ], [ -72.482501365519624, 45.290253889556546 ], [ -72.488986065143692, 45.287798207227844 ] ] ] } },
{ "type": "Feature", "properties": { "hex_id": 678909, "centroid_lon": -72.483420201304895, "centroid_lat": 45.26948594178959, "occurrences_today": 1, "datetimes_today": "2026-06-07 00:01:38", "cumulative_total": 48.0 }, "geometry": { "type": "Polygon", "coordinates": [ [ [ -72.483649754019979, 45.264293940714381 ], [ -72.489902457239509, 45.267030147154813 ], [ -72.489673452723508, 45.27222217064638 ], [ -72.483190586118141, 45.27467793721172 ], [ -72.476937397181601, 45.271941355057145 ], [ -72.477167560546633, 45.266749382115023 ], [ -72.483649754019979, 45.264293940714381 ] ] ] } },
{ "type": "Feature", "properties": { "hex_id": 678910, "centroid_lon": -72.482731168246318, "centroid_lat": 45.285061911095525, "occurrences_today": 1, "datetimes_today": "2026-06-07 00:01:38", "cumulative_total": 58.0 }, "geometry": { "type": "Polygon", "coordinates": [ [ [ -72.482960908438884, 45.279869926980467 ], [ -72.489215256696383, 45.282606200683226 ], [ -72.488986065143692, 45.287798207227844 ], [ -72.482501365519624, 45.290253889556546 ], [ -72.476246531166822, 45.287517239935433 ], [ -72.476476882512571, 45.282325283967666 ], [ -72.482960908438884, 45.279869926980467 ] ] ] } },
{ "type": "Feature", "properties": { "hex_id": 582513, "centroid_lon": -73.463288336193131, "centroid_lat": 46.269038273258232, "occurrences_today": 1, "datetimes_today": "2026-06-07 00:01:38", "cumulative_total": 32.0 }, "geometry": { "type": "Polygon", "coordinates": [ [ [ -73.463433508647924, 46.263844036721984 ], [ -73.469847072402288, 46.26652816469975 ], [ -73.469702492210644, 46.271722414376441 ], [ -73.46314312371652, 46.274232504701502 ], [ -73.456729007727674, 46.271547996963491 ], [ -73.456874812453734, 46.266353778726923 ], [ -73.463433508647924, 46.263844036721984 ] ] ] } },
{ "type": "Feature", "properties": { "hex_id": 583124, "centroid_lon": -73.456583162804307, "centroid_lat": 46.276742210104068, "occurrences_today": 1, "datetimes_today": "2026-06-07 00:01:38", "cumulative_total": 31.0 }, "geometry": { "type": "Polygon", "coordinates": [ [ [ -73.456729007727674, 46.271547996963491 ], [ -73.46314312371652, 46.274232504701502 ], [ -73.462997871204408, 46.2794267310517 ], [ -73.456437277669892, 46.281936418148589 ], [ -73.45002260948776, 46.279251530486931 ], [ -73.450169087019631, 46.274057335718261 ], [ -73.456729007727674, 46.271547996963491 ] ] ] } },
{ "type": "Feature", "properties": { "hex_id": 533021, "centroid_lon": -74.000473895453894, "centroid_lat": 45.628042906671318, "occurrences_today": 1, "datetimes_today": "2026-06-07 00:01:38", "cumulative_total": 38.0 }, "geometry": { "type": "Polygon", "coordinates": [ [ [ -74.000566239692091, 45.622847005116441 ], [ -74.006933214037403, 45.625500889292375 ], [ -74.006841449538243, 45.630696798480834 ], [ -74.000381525955959, 45.633238803333718 ], [ -73.994013997135596, 45.630584552726113 ], [ -73.99410694636407, 45.625388663762138 ], [ -74.000566239692091, 45.622847005116441 ] ] ] } },
{ "type": "Feature", "properties": { "hex_id": 677075, "centroid_lon": -72.504230725525161, "centroid_lat": 45.23096481919282, "occurrences_today": 1, "datetimes_today": "2026-06-07 00:01:38", "cumulative_total": 45.0 }, "geometry": { "type": "Polygon", "coordinates": [ [ [ -72.504458075790907, 45.225772700301292 ], [ -72.51070767890424, 45.228507713921182 ], [ -72.510480876019201, 45.233699855011984 ], [ -72.504003313414188, 45.236156932447273 ], [ -72.497753224775693, 45.233421543783464 ], [ -72.497981184246797, 45.228229452791844 ], [ -72.504458075790907, 45.225772700301292 ] ] ] } },
{ "type": "Feature", "properties": { "hex_id": 677076, "centroid_lon": -72.503548303574092, "centroid_lat": 45.246541142043661, "occurrences_today": 1, "datetimes_today": "2026-06-07 00:01:38", "cumulative_total": 45.0 }, "geometry": { "type": "Polygon", "coordinates": [ [ [ -72.503775839437338, 45.241349040064321 ], [ -72.510027085132705, 45.244084120295078 ], [ -72.509800097090164, 45.249276244486758 ], [ -72.503320705803787, 45.251733238384972 ], [ -72.49706897420505, 45.248997782906422 ], [ -72.497297119775453, 45.243805708841059 ], [ -72.503775839437338, 45.241349040064321 ] ] ] } },
{ "type": "Feature", "properties": { "hex_id": 677685, "centroid_lon": -72.498209081726088, "centroid_lat": 45.223037356158763, "occurrences_today": 1, "datetimes_today": "2026-06-07 00:01:38", "cumulative_total": 58.0 }, "geometry": { "type": "Polygon", "coordinates": [ [ [ -72.498436917234159, 45.217845253884541 ], [ -72.504685364231946, 45.220580575772964 ], [ -72.504458075790907, 45.225772700301292 ], [ -72.497981184246797, 45.228229452791844 ], [ -72.491732252163487, 45.225493755907962 ], [ -72.491960696689176, 45.220301681592545 ], [ -72.498436917234159, 45.217845253884541 ] ] ] } },
{ "type": "Feature", "properties": { "hex_id": 677686, "centroid_lon": -72.497525203292113, "centroid_lat": 45.238613629133305, "occurrences_today": 1, "datetimes_today": "2026-06-07 00:01:38", "cumulative_total": 45.0 }, "geometry": { "type": "Polygon", "coordinates": [ [ [ -72.497753224775693, 45.233421543783464 ], [ -72.504003313414188, 45.236156932447273 ], [ -72.503775839437338, 45.241349040064321 ], [ -72.497297119775453, 45.243805708841059 ], [ -72.491046545673655, 45.241069944977966 ], [ -72.49127517667641, 45.235877887600992 ], [ -72.497753224775693, 45.233421543783464 ] ] ] } },
{ "type": "Feature", "properties": { "hex_id": 678296, "centroid_lon": -72.491503745499458, "centroid_lat": 45.230685824577556, "occurrences_today": 1, "datetimes_today": "2026-06-07 00:01:38", "cumulative_total": 95.0 }, "geometry": { "type": "Polygon", "coordinates": [ [ [ -72.491732252163487, 45.225493755907962 ], [ -72.497981184246797, 45.228229452791844 ], [ -72.497753224775693, 45.233421543783464 ], [ -72.49127517667641, 45.235877887600992 ], [ -72.485025759569538, 45.233141815566391 ], [ -72.485254875564834, 45.227949774928533 ], [ -72.491732252163487, 45.225493755907962 ] ] ] } },
{ "type": "Feature", "properties": { "hex_id": 678906, "centroid_lon": -72.485483929254585, "centroid_lat": 45.222757728640161, "occurrences_today": 1, "datetimes_today": "2026-06-07 00:01:38", "cumulative_total": 58.0 }, "geometry": { "type": "Polygon", "coordinates": [ [ [ -72.485712920659566, 45.217565676701533 ], [ -72.491960696689176, 45.220301681592545 ], [ -72.491732252163487, 45.225493755907962 ], [ -72.485254875564834, 45.227949774928533 ], [ -72.479006614951089, 45.225213394935366 ], [ -72.479236215499412, 45.220021371087334 ], [ -72.485712920659566, 45.217565676701533 ] ] ] } },
{ "type": "Feature", "properties": { "hex_id": 678907, "centroid_lon": -72.484796581247991, "centroid_lat": 45.238333850553389, "occurrences_today": 1, "datetimes_today": "2026-06-07 00:01:38", "cumulative_total": 45.0 }, "geometry": { "type": "Polygon", "coordinates": [ [ [ -72.485025759569538, 45.233141815566391 ], [ -72.49127517667641, 45.235877887600992 ], [ -72.491046545673655, 45.241069944977966 ], [ -72.484567340579446, 45.243525879889198 ], [ -72.478317438511155, 45.240789432548539 ], [ -72.478547226477744, 45.235597425666292 ], [ -72.485025759569538, 45.233141815566391 ] ] ] } },
{ "type": "Feature", "properties": { "hex_id": 679517, "centroid_lon": -72.478776951950792, "centroid_lat": 45.230405413128459, "occurrences_today": 1, "datetimes_today": "2026-06-07 00:01:38", "cumulative_total": 58.0 }, "geometry": { "type": "Polygon", "coordinates": [ [ [ -72.479006614951089, 45.225213394935366 ], [ -72.485254875564834, 45.227949774928533 ], [ -72.485025759569538, 45.233141815566391 ], [ -72.478547226477744, 45.235597425666292 ], [ -72.47229848134215, 45.232860670415697 ], [ -72.472528753799409, 45.227668680386174 ], [ -72.479006614951089, 45.225213394935366 ] ] ] } },
{ "type": "Feature", "properties": { "hex_id": 679518, "centroid_lon": -72.47808758803022, "centroid_lat": 45.245981433774901, "occurrences_today": 1, "datetimes_today": "2026-06-07 00:01:38", "cumulative_total": 45.0 }, "geometry": { "type": "Polygon", "coordinates": [ [ [ -72.478317438511155, 45.240789432548539 ], [ -72.484567340579446, 45.243525879889198 ], [ -72.484338037543139, 45.248717903573521 ], [ -72.477857675014121, 45.25117342934503 ], [ -72.471607288046783, 45.248436606543009 ], [ -72.471837748486678, 45.243244633494427 ], [ -72.478317438511155, 45.240789432548539 ] ] ] } },
{ "type": "Feature", "properties": { "hex_id": 679519, "centroid_lon": -72.477397661293168, "centroid_lat": 45.261557403515425, "occurrences_today": 1, "datetimes_today": "2026-06-07 00:01:38", "cumulative_total": 45.0 }, "geometry": { "type": "Polygon", "coordinates": [ [ [ -72.477627699442053, 45.256365419258664 ], [ -72.483879244284182, 45.259101933986429 ], [ -72.483649754019979, 45.264293940714381 ], [ -72.477167560546633, 45.266749382115023 ], [ -72.470915530427916, 45.264012491721786 ], [ -72.471146179038286, 45.258820535657009 ], [ -72.477627699442053, 45.256365419258664 ] ] ] } },
{ "type": "Feature", "properties": { "hex_id": 680127, "centroid_lon": -72.472758963637503, "centroid_lat": 45.222476684696993, "occurrences_today": 1, "datetimes_today": "2026-06-07 00:01:38", "cumulative_total": 58.0 }, "geometry": { "type": "Polygon", "coordinates": [ [ [ -72.472989110877208, 45.21728468334846 ], [ -72.479236215499412, 45.220021371087334 ], [ -72.479006614951089, 45.225213394935366 ], [ -72.472528753799409, 45.227668680386174 ], [ -72.466281165094586, 45.224931617438521 ], [ -72.466511921603228, 45.219739644312376 ], [ -72.472989110877208, 45.21728468334846 ] ] ] } },
{ "type": "Feature", "properties": { "hex_id": 680128, "centroid_lon": -72.472068146244865, "centroid_lat": 45.238052654785221, "occurrences_today": 1, "datetimes_today": "2026-06-07 00:01:38", "cumulative_total": 45.0 }, "geometry": { "type": "Polygon", "coordinates": [ [ [ -72.47229848134215, 45.232860670415697 ], [ -72.478547226477744, 45.235597425666292 ], [ -72.478317438511155, 45.240789432548539 ], [ -72.471837748486678, 45.243244633494427 ], [ -72.465588518891707, 45.240507502831143 ], [ -72.465819463759715, 45.235315546698217 ], [ -72.47229848134215, 45.232860670415697 ] ] ] } },
{ "type": "Feature", "properties": { "hex_id": 680129, "centroid_lon": -72.471376764904278, "centroid_lat": 45.253628573930648, "occurrences_today": 1, "datetimes_today": "2026-06-07 00:01:38", "cumulative_total": 45.0 }, "geometry": { "type": "Polygon", "coordinates": [ [ [ -72.471607288046783, 45.248436606543009 ], [ -72.477857675014121, 45.25117342934503 ], [ -72.477627699442053, 45.256365419258664 ], [ -72.471146179038286, 45.258820535657009 ], [ -72.464895307234414, 45.256083337238252 ], [ -72.465126440649968, 45.250891398101466 ], [ -72.471607288046783, 45.248436606543009 ] ] ] } },
{ "type": "Feature", "properties": { "hex_id": 680738, "centroid_lon": -72.466050345820392, "centroid_lat": 45.230123584900582, "occurrences_today": 1, "datetimes_today": "2026-06-07 00:01:38", "cumulative_total": 57.0 }, "geometry": { "type": "Polygon", "coordinates": [ [ [ -72.466281165094586, 45.224931617438521 ], [ -72.472528753799409, 45.227668680386174 ], [ -72.47229848134215, 45.232860670415697 ], [ -72.465819463759715, 45.235315546698217 ], [ -72.459571391034842, 45.232578108386562 ], [ -72.459802819891564, 45.227386169219933 ], [ -72.466281165094586, 45.224931617438521 ] ] ] } },
{ "type": "Feature", "properties": { "hex_id": 680739, "centroid_lon": -72.465357511195421, "centroid_lat": 45.24569945329899, "occurrences_today": 1, "datetimes_today": "2026-06-07 00:01:38", "cumulative_total": 45.0 }, "geometry": { "type": "Polygon", "coordinates": [ [ [ -72.465588518891707, 45.240507502831143 ], [ -72.471837748486678, 45.243244633494427 ], [ -72.471607288046783, 45.248436606543009 ], [ -72.465126440649968, 45.250891398101466 ], [ -72.458876726658247, 45.24815389187016 ], [ -72.459108344439144, 45.242961969711999 ], [ -72.465588518891707, 45.240507502831143 ] ] ] } },
{ "type": "Feature", "properties": { "hex_id": 681349, "centroid_lon": -72.459339899224346, "centroid_lat": 45.237770041884026, "occurrences_today": 1, "datetimes_today": "2026-06-07 00:01:38", "cumulative_total": 45.0 }, "geometry": { "type": "Polygon", "coordinates": [ [ [ -72.459571391034842, 45.232578108386562 ], [ -72.465819463759715, 45.235315546698217 ], [ -72.465588518891707, 45.240507502831143 ], [ -72.459108344439144, 45.242961969711999 ], [ -72.452859787757006, 45.240224155881087 ], [ -72.453091889463721, 45.235032250752127 ], [ -72.459571391034842, 45.232578108386562 ] ] ] } },
{ "type": "Feature", "properties": { "hex_id": 354746, "centroid_lon": -75.871327386153467, "centroid_lat": 45.48878004491668, "occurrences_today": 1, "datetimes_today": "2026-06-07 00:01:38", "cumulative_total": 62.0 }, "geometry": { "type": "Polygon", "coordinates": [ [ [ -75.871247274749948, 45.483583826024372 ], [ -75.87768486613794, 45.486132955851403 ], [ -75.877765576604375, 45.49132916348821 ], [ -75.871407519434484, 45.493976258951072 ], [ -75.864969307102399, 45.491426783268665 ], [ -75.864889772891644, 45.486230558043303 ], [ -75.871247274749948, 45.483583826024372 ] ] ] } },
{ "type": "Feature", "properties": { "hex_id": 583125, "centroid_lon": -73.456145386712819, "centroid_lat": 46.292324818949112, "occurrences_today": 1, "datetimes_today": "2026-06-07 00:01:38", "cumulative_total": 29.0 }, "geometry": { "type": "Polygon", "coordinates": [ [ [ -73.456291352310672, 46.287130621096971 ], [ -73.462707246018766, 46.289815168472536 ], [ -73.462561873317796, 46.295009379542996 ], [ -73.455999380862565, 46.297519011704914 ], [ -73.449582934516854, 46.294834084198087 ], [ -73.44972953325022, 46.28963990472694 ], [ -73.456291352310672, 46.287130621096971 ] ] ] } },
{ "type": "Feature", "properties": { "hex_id": 583734, "centroid_lon": -73.450315524178677, "centroid_lat": 46.268863135850602, "occurrences_today": 1, "datetimes_today": "2026-06-07 00:01:38", "cumulative_total": 30.0 }, "geometry": { "type": "Polygon", "coordinates": [ [ [ -73.450461920978711, 46.263668930884052 ], [ -73.456874812453734, 46.266353778726923 ], [ -73.456729007727674, 46.271547996963491 ], [ -73.450169087019631, 46.274057335718261 ], [ -73.443755643836553, 46.271372107995902 ], [ -73.44390267305576, 46.266177921464518 ], [ -73.450461920978711, 46.263668930884052 ] ] ] } },
{ "type": "Feature", "properties": { "hex_id": 583735, "centroid_lon": -73.449876091569223, "centroid_lat": 46.284445720156519, "occurrences_today": 1, "datetimes_today": "2026-06-07 00:01:38", "cumulative_total": 30.0 }, "geometry": { "type": "Polygon", "coordinates": [ [ [ -73.45002260948776, 46.279251530486931 ], [ -73.456437277669892, 46.281936418148589 ], [ -73.456291352310672, 46.287130621096971 ], [ -73.44972953325022, 46.28963990472694 ], [ -73.443314312916186, 46.286954636978194 ], [ -73.443461463780636, 46.281760465752832 ], [ -73.45002260948776, 46.279251530486931 ] ] ] } },
{ "type": "Feature", "properties": { "hex_id": 583736, "centroid_lon": -73.449436295355355, "centroid_lat": 46.300028258569931, "occurrences_today": 1, "datetimes_today": "2026-06-07 00:01:38", "cumulative_total": 30.0 }, "geometry": { "type": "Polygon", "coordinates": [ [ [ -73.449582934516854, 46.294834084198087 ], [ -73.455999380862565, 46.297519011704914 ], [ -73.455853334746124, 46.302713199364305 ], [ -73.449289615751795, 46.305222427842324 ], [ -73.442872616809979, 46.30253712004076 ], [ -73.443019889444756, 46.297342964122244 ], [ -73.449582934516854, 46.294834084198087 ] ] ] } },
{ "type": "Feature", "properties": { "hex_id": 584345, "centroid_lon": -73.443608574082802, "centroid_lat": 46.276566289425375, "occurrences_today": 1, "datetimes_today": "2026-06-07 00:01:38", "cumulative_total": 30.0 }, "geometry": { "type": "Polygon", "coordinates": [ [ [ -73.443755643836553, 46.271372107995902 ], [ -73.450169087019631, 46.274057335718261 ], [ -73.45002260948776, 46.279251530486931 ], [ -73.443461463780636, 46.281760465752832 ], [ -73.437047468931056, 46.279074857987617 ], [ -73.437195171441203, 46.2738806950656 ], [ -73.443755643836553, 46.271372107995902 ] ] ] } },
{ "type": "Feature", "properties": { "hex_id": 584346, "centroid_lon": -73.443167121475511, "centroid_lat": 46.292148803101348, "occurrences_today": 1, "datetimes_today": "2026-06-07 00:01:38", "cumulative_total": 42.0 }, "geometry": { "type": "Polygon", "coordinates": [ [ [ -73.443314312916186, 46.286954636978194 ], [ -73.44972953325022, 46.28963990472694 ], [ -73.449582934516854, 46.294834084198087 ], [ -73.443019889444756, 46.297342964122244 ], [ -73.436604117000456, 46.294657316122965 ], [ -73.436751941724637, 46.289463168516377 ], [ -73.443314312916186, 46.286954636978194 ] ] ] } },
{ "type": "Feature", "properties": { "hex_id": 584955, "centroid_lon": -73.437342833241232, "centroid_lat": 46.268686527038625, "occurrences_today": 1, "datetimes_today": "2026-06-07 00:01:38", "cumulative_total": 30.0 }, "geometry": { "type": "Polygon", "coordinates": [ [ [ -73.437490454345067, 46.263492353906784 ], [ -73.44390267305576, 46.266177921464518 ], [ -73.443755643836553, 46.271372107995902 ], [ -73.437195171441203, 46.2738806950656 ], [ -73.430782401549038, 46.271194747509249 ], [ -73.430930655219754, 46.266000592948089 ], [ -73.437490454345067, 46.263492353906784 ] ] ] } },
{ "type": "Feature", "properties": { "hex_id": 584957, "centroid_lon": -73.43645625151035, "centroid_lat": 46.299851458624246, "occurrences_today": 1, "datetimes_today": "2026-06-07 00:01:38", "cumulative_total": 42.0 }, "geometry": { "type": "Polygon", "coordinates": [ [ [ -73.436604117000456, 46.294657316122965 ], [ -73.443019889444756, 46.297342964122244 ], [ -73.442872616809979, 46.30253712004076 ], [ -73.436308345240334, 46.305045596020094 ], [ -73.429892020727593, 46.302359567606821 ], [ -73.430040519838954, 46.297165443694517 ], [ -73.436604117000456, 46.294657316122965 ] ] ] } },
{ "type": "Feature", "properties": { "hex_id": 585566, "centroid_lon": -73.43063410700654, "centroid_lat": 46.276388896962487, "occurrences_today": 1, "datetimes_today": "2026-06-07 00:01:38", "cumulative_total": 30.0 }, "geometry": { "type": "Polygon", "coordinates": [ [ [ -73.430782401549038, 46.271194747509249 ], [ -73.437195171441203, 46.2738806950656 ], [ -73.437047468931056, 46.279074857987617 ], [ -73.430485771578304, 46.281583041307741 ], [ -73.424072450546532, 46.278896713589432 ], [ -73.424221377993121, 46.273702582779194 ], [ -73.430782401549038, 46.271194747509249 ] ] ] } },
{ "type": "Feature", "properties": { "hex_id": 586177, "centroid_lon": -73.423923482038504, "centroid_lat": 46.284090839288602, "occurrences_today": 1, "datetimes_today": "2026-06-07 00:01:38", "cumulative_total": 30.0 }, "geometry": { "type": "Polygon", "coordinates": [ [ [ -73.424072450546532, 46.278896713589432 ], [ -73.430485771578304, 46.281583041307741 ], [ -73.430337395250305, 46.286777180544895 ], [ -73.423774472454966, 46.289284959876611 ], [ -73.417360600325708, 46.286598251832956 ], [ -73.417510202075221, 46.281404144849205 ], [ -73.424072450546532, 46.278896713589432 ] ] ] } },
{ "type": "Feature", "properties": { "hex_id": 586787, "centroid_lon": -73.417659762587533, "centroid_lat": 46.276210032751308, "occurrences_today": 1, "datetimes_today": "2026-06-07 00:01:38", "cumulative_total": 30.0 }, "geometry": { "type": "Polygon", "coordinates": [ [ [ -73.417809281876771, 46.271015915539358 ], [ -73.424221377993121, 46.273702582779194 ], [ -73.424072450546532, 46.278896713589432 ], [ -73.417510202075221, 46.281404144849205 ], [ -73.411097555346345, 46.278717097328432 ], [ -73.41124770768721, 46.273522998895068 ], [ -73.417809281876771, 46.271015915539358 ] ] ] } },
{ "type": "Feature", "properties": { "hex_id": 586789, "centroid_lon": -73.416761780673127, "centroid_lat": 46.307374628624622, "occurrences_today": 1, "datetimes_today": "2026-06-07 00:01:38", "cumulative_total": 30.0 }, "geometry": { "type": "Polygon", "coordinates": [ [ [ -73.416911547512726, 46.302180542098391 ], [ -73.423327197110495, 46.304867290972702 ], [ -73.42317802308412, 46.310061391115127 ], [ -73.416611972525629, 46.312568710036231 ], [ -73.410195771429599, 46.309881580465309 ], [ -73.41034617237618, 46.304687512736216 ], [ -73.416911547512726, 46.302180542098391 ] ] ] } },
{ "type": "Feature", "properties": { "hex_id": 587398, "centroid_lon": -73.410947361606688, "centroid_lat": 46.283911190644652, "occurrences_today": 1, "datetimes_today": "2026-06-07 00:01:38", "cumulative_total": 30.0 }, "geometry": { "type": "Polygon", "coordinates": [ [ [ -73.411097555346345, 46.278717097328432 ], [ -73.417510202075221, 46.281404144849205 ], [ -73.417360600325708, 46.286598251832956 ], [ -73.410797126454014, 46.289105278843621 ], [ -73.404383929155074, 46.286417850878571 ], [ -73.404534756283709, 46.281223776413391 ], [ -73.411097555346345, 46.278717097328432 ] ] ] } },
{ "type": "Feature", "properties": { "hex_id": 587399, "centroid_lon": -73.410496531852957, "centroid_lat": 46.299493439889517, "occurrences_today": 1, "datetimes_today": "2026-06-07 00:01:38", "cumulative_total": 91.0 }, "geometry": { "type": "Polygon", "coordinates": [ [ [ -73.410646849874169, 46.294299361925276 ], [ -73.417061273058607, 46.296986450457645 ], [ -73.416911547512726, 46.302180542098391 ], [ -73.41034617237618, 46.304687512736216 ], [ -73.40393119817908, 46.302000043551715 ], [ -73.404082150117006, 46.296805984447829 ], [ -73.410646849874169, 46.294299361925276 ] ] ] } },
{ "type": "Feature", "properties": { "hex_id": 587400, "centroid_lon": -73.410045328999033, "centroid_lat": 46.315075643076682, "occurrences_today": 1, "datetimes_today": "2026-06-07 00:01:38", "cumulative_total": 30.0 }, "geometry": { "type": "Polygon", "coordinates": [ [ [ -73.410195771429599, 46.309881580465309 ], [ -73.416611972525629, 46.312568710036231 ], [ -73.416462123056093, 46.317762786333141 ], [ -73.409894845070255, 46.32026970057025 ], [ -73.403478092518526, 46.317582190139184 ], [ -73.403629169394108, 46.312388146397474 ], [ -73.410195771429599, 46.309881580465309 ] ] ] } },
{ "type": "Feature", "properties": { "hex_id": 588009, "centroid_lon": -73.404233060437591, "centroid_lat": 46.291611920223417, "occurrences_today": 1, "datetimes_today": "2026-06-07 00:01:38", "cumulative_total": 32.0 }, "geometry": { "type": "Polygon", "coordinates": [ [ [ -73.404383929155074, 46.286417850878571 ], [ -73.410797126454014, 46.289105278843621 ], [ -73.410646849874169, 46.294299361925276 ], [ -73.404082150117006, 46.296805984447829 ], [ -73.397668402290634, 46.294118175875113 ], [ -73.397819904734604, 46.288924125453796 ], [ -73.404383929155074, 46.286417850878571 ] ] ] } },
{ "type": "Feature", "properties": { "hex_id": 588010, "centroid_lon": -73.403780204609532, "centroid_lat": 46.307194097534946, "occurrences_today": 1, "datetimes_today": "2026-06-07 00:01:38", "cumulative_total": 75.0 }, "geometry": { "type": "Polygon", "coordinates": [ [ [ -73.40393119817908, 46.302000043551715 ], [ -73.41034617237618, 46.304687512736216 ], [ -73.410195771429599, 46.309881580465309 ], [ -73.403629169394108, 46.312388146397474 ], [ -73.397213644227051, 46.309700296397359 ], [ -73.397365272051175, 46.304506261346987 ], [ -73.40393119817908, 46.302000043551715 ] ] ] } },
{ "type": "Feature", "properties": { "hex_id": 532411, "centroid_lon": -74.006749659937071, "centroid_lat": 45.635892702778634, "occurrences_today": 1, "datetimes_today": "2026-06-07 00:01:38", "cumulative_total": 39.0 }, "geometry": { "type": "Polygon", "coordinates": [ [ [ -74.006841449538243, 45.630696798480834 ], [ -74.013209608625587, 45.633350339092004 ], [ -74.013118399087389, 45.638546250962172 ], [ -74.006657845225419, 45.641088602185725 ], [ -74.000289131189788, 45.638434695103577 ], [ -74.000381525955959, 45.633238803333718 ], [ -74.006841449538243, 45.630696798480834 ] ] ] } },
{ "type": "Feature", "properties": { "hex_id": 634333, "centroid_lon": -72.953698168922912, "centroid_lat": 45.13076745581359, "occurrences_today": 1, "datetimes_today": "2026-06-07 00:01:38", "cumulative_total": 36.0 }, "geometry": { "type": "Polygon", "coordinates": [ [ [ -72.953883944716893, 45.125573627373804 ], [ -72.960145158622751, 45.128284255603283 ], [ -72.959959933575774, 45.133478101850585 ], [ -72.953512342636415, 45.135961278908951 ], [ -72.947250628484454, 45.133250280855556 ], [ -72.947437005501186, 45.128056475631205 ], [ -72.953883944716893, 45.125573627373804 ] ] ] } },
{ "type": "Feature", "properties": { "hex_id": 709535, "centroid_lon": -72.083417486513326, "centroid_lat": 46.834518890944537, "occurrences_today": 1, "datetimes_today": "2026-06-07 00:01:38", "cumulative_total": 51.0 }, "geometry": { "type": "Polygon", "coordinates": [ [ [ -72.083698418823801, 46.829330038183777 ], [ -72.090105690253296, 46.832091251023854 ], [ -72.089825347606308, 46.837280130845876 ], [ -72.083136476248583, 46.839707737684982 ], [ -72.076728693123385, 46.836946125125195 ], [ -72.077010293024557, 46.831757305513186 ], [ -72.083698418823801, 46.829330038183777 ] ] ] } },
{ "type": "Feature", "properties": { "hex_id": 710145, "centroid_lon": -72.077291814811247, "centroid_lat": 46.826568479875306, "occurrences_today": 1, "datetimes_today": "2026-06-07 00:01:38", "cumulative_total": 51.0 }, "geometry": { "type": "Polygon", "coordinates": [ [ [ -72.077573258510554, 46.821379648211988 ], [ -72.083979273207049, 46.824141179403114 ], [ -72.083698418823801, 46.829330038183777 ], [ -72.077010293024557, 46.831757305513186 ], [ -72.070603767112928, 46.828995374656984 ], [ -72.070885878188577, 46.823806576203594 ], [ -72.077573258510554, 46.821379648211988 ] ] ] } },
{ "type": "Feature", "properties": { "hex_id": 784626, "centroid_lon": -71.279031584409054, "centroid_lat": 46.80337515280155, "occurrences_today": 1, "datetimes_today": "2026-06-07 00:01:38", "cumulative_total": 76.0 }, "geometry": { "type": "Polygon", "coordinates": [ [ [ -71.27938951100181, 46.798190500209444 ], [ -71.285749184208058, 46.800995499450813 ], [ -71.285391833568269, 46.806180186942967 ], [ -71.278673558619872, 46.808559798571615 ], [ -71.272313408674265, 46.805754393268458 ], [ -71.272672010382067, 46.800569782465104 ], [ -71.27938951100181, 46.798190500209444 ] ] ] } },
{ "type": "Feature", "properties": { "hex_id": 333426, "centroid_lon": -76.109874779968465, "centroid_lat": 46.227213783801801, "occurrences_today": 1, "datetimes_today": "2026-06-07 00:01:38", "cumulative_total": 81.0 }, "geometry": { "type": "Polygon", "coordinates": [ [ [ -76.109770077470131, 46.222018613854438 ], [ -76.116304733843776, 46.224553081372534 ], [ -76.116410062095369, 46.229748237475974 ], [ -76.109979511321129, 46.232408948823071 ], [ -76.10344420033492, 46.229874128834737 ], [ -76.103340094745406, 46.224678950035766 ], [ -76.109770077470131, 46.222018613854438 ] ] ] } },
{ "type": "Feature", "properties": { "hex_id": 334036, "centroid_lon": -76.103236017836949, "centroid_lat": 46.219483766312862, "occurrences_today": 1, "datetimes_today": "2026-06-07 00:01:38", "cumulative_total": 81.0 }, "geometry": { "type": "Polygon", "coordinates": [ [ [ -76.103131969599772, 46.214288577666039 ], [ -76.10966540381628, 46.216823438981038 ], [ -76.109770077470131, 46.222018613854438 ], [ -76.103340094745406, 46.224678950035766 ], [ -76.096806006436054, 46.222143736275655 ], [ -76.096702554954078, 46.216948538845543 ], [ -76.103131969599772, 46.214288577666039 ] ] ] } },
{ "type": "Feature", "properties": { "hex_id": 1185962, "centroid_lon": -66.404928100851734, "centroid_lat": 50.245850386075482, "occurrences_today": 1, "datetimes_today": "2026-06-07 00:01:38", "cumulative_total": 25.0 }, "geometry": { "type": "Polygon", "coordinates": [ [ [ -66.405858339579865, 50.240716260213858 ], [ -66.412326676540061, 50.24379975181494 ], [ -66.411397031120487, 50.248933962626083 ], [ -66.403997592878582, 50.250984494789762 ], [ -66.397528931905327, 50.247900512633485 ], [ -66.398460033086081, 50.242766488939722 ], [ -66.405858339579865, 50.240716260213858 ] ] ] } },
{ "type": "Feature", "properties": { "hex_id": 1186573, "centroid_lon": -66.396597561225718, "centroid_lat": 50.253034519157751, "occurrences_today": 1, "datetimes_today": "2026-06-07 00:01:38", "cumulative_total": 25.0 }, "geometry": { "type": "Polygon", "coordinates": [ [ [ -66.397528931905327, 50.247900512633485 ], [ -66.403997592878582, 50.250984494789762 ], [ -66.403066815559441, 50.25611858635196 ], [ -66.3956659209462, 50.258168508507708 ], [ -66.389196936262934, 50.255084035635107 ], [ -66.390129169801838, 50.249950131394051 ], [ -66.397528931905327, 50.247900512633485 ] ] ] } },
{ "type": "Feature", "properties": { "hex_id": 508576, "centroid_lon": -74.262121900158405, "centroid_lat": 45.240267144499782, "occurrences_today": 1, "datetimes_today": "2026-06-07 00:01:38", "cumulative_total": 26.0 }, "geometry": { "type": "Polygon", "coordinates": [ [ [ -74.26218915771743, 45.235070528308306 ], [ -74.268525346358089, 45.237709811936355 ], [ -74.268458660230095, 45.242906433097978 ], [ -74.262054624285682, 45.245463755864172 ], [ -74.255717882530746, 45.242824113187595 ], [ -74.255785729828403, 45.237627506857358 ], [ -74.26218915771743, 45.235070528308306 ] ] ] } },
{ "type": "Feature", "properties": { "hex_id": 705849, "centroid_lon": -72.141651715506626, "centroid_lat": 46.477456842844489, "occurrences_today": 1, "datetimes_today": "2026-06-07 00:01:38", "cumulative_total": 21.0 }, "geometry": { "type": "Polygon", "coordinates": [ [ [ -72.141923633078449, 46.472267398623494 ], [ -72.148292791716003, 46.475024628915627 ], [ -72.148021453501585, 46.480214099439564 ], [ -72.141379722835012, 46.482646281107399 ], [ -72.135010059952805, 46.479888656399986 ], [ -72.135282631955988, 46.474699244506333 ], [ -72.141923633078449, 46.472267398623494 ] ] ] } },
{ "type": "Feature", "properties": { "hex_id": 706460, "centroid_lon": -72.134737412667093, "centroid_lat": 46.485078062329791, "occurrences_today": 1, "datetimes_today": "2026-06-07 00:01:38", "cumulative_total": 21.0 }, "geometry": { "type": "Polygon", "coordinates": [ [ [ -72.135010059952805, 46.479888656399986 ], [ -72.141379722835012, 46.482646281107399 ], [ -72.141107655037743, 46.487835713411798 ], [ -72.13446469007296, 46.490267462295385 ], [ -72.128094523023677, 46.487509443011199 ], [ -72.128367825080346, 46.482320069486526 ], [ -72.135010059952805, 46.479888656399986 ] ] ] } },
{ "type": "Feature", "properties": { "hex_id": 531800, "centroid_lon": -74.013300793219528, "centroid_lat": 45.628154422332976, "occurrences_today": 1, "datetimes_today": "2026-06-07 00:01:38", "cumulative_total": 24.0 }, "geometry": { "type": "Polygon", "coordinates": [ [ [ -74.013391952877654, 45.622958500685137 ], [ -74.019759556991417, 45.625611674986025 ], [ -74.019668977246909, 45.630807604139584 ], [ -74.013209608625587, 45.633350339092004 ], [ -74.006841449538243, 45.630696798480834 ], [ -74.006933214037403, 45.625500889292375 ], [ -74.013391952877654, 45.622958500685137 ] ] ] } },
{ "type": "Feature", "properties": { "hex_id": 531801, "centroid_lon": -74.013027164596579, "centroid_lat": 45.643742157943471, "occurrences_today": 1, "datetimes_today": "2026-06-07 00:01:38", "cumulative_total": 24.0 }, "geometry": { "type": "Polygon", "coordinates": [ [ [ -74.013118399087389, 45.638546250962172 ], [ -74.019487743415382, 45.641199447785645 ], [ -74.019397089311667, 45.646395362278085 ], [ -74.012935905144715, 45.648938060035874 ], [ -74.006566005394859, 45.646284496702108 ], [ -74.006657845225419, 45.641088602185725 ], [ -74.013118399087389, 45.638546250962172 ] ] ] } },
{ "type": "Feature", "properties": { "hex_id": 532410, "centroid_lon": -74.007024953443008, "centroid_lat": 45.620304975213273, "occurrences_today": 1, "datetimes_today": "2026-06-07 00:01:38", "cumulative_total": 24.0 }, "geometry": { "type": "Polygon", "coordinates": [ [ [ -74.007116667763484, 45.615109056243547 ], [ -74.013483087608336, 45.617762574148507 ], [ -74.013391952877654, 45.622958500685137 ], [ -74.006933214037403, 45.625500889292375 ], [ -74.000566239692091, 45.622847005116441 ], [ -74.000658558679064, 45.617651098669064 ], [ -74.007116667763484, 45.615109056243547 ] ] ] } },
{ "type": "Feature", "properties": { "hex_id": 730900, "centroid_lon": -71.856543617462393, "centroid_lat": 46.789536888482793, "occurrences_today": 1, "datetimes_today": "2026-06-07 00:01:38", "cumulative_total": 15.0 }, "geometry": { "type": "Polygon", "coordinates": [ [ [ -71.856845906633993, 46.784349083767694 ], [ -71.863235673207114, 46.787122617780064 ], [ -71.862933968734353, 46.792310451760031 ], [ -71.856241244478653, 46.794724686972387 ], [ -71.84985097703337, 46.791950751902533 ], [ -71.850153934686901, 46.786762982744747 ], [ -71.856845906633993, 46.784349083767694 ] ] ] } },
{ "type": "Feature", "properties": { "hex_id": 662425, "centroid_lon": -72.655686655449841, "centroid_lat": 45.265358315862144, "occurrences_today": 1, "datetimes_today": "2026-06-07 00:01:38", "cumulative_total": 12.0 }, "geometry": { "type": "Polygon", "coordinates": [ [ [ -72.655900472968284, 45.260165647364019 ], [ -72.662161394035323, 45.262892574201629 ], [ -72.66194812702507, 45.268085263448057 ], [ -72.655472779737352, 45.270550978826712 ], [ -72.649211366365847, 45.267823677828879 ], [ -72.649425792567129, 45.262631035676307 ], [ -72.655900472968284, 45.260165647364019 ] ] ] } },
{ "type": "Feature", "properties": { "hex_id": 478723, "centroid_lon": -74.566926197508408, "centroid_lat": 46.200604124357604, "occurrences_today": 1, "datetimes_today": "2026-06-07 00:01:38", "cumulative_total": 11.0 }, "geometry": { "type": "Polygon", "coordinates": [ [ [ -74.56696701673981, 46.19540810249363 ], [ -74.573426834655137, 46.198030477860435 ], [ -74.573386620659718, 46.203226501731997 ], [ -74.566885367029926, 46.205800141449529 ], [ -74.56042495512763, 46.203177397889533 ], [ -74.560466390838272, 46.197981382871426 ], [ -74.56696701673981, 46.19540810249363 ] ] ] } }
]
}
