{
"type": "FeatureCollection",
"name": "daily_2026-01-17",
"crs": { "type": "name", "properties": { "name": "urn:ogc:def:crs:OGC:1.3:CRS84" } },
"features": [
{ "type": "Feature", "properties": { "hex_id": 573920, "centroid_lon": -73.57260179789715, "centroid_lat": 45.55334118583702, "occurrences_today": 4, "datetimes_today": "2026-01-17 00:01:47, 2026-01-17 00:17:11, 2026-01-17 00:31:54, 2026-01-17 00:35:55", "cumulative_total": 23.0 }, "geometry": { "type": "Polygon", "coordinates": [ [ [ -73.572733322587496, 45.548146039154012 ], [ -73.579071196399056, 45.550823461507107 ], [ -73.578940243412958, 45.556018620055909 ], [ -73.572470237267979, 45.558536327477874 ], [ -73.566131827697021, 45.555858535598688 ], [ -73.566263960018389, 45.550663405888223 ], [ -73.572733322587496, 45.548146039154012 ] ] ] } },
{ "type": "Feature", "properties": { "hex_id": 574530, "centroid_lon": -73.566396056246006, "centroid_lat": 45.545468271132975, "occurrences_today": 4, "datetimes_today": "2026-01-17 00:01:47, 2026-01-17 00:17:11, 2026-01-17 00:31:54, 2026-01-17 00:35:55", "cumulative_total": 25.0 }, "geometry": { "type": "Polygon", "coordinates": [ [ [ -73.566528116392021, 45.540273131333066 ], [ -73.572864811351081, 45.542950887428901 ], [ -73.572733322587496, 45.548146039154012 ], [ -73.566263960018389, 45.550663405888223 ], [ -73.55992672976457, 45.547985280308424 ], [ -73.560059397362508, 45.542790157542946 ], [ -73.566528116392021, 45.540273131333066 ] ] ] } },
{ "type": "Feature", "properties": { "hex_id": 575141, "centroid_lon": -73.559794025918066, "centroid_lat": 45.55318039802652, "occurrences_today": 4, "datetimes_today": "2026-01-17 00:01:47, 2026-01-17 00:17:11, 2026-01-17 00:31:54, 2026-01-17 00:35:55", "cumulative_total": 25.0 }, "geometry": { "type": "Polygon", "coordinates": [ [ [ -73.55992672976457, 45.547985280308424 ], [ -73.566263960018389, 45.550663405888223 ], [ -73.566131827697021, 45.555858535598688 ], [ -73.55966128581079, 45.558375510697175 ], [ -73.55332352029869, 45.55569701547401 ], [ -73.553456831918936, 45.550501914860313 ], [ -73.55992672976457, 45.547985280308424 ] ] ] } },
{ "type": "Feature", "properties": { "hex_id": 575751, "centroid_lon": -73.553590107123568, "centroid_lat": 45.545306809196546, "occurrences_today": 4, "datetimes_today": "2026-01-17 00:01:47, 2026-01-17 00:17:11, 2026-01-17 00:31:54, 2026-01-17 00:35:55", "cumulative_total": 25.0 }, "geometry": { "type": "Polygon", "coordinates": [ [ [ -73.553723345924837, 45.540111698482782 ], [ -73.560059397362508, 45.542790157542946 ], [ -73.55992672976457, 45.547985280308424 ], [ -73.553456831918936, 45.550501914860313 ], [ -73.547120245687395, 45.547823086198996 ], [ -73.547254092083151, 45.542627992651511 ], [ -73.553723345924837, 45.540111698482782 ] ] ] } },
{ "type": "Feature", "properties": { "hex_id": 576362, "centroid_lon": -73.54698636272127, "centroid_lat": 45.553018174693754, "occurrences_today": 4, "datetimes_today": "2026-01-17 00:01:47, 2026-01-17 00:17:11, 2026-01-17 00:31:54, 2026-01-17 00:35:55", "cumulative_total": 38.0 }, "geometry": { "type": "Polygon", "coordinates": [ [ [ -73.547120245687395, 45.547823086198996 ], [ -73.553456831918936, 45.550501914860313 ], [ -73.55332352029869, 45.55569701547401 ], [ -73.54685244317244, 45.558213258135723 ], [ -73.540515322183836, 45.55553405971385 ], [ -73.540649813066267, 45.550338988455394 ], [ -73.547120245687395, 45.547823086198996 ] ] ] } },
{ "type": "Feature", "properties": { "hex_id": 576973, "centroid_lon": -73.540380794551623, "centroid_lat": 45.560729125916765, "occurrences_today": 4, "datetimes_today": "2026-01-17 00:01:47, 2026-01-17 00:17:11, 2026-01-17 00:31:54, 2026-01-17 00:35:55", "cumulative_total": 36.0 }, "geometry": { "type": "Polygon", "coordinates": [ [ [ -73.540515322183836, 45.55553405971385 ], [ -73.54685244317244, 45.558213258135723 ], [ -73.54671848702867, 45.563408336524802 ], [ -73.540246230157265, 45.565924187064063 ], [ -73.533908574448546, 45.563244618722223 ], [ -73.534043710318983, 45.558049569825684 ], [ -73.540515322183836, 45.55553405971385 ] ] ] } },
{ "type": "Feature", "properties": { "hex_id": 577583, "centroid_lon": -73.534178809272461, "centroid_lat": 45.55285451587087, "occurrences_today": 4, "datetimes_today": "2026-01-17 00:01:47, 2026-01-17 00:17:11, 2026-01-17 00:31:54, 2026-01-17 00:35:55", "cumulative_total": 36.0 }, "geometry": { "type": "Polygon", "coordinates": [ [ [ -73.534313871321373, 45.547659456857865 ], [ -73.540649813066267, 45.550338988455394 ], [ -73.540515322183836, 45.55553405971385 ], [ -73.534043710318983, 45.558049569825684 ], [ -73.52770723431837, 45.555369668350536 ], [ -73.527842904425938, 45.550174626705761 ], [ -73.534313871321373, 45.547659456857865 ] ] ] } },
{ "type": "Feature", "properties": { "hex_id": 578194, "centroid_lon": -73.527571527139074, "centroid_lat": 45.560564704934364, "occurrences_today": 4, "datetimes_today": "2026-01-17 00:01:47, 2026-01-17 00:17:11, 2026-01-17 00:31:54, 2026-01-17 00:35:55", "cumulative_total": 16.0 }, "geometry": { "type": "Polygon", "coordinates": [ [ [ -73.52770723431837, 45.555369668350536 ], [ -73.534043710318983, 45.558049569825684 ], [ -73.533908574448546, 45.563244618722223 ], [ -73.527435782875571, 45.565759736457146 ], [ -73.521098772656529, 45.563079464944998 ], [ -73.521235088216415, 45.557884445799516 ], [ -73.52770723431837, 45.555369668350536 ] ] ] } },
{ "type": "Feature", "properties": { "hex_id": 576962, "centroid_lon": -73.544800869630677, "centroid_lat": 45.389289272394116, "occurrences_today": 4, "datetimes_today": "2026-01-17 00:01:47, 2026-01-17 00:17:11, 2026-01-17 00:31:54, 2026-01-17 00:35:55", "cumulative_total": 26.0 }, "geometry": { "type": "Polygon", "coordinates": [ [ [ -73.54493419100524, 45.384094039406726 ], [ -73.551252539429925, 45.386772837162468 ], [ -73.551119784461292, 45.391968082249306 ], [ -73.544667511898425, 45.394484500328907 ], [ -73.538348633431582, 45.391805334865666 ], [ -73.538482557557586, 45.386610119094541 ], [ -73.54493419100524, 45.384094039406726 ] ] ] } },
{ "type": "Feature", "properties": { "hex_id": 576972, "centroid_lon": -73.540784267211237, "centroid_lat": 45.545143912141498, "occurrences_today": 4, "datetimes_today": "2026-01-17 00:01:47, 2026-01-17 00:17:11, 2026-01-17 00:31:54, 2026-01-17 00:35:55", "cumulative_total": 9.0 }, "geometry": { "type": "Polygon", "coordinates": [ [ [ -73.540918684631094, 45.539948830772239 ], [ -73.547254092083151, 45.542627992651511 ], [ -73.547120245687395, 45.547823086198996 ], [ -73.540649813066267, 45.550338988455394 ], [ -73.534313871321373, 45.547659456857865 ], [ -73.534448896478111, 45.542464392786776 ], [ -73.540918684631094, 45.539948830772239 ] ] ] } },
{ "type": "Feature", "properties": { "hex_id": 1114476, "centroid_lon": -67.359651841739279, "centroid_lat": 49.415832301072015, "occurrences_today": 4, "datetimes_today": "2026-01-17 00:01:47, 2026-01-17 00:17:11, 2026-01-17 00:31:54, 2026-01-17 00:35:55", "cumulative_total": 31.0 }, "geometry": { "type": "Polygon", "coordinates": [ [ [ -67.36045547260953, 49.410685208288513 ], [ -67.366885686747125, 49.413712641449976 ], [ -67.366082642560471, 49.418859809087316 ], [ -67.358847980920856, 49.420979379575634 ], [ -67.352417410090126, 49.417951474448209 ], [ -67.353221857507592, 49.412804470868359 ], [ -67.36045547260953, 49.410685208288513 ] ] ] } },
{ "type": "Feature", "properties": { "hex_id": 1115086, "centroid_lon": -67.35402607482385, "centroid_lat": 49.407657452993547, "occurrences_today": 4, "datetimes_today": "2026-01-17 00:01:47, 2026-01-17 00:17:11, 2026-01-17 00:31:54, 2026-01-17 00:35:55", "cumulative_total": 31.0 }, "geometry": { "type": "Polygon", "coordinates": [ [ [ -67.354830062123526, 49.402510420827369 ], [ -67.361258873616165, 49.405538101228736 ], [ -67.36045547260953, 49.410685208288513 ], [ -67.353221857507592, 49.412804470868359 ], [ -67.346792689780798, 49.409776318595192 ], [ -67.347597493305528, 49.404629375683868 ], [ -67.354830062123526, 49.402510420827369 ] ] ] } },
{ "type": "Feature", "properties": { "hex_id": 1115087, "centroid_lon": -67.351612732486814, "centroid_lat": 49.423098463729453, "occurrences_today": 4, "datetimes_today": "2026-01-17 00:01:47, 2026-01-17 00:17:11, 2026-01-17 00:31:54, 2026-01-17 00:35:55", "cumulative_total": 31.0 }, "geometry": { "type": "Polygon", "coordinates": [ [ [ -67.352417410090126, 49.417951474448209 ], [ -67.358847980920856, 49.420979379575634 ], [ -67.358043890069652, 49.426126443795766 ], [ -67.350807824612986, 49.428245438708466 ], [ -67.344376897343025, 49.425217061454106 ], [ -67.345182391884251, 49.420070161483942 ], [ -67.352417410090126, 49.417951474448209 ] ] ] } },
{ "type": "Feature", "properties": { "hex_id": 1115696, "centroid_lon": -67.348402066660782, "centroid_lat": 49.399482418466093, "occurrences_today": 4, "datetimes_today": "2026-01-17 00:01:47, 2026-01-17 00:17:11, 2026-01-17 00:31:54, 2026-01-17 00:35:55", "cumulative_total": 31.0 }, "geometry": { "type": "Polygon", "coordinates": [ [ [ -67.349206409931114, 49.394335446945533 ], [ -67.355633819491132, 49.397363374373484 ], [ -67.354830062123526, 49.402510420827369 ], [ -67.347597493305528, 49.404629375683868 ], [ -67.341169727969955, 49.401600976478278 ], [ -67.34197488714338, 49.39645409426371 ], [ -67.349206409931114, 49.394335446945533 ] ] ] } },
{ "type": "Feature", "properties": { "hex_id": 1115697, "centroid_lon": -67.345987656001924, "centroid_lat": 49.414923247196434, "occurrences_today": 4, "datetimes_today": "2026-01-17 00:01:47, 2026-01-17 00:17:11, 2026-01-17 00:31:54, 2026-01-17 00:35:55", "cumulative_total": 31.0 }, "geometry": { "type": "Polygon", "coordinates": [ [ [ -67.346792689780798, 49.409776318595192 ], [ -67.353221857507592, 49.412804470868359 ], [ -67.352417410090126, 49.417951474448209 ], [ -67.345182391884251, 49.420070161483942 ], [ -67.338752868177224, 49.417041537178065 ], [ -67.33955871857161, 49.411894697939097 ], [ -67.346792689780798, 49.409776318595192 ] ] ] } },
{ "type": "Feature", "properties": { "hex_id": 1115698, "centroid_lon": -67.34357117229348, "centroid_lat": 49.430363947103267, "occurrences_today": 4, "datetimes_today": "2026-01-17 00:01:47, 2026-01-17 00:17:11, 2026-01-17 00:31:54, 2026-01-17 00:35:55", "cumulative_total": 31.0 }, "geometry": { "type": "Polygon", "coordinates": [ [ [ -67.344376897343025, 49.425217061454106 ], [ -67.350807824612986, 49.428245438708466 ], [ -67.350002686383931, 49.433392399381617 ], [ -67.342765216650818, 49.435510818427801 ], [ -67.336333933195917, 49.432481968885497 ], [ -67.337140475574216, 49.427335172654914 ], [ -67.344376897343025, 49.425217061454106 ] ] ] } },
{ "type": "Feature", "properties": { "hex_id": 1116306, "centroid_lon": -67.342779816079144, "centroid_lat": 49.391307197731223, "occurrences_today": 4, "datetimes_today": "2026-01-17 00:01:47, 2026-01-17 00:17:11, 2026-01-17 00:31:54, 2026-01-17 00:35:55", "cumulative_total": 31.0 }, "geometry": { "type": "Polygon", "coordinates": [ [ [ -67.34358451486186, 49.386160286884468 ], [ -67.350010523201135, 49.389188461125762 ], [ -67.349206409931114, 49.394335446945533 ], [ -67.34197488714338, 49.39645409426371 ], [ -67.335548523486722, 49.393425448338903 ], [ -67.336354037850626, 49.388278626849271 ], [ -67.34358451486186, 49.386160286884468 ] ] ] } },
{ "type": "Feature", "properties": { "hex_id": 1116307, "centroid_lon": -67.340364338474274, "centroid_lat": 49.406747844371296, "occurrences_today": 4, "datetimes_today": "2026-01-17 00:01:47, 2026-01-17 00:17:11, 2026-01-17 00:31:54, 2026-01-17 00:35:55", "cumulative_total": 31.0 }, "geometry": { "type": "Polygon", "coordinates": [ [ [ -67.341169727969955, 49.401600976478278 ], [ -67.347597493305528, 49.404629375683868 ], [ -67.346792689780798, 49.409776318595192 ], [ -67.33955871857161, 49.411894697939097 ], [ -67.333130597714415, 49.408865826795029 ], [ -67.33393680350332, 49.403719048315416 ], [ -67.341169727969955, 49.401600976478278 ] ] ] } },
{ "type": "Feature", "properties": { "hex_id": 1116308, "centroid_lon": -67.337946787206377, "centroid_lat": 49.422188362084555, "occurrences_today": 4, "datetimes_today": "2026-01-17 00:01:47, 2026-01-17 00:17:11, 2026-01-17 00:31:54, 2026-01-17 00:35:55", "cumulative_total": 31.0 }, "geometry": { "type": "Polygon", "coordinates": [ [ [ -67.338752868177224, 49.417041537178065 ], [ -67.345182391884251, 49.420070161483942 ], [ -67.344376897343025, 49.425217061454106 ], [ -67.337140475574216, 49.427335172654914 ], [ -67.330710596141287, 49.42430607615541 ], [ -67.331517494118216, 49.419159340718686 ], [ -67.338752868177224, 49.417041537178065 ] ] ] } },
{ "type": "Feature", "properties": { "hex_id": 1116309, "centroid_lon": -67.335527159986555, "centroid_lat": 49.437628750772667, "occurrences_today": 4, "datetimes_today": "2026-01-17 00:01:47, 2026-01-17 00:17:11, 2026-01-17 00:31:54, 2026-01-17 00:35:55", "cumulative_total": 31.0 }, "geometry": { "type": "Polygon", "coordinates": [ [ [ -67.336333933195917, 49.432481968885497 ], [ -67.342765216650818, 49.435510818427801 ], [ -67.341959030330187, 49.440657675424049 ], [ -67.334720155861191, 49.442775518312729 ], [ -67.328288516476036, 49.439746196321501 ], [ -67.329096107405164, 49.434599503960492 ], [ -67.336333933195917, 49.432481968885497 ] ] ] } },
{ "type": "Feature", "properties": { "hex_id": 1116310, "centroid_lon": -67.333105454522467, "centroid_lat": 49.45306901033706, "occurrences_today": 4, "datetimes_today": "2026-01-17 00:01:47, 2026-01-17 00:17:11, 2026-01-17 00:31:54, 2026-01-17 00:35:55", "cumulative_total": 31.0 }, "geometry": { "type": "Polygon", "coordinates": [ [ [ -67.333912920734832, 49.44792227150208 ], [ -67.340345965315336, 49.450951346417114 ], [ -67.339539086451211, 49.45609816040664 ], [ -67.332297757139003, 49.458215734813976 ], [ -67.325864356423892, 49.455186187194535 ], [ -67.326672641070502, 49.450039537942189 ], [ -67.333912920734832, 49.44792227150208 ] ] ] } },
{ "type": "Feature", "properties": { "hex_id": 1116917, "centroid_lon": -67.334742778732519, "centroid_lat": 49.398572255495495, "occurrences_today": 4, "datetimes_today": "2026-01-17 00:01:47, 2026-01-17 00:17:11, 2026-01-17 00:31:54, 2026-01-17 00:35:55", "cumulative_total": 31.0 }, "geometry": { "type": "Polygon", "coordinates": [ [ [ -67.335548523486722, 49.393425448338903 ], [ -67.34197488714338, 49.39645409426371 ], [ -67.341169727969955, 49.401600976478278 ], [ -67.33393680350332, 49.403719048315416 ], [ -67.327510084783242, 49.400689930546385 ], [ -67.328316645508508, 49.395543212854292 ], [ -67.335548523486722, 49.393425448338903 ] ] ] } },
{ "type": "Feature", "properties": { "hex_id": 1116918, "centroid_lon": -67.33232416128098, "centroid_lat": 49.414012590930675, "occurrences_today": 4, "datetimes_today": "2026-01-17 00:01:47, 2026-01-17 00:17:11, 2026-01-17 00:31:54, 2026-01-17 00:35:55", "cumulative_total": 31.0 }, "geometry": { "type": "Polygon", "coordinates": [ [ [ -67.333130597714415, 49.408865826795029 ], [ -67.33955871857161, 49.411894697939097 ], [ -67.338752868177224, 49.417041537178065 ], [ -67.331517494118216, 49.419159340718686 ], [ -67.325089017993733, 49.416129997475302 ], [ -67.325896271110693, 49.410983322860538 ], [ -67.333130597714415, 49.408865826795029 ] ] ] } },
{ "type": "Feature", "properties": { "hex_id": 1116919, "centroid_lon": -67.32990346726524, "centroid_lat": 49.429452797237246, "occurrences_today": 4, "datetimes_today": "2026-01-17 00:01:47, 2026-01-17 00:17:11, 2026-01-17 00:31:54, 2026-01-17 00:35:55", "cumulative_total": 31.0 }, "geometry": { "type": "Polygon", "coordinates": [ [ [ -67.330710596141287, 49.42430607615541 ], [ -67.337140475574216, 49.427335172654914 ], [ -67.336333933195917, 49.432481968885497 ], [ -67.329096107405164, 49.434599503960492 ], [ -67.32266587250102, 49.431569935106452 ], [ -67.323473818773877, 49.426423303601915 ], [ -67.330710596141287, 49.42430607615541 ] ] ] } },
{ "type": "Feature", "properties": { "hex_id": 1116920, "centroid_lon": -67.327480694392847, "centroid_lat": 49.444892874316622, "occurrences_today": 4, "datetimes_today": "2026-01-17 00:01:47, 2026-01-17 00:17:11, 2026-01-17 00:31:54, 2026-01-17 00:35:55", "cumulative_total": 31.0 }, "geometry": { "type": "Polygon", "coordinates": [ [ [ -67.328288516476036, 49.439746196321501 ], [ -67.334720155861191, 49.442775518312729 ], [ -67.333912920734832, 49.44792227150208 ], [ -67.326672641070502, 49.450039537942189 ], [ -67.32024064601022, 49.447009743340999 ], [ -67.3210492862043, 49.441863154979657 ], [ -67.328288516476036, 49.439746196321501 ] ] ] } },
{ "type": "Feature", "properties": { "hex_id": 1116921, "centroid_lon": -67.325055840367853, "centroid_lat": 49.460332822069986, "occurrences_today": 4, "datetimes_today": "2026-01-17 00:01:47, 2026-01-17 00:17:11, 2026-01-17 00:31:54, 2026-01-17 00:35:55", "cumulative_total": 31.0 }, "geometry": { "type": "Polygon", "coordinates": [ [ [ -67.325864356423892, 49.455186187194535 ], [ -67.332297757139003, 49.458215734813976 ], [ -67.331489828499329, 49.46336244492921 ], [ -67.32424709281716, 49.465479442564927 ], [ -67.31781333622294, 49.462449422079956 ], [ -67.318622671104762, 49.457302876894815 ], [ -67.325864356423892, 49.455186187194535 ] ] ] } },
{ "type": "Feature", "properties": { "hex_id": 1117527, "centroid_lon": -67.329122975606182, "centroid_lat": 49.390396480810409, "occurrences_today": 4, "datetimes_today": "2026-01-17 00:01:47, 2026-01-17 00:17:11, 2026-01-17 00:31:54, 2026-01-17 00:35:55", "cumulative_total": 31.0 }, "geometry": { "type": "Polygon", "coordinates": [ [ [ -67.329929075160976, 49.38524973441838 ], [ -67.336354037850626, 49.388278626849271 ], [ -67.335548523486722, 49.393425448338903 ], [ -67.328316645508508, 49.395543212854292 ], [ -67.321891328213198, 49.392513848673389 ], [ -67.322698243417051, 49.387367191796926 ], [ -67.329929075160976, 49.38524973441838 ] ] ] } },
{ "type": "Feature", "properties": { "hex_id": 1117528, "centroid_lon": -67.32670329334556, "centroid_lat": 49.40583663388302, "occurrences_today": 4, "datetimes_today": "2026-01-17 00:01:47, 2026-01-17 00:17:11, 2026-01-17 00:31:54, 2026-01-17 00:35:55", "cumulative_total": 31.0 }, "geometry": { "type": "Polygon", "coordinates": [ [ [ -67.327510084783242, 49.400689930546385 ], [ -67.33393680350332, 49.403719048315416 ], [ -67.333130597714415, 49.408865826795029 ], [ -67.325896271110693, 49.410983322860538 ], [ -67.319469197581483, 49.407953733086522 ], [ -67.320276805380274, 49.402807119321835 ], [ -67.327510084783242, 49.400689930546385 ] ] ] } },
{ "type": "Feature", "properties": { "hex_id": 1117529, "centroid_lon": -67.324281533909769, "centroid_lat": 49.421276657723652, "occurrences_today": 4, "datetimes_today": "2026-01-17 00:01:47, 2026-01-17 00:17:11, 2026-01-17 00:31:54, 2026-01-17 00:35:55", "cumulative_total": 31.0 }, "geometry": { "type": "Polygon", "coordinates": [ [ [ -67.325089017993733, 49.416129997475302 ], [ -67.331517494118216, 49.419159340718686 ], [ -67.330710596141287, 49.42430607615541 ], [ -67.323473818773877, 49.426423303601915 ], [ -67.317044987636777, 49.423393488098412 ], [ -67.317853288794723, 49.41824691747847 ], [ -67.325089017993733, 49.416129997475302 ] ] ] } },
{ "type": "Feature", "properties": { "hex_id": 1117530, "centroid_lon": -67.321857695006202, "centroid_lat": 49.436716552233598, "occurrences_today": 4, "datetimes_today": "2026-01-17 00:01:47, 2026-01-17 00:17:11, 2026-01-17 00:31:54, 2026-01-17 00:35:55", "cumulative_total": 31.0 }, "geometry": { "type": "Polygon", "coordinates": [ [ [ -67.32266587250102, 49.431569935106452 ], [ -67.329096107405164, 49.434599503960492 ], [ -67.328288516476036, 49.439746196321501 ], [ -67.3210492862043, 49.441863154979657 ], [ -67.314618696084082, 49.438833113610187 ], [ -67.315427691366565, 49.433686586167944 ], [ -67.32266587250102, 49.431569935106452 ] ] ] } },
{ "type": "Feature", "properties": { "hex_id": 1117531, "centroid_lon": -67.319431774338781, "centroid_lat": 49.452156317313943, "occurrences_today": 4, "datetimes_today": "2026-01-17 00:01:47, 2026-01-17 00:17:11, 2026-01-17 00:31:54, 2026-01-17 00:35:55", "cumulative_total": 31.0 }, "geometry": { "type": "Polygon", "coordinates": [ [ [ -67.32024064601022, 49.447009743340999 ], [ -67.326672641070502, 49.450039537942189 ], [ -67.325864356423892, 49.455186187194535 ], [ -67.318622671104762, 49.457302876894815 ], [ -67.312190320624836, 49.45427260952269 ], [ -67.313000010798447, 49.449126125291222 ], [ -67.32024064601022, 49.447009743340999 ] ] ] } },
{ "type": "Feature", "properties": { "hex_id": 1117532, "centroid_lon": -67.317003769607979, "centroid_lat": 49.467595952865686, "occurrences_today": 4, "datetimes_today": "2026-01-17 00:01:47, 2026-01-17 00:17:11, 2026-01-17 00:31:54, 2026-01-17 00:35:55", "cumulative_total": 31.0 }, "geometry": { "type": "Polygon", "coordinates": [ [ [ -67.31781333622294, 49.462449422079956 ], [ -67.32424709281716, 49.465479442564927 ], [ -67.323438113686564, 49.470626048675641 ], [ -67.316193971174556, 49.472742469248317 ], [ -67.309759858957108, 49.469711975736736 ], [ -67.310570244789545, 49.464565534749127 ], [ -67.31781333622294, 49.462449422079956 ] ] ] } },
{ "type": "Feature", "properties": { "hex_id": 1118137, "centroid_lon": -67.323504927925541, "centroid_lat": 49.382220520557205, "occurrences_today": 4, "datetimes_today": "2026-01-17 00:01:47, 2026-01-17 00:17:11, 2026-01-17 00:31:54, 2026-01-17 00:35:55", "cumulative_total": 31.0 }, "geometry": { "type": "Polygon", "coordinates": [ [ [ -67.324311381823435, 49.377073834957855 ], [ -67.3307349442576, 49.380102973681836 ], [ -67.329929075160976, 49.38524973441838 ], [ -67.322698243417051, 49.387367191796926 ], [ -67.316274326834574, 49.384337581417171 ], [ -67.317081596059623, 49.379190985384433 ], [ -67.324311381823435, 49.377073834957855 ] ] ] } },
{ "type": "Feature", "properties": { "hex_id": 1118138, "centroid_lon": -67.321084182229214, "centroid_lat": 49.397660491182897, "occurrences_today": 4, "datetimes_today": "2026-01-17 00:01:47, 2026-01-17 00:17:11, 2026-01-17 00:31:54, 2026-01-17 00:35:55", "cumulative_total": 31.0 }, "geometry": { "type": "Polygon", "coordinates": [ [ [ -67.321891328213198, 49.392513848673389 ], [ -67.328316645508508, 49.395543212854292 ], [ -67.327510084783242, 49.400689930546385 ], [ -67.320276805380274, 49.402807119321835 ], [ -67.313851133733635, 49.399777283230257 ], [ -67.31465909575644, 49.394630730343735 ], [ -67.321891328213198, 49.392513848673389 ] ] ] } },
{ "type": "Feature", "properties": { "hex_id": 1118139, "centroid_lon": -67.31866135874796, "centroid_lat": 49.413100332473292, "occurrences_today": 4, "datetimes_today": "2026-01-17 00:01:47, 2026-01-17 00:17:11, 2026-01-17 00:31:54, 2026-01-17 00:35:55", "cumulative_total": 31.0 }, "geometry": { "type": "Polygon", "coordinates": [ [ [ -67.319469197581483, 49.407953733086522 ], [ -67.325896271110693, 49.410983322860538 ], [ -67.325089017993733, 49.416129997475302 ], [ -67.317853288794723, 49.41824691747847 ], [ -67.311425860711154, 49.415216855538695 ], [ -67.312234516295987, 49.4100703458314 ], [ -67.319469197581483, 49.407953733086522 ] ] ] } },
{ "type": "Feature", "properties": { "hex_id": 1118140, "centroid_lon": -67.316236455189085, "centroid_lat": 49.428540044329473, "occurrences_today": 4, "datetimes_today": "2026-01-17 00:01:47, 2026-01-17 00:17:11, 2026-01-17 00:31:54, 2026-01-17 00:35:55", "cumulative_total": 31.0 }, "geometry": { "type": "Polygon", "coordinates": [ [ [ -67.317044987636777, 49.423393488098412 ], [ -67.323473818773877, 49.426423303601915 ], [ -67.32266587250102, 49.431569935106452 ], [ -67.315427691366565, 49.433686586167944 ], [ -67.308998505472019, 49.43065629824347 ], [ -67.309807855384292, 49.425509831748393 ], [ -67.317044987636777, 49.423393488098412 ] ] ] } },
{ "type": "Feature", "properties": { "hex_id": 1118141, "centroid_lon": -67.313809469256441, "centroid_lat": 49.443979626652499, "occurrences_today": 4, "datetimes_today": "2026-01-17 00:01:47, 2026-01-17 00:17:11, 2026-01-17 00:31:54, 2026-01-17 00:35:55", "cumulative_total": 31.0 }, "geometry": { "type": "Polygon", "coordinates": [ [ [ -67.314618696084082, 49.438833113610187 ], [ -67.3210492862043, 49.441863154979657 ], [ -67.32024064601022, 49.447009743340999 ], [ -67.313000010798447, 49.449126125291222 ], [ -67.306569065717639, 49.446095611245362 ], [ -67.307379110723943, 49.440949187995614 ], [ -67.314618696084082, 49.438833113610187 ] ] ] } },
{ "type": "Feature", "properties": { "hex_id": 1118142, "centroid_lon": -67.311380398650329, "centroid_lat": 49.459419079343206, "occurrences_today": 4, "datetimes_today": "2026-01-17 00:01:47, 2026-01-17 00:17:11, 2026-01-17 00:31:54, 2026-01-17 00:35:55", "cumulative_total": 31.0 }, "geometry": { "type": "Polygon", "coordinates": [ [ [ -67.312190320624836, 49.45427260952269 ], [ -67.318622671104762, 49.457302876894815 ], [ -67.31781333622294, 49.462449422079956 ], [ -67.310570244789545, 49.464565534749127 ], [ -67.304137539145884, 49.461534794445022 ], [ -67.304948280013974, 49.456388414473743 ], [ -67.312190320624836, 49.45427260952269 ] ] ] } },
{ "type": "Feature", "properties": { "hex_id": 1118143, "centroid_lon": -67.308949241067594, "centroid_lat": 49.474858402302374, "occurrences_today": 4, "datetimes_today": "2026-01-17 00:01:47, 2026-01-17 00:17:11, 2026-01-17 00:31:54, 2026-01-17 00:35:55", "cumulative_total": 31.0 }, "geometry": { "type": "Polygon", "coordinates": [ [ [ -67.309759858957108, 49.469711975736736 ], [ -67.316193971174556, 49.472742469248317 ], [ -67.315383940837279, 49.477888971224196 ], [ -67.308138391035541, 49.480004814442331 ], [ -67.301703923451157, 49.476973847743039 ], [ -67.302515360949982, 49.471827511083369 ], [ -67.309759858957108, 49.469711975736736 ] ] ] } },
{ "type": "Feature", "properties": { "hex_id": 1118748, "centroid_lon": -67.315466826761792, "centroid_lat": 49.389484163071486, "occurrences_today": 4, "datetimes_today": "2026-01-17 00:01:47, 2026-01-17 00:17:11, 2026-01-17 00:31:54, 2026-01-17 00:35:55", "cumulative_total": 31.0 }, "geometry": { "type": "Polygon", "coordinates": [ [ [ -67.316274326834574, 49.384337581417171 ], [ -67.322698243417051, 49.387367191796926 ], [ -67.321891328213198, 49.392513848673389 ], [ -67.31465909575644, 49.394630730343735 ], [ -67.308234825280024, 49.391600648147595 ], [ -67.309043141069466, 49.386454156167304 ], [ -67.316274326834574, 49.384337581417171 ] ] ] } },
{ "type": "Feature", "properties": { "hex_id": 1118749, "centroid_lon": -67.313042940608469, "centroid_lat": 49.404923821727373, "occurrences_today": 4, "datetimes_today": "2026-01-17 00:01:47, 2026-01-17 00:17:11, 2026-01-17 00:31:54, 2026-01-17 00:35:55", "cumulative_total": 31.0 }, "geometry": { "type": "Polygon", "coordinates": [ [ [ -67.313851133733635, 49.399777283230257 ], [ -67.320276805380274, 49.402807119321835 ], [ -67.319469197581483, 49.407953733086522 ], [ -67.312234516295987, 49.4100703458314 ], [ -67.305808490552778, 49.407040037668487 ], [ -67.306617500106668, 49.401893588901856 ], [ -67.313851133733635, 49.399777283230257 ] ] ] } },
{ "type": "Feature", "properties": { "hex_id": 1118750, "centroid_lon": -67.310616973768973, "centroid_lat": 49.420363350845591, "occurrences_today": 4, "datetimes_today": "2026-01-17 00:01:47, 2026-01-17 00:17:11, 2026-01-17 00:31:54, 2026-01-17 00:35:55", "cumulative_total": 31.0 }, "geometry": { "type": "Polygon", "coordinates": [ [ [ -67.311425860711154, 49.415216855538695 ], [ -67.317853288794723, 49.41824691747847 ], [ -67.317044987636777, 49.423393488098412 ], [ -67.309807855384292, 49.425509831748393 ], [ -67.303380073001492, 49.422479297482134 ], [ -67.304189777085313, 49.417332891962289 ], [ -67.311425860711154, 49.415216855538695 ] ] ] } },
{ "type": "Feature", "properties": { "hex_id": 1118751, "centroid_lon": -67.308188923946986, "centroid_lat": 49.435802750327099, "occurrences_today": 4, "datetimes_today": "2026-01-17 00:01:47, 2026-01-17 00:17:11, 2026-01-17 00:31:54, 2026-01-17 00:35:55", "cumulative_total": 31.0 }, "geometry": { "type": "Polygon", "coordinates": [ [ [ -67.308998505472019, 49.43065629824347 ], [ -67.315427691366565, 49.433686586167944 ], [ -67.314618696084082, 49.438833113610187 ], [ -67.307379110723943, 49.440949187995614 ], [ -67.300949570327475, 49.437918427489315 ], [ -67.301759969707831, 49.432772065249345 ], [ -67.308998505472019, 49.43065629824347 ] ] ] } },
{ "type": "Feature", "properties": { "hex_id": 1118752, "centroid_lon": -67.305758788842752, "centroid_lat": 49.451242020072627, "occurrences_today": 4, "datetimes_today": "2026-01-17 00:01:47, 2026-01-17 00:17:11, 2026-01-17 00:31:54, 2026-01-17 00:35:55", "cumulative_total": 31.0 }, "geometry": { "type": "Polygon", "coordinates": [ [ [ -67.306569065717639, 49.446095611245362 ], [ -67.313000010798447, 49.449126125291222 ], [ -67.312190320624836, 49.45427260952269 ], [ -67.304948280013974, 49.456388414473743 ], [ -67.298516980228499, 49.453357427590575 ], [ -67.299328075673188, 49.448211108663621 ], [ -67.306569065717639, 49.446095611245362 ] ] ] } },
{ "type": "Feature", "properties": { "hex_id": 1118753, "centroid_lon": -67.303326566153046, "centroid_lat": 49.466681159982819, "occurrences_today": 4, "datetimes_today": "2026-01-17 00:01:47, 2026-01-17 00:17:11, 2026-01-17 00:31:54, 2026-01-17 00:35:55", "cumulative_total": 31.0 }, "geometry": { "type": "Polygon", "coordinates": [ [ [ -67.304137539145884, 49.461534794445022 ], [ -67.310570244789545, 49.464565534749127 ], [ -67.309759858957108, 49.469711975736736 ], [ -67.302515360949982, 49.471827511083369 ], [ -67.296082300398865, 49.468796297686303 ], [ -67.296894092676837, 49.463650022105604 ], [ -67.304137539145884, 49.461534794445022 ] ] ] } },
{ "type": "Feature", "properties": { "hex_id": 1118754, "centroid_lon": -67.300892253571035, "centroid_lat": 49.482120169958108, "occurrences_today": 4, "datetimes_today": "2026-01-17 00:01:47, 2026-01-17 00:17:11, 2026-01-17 00:31:54, 2026-01-17 00:35:55", "cumulative_total": 31.0 }, "geometry": { "type": "Polygon", "coordinates": [ [ [ -67.301703923451157, 49.476973847743039 ], [ -67.308138391035541, 49.480004814442331 ], [ -67.307327308775385, 49.48515121215295 ], [ -67.300080351223997, 49.487266477724916 ], [ -67.293645528529368, 49.484235037676811 ], [ -67.294458018410765, 49.479088805475598 ], [ -67.301703923451157, 49.476973847743039 ] ] ] } },
{ "type": "Feature", "properties": { "hex_id": 1118755, "centroid_lon": -67.298455848786489, "centroid_lat": 49.497559049898889, "occurrences_today": 4, "datetimes_today": "2026-01-17 00:01:47, 2026-01-17 00:17:11, 2026-01-17 00:31:54, 2026-01-17 00:35:55", "cumulative_total": 31.0 }, "geometry": { "type": "Polygon", "coordinates": [ [ [ -67.299268216324378, 49.492412771039746 ], [ -67.305704447228578, 49.495443964271388 ], [ -67.304892667770659, 49.500590318671826 ], [ -67.297643248524594, 49.502705314298673 ], [ -67.291206662307289, 49.499673647462203 ], [ -67.292019850563406, 49.494527458673801 ], [ -67.299268216324378, 49.492412771039746 ] ] ] } },
{ "type": "Feature", "properties": { "hex_id": 1119359, "centroid_lon": -67.307426278320747, "centroid_lat": 49.396747125727011, "occurrences_today": 4, "datetimes_today": "2026-01-17 00:01:47, 2026-01-17 00:17:11, 2026-01-17 00:31:54, 2026-01-17 00:35:55", "cumulative_total": 31.0 }, "geometry": { "type": "Polygon", "coordinates": [ [ [ -67.308234825280024, 49.391600648147595 ], [ -67.31465909575644, 49.394630730343735 ], [ -67.313851133733635, 49.399777283230257 ], [ -67.306617500106668, 49.401893588901856 ], [ -67.300192875991073, 49.398863034728784 ], [ -67.301002239056658, 49.393716646930855 ], [ -67.308234825280024, 49.391600648147595 ] ] ] } },
{ "type": "Feature", "properties": { "hex_id": 1119360, "centroid_lon": -67.30499924957401, "centroid_lat": 49.41218647202318, "occurrences_today": 4, "datetimes_today": "2026-01-17 00:01:47, 2026-01-17 00:17:11, 2026-01-17 00:31:54, 2026-01-17 00:35:55", "cumulative_total": 31.0 }, "geometry": { "type": "Polygon", "coordinates": [ [ [ -67.305808490552778, 49.407040037668487 ], [ -67.312234516295987, 49.4100703458314 ], [ -67.311425860711154, 49.415216855538695 ], [ -67.304189777085313, 49.417332891962289 ], [ -67.297763397500688, 49.414302111567338 ], [ -67.298573455298211, 49.409155767050699 ], [ -67.305808490552778, 49.407040037668487 ] ] ] } },
{ "type": "Feature", "properties": { "hex_id": 1119361, "centroid_lon": -67.30257013723741, "centroid_lat": 49.427625688579056, "occurrences_today": 4, "datetimes_today": "2026-01-17 00:01:47, 2026-01-17 00:17:11, 2026-01-17 00:31:54, 2026-01-17 00:35:55", "cumulative_total": 31.0 }, "geometry": { "type": "Polygon", "coordinates": [ [ [ -67.303380073001492, 49.422479297482134 ], [ -67.309807855384292, 49.425509831748393 ], [ -67.308998505472019, 49.43065629824347 ], [ -67.301759969707831, 49.432772065249345 ], [ -67.295331833281324, 49.429741058495821 ], [ -67.296142586577488, 49.424594757293583 ], [ -67.303380073001492, 49.422479297482134 ] ] ] } },
{ "type": "Feature", "properties": { "hex_id": 1119362, "centroid_lon": -67.300138939011049, "centroid_lat": 49.443064775295319, "occurrences_today": 4, "datetimes_today": "2026-01-17 00:01:47, 2026-01-17 00:17:11, 2026-01-17 00:31:54, 2026-01-17 00:35:55", "cumulative_total": 31.0 }, "geometry": { "type": "Polygon", "coordinates": [ [ [ -67.300949570327475, 49.437918427489315 ], [ -67.307379110723943, 49.440949187995614 ], [ -67.306569065717639, 49.446095611245362 ], [ -67.299328075673188, 49.448211108663621 ], [ -67.292898181030708, 49.445179875414652 ], [ -67.293709630593312, 49.440033617560033 ], [ -67.300949570327475, 49.437918427489315 ] ] ] } },
{ "type": "Feature", "properties": { "hex_id": 1119363, "centroid_lon": -67.297705652591546, "centroid_lat": 49.458503732072458, "occurrences_today": 4, "datetimes_today": "2026-01-17 00:01:47, 2026-01-17 00:17:11, 2026-01-17 00:31:54, 2026-01-17 00:35:55", "cumulative_total": 31.0 }, "geometry": { "type": "Polygon", "coordinates": [ [ [ -67.298516980228499, 49.453357427590575 ], [ -67.304948280013974, 49.456388414473743 ], [ -67.304137539145884, 49.461534794445022 ], [ -67.296894092676837, 49.463650022105604 ], [ -67.290462438443001, 49.46061856222417 ], [ -67.291274585041066, 49.455472347750423 ], [ -67.298516980228499, 49.453357427590575 ] ] ] } },
{ "type": "Feature", "properties": { "hex_id": 1119364, "centroid_lon": -67.295270275672038, "centroid_lat": 49.473942558810883, "occurrences_today": 4, "datetimes_today": "2026-01-17 00:01:47, 2026-01-17 00:17:11, 2026-01-17 00:31:54, 2026-01-17 00:35:55", "cumulative_total": 31.0 }, "geometry": { "type": "Polygon", "coordinates": [ [ [ -67.296082300398865, 49.468796297686303 ], [ -67.302515360949982, 49.471827511083369 ], [ -67.301703923451157, 49.476973847743039 ], [ -67.294458018410765, 49.479088805475598 ], [ -67.288024603208925, 49.476057118824535 ], [ -67.288837447612579, 49.470910947764928 ], [ -67.296082300398865, 49.468796297686303 ] ] ] } },
{ "type": "Feature", "properties": { "hex_id": 1119365, "centroid_lon": -67.292832805942169, "centroid_lat": 49.48938125541077, "occurrences_today": 4, "datetimes_today": "2026-01-17 00:01:47, 2026-01-17 00:17:11, 2026-01-17 00:31:54, 2026-01-17 00:35:55", "cumulative_total": 31.0 }, "geometry": { "type": "Polygon", "coordinates": [ [ [ -67.293645528529368, 49.484235037676811 ], [ -67.300080351223997, 49.487266477724916 ], [ -67.299268216324378, 49.492412771039746 ], [ -67.292019850563406, 49.494527458673801 ], [ -67.285584673015634, 49.491495545115768 ], [ -67.286398215996215, 49.486349417503654 ], [ -67.293645528529368, 49.484235037676811 ] ] ] } },
{ "type": "Feature", "properties": { "hex_id": 1119366, "centroid_lon": -67.290393241088012, "centroid_lat": 49.504819821772251, "occurrences_today": 4, "datetimes_today": "2026-01-17 00:01:47, 2026-01-17 00:17:11, 2026-01-17 00:31:54, 2026-01-17 00:35:55", "cumulative_total": 31.0 }, "geometry": { "type": "Polygon", "coordinates": [ [ [ -67.291206662307289, 49.499673647462203 ], [ -67.297643248524594, 49.502705314298673 ], [ -67.296830415452902, 49.507851564235388 ], [ -67.289579586819684, 49.509965981600246 ], [ -67.283142645546803, 49.506933840997746 ], [ -67.283956887876826, 49.501787756866527 ], [ -67.291206662307289, 49.499673647462203 ] ] ] } },
{ "type": "Feature", "properties": { "hex_id": 1119969, "centroid_lon": -67.301811370715072, "centroid_lat": 49.388570244713215, "occurrences_today": 4, "datetimes_today": "2026-01-17 00:01:47, 2026-01-17 00:17:11, 2026-01-17 00:31:54, 2026-01-17 00:35:55", "cumulative_total": 31.0 }, "geometry": { "type": "Polygon", "coordinates": [ [ [ -67.302620271051339, 49.383423828079536 ], [ -67.309043141069466, 49.386454156167304 ], [ -67.308234825280024, 49.391600648147595 ], [ -67.301002239056658, 49.393716646930855 ], [ -67.294579015856328, 49.390685846960515 ], [ -67.295388731976587, 49.385539520159277 ], [ -67.302620271051339, 49.383423828079536 ] ] ] } },
{ "type": "Feature", "properties": { "hex_id": 1119970, "centroid_lon": -67.299383281433308, "centroid_lat": 49.404009408103285, "occurrences_today": 4, "datetimes_today": "2026-01-17 00:01:47, 2026-01-17 00:17:11, 2026-01-17 00:31:54, 2026-01-17 00:35:55", "cumulative_total": 31.0 }, "geometry": { "type": "Polygon", "coordinates": [ [ [ -67.300192875991073, 49.398863034728784 ], [ -67.306617500106668, 49.401893588901856 ], [ -67.305808490552778, 49.407040037668487 ], [ -67.298573455298211, 49.409155767050699 ], [ -67.292148477798605, 49.406124740740069 ], [ -67.292958888852453, 49.400978457254588 ], [ -67.300192875991073, 49.398863034728784 ] ] ] } },
{ "type": "Feature", "properties": { "hex_id": 1119971, "centroid_lon": -67.296953107955517, "centroid_lat": 49.419448441649529, "occurrences_today": 4, "datetimes_today": "2026-01-17 00:01:47, 2026-01-17 00:17:11, 2026-01-17 00:31:54, 2026-01-17 00:35:55", "cumulative_total": 31.0 }, "geometry": { "type": "Polygon", "coordinates": [ [ [ -67.297763397500688, 49.414302111567338 ], [ -67.304189777085313, 49.417332891962289 ], [ -67.303380073001492, 49.422479297482134 ], [ -67.296142586577488, 49.424594757293583 ], [ -67.289715853407003, 49.421563504505933 ], [ -67.290526960161131, 49.416417264369436 ], [ -67.297763397500688, 49.414302111567338 ] ] ] } },
{ "type": "Feature", "properties": { "hex_id": 1119972, "centroid_lon": -67.29452084798173, "centroid_lat": 49.434887345252541, "occurrences_today": 4, "datetimes_today": "2026-01-17 00:01:47, 2026-01-17 00:17:11, 2026-01-17 00:31:54, 2026-01-17 00:35:55", "cumulative_total": 31.0 }, "geometry": { "type": "Polygon", "coordinates": [ [ [ -67.295331833281324, 49.429741058495821 ], [ -67.301759969707831, 49.432772065249345 ], [ -67.300949570327475, 49.437918427489315 ], [ -67.293709630593312, 49.440033617560033 ], [ -67.287281140379065, 49.437002138158505 ], [ -67.288092943601342, 49.43185594140418 ], [ -67.295331833281324, 49.429741058495821 ] ] ] } },
{ "type": "Feature", "properties": { "hex_id": 1119973, "centroid_lon": -67.292086499208452, "centroid_lat": 49.45032611881269, "occurrences_today": 4, "datetimes_today": "2026-01-17 00:01:47, 2026-01-17 00:17:11, 2026-01-17 00:31:54, 2026-01-17 00:35:55", "cumulative_total": 31.0 }, "geometry": { "type": "Polygon", "coordinates": [ [ [ -67.292898181030708, 49.445179875414652 ], [ -67.299328075673188, 49.448211108663621 ], [ -67.298516980228499, 49.453357427590575 ], [ -67.291274585041066, 49.455472347750423 ], [ -67.284844336408909, 49.452440641597939 ], [ -67.285656836868355, 49.447294488259075 ], [ -67.292898181030708, 49.445179875414652 ] ] ] } },
{ "type": "Feature", "properties": { "hex_id": 1119974, "centroid_lon": -67.289650059328721, "centroid_lat": 49.465764762230258, "occurrences_today": 4, "datetimes_today": "2026-01-17 00:01:47, 2026-01-17 00:17:11, 2026-01-17 00:31:54, 2026-01-17 00:35:55", "cumulative_total": 31.0 }, "geometry": { "type": "Polygon", "coordinates": [ [ [ -67.290462438443001, 49.46061856222417 ], [ -67.296894092676837, 49.463650022105604 ], [ -67.296082300398865, 49.468796297686303 ], [ -67.288837447612579, 49.470910947764928 ], [ -67.282405439187116, 49.467879014724311 ], [ -67.283218637653931, 49.462732904834262 ], [ -67.290462438443001, 49.46061856222417 ] ] ] } },
{ "type": "Feature", "properties": { "hex_id": 1119975, "centroid_lon": -67.287211526032053, "centroid_lat": 49.481203275405342, "occurrences_today": 4, "datetimes_today": "2026-01-17 00:01:47, 2026-01-17 00:17:11, 2026-01-17 00:31:54, 2026-01-17 00:35:55", "cumulative_total": 31.0 }, "geometry": { "type": "Polygon", "coordinates": [ [ [ -67.288024603208925, 49.476057118824535 ], [ -67.294458018410765, 49.479088805475598 ], [ -67.293645528529368, 49.484235037676811 ], [ -67.286398215996215, 49.486349417503654 ], [ -67.279964446400754, 49.483317257437569 ], [ -67.280778343646304, 49.478171191029688 ], [ -67.288024603208925, 49.476057118824535 ] ] ] } },
{ "type": "Feature", "properties": { "hex_id": 1119976, "centroid_lon": -67.284770897004464, "centroid_lat": 49.496641658237948, "occurrences_today": 4, "datetimes_today": "2026-01-17 00:01:47, 2026-01-17 00:17:11, 2026-01-17 00:31:54, 2026-01-17 00:35:55", "cumulative_total": 31.0 }, "geometry": { "type": "Polygon", "coordinates": [ [ [ -67.285584673015634, 49.491495545115768 ], [ -67.292019850563406, 49.494527458673801 ], [ -67.291206662307289, 49.499673647462203 ], [ -67.283956887876826, 49.501787756866527 ], [ -67.277521355733398, 49.498755369637443 ], [ -67.278335952530213, 49.49360934674516 ], [ -67.285584673015634, 49.491495545115768 ] ] ] } },
{ "type": "Feature", "properties": { "hex_id": 1119977, "centroid_lon": -67.282328169928419, "centroid_lat": 49.512079910627911, "occurrences_today": 4, "datetimes_today": "2026-01-17 00:01:47, 2026-01-17 00:17:11, 2026-01-17 00:31:54, 2026-01-17 00:35:55", "cumulative_total": 31.0 }, "geometry": { "type": "Polygon", "coordinates": [ [ [ -67.283142645546803, 49.506933840997746 ], [ -67.289579586819684, 49.509965981600246 ], [ -67.288765699416388, 49.515112126942476 ], [ -67.281513460935685, 49.517225965753305 ], [ -67.275076164865084, 49.514193351223582 ], [ -67.275891461986859, 49.509047371880378 ], [ -67.283142645546803, 49.506933840997746 ] ] ] } },
{ "type": "Feature", "properties": { "hex_id": 1120580, "centroid_lon": -67.293769068176644, "centroid_lat": 49.395832159326844, "occurrences_today": 4, "datetimes_today": "2026-01-17 00:01:47, 2026-01-17 00:17:11, 2026-01-17 00:31:54, 2026-01-17 00:35:55", "cumulative_total": 31.0 }, "geometry": { "type": "Polygon", "coordinates": [ [ [ -67.294579015856328, 49.390685846960515 ], [ -67.301002239056658, 49.393716646930855 ], [ -67.300192875991073, 49.398863034728784 ], [ -67.292958888852453, 49.400978457254588 ], [ -67.286535312725121, 49.397947185241193 ], [ -67.287346076578274, 49.392800962814817 ], [ -67.294579015856328, 49.390685846960515 ] ] ] } },
{ "type": "Feature", "properties": { "hex_id": 1120581, "centroid_lon": -67.291337834929905, "centroid_lat": 49.41127100977959, "occurrences_today": 4, "datetimes_today": "2026-01-17 00:01:47, 2026-01-17 00:17:11, 2026-01-17 00:31:54, 2026-01-17 00:35:55", "cumulative_total": 31.0 }, "geometry": { "type": "Polygon", "coordinates": [ [ [ -67.292148477798605, 49.406124740740069 ], [ -67.298573455298211, 49.409155767050699 ], [ -67.297763397500688, 49.414302111567338 ], [ -67.290526960161131, 49.416417264369436 ], [ -67.284101629533055, 49.413385765760651 ], [ -67.284913089287755, 49.408239586717791 ], [ -67.292148477798605, 49.406124740740069 ] ] ] } },
{ "type": "Feature", "properties": { "hex_id": 1120582, "centroid_lon": -67.288904514582185, "centroid_lat": 49.426709730185415, "occurrences_today": 4, "datetimes_today": "2026-01-17 00:01:47, 2026-01-17 00:17:11, 2026-01-17 00:31:54, 2026-01-17 00:35:55", "cumulative_total": 31.0 }, "geometry": { "type": "Polygon", "coordinates": [ [ [ -67.289715853407003, 49.421563504505933 ], [ -67.296142586577488, 49.424594757293583 ], [ -67.295331833281324, 49.429741058495821 ], [ -67.288092943601342, 49.43185594140418 ], [ -67.281665857100919, 49.428824216063141 ], [ -67.282478013525036, 49.423678080437021 ], [ -67.289715853407003, 49.421563504505933 ] ] ] } },
{ "type": "Feature", "properties": { "hex_id": 1120583, "centroid_lon": -67.286469104829891, "centroid_lat": 49.442148320444709, "occurrences_today": 4, "datetimes_today": "2026-01-17 00:01:47, 2026-01-17 00:17:11, 2026-01-17 00:31:54, 2026-01-17 00:35:55", "cumulative_total": 31.0 }, "geometry": { "type": "Polygon", "coordinates": [ [ [ -67.287281140379065, 49.437002138158505 ], [ -67.293709630593312, 49.440033617560033 ], [ -67.292898181030708, 49.445179875414652 ], [ -67.285656836868355, 49.447294488259075 ], [ -67.279227993122674, 49.444262536048747 ], [ -67.280040846985258, 49.439116443872706 ], [ -67.287281140379065, 49.437002138158505 ] ] ] } },
{ "type": "Feature", "properties": { "hex_id": 1120584, "centroid_lon": -67.28403160336596, "centroid_lat": 49.457586780457561, "occurrences_today": 4, "datetimes_today": "2026-01-17 00:01:47, 2026-01-17 00:17:11, 2026-01-17 00:31:54, 2026-01-17 00:35:55", "cumulative_total": 31.0 }, "geometry": { "type": "Polygon", "coordinates": [ [ [ -67.284844336408909, 49.452440641597939 ], [ -67.291274585041066, 49.455472347750423 ], [ -67.290462438443001, 49.46061856222417 ], [ -67.283218637653931, 49.462732904834262 ], [ -67.276788035288817, 49.459700725617402 ], [ -67.277601587360095, 49.454554676924793 ], [ -67.284844336408909, 49.452440641597939 ] ] ] } },
{ "type": "Feature", "properties": { "hex_id": 1120585, "centroid_lon": -67.281592007879823, "centroid_lat": 49.473025110124041, "occurrences_today": 4, "datetimes_today": "2026-01-17 00:01:47, 2026-01-17 00:17:11, 2026-01-17 00:31:54, 2026-01-17 00:35:55", "cumulative_total": 31.0 }, "geometry": { "type": "Polygon", "coordinates": [ [ [ -67.282405439187116, 49.467879014724311 ], [ -67.288837447612579, 49.470910947764928 ], [ -67.288024603208925, 49.476057118824535 ], [ -67.280778343646304, 49.478171191029688 ], [ -67.274345981286302, 49.475138784668935 ], [ -67.275160232337697, 49.469992779493182 ], [ -67.282405439187116, 49.467879014724311 ] ] ] } },
{ "type": "Feature", "properties": { "hex_id": 1120586, "centroid_lon": -67.279150316057354, "centroid_lat": 49.488463309343949, "occurrences_today": 4, "datetimes_today": "2026-01-17 00:01:47, 2026-01-17 00:17:11, 2026-01-17 00:31:54, 2026-01-17 00:35:55", "cumulative_total": 31.0 }, "geometry": { "type": "Polygon", "coordinates": [ [ [ -67.279964446400754, 49.483317257437569 ], [ -67.286398215996215, 49.486349417503654 ], [ -67.285584673015634, 49.491495545115768 ], [ -67.278335952530213, 49.49360934674516 ], [ -67.271901828798619, 49.490576713103003 ], [ -67.272716779602675, 49.485430751477573 ], [ -67.279964446400754, 49.483317257437569 ] ] ] } },
{ "type": "Feature", "properties": { "hex_id": 1120587, "centroid_lon": -67.276706525580948, "centroid_lat": 49.503901378017098, "occurrences_today": 4, "datetimes_today": "2026-01-17 00:01:47, 2026-01-17 00:17:11, 2026-01-17 00:31:54, 2026-01-17 00:35:55", "cumulative_total": 31.0 }, "geometry": { "type": "Polygon", "coordinates": [ [ [ -67.277521355733398, 49.498755369637443 ], [ -67.283956887876826, 49.501787756866527 ], [ -67.283142645546803, 49.506933840997746 ], [ -67.275891461986859, 49.509047371880378 ], [ -67.269455575505688, 49.506014510819142 ], [ -67.270271226836172, 49.500868592777529 ], [ -67.277521355733398, 49.498755369637443 ] ] ] } },
{ "type": "Feature", "properties": { "hex_id": 1120588, "centroid_lon": -67.27426063412949, "centroid_lat": 49.519339316042995, "occurrences_today": 4, "datetimes_today": "2026-01-17 00:01:47, 2026-01-17 00:17:11, 2026-01-17 00:31:54, 2026-01-17 00:35:55", "cumulative_total": 31.0 }, "geometry": { "type": "Polygon", "coordinates": [ [ [ -67.275076164865084, 49.514193351223582 ], [ -67.281513460935685, 49.517225965753305 ], [ -67.280698518482538, 49.522372006370205 ], [ -67.273444869693961, 49.524485266334871 ], [ -67.267007219083951, 49.521452177716711 ], [ -67.267823571715752, 49.516306303292474 ], [ -67.275076164865084, 49.514193351223582 ] ] ] } },
{ "type": "Feature", "properties": { "hex_id": 1121192, "centroid_lon": -67.283289937640617, "centroid_lat": 49.418531930334971, "occurrences_today": 4, "datetimes_today": "2026-01-17 00:01:47, 2026-01-17 00:17:11, 2026-01-17 00:31:54, 2026-01-17 00:35:55", "cumulative_total": 31.0 }, "geometry": { "type": "Polygon", "coordinates": [ [ [ -67.284101629533055, 49.413385765760651 ], [ -67.290526960161131, 49.416417264369436 ], [ -67.289715853407003, 49.421563504505933 ], [ -67.282478013525036, 49.423678080437021 ], [ -67.27605233002447, 49.420646109369514 ], [ -67.276864839192967, 49.415500034899509 ], [ -67.284101629533055, 49.413385765760651 ] ] ] } },
{ "type": "Feature", "properties": { "hex_id": 1121193, "centroid_lon": -67.280853468282828, "centroid_lat": 49.433970337209608, "occurrences_today": 4, "datetimes_today": "2026-01-17 00:01:47, 2026-01-17 00:17:11, 2026-01-17 00:31:54, 2026-01-17 00:35:55", "cumulative_total": 31.0 }, "geometry": { "type": "Polygon", "coordinates": [ [ [ -67.281665857100919, 49.428824216063141 ], [ -67.288092943601342, 49.43185594140418 ], [ -67.287281140379065, 49.437002138158505 ], [ -67.280040846985258, 49.439116443872706 ], [ -67.273613407411261, 49.436084245817611 ], [ -67.274426614219124, 49.430938214832274 ], [ -67.281665857100919, 49.428824216063141 ] ] ] } },
{ "type": "Feature", "properties": { "hex_id": 1121194, "centroid_lon": -67.278414906609498, "centroid_lat": 49.449408613734022, "occurrences_today": 4, "datetimes_today": "2026-01-17 00:01:47, 2026-01-17 00:17:11, 2026-01-17 00:31:54, 2026-01-17 00:35:55", "cumulative_total": 31.0 }, "geometry": { "type": "Polygon", "coordinates": [ [ [ -67.279227993122674, 49.444262536048747 ], [ -67.285656836868355, 49.447294488259075 ], [ -67.284844336408909, 49.452440641597939 ], [ -67.277601587360095, 49.454554676924793 ], [ -67.271172390339729, 49.451522251744898 ], [ -67.271986295557213, 49.446376264277632 ], [ -67.279227993122674, 49.444262536048747 ] ] ] } },
{ "type": "Feature", "properties": { "hex_id": 1121195, "centroid_lon": -67.275974250309929, "centroid_lat": 49.464846759808104, "occurrences_today": 4, "datetimes_today": "2026-01-17 00:01:47, 2026-01-17 00:17:11, 2026-01-17 00:31:54, 2026-01-17 00:35:55", "cumulative_total": 31.0 }, "geometry": { "type": "Polygon", "coordinates": [ [ [ -67.276788035288817, 49.459700725617402 ], [ -67.283218637653931, 49.462732904834262 ], [ -67.282405439187116, 49.467879014724311 ], [ -67.275160232337697, 49.469992779493182 ], [ -67.268729276496757, 49.466960127051088 ], [ -67.269543880895284, 49.461814183135338 ], [ -67.276788035288817, 49.459700725617402 ] ] ] } },
{ "type": "Feature", "properties": { "hex_id": 1121196, "centroid_lon": -67.273531497069925, "centroid_lat": 49.480284775331633, "occurrences_today": 4, "datetimes_today": "2026-01-17 00:01:47, 2026-01-17 00:17:11, 2026-01-17 00:31:54, 2026-01-17 00:35:55", "cumulative_total": 31.0 }, "geometry": { "type": "Polygon", "coordinates": [ [ [ -67.274345981286302, 49.475138784668935 ], [ -67.280778343646304, 49.478171191029688 ], [ -67.279964446400754, 49.483317257437569 ], [ -67.272716779602675, 49.485430751477573 ], [ -67.266284063565678, 49.482397871635747 ], [ -67.267099367917851, 49.477251971305002 ], [ -67.274345981286302, 49.475138784668935 ] ] ] } },
{ "type": "Feature", "properties": { "hex_id": 1121197, "centroid_lon": -67.271086644571795, "centroid_lat": 49.49572266020423, "occurrences_today": 4, "datetimes_today": "2026-01-17 00:01:47, 2026-01-17 00:17:11, 2026-01-17 00:31:54, 2026-01-17 00:35:55", "cumulative_total": 31.0 }, "geometry": { "type": "Polygon", "coordinates": [ [ [ -67.271901828798619, 49.490576713103003 ], [ -67.278335952530213, 49.49360934674516 ], [ -67.277521355733398, 49.498755369637443 ], [ -67.270271226836172, 49.500868592777529 ], [ -67.263836749226357, 49.497835485398284 ], [ -67.26465275430597, 49.492689628686101 ], [ -67.271901828798619, 49.490576713103003 ] ] ] } },
{ "type": "Feature", "properties": { "hex_id": 1121198, "centroid_lon": -67.268639690494268, "centroid_lat": 49.511160414325374, "occurrences_today": 4, "datetimes_today": "2026-01-17 00:01:47, 2026-01-17 00:17:11, 2026-01-17 00:31:54, 2026-01-17 00:35:55", "cumulative_total": 31.0 }, "geometry": { "type": "Polygon", "coordinates": [ [ [ -67.269455575505688, 49.506014510819142 ], [ -67.275891461986859, 49.509047371880378 ], [ -67.275076164865084, 49.514193351223582 ], [ -67.267823571715752, 49.516306303292474 ], [ -67.26138733115512, 49.513272968237963 ], [ -67.262204037737106, 49.508127155177952 ], [ -67.269455575505688, 49.506014510819142 ] ] ] } },
{ "type": "Feature", "properties": { "hex_id": 1121199, "centroid_lon": -67.266190632512604, "centroid_lat": 49.526598037594383, "occurrences_today": 4, "datetimes_today": "2026-01-17 00:01:47, 2026-01-17 00:17:11, 2026-01-17 00:31:54, 2026-01-17 00:35:55", "cumulative_total": 31.0 }, "geometry": { "type": "Polygon", "coordinates": [ [ [ -67.267007219083951, 49.521452177716711 ], [ -67.273444869693961, 49.524485266334871 ], [ -67.272628871472293, 49.52963120209548 ], [ -67.265373811915467, 49.531743882921702 ], [ -67.258935807024727, 49.528710320053925 ], [ -67.259753215885226, 49.523564550679701 ], [ -67.267007219083951, 49.521452177716711 ] ] ] } },
{ "type": "Feature", "properties": { "hex_id": 1121803, "centroid_lon": -67.27523958839501, "centroid_lat": 49.425792169348341, "occurrences_today": 4, "datetimes_today": "2026-01-17 00:01:47, 2026-01-17 00:17:11, 2026-01-17 00:31:54, 2026-01-17 00:35:55", "cumulative_total": 31.0 }, "geometry": { "type": "Polygon", "coordinates": [ [ [ -67.27605233002447, 49.420646109369514 ], [ -67.282478013525036, 49.423678080437021 ], [ -67.281665857100919, 49.428824216063141 ], [ -67.274426614219124, 49.430938214832274 ], [ -67.268000578102416, 49.427905771145404 ], [ -67.268814137398124, 49.422759801378625 ], [ -67.27605233002447, 49.420646109369514 ] ] ] } },
{ "type": "Feature", "properties": { "hex_id": 1121804, "centroid_lon": -67.272799967885831, "centroid_lat": 49.441230262300643, "occurrences_today": 4, "datetimes_today": "2026-01-17 00:01:47, 2026-01-17 00:17:11, 2026-01-17 00:31:54, 2026-01-17 00:35:55", "cumulative_total": 31.0 }, "geometry": { "type": "Polygon", "coordinates": [ [ [ -67.273613407411261, 49.436084245817611 ], [ -67.280040846985258, 49.439116443872706 ], [ -67.279227993122674, 49.444262536048747 ], [ -67.271986295557213, 49.446376264277632 ], [ -67.265558503166389, 49.443343593347777 ], [ -67.266372761072205, 49.438197667133686 ], [ -67.273613407411261, 49.436084245817611 ] ] ] } },
{ "type": "Feature", "properties": { "hex_id": 1121805, "centroid_lon": -67.270358252147673, "centroid_lat": 49.456668224698703, "occurrences_today": 4, "datetimes_today": "2026-01-17 00:01:47, 2026-01-17 00:17:11, 2026-01-17 00:31:54, 2026-01-17 00:35:55", "cumulative_total": 31.0 }, "geometry": { "type": "Polygon", "coordinates": [ [ [ -67.271172390339729, 49.451522251744898 ], [ -67.277601587360095, 49.454554676924793 ], [ -67.276788035288817, 49.459700725617402 ], [ -67.269543880895284, 49.461814183135338 ], [ -67.263114330857363, 49.458781284825079 ], [ -67.263929288144752, 49.453635402197186 ], [ -67.271172390339729, 49.451522251744898 ] ] ] } },
{ "type": "Feature", "properties": { "hex_id": 1121806, "centroid_lon": -67.267914438866242, "centroid_lat": 49.472106056442222, "occurrences_today": 4, "datetimes_today": "2026-01-17 00:01:47, 2026-01-17 00:17:11, 2026-01-17 00:31:54, 2026-01-17 00:35:55", "cumulative_total": 31.0 }, "geometry": { "type": "Polygon", "coordinates": [ [ [ -67.268729276496757, 49.466960127051088 ], [ -67.275160232337697, 49.469992779493182 ], [ -67.274345981286302, 49.475138784668935 ], [ -67.267099367917851, 49.477251971305002 ], [ -67.260668058858613, 49.474218845476813 ], [ -67.261483716300219, 49.469073006468612 ], [ -67.268729276496757, 49.466960127051088 ] ] ] } },
{ "type": "Feature", "properties": { "hex_id": 1121807, "centroid_lon": -67.265468525723719, "centroid_lat": 49.487543757430672, "occurrences_today": 4, "datetimes_today": "2026-01-17 00:01:47, 2026-01-17 00:17:11, 2026-01-17 00:31:54, 2026-01-17 00:35:55", "cumulative_total": 31.0 }, "geometry": { "type": "Polygon", "coordinates": [ [ [ -67.266284063565678, 49.482397871635747 ], [ -67.272716779602675, 49.485430751477573 ], [ -67.271901828798619, 49.490576713103003 ], [ -67.26465275430597, 49.492689628686101 ], [ -67.258219684849891, 49.48965627520225 ], [ -67.259036043219496, 49.484510479847359 ], [ -67.266284063565678, 49.482397871635747 ] ] ] } },
{ "type": "Feature", "properties": { "hex_id": 1121808, "centroid_lon": -67.263020510398803, "centroid_lat": 49.502981327563468, "occurrences_today": 4, "datetimes_today": "2026-01-17 00:01:47, 2026-01-17 00:17:11, 2026-01-17 00:31:54, 2026-01-17 00:35:55", "cumulative_total": 31.0 }, "geometry": { "type": "Polygon", "coordinates": [ [ [ -67.263836749226357, 49.497835485398284 ], [ -67.270271226836172, 49.500868592777529 ], [ -67.269455575505688, 49.506014510819142 ], [ -67.262204037737106, 49.508127155177952 ], [ -67.255769206507409, 49.505093573900567 ], [ -67.25658626658003, 49.499947822232592 ], [ -67.263836749226357, 49.497835485398284 ] ] ] } },
{ "type": "Feature", "properties": { "hex_id": 1121809, "centroid_lon": -67.260570390566585, "centroid_lat": 49.518418766739792, "occurrences_today": 4, "datetimes_today": "2026-01-17 00:01:47, 2026-01-17 00:17:11, 2026-01-17 00:31:54, 2026-01-17 00:35:55", "cumulative_total": 31.0 }, "geometry": { "type": "Polygon", "coordinates": [ [ [ -67.26138733115512, 49.513272968237963 ], [ -67.267823571715752, 49.516306303292474 ], [ -67.267007219083951, 49.521452177716711 ], [ -67.259753215885226, 49.523564550679701 ], [ -67.253316621503856, 49.520530741470772 ], [ -67.254134384055646, 49.515385033523394 ], [ -67.26138733115512, 49.513272968237963 ] ] ] } },
{ "type": "Feature", "properties": { "hex_id": 1122414, "centroid_lon": -67.267186786022322, "centroid_lat": 49.43305172639834, "occurrences_today": 4, "datetimes_today": "2026-01-17 00:01:47, 2026-01-17 00:17:11, 2026-01-17 00:31:54, 2026-01-17 00:35:55", "cumulative_total": 31.0 }, "geometry": { "type": "Polygon", "coordinates": [ [ [ -67.268000578102416, 49.427905771145404 ], [ -67.274426614219124, 49.430938214832274 ], [ -67.273613407411261, 49.436084245817611 ], [ -67.266372761072205, 49.438197667133686 ], [ -67.259946372596104, 49.435164750666871 ], [ -67.260760982732805, 49.430018885733809 ], [ -67.268000578102416, 49.427905771145404 ] ] ] } },
{ "type": "Feature", "properties": { "hex_id": 1122415, "centroid_lon": -67.264744012219154, "centroid_lat": 49.448489505036854, "occurrences_today": 4, "datetimes_today": "2026-01-17 00:01:47, 2026-01-17 00:17:11, 2026-01-17 00:31:54, 2026-01-17 00:35:55", "cumulative_total": 31.0 }, "geometry": { "type": "Polygon", "coordinates": [ [ [ -67.265558503166389, 49.443343593347777 ], [ -67.271986295557213, 49.446376264277632 ], [ -67.271172390339729, 49.451522251744898 ], [ -67.263929288144752, 49.453635402197186 ], [ -67.257501143194233, 49.450602258231882 ], [ -67.258316452912609, 49.445456436919635 ], [ -67.265558503166389, 49.443343593347777 ] ] ] } },
{ "type": "Feature", "properties": { "hex_id": 1122416, "centroid_lon": -67.262299140271153, "centroid_lat": 49.463927152916817, "occurrences_today": 4, "datetimes_today": "2026-01-17 00:01:47, 2026-01-17 00:17:11, 2026-01-17 00:31:54, 2026-01-17 00:35:55", "cumulative_total": 31.0 }, "geometry": { "type": "Polygon", "coordinates": [ [ [ -67.263114330857363, 49.458781284825079 ], [ -67.269543880895284, 49.461814183135338 ], [ -67.268729276496757, 49.466960127051088 ], [ -67.261483716300219, 49.469073006468612 ], [ -67.255053813502286, 49.466039634867244 ], [ -67.255869823574997, 49.460893857209406 ], [ -67.263114330857363, 49.458781284825079 ] ] ] } },
{ "type": "Feature", "properties": { "hex_id": 1122417, "centroid_lon": -67.259852167860387, "centroid_lat": 49.479364669937631, "occurrences_today": 4, "datetimes_today": "2026-01-17 00:01:47, 2026-01-17 00:17:11, 2026-01-17 00:31:54, 2026-01-17 00:35:55", "cumulative_total": 31.0 }, "geometry": { "type": "Polygon", "coordinates": [ [ [ -67.260668058858613, 49.474218845476813 ], [ -67.267099367917851, 49.477251971305002 ], [ -67.266284063565678, 49.482397871635747 ], [ -67.259036043219496, 49.484510479847359 ], [ -67.252604381199873, 49.481476880472194 ], [ -67.253421092400771, 49.476331146502368 ], [ -67.260668058858613, 49.474218845476813 ] ] ] } },
{ "type": "Feature", "properties": { "hex_id": 1122418, "centroid_lon": -67.257403092665442, "centroid_lat": 49.494802055998576, "occurrences_today": 4, "datetimes_today": "2026-01-17 00:01:47, 2026-01-17 00:17:11, 2026-01-17 00:31:54, 2026-01-17 00:35:55", "cumulative_total": 31.0 }, "geometry": { "type": "Polygon", "coordinates": [ [ [ -67.258219684849891, 49.48965627520225 ], [ -67.26465275430597, 49.492689628686101 ], [ -67.263836749226357, 49.497835485398284 ], [ -67.25658626658003, 49.499947822232592 ], [ -67.250152843963164, 49.49691399494575 ], [ -67.250970257067266, 49.491768304697615 ], [ -67.258219684849891, 49.48965627520225 ] ] ] } },
{ "type": "Feature", "properties": { "hex_id": 1122419, "centroid_lon": -67.254951912361378, "centroid_lat": 49.510239310998749, "occurrences_today": 4, "datetimes_today": "2026-01-17 00:01:47, 2026-01-17 00:17:11, 2026-01-17 00:31:54, 2026-01-17 00:35:55", "cumulative_total": 31.0 }, "geometry": { "type": "Polygon", "coordinates": [ [ [ -67.255769206507409, 49.505093573900567 ], [ -67.262204037737106, 49.508127155177952 ], [ -67.26138733115512, 49.513272968237963 ], [ -67.254134384055646, 49.515385033523394 ], [ -67.247699199464748, 49.512350978186852 ], [ -67.248517315248222, 49.507205331694124 ], [ -67.255769206507409, 49.505093573900567 ] ] ] } },
{ "type": "Feature", "properties": { "hex_id": 1123025, "centroid_lon": -67.259131529351308, "centroid_lat": 49.440310601063395, "occurrences_today": 4, "datetimes_today": "2026-01-17 00:01:47, 2026-01-17 00:17:11, 2026-01-17 00:31:54, 2026-01-17 00:35:55", "cumulative_total": 31.0 }, "geometry": { "type": "Polygon", "coordinates": [ [ [ -67.259946372596104, 49.435164750666871 ], [ -67.266372761072205, 49.438197667133686 ], [ -67.265558503166389, 49.443343593347777 ], [ -67.258316452912609, 49.445456436919635 ], [ -67.25188971233429, 49.442423047512243 ], [ -67.252705374026192, 49.437277287543438 ], [ -67.259946372596104, 49.435164750666871 ] ] ] } },
{ "type": "Feature", "properties": { "hex_id": 1123026, "centroid_lon": -67.256685600110345, "centroid_lat": 49.455748064996371, "occurrences_today": 4, "datetimes_today": "2026-01-17 00:01:47, 2026-01-17 00:17:11, 2026-01-17 00:31:54, 2026-01-17 00:35:55", "cumulative_total": 31.0 }, "geometry": { "type": "Polygon", "coordinates": [ [ [ -67.257501143194233, 49.450602258231882 ], [ -67.263929288144752, 49.453635402197186 ], [ -67.263114330857363, 49.458781284825079 ], [ -67.255869823574997, 49.460893857209406 ], [ -67.249441326322341, 49.457860240047928 ], [ -67.250257688568297, 49.452714523768222 ], [ -67.257501143194233, 49.450602258231882 ] ] ] } },
{ "type": "Feature", "properties": { "hex_id": 1123027, "centroid_lon": -67.254237569806222, "centroid_lat": 49.471185397966146, "occurrences_today": 4, "datetimes_today": "2026-01-17 00:01:47, 2026-01-17 00:17:11, 2026-01-17 00:31:54, 2026-01-17 00:35:55", "cumulative_total": 31.0 }, "geometry": { "type": "Polygon", "coordinates": [ [ [ -67.255053813502286, 49.466039634867244 ], [ -67.261483716300219, 49.469073006468612 ], [ -67.260668058858613, 49.474218845476813 ], [ -67.253421092400771, 49.476331146502368 ], [ -67.246990837100782, 49.473297301449072 ], [ -67.247807900674644, 49.468151628892088 ], [ -67.255053813502286, 49.466039634867244 ] ] ] } },
{ "type": "Feature", "properties": { "hex_id": 1123028, "centroid_lon": -67.251787436117439, "centroid_lat": 49.486622599871843, "occurrences_today": 4, "datetimes_today": "2026-01-17 00:01:47, 2026-01-17 00:17:11, 2026-01-17 00:31:54, 2026-01-17 00:35:55", "cumulative_total": 31.0 }, "geometry": { "type": "Polygon", "coordinates": [ [ [ -67.252604381199873, 49.481476880472194 ], [ -67.259036043219496, 49.484510479847359 ], [ -67.258219684849891, 49.48965627520225 ], [ -67.250970257067266, 49.491768304697615 ], [ -67.244538242345612, 49.4887342316146 ], [ -67.245356008022441, 49.483588602814066 ], [ -67.252604381199873, 49.481476880472194 ] ] ] } },
{ "type": "Feature", "properties": { "hex_id": 1123029, "centroid_lon": -67.249335196718931, "centroid_lat": 49.502059670612496, "occurrences_today": 4, "datetimes_today": "2026-01-17 00:01:47, 2026-01-17 00:17:11, 2026-01-17 00:31:54, 2026-01-17 00:35:55", "cumulative_total": 31.0 }, "geometry": { "type": "Polygon", "coordinates": [ [ [ -67.250152843963164, 49.49691399494575 ], [ -67.25658626658003, 49.499947822232592 ], [ -67.255769206507409, 49.505093573900567 ], [ -67.248517315248222, 49.507205331694124 ], [ -67.24208353972935, 49.504171030443331 ], [ -67.24290200828537, 49.499025445432977 ], [ -67.250152843963164, 49.49691399494575 ] ] ] } },
{ "type": "Feature", "properties": { "hex_id": 1123030, "centroid_lon": -67.246880849282107, "centroid_lat": 49.517496610086958, "occurrences_today": 4, "datetimes_today": "2026-01-17 00:01:47, 2026-01-17 00:17:11, 2026-01-17 00:31:54, 2026-01-17 00:35:55", "cumulative_total": 31.0 }, "geometry": { "type": "Polygon", "coordinates": [ [ [ -67.247699199464748, 49.512350978186852 ], [ -67.254134384055646, 49.515385033523394 ], [ -67.253316621503856, 49.520530741470772 ], [ -67.246062264613911, 49.522642227390669 ], [ -67.23962672692096, 49.519607697833898 ], [ -67.240445899133576, 49.514462156647546 ], [ -67.247699199464748, 49.512350978186852 ] ] ] } },
{ "type": "Feature", "properties": { "hex_id": 1123636, "centroid_lon": -67.251073817210298, "centroid_lat": 49.44756879292175, "occurrences_today": 4, "datetimes_today": "2026-01-17 00:01:47, 2026-01-17 00:17:11, 2026-01-17 00:31:54, 2026-01-17 00:35:55", "cumulative_total": 31.0 }, "geometry": { "type": "Polygon", "coordinates": [ [ [ -67.25188971233429, 49.442423047512243 ], [ -67.258316452912609, 49.445456436919635 ], [ -67.257501143194233, 49.450602258231882 ], [ -67.250257688568297, 49.452714523768222 ], [ -67.243830596145315, 49.449680661259649 ], [ -67.244647310107027, 49.444535006385792 ], [ -67.25188971233429, 49.442423047512243 ] ] ] } },
{ "type": "Feature", "properties": { "hex_id": 1123637, "centroid_lon": -67.248624730386481, "centroid_lat": 49.463005941757139, "occurrences_today": 4, "datetimes_today": "2026-01-17 00:01:47, 2026-01-17 00:17:11, 2026-01-17 00:31:54, 2026-01-17 00:35:55", "cumulative_total": 31.0 }, "geometry": { "type": "Polygon", "coordinates": [ [ [ -67.249441326322341, 49.457860240047928 ], [ -67.255869823574997, 49.460893857209406 ], [ -67.255053813502286, 49.466039634867244 ], [ -67.247807900674644, 49.468151628892088 ], [ -67.24137905137782, 49.465117538373768 ], [ -67.242196466866773, 49.459971927257378 ], [ -67.249441326322341, 49.457860240047928 ] ] ] } },
{ "type": "Feature", "properties": { "hex_id": 1123638, "centroid_lon": -67.246173539578777, "centroid_lat": 49.478442959424314, "occurrences_today": 4, "datetimes_today": "2026-01-17 00:01:47, 2026-01-17 00:17:11, 2026-01-17 00:31:54, 2026-01-17 00:35:55", "cumulative_total": 31.0 }, "geometry": { "type": "Polygon", "coordinates": [ [ [ -67.246990837100782, 49.473297301449072 ], [ -67.253421092400771, 49.476331146502368 ], [ -67.252604381199873, 49.481476880472194 ], [ -67.245356008022441, 49.483588602814066 ], [ -67.238925400478735, 49.480554284148063 ], [ -67.239743518269989, 49.475408716822869 ], [ -67.246990837100782, 49.473297301449072 ] ] ] } },
{ "type": "Feature", "properties": { "hex_id": 1123639, "centroid_lon": -67.243720242462018, "centroid_lat": 49.49387984582215, "occurrences_today": 4, "datetimes_today": "2026-01-17 00:01:47, 2026-01-17 00:17:11, 2026-01-17 00:31:54, 2026-01-17 00:35:55", "cumulative_total": 31.0 }, "geometry": { "type": "Polygon", "coordinates": [ [ [ -67.244538242345612, 49.4887342316146 ], [ -67.250970257067266, 49.491768304697615 ], [ -67.250152843963164, 49.49691399494575 ], [ -67.24290200828537, 49.499025445432977 ], [ -67.236469641120422, 49.495990898481246 ], [ -67.237288461990261, 49.490845374981006 ], [ -67.244538242345612, 49.4887342316146 ] ] ] } },
{ "type": "Feature", "properties": { "hex_id": 1123640, "centroid_lon": -67.241264836707558, "centroid_lat": 49.509316600849438, "occurrences_today": 4, "datetimes_today": "2026-01-17 00:01:47, 2026-01-17 00:17:11, 2026-01-17 00:31:54, 2026-01-17 00:35:55", "cumulative_total": 31.0 }, "geometry": { "type": "Polygon", "coordinates": [ [ [ -67.24208353972935, 49.504171030443331 ], [ -67.248517315248222, 49.507205331694124 ], [ -67.247699199464748, 49.512350978186852 ], [ -67.240445899133576, 49.514462156647546 ], [ -67.23401177097179, 49.511427381271851 ], [ -67.234831295697646, 49.50628190163043 ], [ -67.24208353972935, 49.504171030443331 ] ] ] } },
{ "type": "Feature", "properties": { "hex_id": 1124247, "centroid_lon": -67.243013648427251, "centroid_lat": 49.454826301551414, "occurrences_today": 4, "datetimes_today": "2026-01-17 00:01:47, 2026-01-17 00:17:11, 2026-01-17 00:31:54, 2026-01-17 00:35:55", "cumulative_total": 31.0 }, "geometry": { "type": "Polygon", "coordinates": [ [ [ -67.243830596145315, 49.449680661259649 ], [ -67.250257688568297, 49.452714523768222 ], [ -67.249441326322341, 49.457860240047928 ], [ -67.242196466866773, 49.459971927257378 ], [ -67.235769022857099, 49.456937591486977 ], [ -67.236586789803638, 49.451792041838864 ], [ -67.243830596145315, 49.449680661259649 ] ] ] } },
{ "type": "Feature", "properties": { "hex_id": 1124248, "centroid_lon": -67.240561401874288, "centroid_lat": 49.470263134896847, "occurrences_today": 4, "datetimes_today": "2026-01-17 00:01:47, 2026-01-17 00:17:11, 2026-01-17 00:31:54, 2026-01-17 00:35:55", "cumulative_total": 31.0 }, "geometry": { "type": "Polygon", "coordinates": [ [ [ -67.24137905137782, 49.465117538373768 ], [ -67.247807900674644, 49.468151628892088 ], [ -67.246990837100782, 49.473297301449072 ], [ -67.239743518269989, 49.475408716822869 ], [ -67.23331431718735, 49.472374152786955 ], [ -67.234132786635129, 49.46722864696477 ], [ -67.24137905137782, 49.465117538373768 ] ] ] } },
{ "type": "Feature", "properties": { "hex_id": 1124249, "centroid_lon": -67.23810704841425, "centroid_lat": 49.48569983686869, "occurrences_today": 4, "datetimes_today": "2026-01-17 00:01:47, 2026-01-17 00:17:11, 2026-01-17 00:31:54, 2026-01-17 00:35:55", "cumulative_total": 31.0 }, "geometry": { "type": "Polygon", "coordinates": [ [ [ -67.238925400478735, 49.480554284148063 ], [ -67.245356008022441, 49.483588602814066 ], [ -67.244538242345612, 49.4887342316146 ], [ -67.237288461990261, 49.490845374981006 ], [ -67.230857502461575, 49.487810582541499 ], [ -67.231676675186876, 49.482665120579078 ], [ -67.238925400478735, 49.480554284148063 ] ] ] } },
{ "type": "Feature", "properties": { "hex_id": 1124250, "centroid_lon": -67.235650585718361, "centroid_lat": 49.501136407365635, "occurrences_today": 4, "datetimes_today": "2026-01-17 00:01:47, 2026-01-17 00:17:11, 2026-01-17 00:31:54, 2026-01-17 00:35:55", "cumulative_total": 31.0 }, "geometry": { "type": "Polygon", "coordinates": [ [ [ -67.236469641120422, 49.495990898481246 ], [ -67.24290200828537, 49.499025445432977 ], [ -67.24208353972935, 49.504171030443331 ], [ -67.234831295697646, 49.50628190163043 ], [ -67.228398576348539, 49.503246880649073 ], [ -67.229218453128851, 49.498101462580273 ], [ -67.236469641120422, 49.495990898481246 ] ] ] } },
{ "type": "Feature", "properties": { "hex_id": 1124859, "centroid_lon": -67.232495613400033, "centroid_lat": 49.477519643992977, "occurrences_today": 4, "datetimes_today": "2026-01-17 00:01:47, 2026-01-17 00:17:11, 2026-01-17 00:31:54, 2026-01-17 00:35:55", "cumulative_total": 31.0 }, "geometry": { "type": "Polygon", "coordinates": [ [ [ -67.23331431718735, 49.472374152786955 ], [ -67.239743518269989, 49.475408716822869 ], [ -67.238925400478735, 49.480554284148063 ], [ -67.231676675186876, 49.482665120579078 ], [ -67.225247122577173, 49.479630082864894 ], [ -67.226066646700048, 49.474484682467924 ], [ -67.23331431718735, 49.472374152786955 ] ] ] } },
{ "type": "Feature", "properties": { "hex_id": 1124860, "centroid_lon": -67.230038095137701, "centroid_lat": 49.492956029876488, "occurrences_today": 4, "datetimes_today": "2026-01-17 00:01:47, 2026-01-17 00:17:11, 2026-01-17 00:31:54, 2026-01-17 00:35:55", "cumulative_total": 31.0 }, "geometry": { "type": "Polygon", "coordinates": [ [ [ -67.230857502461575, 49.487810582541499 ], [ -67.237288461990261, 49.490845374981006 ], [ -67.236469641120422, 49.495990898481246 ], [ -67.229218453128851, 49.498101462580273 ], [ -67.222787141874321, 49.495066196206466 ], [ -67.223607370250761, 49.489920839737927 ], [ -67.230857502461575, 49.487810582541499 ] ] ] } },
{ "type": "Feature", "properties": { "hex_id": 1124861, "centroid_lon": -67.227578464710248, "centroid_lat": 49.508392284079143, "occurrences_today": 4, "datetimes_today": "2026-01-17 00:01:47, 2026-01-17 00:17:11, 2026-01-17 00:31:54, 2026-01-17 00:35:55", "cumulative_total": 31.0 }, "geometry": { "type": "Polygon", "coordinates": [ [ [ -67.228398576348539, 49.503246880649073 ], [ -67.234831295697646, 49.50628190163043 ], [ -67.23401177097179, 49.511427381271851 ], [ -67.226758118127435, 49.513537672866697 ], [ -67.220325046853716, 49.510502177694846 ], [ -67.221145980262392, 49.505356865188702 ], [ -67.228398576348539, 49.503246880649073 ] ] ] } },
{ "type": "Feature", "properties": { "hex_id": 574521, "centroid_lon": -73.569949055115927, "centroid_lat": 45.405197726137949, "occurrences_today": 4, "datetimes_today": "2026-01-17 00:01:47, 2026-01-17 00:17:11, 2026-01-17 00:31:54, 2026-01-17 00:35:55", "cumulative_total": 25.0 }, "geometry": { "type": "Polygon", "coordinates": [ [ [ -73.570080145619414, 45.400002450164735 ], [ -73.576401471600988, 45.4026798852585 ], [ -73.576270948318168, 45.407875173087184 ], [ -73.569817928855954, 45.410392997068882 ], [ -73.563496071416196, 45.407715194300309 ], [ -73.563627764884856, 45.402519935289106 ], [ -73.570080145619414, 45.400002450164735 ] ] ] } },
{ "type": "Feature", "properties": { "hex_id": 575131, "centroid_lon": -73.56375942244361, "centroid_lat": 45.397324671233015, "occurrences_today": 4, "datetimes_today": "2026-01-17 00:01:47, 2026-01-17 00:17:11, 2026-01-17 00:31:54, 2026-01-17 00:35:55", "cumulative_total": 25.0 }, "geometry": { "type": "Polygon", "coordinates": [ [ [ -73.563891044104437, 45.392129402132113 ], [ -73.570211200378367, 45.394807169149281 ], [ -73.570080145619414, 45.400002450164735 ], [ -73.563627764884856, 45.402519935289106 ], [ -73.557307077612961, 45.399841800639031 ], [ -73.557439302061567, 45.394646548561731 ], [ -73.563891044104437, 45.392129402132113 ] ] ] } },
{ "type": "Feature", "properties": { "hex_id": 575741, "centroid_lon": -73.557571490458983, "centroid_lat": 45.389451291437055, "occurrences_today": 4, "datetimes_today": "2026-01-17 00:01:47, 2026-01-17 00:17:11, 2026-01-17 00:31:54, 2026-01-17 00:35:55", "cumulative_total": 25.0 }, "geometry": { "type": "Polygon", "coordinates": [ [ [ -73.557703642817216, 45.384256029265075 ], [ -73.564022629879389, 45.386934127986521 ], [ -73.563891044104437, 45.392129402132113 ], [ -73.557439302061567, 45.394646548561731 ], [ -73.551119784461292, 45.391968082249306 ], [ -73.551252539429925, 45.386772837162468 ], [ -73.557703642817216, 45.384256029265075 ] ] ] } },
{ "type": "Feature", "properties": { "hex_id": 575742, "centroid_lon": -73.557174817101057, "centroid_lat": 45.405037047668849, "occurrences_today": 4, "datetimes_today": "2026-01-17 00:01:47, 2026-01-17 00:17:11, 2026-01-17 00:31:54, 2026-01-17 00:35:55", "cumulative_total": 25.0 }, "geometry": { "type": "Polygon", "coordinates": [ [ [ -73.557307077612961, 45.399841800639031 ], [ -73.563627764884856, 45.402519935289106 ], [ -73.563496071416196, 45.407715194300309 ], [ -73.557042520513775, 45.410232289651113 ], [ -73.550721302280024, 45.407553787209544 ], [ -73.550854165898457, 45.402358557272947 ], [ -73.557307077612961, 45.399841800639031 ] ] ] } },
{ "type": "Feature", "properties": { "hex_id": 576352, "centroid_lon": -73.550986993288177, "centroid_lat": 45.397163322286161, "occurrences_today": 4, "datetimes_today": "2026-01-17 00:01:47, 2026-01-17 00:17:11, 2026-01-17 00:31:54, 2026-01-17 00:35:55", "cumulative_total": 25.0 }, "geometry": { "type": "Polygon", "coordinates": [ [ [ -73.551119784461292, 45.391968082249306 ], [ -73.557439302061567, 45.394646548561731 ], [ -73.557307077612961, 45.399841800639031 ], [ -73.550854165898457, 45.402358557272947 ], [ -73.544534117796331, 45.399679723211001 ], [ -73.544667511898425, 45.394484500328907 ], [ -73.551119784461292, 45.391968082249306 ] ] ] } },
{ "type": "Feature", "properties": { "hex_id": 576963, "centroid_lon": -73.544400687312205, "centroid_lat": 45.404874941040312, "occurrences_today": 4, "datetimes_today": "2026-01-17 00:01:47, 2026-01-17 00:17:11, 2026-01-17 00:31:54, 2026-01-17 00:35:55", "cumulative_total": 25.0 }, "geometry": { "type": "Polygon", "coordinates": [ [ [ -73.544534117796331, 45.399679723211001 ], [ -73.550854165898457, 45.402358557272947 ], [ -73.550721302280024, 45.407553787209544 ], [ -73.544267220433881, 45.410070153816761 ], [ -73.53794664186637, 45.40739095184675 ], [ -73.538080675598195, 45.402195751241869 ], [ -73.544534117796331, 45.399679723211001 ] ] ] } },
{ "type": "Feature", "properties": { "hex_id": 577573, "centroid_lon": -73.53821467278253, "centroid_lat": 45.39700054558147, "occurrences_today": 4, "datetimes_today": "2026-01-17 00:01:47, 2026-01-17 00:17:11, 2026-01-17 00:31:54, 2026-01-17 00:35:55", "cumulative_total": 25.0 }, "geometry": { "type": "Polygon", "coordinates": [ [ [ -73.538348633431582, 45.391805334865666 ], [ -73.544667511898425, 45.394484500328907 ], [ -73.544534117796331, 45.399679723211001 ], [ -73.538080675598195, 45.402195751241869 ], [ -73.531761267125773, 45.399516217912634 ], [ -73.531895830844846, 45.394321024482771 ], [ -73.538348633431582, 45.391805334865666 ] ] ] } },
{ "type": "Feature", "properties": { "hex_id": 506749, "centroid_lon": -74.280346042341264, "centroid_lat": 45.310543157528571, "occurrences_today": 3, "datetimes_today": "2026-01-17 00:17:11, 2026-01-17 00:31:54, 2026-01-17 00:35:55", "cumulative_total": 11.0 }, "geometry": { "type": "Polygon", "coordinates": [ [ [ -74.280411799699664, 45.305346584493648 ], [ -74.286756630341714, 45.307984878065227 ], [ -74.286691446762958, 45.313181455897748 ], [ -74.280280267062722, 45.31573972574013 ], [ -74.273934880564155, 45.313101072420473 ], [ -74.27400122961636, 45.307904509070688 ], [ -74.280411799699664, 45.305346584493648 ] ] ] } },
{ "type": "Feature", "properties": { "hex_id": 507360, "centroid_lon": -74.27386851343006, "centroid_lat": 45.318297630945622, "occurrences_today": 3, "datetimes_today": "2026-01-17 00:17:11, 2026-01-17 00:31:54, 2026-01-17 00:35:55", "cumulative_total": 11.0 }, "geometry": { "type": "Polygon", "coordinates": [ [ [ -74.273934880564155, 45.313101072420473 ], [ -74.280280267062722, 45.31573972574013 ], [ -74.280214473858081, 45.320936289128369 ], [ -74.273802128208033, 45.323494184646087 ], [ -74.267456185870955, 45.320855171418934 ], [ -74.267523145016398, 45.315658622645714 ], [ -74.273934880564155, 45.313101072420473 ] ] ] } },
{ "type": "Feature", "properties": { "hex_id": 507970, "centroid_lon": -74.26759008591813, "centroid_lat": 45.31046206904653, "occurrences_today": 3, "datetimes_today": "2026-01-17 00:17:11, 2026-01-17 00:31:54, 2026-01-17 00:35:55", "cumulative_total": 11.0 }, "geometry": { "type": "Polygon", "coordinates": [ [ [ -74.267657008582233, 45.305265510621346 ], [ -74.27400122961636, 45.307904509070688 ], [ -74.273934880564155, 45.313101072420473 ], [ -74.267523145016398, 45.315658622645714 ], [ -74.261178368611027, 45.313019264325952 ], [ -74.261245883118576, 45.307822715715538 ], [ -74.267657008582233, 45.305265510621346 ] ] ] } },
{ "type": "Feature", "properties": { "hex_id": 508580, "centroid_lon": -74.261313379232831, "centroid_lat": 45.302626162277797, "occurrences_today": 3, "datetimes_today": "2026-01-17 00:17:11, 2026-01-17 00:31:54, 2026-01-17 00:35:55", "cumulative_total": 11.0 }, "geometry": { "type": "Polygon", "coordinates": [ [ [ -74.261380856959917, 45.297429604012763 ], [ -74.267723913014805, 45.300068947370221 ], [ -74.267657008582233, 45.305265510621346 ], [ -74.261245883118576, 45.307822715715538 ], [ -74.254902272159399, 45.305183012524743 ], [ -74.254970341562014, 45.299986464137262 ], [ -74.261380856959917, 45.297429604012763 ] ] ] } },
{ "type": "Feature", "properties": { "hex_id": 509190, "centroid_lon": -74.255038392421909, "centroid_lat": 45.294789910921118, "occurrences_today": 3, "datetimes_today": "2026-01-17 00:17:11, 2026-01-17 00:31:54, 2026-01-17 00:35:55", "cumulative_total": 11.0 }, "geometry": { "type": "Polygon", "coordinates": [ [ [ -74.255106424745264, 45.289593352876345 ], [ -74.261448316305973, 45.292233040920458 ], [ -74.261380856959917, 45.297429604012763 ], [ -74.254970341562014, 45.299986464137262 ], [ -74.248627895563644, 45.297346416296953 ], [ -74.248696519394642, 45.292149868192489 ], [ -74.255106424745264, 45.289593352876345 ] ] ] } },
{ "type": "Feature", "properties": { "hex_id": 509800, "centroid_lon": -74.248765124533634, "centroid_lat": 45.286953315258046, "occurrences_today": 3, "datetimes_today": "2026-01-17 00:17:11, 2026-01-17 00:31:54, 2026-01-17 00:35:55", "cumulative_total": 11.0 }, "geometry": { "type": "Polygon", "coordinates": [ [ [ -74.248833710986858, 45.281756757493625 ], [ -74.255174438538248, 45.28439679000298 ], [ -74.255106424745264, 45.289593352876345 ], [ -74.248696519394642, 45.292149868192489 ], [ -74.242355237871905, 45.289509475924071 ], [ -74.242424415664885, 45.284312928162677 ], [ -74.248833710986858, 45.281756757493625 ] ] ] } },
{ "type": "Feature", "properties": { "hex_id": 510410, "centroid_lon": -74.242493574616745, "centroid_lat": 45.279116375569956, "occurrences_today": 3, "datetimes_today": "2026-01-17 00:17:11, 2026-01-17 00:31:54, 2026-01-17 00:35:55", "cumulative_total": 11.0 }, "geometry": { "type": "Polygon", "coordinates": [ [ [ -74.242562714733751, 45.273919818145906 ], [ -74.248902278760553, 45.276560194899233 ], [ -74.248833710986858, 45.281756757493625 ], [ -74.242424415664885, 45.284312928162677 ], [ -74.236084298132752, 45.281672191687498 ], [ -74.236154029421655, 45.276475644329182 ], [ -74.242562714733751, 45.273919818145906 ] ] ] } },
{ "type": "Feature", "properties": { "hex_id": 510411, "centroid_lon": -74.242286041231509, "centroid_lat": 45.294706018854114, "occurrences_today": 3, "datetimes_today": "2026-01-17 00:17:11, 2026-01-17 00:31:54, 2026-01-17 00:35:55", "cumulative_total": 11.0 }, "geometry": { "type": "Polygon", "coordinates": [ [ [ -74.242355237871905, 45.289509475924071 ], [ -74.248696519394642, 45.292149868192489 ], [ -74.248627895563644, 45.297346416296953 ], [ -74.242216825737415, 45.299902556952787 ], [ -74.235874990262118, 45.297261804766123 ], [ -74.235944778559329, 45.29206527190599 ], [ -74.242355237871905, 45.289509475924071 ] ] ] } },
{ "type": "Feature", "properties": { "hex_id": 511020, "centroid_lon": -74.236223741720451, "centroid_lat": 45.271279092138151, "occurrences_today": 3, "datetimes_today": "2026-01-17 00:17:11, 2026-01-17 00:31:54, 2026-01-17 00:35:55", "cumulative_total": 11.0 }, "geometry": { "type": "Polygon", "coordinates": [ [ [ -74.236293435035506, 45.26608253511445 ], [ -74.242631836022213, 45.268723255890549 ], [ -74.242562714733751, 45.273919818145906 ], [ -74.236154029421655, 45.276475644329182 ], [ -74.229815075395265, 45.273834563868455 ], [ -74.229885359714345, 45.268638016973156 ], [ -74.236293435035506, 45.26608253511445 ] ] ] } },
{ "type": "Feature", "properties": { "hex_id": 511021, "centroid_lon": -74.236014547847418, "centroid_lat": 45.28686873421313, "occurrences_today": 3, "datetimes_today": "2026-01-17 00:17:11, 2026-01-17 00:31:54, 2026-01-17 00:35:55", "cumulative_total": 11.0 }, "geometry": { "type": "Polygon", "coordinates": [ [ [ -74.236084298132752, 45.281672191687498 ], [ -74.242424415664885, 45.284312928162677 ], [ -74.242355237871905, 45.289509475924071 ], [ -74.235944778559329, 45.29206527190599 ], [ -74.229604107540794, 45.289424175549797 ], [ -74.229674449314885, 45.28422764315679 ], [ -74.236084298132752, 45.281672191687498 ] ] ] } },
{ "type": "Feature", "properties": { "hex_id": 511630, "centroid_lon": -74.229955624894501, "centroid_lat": 45.26344146524378, "occurrences_today": 3, "datetimes_today": "2026-01-17 00:17:11, 2026-01-17 00:31:54, 2026-01-17 00:35:55", "cumulative_total": 11.0 }, "geometry": { "type": "Polygon", "coordinates": [ [ [ -74.230025870942143, 45.258244908680346 ], [ -74.23636310937313, 45.260885973258084 ], [ -74.236293435035506, 45.26608253511445 ], [ -74.229885359714345, 45.268638016973156 ], [ -74.223547568709051, 45.26599659274806 ], [ -74.223618405592845, 45.260800046375664 ], [ -74.230025870942143, 45.258244908680346 ] ] ] } },
{ "type": "Feature", "properties": { "hex_id": 511631, "centroid_lon": -74.229744771930925, "centroid_lat": 45.279031105929683, "occurrences_today": 3, "datetimes_today": "2026-01-17 00:17:11, 2026-01-17 00:31:54, 2026-01-17 00:35:55", "cumulative_total": 11.0 }, "geometry": { "type": "Polygon", "coordinates": [ [ [ -74.229815075395265, 45.273834563868455 ], [ -74.236154029421655, 45.276475644329182 ], [ -74.236084298132752, 45.281672191687498 ], [ -74.229674449314885, 45.28422764315679 ], [ -74.223334942267911, 45.281586202852353 ], [ -74.223405837053022, 45.276389670986411 ], [ -74.229815075395265, 45.273834563868455 ] ] ] } },
{ "type": "Feature", "properties": { "hex_id": 512241, "centroid_lon": -74.223476712531252, "centroid_lat": 45.271193134284964, "occurrences_today": 3, "datetimes_today": "2026-01-17 00:17:11, 2026-01-17 00:31:54, 2026-01-17 00:35:55", "cumulative_total": 11.0 }, "geometry": { "type": "Polygon", "coordinates": [ [ [ -74.223547568709051, 45.26599659274806 ], [ -74.229885359714345, 45.268638016973156 ], [ -74.229815075395265, 45.273834563868455 ], [ -74.223405837053022, 45.276389670986411 ], [ -74.21706749349265, 45.27374788695488 ], [ -74.217138940823176, 45.268551355675896 ], [ -74.223547568709051, 45.26599659274806 ] ] ] } },
{ "type": "Feature", "properties": { "hex_id": 658786, "centroid_lon": -72.678599840197847, "centroid_lat": 45.640004344733754, "occurrences_today": 4, "datetimes_today": "2026-01-17 00:01:47, 2026-01-17 00:17:11, 2026-01-17 00:31:54, 2026-01-17 00:35:55", "cumulative_total": 18.0 }, "geometry": { "type": "Polygon", "coordinates": [ [ [ -72.678814351632383, 45.634811933377783 ], [ -72.6851173283317, 45.637538279430949 ], [ -72.684903378736394, 45.642730711460757 ], [ -72.678385270116891, 45.645196750562597 ], [ -72.672081790234643, 45.642470025761327 ], [ -72.672296922135104, 45.637277640670867 ], [ -72.678814351632383, 45.634811933377783 ] ] ] } },
{ "type": "Feature", "properties": { "hex_id": 659397, "centroid_lon": -72.671866599516605, "centroid_lat": 45.647662405320247, "occurrences_today": 4, "datetimes_today": "2026-01-17 00:01:47, 2026-01-17 00:17:11, 2026-01-17 00:31:54, 2026-01-17 00:35:55", "cumulative_total": 18.0 }, "geometry": { "type": "Polygon", "coordinates": [ [ [ -72.672081790234643, 45.642470025761327 ], [ -72.678385270116891, 45.645196750562597 ], [ -72.678170641369746, 45.650389150864093 ], [ -72.671651349961195, 45.652854779347379 ], [ -72.665347366955331, 45.650127675639979 ], [ -72.665563178461824, 45.644935322419983 ], [ -72.672081790234643, 45.642470025761327 ] ] ] } },
{ "type": "Feature", "properties": { "hex_id": 660007, "centroid_lon": -72.66577893097957, "centroid_lat": 45.639742963664027, "occurrences_today": 4, "datetimes_today": "2026-01-17 00:01:47, 2026-01-17 00:17:11, 2026-01-17 00:31:54, 2026-01-17 00:35:55", "cumulative_total": 18.0 }, "geometry": { "type": "Polygon", "coordinates": [ [ [ -72.665994624528423, 45.634550599372332 ], [ -72.672296922135104, 45.637277640670867 ], [ -72.672081790234643, 45.642470025761327 ], [ -72.665563178461824, 45.644935322419983 ], [ -72.659260378185579, 45.64220790226355 ], [ -72.659476692331864, 45.637015564370884 ], [ -72.665994624528423, 45.634550599372332 ] ] ] } },
{ "type": "Feature", "properties": { "hex_id": 660617, "centroid_lon": -72.659692947357968, "centroid_lat": 45.631823220938315, "occurrences_today": 4, "datetimes_today": "2026-01-17 00:01:47, 2026-01-17 00:17:11, 2026-01-17 00:31:54, 2026-01-17 00:35:55", "cumulative_total": 18.0 }, "geometry": { "type": "Polygon", "coordinates": [ [ [ -72.659909143283784, 45.626630871966114 ], [ -72.666210259128192, 45.629358229545183 ], [ -72.665994624528423, 45.634550599372332 ], [ -72.659476692331864, 45.637015564370884 ], [ -72.653175074271644, 45.634287827982163 ], [ -72.653391890603913, 45.629095505469046 ], [ -72.659909143283784, 45.626630871966114 ] ] ] } },
{ "type": "Feature", "properties": { "hex_id": 660618, "centroid_lon": -72.659044004899215, "centroid_lat": 45.647400234616022, "occurrences_today": 4, "datetimes_today": "2026-01-17 00:01:47, 2026-01-17 00:17:11, 2026-01-17 00:31:54, 2026-01-17 00:35:55", "cumulative_total": 18.0 }, "geometry": { "type": "Polygon", "coordinates": [ [ [ -72.659260378185579, 45.64220790226355 ], [ -72.665563178461824, 45.644935322419983 ], [ -72.665347366955331, 45.650127675639979 ], [ -72.658827572452893, 45.652592561428072 ], [ -72.652524269566712, 45.649864762255753 ], [ -72.652741263772995, 45.64467245637578 ], [ -72.659260378185579, 45.64220790226355 ] ] ] } },
{ "type": "Feature", "properties": { "hex_id": 661228, "centroid_lon": -72.652958198667989, "centroid_lat": 45.639480144951165, "occurrences_today": 4, "datetimes_today": "2026-01-17 00:01:47, 2026-01-17 00:17:11, 2026-01-17 00:31:54, 2026-01-17 00:35:55", "cumulative_total": 18.0 }, "geometry": { "type": "Polygon", "coordinates": [ [ [ -72.653175074271644, 45.634287827982163 ], [ -72.659476692331864, 45.637015564370884 ], [ -72.659260378185579, 45.64220790226355 ], [ -72.652741263772995, 45.64467245637578 ], [ -72.646439143556719, 45.64194434101946 ], [ -72.64665663988913, 45.636752050583034 ], [ -72.653175074271644, 45.634287827982163 ] ] ] } },
{ "type": "Feature", "properties": { "hex_id": 575752, "centroid_lon": -73.553190172250609, "centroid_lat": 45.560892111037518, "occurrences_today": 4, "datetimes_today": "2026-01-17 00:01:47, 2026-01-17 00:17:11, 2026-01-17 00:31:54, 2026-01-17 00:35:55", "cumulative_total": 7.0 }, "geometry": { "type": "Polygon", "coordinates": [ [ [ -73.55332352029869, 45.55569701547401 ], [ -73.55966128581079, 45.558375510697175 ], [ -73.559528509430578, 45.56357061832027 ], [ -73.553056787762443, 45.566087201550786 ], [ -73.54671848702867, 45.563408336524802 ], [ -73.54685244317244, 45.558213258135723 ], [ -73.55332352029869, 45.55569701547401 ] ] ] } },
{ "type": "Feature", "properties": { "hex_id": 577584, "centroid_lon": -73.53377340164873, "centroid_lat": 45.568439662560365, "occurrences_today": 4, "datetimes_today": "2026-01-17 00:01:47, 2026-01-17 00:17:11, 2026-01-17 00:31:54, 2026-01-17 00:35:55", "cumulative_total": 7.0 }, "geometry": { "type": "Polygon", "coordinates": [ [ [ -73.533908574448546, 45.563244618722223 ], [ -73.540246230157265, 45.565924187064063 ], [ -73.540111628988413, 45.571119243155628 ], [ -73.53363819190713, 45.573634701340062 ], [ -73.527300001515428, 45.570954762918817 ], [ -73.527435782875571, 45.565759736457146 ], [ -73.533908574448546, 45.563244618722223 ] ] ] } },
{ "type": "Feature", "properties": { "hex_id": 581852, "centroid_lon": -73.491229092079834, "centroid_lat": 45.482138101419537, "occurrences_today": 4, "datetimes_today": "2026-01-17 00:01:47, 2026-01-17 00:17:11, 2026-01-17 00:31:54, 2026-01-17 00:35:55", "cumulative_total": 6.0 }, "geometry": { "type": "Polygon", "coordinates": [ [ [ -73.491367768451909, 45.476943079092166 ], [ -73.497693763686229, 45.479624898798058 ], [ -73.497555655770043, 45.484819933776706 ], [ -73.491090377848636, 45.48733311867084 ], [ -73.484763852023903, 45.484650929586017 ], [ -73.484903134698314, 45.479455925050424 ], [ -73.491367768451909, 45.476943079092166 ] ] ] } },
{ "type": "Feature", "properties": { "hex_id": 581853, "centroid_lon": -73.490812835758007, "centroid_lat": 45.497723137944774, "occurrences_today": 4, "datetimes_today": "2026-01-17 00:01:47, 2026-01-17 00:17:11, 2026-01-17 00:31:54, 2026-01-17 00:35:55", "cumulative_total": 6.0 }, "geometry": { "type": "Polygon", "coordinates": [ [ [ -73.490951625745595, 45.492528130845947 ], [ -73.497279326809192, 45.495209988513835 ], [ -73.497141105739246, 45.500405008272097 ], [ -73.490674007873167, 45.502918139967221 ], [ -73.484345775795518, 45.500235912718949 ], [ -73.484485172585281, 45.49504092342039 ], [ -73.490951625745595, 45.492528130845947 ] ] ] } },
{ "type": "Feature", "properties": { "hex_id": 582463, "centroid_lon": -73.484624531323817, "centroid_lat": 45.489845929042708, "occurrences_today": 4, "datetimes_today": "2026-01-17 00:01:47, 2026-01-17 00:17:11, 2026-01-17 00:31:54, 2026-01-17 00:35:55", "cumulative_total": 6.0 }, "geometry": { "type": "Polygon", "coordinates": [ [ [ -73.484763852023903, 45.484650929586017 ], [ -73.491090377848636, 45.48733311867084 ], [ -73.490951625745595, 45.492528130845947 ], [ -73.484485172585281, 45.49504092342039 ], [ -73.478158116208334, 45.492358364797752 ], [ -73.478298043531183, 45.487163383202933 ], [ -73.484763852023903, 45.484650929586017 ] ] ] } },
{ "type": "Feature", "properties": { "hex_id": 583073, "centroid_lon": -73.478437932661706, "centroid_lat": 45.481968396526355, "occurrences_today": 4, "datetimes_today": "2026-01-17 00:01:47, 2026-01-17 00:17:11, 2026-01-17 00:31:54, 2026-01-17 00:35:55", "cumulative_total": 6.0 }, "geometry": { "type": "Polygon", "coordinates": [ [ [ -73.478577783612749, 45.476773404768124 ], [ -73.484903134698314, 45.479455925050424 ], [ -73.484763852023903, 45.484650929586017 ], [ -73.478298043531183, 45.487163383202933 ], [ -73.471972162354874, 45.484480493425416 ], [ -73.47211261974924, 45.479285519590611 ], [ -73.478577783612749, 45.476773404768124 ] ] ] } },
{ "type": "Feature", "properties": { "hex_id": 583683, "centroid_lon": -73.472253038810365, "centroid_lat": 45.474090540671419, "occurrences_today": 4, "datetimes_today": "2026-01-17 00:01:47, 2026-01-17 00:17:11, 2026-01-17 00:31:54, 2026-01-17 00:35:55", "cumulative_total": 6.0 }, "geometry": { "type": "Polygon", "coordinates": [ [ [ -73.472393419551096, 45.468895556667917 ], [ -73.478717596397075, 45.471578407928341 ], [ -73.478577783612749, 45.476773404768124 ], [ -73.47211261974924, 45.479285519590611 ], [ -73.465787913273672, 45.476602298877602 ], [ -73.465928900278342, 45.471407332859087 ], [ -73.472393419551096, 45.468895556667917 ] ] ] } },
{ "type": "Feature", "properties": { "hex_id": 583684, "centroid_lon": -73.471831666614406, "centroid_lat": 45.48967546217569, "occurrences_today": 4, "datetimes_today": "2026-01-17 00:01:47, 2026-01-17 00:17:11, 2026-01-17 00:31:54, 2026-01-17 00:35:55", "cumulative_total": 6.0 }, "geometry": { "type": "Polygon", "coordinates": [ [ [ -73.471972162354874, 45.484480493425416 ], [ -73.478298043531183, 45.487163383202933 ], [ -73.478158116208334, 45.492358364797752 ], [ -73.471691132514962, 45.49487042584137 ], [ -73.465364721286434, 45.492187166409764 ], [ -73.465505823790636, 45.486992215653046 ], [ -73.471972162354874, 45.484480493425416 ] ] ] } },
{ "type": "Feature", "properties": { "hex_id": 584294, "centroid_lon": -73.465646887782071, "centroid_lat": 45.481797259808964, "occurrences_today": 4, "datetimes_today": "2026-01-17 00:01:47, 2026-01-17 00:17:11, 2026-01-17 00:31:54, 2026-01-17 00:35:55", "cumulative_total": 6.0 }, "geometry": { "type": "Polygon", "coordinates": [ [ [ -73.465787913273672, 45.476602298877602 ], [ -73.47211261974924, 45.479285519590611 ], [ -73.471972162354874, 45.484480493425416 ], [ -73.465505823790636, 45.486992215653046 ], [ -73.459180587724134, 45.484308625328609 ], [ -73.459322219799901, 45.479113682452365 ], [ -73.465787913273672, 45.476602298877602 ] ] ] } },
{ "type": "Feature", "properties": { "hex_id": 450669, "centroid_lon": -74.863917027786414, "centroid_lat": 46.653392095543254, "occurrences_today": 1, "datetimes_today": "2026-01-17 00:35:55", "cumulative_total": 1.0 }, "geometry": { "type": "Polygon", "coordinates": [ [ [ -74.86393005859243, 46.648196352969819 ], [ -74.870457809475724, 46.650801809386444 ], [ -74.870445402673596, 46.655997550957167 ], [ -74.863903993368638, 46.658587833373758 ], [ -74.857375622093855, 46.655982005918119 ], [ -74.857389280514269, 46.650786267152263 ], [ -74.86393005859243, 46.648196352969819 ] ] ] } },
{ "type": "Feature", "properties": { "hex_id": 451279, "centroid_lon": -74.857402935150134, "centroid_lat": 46.645590523643179, "occurrences_today": 1, "datetimes_today": "2026-01-17 00:35:55", "cumulative_total": 1.0 }, "geometry": { "type": "Polygon", "coordinates": [ [ [ -74.857416586002756, 46.640394775390817 ], [ -74.863943085787909, 46.643000605653405 ], [ -74.86393005859243, 46.648196352969819 ], [ -74.857389280514269, 46.650786267152263 ], [ -74.850862160855868, 46.648180065885384 ], [ -74.850876439147555, 46.642984321507704 ], [ -74.857416586002756, 46.640394775390817 ] ] ] } },
{ "type": "Feature", "properties": { "hex_id": 451889, "centroid_lon": -74.850890713483366, "centroid_lat": 46.637788572386391, "occurrences_today": 1, "datetimes_today": "2026-01-17 00:35:55", "cumulative_total": 1.0 }, "geometry": { "type": "Polygon", "coordinates": [ [ [ -74.850904983864638, 46.632592818521452 ], [ -74.857430233073458, 46.635199022395099 ], [ -74.857416586002756, 46.640394775390817 ], [ -74.850876439147555, 46.642984321507704 ], [ -74.844350570583387, 46.640377746664569 ], [ -74.844365468228389, 46.635181996741352 ], [ -74.850904983864638, 46.632592818521452 ] ] ] } },
{ "type": "Feature", "properties": { "hex_id": 451890, "centroid_lon": -74.850847878606913, "centroid_lat": 46.653375805519566, "occurrences_today": 1, "datetimes_today": "2026-01-17 00:35:55", "cumulative_total": 1.0 }, "geometry": { "type": "Polygon", "coordinates": [ [ [ -74.850862160855868, 46.648180065885384 ], [ -74.857389280514269, 46.650786267152263 ], [ -74.857375622093855, 46.655982005918119 ], [ -74.850833592399326, 46.658571540410207 ], [ -74.844305852871699, 46.655964967970895 ], [ -74.844320762906449, 46.650769232279295 ], [ -74.850862160855868, 46.648180065885384 ] ] ] } },
{ "type": "Feature", "properties": { "hex_id": 452498, "centroid_lon": -74.844425017552098, "centroid_lat": 46.614398949608137, "occurrences_today": 1, "datetimes_today": "2026-01-17 00:35:55", "cumulative_total": 1.0 }, "geometry": { "type": "Polygon", "coordinates": [ [ [ -74.84443989457607, 46.609203175964488 ], [ -74.850962025871837, 46.611809755624023 ], [ -74.850947771294983, 46.617005528464119 ], [ -74.844410136406779, 46.619594718507607 ], [ -74.837887386785951, 46.616987768116218 ], [ -74.837902890376981, 46.61179199848047 ], [ -74.84443989457607, 46.609203175964488 ] ] ] } },
{ "type": "Feature", "properties": { "hex_id": 452499, "centroid_lon": -74.844380361746346, "centroid_lat": 46.629986242074153, "occurrences_today": 1, "datetimes_today": "2026-01-17 00:35:55", "cumulative_total": 1.0 }, "geometry": { "type": "Polygon", "coordinates": [ [ [ -74.844395251138664, 46.624790482662917 ], [ -74.850919250292762, 46.627397059912781 ], [ -74.850904983864638, 46.632592818521452 ], [ -74.844365468228389, 46.635181996741352 ], [ -74.837840850236446, 46.632575048556816 ], [ -74.837856366717176, 46.627379293154341 ], [ -74.844395251138664, 46.624790482662917 ] ] ] } },
{ "type": "Feature", "properties": { "hex_id": 452500, "centroid_lon": -74.844335668809876, "centroid_lat": 46.645573491843869, "occurrences_today": 1, "datetimes_today": "2026-01-17 00:35:55", "cumulative_total": 1.0 }, "geometry": { "type": "Polygon", "coordinates": [ [ [ -74.844350570583387, 46.640377746664569 ], [ -74.850876439147555, 46.642984321507704 ], [ -74.850862160855868, 46.648180065885384 ], [ -74.844320762906449, 46.650769232279295 ], [ -74.837794274991111, 46.648162286298543 ], [ -74.837809804374899, 46.642966545128864 ], [ -74.844350570583387, 46.640377746664569 ] ] ] } },
{ "type": "Feature", "properties": { "hex_id": 453108, "centroid_lon": -74.837918389674414, "centroid_lat": 46.606596224100201, "occurrences_today": 1, "datetimes_today": "2026-01-17 00:35:55", "cumulative_total": 1.0 }, "geometry": { "type": "Polygon", "coordinates": [ [ [ -74.837933884679728, 46.601400444975326 ], [ -74.844454767480116, 46.604007397576574 ], [ -74.84443989457607, 46.609203175964488 ], [ -74.837902890376981, 46.61179199848047 ], [ -74.831381389768183, 46.609184675182256 ], [ -74.831397511165406, 46.603988900132251 ], [ -74.837933884679728, 46.601400444975326 ] ] ] } },
{ "type": "Feature", "properties": { "hex_id": 453109, "centroid_lon": -74.837871878899847, "centroid_lat": 46.622183533007501, "occurrences_today": 1, "datetimes_today": "2026-01-17 00:35:55", "cumulative_total": 1.0 }, "geometry": { "type": "Polygon", "coordinates": [ [ [ -74.837887386785951, 46.616987768116218 ], [ -74.844410136406779, 46.619594718507607 ], [ -74.844395251138664, 46.624790482662917 ], [ -74.837856366717176, 46.627379293154341 ], [ -74.83133299877565, 46.624771971863161 ], [ -74.831349133574847, 46.619576211047665 ], [ -74.837887386785951, 46.616987768116218 ] ] ] } },
{ "type": "Feature", "properties": { "hex_id": 453110, "centroid_lon": -74.837825329456194, "centroid_lat": 46.637770799214962, "occurrences_today": 1, "datetimes_today": "2026-01-17 00:35:55", "cumulative_total": 1.0 }, "geometry": { "type": "Polygon", "coordinates": [ [ [ -74.837840850236446, 46.632575048556816 ], [ -74.844365468228389, 46.635181996741352 ], [ -74.844350570583387, 46.640377746664569 ], [ -74.837809804374899, 46.642966545128864 ], [ -74.831284567549474, 46.6403592258416 ], [ -74.831300715764527, 46.635163479260093 ], [ -74.837840850236446, 46.632575048556816 ] ] ] } },
{ "type": "Feature", "properties": { "hex_id": 453111, "centroid_lon": -74.837778741303296, "centroid_lat": 46.653358022724085, "occurrences_today": 1, "datetimes_today": "2026-01-17 00:35:55", "cumulative_total": 1.0 }, "geometry": { "type": "Polygon", "coordinates": [ [ [ -74.837794274991111, 46.648162286298543 ], [ -74.844320762906449, 46.650769232279295 ], [ -74.844305852871699, 46.655964967970895 ], [ -74.837763203310004, 46.658553754405496 ], [ -74.83123609604786, 46.655946437118992 ], [ -74.831252257692697, 46.650750704770999 ], [ -74.837794274991111, 46.648162286298543 ] ] ] } },
{ "type": "Feature", "properties": { "hex_id": 453718, "centroid_lon": -74.831413628098417, "centroid_lat": 46.598793120337319, "occurrences_today": 1, "datetimes_today": "2026-01-17 00:35:55", "cumulative_total": 1.0 }, "geometry": { "type": "Polygon", "coordinates": [ [ [ -74.831429740568723, 46.593597335797405 ], [ -74.83794937539443, 46.596204661105844 ], [ -74.837933884679728, 46.601400444975326 ], [ -74.831397511165406, 46.603988900132251 ], [ -74.82487725904754, 46.601381204161683 ], [ -74.824893997734634, 46.596185423763572 ], [ -74.831429740568723, 46.593597335797405 ] ] ] } },
{ "type": "Feature", "properties": { "hex_id": 453719, "centroid_lon": -74.83136526390517, "centroid_lat": 46.61438044548737, "occurrences_today": 1, "datetimes_today": "2026-01-17 00:35:55", "cumulative_total": 1.0 }, "geometry": { "type": "Polygon", "coordinates": [ [ [ -74.831381389768183, 46.609184675182256 ], [ -74.837902890376981, 46.61179199848047 ], [ -74.837887386785951, 46.616987768116218 ], [ -74.831349133574847, 46.619576211047665 ], [ -74.824827015162143, 46.616968516884505 ], [ -74.8248437677629, 46.611772750722118 ], [ -74.831381389768183, 46.609184675182256 ] ] ] } },
{ "type": "Feature", "properties": { "hex_id": 453720, "centroid_lon": -74.83131685950606, "centroid_lat": 46.629967727933959, "occurrences_today": 1, "datetimes_today": "2026-01-17 00:35:55", "cumulative_total": 1.0 }, "geometry": { "type": "Polygon", "coordinates": [ [ [ -74.83133299877565, 46.624771971863161 ], [ -74.837856366717176, 46.627379293154341 ], [ -74.837840850236446, 46.632575048556816 ], [ -74.831300715764527, 46.635163479260093 ], [ -74.824776729506866, 46.632555786901108 ], [ -74.824793496035724, 46.627360034973961 ], [ -74.83133299877565, 46.624771971863161 ] ] ] } },
{ "type": "Feature", "properties": { "hex_id": 453721, "centroid_lon": -74.83126841485938, "centroid_lat": 46.645554967678557, "occurrences_today": 1, "datetimes_today": "2026-01-17 00:35:55", "cumulative_total": 1.0 }, "geometry": { "type": "Polygon", "coordinates": [ [ [ -74.831284567549474, 46.6403592258416 ], [ -74.837809804374899, 46.642966545128864 ], [ -74.837794274991111, 46.648162286298543 ], [ -74.831252257692697, 46.650750704770999 ], [ -74.824726402038351, 46.648143014212884 ], [ -74.824743182509792, 46.642947276520516 ], [ -74.831284567549474, 46.6403592258416 ] ] ] } },
{ "type": "Feature", "properties": { "hex_id": 454328, "centroid_lon": -74.824910731787028, "centroid_lat": 46.590989638620101, "occurrences_today": 1, "datetimes_today": "2026-01-17 00:35:55", "cumulative_total": 1.0 }, "geometry": { "type": "Polygon", "coordinates": [ [ [ -74.824927461206343, 46.585793848731221 ], [ -74.831445848577914, 46.588401546512451 ], [ -74.831429740568723, 46.593597335797405 ], [ -74.824893997734634, 46.596185423763572 ], [ -74.818374993586801, 46.59357735535513 ], [ -74.818392349047755, 46.588381569674944 ], [ -74.824927461206343, 46.585793848731221 ] ] ] } },
{ "type": "Feature", "properties": { "hex_id": 454329, "centroid_lon": -74.824860515724168, "centroid_lat": 46.60657697981452, "occurrences_today": 1, "datetimes_today": "2026-01-17 00:35:55", "cumulative_total": 1.0 }, "geometry": { "type": "Polygon", "coordinates": [ [ [ -74.82487725904754, 46.601381204161683 ], [ -74.831397511165406, 46.603988900132251 ], [ -74.831381389768183, 46.609184675182256 ], [ -74.8248437677629, 46.611772750722118 ], [ -74.818322898357593, 46.609164683921598 ], [ -74.818340268243389, 46.603968912478408 ], [ -74.82487725904754, 46.601381204161683 ] ] ] } },
{ "type": "Feature", "properties": { "hex_id": 454330, "centroid_lon": -74.824810257920291, "centroid_lat": 46.622164278301781, "occurrences_today": 1, "datetimes_today": "2026-01-17 00:35:55", "cumulative_total": 1.0 }, "geometry": { "type": "Polygon", "coordinates": [ [ [ -74.824827015162143, 46.616968516884505 ], [ -74.831349133574847, 46.619576211047665 ], [ -74.83133299877565, 46.624771971863161 ], [ -74.824793496035724, 46.627360034973961 ], [ -74.818270759823875, 46.624751969777961 ], [ -74.818288144149491, 46.619556212571332 ], [ -74.824827015162143, 46.616968516884505 ] ] ] } },
{ "type": "Feature", "properties": { "hex_id": 454331, "centroid_lon": -74.824759958332081, "centroid_lat": 46.637751534083272, "occurrences_today": 1, "datetimes_today": "2026-01-17 00:35:55", "cumulative_total": 1.0 }, "geometry": { "type": "Polygon", "coordinates": [ [ [ -74.824776729506866, 46.632555786901108 ], [ -74.831300715764527, 46.635163479260093 ], [ -74.831284567549474, 46.6403592258416 ], [ -74.824743182509792, 46.642947276520516 ], [ -74.818218577940726, 46.640339212925682 ], [ -74.818235976721155, 46.635143469955096 ], [ -74.824776729506866, 46.632555786901108 ] ] ] } },
{ "type": "Feature", "properties": { "hex_id": 454332, "centroid_lon": -74.824709616916167, "centroid_lat": 46.653338747160461, "occurrences_today": 1, "datetimes_today": "2026-01-17 00:35:55", "cumulative_total": 1.0 }, "geometry": { "type": "Polygon", "coordinates": [ [ [ -74.824726402038351, 46.648143014212884 ], [ -74.831252257692697, 46.650750704770999 ], [ -74.83123609604786, 46.655946437118992 ], [ -74.824692827141646, 46.658534475363247 ], [ -74.818166352663113, 46.655926413366174 ], [ -74.818183765913361, 46.650730684631164 ], [ -74.824726402038351, 46.648143014212884 ] ] ] } },
{ "type": "Feature", "properties": { "hex_id": 454938, "centroid_lon": -74.818409699703736, "centroid_lat": 46.583185779248971, "occurrences_today": 1, "datetimes_today": "2026-01-17 00:35:55", "cumulative_total": 1.0 }, "geometry": { "type": "Polygon", "coordinates": [ [ [ -74.818427045556405, 46.577989984077192 ], [ -74.824944185994184, 46.580598054096896 ], [ -74.824927461206343, 46.585793848731221 ], [ -74.818392349047755, 46.588381569674944 ], [ -74.81187459234927, 46.585773129062979 ], [ -74.811892564068444, 46.580577338166727 ], [ -74.818427045556405, 46.577989984077192 ] ] ] } },
{ "type": "Feature", "properties": { "hex_id": 454939, "centroid_lon": -74.818357633319238, "centroid_lat": 46.598773136289601, "occurrences_today": 1, "datetimes_today": "2026-01-17 00:35:55", "cumulative_total": 1.0 }, "geometry": { "type": "Polygon", "coordinates": [ [ [ -74.818374993586801, 46.59357735535513 ], [ -74.824893997734634, 46.596185423763572 ], [ -74.82487725904754, 46.601381204161683 ], [ -74.818340268243389, 46.603968912478408 ], [ -74.811820647324211, 46.601360473274966 ], [ -74.81183863397888, 46.596164696617052 ], [ -74.818374993586801, 46.59357735535513 ] ] ] } },
{ "type": "Feature", "properties": { "hex_id": 454940, "centroid_lon": -74.818305523660172, "centroid_lat": 46.614360450619223, "occurrences_today": 1, "datetimes_today": "2026-01-17 00:35:55", "cumulative_total": 1.0 }, "geometry": { "type": "Polygon", "coordinates": [ [ [ -74.818322898357593, 46.609164683921598 ], [ -74.8248437677629, 46.611772750722118 ], [ -74.824827015162143, 46.616968516884505 ], [ -74.818288144149491, 46.619556212571332 ], [ -74.811766657461632, 46.616947774772918 ], [ -74.811784659067314, 46.611752012352859 ], [ -74.818322898357593, 46.609164683921598 ] ] ] } },
{ "type": "Feature", "properties": { "hex_id": 454941, "centroid_lon": -74.818253370681646, "centroid_lat": 46.629947722239216, "occurrences_today": 1, "datetimes_today": "2026-01-17 00:35:55", "cumulative_total": 1.0 }, "geometry": { "type": "Polygon", "coordinates": [ [ [ -74.818270759823875, 46.624751969777961 ], [ -74.824793496035724, 46.627360034973961 ], [ -74.824776729506866, 46.632555786901108 ], [ -74.818235976721155, 46.635143469955096 ], [ -74.811712622715035, 46.632535033558263 ], [ -74.811730639287234, 46.627339285375569 ], [ -74.818270759823875, 46.624751969777961 ] ] ] } },
{ "type": "Feature", "properties": { "hex_id": 454942, "centroid_lon": -74.818201174338668, "centroid_lat": 46.645534951151021, "occurrences_today": 1, "datetimes_today": "2026-01-17 00:35:55", "cumulative_total": 1.0 }, "geometry": { "type": "Polygon", "coordinates": [ [ [ -74.818218577940726, 46.640339212925682 ], [ -74.824743182509792, 46.642947276520516 ], [ -74.824726402038351, 46.648143014212884 ], [ -74.818183765913361, 46.650730684631164 ], [ -74.811658543037794, 46.648122249632372 ], [ -74.811676574592056, 46.642926515686604 ], [ -74.818218577940726, 46.640339212925682 ] ] ] } },
{ "type": "Feature", "properties": { "hex_id": 455548, "centroid_lon": -74.81191053081254, "centroid_lat": 46.575381542524269, "occurrences_today": 1, "datetimes_today": "2026-01-17 00:35:55", "cumulative_total": 1.0 }, "geometry": { "type": "Polygon", "coordinates": [ [ [ -74.811928492583291, 46.57018574213555 ], [ -74.818444386607439, 46.572794184159534 ], [ -74.818427045556405, 46.577989984077192 ], [ -74.811892564068444, 46.580577338166727 ], [ -74.805376054298776, 46.57796852558549 ], [ -74.80539464176087, 46.572772729539139 ], [ -74.811928492583291, 46.57018574213555 ] ] ] } },
{ "type": "Feature", "properties": { "hex_id": 455549, "centroid_lon": -74.811856615653326, "centroid_lat": 46.590968915213068, "occurrences_today": 1, "datetimes_today": "2026-01-17 00:35:55", "cumulative_total": 1.0 }, "geometry": { "type": "Polygon", "coordinates": [ [ [ -74.81187459234927, 46.585773129062979 ], [ -74.818392349047755, 46.588381569674944 ], [ -74.818374993586801, 46.59357735535513 ], [ -74.81183863397888, 46.596164696617052 ], [ -74.805320261024761, 46.593555885245081 ], [ -74.805338863932491, 46.588360103438411 ], [ -74.81187459234927, 46.585773129062979 ] ] ] } },
{ "type": "Feature", "properties": { "hex_id": 455550, "centroid_lon": -74.8118026556876, "centroid_lat": 46.606556245186894, "occurrences_today": 1, "datetimes_today": "2026-01-17 00:35:55", "cumulative_total": 1.0 }, "geometry": { "type": "Polygon", "coordinates": [ [ [ -74.811820647324211, 46.601360473274966 ], [ -74.818340268243389, 46.603968912478408 ], [ -74.818322898357593, 46.609164683921598 ], [ -74.811784659067314, 46.611752012352859 ], [ -74.80526442138185, 46.609143202186601 ], [ -74.805283039751231, 46.60394743461913 ], [ -74.811820647324211, 46.601360473274966 ] ] ] } },
{ "type": "Feature", "properties": { "hex_id": 455551, "centroid_lon": -74.81174865086885, "centroid_lat": 46.622143532447147, "occurrences_today": 1, "datetimes_today": "2026-01-17 00:35:55", "cumulative_total": 1.0 }, "geometry": { "type": "Polygon", "coordinates": [ [ [ -74.811766657461632, 46.616947774772918 ], [ -74.818288144149491, 46.619556212571332 ], [ -74.818270759823875, 46.624751969777961 ], [ -74.811730639287234, 46.627339285375569 ], [ -74.80520853532191, 46.624730476411379 ], [ -74.805227169168973, 46.61953472308268 ], [ -74.811766657461632, 46.616947774772918 ] ] ] } },
{ "type": "Feature", "properties": { "hex_id": 455552, "centroid_lon": -74.811694601150549, "centroid_lat": 46.637730776995248, "occurrences_today": 1, "datetimes_today": "2026-01-17 00:35:55", "cumulative_total": 1.0 }, "geometry": { "type": "Polygon", "coordinates": [ [ [ -74.811712622715035, 46.632535033558263 ], [ -74.818235976721155, 46.635143469955096 ], [ -74.818218577940726, 46.640339212925682 ], [ -74.811676574592056, 46.642926515686604 ], [ -74.805152602796767, 46.640317707920893 ], [ -74.805171252137583, 46.635121968830461 ], [ -74.811712622715035, 46.632535033558263 ] ] ] } },
{ "type": "Feature", "properties": { "hex_id": 456159, "centroid_lon": -74.805357461689908, "centroid_lat": 46.583164316885224, "occurrences_today": 1, "datetimes_today": "2026-01-17 00:35:55", "cumulative_total": 1.0 }, "geometry": { "type": "Polygon", "coordinates": [ [ [ -74.805376054298776, 46.57796852558549 ], [ -74.811892564068444, 46.580577338166727 ], [ -74.81187459234927, 46.585773129062979 ], [ -74.805338863932491, 46.588360103438411 ], [ -74.798821738422561, 46.58575092013222 ], [ -74.798840957067895, 46.580555133242726 ], [ -74.805376054298776, 46.57796852558549 ] ] ] } },
{ "type": "Feature", "properties": { "hex_id": 456160, "centroid_lon": -74.805301652964928, "centroid_lat": 46.598751662305311, "occurrences_today": 1, "datetimes_today": "2026-01-17 00:35:55", "cumulative_total": 1.0 }, "geometry": { "type": "Polygon", "coordinates": [ [ [ -74.805320261024761, 46.593555885245081 ], [ -74.81183863397888, 46.596164696617052 ], [ -74.811820647324211, 46.601360473274966 ], [ -74.805283039751231, 46.60394743461913 ], [ -74.798764050546708, 46.601338252319387 ], [ -74.798783285163807, 46.596142479670505 ], [ -74.805320261024761, 46.593555885245081 ] ] ] } },
{ "type": "Feature", "properties": { "hex_id": 456161, "centroid_lon": -74.805245797855022, "centroid_lat": 46.614338965007768, "occurrences_today": 1, "datetimes_today": "2026-01-17 00:35:55", "cumulative_total": 1.0 }, "geometry": { "type": "Polygon", "coordinates": [ [ [ -74.80526442138185, 46.609143202186601 ], [ -74.811784659067314, 46.611752012352859 ], [ -74.811766657461632, 46.616947774772918 ], [ -74.805227169168973, 46.61953472308268 ], [ -74.798706314722466, 46.616925541785704 ], [ -74.798725565327885, 46.611729783376944 ], [ -74.80526442138185, 46.609143202186601 ] ] ] } },
{ "type": "Feature", "properties": { "hex_id": 456162, "centroid_lon": -74.805189896312044, "centroid_lat": 46.629926224993973, "occurrences_today": 1, "datetimes_today": "2026-01-17 00:35:55", "cumulative_total": 1.0 }, "geometry": { "type": "Polygon", "coordinates": [ [ [ -74.80520853532191, 46.624730476411379 ], [ -74.811730639287234, 46.627339285375569 ], [ -74.811712622715035, 46.632535033558263 ], [ -74.805171252137583, 46.635121968830461 ], [ -74.798648530900067, 46.632512788532509 ], [ -74.79866779751039, 46.627317044363423 ], [ -74.80520853532191, 46.624730476411379 ] ] ] } },
{ "type": "Feature", "properties": { "hex_id": 456770, "centroid_lon": -74.798802514455133, "centroid_lat": 46.590946702274806, "occurrences_today": 1, "datetimes_today": "2026-01-17 00:35:55", "cumulative_total": 1.0 }, "geometry": { "type": "Polygon", "coordinates": [ [ [ -74.798821738422561, 46.58575092013222 ], [ -74.805338863932491, 46.588360103438411 ], [ -74.805320261024761, 46.593555885245081 ], [ -74.798783285163807, 46.596142479670505 ], [ -74.792265543919029, 46.593532925471656 ], [ -74.792285394268205, 46.588337147807238 ], [ -74.798821738422561, 46.58575092013222 ] ] ] } },
{ "type": "Feature", "properties": { "hex_id": 456771, "centroid_lon": -74.798744810602017, "centroid_lat": 46.606534020221524, "occurrences_today": 1, "datetimes_today": "2026-01-17 00:35:55", "cumulative_total": 1.0 }, "geometry": { "type": "Polygon", "coordinates": [ [ [ -74.798764050546708, 46.601338252319387 ], [ -74.805283039751231, 46.60394743461913 ], [ -74.80526442138185, 46.609143202186601 ], [ -74.798725565327885, 46.611729783376944 ], [ -74.79220595987843, 46.609120229981642 ], [ -74.792225826726039, 46.603924466558801 ], [ -74.798764050546708, 46.601338252319387 ] ] ] } },
{ "type": "Feature", "properties": { "hex_id": 456772, "centroid_lon": -74.798687058783912, "centroid_lat": 46.62212129544784, "occurrences_today": 1, "datetimes_today": "2026-01-17 00:35:55", "cumulative_total": 1.0 }, "geometry": { "type": "Polygon", "coordinates": [ [ [ -74.798706314722466, 46.616925541785704 ], [ -74.805227169168973, 46.61953472308268 ], [ -74.80520853532191, 46.624730476411379 ], [ -74.79866779751039, 46.627317044363423 ], [ -74.792146326308327, 46.624707491767836 ], [ -74.792166209671464, 46.61951174258612 ], [ -74.798706314722466, 46.616925541785704 ] ] ] } }
]
}
