{
"type": "FeatureCollection",
"name": "daily_2026-06-19",
"crs": { "type": "name", "properties": { "name": "urn:ogc:def:crs:OGC:1.3:CRS84" } },
"features": [
{ "type": "Feature", "properties": { "hex_id": 505508, "centroid_lon": -74.29694662802855, "centroid_lat": 44.998819046019484, "occurrences_today": 2, "datetimes_today": "2026-06-19 00:16:36, 2026-06-19 00:31:15", "cumulative_total": 66.0 }, "geometry": { "type": "Polygon", "coordinates": [ [ [ -74.297010174560967, 44.993622169413293 ], [ -74.303321460765019, 44.99625948005307 ], [ -74.303258478922771, 45.001456361254164 ], [ -74.296883064241243, 45.004015917805866 ], [ -74.290571230604741, 45.001378251445082 ], [ -74.290635359076532, 44.996181384317062 ], [ -74.297010174560967, 44.993622169413293 ] ] ] } },
{ "type": "Feature", "properties": { "hex_id": 506119, "centroid_lon": -74.290507084719579, "centroid_lat": 45.006575113752014, "occurrences_today": 2, "datetimes_today": "2026-06-19 00:16:36, 2026-06-19 00:31:15", "cumulative_total": 66.0 }, "geometry": { "type": "Polygon", "coordinates": [ [ [ -74.290571230604741, 45.001378251445082 ], [ -74.296883064241243, 45.004015917805866 ], [ -74.296819483193318, 45.009212784772423 ], [ -74.290442921415249, 45.011771971237849 ], [ -74.284130540363563, 45.009133948998347 ], [ -74.284195268499374, 45.003937096235624 ], [ -74.290571230604741, 45.001378251445082 ] ] ] } },
{ "type": "Feature", "properties": { "hex_id": 506729, "centroid_lon": -74.284259979063251, "centroid_lat": 44.998740238650512, "occurrences_today": 2, "datetimes_today": "2026-06-19 00:16:36, 2026-06-19 00:31:15", "cumulative_total": 66.0 }, "geometry": { "type": "Polygon", "coordinates": [ [ [ -74.28432467206099, 44.993543376243068 ], [ -74.290635359076532, 44.996181384317062 ], [ -74.290571230604741, 45.001378251445082 ], [ -74.284195268499374, 45.003937096235624 ], [ -74.277884034526906, 45.001298732319441 ], [ -74.277949309610918, 44.996101879518385 ], [ -74.28432467206099, 44.993543376243068 ] ] ] } },
{ "type": "Feature", "properties": { "hex_id": 507340, "centroid_lon": -74.277818741718207, "centroid_lat": 45.00649558029685, "occurrences_today": 2, "datetimes_today": "2026-06-19 00:16:36, 2026-06-19 00:31:15", "cumulative_total": 66.0 }, "geometry": { "type": "Polygon", "coordinates": [ [ [ -74.277884034526906, 45.001298732319441 ], [ -74.284195268499374, 45.003937096235624 ], [ -74.284130540363563, 45.009133948998347 ], [ -74.277753431178965, 45.01169242345059 ], [ -74.271441650267093, 45.009053703534526 ], [ -74.271507525473353, 45.003856865229587 ], [ -74.277884034526906, 45.001298732319441 ] ] ] } },
{ "type": "Feature", "properties": { "hex_id": 507950, "centroid_lon": -74.271573382796333, "centroid_lat": 44.998660022099685, "occurrences_today": 2, "datetimes_today": "2026-06-19 00:16:36, 2026-06-19 00:31:15", "cumulative_total": 66.0 }, "geometry": { "type": "Polygon", "coordinates": [ [ [ -74.271639222241944, 44.993463174144829 ], [ -74.277949309610918, 44.996101879518385 ], [ -74.277884034526906, 45.001298732319441 ], [ -74.271507525473353, 45.003856865229587 ], [ -74.265196891623091, 45.001217803892786 ], [ -74.265263313301745, 44.996020965672543 ], [ -74.271639222241944, 44.993463174144829 ] ] ] } },
{ "type": "Feature", "properties": { "hex_id": 508561, "centroid_lon": -74.265130451908476, "centroid_lat": 45.006414637286738, "occurrences_today": 2, "datetimes_today": "2026-06-19 00:16:36, 2026-06-19 00:31:15", "cumulative_total": 66.0 }, "geometry": { "type": "Polygon", "coordinates": [ [ [ -74.265196891623091, 45.001217803892786 ], [ -74.271507525473353, 45.003856865229587 ], [ -74.271441650267093, 45.009053703534526 ], [ -74.26506399415193, 45.011611465854429 ], [ -74.258752813838228, 45.008972048396686 ], [ -74.258819836097146, 45.003775224803462 ], [ -74.265196891623091, 45.001217803892786 ] ] ] } },
{ "type": "Feature", "properties": { "hex_id": 509171, "centroid_lon": -74.258886840161466, "centroid_lat": 44.998578396382634, "occurrences_today": 2, "datetimes_today": "2026-06-19 00:16:36, 2026-06-19 00:31:15", "cumulative_total": 61.0 }, "geometry": { "type": "Polygon", "coordinates": [ [ [ -74.2589538260372, 44.993381563134228 ], [ -74.265263313301745, 44.996020965672543 ], [ -74.265196891623091, 45.001217803892786 ], [ -74.258819836097146, 45.003775224803462 ], [ -74.252509802827134, 45.001135466180919 ], [ -74.252577371082495, 44.99593864279538 ], [ -74.2589538260372, 44.993381563134228 ] ] ] } },
{ "type": "Feature", "properties": { "hex_id": 509782, "centroid_lon": -74.252442216224537, "centroid_lat": 45.006332284737532, "occurrences_today": 2, "datetimes_today": "2026-06-19 00:16:36, 2026-06-19 00:31:15", "cumulative_total": 66.0 }, "geometry": { "type": "Polygon", "coordinates": [ [ [ -74.252509802827134, 45.001135466180919 ], [ -74.258819836097146, 45.003775224803462 ], [ -74.258752813838228, 45.008972048396686 ], [ -74.252374611268635, 45.011529098465189 ], [ -74.246064032011276, 45.008888983600777 ], [ -74.246132201304775, 45.003692174973203 ], [ -74.252509802827134, 45.001135466180919 ] ] ] } },
{ "type": "Feature", "properties": { "hex_id": 510392, "centroid_lon": -74.246200352092345, "centroid_lat": 44.998495361515353, "occurrences_today": 2, "datetimes_today": "2026-06-19 00:16:36, 2026-06-19 00:31:15", "cumulative_total": 61.0 }, "geometry": { "type": "Polygon", "coordinates": [ [ [ -74.246268484380153, 44.993298543227226 ], [ -74.252577371082495, 44.99593864279538 ], [ -74.252509802827134, 45.001135466180919 ], [ -74.246132201304775, 45.003692174973203 ], [ -74.239822769072845, 45.001051719199964 ], [ -74.239891483886723, 44.995854910902978 ], [ -74.246268484380153, 44.993298543227226 ] ] ] } },
{ "type": "Feature", "properties": { "hex_id": 511003, "centroid_lon": -74.239754035600484, "centroid_lat": 45.00624852266531, "occurrences_today": 2, "datetimes_today": "2026-06-19 00:16:36, 2026-06-19 00:31:15", "cumulative_total": 69.0 }, "geometry": { "type": "Polygon", "coordinates": [ [ [ -74.239822769072845, 45.001051719199964 ], [ -74.246132201304775, 45.003692174973203 ], [ -74.246064032011276, 45.008888983600777 ], [ -74.239685283463473, 45.011445321299 ], [ -74.233375305720443, 45.008804509163028 ], [ -74.233444622030134, 45.003607715755038 ], [ -74.239822769072845, 45.001051719199964 ] ] ] } },
{ "type": "Feature", "properties": { "hex_id": 511613, "centroid_lon": -74.233513919522593, "centroid_lat": 44.998410917514043, "occurrences_today": 2, "datetimes_today": "2026-06-19 00:16:36, 2026-06-19 00:31:15", "cumulative_total": 61.0 }, "geometry": { "type": "Polygon", "coordinates": [ [ [ -74.233583198204073, 44.993214114440036 ], [ -74.239891483886723, 44.995854910902978 ], [ -74.239822769072845, 45.001051719199964 ], [ -74.233444622030134, 45.003607715755038 ], [ -74.227135791294003, 45.000966562966262 ], [ -74.227205652647825, 44.995769770011698 ], [ -74.233583198204073, 44.993214114440036 ] ] ] } },
{ "type": "Feature", "properties": { "hex_id": 512224, "centroid_lon": -74.227065910970438, "centroid_lat": 45.006163351086435, "occurrences_today": 2, "datetimes_today": "2026-06-19 00:16:36, 2026-06-19 00:31:15", "cumulative_total": 61.0 }, "geometry": { "type": "Polygon", "coordinates": [ [ [ -74.227135791294003, 45.000966562966262 ], [ -74.233444622030134, 45.003607715755038 ], [ -74.233375305720443, 45.008804509163028 ], [ -74.226996011670849, 45.011360134372218 ], [ -74.220686635899995, 45.008718625099974 ], [ -74.220757099207162, 45.003521847165494 ], [ -74.227135791294003, 45.000966562966262 ] ] ] } },
{ "type": "Feature", "properties": { "hex_id": 512834, "centroid_lon": -74.220827543385823, "centroid_lat": 44.998325064395218, "occurrences_today": 2, "datetimes_today": "2026-06-19 00:16:36, 2026-06-19 00:31:15", "cumulative_total": 35.0 }, "geometry": { "type": "Polygon", "coordinates": [ [ [ -74.220897968442287, 44.993128276789186 ], [ -74.227205652647825, 44.995769770011698 ], [ -74.227135791294003, 45.000966562966262 ], [ -74.220757099207162, 45.003521847165494 ], [ -74.214448870424349, 45.000879997496476 ], [ -74.214519878299299, 44.995683220138176 ], [ -74.220897968442287, 44.993128276789186 ] ] ] } },
{ "type": "Feature", "properties": { "hex_id": 513445, "centroid_lon": -74.214377843268423, "centroid_lat": 45.006076770017579, "occurrences_today": 2, "datetimes_today": "2026-06-19 00:16:36, 2026-06-19 00:31:15", "cumulative_total": 61.0 }, "geometry": { "type": "Polygon", "coordinates": [ [ [ -74.214448870424349, 45.000879997496476 ], [ -74.220757099207162, 45.003521847165494 ], [ -74.220686635899995, 45.008718625099974 ], [ -74.214306796825127, 45.011273537701499 ], [ -74.207998023484123, 45.00863133142839 ], [ -74.208069633769767, 45.003434569221334 ], [ -74.214448870424349, 45.000879997496476 ] ] ] } },
{ "type": "Feature", "properties": { "hex_id": 514055, "centroid_lon": -74.208141224615616, "centroid_lat": 44.998237802175659, "occurrences_today": 2, "datetimes_today": "2026-06-19 00:16:36, 2026-06-19 00:31:15", "cumulative_total": 34.0 }, "geometry": { "type": "Polygon", "coordinates": [ [ [ -74.208212796028079, 44.993041030291408 ], [ -74.214519878299299, 44.995683220138176 ], [ -74.214448870424349, 45.000879997496476 ], [ -74.208069633769767, 45.003434569221334 ], [ -74.201762007397619, 45.000792022807516 ], [ -74.201834161774556, 44.995595261299343 ], [ -74.208212796028079, 44.993041030291408 ] ] ] } },
{ "type": "Feature", "properties": { "hex_id": 514666, "centroid_lon": -74.201689833428489, "centroid_lat": 45.005988779475665, "occurrences_today": 2, "datetimes_today": "2026-06-19 00:16:36, 2026-06-19 00:31:15", "cumulative_total": 61.0 }, "geometry": { "type": "Polygon", "coordinates": [ [ [ -74.201762007397619, 45.000792022807516 ], [ -74.208069633769767, 45.003434569221334 ], [ -74.207998023484123, 45.00863133142839 ], [ -74.201617639860672, 45.011185531303774 ], [ -74.195309469406993, 45.008542628165358 ], [ -74.195382226651816, 45.00334588193963 ], [ -74.201762007397619, 45.000792022807516 ] ] ] } },
{ "type": "Feature", "properties": { "hex_id": 515887, "centroid_lon": -74.189001882384673, "centroid_lat": 45.005899379477896, "occurrences_today": 2, "datetimes_today": "2026-06-19 00:16:36, 2026-06-19 00:31:15", "cumulative_total": 92.0 }, "geometry": { "type": "Polygon", "coordinates": [ [ [ -74.189075203147524, 45.000702638916579 ], [ -74.195382226651816, 45.00334588193963 ], [ -74.195309469406993, 45.008542628165358 ], [ -74.188928541711789, 45.01109611519626 ], [ -74.18262097460277, 45.008452515328194 ], [ -74.182694878787117, 45.003255785337714 ], [ -74.189075203147524, 45.000702638916579 ] ] ] } },
{ "type": "Feature", "properties": { "hex_id": 529928, "centroid_lon": -74.043224725690962, "centroid_lat": 44.996975173290359, "occurrences_today": 3, "datetimes_today": "2026-06-19 00:01:38, 2026-06-19 00:16:36, 2026-06-19 00:31:15", "cumulative_total": 41.0 }, "geometry": { "type": "Polygon", "coordinates": [ [ [ -74.043311197862593, 44.991778628885029 ], [ -74.049610413457586, 44.994429862470653 ], [ -74.049524502663317, 44.999626413979385 ], [ -74.043138230041421, 45.002171712816327 ], [ -74.036838476550869, 44.999520121106173 ], [ -74.036925533570013, 44.994323588747051 ], [ -74.043311197862593, 44.991778628885029 ] ] ] } },
{ "type": "Feature", "properties": { "hex_id": 537868, "centroid_lon": -73.95978309894565, "centroid_lat": 45.050816628265217, "occurrences_today": 3, "datetimes_today": "2026-06-19 00:01:38, 2026-06-19 00:16:36, 2026-06-19 00:31:15", "cumulative_total": 120.0 }, "geometry": { "type": "Polygon", "coordinates": [ [ [ -73.959877288228284, 45.045620265161226 ], [ -73.96617843221108, 45.048276095153035 ], [ -73.966084804807338, 45.05347246619278 ], [ -73.959688884074609, 45.056012986466079 ], [ -73.953387203805534, 45.053356796891862 ], [ -73.953481980546982, 45.048160446690275 ], [ -73.959877288228284, 45.045620265161226 ] ] ] } },
{ "type": "Feature", "properties": { "hex_id": 617846, "centroid_lon": -73.127064455341113, "centroid_lat": 45.079172927407299, "occurrences_today": 3, "datetimes_today": "2026-06-19 00:01:38, 2026-06-19 00:16:36, 2026-06-19 00:31:15", "cumulative_total": 118.0 }, "geometry": { "type": "Polygon", "coordinates": [ [ [ -73.127234192274429, 45.073978513269758 ], [ -73.133498361173579, 45.076679696673629 ], [ -73.133329175863409, 45.081874126915565 ], [ -73.12689467229734, 45.084367336297689 ], [ -73.120629997893118, 45.081665785271525 ], [ -73.120800332544761, 45.076471392548946 ], [ -73.127234192274429, 45.073978513269758 ] ] ] } },
{ "type": "Feature", "properties": { "hex_id": 698438, "centroid_lon": -72.28487283117245, "centroid_lat": 45.155796166292362, "occurrences_today": 3, "datetimes_today": "2026-06-19 00:01:38, 2026-06-19 00:16:36, 2026-06-19 00:31:15", "cumulative_total": 88.0 }, "geometry": { "type": "Polygon", "coordinates": [ [ [ -72.285119502427804, 45.150604884728445 ], [ -72.29134996841627, 45.153351504869867 ], [ -72.291103839276104, 45.158542810713172 ], [ -72.284626092886697, 45.160987442059032 ], [ -72.278395151824554, 45.158240445940443 ], [ -72.278642432203256, 45.153049194516484 ], [ -72.285119502427804, 45.150604884728445 ] ] ] } },
{ "type": "Feature", "properties": { "hex_id": 863985, "centroid_lon": -70.437533960658726, "centroid_lat": 46.679329726264818, "occurrences_today": 3, "datetimes_today": "2026-06-19 00:01:38, 2026-06-19 00:16:36, 2026-06-19 00:31:15", "cumulative_total": 82.0 }, "geometry": { "type": "Polygon", "coordinates": [ [ [ -70.437970782078011, 46.674150479883167 ], [ -70.444269096887837, 46.67700029827293 ], [ -70.443832833875305, 46.68217958753678 ], [ -70.437097018507245, 46.684508964789934 ], [ -70.430798266043681, 46.681658735380111 ], [ -70.431235766560306, 46.676479539803019 ], [ -70.437970782078011, 46.674150479883167 ] ] ] } },
{ "type": "Feature", "properties": { "hex_id": 793886, "centroid_lon": -71.063005143230157, "centroid_lat": 48.393908934035565, "occurrences_today": 3, "datetimes_today": "2026-06-19 00:01:38, 2026-06-19 00:16:36, 2026-06-19 00:31:15", "cumulative_total": 103.0 }, "geometry": { "type": "Polygon", "coordinates": [ [ [ -71.063405492841369, 48.388727033096245 ], [ -71.069943469312705, 48.391548702848702 ], [ -71.06954374398731, 48.396730641951279 ], [ -71.062604680143693, 48.399090827795284 ], [ -71.056066192882298, 48.396268727813208 ], [ -71.056467280213568, 48.391086872287445 ], [ -71.063405492841369, 48.388727033096245 ] ] ] } },
{ "type": "Feature", "properties": { "hex_id": 829901, "centroid_lon": -70.671526326033074, "centroid_lat": 48.309677311681291, "occurrences_today": 3, "datetimes_today": "2026-06-19 00:01:38, 2026-06-19 00:16:36, 2026-06-19 00:31:15", "cumulative_total": 58.0 }, "geometry": { "type": "Polygon", "coordinates": [ [ [ -70.671965114077764, 48.304497895374354 ], [ -70.678469457328433, 48.307340915556885 ], [ -70.678031283761342, 48.312520373824285 ], [ -70.671087413837554, 48.314856720301805 ], [ -70.66458258028247, 48.312013267936763 ], [ -70.665022106910868, 48.306833901346899 ], [ -70.671965114077764, 48.304497895374354 ] ] ] } },
{ "type": "Feature", "properties": { "hex_id": 830511, "centroid_lon": -70.665461509221032, "centroid_lat": 48.30165452706192, "occurrences_today": 3, "datetimes_today": "2026-06-19 00:01:38, 2026-06-19 00:16:36, 2026-06-19 00:31:15", "cumulative_total": 58.0 }, "geometry": { "type": "Polygon", "coordinates": [ [ [ -70.665900787257726, 48.296475145082873 ], [ -70.672403778016331, 48.299318471382016 ], [ -70.671965114077764, 48.304497895374354 ], [ -70.665022106910868, 48.306833901346899 ], [ -70.658518626349974, 48.303990142933529 ], [ -70.658958642713515, 48.298810810731986 ], [ -70.665900787257726, 48.296475145082873 ] ] ] } },
{ "type": "Feature", "properties": { "hex_id": 830512, "centroid_lon": -70.664142929291046, "centroid_lat": 48.317192626830476, "occurrences_today": 3, "datetimes_today": "2026-06-19 00:01:38, 2026-06-19 00:16:36, 2026-06-19 00:31:15", "cumulative_total": 80.0 }, "geometry": { "type": "Polygon", "coordinates": [ [ [ -70.66458258028247, 48.312013267936763 ], [ -70.671087413837554, 48.314856720301805 ], [ -70.670648377446497, 48.320036121234835 ], [ -70.663703153891774, 48.322371978026979 ], [ -70.657197830166595, 48.319528093311135 ], [ -70.657638220121385, 48.314348784224144 ], [ -70.66458258028247, 48.312013267936763 ] ] ] } },
{ "type": "Feature", "properties": { "hex_id": 831122, "centroid_lon": -70.658078485500894, "centroid_lat": 48.309169467431254, "occurrences_today": 3, "datetimes_today": "2026-06-19 00:01:38, 2026-06-19 00:16:36, 2026-06-19 00:31:15", "cumulative_total": 63.0 }, "geometry": { "type": "Polygon", "coordinates": [ [ [ -70.658518626349974, 48.303990142933529 ], [ -70.665022106910868, 48.306833901346899 ], [ -70.66458258028247, 48.312013267936763 ], [ -70.657638220121385, 48.314348784224144 ], [ -70.651134249892664, 48.311504593528284 ], [ -70.651575129447991, 48.306325318897692 ], [ -70.658518626349974, 48.303990142933529 ] ] ] } },
{ "type": "Feature", "properties": { "hex_id": 832338, "centroid_lon": -70.651240330950827, "centroid_lat": 48.230970758394058, "occurrences_today": 3, "datetimes_today": "2026-06-19 00:01:38, 2026-06-19 00:16:36, 2026-06-19 00:31:15", "cumulative_total": 57.0 }, "geometry": { "type": "Polygon", "coordinates": [ [ [ -70.651679956206237, 48.225791410263774 ], [ -70.658173384157564, 48.228635274400396 ], [ -70.657734370363173, 48.233814664624092 ], [ -70.650800581457872, 48.236150098816807 ], [ -70.644306666305383, 48.233305803479148 ], [ -70.644747027214692, 48.228126505219763 ], [ -70.651679956206237, 48.225791410263774 ] ] ] } },
{ "type": "Feature", "properties": { "hex_id": 832949, "centroid_lon": -70.643866180947427, "centroid_lat": 48.238485094021279, "occurrences_today": 3, "datetimes_today": "2026-06-19 00:01:38, 2026-06-19 00:16:36, 2026-06-19 00:31:15", "cumulative_total": 57.0 }, "geometry": { "type": "Polygon", "coordinates": [ [ [ -70.644306666305383, 48.233305803479148 ], [ -70.650800581457872, 48.236150098816807 ], [ -70.650360707682736, 48.241329431530978 ], [ -70.643425571096131, 48.243664376845075 ], [ -70.6369311688766, 48.24081965013864 ], [ -70.637372390265924, 48.235640409556844 ], [ -70.644306666305383, 48.233305803479148 ] ] ] } },
{ "type": "Feature", "properties": { "hex_id": 1012389, "centroid_lon": -68.762517079773673, "centroid_lat": 47.418662311158457, "occurrences_today": 3, "datetimes_today": "2026-06-19 00:01:38, 2026-06-19 00:16:36, 2026-06-19 00:31:15", "cumulative_total": 91.0 }, "geometry": { "type": "Polygon", "coordinates": [ [ [ -68.763129337172643, 47.413498045983779 ], [ -68.769412369952391, 47.416439889471206 ], [ -68.768800663983626, 47.421604213944597 ], [ -68.761904651904032, 47.423826565634926 ], [ -68.75562123819455, 47.420884288805034 ], [ -68.756234217434752, 47.415720093693572 ], [ -68.763129337172643, 47.413498045983779 ] ] ] } },
{ "type": "Feature", "properties": { "hex_id": 1012999, "centroid_lon": -68.75684702605993, "centroid_lat": 47.410555887872491, "occurrences_today": 3, "datetimes_today": "2026-06-19 00:01:38, 2026-06-19 00:16:36, 2026-06-19 00:31:15", "cumulative_total": 91.0 }, "geometry": { "type": "Polygon", "coordinates": [ [ [ -68.757459664129783, 47.405391671343928 ], [ -68.763741424160614, 47.40833377011306 ], [ -68.763129337172643, 47.413498045983779 ], [ -68.756234217434752, 47.415720093693572 ], [ -68.749952076907192, 47.41277756165961 ], [ -68.750565436554581, 47.407613415246942 ], [ -68.757459664129783, 47.405391671343928 ] ] ] } },
{ "type": "Feature", "properties": { "hex_id": 1013609, "centroid_lon": -68.751178625502419, "centroid_lat": 47.402449258115425, "occurrences_today": 3, "datetimes_today": "2026-06-19 00:01:38, 2026-06-19 00:16:36, 2026-06-19 00:31:15", "cumulative_total": 108.0 }, "geometry": { "type": "Polygon", "coordinates": [ [ [ -68.751791643810421, 47.397285090267196 ], [ -68.758072131703997, 47.400227444110108 ], [ -68.757459664129783, 47.405391671343928 ], [ -68.750565436554581, 47.407613415246942 ], [ -68.74428456859691, 47.40467062821687 ], [ -68.744898308218836, 47.399506530537153 ], [ -68.751791643810421, 47.397285090267196 ] ] ] } },
{ "type": "Feature", "properties": { "hex_id": 1013610, "centroid_lon": -68.74933854650051, "centroid_lat": 47.417941697351246, "occurrences_today": 3, "datetimes_today": "2026-06-19 00:01:38, 2026-06-19 00:16:36, 2026-06-19 00:31:15", "cumulative_total": 90.0 }, "geometry": { "type": "Polygon", "coordinates": [ [ [ -68.749952076907192, 47.41277756165961 ], [ -68.756234217434752, 47.415720093693572 ], [ -68.75562123819455, 47.420884288805034 ], [ -68.748724845274765, 47.423105822319648 ], [ -68.742442324429675, 47.420162856865574 ], [ -68.743056576762143, 47.414998791383255 ], [ -68.749952076907192, 47.41277756165961 ] ] ] } },
{ "type": "Feature", "properties": { "hex_id": 1014220, "centroid_lon": -68.743670658131265, "centroid_lat": 47.409834715166312, "occurrences_today": 3, "datetimes_today": "2026-06-19 00:01:38, 2026-06-19 00:16:36, 2026-06-19 00:31:15", "cumulative_total": 91.0 }, "geometry": { "type": "Polygon", "coordinates": [ [ [ -68.74428456859691, 47.40467062821687 ], [ -68.750565436554581, 47.407613415246942 ], [ -68.749952076907192, 47.41277756165961 ], [ -68.743056576762143, 47.414998791383255 ], [ -68.73677532891962, 47.412055571010761 ], [ -68.737389961047214, 47.406891554323281 ], [ -68.74428456859691, 47.40467062821687 ] ] ] } },
{ "type": "Feature", "properties": { "hex_id": 1014830, "centroid_lon": -68.738004422127162, "centroid_lat": 47.401727526891889, "occurrences_today": 3, "datetimes_today": "2026-06-19 00:01:38, 2026-06-19 00:16:36, 2026-06-19 00:31:15", "cumulative_total": 91.0 }, "geometry": { "type": "Polygon", "coordinates": [ [ [ -68.738618712219321, 47.39656348871879 ], [ -68.744898308218836, 47.399506530537153 ], [ -68.74428456859691, 47.40467062821687 ], [ -68.737389961047214, 47.406891554323281 ], [ -68.731109985595182, 47.403948079240237 ], [ -68.73172499708555, 47.398784111381659 ], [ -68.738618712219321, 47.39656348871879 ] ] ] } },
{ "type": "Feature", "properties": { "hex_id": 1014831, "centroid_lon": -68.736160525684525, "centroid_lat": 47.417219576952178, "occurrences_today": 3, "datetimes_today": "2026-06-19 00:01:38, 2026-06-19 00:16:36, 2026-06-19 00:31:15", "cumulative_total": 90.0 }, "geometry": { "type": "Polygon", "coordinates": [ [ [ -68.73677532891962, 47.412055571010761 ], [ -68.743056576762143, 47.414998791383255 ], [ -68.742442324429675, 47.420162856865574 ], [ -68.735545551282073, 47.4223835721453 ], [ -68.729263923734251, 47.419439918275145 ], [ -68.729879448979446, 47.414275982689169 ], [ -68.73677532891962, 47.412055571010761 ] ] ] } },
{ "type": "Feature", "properties": { "hex_id": 1015440, "centroid_lon": -68.732339837444101, "centroid_lat": 47.393620132769961, "occurrences_today": 3, "datetimes_today": "2026-06-19 00:01:38, 2026-06-19 00:16:36, 2026-06-19 00:31:15", "cumulative_total": 108.0 }, "geometry": { "type": "Polygon", "coordinates": [ [ [ -68.732954506730678, 47.388456143407325 ], [ -68.739232831383475, 47.391399439806207 ], [ -68.738618712219321, 47.39656348871879 ], [ -68.73172499708555, 47.398784111381659 ], [ -68.725446293412219, 47.395840381795814 ], [ -68.726061683833379, 47.390676462800251 ], [ -68.732954506730678, 47.388456143407325 ] ] ] } },
{ "type": "Feature", "properties": { "hex_id": 1015441, "centroid_lon": -68.730494802913114, "centroid_lat": 47.40911203634348, "occurrences_today": 3, "datetimes_today": "2026-06-19 00:01:38, 2026-06-19 00:16:36, 2026-06-19 00:31:15", "cumulative_total": 90.0 }, "geometry": { "type": "Polygon", "coordinates": [ [ [ -68.731109985595182, 47.403948079240237 ], [ -68.737389961047214, 47.406891554323281 ], [ -68.73677532891962, 47.412055571010761 ], [ -68.729879448979446, 47.414275982689169 ], [ -68.723599094254482, 47.411332074186255 ], [ -68.724214998682697, 47.406168187491026 ], [ -68.731109985595182, 47.403948079240237 ] ] ] } },
{ "type": "Feature", "properties": { "hex_id": 1016051, "centroid_lon": -68.724830731715301, "centroid_lat": 47.401004290026812, "occurrences_today": 3, "datetimes_today": "2026-06-19 00:01:38, 2026-06-19 00:16:36, 2026-06-19 00:31:15", "cumulative_total": 90.0 }, "geometry": { "type": "Polygon", "coordinates": [ [ [ -68.725446293412219, 47.395840381795814 ], [ -68.73172499708555, 47.398784111381659 ], [ -68.731109985595182, 47.403948079240237 ], [ -68.724214998682697, 47.406168187491026 ], [ -68.717935916168486, 47.40322402456313 ], [ -68.718552199347684, 47.398060186792662 ], [ -68.725446293412219, 47.395840381795814 ] ] ] } },
{ "type": "Feature", "properties": { "hex_id": 1016661, "centroid_lon": -68.719168311047298, "centroid_lat": 47.392896338243986, "occurrences_today": 3, "datetimes_today": "2026-06-19 00:01:38, 2026-06-19 00:16:36, 2026-06-19 00:31:15", "cumulative_total": 91.0 }, "geometry": { "type": "Polygon", "coordinates": [ [ [ -68.719784251327283, 47.387732478919304 ], [ -68.726061683833379, 47.390676462800251 ], [ -68.725446293412219, 47.395840381795814 ], [ -68.718552199347684, 47.398060186792662 ], [ -68.712274388432363, 47.395115769647447 ], [ -68.71289104993086, 47.389951980835804 ], [ -68.719784251327283, 47.387732478919304 ] ] ] } },
{ "type": "Feature", "properties": { "hex_id": 1016662, "centroid_lon": -68.717319461449691, "centroid_lat": 47.408387851553144, "occurrences_today": 3, "datetimes_today": "2026-06-19 00:01:38, 2026-06-19 00:16:36, 2026-06-19 00:31:15", "cumulative_total": 76.0 }, "geometry": { "type": "Polygon", "coordinates": [ [ [ -68.717935916168486, 47.40322402456313 ], [ -68.724214998682697, 47.406168187491026 ], [ -68.723599094254482, 47.411332074186255 ], [ -68.716702835131315, 47.413551667760508 ], [ -68.710423373956147, 47.41060707133542 ], [ -68.711040550505047, 47.405443314899479 ], [ -68.717935916168486, 47.40322402456313 ] ] ] } },
{ "type": "Feature", "properties": { "hex_id": 1017272, "centroid_lon": -68.711657555310452, "centroid_lat": 47.40027954766942, "occurrences_today": 3, "datetimes_today": "2026-06-19 00:01:38, 2026-06-19 00:16:36, 2026-06-19 00:31:15", "cumulative_total": 76.0 }, "geometry": { "type": "Polygon", "coordinates": [ [ [ -68.712274388432363, 47.395115769647447 ], [ -68.718552199347684, 47.398060186792662 ], [ -68.717935916168486, 47.40322402456313 ], [ -68.711040550505047, 47.405443314899479 ], [ -68.704762361360508, 47.402498464334961 ], [ -68.705379916048557, 47.397334756919548 ], [ -68.712274388432363, 47.395115769647447 ] ] ] } },
{ "type": "Feature", "properties": { "hex_id": 1017882, "centroid_lon": -68.705997298909352, "centroid_lat": 47.392171038700766, "occurrences_today": 3, "datetimes_today": "2026-06-19 00:01:38, 2026-06-19 00:16:36, 2026-06-19 00:31:15", "cumulative_total": 76.0 }, "geometry": { "type": "Polygon", "coordinates": [ [ [ -68.70661451000295, 47.387007309680847 ], [ -68.71289104993086, 47.389951980835804 ], [ -68.712274388432363, 47.395115769647447 ], [ -68.705379916048557, 47.397334756919548 ], [ -68.699102998322772, 47.394389652423165 ], [ -68.699720930718584, 47.389225994062265 ], [ -68.70661451000295, 47.387007309680847 ] ] ] } },
{ "type": "Feature", "properties": { "hex_id": 1017883, "centroid_lon": -68.704144634785067, "centroid_lat": 47.407662160944774, "occurrences_today": 3, "datetimes_today": "2026-06-19 00:01:38, 2026-06-19 00:16:36, 2026-06-19 00:31:15", "cumulative_total": 76.0 }, "geometry": { "type": "Polygon", "coordinates": [ [ [ -68.704762361360508, 47.402498464334961 ], [ -68.711040550505047, 47.405443314899479 ], [ -68.710423373956147, 47.41060707133542 ], [ -68.703526736262106, 47.412825846746777 ], [ -68.697248169068629, 47.409880562607889 ], [ -68.697866617557963, 47.404716936698222 ], [ -68.704762361360508, 47.402498464334961 ] ] ] } },
{ "type": "Feature", "properties": { "hex_id": 1018493, "centroid_lon": -68.69848489395595, "centroid_lat": 47.399553299969249, "occurrences_today": 3, "datetimes_today": "2026-06-19 00:01:38, 2026-06-19 00:16:36, 2026-06-19 00:31:15", "cumulative_total": 76.0 }, "geometry": { "type": "Polygon", "coordinates": [ [ [ -68.699102998322772, 47.394389652423165 ], [ -68.705379916048557, 47.397334756919548 ], [ -68.704762361360508, 47.402498464334961 ], [ -68.697866617557963, 47.404716936698222 ], [ -68.691589322214639, 47.401771398705435 ], [ -68.692208148231231, 47.39660782191195 ], [ -68.699102998322772, 47.394389652423165 ] ] ] } },
{ "type": "Feature", "properties": { "hex_id": 1019103, "centroid_lon": -68.692826802072943, "centroid_lat": 47.391444234289906, "occurrences_today": 3, "datetimes_today": "2026-06-19 00:01:38, 2026-06-19 00:16:36, 2026-06-19 00:31:15", "cumulative_total": 76.0 }, "geometry": { "type": "Polygon", "coordinates": [ [ [ -68.693445283799988, 47.386280635841537 ], [ -68.699720930718584, 47.389225994062265 ], [ -68.699102998322772, 47.394389652423165 ], [ -68.692208148231231, 47.39660782191195 ], [ -68.685932124126154, 47.393662030272765 ], [ -68.686551327238931, 47.388498502629389 ], [ -68.693445283799988, 47.386280635841537 ] ] ] } },
{ "type": "Feature", "properties": { "hex_id": 1019104, "centroid_lon": -68.690970323962958, "centroid_lat": 47.406934964668132, "occurrences_today": 3, "datetimes_today": "2026-06-19 00:01:38, 2026-06-19 00:16:36, 2026-06-19 00:31:15", "cumulative_total": 76.0 }, "geometry": { "type": "Polygon", "coordinates": [ [ [ -68.691589322214639, 47.401771398705435 ], [ -68.697866617557963, 47.404716936698222 ], [ -68.697248169068629, 47.409880562607889 ], [ -68.690351153415946, 47.412098519797787 ], [ -68.684073480635774, 47.4091525481536 ], [ -68.68469320088488, 47.403989053037115 ], [ -68.691589322214639, 47.401771398705435 ] ] ] } },
{ "type": "Feature", "properties": { "hex_id": 1019714, "centroid_lon": -68.685312748694898, "centroid_lat": 47.3988255470761, "occurrences_today": 3, "datetimes_today": "2026-06-19 00:01:38, 2026-06-19 00:16:36, 2026-06-19 00:31:15", "cumulative_total": 76.0 }, "geometry": { "type": "Polygon", "coordinates": [ [ [ -68.685932124126154, 47.393662030272765 ], [ -68.692208148231231, 47.39660782191195 ], [ -68.691589322214639, 47.401771398705435 ], [ -68.68469320088488, 47.403989053037115 ], [ -68.678416799774041, 47.401042827824568 ], [ -68.679036896938456, 47.395879381919841 ], [ -68.685932124126154, 47.393662030272765 ] ] ] } },
{ "type": "Feature", "properties": { "hex_id": 1020324, "centroid_lon": -68.679656821580508, "centroid_lat": 47.390715925161317, "occurrences_today": 3, "datetimes_today": "2026-06-19 00:01:38, 2026-06-19 00:16:36, 2026-06-19 00:31:15", "cumulative_total": 76.0 }, "geometry": { "type": "Polygon", "coordinates": [ [ [ -68.680276573760494, 47.385552457551221 ], [ -68.686551327238931, 47.388498502629389 ], [ -68.685932124126154, 47.393662030272765 ], [ -68.679036896938456, 47.395879381919841 ], [ -68.672761766885017, 47.392932903346328 ], [ -68.673382240533996, 47.387769506687206 ], [ -68.680276573760494, 47.385552457551221 ] ] ] } },
{ "type": "Feature", "properties": { "hex_id": 773754, "centroid_lon": -71.268877693937654, "centroid_lat": 48.626779611026627, "occurrences_today": 2, "datetimes_today": "2026-06-19 00:01:38, 2026-06-19 00:16:36", "cumulative_total": 37.0 }, "geometry": { "type": "Polygon", "coordinates": [ [ [ -71.269260253908357, 48.621596671082301 ], [ -71.275839697673248, 48.624407580201954 ], [ -71.275457773714678, 48.629590556435218 ], [ -71.268495025121652, 48.631962544028859 ], [ -71.261915054209737, 48.629151202994898 ], [ -71.262298358998279, 48.623968306353049 ], [ -71.269260253908357, 48.621596671082301 ] ] ] } },
{ "type": "Feature", "properties": { "hex_id": 695439, "centroid_lon": -72.276640824235642, "centroid_lat": 45.989694924573207, "occurrences_today": 3, "datetimes_today": "2026-06-19 00:01:38, 2026-06-19 00:16:36, 2026-06-19 00:31:15", "cumulative_total": 235.0 }, "geometry": { "type": "Polygon", "coordinates": [ [ [ -72.276895539574426, 45.984504438965281 ], [ -72.283216667208237, 45.987253269843343 ], [ -72.282962518337357, 45.992443780195316 ], [ -72.276386038978586, 45.99488540434988 ], [ -72.270064414806996, 45.992136186671829 ], [ -72.270319766508237, 45.986945731704417 ], [ -72.276895539574426, 45.984504438965281 ] ] ] } },
{ "type": "Feature", "properties": { "hex_id": 793717, "centroid_lon": -71.252264214719901, "centroid_lat": 45.765781811869758, "occurrences_today": 3, "datetimes_today": "2026-06-19 00:01:38, 2026-06-19 00:16:36, 2026-06-19 00:31:15", "cumulative_total": 81.0 }, "geometry": { "type": "Polygon", "coordinates": [ [ [ -71.252611897774116, 45.760596373737371 ], [ -71.258854210181653, 45.763399659554715 ], [ -71.258507071546106, 45.768585132169491 ], [ -71.251916436589937, 45.770967243216973 ], [ -71.245673674855468, 45.768163564996051 ], [ -71.246021997372083, 45.762978168195424 ], [ -71.252611897774116, 45.760596373737371 ] ] ] } },
{ "type": "Feature", "properties": { "hex_id": 794327, "centroid_lon": -71.246370224668098, "centroid_lat": 45.757792764603039, "occurrences_today": 3, "datetimes_today": "2026-06-19 00:01:38, 2026-06-19 00:16:36, 2026-06-19 00:31:15", "cumulative_total": 81.0 }, "geometry": { "type": "Polygon", "coordinates": [ [ [ -71.246718356775588, 45.752607354219577 ], [ -71.252959485784629, 45.755410928820517 ], [ -71.252611897774116, 45.760596373737371 ], [ -71.246021997372083, 45.762978168195424 ], [ -71.23978041947062, 45.76017420124839 ], [ -71.240129190831567, 45.754988832253581 ], [ -71.246718356775588, 45.752607354219577 ] ] ] } },
{ "type": "Feature", "properties": { "hex_id": 794937, "centroid_lon": -71.240477866859209, "centroid_lat": 45.749803456461095, "occurrences_today": 3, "datetimes_today": "2026-06-19 00:01:38, 2026-06-19 00:16:36, 2026-06-19 00:31:15", "cumulative_total": 81.0 }, "geometry": { "type": "Polygon", "coordinates": [ [ [ -71.240826447585704, 45.744618073871699 ], [ -71.247066393726612, 45.747421937045786 ], [ -71.246718356775588, 45.752607354219577 ], [ -71.240129190831567, 45.754988832253581 ], [ -71.233888796232407, 45.752184576790938 ], [ -71.234238016003431, 45.746999235647003 ], [ -71.240826447585704, 45.744618073871699 ] ] ] } },
{ "type": "Feature", "properties": { "hex_id": 795548, "centroid_lon": -71.23353948098341, "centroid_lat": 45.757369911130596, "occurrences_today": 3, "datetimes_today": "2026-06-19 00:01:38, 2026-06-19 00:16:36, 2026-06-19 00:31:15", "cumulative_total": 45.0 }, "geometry": { "type": "Polygon", "coordinates": [ [ [ -71.233888796232407, 45.752184576790938 ], [ -71.240129190831567, 45.754988832253581 ], [ -71.23978041947062, 45.76017420124839 ], [ -71.233190070224296, 45.762555238665236 ], [ -71.22694922726329, 45.759750590759211 ], [ -71.227299181878294, 45.754565297943905 ], [ -71.233888796232407, 45.752184576790938 ] ] ] } },
{ "type": "Feature", "properties": { "hex_id": 796158, "centroid_lon": -71.227649040838514, "centroid_lat": 45.749379998316961, "occurrences_today": 3, "datetimes_today": "2026-06-19 00:01:38, 2026-06-19 00:16:36, 2026-06-19 00:31:15", "cumulative_total": 51.0 }, "geometry": { "type": "Polygon", "coordinates": [ [ [ -71.227998804176138, 45.74419469187913 ], [ -71.234238016003431, 45.746999235647003 ], [ -71.233888796232407, 45.752184576790938 ], [ -71.227299181878294, 45.754565297943905 ], [ -71.221059522123085, 45.751760361790275 ], [ -71.221409924617703, 45.746575096933576 ], [ -71.227998804176138, 45.74419469187913 ] ] ] } },
{ "type": "Feature", "properties": { "hex_id": 796768, "centroid_lon": -71.221760231345158, "centroid_lat": 45.741389825259354, "occurrences_today": 3, "datetimes_today": "2026-06-19 00:01:38, 2026-06-19 00:16:36, 2026-06-19 00:31:15", "cumulative_total": 51.0 }, "geometry": { "type": "Polygon", "coordinates": [ [ [ -71.222110442337694, 45.73620454676832 ], [ -71.228348471923368, 45.739009378631117 ], [ -71.227998804176138, 45.74419469187913 ], [ -71.221409924617703, 45.746575096933576 ], [ -71.215171447537756, 45.743769872742646 ], [ -71.215522297478302, 45.738584635889531 ], [ -71.222110442337694, 45.73620454676832 ] ] ] } },
{ "type": "Feature", "properties": { "hex_id": 797378, "centroid_lon": -71.215873051539461, "centroid_lat": 45.733399392212988, "occurrences_today": 3, "datetimes_today": "2026-06-19 00:01:38, 2026-06-19 00:16:36, 2026-06-19 00:31:15", "cumulative_total": 62.0 }, "geometry": { "type": "Polygon", "coordinates": [ [ [ -71.216223709753521, 45.72821414171375 ], [ -71.222460557627542, 45.731019261461249 ], [ -71.222110442337694, 45.73620454676832 ], [ -71.215522297478302, 45.738584635889531 ], [ -71.209285002543311, 45.735779123871531 ], [ -71.209636299496424, 45.730593915066954 ], [ -71.216223709753521, 45.72821414171375 ] ] ] } },
{ "type": "Feature", "properties": { "hex_id": 797379, "centroid_lon": -71.214820501685551, "centroid_lat": 45.748955102771568, "occurrences_today": 3, "datetimes_today": "2026-06-19 00:01:38, 2026-06-19 00:16:36, 2026-06-19 00:31:15", "cumulative_total": 55.0 }, "geometry": { "type": "Polygon", "coordinates": [ [ [ -71.215171447537756, 45.743769872742646 ], [ -71.221409924617703, 45.746575096933576 ], [ -71.221059522123085, 45.751760361790275 ], [ -71.214469459889401, 45.754140325975591 ], [ -71.208230535411971, 45.751334709301815 ], [ -71.208582120533421, 45.746149520989704 ], [ -71.215171447537756, 45.743769872742646 ] ] ] } },
{ "type": "Feature", "properties": { "hex_id": 797989, "centroid_lon": -71.208933609566415, "centroid_lat": 45.740964325846029, "occurrences_today": 3, "datetimes_today": "2026-06-19 00:01:38, 2026-06-19 00:16:36, 2026-06-19 00:31:15", "cumulative_total": 62.0 }, "geometry": { "type": "Polygon", "coordinates": [ [ [ -71.209285002543311, 45.735779123871531 ], [ -71.215522297478302, 45.738584635889531 ], [ -71.215171447537756, 45.743769872742646 ], [ -71.208582120533421, 45.746149520989704 ], [ -71.202344378634336, 45.743343616546561 ], [ -71.202696410671351, 45.738158456345623 ], [ -71.209285002543311, 45.735779123871531 ] ] ] } },
{ "type": "Feature", "properties": { "hex_id": 798599, "centroid_lon": -71.20304834650787, "centroid_lat": 45.732973289307218, "occurrences_today": 3, "datetimes_today": "2026-06-19 00:01:38, 2026-06-19 00:16:36, 2026-06-19 00:31:15", "cumulative_total": 57.0 }, "geometry": { "type": "Polygon", "coordinates": [ [ [ -71.203400186176282, 45.727788115432048 ], [ -71.209636299496424, 45.730593915066954 ], [ -71.209285002543311, 45.735779123871531 ], [ -71.202696410671351, 45.738158456345623 ], [ -71.196459850820219, 45.735352264343284 ], [ -71.196812329339664, 45.730167132298398 ], [ -71.203400186176282, 45.727788115432048 ] ] ] } },
{ "type": "Feature", "properties": { "hex_id": 799209, "centroid_lon": -71.197164711546733, "centroid_lat": 45.72498199341009, "occurrences_today": 3, "datetimes_today": "2026-06-19 00:01:38, 2026-06-19 00:16:36, 2026-06-19 00:31:15", "cumulative_total": 57.0 }, "geometry": { "type": "Polygon", "coordinates": [ [ [ -71.197516997473826, 45.719796847679127 ], [ -71.203751929708957, 45.722602934720875 ], [ -71.203400186176282, 45.727788115432048 ], [ -71.196812329339664, 45.730167132298398 ], [ -71.190576951006292, 45.727360652946949 ], [ -71.190929875575392, 45.722175549102921 ], [ -71.197516997473826, 45.719796847679127 ] ] ] } },
{ "type": "Feature", "properties": { "hex_id": 799820, "centroid_lon": -71.190223929980604, "centroid_lat": 45.732545749940876, "occurrences_today": 3, "datetimes_today": "2026-06-19 00:01:38, 2026-06-19 00:16:36, 2026-06-19 00:31:15", "cumulative_total": 69.0 }, "geometry": { "type": "Polygon", "coordinates": [ [ [ -71.190576951006292, 45.727360652946949 ], [ -71.196812329339664, 45.730167132298398 ], [ -71.196459850820219, 45.735352264343284 ], [ -71.189870812465841, 45.737730840083984 ], [ -71.18363498813153, 45.734923968268305 ], [ -71.183988648120049, 45.729738913240254 ], [ -71.190576951006292, 45.727360652946949 ] ] ] } },
{ "type": "Feature", "properties": { "hex_id": 800430, "centroid_lon": -71.184342211475325, "centroid_lat": 45.724553851354685, "occurrences_today": 3, "datetimes_today": "2026-06-19 00:01:38, 2026-06-19 00:16:36, 2026-06-19 00:31:15", "cumulative_total": 97.0 }, "geometry": { "type": "Polygon", "coordinates": [ [ [ -71.184695678229843, 45.719368782612349 ], [ -71.190929875575392, 45.722175549102921 ], [ -71.190576951006292, 45.727360652946949 ], [ -71.183988648120049, 45.729738913240254 ], [ -71.177754005206097, 45.726931754343262 ], [ -71.178108110714263, 45.721746727623447 ], [ -71.184695678229843, 45.719368782612349 ] ] ] } },
{ "type": "Feature", "properties": { "hex_id": 530609, "centroid_lon": -74.017928207618979, "centroid_lat": 46.095879223750366, "occurrences_today": 3, "datetimes_today": "2026-06-19 00:01:38, 2026-06-19 00:16:36, 2026-06-19 00:31:15", "cumulative_total": 167.0 }, "geometry": { "type": "Polygon", "coordinates": [ [ [ -74.018020431409681, 46.090683722022746 ], [ -74.024441511138093, 46.093336857557475 ], [ -74.024349881854675, 46.098532366826745 ], [ -74.017835958454313, 46.101074720591015 ], [ -74.011414309596887, 46.098421212818288 ], [ -74.011507153260169, 46.093225723585213 ], [ -74.018020431409681, 46.090683722022746 ] ] ] } },
{ "type": "Feature", "properties": { "hex_id": 790832, "centroid_lon": -71.098483744954251, "centroid_lat": 48.371739145252114, "occurrences_today": 3, "datetimes_today": "2026-06-19 00:01:38, 2026-06-19 00:16:36, 2026-06-19 00:31:15", "cumulative_total": 80.0 }, "geometry": { "type": "Polygon", "coordinates": [ [ [ -71.098880183824477, 48.366557004168421 ], [ -71.105417475923375, 48.369376638660171 ], [ -71.10502166120034, 48.374558817537967 ], [ -71.098087193750146, 48.376921279201831 ], [ -71.091549389858216, 48.374101215095656 ], [ -71.091946565168953, 48.368919119010684 ], [ -71.098880183824477, 48.366557004168421 ] ] ] } },
{ "type": "Feature", "properties": { "hex_id": 791443, "centroid_lon": -71.091152102001843, "centroid_lat": 48.379283304037891, "occurrences_today": 3, "datetimes_today": "2026-06-19 00:01:38, 2026-06-19 00:16:36, 2026-06-19 00:31:15", "cumulative_total": 74.0 }, "geometry": { "type": "Polygon", "coordinates": [ [ [ -71.091549389858216, 48.374101215095656 ], [ -71.098087193750146, 48.376921279201831 ], [ -71.09769053017159, 48.382103406016746 ], [ -71.090754701559177, 48.384465385836592 ], [ -71.084216385996072, 48.381644891945761 ], [ -71.084614410675883, 48.376462848090398 ], [ -71.091549389858216, 48.374101215095656 ] ] ] } },
{ "type": "Feature", "properties": { "hex_id": 792053, "centroid_lon": -71.085012322598232, "centroid_lat": 48.371280797083536, "occurrences_today": 3, "datetimes_today": "2026-06-19 00:01:38, 2026-06-19 00:16:36, 2026-06-19 00:31:15", "cumulative_total": 65.0 }, "geometry": { "type": "Polygon", "coordinates": [ [ [ -71.085410121803832, 48.366098738925999 ], [ -71.091946565168953, 48.368919119010684 ], [ -71.091549389858216, 48.374101215095656 ], [ -71.084614410675883, 48.376462848090398 ], [ -71.078077456152982, 48.37364203828664 ], [ -71.078475991929508, 48.368460025277841 ], [ -71.085410121803832, 48.366098738925999 ] ] ] } },
{ "type": "Feature", "properties": { "hex_id": 689312, "centroid_lon": -72.357399868052298, "centroid_lat": 45.648612085866809, "occurrences_today": 3, "datetimes_today": "2026-06-19 00:01:38, 2026-06-19 00:16:36, 2026-06-19 00:31:15", "cumulative_total": 17.0 }, "geometry": { "type": "Polygon", "coordinates": [ [ [ -72.357644113913338, 45.643420945875775 ], [ -72.363931649135125, 45.646164697579145 ], [ -72.363687960746987, 45.651355861371513 ], [ -72.357155555424825, 45.653803220100123 ], [ -72.350867529507809, 45.651059086730832 ], [ -72.35111239958573, 45.645867976363299 ], [ -72.357644113913338, 45.643420945875775 ] ] ] } },
{ "type": "Feature", "properties": { "hex_id": 561718, "centroid_lon": -73.697801898697534, "centroid_lat": 45.679558736430216, "occurrences_today": 3, "datetimes_today": "2026-06-19 00:01:38, 2026-06-19 00:16:36, 2026-06-19 00:31:15", "cumulative_total": 124.0 }, "geometry": { "type": "Polygon", "coordinates": [ [ [ -73.697922418180582, 45.674363434136239 ], [ -73.704280508707356, 45.677034071281369 ], [ -73.704160566459336, 45.682229384230588 ], [ -73.69768134623051, 45.684754033730776 ], [ -73.691322711458227, 45.682083026627197 ], [ -73.69144384114918, 45.676887740046794 ], [ -73.697922418180582, 45.674363434136239 ] ] ] } },
{ "type": "Feature", "properties": { "hex_id": 562328, "centroid_lon": -73.691564937699383, "centroid_lat": 45.671692448470601, "occurrences_today": 3, "datetimes_today": "2026-06-19 00:01:38, 2026-06-19 00:16:36, 2026-06-19 00:31:15", "cumulative_total": 66.0 }, "geometry": { "type": "Polygon", "coordinates": [ [ [ -73.691686001120019, 45.666497151898668 ], [ -73.698042904690794, 45.669168126848945 ], [ -73.697922418180582, 45.674363434136239 ], [ -73.69144384114918, 45.676887740046794 ], [ -73.685086393803118, 45.674216395179535 ], [ -73.685208067252603, 45.669021114383611 ], [ -73.691686001120019, 45.666497151898668 ] ] ] } },
{ "type": "Feature", "properties": { "hex_id": 562329, "centroid_lon": -73.691201548615396, "centroid_lat": 45.687278308211738, "occurrences_today": 3, "datetimes_today": "2026-06-19 00:01:38, 2026-06-19 00:16:36, 2026-06-19 00:31:15", "cumulative_total": 83.0 }, "geometry": { "type": "Polygon", "coordinates": [ [ [ -73.691322711458227, 45.682083026627197 ], [ -73.69768134623051, 45.684754033730776 ], [ -73.697560760768397, 45.689949326037883 ], [ -73.691080352609433, 45.692473584800361 ], [ -73.684721173625107, 45.689802207577856 ], [ -73.684842947000604, 45.684606941776714 ], [ -73.691322711458227, 45.682083026627197 ] ] ] } },
{ "type": "Feature", "properties": { "hex_id": 562938, "centroid_lon": -73.68532970741586, "centroid_lat": 45.663825828589552, "occurrences_today": 3, "datetimes_today": "2026-06-19 00:01:38, 2026-06-19 00:16:36, 2026-06-19 00:31:15", "cumulative_total": 66.0 }, "geometry": { "type": "Polygon", "coordinates": [ [ [ -73.685451314304089, 45.658630537797421 ], [ -73.691807031422258, 45.661301850331078 ], [ -73.691686001120019, 45.666497151898668 ], [ -73.685208067252603, 45.669021114383611 ], [ -73.678851806829044, 45.666349431974503 ], [ -73.678974023567093, 45.661154157020782 ], [ -73.685451314304089, 45.658630537797421 ] ] ] } },
{ "type": "Feature", "properties": { "hex_id": 562939, "centroid_lon": -73.684964687056208, "centroid_lat": 45.679411670977274, "occurrences_today": 3, "datetimes_today": "2026-06-19 00:01:38, 2026-06-19 00:16:36, 2026-06-19 00:31:15", "cumulative_total": 66.0 }, "geometry": { "type": "Polygon", "coordinates": [ [ [ -73.685086393803118, 45.674216395179535 ], [ -73.69144384114918, 45.676887740046794 ], [ -73.691322711458227, 45.682083026627197 ], [ -73.684842947000604, 45.684606941776714 ], [ -73.67848495591285, 45.681935226832124 ], [ -73.678607273013199, 45.676739966880241 ], [ -73.685086393803118, 45.674216395179535 ] ] ] } },
{ "type": "Feature", "properties": { "hex_id": 563549, "centroid_lon": -73.678729556648179, "centroid_lat": 45.671544701927679, "occurrences_today": 3, "datetimes_today": "2026-06-19 00:01:38, 2026-06-19 00:16:36, 2026-06-19 00:31:15", "cumulative_total": 66.0 }, "geometry": { "type": "Polygon", "coordinates": [ [ [ -73.678851806829044, 45.666349431974503 ], [ -73.685208067252603, 45.669021114383611 ], [ -73.685086393803118, 45.674216395179535 ], [ -73.678607273013199, 45.676739966880241 ], [ -73.672250469317987, 45.674067914435341 ], [ -73.672373329673079, 45.668872660390427 ], [ -73.678851806829044, 45.666349431974503 ] ] ] } },
{ "type": "Feature", "properties": { "hex_id": 563550, "centroid_lon": -73.678362605335849, "centroid_lat": 45.68713048178325, "occurrences_today": 3, "datetimes_today": "2026-06-19 00:01:38, 2026-06-19 00:16:36, 2026-06-19 00:31:15", "cumulative_total": 82.0 }, "geometry": { "type": "Polygon", "coordinates": [ [ [ -73.67848495591285, 45.681935226832124 ], [ -73.684842947000604, 45.684606941776714 ], [ -73.684721173625107, 45.689802207577856 ], [ -73.678240221270897, 45.692325731733568 ], [ -73.671881686475231, 45.689653646551179 ], [ -73.672004647730404, 45.684458407515791 ], [ -73.67848495591285, 45.681935226832124 ] ] ] } },
{ "type": "Feature", "properties": { "hex_id": 564159, "centroid_lon": -73.672496156417481, "centroid_lat": 45.663677401342447, "occurrences_today": 3, "datetimes_today": "2026-06-19 00:01:38, 2026-06-19 00:16:36, 2026-06-19 00:31:15", "cumulative_total": 69.0 }, "geometry": { "type": "Polygon", "coordinates": [ [ [ -73.672618949562519, 45.658482137291514 ], [ -73.678974023567093, 45.661154157020782 ], [ -73.678851806829044, 45.666349431974503 ], [ -73.672373329673079, 45.668872660390427 ], [ -73.666017712866562, 45.666200270666984 ], [ -73.666141116006628, 45.661005022586664 ], [ -73.672618949562519, 45.658482137291514 ] ] ] } },
{ "type": "Feature", "properties": { "hex_id": 564160, "centroid_lon": -73.67212757534088, "centroid_lat": 45.679263163477167, "occurrences_today": 3, "datetimes_today": "2026-06-19 00:01:38, 2026-06-19 00:16:36, 2026-06-19 00:31:15", "cumulative_total": 90.0 }, "geometry": { "type": "Polygon", "coordinates": [ [ [ -73.672250469317987, 45.674067914435341 ], [ -73.678607273013199, 45.676739966880241 ], [ -73.67848495591285, 45.681935226832124 ], [ -73.672004647730404, 45.684458407515791 ], [ -73.665647300797445, 45.681785984874764 ], [ -73.665770805273354, 45.676590751811105 ], [ -73.672250469317987, 45.674067914435341 ] ] ] } },
{ "type": "Feature", "properties": { "hex_id": 564770, "centroid_lon": -73.665894275959261, "centroid_lat": 45.671395513741821, "occurrences_today": 3, "datetimes_today": "2026-06-19 00:01:38, 2026-06-19 00:16:36, 2026-06-19 00:31:15", "cumulative_total": 66.0 }, "geometry": { "type": "Polygon", "coordinates": [ [ [ -73.666017712866562, 45.666200270666984 ], [ -73.672373329673079, 45.668872660390427 ], [ -73.672250469317987, 45.674067914435341 ], [ -73.665770805273354, 45.676590751811105 ], [ -73.659414645698931, 45.673917991933187 ], [ -73.659538692925651, 45.668722764898881 ], [ -73.666017712866562, 45.666200270666984 ] ] ] } },
{ "type": "Feature", "properties": { "hex_id": 564771, "centroid_lon": -73.665523762520152, "centroid_lat": 45.68698121293275, "occurrences_today": 3, "datetimes_today": "2026-06-19 00:01:38, 2026-06-19 00:16:36, 2026-06-19 00:31:15", "cumulative_total": 108.0 }, "geometry": { "type": "Polygon", "coordinates": [ [ [ -73.665647300797445, 45.681785984874764 ], [ -73.672004647730404, 45.684458407515791 ], [ -73.671881686475231, 45.689653646551179 ], [ -73.665400190430063, 45.692176435984976 ], [ -73.659042300293464, 45.689503642987439 ], [ -73.659166449394277, 45.684308430977531 ], [ -73.665647300797445, 45.681785984874764 ] ] ] } },
{ "type": "Feature", "properties": { "hex_id": 565380, "centroid_lon": -73.659662706217233, "centroid_lat": 45.66352753285657, "occurrences_today": 3, "datetimes_today": "2026-06-19 00:01:38, 2026-06-19 00:16:36, 2026-06-19 00:31:15", "cumulative_total": 69.0 }, "geometry": { "type": "Polygon", "coordinates": [ [ [ -73.659786685585104, 45.658332295806332 ], [ -73.666141116006628, 45.661005022586664 ], [ -73.666017712866562, 45.666200270666984 ], [ -73.659538692925651, 45.668722764898881 ], [ -73.653183720205746, 45.666049668005769 ], [ -73.653308309713694, 45.660854447058398 ], [ -73.659786685585104, 45.658332295806332 ] ] ] } },
{ "type": "Feature", "properties": { "hex_id": 565381, "centroid_lon": -73.65929056452562, "centroid_lat": 45.679113213959432, "occurrences_today": 3, "datetimes_today": "2026-06-19 00:01:38, 2026-06-19 00:16:36, 2026-06-19 00:31:15", "cumulative_total": 94.0 }, "geometry": { "type": "Polygon", "coordinates": [ [ [ -73.659414645698931, 45.673917991933187 ], [ -73.665770805273354, 45.676590751811105 ], [ -73.665647300797445, 45.681785984874764 ], [ -73.659166449394277, 45.684308430977531 ], [ -73.652809747086195, 45.681635300784841 ], [ -73.652934438903486, 45.676440094869051 ], [ -73.659414645698931, 45.673917991933187 ] ] ] } },
{ "type": "Feature", "properties": { "hex_id": 565991, "centroid_lon": -73.653059096606171, "centroid_lat": 45.671244883942677, "occurrences_today": 3, "datetimes_today": "2026-06-19 00:01:38, 2026-06-19 00:16:36, 2026-06-19 00:31:15", "cumulative_total": 78.0 }, "geometry": { "type": "Polygon", "coordinates": [ [ [ -73.653183720205746, 45.666049668005769 ], [ -73.659538692925651, 45.668722764898881 ], [ -73.659414645698931, 45.673917991933187 ], [ -73.652934438903486, 45.676440094869051 ], [ -73.646578923919606, 45.673766627702896 ], [ -73.646704157983635, 45.668571427938801 ], [ -73.653183720205746, 45.666049668005769 ] ] ] } },
{ "type": "Feature", "properties": { "hex_id": 565992, "centroid_lon": -73.652685021142801, "centroid_lat": 45.686830501689947, "occurrences_today": 3, "datetimes_today": "2026-06-19 00:01:38, 2026-06-19 00:16:36, 2026-06-19 00:31:15", "cumulative_total": 136.0 }, "geometry": { "type": "Polygon", "coordinates": [ [ [ -73.652809747086195, 45.681635300784841 ], [ -73.659166449394277, 45.684308430977531 ], [ -73.659042300293464, 45.689503642987439 ], [ -73.652560261061808, 45.69202569758432 ], [ -73.646203016054514, 45.68935219691646 ], [ -73.646328352966592, 45.68415701219179 ], [ -73.652809747086195, 45.681635300784841 ] ] ] } },
{ "type": "Feature", "properties": { "hex_id": 566602, "centroid_lon": -73.646453655584438, "centroid_lat": 45.678961822453928, "occurrences_today": 3, "datetimes_today": "2026-06-19 00:01:38, 2026-06-19 00:16:36, 2026-06-19 00:31:15", "cumulative_total": 97.0 }, "geometry": { "type": "Polygon", "coordinates": [ [ [ -73.646578923919606, 45.673766627702896 ], [ -73.652934438903486, 45.676440094869051 ], [ -73.652809747086195, 45.681635300784841 ], [ -73.646328352966592, 45.68415701219179 ], [ -73.639972295753282, 45.681483174592302 ], [ -73.640098174877451, 45.676287996084071 ], [ -73.646578923919606, 45.673766627702896 ] ] ] } },
{ "type": "Feature", "properties": { "hex_id": 808414, "centroid_lon": -71.048515382103247, "centroid_lat": 46.460464587493355, "occurrences_today": 3, "datetimes_today": "2026-06-19 00:01:38, 2026-06-19 00:16:36, 2026-06-19 00:31:15", "cumulative_total": 78.0 }, "geometry": { "type": "Polygon", "coordinates": [ [ [ -71.048890926752264, 46.455281023737761 ], [ -71.055198874262899, 46.458097386820043 ], [ -71.0548238913765, 46.463280987463797 ], [ -71.048139733874933, 46.465648144185728 ], [ -71.041831328198725, 46.46283137783 ], [ -71.04220753815413, 46.457647858091519 ], [ -71.048890926752264, 46.455281023737761 ] ] ] } },
{ "type": "Feature", "properties": { "hex_id": 809024, "centroid_lon": -71.042583644379988, "centroid_lat": 46.452464331282606, "occurrences_today": 3, "datetimes_today": "2026-06-19 00:01:38, 2026-06-19 00:16:36, 2026-06-19 00:31:15", "cumulative_total": 69.0 }, "geometry": { "type": "Polygon", "coordinates": [ [ [ -71.042959646911839, 46.447280797404126 ], [ -71.049266367857541, 46.450097452919785 ], [ -71.048890926752264, 46.455281023737761 ], [ -71.04220753815413, 46.457647858091519 ], [ -71.035900359493624, 46.454830799362924 ], [ -71.036277027110501, 46.449647309559204 ], [ -71.042959646911839, 46.447280797404126 ] ] ] } },
{ "type": "Feature", "properties": { "hex_id": 809635, "centroid_lon": -71.035523587996977, "centroid_lat": 46.460014282089041, "occurrences_today": 3, "datetimes_today": "2026-06-19 00:01:38, 2026-06-19 00:16:36, 2026-06-19 00:31:15", "cumulative_total": 77.0 }, "geometry": { "type": "Polygon", "coordinates": [ [ [ -71.035900359493624, 46.454830799362924 ], [ -71.04220753815413, 46.457647858091519 ], [ -71.041831328198725, 46.46283137783 ], [ -71.035146712584904, 46.465197757736703 ], [ -71.028839076316387, 46.46238029563704 ], [ -71.029216513234047, 46.457196857067466 ], [ -71.035900359493624, 46.454830799362924 ] ] ] } },
{ "type": "Feature", "properties": { "hex_id": 576351, "centroid_lon": -73.551385258206196, "centroid_lat": 45.381577587025738, "occurrences_today": 3, "datetimes_today": "2026-06-19 00:01:38, 2026-06-19 00:16:36, 2026-06-19 00:31:15", "cumulative_total": 149.0 }, "geometry": { "type": "Polygon", "coordinates": [ [ [ -73.551517940802185, 45.376382331839196 ], [ -73.557835759148347, 45.379060762045903 ], [ -73.557703642817216, 45.384256029265075 ], [ -73.551252539429925, 45.386772837162468 ], [ -73.54493419100524, 45.384094039406726 ], [ -73.545067476034262, 45.378898801366837 ], [ -73.551517940802185, 45.376382331839196 ] ] ] } },
{ "type": "Feature", "properties": { "hex_id": 874942, "centroid_lon": -70.362688412455242, "centroid_lat": 46.177420461851135, "occurrences_today": 3, "datetimes_today": "2026-06-19 00:01:38, 2026-06-19 00:16:36, 2026-06-19 00:31:15", "cumulative_total": 88.0 }, "geometry": { "type": "Polygon", "coordinates": [ [ [ -70.363124677383468, 46.172241304927908 ], [ -70.369363053489508, 46.175093170961901 ], [ -70.368927330892149, 46.180272371075539 ], [ -70.362252027747346, 46.182599610866646 ], [ -70.356013229110459, 46.179747340043498 ], [ -70.356450156108508, 46.174568234283036 ], [ -70.363124677383468, 46.172241304927908 ] ] ] } },
{ "type": "Feature", "properties": { "hex_id": 689919, "centroid_lon": -72.353557423682659, "centroid_lat": 45.593956555811332, "occurrences_today": 3, "datetimes_today": "2026-06-19 00:01:38, 2026-06-19 00:16:36, 2026-06-19 00:31:15", "cumulative_total": 89.0 }, "geometry": { "type": "Polygon", "coordinates": [ [ [ -72.35380155891815, 45.588765382076112 ], [ -72.360082905303727, 45.59150922936724 ], [ -72.359839325873935, 45.596700426916399 ], [ -72.353313221755513, 45.599147723787596 ], [ -72.347031386267091, 45.596403495502713 ], [ -72.347276143977538, 45.591212351404707 ], [ -72.35380155891815, 45.588765382076112 ] ] ] } },
{ "type": "Feature", "properties": { "hex_id": 690529, "centroid_lon": -72.347520834847103, "centroid_lat": 45.586021201543033, "occurrences_today": 3, "datetimes_today": "2026-06-19 00:01:38, 2026-06-19 00:16:36, 2026-06-19 00:31:15", "cumulative_total": 89.0 }, "geometry": { "type": "Polygon", "coordinates": [ [ [ -72.347765458898238, 45.580830045918027 ], [ -72.354045627484382, 45.58357420258227 ], [ -72.35380155891815, 45.588765382076112 ], [ -72.347276143977538, 45.591212351404707 ], [ -72.340995486736148, 45.588467813796861 ], [ -72.341240733068162, 45.583276687868334 ], [ -72.347765458898238, 45.580830045918027 ] ] ] } },
{ "type": "Feature", "properties": { "hex_id": 691140, "centroid_lon": -72.340750173414079, "centroid_lat": 45.593658933956995, "occurrences_today": 3, "datetimes_today": "2026-06-19 00:01:38, 2026-06-19 00:16:36, 2026-06-19 00:31:15", "cumulative_total": 75.0 }, "geometry": { "type": "Polygon", "coordinates": [ [ [ -72.340995486736148, 45.588467813796861 ], [ -72.347276143977538, 45.591212351404707 ], [ -72.347031386267091, 45.596403495502713 ], [ -72.340504793079461, 45.598850048348353 ], [ -72.334223647250241, 45.596105129640009 ], [ -72.33446958317397, 45.590914039250833 ], [ -72.340995486736148, 45.588467813796861 ] ] ] } },
{ "type": "Feature", "properties": { "hex_id": 691750, "centroid_lon": -72.334715451935992, "centroid_lat": 45.585722943088165, "occurrences_today": 3, "datetimes_today": "2026-06-19 00:01:38, 2026-06-19 00:16:36, 2026-06-19 00:31:15", "cumulative_total": 75.0 }, "geometry": { "type": "Polygon", "coordinates": [ [ [ -72.334961253558873, 45.58053184115235 ], [ -72.341240733068162, 45.583276687868334 ], [ -72.340995486736148, 45.588467813796861 ], [ -72.33446958317397, 45.590914039250833 ], [ -72.328189615524238, 45.5881688114846 ], [ -72.328436039554575, 45.582977739378947 ], [ -72.334961253558873, 45.58053184115235 ] ] ] } },
{ "type": "Feature", "properties": { "hex_id": 692971, "centroid_lon": -72.321910270442316, "centroid_lat": 45.585423250758645, "occurrences_today": 3, "datetimes_today": "2026-06-19 00:01:38, 2026-06-19 00:16:36, 2026-06-19 00:31:15", "cumulative_total": 75.0 }, "geometry": { "type": "Polygon", "coordinates": [ [ [ -72.322157249569301, 45.580232202769572 ], [ -72.328436039554575, 45.582977739378947 ], [ -72.328189615524238, 45.5881688114846 ], [ -72.321663223855481, 45.590614292964723 ], [ -72.315383946244694, 45.587868375198546 ], [ -72.315631547905539, 45.582677357173338 ], [ -72.322157249569301, 45.580232202769572 ] ] ] } },
{ "type": "Feature", "properties": { "hex_id": 693581, "centroid_lon": -72.31587908195759, "centroid_lat": 45.577486333360383, "occurrences_today": 3, "datetimes_today": "2026-06-19 00:01:38, 2026-06-19 00:16:36, 2026-06-19 00:31:15", "cumulative_total": 75.0 }, "geometry": { "type": "Polygon", "coordinates": [ [ [ -72.316126548423526, 45.572295303760015 ], [ -72.322404161259144, 45.575041148997876 ], [ -72.322157249569301, 45.580232202769572 ], [ -72.315631547905539, 45.582677357173338 ], [ -72.309353447891255, 45.579931130829038 ], [ -72.309601536696732, 45.574740131251694 ], [ -72.316126548423526, 45.572295303760015 ] ] ] } },
{ "type": "Feature", "properties": { "hex_id": 694192, "centroid_lon": -72.309105291328081, "centroid_lat": 45.585122124613854, "occurrences_today": 3, "datetimes_today": "2026-06-19 00:01:38, 2026-06-19 00:16:36, 2026-06-19 00:31:15", "cumulative_total": 71.0 }, "geometry": { "type": "Polygon", "coordinates": [ [ [ -72.309353447891255, 45.579931130829038 ], [ -72.315631547905539, 45.582677357173338 ], [ -72.315383946244694, 45.587868375198546 ], [ -72.308857066984416, 45.590313112605763 ], [ -72.302578479859648, 45.587566504998236 ], [ -72.302827259082875, 45.582375541310995 ], [ -72.309353447891255, 45.579931130829038 ] ] ] } },
{ "type": "Feature", "properties": { "hex_id": 694802, "centroid_lon": -72.303075970376725, "centroid_lat": 45.577184571826095, "occurrences_today": 3, "datetimes_today": "2026-06-19 00:01:38, 2026-06-19 00:16:36, 2026-06-19 00:31:15", "cumulative_total": 71.0 }, "geometry": { "type": "Polygon", "coordinates": [ [ [ -72.303324613764005, 45.571993596543862 ], [ -72.309601536696732, 45.574740131251694 ], [ -72.309353447891255, 45.579931130829038 ], [ -72.302827259082875, 45.582375541310995 ], [ -72.296549849486325, 45.579628625390384 ], [ -72.296799115339184, 45.57443768026485 ], [ -72.303324613764005, 45.571993596543862 ] ] ] } },
{ "type": "Feature", "properties": { "hex_id": 695413, "centroid_lon": -72.296300515555231, "centroid_lat": 45.58481956471342, "occurrences_today": 3, "datetimes_today": "2026-06-19 00:01:38, 2026-06-19 00:16:36, 2026-06-19 00:31:15", "cumulative_total": 71.0 }, "geometry": { "type": "Polygon", "coordinates": [ [ [ -72.296549849486325, 45.579628625390384 ], [ -72.302827259082875, 45.582375541310995 ], [ -72.302578479859648, 45.587566504998236 ], [ -72.296051113523063, 45.590010498233625 ], [ -72.28977321733116, 45.587263200943454 ], [ -72.290023174048315, 45.582072291851716 ], [ -72.296549849486325, 45.579628625390384 ] ] ] } },
{ "type": "Feature", "properties": { "hex_id": 696023, "centroid_lon": -72.290273062515581, "centroid_lat": 45.576881376952336, "occurrences_today": 3, "datetimes_today": "2026-06-19 00:01:38, 2026-06-19 00:16:36, 2026-06-19 00:31:15", "cumulative_total": 71.0 }, "geometry": { "type": "Polygon", "coordinates": [ [ [ -72.290522882755809, 45.571690456245648 ], [ -72.296799115339184, 45.57443768026485 ], [ -72.296549849486325, 45.579628625390384 ], [ -72.290023174048315, 45.582072291851716 ], [ -72.283746455316034, 45.579324686513502 ], [ -72.283996898147748, 45.574133796097215 ], [ -72.290522882755809, 45.571690456245648 ] ] ] } },
{ "type": "Feature", "properties": { "hex_id": 697244, "centroid_lon": -72.27747035933541, "centroid_lat": 45.576576748799134, "occurrences_today": 3, "datetimes_today": "2026-06-19 00:01:38, 2026-06-19 00:16:36, 2026-06-19 00:31:15", "cumulative_total": 71.0 }, "geometry": { "type": "Polygon", "coordinates": [ [ [ -72.277721356359905, 45.571385882925419 ], [ -72.283996898147748, 45.574133796097215 ], [ -72.283746455316034, 45.579324686513502 ], [ -72.277219293763508, 45.581767608855543 ], [ -72.270943266341803, 45.579019314258609 ], [ -72.271194886083492, 45.573828478808998 ], [ -72.277721356359905, 45.571385882925419 ] ] ] } },
{ "type": "Feature", "properties": { "hex_id": 697854, "centroid_lon": -72.2714464371291, "centroid_lat": 45.56863763753725, "occurrences_today": 3, "datetimes_today": "2026-06-19 00:01:38, 2026-06-19 00:16:36, 2026-06-19 00:31:15", "cumulative_total": 71.0 }, "geometry": { "type": "Polygon", "coordinates": [ [ [ -72.271697919501705, 45.563446790443749 ], [ -72.277972284860027, 45.566195011234754 ], [ -72.277721356359905, 45.571385882925419 ], [ -72.271194886083492, 45.573828478808998 ], [ -72.264920035537202, 45.571079876643452 ], [ -72.265172140432284, 45.565889060033086 ], [ -72.271697919501705, 45.563446790443749 ] ] ] } },
{ "type": "Feature", "properties": { "hex_id": 698465, "centroid_lon": -72.264667861797463, "centroid_lat": 45.576270687426828, "occurrences_today": 3, "datetimes_today": "2026-06-19 00:01:38, 2026-06-19 00:16:36, 2026-06-19 00:31:15", "cumulative_total": 71.0 }, "geometry": { "type": "Polygon", "coordinates": [ [ [ -72.264920035537202, 45.571079876643452 ], [ -72.271194886083492, 45.573828478808998 ], [ -72.270943266341803, 45.579019314258609 ], [ -72.264415619189947, 45.581461492382857 ], [ -72.258140283524952, 45.578712508686174 ], [ -72.25839308010741, 45.573521728460634 ], [ -72.264920035537202, 45.571079876643452 ] ] ] } },
{ "type": "Feature", "properties": { "hex_id": 699075, "centroid_lon": -72.258645807673503, "centroid_lat": 45.568330942402866, "occurrences_today": 3, "datetimes_today": "2026-06-19 00:01:38, 2026-06-19 00:16:36, 2026-06-19 00:31:15", "cumulative_total": 71.0 }, "geometry": { "type": "Polygon", "coordinates": [ [ [ -72.258898466246364, 45.563140150513277 ], [ -72.265172140432284, 45.565889060033086 ], [ -72.264920035537202, 45.571079876643452 ], [ -72.25839308010741, 45.573521728460634 ], [ -72.252118921248496, 45.570772437460377 ], [ -72.252372202469218, 45.565581676187612 ], [ -72.258898466246364, 45.563140150513277 ] ] ] } },
{ "type": "Feature", "properties": { "hex_id": 690089, "centroid_lon": -72.21983114996749, "centroid_lat": 48.24069699126651, "occurrences_today": 3, "datetimes_today": "2026-06-19 00:01:38, 2026-06-19 00:16:36, 2026-06-19 00:31:15", "cumulative_total": 73.0 }, "geometry": { "type": "Polygon", "coordinates": [ [ [ -72.220112457960028, 48.235508800292038 ], [ -72.226697769239706, 48.238265444850967 ], [ -72.226417099986136, 48.243453662288687 ], [ -72.219549762330175, 48.245885176300625 ], [ -72.212963891970645, 48.243128113668035 ], [ -72.213245918318194, 48.237939955168073 ], [ -72.220112457960028, 48.235508800292038 ] ] ] } },
{ "type": "Feature", "properties": { "hex_id": 573917, "centroid_lon": -73.573784227759532, "centroid_lat": 45.506584684182052, "occurrences_today": 3, "datetimes_today": "2026-06-19 00:01:38, 2026-06-19 00:16:36, 2026-06-19 00:31:15", "cumulative_total": 401.0 }, "geometry": { "type": "Polygon", "coordinates": [ [ [ -73.573915429542865, 45.501389492123373 ], [ -73.580248164980915, 45.504066807800697 ], [ -73.580117533509494, 45.509262011701921 ], [ -73.573652990145789, 45.511779871199337 ], [ -73.567319720232248, 45.509102186600096 ], [ -73.567451528145881, 45.503907011489844 ], [ -73.573915429542865, 45.501389492123373 ] ] ] } },
{ "type": "Feature", "properties": { "hex_id": 580624, "centroid_lon": -73.506900038126815, "centroid_lat": 45.37320920437476, "occurrences_today": 3, "datetimes_today": "2026-06-19 00:01:38, 2026-06-19 00:16:36, 2026-06-19 00:31:15", "cumulative_total": 51.0 }, "geometry": { "type": "Polygon", "coordinates": [ [ [ -73.507036754465545, 45.368014045277 ], [ -73.513351487520652, 45.370694901853838 ], [ -73.513215336596048, 45.375890073420351 ], [ -73.506763284512331, 45.378404358404033 ], [ -73.500448023325063, 45.375723133971434 ], [ -73.500585342341239, 45.370527992475097 ], [ -73.507036754465545, 45.368014045277 ] ] ] } },
{ "type": "Feature", "properties": { "hex_id": 865206, "centroid_lon": -70.424500192846935, "centroid_lat": 46.678808180828852, "occurrences_today": 3, "datetimes_today": "2026-06-19 00:01:38, 2026-06-19 00:16:36, 2026-06-19 00:31:15", "cumulative_total": 61.0 }, "geometry": { "type": "Polygon", "coordinates": [ [ [ -70.424938251538421, 46.673629028257317 ], [ -70.431235766560306, 46.676479539803019 ], [ -70.430798266043681, 46.681658735380111 ], [ -70.42406201308431, 46.683987325526104 ], [ -70.417764060979565, 46.681136402867949 ], [ -70.418202798875328, 46.675957301242057 ], [ -70.424938251538421, 46.673629028257317 ] ] ] } },
{ "type": "Feature", "properties": { "hex_id": 865817, "centroid_lon": -70.417325201822337, "centroid_lat": 46.686315496610092, "occurrences_today": 3, "datetimes_today": "2026-06-19 00:01:38, 2026-06-19 00:16:36, 2026-06-19 00:31:15", "cumulative_total": 61.0 }, "geometry": { "type": "Polygon", "coordinates": [ [ [ -70.417764060979565, 46.681136402867949 ], [ -70.42406201308431, 46.683987325526104 ], [ -70.423623712208823, 46.689166462347998 ], [ -70.416886221361878, 46.691494582467413 ], [ -70.410587832299555, 46.688643248539336 ], [ -70.41102737099996, 46.683464205827583 ], [ -70.417764060979565, 46.681136402867949 ] ] ] } },
{ "type": "Feature", "properties": { "hex_id": 866427, "centroid_lon": -70.411466788248518, "centroid_lat": 46.67828515522266, "occurrences_today": 3, "datetimes_today": "2026-06-19 00:01:38, 2026-06-19 00:16:36, 2026-06-19 00:31:15", "cumulative_total": 61.0 }, "geometry": { "type": "Polygon", "coordinates": [ [ [ -70.411906084087093, 46.673106096725661 ], [ -70.418202798875328, 46.675957301242057 ], [ -70.417764060979565, 46.681136402867949 ], [ -70.41102737099996, 46.683464205827583 ], [ -70.404730219699815, 46.680612590106435 ], [ -70.405170194849362, 46.675433582696193 ], [ -70.411906084087093, 46.673106096725661 ] ] ] } },
{ "type": "Feature", "properties": { "hex_id": 866428, "centroid_lon": -70.410148172105451, "centroid_lat": 46.693822283356781, "occurrences_today": 3, "datetimes_today": "2026-06-19 00:01:38, 2026-06-19 00:16:36, 2026-06-19 00:31:15", "cumulative_total": 31.0 }, "geometry": { "type": "Polygon", "coordinates": [ [ [ -70.410587832299555, 46.688643248539336 ], [ -70.416886221361878, 46.691494582467413 ], [ -70.41644711955631, 46.696673660438783 ], [ -70.409708390375741, 46.699001310278803 ], [ -70.403409564481422, 46.696149564923374 ], [ -70.403849904557774, 46.69097058122113 ], [ -70.410587832299555, 46.688643248539336 ] ] ] } },
{ "type": "Feature", "properties": { "hex_id": 867038, "centroid_lon": -70.404290122949945, "centroid_lat": 46.6857915896151, "occurrences_today": 3, "datetimes_today": "2026-06-19 00:01:38, 2026-06-19 00:16:36, 2026-06-19 00:31:15", "cumulative_total": 61.0 }, "geometry": { "type": "Polygon", "coordinates": [ [ [ -70.404730219699815, 46.680612590106435 ], [ -70.41102737099996, 46.683464205827583 ], [ -70.410587832299555, 46.688643248539336 ], [ -70.403849904557774, 46.69097058122113 ], [ -70.397552316871398, 46.688118554137809 ], [ -70.397993093271097, 46.682939605800698 ], [ -70.404730219699815, 46.680612590106435 ] ] ] } },
{ "type": "Feature", "properties": { "hex_id": 867039, "centroid_lon": -70.40296910267891, "centroid_lat": 46.701328540720702, "occurrences_today": 3, "datetimes_today": "2026-06-19 00:01:38, 2026-06-19 00:16:36, 2026-06-19 00:31:15", "cumulative_total": 31.0 }, "geometry": { "type": "Polygon", "coordinates": [ [ [ -70.403409564481422, 46.696149564923374 ], [ -70.409708390375741, 46.699001310278803 ], [ -70.40926848706853, 46.704180329304279 ], [ -70.402528519108273, 46.706507508611985 ], [ -70.39622925650778, 46.703655351671735 ], [ -70.396670398531739, 46.698476427074461 ], [ -70.403409564481422, 46.696149564923374 ] ] ] } },
{ "type": "Feature", "properties": { "hex_id": 867648, "centroid_lon": -70.398433747880063, "centroid_lat": 46.677760649552553, "occurrences_today": 3, "datetimes_today": "2026-06-19 00:01:38, 2026-06-19 00:16:36, 2026-06-19 00:31:15", "cumulative_total": 44.0 }, "geometry": { "type": "Polygon", "coordinates": [ [ [ -70.398874280740216, 46.672581685394483 ], [ -70.405170194849362, 46.675433582696193 ], [ -70.404730219699815, 46.680612590106435 ], [ -70.397993093271097, 46.682939605800698 ], [ -70.391696743221118, 46.68008729720205 ], [ -70.39213795549874, 46.67490838427188 ], [ -70.398874280740216, 46.672581685394483 ] ] ] } },
{ "type": "Feature", "properties": { "hex_id": 867649, "centroid_lon": -70.397111418638943, "centroid_lat": 46.693297494562778, "occurrences_today": 3, "datetimes_today": "2026-06-19 00:01:38, 2026-06-19 00:16:36, 2026-06-19 00:31:15", "cumulative_total": 44.0 }, "geometry": { "type": "Polygon", "coordinates": [ [ [ -70.397552316871398, 46.688118554137809 ], [ -70.403849904557774, 46.69097058122113 ], [ -70.403409564481422, 46.696149564923374 ], [ -70.396670398531739, 46.698476427074461 ], [ -70.390372374585013, 46.695623988471588 ], [ -70.390813952806297, 46.690445099303034 ], [ -70.397552316871398, 46.688118554137809 ] ] ] } },
{ "type": "Feature", "properties": { "hex_id": 868259, "centroid_lon": -70.391255409004302, "centroid_lat": 46.685266202212809, "occurrences_today": 3, "datetimes_today": "2026-06-19 00:01:38, 2026-06-19 00:16:36, 2026-06-19 00:31:15", "cumulative_total": 44.0 }, "geometry": { "type": "Polygon", "coordinates": [ [ [ -70.391696743221118, 46.68008729720205 ], [ -70.397993093271097, 46.682939605800698 ], [ -70.397552316871398, 46.688118554137809 ], [ -70.390813952806297, 46.690445099303034 ], [ -70.384517166941436, 46.687592379250113 ], [ -70.384959180914507, 46.682413525552072 ], [ -70.391696743221118, 46.68008729720205 ] ] ] } },
{ "type": "Feature", "properties": { "hex_id": 868260, "centroid_lon": -70.389930674298398, "centroid_lat": 46.700802869717343, "occurrences_today": 3, "datetimes_today": "2026-06-19 00:01:38, 2026-06-19 00:16:36, 2026-06-19 00:31:15", "cumulative_total": 44.0 }, "geometry": { "type": "Polygon", "coordinates": [ [ [ -70.390372374585013, 46.695623988471588 ], [ -70.396670398531739, 46.698476427074461 ], [ -70.39622925650778, 46.703655351671735 ], [ -70.38948885190436, 46.705981743039175 ], [ -70.383190391823433, 46.703128892759331 ], [ -70.383632772438034, 46.697950062854865 ], [ -70.390372374585013, 46.695623988471588 ] ] ] } },
{ "type": "Feature", "properties": { "hex_id": 868869, "centroid_lon": -70.385401072757972, "centroid_lat": 46.67723466392512, "occurrences_today": 3, "datetimes_today": "2026-06-19 00:01:38, 2026-06-19 00:16:36, 2026-06-19 00:31:15", "cumulative_total": 44.0 }, "geometry": { "type": "Polygon", "coordinates": [ [ [ -70.385842842513895, 46.672055794370365 ], [ -70.39213795549874, 46.67490838427188 ], [ -70.391696743221118, 46.68008729720205 ], [ -70.384959180914507, 46.682413525552072 ], [ -70.378663632559935, 46.679560524261582 ], [ -70.379106081839623, 46.674381706075835 ], [ -70.385842842513895, 46.672055794370365 ] ] ] } },
{ "type": "Feature", "properties": { "hex_id": 868870, "centroid_lon": -70.384075030796652, "centroid_lat": 46.692771225018092, "occurrences_today": 3, "datetimes_today": "2026-06-19 00:01:38, 2026-06-19 00:16:36, 2026-06-19 00:31:15", "cumulative_total": 44.0 }, "geometry": { "type": "Polygon", "coordinates": [ [ [ -70.384517166941436, 46.687592379250113 ], [ -70.390813952806297, 46.690445099303034 ], [ -70.390372374585013, 46.695623988471588 ], [ -70.383632772438034, 46.697950062854865 ], [ -70.377335550884553, 46.695096931190328 ], [ -70.377778367124563, 46.689918136819955 ], [ -70.384517166941436, 46.687592379250113 ] ] ] } },
{ "type": "Feature", "properties": { "hex_id": 868871, "centroid_lon": -70.382747888910728, "centroid_lat": 46.708307714730317, "occurrences_today": 3, "datetimes_today": "2026-06-19 00:01:38, 2026-06-19 00:16:36, 2026-06-19 00:31:15", "cumulative_total": 45.0 }, "geometry": { "type": "Polygon", "coordinates": [ [ [ -70.383190391823433, 46.703128892759331 ], [ -70.38948885190436, 46.705981743039175 ], [ -70.389046907360779, 46.711160608435925 ], [ -70.382305263657713, 46.713486528766694 ], [ -70.376006367569062, 46.71063326665243 ], [ -70.376449551149037, 46.705454496107691 ], [ -70.383190391823433, 46.703128892759331 ] ] ] } },
{ "type": "Feature", "properties": { "hex_id": 869480, "centroid_lon": -70.378221061002307, "centroid_lat": 46.684739334509999, "occurrences_today": 3, "datetimes_today": "2026-06-19 00:01:38, 2026-06-19 00:16:36, 2026-06-19 00:31:15", "cumulative_total": 44.0 }, "geometry": { "type": "Polygon", "coordinates": [ [ [ -70.378663632559935, 46.679560524261582 ], [ -70.384959180914507, 46.682413525552072 ], [ -70.384517166941436, 46.687592379250113 ], [ -70.377778367124563, 46.689918136819955 ], [ -70.371482383526597, 46.687064723983198 ], [ -70.371925634946749, 46.681885965188656 ], [ -70.378663632559935, 46.679560524261582 ] ] ] } },
{ "type": "Feature", "properties": { "hex_id": 869481, "centroid_lon": -70.376892612240127, "centroid_lat": 46.700275717619945, "occurrences_today": 3, "datetimes_today": "2026-06-19 00:01:38, 2026-06-19 00:16:36, 2026-06-19 00:31:15", "cumulative_total": 43.0 }, "geometry": { "type": "Polygon", "coordinates": [ [ [ -70.377335550884553, 46.695096931190328 ], [ -70.383632772438034, 46.697950062854865 ], [ -70.383190391823433, 46.703128892759331 ], [ -70.376449551149037, 46.705454496107691 ], [ -70.370151894033469, 46.702600952674146 ], [ -70.370595513112207, 46.697422217727073 ], [ -70.377335550884553, 46.695096931190328 ] ] ] } },
{ "type": "Feature", "properties": { "hex_id": 869482, "centroid_lon": -70.375563061457953, "centroid_lat": 46.715812029252994, "occurrences_today": 3, "datetimes_today": "2026-06-19 00:01:38, 2026-06-19 00:16:36, 2026-06-19 00:31:15", "cumulative_total": 71.0 }, "geometry": { "type": "Polygon", "coordinates": [ [ [ -70.376006367569062, 46.71063326665243 ], [ -70.382305263657713, 46.713486528766694 ], [ -70.381862516022196, 46.718665334867325 ], [ -70.375119632773476, 46.72099078390827 ], [ -70.36882030080379, 46.718137109802122 ], [ -70.369264287921567, 46.712958398712814 ], [ -70.376006367569062, 46.71063326665243 ] ] ] } },
{ "type": "Feature", "properties": { "hex_id": 870090, "centroid_lon": -70.372368763898479, "centroid_lat": 46.676707198447275, "occurrences_today": 3, "datetimes_today": "2026-06-19 00:01:38, 2026-06-19 00:16:36, 2026-06-19 00:31:15", "cumulative_total": 44.0 }, "geometry": { "type": "Polygon", "coordinates": [ [ [ -70.372811770423993, 46.671528423760137 ], [ -70.379106081839623, 46.674381706075835 ], [ -70.378663632559935, 46.679560524261582 ], [ -70.371925634946749, 46.681885965188656 ], [ -70.365630888732582, 46.679032271392082 ], [ -70.366074574887961, 46.673853548215092 ], [ -70.372811770423993, 46.671528423760137 ] ] ] } },
{ "type": "Feature", "properties": { "hex_id": 870091, "centroid_lon": -70.371039009595819, "centroid_lat": 46.692243474829702, "occurrences_today": 3, "datetimes_today": "2026-06-19 00:01:38, 2026-06-19 00:16:36, 2026-06-19 00:31:15", "cumulative_total": 43.0 }, "geometry": { "type": "Polygon", "coordinates": [ [ [ -70.371482383526597, 46.687064723983198 ], [ -70.377778367124563, 46.689918136819955 ], [ -70.377335550884553, 46.695096931190328 ], [ -70.370595513112207, 46.697422217727073 ], [ -70.364299094397438, 46.694568393186735 ], [ -70.364743148529584, 46.689389693879036 ], [ -70.371482383526597, 46.687064723983198 ] ] ] } },
{ "type": "Feature", "properties": { "hex_id": 870092, "centroid_lon": -70.369708152317358, "centroid_lat": 46.70777967966977, "occurrences_today": 3, "datetimes_today": "2026-06-19 00:01:38, 2026-06-19 00:16:36, 2026-06-19 00:31:15", "cumulative_total": 30.0 }, "geometry": { "type": "Polygon", "coordinates": [ [ [ -70.370151894033469, 46.702600952674146 ], [ -70.376449551149037, 46.705454496107691 ], [ -70.376006367569062, 46.71063326665243 ], [ -70.369264287921567, 46.712958398712814 ], [ -70.362966195370703, 46.710104443352854 ], [ -70.363410617860325, 46.704925767924799 ], [ -70.370151894033469, 46.702600952674146 ] ] ] } },
{ "type": "Feature", "properties": { "hex_id": 870093, "centroid_lon": -70.36837619092168, "centroid_lat": 46.723315812936569, "occurrences_today": 3, "datetimes_today": "2026-06-19 00:01:38, 2026-06-19 00:16:36, 2026-06-19 00:31:15", "cumulative_total": 45.0 }, "geometry": { "type": "Polygon", "coordinates": [ [ [ -70.36882030080379, 46.718137109802122 ], [ -70.375119632773476, 46.72099078390827 ], [ -70.374676081473311, 46.726169530617106 ], [ -70.367931958232887, 46.728494508115006 ], [ -70.361632190509113, 46.725640421859516 ], [ -70.362076981737474, 46.720461770321364 ], [ -70.36882030080379, 46.718137109802122 ] ] ] } },
{ "type": "Feature", "properties": { "hex_id": 870701, "centroid_lon": -70.365187079960549, "centroid_lat": 46.68421098661377, "occurrences_today": 3, "datetimes_today": "2026-06-19 00:01:38, 2026-06-19 00:16:36, 2026-06-19 00:31:15", "cumulative_total": 43.0 }, "geometry": { "type": "Polygon", "coordinates": [ [ [ -70.365630888732582, 46.679032271392082 ], [ -70.371925634946749, 46.681885965188656 ], [ -70.371482383526597, 46.687064723983198 ], [ -70.364743148529584, 46.689389693879036 ], [ -70.358447967643599, 46.686535588444315 ], [ -70.358892456384169, 46.681356924817685 ], [ -70.365630888732582, 46.679032271392082 ] ] ] } },
{ "type": "Feature", "properties": { "hex_id": 870702, "centroid_lon": -70.363854917521792, "centroid_lat": 46.699747084535687, "occurrences_today": 3, "datetimes_today": "2026-06-19 00:01:38, 2026-06-19 00:16:36, 2026-06-19 00:31:15", "cumulative_total": 30.0 }, "geometry": { "type": "Polygon", "coordinates": [ [ [ -70.364299094397438, 46.694568393186735 ], [ -70.370595513112207, 46.697422217727073 ], [ -70.370151894033469, 46.702600952674146 ], [ -70.363410617860325, 46.704925767924799 ], [ -70.357113764155628, 46.702071531523536 ], [ -70.357558621571684, 46.696892891798392 ], [ -70.364299094397438, 46.694568393186735 ] ] ] } },
{ "type": "Feature", "properties": { "hex_id": 870703, "centroid_lon": -70.362521650010535, "centroid_lat": 46.715283110818767, "occurrences_today": 3, "datetimes_today": "2026-06-19 00:01:38, 2026-06-19 00:16:36, 2026-06-19 00:31:15", "cumulative_total": 30.0 }, "geometry": { "type": "Polygon", "coordinates": [ [ [ -70.362966195370703, 46.710104443352854 ], [ -70.369264287921567, 46.712958398712814 ], [ -70.36882030080379, 46.718137109802122 ], [ -70.362076981737474, 46.720461770321364 ], [ -70.35577845387833, 46.717607402877611 ], [ -70.356223680351377, 46.712428787064304 ], [ -70.362966195370703, 46.710104443352854 ] ] ] } },
{ "type": "Feature", "properties": { "hex_id": 871311, "centroid_lon": -70.359336822317616, "centroid_lat": 46.676178253226198, "occurrences_today": 3, "datetimes_today": "2026-06-19 00:01:38, 2026-06-19 00:16:36, 2026-06-19 00:31:15", "cumulative_total": 43.0 }, "geometry": { "type": "Polygon", "coordinates": [ [ [ -70.359781065486203, 46.67099957367099 ], [ -70.366074574887961, 46.673853548215092 ], [ -70.365630888732582, 46.679032271392082 ], [ -70.358892456384169, 46.681356924817685 ], [ -70.352598512755193, 46.678502538700904 ], [ -70.353043435659544, 46.673323910796967 ], [ -70.359781065486203, 46.67099957367099 ] ] ] } },
{ "type": "Feature", "properties": { "hex_id": 871312, "centroid_lon": -70.358003356053544, "centroid_lat": 46.691714244104929, "occurrences_today": 3, "datetimes_today": "2026-06-19 00:01:38, 2026-06-19 00:16:36, 2026-06-19 00:31:15", "cumulative_total": 30.0 }, "geometry": { "type": "Polygon", "coordinates": [ [ [ -70.358447967643599, 46.686535588444315 ], [ -70.364743148529584, 46.689389693879036 ], [ -70.364299094397438, 46.694568393186735 ], [ -70.357558621571684, 46.696892891798392 ], [ -70.351263006140798, 46.694038374568272 ], [ -70.351708298038204, 46.688859770587705 ], [ -70.358447967643599, 46.686535588444315 ] ] ] } },
{ "type": "Feature", "properties": { "hex_id": 871313, "centroid_lon": -70.356668783762984, "centroid_lat": 46.707250163279227, "occurrences_today": 3, "datetimes_today": "2026-06-19 00:01:38, 2026-06-19 00:16:36, 2026-06-19 00:31:15", "cumulative_total": 30.0 }, "geometry": { "type": "Polygon", "coordinates": [ [ [ -70.357113764155628, 46.702071531523536 ], [ -70.363410617860325, 46.704925767924799 ], [ -70.362966195370703, 46.710104443352854 ], [ -70.356223680351377, 46.712428787064304 ], [ -70.349926391783868, 46.709574138644811 ], [ -70.350372053056077, 46.70439555859798 ], [ -70.357113764155628, 46.702071531523536 ] ] ] } },
{ "type": "Feature", "properties": { "hex_id": 871314, "centroid_lon": -70.355333104301437, "centroid_lat": 46.722786010718004, "occurrences_today": 3, "datetimes_today": "2026-06-19 00:01:38, 2026-06-19 00:16:36, 2026-06-19 00:31:15", "cumulative_total": 30.0 }, "geometry": { "type": "Polygon", "coordinates": [ [ [ -70.35577845387833, 46.717607402877611 ], [ -70.362076981737474, 46.720461770321364 ], [ -70.361632190509113, 46.725640421859516 ], [ -70.354887631578194, 46.727964610584351 ], [ -70.348588668538099, 46.725109830899349 ], [ -70.349034699567383, 46.719931274796643 ], [ -70.35577845387833, 46.717607402877611 ] ] ] } },
{ "type": "Feature", "properties": { "hex_id": 871922, "centroid_lon": -70.35215346689553, "centroid_lat": 46.683681158631536, "occurrences_today": 3, "datetimes_today": "2026-06-19 00:01:38, 2026-06-19 00:16:36, 2026-06-19 00:31:15", "cumulative_total": 43.0 }, "geometry": { "type": "Polygon", "coordinates": [ [ [ -70.352598512755193, 46.678502538700904 ], [ -70.358892456384169, 46.681356924817685 ], [ -70.358447967643599, 46.686535588444315 ], [ -70.351708298038204, 46.688859770587705 ], [ -70.345413920308999, 46.686004972741053 ], [ -70.345859646243028, 46.680826404546671 ], [ -70.352598512755193, 46.678502538700904 ] ] ] } },
{ "type": "Feature", "properties": { "hex_id": 871923, "centroid_lon": -70.35081759116089, "centroid_lat": 46.699216970572081, "occurrences_today": 3, "datetimes_today": "2026-06-19 00:01:38, 2026-06-19 00:16:36, 2026-06-19 00:31:15", "cumulative_total": 30.0 }, "geometry": { "type": "Polygon", "coordinates": [ [ [ -70.351263006140798, 46.694038374568272 ], [ -70.357558621571684, 46.696892891798392 ], [ -70.357113764155628, 46.702071531523536 ], [ -70.350372053056077, 46.70439555859798 ], [ -70.344076003207491, 46.701540629415199 ], [ -70.344522098833707, 46.69636208517646 ], [ -70.351263006140798, 46.694038374568272 ] ] ] } },
{ "type": "Feature", "properties": { "hex_id": 871924, "centroid_lon": -70.349480607301814, "centroid_lat": 46.714752710711409, "occurrences_today": 3, "datetimes_today": "2026-06-19 00:01:38, 2026-06-19 00:16:36, 2026-06-19 00:31:15", "cumulative_total": 30.0 }, "geometry": { "type": "Polygon", "coordinates": [ [ [ -70.349926391783868, 46.709574138644811 ], [ -70.356223680351377, 46.712428787064304 ], [ -70.35577845387833, 46.717607402877611 ], [ -70.349034699567383, 46.719931274796643 ], [ -70.342736976264476, 46.717076214201541 ], [ -70.343183441965408, 46.711897693928897 ], [ -70.349926391783868, 46.709574138644811 ] ] ] } },
{ "type": "Feature", "properties": { "hex_id": 872532, "centroid_lon": -70.346305249031232, "centroid_lat": 46.675647828369392, "occurrences_today": 3, "datetimes_today": "2026-06-19 00:01:38, 2026-06-19 00:16:36, 2026-06-19 00:31:15", "cumulative_total": 43.0 }, "geometry": { "type": "Polygon", "coordinates": [ [ [ -70.346750728716046, 46.670469244210352 ], [ -70.353043435659544, 46.673323910796967 ], [ -70.352598512755193, 46.678502538700904 ], [ -70.345859646243028, 46.680826404546671 ], [ -70.339566505643674, 46.677971326295719 ], [ -70.340012665169937, 46.672792793929091 ], [ -70.346750728716046, 46.670469244210352 ] ] ] } },
{ "type": "Feature", "properties": { "hex_id": 872533, "centroid_lon": -70.344968071186713, "centroid_lat": 46.691183532951371, "occurrences_today": 3, "datetimes_today": "2026-06-19 00:01:38, 2026-06-19 00:16:36, 2026-06-19 00:31:15", "cumulative_total": 30.0 }, "geometry": { "type": "Polygon", "coordinates": [ [ [ -70.345413920308999, 46.686004972741053 ], [ -70.351708298038204, 46.688859770587705 ], [ -70.351263006140798, 46.694038374568272 ], [ -70.344522098833707, 46.69636208517646 ], [ -70.338227287131588, 46.693506875442722 ], [ -70.338673816666997, 46.688328367053685 ], [ -70.345413920308999, 46.686004972741053 ] ] ] } },
{ "type": "Feature", "properties": { "hex_id": 872534, "centroid_lon": -70.343629784265559, "centroid_lat": 46.706719165666378, "occurrences_today": 3, "datetimes_today": "2026-06-19 00:01:38, 2026-06-19 00:16:36, 2026-06-19 00:31:15", "cumulative_total": 30.0 }, "geometry": { "type": "Polygon", "coordinates": [ [ [ -70.344076003207491, 46.701540629415199 ], [ -70.350372053056077, 46.70439555859798 ], [ -70.349926391783868, 46.709574138644811 ], [ -70.343183441965408, 46.711897693928897 ], [ -70.336886957826607, 46.709042352636118 ], [ -70.337333857753947, 46.703863868235103 ], [ -70.344076003207491, 46.701540629415199 ] ] ] } },
{ "type": "Feature", "properties": { "hex_id": 872535, "centroid_lon": -70.342290387120187, "centroid_lat": 46.7222547264832, "occurrences_today": 3, "datetimes_today": "2026-06-19 00:01:38, 2026-06-19 00:16:36, 2026-06-19 00:31:15", "cumulative_total": 30.0 }, "geometry": { "type": "Polygon", "coordinates": [ [ [ -70.342736976264476, 46.717076214201541 ], [ -70.349034699567383, 46.719931274796643 ], [ -70.348588668538099, 46.725109830899349 ], [ -70.341843674489979, 46.727433230772697 ], [ -70.335545516579302, 46.724577757844607 ], [ -70.33599278728191, 46.719399297442038 ], [ -70.342736976264476, 46.717076214201541 ] ] ] } },
{ "type": "Feature", "properties": { "hex_id": 873143, "centroid_lon": -70.339120222823524, "centroid_lat": 46.683149850670965, "occurrences_today": 3, "datetimes_today": "2026-06-19 00:01:38, 2026-06-19 00:16:36, 2026-06-19 00:31:15", "cumulative_total": 30.0 }, "geometry": { "type": "Polygon", "coordinates": [ [ [ -70.339566505643674, 46.677971326295719 ], [ -70.345859646243028, 46.680826404546671 ], [ -70.345413920308999, 46.686004972741053 ], [ -70.338673816666997, 46.688328367053685 ], [ -70.332380242539159, 46.685472876981251 ], [ -70.332827205539317, 46.680294404483433 ], [ -70.339566505643674, 46.677971326295719 ] ] ] } },
{ "type": "Feature", "properties": { "hex_id": 873144, "centroid_lon": -70.337780634174763, "centroid_lat": 46.698685375836909, "occurrences_today": 3, "datetimes_today": "2026-06-19 00:01:38, 2026-06-19 00:16:36, 2026-06-19 00:31:15", "cumulative_total": 30.0 }, "geometry": { "type": "Polygon", "coordinates": [ [ [ -70.338227287131588, 46.693506875442722 ], [ -70.344522098833707, 46.69636208517646 ], [ -70.344076003207491, 46.701540629415199 ], [ -70.337333857753947, 46.703863868235103 ], [ -70.33103861220647, 46.701008246457043 ], [ -70.331485945915333, 46.695829797969218 ], [ -70.338227287131588, 46.693506875442722 ] ] ] } },
{ "type": "Feature", "properties": { "hex_id": 873145, "centroid_lon": -70.336439934350125, "centroid_lat": 46.714220829038815, "occurrences_today": 3, "datetimes_today": "2026-06-19 00:01:38, 2026-06-19 00:16:36, 2026-06-19 00:31:15", "cumulative_total": 30.0 }, "geometry": { "type": "Polygon", "coordinates": [ [ [ -70.336886957826607, 46.709042352636118 ], [ -70.343183441965408, 46.711897693928897 ], [ -70.342736976264476, 46.717076214201541 ], [ -70.33599278728191, 46.719399297442038 ], [ -70.329695868980622, 46.716543543881983 ], [ -70.330143573781754, 46.711365119414602 ], [ -70.336886957826607, 46.709042352636118 ] ] ] } },
{ "type": "Feature", "properties": { "hex_id": 873754, "centroid_lon": -70.331933156012013, "centroid_lat": 46.69065134147688, "occurrences_today": 3, "datetimes_today": "2026-06-19 00:01:38, 2026-06-19 00:16:36, 2026-06-19 00:31:15", "cumulative_total": 30.0 }, "geometry": { "type": "Polygon", "coordinates": [ [ [ -70.332380242539159, 46.685472876981251 ], [ -70.338673816666997, 46.688328367053685 ], [ -70.338227287131588, 46.693506875442722 ], [ -70.331485945915333, 46.695829797969218 ], [ -70.325191938386624, 46.692973895918122 ], [ -70.325639705432465, 46.687795483384981 ], [ -70.332380242539159, 46.685472876981251 ] ] ] } },
{ "type": "Feature", "properties": { "hex_id": 873755, "centroid_lon": -70.330591154842821, "centroid_lat": 46.706186686939233, "occurrences_today": 3, "datetimes_today": "2026-06-19 00:01:38, 2026-06-19 00:16:36, 2026-06-19 00:31:15", "cumulative_total": 30.0 }, "geometry": { "type": "Polygon", "coordinates": [ [ [ -70.33103861220647, 46.701008246457043 ], [ -70.337333857753947, 46.703863868235103 ], [ -70.336886957826607, 46.709042352636118 ], [ -70.330143573781754, 46.711365119414602 ], [ -70.323847894516732, 46.708509085434976 ], [ -70.324296032971432, 46.703330696944285 ], [ -70.33103861220647, 46.701008246457043 ] ] ] } },
{ "type": "Feature", "properties": { "hex_id": 874365, "centroid_lon": -70.324744047580509, "centroid_lat": 46.698152300438274, "occurrences_today": 3, "datetimes_today": "2026-06-19 00:01:38, 2026-06-19 00:16:36, 2026-06-19 00:31:15", "cumulative_total": 30.0 }, "geometry": { "type": "Polygon", "coordinates": [ [ [ -70.325191938386624, 46.692973895918122 ], [ -70.331485945915333, 46.695829797969218 ], [ -70.33103861220647, 46.701008246457043 ], [ -70.324296032971432, 46.703330696944285 ], [ -70.318001592169765, 46.700474382757371 ], [ -70.318450163833418, 46.695296030284851 ], [ -70.325191938386624, 46.692973895918122 ] ] ] } },
{ "type": "Feature", "properties": { "hex_id": 874331, "centroid_lon": -70.369798656491341, "centroid_lat": 46.169913962949835, "occurrences_today": 3, "datetimes_today": "2026-06-19 00:01:38, 2026-06-19 00:16:36, 2026-06-19 00:31:15", "cumulative_total": 100.0 }, "geometry": { "type": "Polygon", "coordinates": [ [ [ -70.370234139938304, 46.16473474704047 ], [ -70.37647209339147, 46.167586208439687 ], [ -70.376037152172572, 46.172765467466682 ], [ -70.369363053489508, 46.175093170961901 ], [ -70.363124677383468, 46.172241304927908 ], [ -70.363560822572722, 46.167062140098068 ], [ -70.370234139938304, 46.16473474704047 ] ] ] } },
{ "type": "Feature", "properties": { "hex_id": 578780, "centroid_lon": -73.531086345758936, "centroid_lat": 45.178634377235525, "occurrences_today": 1, "datetimes_today": "2026-06-19 00:31:15", "cumulative_total": 20.0 }, "geometry": { "type": "Polygon", "coordinates": [ [ [ -73.531219939041236, 45.173438983633297 ], [ -73.537514528072322, 45.176118334209036 ], [ -73.5373814947705, 45.181313739993193 ], [ -73.530952716135431, 45.183829765781105 ], [ -73.524657603471113, 45.181150050020875 ], [ -73.524791793063002, 45.175954673720966 ], [ -73.531219939041236, 45.173438983633297 ] ] ] } },
{ "type": "Feature", "properties": { "hex_id": 700264, "centroid_lon": -72.269900839303077, "centroid_lat": 45.069685533694567, "occurrences_today": 3, "datetimes_today": "2026-06-19 00:01:38, 2026-06-19 00:16:36, 2026-06-19 00:31:15", "cumulative_total": 165.0 }, "geometry": { "type": "Polygon", "coordinates": [ [ [ -72.270148126614473, 45.064494238194293 ], [ -72.276368658882618, 45.067241473667714 ], [ -72.27612191102105, 45.072432793552373 ], [ -72.269653484861863, 45.074876823389062 ], [ -72.263432480284848, 45.072129212902674 ], [ -72.263680374153651, 45.066937947655688 ], [ -72.270148126614473, 45.064494238194293 ] ] ] } },
{ "type": "Feature", "properties": { "hex_id": 700875, "centroid_lon": -72.263184519120003, "centroid_lat": 45.077320472338798, "occurrences_today": 3, "datetimes_today": "2026-06-19 00:01:38, 2026-06-19 00:16:36, 2026-06-19 00:31:15", "cumulative_total": 200.0 }, "geometry": { "type": "Polygon", "coordinates": [ [ [ -72.263432480284848, 45.072129212902674 ], [ -72.269653484861863, 45.074876823389062 ], [ -72.269406063268576, 45.080068107277405 ], [ -72.262936490636847, 45.082511725963677 ], [ -72.256715013817754, 45.07976374031044 ], [ -72.256963581850144, 45.074572511200941 ], [ -72.263432480284848, 45.072129212902674 ] ] ] } },
{ "type": "Feature", "properties": { "hex_id": 704538, "centroid_lon": -72.225114003411562, "centroid_lat": 45.076401115425533, "occurrences_today": 3, "datetimes_today": "2026-06-19 00:01:38, 2026-06-19 00:16:36, 2026-06-19 00:31:15", "cumulative_total": 163.0 }, "geometry": { "type": "Polygon", "coordinates": [ [ [ -72.225365403126048, 45.071210021449311 ], [ -72.231584383917578, 45.073959661722924 ], [ -72.231333523208448, 45.079150780515917 ], [ -72.224862535448167, 45.081592203560838 ], [ -72.218643083911502, 45.078842187808171 ], [ -72.218895090857643, 45.073651124552775 ], [ -72.225365403126048, 45.071210021449311 ] ] ] } },
{ "type": "Feature", "properties": { "hex_id": 705149, "centroid_lon": -72.218391008550029, "centroid_lat": 45.084033245217462, "occurrences_today": 3, "datetimes_today": "2026-06-19 00:01:38, 2026-06-19 00:16:36, 2026-06-19 00:31:15", "cumulative_total": 40.0 }, "geometry": { "type": "Polygon", "coordinates": [ [ [ -72.218643083911502, 45.078842187808171 ], [ -72.224862535448167, 45.081592203560838 ], [ -72.224610999213212, 45.086783285854821 ], [ -72.218138864750543, 45.089224296780252 ], [ -72.211918942536713, 45.086473905394712 ], [ -72.21217162544005, 45.081282878779746 ], [ -72.218643083911502, 45.078842187808171 ] ] ] } },
{ "type": "Feature", "properties": { "hex_id": 790834, "centroid_lon": -71.096102751300421, "centroid_lat": 48.402831841911784, "occurrences_today": 1, "datetimes_today": "2026-06-19 00:01:38", "cumulative_total": 68.0 }, "geometry": { "type": "Polygon", "coordinates": [ [ [ -71.096499864783041, 48.397649743644379 ], [ -71.103040904334335, 48.400469605019481 ], [ -71.102644416027005, 48.405651741128509 ], [ -71.095705525240135, 48.408013933040245 ], [ -71.089163973111567, 48.405193641579082 ], [ -71.089561824306458, 48.400011588362958 ], [ -71.096499864783041, 48.397649743644379 ] ] ] } },
{ "type": "Feature", "properties": { "hex_id": 791444, "centroid_lon": -71.089959562752185, "centroid_lat": 48.394829527999946, "occurrences_today": 3, "datetimes_today": "2026-06-19 00:01:38, 2026-06-19 00:16:36, 2026-06-19 00:31:15", "cumulative_total": 40.0 }, "geometry": { "type": "Polygon", "coordinates": [ [ [ -71.09035718848952, 48.38964746049087 ], [ -71.096896865728667, 48.392467638238841 ], [ -71.096499864783041, 48.397649743644379 ], [ -71.089561824306458, 48.400011588362958 ], [ -71.083021635004371, 48.397190980594516 ], [ -71.08341999820108, 48.392008958198659 ], [ -71.09035718848952, 48.38964746049087 ] ] ] } },
{ "type": "Feature", "properties": { "hex_id": 792665, "centroid_lon": -71.076482183353406, "centroid_lat": 48.394370018718931, "occurrences_today": 3, "datetimes_today": "2026-06-19 00:01:38, 2026-06-19 00:16:36, 2026-06-19 00:31:15", "cumulative_total": 75.0 }, "geometry": { "type": "Polygon", "coordinates": [ [ [ -71.076881171088957, 48.389188034352962 ], [ -71.08341999820108, 48.392008958198659 ], [ -71.083021635004371, 48.397190980594516 ], [ -71.076083082525983, 48.399551995922096 ], [ -71.06954374398731, 48.396730641951279 ], [ -71.069943469312705, 48.391548702848702 ], [ -71.076881171088957, 48.389188034352962 ] ] ] } },
{ "type": "Feature", "properties": { "hex_id": 671012, "centroid_lon": -72.539461847088219, "centroid_lat": 45.886531833435221, "occurrences_today": 2, "datetimes_today": "2026-06-19 00:01:38, 2026-06-19 00:16:36", "cumulative_total": 255.0 }, "geometry": { "type": "Polygon", "coordinates": [ [ [ -72.539691170350139, 45.881340174219368 ], [ -72.546014382939475, 45.884074522935414 ], [ -72.545785626891714, 45.889266204285072 ], [ -72.539232460946138, 45.891723487021601 ], [ -72.532908744033463, 45.888988755142584 ], [ -72.5331386973684, 45.883797123755087 ], [ -72.539691170350139, 45.881340174219368 ] ] ] } },
{ "type": "Feature", "properties": { "hex_id": 1008727, "centroid_lon": -68.800229415185143, "centroid_lat": 47.436309003853872, "occurrences_today": 3, "datetimes_today": "2026-06-19 00:01:38, 2026-06-19 00:16:36, 2026-06-19 00:31:15", "cumulative_total": 65.0 }, "geometry": { "type": "Polygon", "coordinates": [ [ [ -68.800838360941498, 47.43114438371056 ], [ -68.807125724973758, 47.434084337150878 ], [ -68.806517331872342, 47.439249016263275 ], [ -68.799620299825776, 47.441473613367208 ], [ -68.793332552771275, 47.438533226585207 ], [ -68.79394222072618, 47.433368676107293 ], [ -68.800838360941498, 47.43114438371056 ] ] ] } },
{ "type": "Feature", "properties": { "hex_id": 1009337, "centroid_lon": -68.794551718933278, "centroid_lat": 47.428204114988084, "occurrences_today": 3, "datetimes_today": "2026-06-19 00:01:38, 2026-06-19 00:16:36, 2026-06-19 00:31:15", "cumulative_total": 65.0 }, "geometry": { "type": "Polygon", "coordinates": [ [ [ -68.795161047452027, 47.423039543229706 ], [ -68.801447137154256, 47.42597975293944 ], [ -68.800838360941498, 47.43114438371056 ], [ -68.79394222072618, 47.433368676107293 ], [ -68.787655748436023, 47.43042803313336 ], [ -68.788265798889725, 47.425263531093186 ], [ -68.795161047452027, 47.423039543229706 ] ] ] } },
{ "type": "Feature", "properties": { "hex_id": 1010558, "centroid_lon": -68.781369998255229, "centroid_lat": 47.427487075041775, "occurrences_today": 3, "datetimes_today": "2026-06-19 00:01:38, 2026-06-19 00:16:36, 2026-06-19 00:31:15", "cumulative_total": 65.0 }, "geometry": { "type": "Polygon", "coordinates": [ [ [ -68.781980600751382, 47.422322632135604 ], [ -68.788265798889725, 47.425263531093186 ], [ -68.787655748436023, 47.43042803313336 ], [ -68.780759225721923, 47.432651507283857 ], [ -68.774473645608055, 47.429710174984073 ], [ -68.775084970124283, 47.424545801942273 ], [ -68.781980600751382, 47.422322632135604 ] ] ] } },
{ "type": "Feature", "properties": { "hex_id": 1011168, "centroid_lon": -68.775696124458776, "centroid_lat": 47.419381418225036, "occurrences_today": 3, "datetimes_today": "2026-06-19 00:01:38, 2026-06-19 00:16:36, 2026-06-19 00:31:15", "cumulative_total": 65.0 }, "geometry": { "type": "Polygon", "coordinates": [ [ [ -68.776307108671091, 47.414217023834532 ], [ -68.782591033269881, 47.417158178567554 ], [ -68.781980600751382, 47.422322632135604 ], [ -68.775084970124283, 47.424545801942273 ], [ -68.768800663983626, 47.421604213944597 ], [ -68.769412369952391, 47.416439889471206 ], [ -68.776307108671091, 47.414217023834532 ] ] ] } },
{ "type": "Feature", "properties": { "hex_id": 624648, "centroid_lon": -73.009873424564162, "centroid_lat": 46.425722576581606, "occurrences_today": 3, "datetimes_today": "2026-06-19 00:01:38, 2026-06-19 00:16:36, 2026-06-19 00:31:15", "cumulative_total": 14.0 }, "geometry": { "type": "Polygon", "coordinates": [ [ [ -73.010062446089535, 46.42052975011962 ], [ -73.016471061809085, 46.423239181694484 ], [ -73.016282630973663, 46.428432025866748 ], [ -73.0096843508354, 46.430915397712454 ], [ -73.003275196638256, 46.428205580125038 ], [ -73.003464861039035, 46.423012776770967 ], [ -73.010062446089535, 46.42052975011962 ] ] ] } },
{ "type": "Feature", "properties": { "hex_id": 475645, "centroid_lon": -74.602188197329085, "centroid_lat": 45.803211206848893, "occurrences_today": 1, "datetimes_today": "2026-06-19 00:01:38", "cumulative_total": 77.0 }, "geometry": { "type": "Polygon", "coordinates": [ [ [ -74.602225177040651, 45.798014798836483 ], [ -74.608640717599471, 45.800635222152486 ], [ -74.608604330984576, 45.805831631784926 ], [ -74.602151207479082, 45.808407610091152 ], [ -74.595735083963731, 45.805786823994723 ], [ -74.595772666906996, 45.8005904224378 ], [ -74.602225177040651, 45.798014798836483 ] ] ] } },
{ "type": "Feature", "properties": { "hex_id": 476256, "centroid_lon": -74.595697490716319, "centroid_lat": 45.81098322078072, "occurrences_today": 1, "datetimes_today": "2026-06-19 00:01:38", "cumulative_total": 77.0 }, "geometry": { "type": "Polygon", "coordinates": [ [ [ -74.595735083963731, 45.805786823994723 ], [ -74.602151207479082, 45.808407610091152 ], [ -74.602114207487205, 45.813604008563239 ], [ -74.595659887161275, 45.816179612795843 ], [ -74.589243180699768, 45.81355846375628 ], [ -74.58928137750685, 45.808362073492582 ], [ -74.595735083963731, 45.805786823994723 ] ] ] } },
{ "type": "Feature", "properties": { "hex_id": 476866, "centroid_lon": -74.589319563844029, "centroid_lat": 45.803165678457212, "occurrences_today": 1, "datetimes_today": "2026-06-19 00:01:38", "cumulative_total": 77.0 }, "geometry": { "type": "Polygon", "coordinates": [ [ [ -74.58935773971487, 45.797969278650172 ], [ -74.595772666906996, 45.8005904224378 ], [ -74.595735083963731, 45.805786823994723 ], [ -74.58928137750685, 45.808362073492582 ], [ -74.58286586785529, 45.80574056679734 ], [ -74.582904647116493, 45.800544173577144 ], [ -74.58935773971487, 45.797969278650172 ] ] ] } },
{ "type": "Feature", "properties": { "hex_id": 498843, "centroid_lon": -74.357869548250534, "centroid_lat": 45.786509715331903, "occurrences_today": 3, "datetimes_today": "2026-06-19 00:01:38, 2026-06-19 00:16:36, 2026-06-19 00:31:15", "cumulative_total": 216.0 }, "geometry": { "type": "Polygon", "coordinates": [ [ [ -74.357929203779094, 45.781313493458732 ], [ -74.364331238752371, 45.783947570242859 ], [ -74.364272172595889, 45.789143796195134 ], [ -74.357809876370695, 45.791705932397882 ], [ -74.351407268379376, 45.789071490634882 ], [ -74.351467529625765, 45.783875277713257 ], [ -74.357929203779094, 45.781313493458732 ] ] ] } },
{ "type": "Feature", "properties": { "hex_id": 498844, "centroid_lon": -74.357690483535023, "centroid_lat": 45.802098352108281, "occurrences_today": 3, "datetimes_today": "2026-06-19 00:01:38, 2026-06-19 00:16:36, 2026-06-19 00:31:15", "cumulative_total": 247.0 }, "geometry": { "type": "Polygon", "coordinates": [ [ [ -74.357750188134034, 45.79690214465667 ], [ -74.364153991706601, 45.799536233681721 ], [ -74.364094876962824, 45.804732445216047 ], [ -74.357630762568135, 45.807294554752758 ], [ -74.351226385510984, 45.804660100549427 ], [ -74.351286696327563, 45.799463902052956 ], [ -74.357750188134034, 45.79690214465667 ] ] ] } },
{ "type": "Feature", "properties": { "hex_id": 499453, "centroid_lon": -74.351527774359923, "centroid_lat": 45.77867905998324, "occurrences_today": 3, "datetimes_today": "2026-06-19 00:01:38, 2026-06-19 00:16:36, 2026-06-19 00:31:15", "cumulative_total": 150.0 }, "geometry": { "type": "Polygon", "coordinates": [ [ [ -74.351588002587462, 45.773482837444803 ], [ -74.357988842961888, 45.776117266778371 ], [ -74.357929203779094, 45.781313493458732 ], [ -74.351467529625765, 45.783875277713257 ], [ -74.34506611671604, 45.781240483438005 ], [ -74.345126950489345, 45.776044269915161 ], [ -74.351588002587462, 45.773482837444803 ] ] ] } },
{ "type": "Feature", "properties": { "hex_id": 499454, "centroid_lon": -74.35134699061517, "centroid_lat": 45.794267698748108, "occurrences_today": 3, "datetimes_today": "2026-06-19 00:01:38, 2026-06-19 00:16:36, 2026-06-19 00:31:15", "cumulative_total": 233.0 }, "geometry": { "type": "Polygon", "coordinates": [ [ [ -74.351407268379376, 45.789071490634882 ], [ -74.357809876370695, 45.791705932397882 ], [ -74.357750188134034, 45.79690214465667 ], [ -74.351286696327563, 45.799463902052956 ], [ -74.344883515334899, 45.796829095148873 ], [ -74.344944399144467, 45.791632896054857 ], [ -74.351407268379376, 45.789071490634882 ] ] ] } },
{ "type": "Feature", "properties": { "hex_id": 500064, "centroid_lon": -74.345005266269624, "centroid_lat": 45.786436692151241, "occurrences_today": 3, "datetimes_today": "2026-06-19 00:01:38, 2026-06-19 00:16:36, 2026-06-19 00:31:15", "cumulative_total": 150.0 }, "geometry": { "type": "Polygon", "coordinates": [ [ [ -74.34506611671604, 45.781240483438005 ], [ -74.351467529625765, 45.783875277713257 ], [ -74.351407268379376, 45.789071490634882 ], [ -74.344944399144467, 45.791632896054857 ], [ -74.338542413716283, 45.788997736675711 ], [ -74.33860387003584, 45.783801537045726 ], [ -74.34506611671604, 45.781240483438005 ] ] ] } },
{ "type": "Feature", "properties": { "hex_id": 500065, "centroid_lon": -74.344822614835309, "centroid_lat": 45.802025289433267, "occurrences_today": 3, "datetimes_today": "2026-06-19 00:01:38, 2026-06-19 00:16:36, 2026-06-19 00:31:15", "cumulative_total": 244.0 }, "geometry": { "type": "Polygon", "coordinates": [ [ [ -74.344883515334899, 45.796829095148873 ], [ -74.351286696327563, 45.799463902052956 ], [ -74.351226385510984, 45.804660100549427 ], [ -74.344761697640038, 45.80722147890809 ], [ -74.338357943662871, 45.804586306700621 ], [ -74.338419450535497, 45.799390121503144 ], [ -74.344883515334899, 45.796829095148873 ] ] ] } },
{ "type": "Feature", "properties": { "hex_id": 500675, "centroid_lon": -74.338480940551406, "centroid_lat": 45.794193931494846, "occurrences_today": 3, "datetimes_today": "2026-06-19 00:01:38, 2026-06-19 00:16:36, 2026-06-19 00:31:15", "cumulative_total": 216.0 }, "geometry": { "type": "Polygon", "coordinates": [ [ [ -74.338542413716283, 45.788997736675711 ], [ -74.344944399144467, 45.791632896054857 ], [ -74.344883515334899, 45.796829095148873 ], [ -74.338419450535497, 45.799390121503144 ], [ -74.332016892605864, 45.79675459685788 ], [ -74.332078971971399, 45.791558411189733 ], [ -74.338542413716283, 45.788997736675711 ] ] ] } },
{ "type": "Feature", "properties": { "hex_id": 506165, "centroid_lon": -74.281485316776468, "centroid_lat": 45.723695866359378, "occurrences_today": 3, "datetimes_today": "2026-06-19 00:01:38, 2026-06-19 00:16:36, 2026-06-19 00:31:15", "cumulative_total": 155.0 }, "geometry": { "type": "Polygon", "coordinates": [ [ [ -74.281551922242642, 45.718499669490484 ], [ -74.287943170060714, 45.72113799100304 ], [ -74.287877151008388, 45.72633419271029 ], [ -74.281418693068474, 45.728892058405798 ], [ -74.275026877081459, 45.726253371963999 ], [ -74.275094087197147, 45.721057184821049 ], [ -74.281551922242642, 45.718499669490484 ] ] ] } },
{ "type": "Feature", "properties": { "hex_id": 507386, "centroid_lon": -74.268635665906999, "centroid_lat": 45.723614330369678, "occurrences_today": 3, "datetimes_today": "2026-06-19 00:01:38, 2026-06-19 00:16:36, 2026-06-19 00:31:15", "cumulative_total": 135.0 }, "geometry": { "type": "Polygon", "coordinates": [ [ [ -74.268703462264227, 45.718418148193933 ], [ -74.275094087197147, 45.721057184821049 ], [ -74.275026877081459, 45.726253371963999 ], [ -74.268567850981881, 45.728810507720247 ], [ -74.262176658378479, 45.726171106039786 ], [ -74.262245059538884, 45.720974933721521 ], [ -74.268703462264227, 45.718418148193933 ] ] ] } },
{ "type": "Feature", "properties": { "hex_id": 508607, "centroid_lon": -74.255786070741308, "centroid_lat": 45.723531349340433, "occurrences_today": 3, "datetimes_today": "2026-06-19 00:01:38, 2026-06-19 00:16:36, 2026-06-19 00:31:15", "cumulative_total": 135.0 }, "geometry": { "type": "Polygon", "coordinates": [ [ [ -74.255855057970777, 45.718335182118189 ], [ -74.262245059538884, 45.720974933721521 ], [ -74.262176658378479, 45.726171106039786 ], [ -74.255717064617855, 45.728727511734746 ], [ -74.249326495877867, 45.72608739495405 ], [ -74.249396088064017, 45.72089123772087 ], [ -74.255855057970777, 45.718335182118189 ] ] ] } },
{ "type": "Feature", "properties": { "hex_id": 511662, "centroid_lon": -74.223121971818784, "centroid_lat": 45.762288385957838, "occurrences_today": 3, "datetimes_today": "2026-06-19 00:01:38, 2026-06-19 00:16:36, 2026-06-19 00:31:15", "cumulative_total": 281.0 }, "geometry": { "type": "Polygon", "coordinates": [ [ [ -74.22319408412551, 45.757092293521126 ], [ -74.229586921358944, 45.75973387262858 ], [ -74.229515395888654, 45.764929970494045 ], [ -74.223049839752917, 45.767484473559492 ], [ -74.216656435445529, 45.764842528465806 ], [ -74.216729154341166, 45.75964644635809 ], [ -74.22319408412551, 45.757092293521126 ] ] ] } },
{ "type": "Feature", "properties": { "hex_id": 876159, "centroid_lon": -70.355016806536412, "centroid_lat": 46.114745478791413, "occurrences_today": 3, "datetimes_today": "2026-06-19 00:01:38, 2026-06-19 00:16:36, 2026-06-19 00:31:15", "cumulative_total": 88.0 }, "geometry": { "type": "Polygon", "coordinates": [ [ [ -70.355452837531757, 46.109566321327399 ], [ -70.361683937726738, 46.112418348037657 ], [ -70.361248447120019, 46.117597548714762 ], [ -70.354580655922419, 46.119924628343746 ], [ -70.348349134977795, 46.117072197626797 ], [ -70.3487858259398, 46.111893091352044 ], [ -70.355452837531757, 46.109566321327399 ] ] ] } },
{ "type": "Feature", "properties": { "hex_id": 797551, "centroid_lon": -71.020147054446142, "centroid_lat": 48.423605970442608, "occurrences_today": 3, "datetimes_today": "2026-06-19 00:01:38, 2026-06-19 00:16:36, 2026-06-19 00:31:15", "cumulative_total": 120.0 }, "geometry": { "type": "Polygon", "coordinates": [ [ [ -71.020552177316858, 48.418424364879328 ], [ -71.02709134250513, 48.42124850270455 ], [ -71.026686844186457, 48.426430146879433 ], [ -71.019741816701512, 48.428787568770375 ], [ -71.013202141855885, 48.425962999930256 ], [ -71.013608004111035, 48.420781440284799 ], [ -71.020552177316858, 48.418424364879328 ] ] ] } },
{ "type": "Feature", "properties": { "hex_id": 787780, "centroid_lon": -71.131574007619491, "centroid_lat": 48.380651635451557, "occurrences_today": 1, "datetimes_today": "2026-06-19 00:01:38", "cumulative_total": 17.0 }, "geometry": { "type": "Polygon", "coordinates": [ [ [ -71.131967212199555, 48.375469298931222 ], [ -71.138507561116157, 48.378287124801076 ], [ -71.138114981570538, 48.383469498793758 ], [ -71.131180691602623, 48.385833964878174 ], [ -71.124639829108517, 48.383015709538348 ], [ -71.125033770119572, 48.377833417654749 ], [ -71.131967212199555, 48.375469298931222 ] ] ] } },
{ "type": "Feature", "properties": { "hex_id": 787781, "centroid_lon": -71.130393725097363, "centroid_lat": 48.396198602447022, "occurrences_today": 1, "datetimes_today": "2026-06-19 00:01:38", "cumulative_total": 99.0 }, "geometry": { "type": "Polygon", "coordinates": [ [ [ -71.130787264108676, 48.391016287210263 ], [ -71.137329488643275, 48.393834225520706 ], [ -71.136936575181181, 48.399016578253352 ], [ -71.130000074528368, 48.401380910587619 ], [ -71.123457336022383, 48.398562542571504 ], [ -71.123851612100282, 48.39338027199755 ], [ -71.130787264108676, 48.391016287210263 ] ] ] } },
{ "type": "Feature", "properties": { "hex_id": 788390, "centroid_lon": -71.125427599522354, "centroid_lat": 48.372651118669552, "occurrences_today": 1, "datetimes_today": "2026-06-19 00:01:38", "cumulative_total": 20.0 }, "geometry": { "type": "Polygon", "coordinates": [ [ [ -71.125821317357179, 48.367468812583617 ], [ -71.13236030538306, 48.370286955317987 ], [ -71.131967212199555, 48.375469298931222 ], [ -71.125033770119572, 48.377833417654749 ], [ -71.118494269030492, 48.375014845515679 ], [ -71.118888723044293, 48.369832584128439 ], [ -71.125821317357179, 48.367468812583617 ] ] ] } },
{ "type": "Feature", "properties": { "hex_id": 788391, "centroid_lon": -71.124245776448873, "centroid_lat": 48.388197994319547, "occurrences_today": 1, "datetimes_today": "2026-06-19 00:01:38", "cumulative_total": 58.0 }, "geometry": { "type": "Polygon", "coordinates": [ [ [ -71.124639829108517, 48.383015709538348 ], [ -71.131180691602623, 48.385833964878174 ], [ -71.130787264108676, 48.391016287210263 ], [ -71.123851612100282, 48.39338027199755 ], [ -71.117310236149606, 48.390561587017345 ], [ -71.117705025623536, 48.385379346960953 ], [ -71.124639829108517, 48.383015709538348 ] ] ] } },
{ "type": "Feature", "properties": { "hex_id": 788392, "centroid_lon": -71.123062948174777, "centroid_lat": 48.403744806040613, "occurrences_today": 1, "datetimes_today": "2026-06-19 00:01:38", "cumulative_total": 11.0 }, "geometry": { "type": "Polygon", "coordinates": [ [ [ -71.123457336022383, 48.398562542571504 ], [ -71.130000074528368, 48.401380910587619 ], [ -71.129606312361361, 48.406563211631237 ], [ -71.122668448517061, 48.408927062404068 ], [ -71.11612519616078, 48.406108264511822 ], [ -71.11652032145868, 48.400926045793604 ], [ -71.123457336022383, 48.398562542571504 ] ] ] } },
{ "type": "Feature", "properties": { "hex_id": 789000, "centroid_lon": -71.119283065318825, "centroid_lat": 48.364650315632566, "occurrences_today": 1, "datetimes_today": "2026-06-19 00:01:38", "cumulative_total": 11.0 }, "geometry": { "type": "Polygon", "coordinates": [ [ [ -71.119677295894419, 48.359468040028894 ], [ -71.126214923664321, 48.362286499397719 ], [ -71.125821317357179, 48.367468812583617 ], [ -71.118888723044293, 48.369832584128439 ], [ -71.112350582725043, 48.367013695420191 ], [ -71.112745549227682, 48.361831464577158 ], [ -71.119677295894419, 48.359468040028894 ] ] ] } },
{ "type": "Feature", "properties": { "hex_id": 789001, "centroid_lon": -71.118099703237036, "centroid_lat": 48.380197099793449, "occurrences_today": 3, "datetimes_today": "2026-06-19 00:01:38, 2026-06-19 00:16:36, 2026-06-19 00:31:15", "cumulative_total": 13.0 }, "geometry": { "type": "Polygon", "coordinates": [ [ [ -71.118494269030492, 48.375014845515679 ], [ -71.125033770119572, 48.377833417654749 ], [ -71.124639829108517, 48.383015709538348 ], [ -71.117705025623536, 48.385379346960953 ], [ -71.111165011592277, 48.382560345246858 ], [ -71.111560313947777, 48.377378135755862 ], [ -71.118494269030492, 48.375014845515679 ] ] ] } },
{ "type": "Feature", "properties": { "hex_id": 789002, "centroid_lon": -71.116915334774802, "centroid_lat": 48.395743819961851, "occurrences_today": 1, "datetimes_today": "2026-06-19 00:01:38", "cumulative_total": 57.0 }, "geometry": { "type": "Polygon", "coordinates": [ [ [ -71.117310236149606, 48.390561587017345 ], [ -71.123851612100282, 48.39338027199755 ], [ -71.123457336022383, 48.398562542571504 ], [ -71.11652032145868, 48.400926045793604 ], [ -71.109978432172653, 48.398106931002665 ], [ -71.110374070745209, 48.392924742871088 ], [ -71.117310236149606, 48.390561587017345 ] ] ] } },
{ "type": "Feature", "properties": { "hex_id": 789610, "centroid_lon": -71.1131404038602, "centroid_lat": 48.356649226618444, "occurrences_today": 3, "datetimes_today": "2026-06-19 00:01:38, 2026-06-19 00:16:36, 2026-06-19 00:31:15", "cumulative_total": 19.0 }, "geometry": { "type": "Polygon", "coordinates": [ [ [ -71.113535146662969, 48.351466981544839 ], [ -71.120071414811392, 48.354285757318202 ], [ -71.119677295894419, 48.359468040028894 ], [ -71.112745549227682, 48.361831464577158 ], [ -71.106208769043391, 48.359012259529685 ], [ -71.106604247521318, 48.35383005927865 ], [ -71.113535146662969, 48.351466981544839 ] ] ] } },
{ "type": "Feature", "properties": { "hex_id": 789611, "centroid_lon": -71.111955504311894, "centroid_lat": 48.372195919146684, "occurrences_today": 3, "datetimes_today": "2026-06-19 00:01:38, 2026-06-19 00:16:36, 2026-06-19 00:31:15", "cumulative_total": 13.0 }, "geometry": { "type": "Polygon", "coordinates": [ [ [ -71.112350582725043, 48.367013695420191 ], [ -71.118888723044293, 48.369832584128439 ], [ -71.118494269030492, 48.375014845515679 ], [ -71.111560313947777, 48.377378135755862 ], [ -71.10502166120034, 48.374558817537967 ], [ -71.105417475923375, 48.369376638660171 ], [ -71.112350582725043, 48.367013695420191 ] ] ] } },
{ "type": "Feature", "properties": { "hex_id": 789612, "centroid_lon": -71.110769597204921, "centroid_lat": 48.387742547618871, "occurrences_today": 3, "datetimes_today": "2026-06-19 00:01:38, 2026-06-19 00:16:36, 2026-06-19 00:31:15", "cumulative_total": 13.0 }, "geometry": { "type": "Polygon", "coordinates": [ [ [ -71.111165011592277, 48.382560345246858 ], [ -71.117705025623536, 48.385379346960953 ], [ -71.117310236149606, 48.390561587017345 ], [ -71.110374070745209, 48.392924742871088 ], [ -71.103833543893117, 48.390105311411666 ], [ -71.104229695225754, 48.384923153914542 ], [ -71.111165011592277, 48.382560345246858 ] ] ] } },
{ "type": "Feature", "properties": { "hex_id": 789613, "centroid_lon": -71.109582681446724, "centroid_lat": 48.403289112012779, "occurrences_today": 1, "datetimes_today": "2026-06-19 00:01:38", "cumulative_total": 60.0 }, "geometry": { "type": "Polygon", "coordinates": [ [ [ -71.109978432172653, 48.398106931002665 ], [ -71.11652032145868, 48.400926045793604 ], [ -71.11612519616078, 48.406108264511822 ], [ -71.109186818526865, 48.408471285900632 ], [ -71.102644416027005, 48.405651741128509 ], [ -71.103040904334335, 48.400469605019481 ], [ -71.109978432172653, 48.398106931002665 ] ] ] } },
{ "type": "Feature", "properties": { "hex_id": 790220, "centroid_lon": -71.106999613998468, "centroid_lat": 48.34864785190485, "occurrences_today": 3, "datetimes_today": "2026-06-19 00:01:38, 2026-06-19 00:16:36, 2026-06-19 00:31:15", "cumulative_total": 19.0 }, "geometry": { "type": "Polygon", "coordinates": [ [ [ -71.107394868515243, 48.343465637409111 ], [ -71.113929777676361, 48.346284729357194 ], [ -71.113535146662969, 48.351466981544839 ], [ -71.106604247521318, 48.35383005927865 ], [ -71.100068826837386, 48.351010538121791 ], [ -71.100464816777503, 48.345828368510496 ], [ -71.107394868515243, 48.343465637409111 ] ] ] } },
{ "type": "Feature", "properties": { "hex_id": 790221, "centroid_lon": -71.10581317852423, "centroid_lat": 48.364194452657131, "occurrences_today": 3, "datetimes_today": "2026-06-19 00:01:38, 2026-06-19 00:16:36, 2026-06-19 00:31:15", "cumulative_total": 22.0 }, "geometry": { "type": "Polygon", "coordinates": [ [ [ -71.106208769043391, 48.359012259529685 ], [ -71.112745549227682, 48.361831464577158 ], [ -71.112350582725043, 48.367013695420191 ], [ -71.105417475923375, 48.369376638660171 ], [ -71.098880183824477, 48.366557004168421 ], [ -71.099276510401381, 48.361374855951588 ], [ -71.106208769043391, 48.359012259529685 ] ] ] } },
{ "type": "Feature", "properties": { "hex_id": 790222, "centroid_lon": -71.104625734314652, "centroid_lat": 48.379740989289701, "occurrences_today": 3, "datetimes_today": "2026-06-19 00:01:38, 2026-06-19 00:16:36, 2026-06-19 00:31:15", "cumulative_total": 13.0 }, "geometry": { "type": "Polygon", "coordinates": [ [ [ -71.10502166120034, 48.374558817537967 ], [ -71.111560313947777, 48.377378135755862 ], [ -71.111165011592277, 48.382560345246858 ], [ -71.104229695225754, 48.384923153914542 ], [ -71.09769053017159, 48.382103406016746 ], [ -71.098087193750146, 48.376921279201831 ], [ -71.10502166120034, 48.374558817537967 ] ] ] } },
{ "type": "Feature", "properties": { "hex_id": 790223, "centroid_lon": -71.103437280276168, "centroid_lat": 48.395287461780249, "occurrences_today": 3, "datetimes_today": "2026-06-19 00:01:38, 2026-06-19 00:16:36, 2026-06-19 00:31:15", "cumulative_total": 75.0 }, "geometry": { "type": "Polygon", "coordinates": [ [ [ -71.103833543893117, 48.390105311411666 ], [ -71.110374070745209, 48.392924742871088 ], [ -71.109978432172653, 48.398106931002665 ], [ -71.103040904334335, 48.400469605019481 ], [ -71.096499864783041, 48.397649743644379 ], [ -71.096896865728667, 48.392467638238841 ], [ -71.103833543893117, 48.390105311411666 ] ] ] } },
{ "type": "Feature", "properties": { "hex_id": 790831, "centroid_lon": -71.099672724725508, "centroid_lat": 48.356192700602442, "occurrences_today": 3, "datetimes_today": "2026-06-19 00:01:38, 2026-06-19 00:16:36, 2026-06-19 00:31:15", "cumulative_total": 22.0 }, "geometry": { "type": "Polygon", "coordinates": [ [ [ -71.100068826837386, 48.351010538121791 ], [ -71.106604247521318, 48.35383005927865 ], [ -71.106208769043391, 48.359012259529685 ], [ -71.099276510401381, 48.361374855951588 ], [ -71.092740578316025, 48.358554905415879 ], [ -71.093137416233589, 48.353372787907709 ], [ -71.100068826837386, 48.351010538121791 ] ] ] } },
{ "type": "Feature", "properties": { "hex_id": 790833, "centroid_lon": -71.097293754177969, "centroid_lat": 48.387285525696029, "occurrences_today": 3, "datetimes_today": "2026-06-19 00:01:38, 2026-06-19 00:16:36, 2026-06-19 00:31:15", "cumulative_total": 12.0 }, "geometry": { "type": "Polygon", "coordinates": [ [ [ -71.09769053017159, 48.382103406016746 ], [ -71.104229695225754, 48.384923153914542 ], [ -71.103833543893117, 48.390105311411666 ], [ -71.096896865728667, 48.392467638238841 ], [ -71.09035718848952, 48.38964746049087 ], [ -71.090754701559177, 48.384465385836592 ], [ -71.09769053017159, 48.382103406016746 ] ] ] } },
{ "type": "Feature", "properties": { "hex_id": 791442, "centroid_lon": -71.092343627974685, "centroid_lat": 48.363737015783812, "occurrences_today": 3, "datetimes_today": "2026-06-19 00:01:38, 2026-06-19 00:16:36, 2026-06-19 00:31:15", "cumulative_total": 18.0 }, "geometry": { "type": "Polygon", "coordinates": [ [ [ -71.092740578316025, 48.358554905415879 ], [ -71.099276510401381, 48.361374855951588 ], [ -71.098880183824477, 48.366557004168421 ], [ -71.091946565168953, 48.368919119010684 ], [ -71.085410121803832, 48.366098738925999 ], [ -71.085807808333399, 48.360916673618647 ], [ -71.092740578316025, 48.358554905415879 ] ] ] } },
{ "type": "Feature", "properties": { "hex_id": 792054, "centroid_lon": -71.083818248518057, "centroid_lat": 48.386826928648794, "occurrences_today": 3, "datetimes_today": "2026-06-19 00:01:38, 2026-06-19 00:16:36, 2026-06-19 00:31:15", "cumulative_total": 77.0 }, "geometry": { "type": "Polygon", "coordinates": [ [ [ -71.084216385996072, 48.381644891945761 ], [ -71.090754701559177, 48.384465385836592 ], [ -71.09035718848952, 48.38964746049087 ], [ -71.08341999820108, 48.392008958198659 ], [ -71.076881171088957, 48.389188034352962 ], [ -71.07728004577352, 48.384006042825035 ], [ -71.084216385996072, 48.381644891945761 ] ] ] } },
{ "type": "Feature", "properties": { "hex_id": 792664, "centroid_lon": -71.077678807447924, "centroid_lat": 48.378824044135975, "occurrences_today": 3, "datetimes_today": "2026-06-19 00:01:38, 2026-06-19 00:16:36, 2026-06-19 00:31:15", "cumulative_total": 97.0 }, "geometry": { "type": "Polygon", "coordinates": [ [ [ -71.078077456152982, 48.37364203828664 ], [ -71.084614410675883, 48.376462848090398 ], [ -71.084216385996072, 48.381644891945761 ], [ -71.07728004577352, 48.384006042825035 ], [ -71.070742580215139, 48.381184803132022 ], [ -71.071141965873977, 48.376002842519625 ], [ -71.078077456152982, 48.37364203828664 ] ] ] } },
{ "type": "Feature", "properties": { "hex_id": 793275, "centroid_lon": -71.070343081375, "centroid_lat": 48.386366756575313, "occurrences_today": 3, "datetimes_today": "2026-06-19 00:01:38, 2026-06-19 00:16:36, 2026-06-19 00:31:15", "cumulative_total": 41.0 }, "geometry": { "type": "Polygon", "coordinates": [ [ [ -71.070742580215139, 48.381184803132022 ], [ -71.07728004577352, 48.384006042825035 ], [ -71.076881171088957, 48.389188034352962 ], [ -71.069943469312705, 48.391548702848702 ], [ -71.063405492841369, 48.388727033096245 ], [ -71.063805729018327, 48.383545124978184 ], [ -71.070742580215139, 48.381184803132022 ] ] ] } },
{ "type": "Feature", "properties": { "hex_id": 787171, "centroid_lon": -71.13654355033313, "centroid_lat": 48.404198923897724, "occurrences_today": 1, "datetimes_today": "2026-06-19 00:01:38", "cumulative_total": 45.0 }, "geometry": { "type": "Polygon", "coordinates": [ [ [ -71.136936575181181, 48.399016578253352 ], [ -71.143480162392052, 48.401834199304112 ], [ -71.143087763476984, 48.40701658238936 ], [ -71.136150414058832, 48.409381262452982 ], [ -71.129606312361361, 48.406563211631237 ], [ -71.130000074528368, 48.401380910587619 ], [ -71.136936575181181, 48.399016578253352 ] ] ] } },
{ "type": "Feature", "properties": { "hex_id": 827950, "centroid_lon": -70.840684650285226, "centroid_lat": 46.453083066940842, "occurrences_today": 3, "datetimes_today": "2026-06-19 00:01:38, 2026-06-19 00:16:36, 2026-06-19 00:31:15", "cumulative_total": 34.0 }, "geometry": { "type": "Polygon", "coordinates": [ [ [ -70.84107981147551, 46.447900831273039 ], [ -70.847375403446108, 46.45072830333612 ], [ -70.846980800458795, 46.455910577874768 ], [ -70.840289380143773, 46.458265295295902 ], [ -70.833993338940033, 46.455437418412444 ], [ -70.83438916724711, 46.450255228993804 ], [ -70.84107981147551, 46.447900831273039 ] ] ] } },
{ "type": "Feature", "properties": { "hex_id": 829171, "centroid_lon": -70.827697965020732, "centroid_lat": 46.452609214562628, "occurrences_today": 3, "datetimes_today": "2026-06-19 00:01:38, 2026-06-19 00:16:36, 2026-06-19 00:31:15", "cumulative_total": 43.0 }, "geometry": { "type": "Polygon", "coordinates": [ [ [ -70.828094351307087, 46.447427064138417 ], [ -70.83438916724711, 46.450255228993804 ], [ -70.833993338940033, 46.455437418412444 ], [ -70.827301469447917, 46.457791357658088 ], [ -70.821006204833807, 46.454962787886686 ], [ -70.821403258348425, 46.449780683851223 ], [ -70.828094351307087, 46.447427064138417 ] ] ] } },
{ "type": "Feature", "properties": { "hex_id": 401203, "centroid_lon": -75.391475331932327, "centroid_lat": 46.411195270195435, "occurrences_today": 3, "datetimes_today": "2026-06-19 00:01:38, 2026-06-19 00:16:36, 2026-06-19 00:31:15", "cumulative_total": 29.0 }, "geometry": { "type": "Polygon", "coordinates": [ [ [ -75.391438161434507, 46.405999413389118 ], [ -75.397961892447626, 46.408574890498265 ], [ -75.397999685817368, 46.413770740871811 ], [ -75.391512512699805, 46.416391122236391 ], [ -75.384988148543357, 46.413815282671798 ], [ -75.384951590651326, 46.408619424264842 ], [ -75.391438161434507, 46.405999413389118 ] ] ] } },
{ "type": "Feature", "properties": { "hex_id": 863393, "centroid_lon": -70.41965150986826, "centroid_lat": 46.967028380008038, "occurrences_today": 3, "datetimes_today": "2026-06-19 00:01:38, 2026-06-19 00:16:36, 2026-06-19 00:31:15", "cumulative_total": 178.0 }, "geometry": { "type": "Polygon", "coordinates": [ [ [ -70.42009446723462, 46.961849524047743 ], [ -70.426424406034684, 46.964701384948761 ], [ -70.425982015519125, 46.969880284194346 ], [ -70.419208429601966, 46.972207228058735 ], [ -70.412878046872365, 46.969354952045236 ], [ -70.41332169394677, 46.964176147346372 ], [ -70.42009446723462, 46.961849524047743 ] ] ] } },
{ "type": "Feature", "properties": { "hex_id": 551909, "centroid_lon": -73.813933703217103, "centroid_lat": 45.04159906881921, "occurrences_today": 3, "datetimes_today": "2026-06-19 00:01:38, 2026-06-19 00:16:36, 2026-06-19 00:31:15", "cumulative_total": 112.0 }, "geometry": { "type": "Polygon", "coordinates": [ [ [ -73.814041062581921, 45.036402954714504 ], [ -73.820334289564826, 45.039066756299782 ], [ -73.820227489902322, 45.044262879775481 ], [ -73.813826314690502, 45.046795177974836 ], [ -73.807532557171868, 45.044131015548309 ], [ -73.80764050539112, 45.038934915827177 ], [ -73.814041062581921, 45.036402954714504 ] ] ] } },
{ "type": "Feature", "properties": { "hex_id": 729178, "centroid_lon": -71.772797438856642, "centroid_lat": 48.493961513235469, "occurrences_today": 3, "datetimes_today": "2026-06-19 00:01:38, 2026-06-19 00:16:36, 2026-06-19 00:31:15", "cumulative_total": 34.0 }, "geometry": { "type": "Polygon", "coordinates": [ [ [ -71.773126849492002, 48.488775677718465 ], [ -71.779718775377901, 48.491558020980584 ], [ -71.779390004846334, 48.496743887630913 ], [ -71.7724679346383, 48.499147342377476 ], [ -71.765875462248545, 48.496364573450634 ], [ -71.76620560653673, 48.491178775513319 ], [ -71.773126849492002, 48.488775677718465 ] ] ] } },
{ "type": "Feature", "properties": { "hex_id": 531784, "centroid_lon": -74.017648482993366, "centroid_lat": 45.378744669174786, "occurrences_today": 3, "datetimes_today": "2026-06-19 00:01:38, 2026-06-19 00:16:36, 2026-06-19 00:31:15", "cumulative_total": 205.0 }, "geometry": { "type": "Polygon", "coordinates": [ [ [ -74.017738455529525, 45.373548512897891 ], [ -74.024078408318957, 45.376201329039397 ], [ -74.023989008184131, 45.381397492735971 ], [ -74.017558485919821, 45.383940820564298 ], [ -74.011217985270548, 45.381287641297703 ], [ -74.011308554737212, 45.376091497392132 ], [ -74.017738455529525, 45.373548512897891 ] ] ] } },
{ "type": "Feature", "properties": { "hex_id": 767488, "centroid_lon": -71.506279250858995, "centroid_lat": 46.124620134980802, "occurrences_today": 3, "datetimes_today": "2026-06-19 00:01:38, 2026-06-19 00:16:36, 2026-06-19 00:31:15", "cumulative_total": 76.0 }, "geometry": { "type": "Polygon", "coordinates": [ [ [ -71.506607479568828, 46.119433566489541 ], [ -71.512902858823892, 46.122224331055151 ], [ -71.512575188989985, 46.127410931820748 ], [ -71.505950931964108, 46.129806696933301 ], [ -71.49965508403352, 46.127015537293858 ], [ -71.499983961773651, 46.121829007680859 ], [ -71.506607479568828, 46.119433566489541 ] ] ] } },
{ "type": "Feature", "properties": { "hex_id": 768099, "centroid_lon": -71.499326115927886, "centroid_lat": 46.132202060361159, "occurrences_today": 3, "datetimes_today": "2026-06-19 00:01:38, 2026-06-19 00:16:36, 2026-06-19 00:31:15", "cumulative_total": 45.0 }, "geometry": { "type": "Polygon", "coordinates": [ [ [ -71.49965508403352, 46.127015537293858 ], [ -71.505950931964108, 46.129806696933301 ], [ -71.505622522853471, 46.134993252346412 ], [ -71.49899705742601, 46.137388576882131 ], [ -71.492700740912042, 46.134597022011206 ], [ -71.493030358378164, 46.129410537901222 ], [ -71.49965508403352, 46.127015537293858 ] ] ] } },
{ "type": "Feature", "properties": { "hex_id": 881660, "centroid_lon": -70.288344100954745, "centroid_lat": 46.213350559737862, "occurrences_today": 3, "datetimes_today": "2026-06-19 00:01:38, 2026-06-19 00:16:36, 2026-06-19 00:31:15", "cumulative_total": 85.0 }, "geometry": { "type": "Polygon", "coordinates": [ [ [ -70.288787900193739, 46.208171985698165 ], [ -70.295026032712585, 46.211027917346478 ], [ -70.29458277563954, 46.216206535303947 ], [ -70.287900179824462, 46.218529125763936 ], [ -70.281661627051704, 46.215672788284678 ], [ -70.28210609030647, 46.210494266241014 ], [ -70.288787900193739, 46.208171985698165 ] ] ] } },
{ "type": "Feature", "properties": { "hex_id": 882271, "centroid_lon": -70.281217041720836, "centroid_lat": 46.220851302305242, "occurrences_today": 3, "datetimes_today": "2026-06-19 00:01:38, 2026-06-19 00:16:36, 2026-06-19 00:31:15", "cumulative_total": 85.0 }, "geometry": { "type": "Polygon", "coordinates": [ [ [ -70.281661627051704, 46.215672788284678 ], [ -70.287900179824462, 46.218529125763936 ], [ -70.287456136761421, 46.223707683775281 ], [ -70.280772334272299, 46.226029808301547 ], [ -70.274533361370175, 46.223173064836949 ], [ -70.274978611044972, 46.217994602896084 ], [ -70.281661627051704, 46.215672788284678 ] ] ] } },
{ "type": "Feature", "properties": { "hex_id": 882881, "centroid_lon": -70.27542373845877, "centroid_lat": 46.212816132922605, "occurrences_today": 3, "datetimes_today": "2026-06-19 00:01:38, 2026-06-19 00:16:36, 2026-06-19 00:31:15", "cumulative_total": 85.0 }, "geometry": { "type": "Polygon", "coordinates": [ [ [ -70.275868743653191, 46.207637654917662 ], [ -70.28210609030647, 46.210494266241014 ], [ -70.281661627051704, 46.215672788284678 ], [ -70.274978611044972, 46.217994602896084 ], [ -70.268740844692203, 46.215137585652108 ], [ -70.26918651400409, 46.209959159781967 ], [ -70.275868743653191, 46.207637654917662 ] ] ] } },
{ "type": "Feature", "properties": { "hex_id": 531174, "centroid_lon": -74.023899583667216, "centroid_lat": 45.386593651546924, "occurrences_today": 3, "datetimes_today": "2026-06-19 00:01:38, 2026-06-19 00:16:36, 2026-06-19 00:31:15", "cumulative_total": 157.0 }, "geometry": { "type": "Polygon", "coordinates": [ [ [ -74.023989008184131, 45.381397492735971 ], [ -74.030330130317708, 45.384049967977901 ], [ -74.030241278520919, 45.38924613414779 ], [ -74.023810134760041, 45.391789805472271 ], [ -74.017468464300663, 45.389136967066413 ], [ -74.017558485919821, 45.383940820564298 ], [ -74.023989008184131, 45.381397492735971 ] ] ] } },
{ "type": "Feature", "properties": { "hex_id": 871882, "centroid_lon": -70.404692798660506, "centroid_lat": 46.062190157516227, "occurrences_today": 3, "datetimes_today": "2026-06-19 00:01:38, 2026-06-19 00:16:36, 2026-06-19 00:31:15", "cumulative_total": 87.0 }, "geometry": { "type": "Polygon", "coordinates": [ [ [ -70.405123386661444, 46.057010588894919 ], [ -70.411351538216053, 46.059859791869236 ], [ -70.410921489886391, 46.065039403195868 ], [ -70.404262092604398, 46.067369718298394 ], [ -70.398033519453662, 46.064520112394987 ], [ -70.398464765141028, 46.059340594382505 ], [ -70.405123386661444, 46.057010588894919 ] ] ] } },
{ "type": "Feature", "properties": { "hex_id": 872493, "centroid_lon": -70.39760215552846, "centroid_lat": 46.069699622559156, "occurrences_today": 3, "datetimes_today": "2026-06-19 00:01:38, 2026-06-19 00:16:36, 2026-06-19 00:31:15", "cumulative_total": 87.0 }, "geometry": { "type": "Polygon", "coordinates": [ [ [ -70.398033519453662, 46.064520112394987 ], [ -70.404262092604398, 46.067369718298394 ], [ -70.403831268453118, 46.072549271240334 ], [ -70.397170673325306, 46.074879124873888 ], [ -70.390941678698638, 46.072029115887474 ], [ -70.391373700635626, 46.066849656414917 ], [ -70.398033519453662, 46.064520112394987 ] ] ] } },
{ "type": "Feature", "properties": { "hex_id": 873103, "centroid_lon": -70.391805604152012, "centroid_lat": 46.061670189084829, "occurrences_today": 3, "datetimes_today": "2026-06-19 00:01:38, 2026-06-19 00:16:36, 2026-06-19 00:31:15", "cumulative_total": 87.0 }, "geometry": { "type": "Polygon", "coordinates": [ [ [ -70.392237389287942, 46.056490713898327 ], [ -70.398464765141028, 46.059340594382505 ], [ -70.398033519453662, 46.064520112394987 ], [ -70.391373700635626, 46.066849656414917 ], [ -70.385145903734468, 46.063999372911297 ], [ -70.385578346659315, 46.05881994847153 ], [ -70.392237389287942, 46.056490713898327 ] ] ] } },
{ "type": "Feature", "properties": { "hex_id": 873714, "centroid_lon": -70.384713342246457, "centroid_lat": 46.06917878948542, "occurrences_today": 3, "datetimes_today": "2026-06-19 00:01:38, 2026-06-19 00:16:36, 2026-06-19 00:31:15", "cumulative_total": 87.0 }, "geometry": { "type": "Polygon", "coordinates": [ [ [ -70.385145903734468, 46.063999372911297 ], [ -70.391373700635626, 46.066849656414917 ], [ -70.390941678698638, 46.072029115887474 ], [ -70.384280662155078, 46.074358198192797 ], [ -70.378052444326357, 46.071507511515868 ], [ -70.378485663928558, 46.066328145771308 ], [ -70.385145903734468, 46.063999372911297 ] ] ] } },
{ "type": "Feature", "properties": { "hex_id": 874325, "centroid_lon": -70.377619105937953, "centroid_lat": 46.07668686938446, "occurrences_today": 3, "datetimes_today": "2026-06-19 00:01:38, 2026-06-19 00:16:36, 2026-06-19 00:31:15", "cumulative_total": 87.0 }, "geometry": { "type": "Polygon", "coordinates": [ [ [ -70.378052444326357, 46.071507511515868 ], [ -70.384280662155078, 46.074358198192797 ], [ -70.383847863420115, 46.079537599032314 ], [ -70.377185648723071, 46.081866219375947 ], [ -70.370957010087551, 46.079015129371896 ], [ -70.371391006915573, 46.073835822415724 ], [ -70.378052444326357, 46.071507511515868 ] ] ] } },
{ "type": "Feature", "properties": { "hex_id": 874935, "centroid_lon": -70.37182488477454, "centroid_lat": 46.068656507574339, "occurrences_today": 3, "datetimes_today": "2026-06-19 00:01:38, 2026-06-19 00:16:36, 2026-06-19 00:31:15", "cumulative_total": 87.0 }, "geometry": { "type": "Polygon", "coordinates": [ [ [ -70.372258643704754, 46.063477184848821 ], [ -70.378485663928558, 46.066328145771308 ], [ -70.378052444326357, 46.071507511515868 ], [ -70.371391006915573, 46.073835822415724 ], [ -70.36516356631266, 46.070984458229766 ], [ -70.365597983459296, 46.065805186471792 ], [ -70.372258643704754, 46.063477184848821 ] ] ] } },
{ "type": "Feature", "properties": { "hex_id": 875546, "centroid_lon": -70.364729030054406, "centroid_lat": 46.076163722094371, "occurrences_today": 3, "datetimes_today": "2026-06-19 00:01:38, 2026-06-19 00:16:36, 2026-06-19 00:31:15", "cumulative_total": 87.0 }, "geometry": { "type": "Polygon", "coordinates": [ [ [ -70.36516356631266, 46.070984458229766 ], [ -70.371391006915573, 46.073835822415724 ], [ -70.370957010087551, 46.079015129371896 ], [ -70.364294374644189, 46.08134297806447 ], [ -70.358066513783228, 46.078491210461252 ], [ -70.358501708583276, 46.073311997647082 ], [ -70.36516356631266, 46.070984458229766 ] ] ] } },
{ "type": "Feature", "properties": { "hex_id": 876157, "centroid_lon": -70.357631199648239, "centroid_lat": 46.083670415371628, "occurrences_today": 3, "datetimes_today": "2026-06-19 00:01:38, 2026-06-19 00:16:36, 2026-06-19 00:31:15", "cumulative_total": 87.0 }, "geometry": { "type": "Polygon", "coordinates": [ [ [ -70.358066513783228, 46.078491210461252 ], [ -70.364294374644189, 46.08134297806447 ], [ -70.36385960004155, 46.086522226138968 ], [ -70.357195766137821, 46.088849612377118 ], [ -70.35096748514016, 46.085997441202785 ], [ -70.351403458142457, 46.080818287425778 ], [ -70.358066513783228, 46.078491210461252 ] ] ] } },
{ "type": "Feature", "properties": { "hex_id": 876766, "centroid_lon": -70.353146155377189, "centroid_lat": 46.060101593198375, "occurrences_today": 3, "datetimes_today": "2026-06-19 00:01:38, 2026-06-19 00:16:36, 2026-06-19 00:31:15", "cumulative_total": 91.0 }, "geometry": { "type": "Polygon", "coordinates": [ [ [ -70.35358153119472, 46.054922399867309 ], [ -70.359806577378166, 46.057774311793196 ], [ -70.359371740340322, 46.062953548311938 ], [ -70.35271066020367, 46.065280778620874 ], [ -70.346485194616776, 46.062428463405233 ], [ -70.346921228529496, 46.057249321234728 ], [ -70.35358153119472, 46.054922399867309 ] ] ] } },
{ "type": "Feature", "properties": { "hex_id": 876767, "centroid_lon": -70.351839311626804, "centroid_lat": 46.075639125735705, "occurrences_today": 3, "datetimes_today": "2026-06-19 00:01:38, 2026-06-19 00:16:36, 2026-06-19 00:31:15", "cumulative_total": 87.0 }, "geometry": { "type": "Polygon", "coordinates": [ [ [ -70.352275045633704, 46.070459956133682 ], [ -70.358501708583276, 46.073311997647082 ], [ -70.358066513783228, 46.078491210461252 ], [ -70.351403458142457, 46.080818287425778 ], [ -70.345176375483732, 46.077965842405099 ], [ -70.345612768134416, 46.072786723991548 ], [ -70.352275045633704, 46.070459956133682 ] ] ] } },
{ "type": "Feature", "properties": { "hex_id": 877377, "centroid_lon": -70.346049041165244, "centroid_lat": 46.06760759765789, "occurrences_today": 3, "datetimes_today": "2026-06-19 00:01:38, 2026-06-19 00:16:36, 2026-06-19 00:31:15", "cumulative_total": 91.0 }, "geometry": { "type": "Polygon", "coordinates": [ [ [ -70.346485194616776, 46.062428463405233 ], [ -70.35271066020367, 46.065280778620874 ], [ -70.352275045633704, 46.070459956133682 ], [ -70.345612768134416, 46.072786723991548 ], [ -70.339386883265547, 46.069934005332449 ], [ -70.339823695137383, 46.064754922323303 ], [ -70.346485194616776, 46.062428463405233 ] ] ] } },
{ "type": "Feature", "properties": { "hex_id": 877380, "centroid_lon": -70.342118274162985, "centroid_lat": 46.114219449441407, "occurrences_today": 3, "datetimes_today": "2026-06-19 00:01:38, 2026-06-19 00:16:36, 2026-06-19 00:31:15", "cumulative_total": 92.0 }, "geometry": { "type": "Polygon", "coordinates": [ [ [ -70.342555505289567, 46.109040386500446 ], [ -70.3487858259398, 46.111893091352044 ], [ -70.348349134977795, 46.117072197626797 ], [ -70.341680923091474, 46.119398504453173 ], [ -70.335450182241942, 46.116545395504879 ], [ -70.335888073437303, 46.111366383891394 ], [ -70.342555505289567, 46.109040386500446 ] ] ] } },
{ "type": "Feature", "properties": { "hex_id": 877991, "centroid_lon": -70.335012170918191, "centroid_lat": 46.121724399179826, "occurrences_today": 3, "datetimes_today": "2026-06-19 00:01:38, 2026-06-19 00:16:36, 2026-06-19 00:31:15", "cumulative_total": 92.0 }, "geometry": { "type": "Polygon", "coordinates": [ [ [ -70.335450182241942, 46.116545395504879 ], [ -70.341680923091474, 46.119398504453173 ], [ -70.341243452034348, 46.124577551534585 ], [ -70.334574039425249, 46.126903394915082 ], [ -70.32834287849866, 46.124049881716125 ], [ -70.328781550217428, 46.118870929451816 ], [ -70.335450182241942, 46.116545395504879 ] ] ] } },
{ "type": "Feature", "properties": { "hex_id": 879212, "centroid_lon": -70.322112378130257, "centroid_lat": 46.121196051191532, "occurrences_today": 3, "datetimes_today": "2026-06-19 00:01:38, 2026-06-19 00:16:36, 2026-06-19 00:31:15", "cumulative_total": 85.0 }, "geometry": { "type": "Polygon", "coordinates": [ [ [ -70.322551589891262, 46.116017142454375 ], [ -70.328781550217428, 46.118870929451816 ], [ -70.32834287849866, 46.124049881716125 ], [ -70.321673045873752, 46.126374951971421 ], [ -70.315442666021269, 46.123520760633475 ], [ -70.315882538279112, 46.118341903445213 ], [ -70.322551589891262, 46.116017142454375 ] ] ] } },
{ "type": "Feature", "properties": { "hex_id": 879823, "centroid_lon": -70.315002673084322, "centroid_lat": 46.128699609855062, "occurrences_today": 3, "datetimes_today": "2026-06-19 00:01:38, 2026-06-19 00:16:36, 2026-06-19 00:31:15", "cumulative_total": 85.0 }, "geometry": { "type": "Polygon", "coordinates": [ [ [ -70.315442666021269, 46.123520760633475 ], [ -70.321673045873752, 46.126374951971421 ], [ -70.321233593080848, 46.131553844792862 ], [ -70.314562559427287, 46.133878451108821 ], [ -70.308331760171342, 46.131023855276403 ], [ -70.308772413931436, 46.125845057686966 ], [ -70.315442666021269, 46.123520760633475 ] ] ] } },
{ "type": "Feature", "properties": { "hex_id": 881044, "centroid_lon": -70.302101621901741, "centroid_lat": 46.128168942261432, "occurrences_today": 3, "datetimes_today": "2026-06-19 00:01:38, 2026-06-19 00:16:36, 2026-06-19 00:31:15", "cumulative_total": 85.0 }, "geometry": { "type": "Polygon", "coordinates": [ [ [ -70.302542815581191, 46.122990188392492 ], [ -70.308772413931436, 46.125845057686966 ], [ -70.308331760171342, 46.131023855276403 ], [ -70.301660307175823, 46.133347688144845 ], [ -70.29543028997324, 46.130492414266214 ], [ -70.295872144577416, 46.125313712167767 ], [ -70.302542815581191, 46.122990188392492 ] ] ] } },
{ "type": "Feature", "properties": { "hex_id": 881655, "centroid_lon": -70.294988314138863, "centroid_lat": 46.135671108369742, "occurrences_today": 3, "datetimes_today": "2026-06-19 00:01:38, 2026-06-19 00:16:36, 2026-06-19 00:31:15", "cumulative_total": 85.0 }, "geometry": { "type": "Polygon", "coordinates": [ [ [ -70.29543028997324, 46.130492414266214 ], [ -70.301660307175823, 46.133347688144845 ], [ -70.301218871362323, 46.138526426041594 ], [ -70.294546217033073, 46.14084979447712 ], [ -70.288315781101574, 46.137994115860458 ], [ -70.288758418187086, 46.132815473610769 ], [ -70.29543028997324, 46.130492414266214 ] ] ] } },
{ "type": "Feature", "properties": { "hex_id": 882874, "centroid_lon": -70.284743245348878, "centroid_lat": 46.104066410022448, "occurrences_today": 3, "datetimes_today": "2026-06-19 00:01:38, 2026-06-19 00:16:36, 2026-06-19 00:31:15", "cumulative_total": 85.0 }, "geometry": { "type": "Polygon", "coordinates": [ [ [ -70.285185693509263, 46.098887763627964 ], [ -70.291411692447539, 46.101743452061008 ], [ -70.29096978322832, 46.10692214231964 ], [ -70.284300675837997, 46.109245048410081 ], [ -70.278074259329614, 46.106388955585771 ], [ -70.278517367740477, 46.10121036112664 ], [ -70.285185693509263, 46.098887763627964 ] ] ] } },
{ "type": "Feature", "properties": { "hex_id": 882876, "centroid_lon": -70.282086006584436, "centroid_lat": 46.135138120204481, "occurrences_today": 3, "datetimes_today": "2026-06-19 00:01:38, 2026-06-19 00:16:36, 2026-06-19 00:31:15", "cumulative_total": 85.0 }, "geometry": { "type": "Polygon", "coordinates": [ [ [ -70.282529183465797, 46.129959521868656 ], [ -70.288758418187086, 46.132815473610769 ], [ -70.288315781101574, 46.137994115860458 ], [ -70.28164270810521, 46.14031671052642 ], [ -70.275413055206556, 46.13746035395674 ], [ -70.275856893440363, 46.132281807613118 ], [ -70.282529183465797, 46.129959521868656 ] ] ] } },
{ "type": "Feature", "properties": { "hex_id": 883484, "centroid_lon": -70.278960354658622, "centroid_lat": 46.09603175865238, "occurrences_today": 3, "datetimes_today": "2026-06-19 00:01:38, 2026-06-19 00:16:36, 2026-06-19 00:31:15", "cumulative_total": 85.0 }, "geometry": { "type": "Polygon", "coordinates": [ [ [ -70.279403220125189, 46.090853148164094 ], [ -70.285628020360335, 46.093709109227767 ], [ -70.285185693509263, 46.098887763627964 ], [ -70.278517367740477, 46.10121036112664 ], [ -70.272292150361977, 46.098353995736034 ], [ -70.27273567585442, 46.093175437238045 ], [ -70.279403220125189, 46.090853148164094 ] ] ] } },
{ "type": "Feature", "properties": { "hex_id": 883485, "centroid_lon": -70.27763102938475, "centroid_lat": 46.111567542028567, "occurrences_today": 3, "datetimes_today": "2026-06-19 00:01:38, 2026-06-19 00:16:36, 2026-06-19 00:31:15", "cumulative_total": 85.0 }, "geometry": { "type": "Polygon", "coordinates": [ [ [ -70.278074259329614, 46.106388955585771 ], [ -70.284300675837997, 46.109245048410081 ], [ -70.283857984935466, 46.114423678789692 ], [ -70.277187677864674, 46.116746120453875 ], [ -70.270960843909819, 46.113889623084567 ], [ -70.271404734430959, 46.108711088660471 ], [ -70.278074259329614, 46.106388955585771 ] ] ] } },
{ "type": "Feature", "properties": { "hex_id": 884095, "centroid_lon": -70.27184850323458, "centroid_lat": 46.103532546210566, "occurrences_today": 3, "datetimes_today": "2026-06-19 00:01:38, 2026-06-19 00:16:36, 2026-06-19 00:31:15", "cumulative_total": 85.0 }, "geometry": { "type": "Polygon", "coordinates": [ [ [ -70.272292150361977, 46.098353995736034 ], [ -70.278517367740477, 46.10121036112664 ], [ -70.278074259329614, 46.106388955585771 ], [ -70.271404734430959, 46.108711088660471 ], [ -70.26517910003281, 46.10585431878927 ], [ -70.265623407511669, 46.100675820388325 ], [ -70.272292150361977, 46.098353995736034 ] ] ] } },
{ "type": "Feature", "properties": { "hex_id": 884706, "centroid_lon": -70.264734670694182, "centroid_lat": 46.111032809156093, "occurrences_today": 3, "datetimes_today": "2026-06-19 00:01:38, 2026-06-19 00:16:36, 2026-06-19 00:31:15", "cumulative_total": 85.0 }, "geometry": { "type": "Polygon", "coordinates": [ [ [ -70.26517910003281, 46.10585431878927 ], [ -70.271404734430959, 46.108711088660471 ], [ -70.270960843909819, 46.113889623084567 ], [ -70.264290119454458, 46.11621129148763 ], [ -70.258064068160635, 46.113354116982158 ], [ -70.258509158176466, 46.108175678772305 ], [ -70.26517910003281, 46.10585431878927 ] ] ] } },
{ "type": "Feature", "properties": { "hex_id": 683264, "centroid_lon": -72.379769034750268, "centroid_lat": 46.537723685484345, "occurrences_today": 3, "datetimes_today": "2026-06-19 00:01:38, 2026-06-19 00:16:36, 2026-06-19 00:31:15", "cumulative_total": 38.0 }, "geometry": { "type": "Polygon", "coordinates": [ [ [ -72.380018841196247, 46.532533262700937 ], [ -72.386407541936734, 46.53527758569156 ], [ -72.386158320342247, 46.540468032468297 ], [ -72.379519159242903, 46.542914102502117 ], [ -72.373129942724162, 46.540169386365925 ], [ -72.373380403059244, 46.534978993408046 ], [ -72.380018841196247, 46.532533262700937 ] ] ] } },
{ "type": "Feature", "properties": { "hex_id": 683875, "centroid_lon": -72.372879413145085, "centroid_lat": 46.545359773552924, "occurrences_today": 3, "datetimes_today": "2026-06-19 00:01:38, 2026-06-19 00:16:36, 2026-06-19 00:31:15", "cumulative_total": 38.0 }, "geometry": { "type": "Polygon", "coordinates": [ [ [ -72.373129942724162, 46.540169386365925 ], [ -72.379519159242903, 46.542914102502117 ], [ -72.379269214650407, 46.548104513753927 ], [ -72.372628814298167, 46.55055015496869 ], [ -72.366239082072624, 46.547805045524498 ], [ -72.366490265882248, 46.542614688240121 ], [ -72.373129942724162, 46.540169386365925 ] ] ] } },
{ "type": "Feature", "properties": { "hex_id": 684485, "centroid_lon": -72.366741380265211, "centroid_lat": 46.537424325179572, "occurrences_today": 3, "datetimes_today": "2026-06-19 00:01:38, 2026-06-19 00:16:36, 2026-06-19 00:31:15", "cumulative_total": 62.0 }, "geometry": { "type": "Polygon", "coordinates": [ [ [ -72.3669924252454, 46.532233956343205 ], [ -72.373380403059244, 46.534978993408046 ], [ -72.373129942724162, 46.540169386365925 ], [ -72.366490265882248, 46.542614688240121 ], [ -72.360101772838021, 46.5398692579193 ], [ -72.360353471842174, 46.534678919046826 ], [ -72.3669924252454, 46.532233956343205 ] ] ] } },
{ "type": "Feature", "properties": { "hex_id": 684486, "centroid_lon": -72.365987828812408, "centroid_lat": 46.55299539703239, "occurrences_today": 3, "datetimes_today": "2026-06-19 00:01:38, 2026-06-19 00:16:36, 2026-06-19 00:31:15", "cumulative_total": 38.0 }, "geometry": { "type": "Polygon", "coordinates": [ [ [ -72.366239082072624, 46.547805045524498 ], [ -72.372628814298167, 46.55055015496869 ], [ -72.372378146159534, 46.555740530612923 ], [ -72.365736506077653, 46.558185742763456 ], [ -72.35934625821703, 46.555440239848757 ], [ -72.359598166049437, 46.550249918320603 ], [ -72.366239082072624, 46.547805045524498 ] ] ] } },
{ "type": "Feature", "properties": { "hex_id": 685096, "centroid_lon": -72.359850004248443, "centroid_lat": 46.545059591010684, "occurrences_today": 3, "datetimes_today": "2026-06-19 00:01:38, 2026-06-19 00:16:36, 2026-06-19 00:31:15", "cumulative_total": 38.0 }, "geometry": { "type": "Polygon", "coordinates": [ [ [ -72.360101772838021, 46.5398692579193 ], [ -72.366490265882248, 46.542614688240121 ], [ -72.366239082072624, 46.547805045524498 ], [ -72.359598166049437, 46.550249918320603 ], [ -72.353209157846635, 46.547504094581406 ], [ -72.353461580801621, 46.542313791531058 ], [ -72.360101772838021, 46.5398692579193 ] ] ] } },
{ "type": "Feature", "properties": { "hex_id": 900623, "centroid_lon": -70.035270470542912, "centroid_lat": 46.78726901543434, "occurrences_today": 3, "datetimes_today": "2026-06-19 00:01:38, 2026-06-19 00:16:36, 2026-06-19 00:31:15", "cumulative_total": 74.0 }, "geometry": { "type": "Polygon", "coordinates": [ [ [ -70.035747507726953, 46.782092900445917 ], [ -70.042034909809431, 46.784964552435973 ], [ -70.041558427531712, 46.790140714204611 ], [ -70.034793301398594, 46.792445121981025 ], [ -70.028505476392851, 46.789573054462359 ], [ -70.028983200397931, 46.784396994761714 ], [ -70.035747507726953, 46.782092900445917 ] ] ] } },
{ "type": "Feature", "properties": { "hex_id": 901844, "centroid_lon": -70.022218338378053, "centroid_lat": 46.786700665091125, "occurrences_today": 3, "datetimes_today": "2026-06-19 00:01:38, 2026-06-19 00:16:36, 2026-06-19 00:31:15", "cumulative_total": 74.0 }, "geometry": { "type": "Polygon", "coordinates": [ [ [ -70.022696617051182, 46.781524652293285 ], [ -70.028983200397931, 46.784396994761714 ], [ -70.028505476392851, 46.789573054462359 ], [ -70.02173992740488, 46.791876669427857 ], [ -70.015452921712992, 46.789003911342 ], [ -70.01593188730854, 46.783827953973898 ], [ -70.022696617051182, 46.781524652293285 ] ] ] } },
{ "type": "Feature", "properties": { "hex_id": 902455, "centroid_lon": -70.014973823624629, "centroid_lat": 46.794179860238614, "occurrences_today": 3, "datetimes_today": "2026-06-19 00:01:38, 2026-06-19 00:16:36, 2026-06-19 00:31:15", "cumulative_total": 74.0 }, "geometry": { "type": "Polygon", "coordinates": [ [ [ -70.015452921712992, 46.789003911342 ], [ -70.02173992740488, 46.791876669427857 ], [ -70.021261384085932, 46.797052665302118 ], [ -70.014494592997679, 46.79935580066239 ], [ -70.008207165097858, 46.796482626802479 ], [ -70.008686950448435, 46.791306733422189 ], [ -70.015452921712992, 46.789003911342 ] ] ] } },
{ "type": "Feature", "properties": { "hex_id": 903676, "centroid_lon": -70.001920424630171, "centroid_lat": 46.793609131239513, "occurrences_today": 3, "datetimes_today": "2026-06-19 00:01:38, 2026-06-19 00:16:36, 2026-06-19 00:31:15", "cumulative_total": 74.0 }, "geometry": { "type": "Polygon", "coordinates": [ [ [ -70.002400764511535, 46.788433284959439 ], [ -70.008686950448435, 46.791306733422189 ], [ -70.008207165097858, 46.796482626802479 ], [ -70.001439951870367, 46.798784969027281 ], [ -69.995153344304072, 46.795911104701837 ], [ -69.995634371548789, 46.790735314080109 ], [ -70.002400764511535, 46.788433284959439 ] ] ] } },
{ "type": "Feature", "properties": { "hex_id": 904287, "centroid_lon": -69.994672183988044, "centroid_lat": 46.801086886820855, "occurrences_today": 3, "datetimes_today": "2026-06-19 00:01:38, 2026-06-19 00:16:36, 2026-06-19 00:31:15", "cumulative_total": 74.0 }, "geometry": { "type": "Polygon", "coordinates": [ [ [ -69.995153344304072, 46.795911104701837 ], [ -70.001439951870367, 46.798784969027281 ], [ -70.000959346186207, 46.803960798321413 ], [ -69.994190890554705, 46.806262660435799 ], [ -69.987903861496804, 46.803388380091057 ], [ -69.988385709516038, 46.798212653717037 ], [ -69.995153344304072, 46.795911104701837 ] ] ] } },
{ "type": "Feature", "properties": { "hex_id": 904897, "centroid_lon": -69.988867424271035, "centroid_lat": 46.793036918829863, "occurrences_today": 3, "datetimes_today": "2026-06-19 00:01:38, 2026-06-19 00:16:36, 2026-06-19 00:31:15", "cumulative_total": 74.0 }, "geometry": { "type": "Polygon", "coordinates": [ [ [ -69.989349005807767, 46.787861175430891 ], [ -69.995634371548789, 46.790735314080109 ], [ -69.995153344304072, 46.795911104701837 ], [ -69.988385709516038, 46.798212653717037 ], [ -69.982099922724231, 46.79533809911662 ], [ -69.982582191725257, 46.79016241151799 ], [ -69.989349005807767, 46.787861175430891 ] ] ] } },
{ "type": "Feature", "properties": { "hex_id": 905508, "centroid_lon": -69.981617520312071, "centroid_lat": 46.800513778192972, "occurrences_today": 3, "datetimes_today": "2026-06-19 00:01:38, 2026-06-19 00:16:36, 2026-06-19 00:31:15", "cumulative_total": 74.0 }, "geometry": { "type": "Polygon", "coordinates": [ [ [ -69.982099922724231, 46.79533809911662 ], [ -69.988385709516038, 46.798212653717037 ], [ -69.987903861496804, 46.803388380091057 ], [ -69.981134984442676, 46.805689448745717 ], [ -69.974848776738241, 46.802814478037533 ], [ -69.975331866954463, 46.797638854848238 ], [ -69.982099922724231, 46.79533809911662 ] ] ] } },
{ "type": "Feature", "properties": { "hex_id": 906118, "centroid_lon": -69.97581482356658, "centroid_lat": 46.792463223126212, "occurrences_today": 3, "datetimes_today": "2026-06-19 00:01:38, 2026-06-19 00:16:36, 2026-06-19 00:31:15", "cumulative_total": 74.0 }, "geometry": { "type": "Polygon", "coordinates": [ [ [ -69.976297646620722, 46.787287582872828 ], [ -69.982582191725257, 46.79016241151799 ], [ -69.982099922724231, 46.79533809911662 ], [ -69.975331866954463, 46.797638854848238 ], [ -69.969046901377823, 46.7947636101635 ], [ -69.969530411996971, 46.789588025852495 ], [ -69.976297646620722, 46.787287582872828 ] ] ] } },
{ "type": "Feature", "properties": { "hex_id": 906729, "centroid_lon": -69.968563257007787, "centroid_lat": 46.799939185932637, "occurrences_today": 3, "datetimes_today": "2026-06-19 00:01:38, 2026-06-19 00:16:36, 2026-06-19 00:31:15", "cumulative_total": 74.0 }, "geometry": { "type": "Polygon", "coordinates": [ [ [ -69.969046901377823, 46.7947636101635 ], [ -69.975331866954463, 46.797638854848238 ], [ -69.974848776738241, 46.802814478037533 ], [ -69.968079478840664, 46.805114753158584 ], [ -69.961794092930418, 46.802239092277759 ], [ -69.962278425205156, 46.797063572537745 ], [ -69.969046901377823, 46.7947636101635 ] ] ] } },
{ "type": "Feature", "properties": { "hex_id": 907339, "centroid_lon": -69.962762623536022, "centroid_lat": 46.79188804424539, "occurrences_today": 3, "datetimes_today": "2026-06-19 00:01:38, 2026-06-19 00:16:36, 2026-06-19 00:31:15", "cumulative_total": 74.0 }, "geometry": { "type": "Polygon", "coordinates": [ [ [ -69.96324668796926, 46.786712507402065 ], [ -69.969530411996971, 46.789588025852495 ], [ -69.969046901377823, 46.7947636101635 ], [ -69.962278425205156, 46.797063572537745 ], [ -69.95599428128412, 46.794187637959503 ], [ -69.956479033382848, 46.789012157200581 ], [ -69.96324668796926, 46.786712507402065 ] ] ] } },
{ "type": "Feature", "properties": { "hex_id": 907950, "centroid_lon": -69.955509395094808, "centroid_lat": 46.799363110156904, "occurrences_today": 3, "datetimes_today": "2026-06-19 00:01:38, 2026-06-19 00:16:36, 2026-06-19 00:31:15", "cumulative_total": 74.0 }, "geometry": { "type": "Polygon", "coordinates": [ [ [ -69.95599428128412, 46.794187637959503 ], [ -69.962278425205156, 46.797063572537745 ], [ -69.961794092930418, 46.802239092277759 ], [ -69.955024374768584, 46.804538573791483 ], [ -69.948739811093034, 46.80166222292894 ], [ -69.949225385287491, 46.796486806902742 ], [ -69.95599428128412, 46.794187637959503 ] ] ] } },
{ "type": "Feature", "properties": { "hex_id": 909171, "centroid_lon": -69.94245593559252, "centroid_lat": 46.798785550983105, "occurrences_today": 3, "datetimes_today": "2026-06-19 00:01:38, 2026-06-19 00:16:36, 2026-06-19 00:31:15", "cumulative_total": 86.0 }, "geometry": { "type": "Polygon", "coordinates": [ [ [ -69.942942063462155, 46.793610182621904 ], [ -69.949225385287491, 46.796486806902742 ], [ -69.948739811093034, 46.80166222292894 ], [ -69.941969673246206, 46.803960910761759 ], [ -69.935685932245548, 46.801083870108577 ], [ -69.936172748220599, 46.795908558060674 ], [ -69.942942063462155, 46.793610182621904 ] ] ] } },
{ "type": "Feature", "properties": { "hex_id": 663630, "centroid_lon": -72.65320379412492, "centroid_lat": 45.015843976395921, "occurrences_today": 1, "datetimes_today": "2026-06-19 00:31:15", "cumulative_total": 10.0 }, "geometry": { "type": "Polygon", "coordinates": [ [ [ -72.653415984974458, 45.010651089419447 ], [ -72.659649996437622, 45.013377705102435 ], [ -72.659438348878695, 45.018570612753834 ], [ -72.652991545691677, 45.021036857843562 ], [ -72.646757048531143, 45.018309871133184 ], [ -72.64696984023594, 45.013117010423649 ], [ -72.653415984974458, 45.010651089419447 ] ] ] } },
{ "type": "Feature", "properties": { "hex_id": 796834, "centroid_lon": -71.150489686199279, "centroid_lat": 46.767939708326125, "occurrences_today": 3, "datetimes_today": "2026-06-19 00:01:38, 2026-06-19 00:16:36, 2026-06-19 00:31:15", "cumulative_total": 38.0 }, "geometry": { "type": "Polygon", "coordinates": [ [ [ -71.150859501442255, 46.762755794106972 ], [ -71.157207971971147, 46.765567640373696 ], [ -71.15683872951071, 46.770751590712173 ], [ -71.150119768528981, 46.773123615579387 ], [ -71.143770827662578, 46.770311362689448 ], [ -71.144141318080003, 46.76512749162201 ], [ -71.150859501442255, 46.762755794106972 ] ] ] } },
{ "type": "Feature", "properties": { "hex_id": 882275, "centroid_lon": -70.27587248066979, "centroid_lat": 46.282992844324035, "occurrences_today": 3, "datetimes_today": "2026-06-19 00:01:38, 2026-06-19 00:16:36, 2026-06-19 00:31:15", "cumulative_total": 85.0 }, "geometry": { "type": "Polygon", "coordinates": [ [ [ -70.276318534160538, 46.27781442667208 ], [ -70.282563603620673, 46.280671292592011 ], [ -70.282118094121373, 46.285849754335082 ], [ -70.27542630456125, 46.288171253937655 ], [ -70.269180813748363, 46.285313981155355 ], [ -70.269627533806556, 46.280135615697631 ], [ -70.276318534160538, 46.27781442667208 ] ] ] } },
{ "type": "Feature", "properties": { "hex_id": 882886, "centroid_lon": -70.268733970886629, "centroid_lat": 46.290492338565144, "occurrences_today": 3, "datetimes_today": "2026-06-19 00:01:38, 2026-06-19 00:16:36, 2026-06-19 00:31:15", "cumulative_total": 67.0 }, "geometry": { "type": "Polygon", "coordinates": [ [ [ -70.269180813748363, 46.285313981155355 ], [ -70.27542630456125, 46.288171253937655 ], [ -70.274980005793097, 46.293349655511733 ], [ -70.268287005179516, 46.295670687925835 ], [ -70.262041093139402, 46.292813008126473 ], [ -70.262488602898188, 46.287634702994872 ], [ -70.269180813748363, 46.285313981155355 ] ] ] } },
{ "type": "Feature", "properties": { "hex_id": 883496, "centroid_lon": -70.26293598966771, "centroid_lat": 46.282456389805752, "occurrences_today": 3, "datetimes_today": "2026-06-19 00:01:38, 2026-06-19 00:16:36, 2026-06-19 00:31:15", "cumulative_total": 57.0 }, "geometry": { "type": "Polygon", "coordinates": [ [ [ -70.263383253489863, 46.277278068560335 ], [ -70.269627533806556, 46.280135615697631 ], [ -70.269180813748363, 46.285313981155355 ], [ -70.262488602898188, 46.287634702994872 ], [ -70.256243901785879, 46.284776748905458 ], [ -70.25669183227744, 46.279598479993417 ], [ -70.263383253489863, 46.277278068560335 ] ] ] } },
{ "type": "Feature", "properties": { "hex_id": 884107, "centroid_lon": -70.255795848161213, "centroid_lat": 46.28995500975158, "occurrences_today": 3, "datetimes_today": "2026-06-19 00:01:38, 2026-06-19 00:16:36, 2026-06-19 00:31:15", "cumulative_total": 57.0 }, "geometry": { "type": "Polygon", "coordinates": [ [ [ -70.256243901785879, 46.284776748905458 ], [ -70.262488602898188, 46.287634702994872 ], [ -70.262041093139402, 46.292813008126473 ], [ -70.255347671361434, 46.295133262530584 ], [ -70.249102549579348, 46.292274901334416 ], [ -70.249551270202986, 46.287096692905685 ], [ -70.256243901785879, 46.284776748905458 ] ] ] } },
{ "type": "Feature", "properties": { "hex_id": 683787, "centroid_lon": -72.436685441764695, "centroid_lat": 45.17489821771612, "occurrences_today": 3, "datetimes_today": "2026-06-19 00:01:38, 2026-06-19 00:16:36, 2026-06-19 00:31:15", "cumulative_total": 280.0 }, "geometry": { "type": "Polygon", "coordinates": [ [ [ -72.436918485232468, 45.169706318496324 ], [ -72.443158664427997, 45.172444848244083 ], [ -72.442926165773471, 45.177636770291059 ], [ -72.436452334947845, 45.180090111251893 ], [ -72.430211674298619, 45.177351206587687 ], [ -72.430445325907684, 45.172159335942531 ], [ -72.436918485232468, 45.169706318496324 ] ] ] } },
{ "type": "Feature", "properties": { "hex_id": 699049, "centroid_lon": -72.278147804248377, "centroid_lat": 45.16343169156206, "occurrences_today": 3, "datetimes_today": "2026-06-19 00:01:38, 2026-06-19 00:16:36, 2026-06-19 00:31:15", "cumulative_total": 77.0 }, "geometry": { "type": "Polygon", "coordinates": [ [ [ -72.278395151824554, 45.158240445940443 ], [ -72.284626092886697, 45.160987442059032 ], [ -72.284379287548276, 45.166178712028064 ], [ -72.277900389452412, 45.16862293138098 ], [ -72.27166897338347, 45.165875559130818 ], [ -72.27191693039488, 45.160684343722664 ], [ -72.278395151824554, 45.158240445940443 ] ] ] } },
{ "type": "Feature", "properties": { "hex_id": 792549, "centroid_lon": -71.208776709984434, "centroid_lat": 46.590612702644798, "occurrences_today": 3, "datetimes_today": "2026-06-19 00:01:38, 2026-06-19 00:16:36, 2026-06-19 00:31:15", "cumulative_total": 62.0 }, "geometry": { "type": "Polygon", "coordinates": [ [ [ -71.209138686392279, 46.585428274584388 ], [ -71.215470180782248, 46.588236426572124 ], [ -71.215108772649387, 46.59342089006897 ], [ -71.208414633549779, 46.595797123817647 ], [ -71.202082670928846, 46.59298856808693 ], [ -71.202445315604066, 46.587804182416598 ], [ -71.209138686392279, 46.585428274584388 ] ] ] } },
{ "type": "Feature", "properties": { "hex_id": 821364, "centroid_lon": -70.7527354429876, "centroid_lat": 48.468586312228013, "occurrences_today": 3, "datetimes_today": "2026-06-19 00:01:38, 2026-06-19 00:16:36, 2026-06-19 00:31:15", "cumulative_total": 43.0 }, "geometry": { "type": "Polygon", "coordinates": [ [ [ -70.753168421561156, 48.463406488352931 ], [ -70.759697351093493, 48.466245570305738 ], [ -70.759264993861834, 48.471425435474679 ], [ -70.752302341598877, 48.473766128514079 ], [ -70.745772913562021, 48.470926612712141 ], [ -70.746206636248189, 48.465746837790611 ], [ -70.753168421561156, 48.463406488352931 ] ] ] } },
{ "type": "Feature", "properties": { "hex_id": 822585, "centroid_lon": -70.739244229829836, "centroid_lat": 48.468086745770471, "occurrences_today": 3, "datetimes_today": "2026-06-19 00:01:38, 2026-06-19 00:16:36, 2026-06-19 00:31:15", "cumulative_total": 43.0 }, "geometry": { "type": "Polygon", "coordinates": [ [ [ -70.739678573599122, 48.462907012275544 ], [ -70.746206636248189, 48.465746837790611 ], [ -70.745772913562021, 48.470926612712141 ], [ -70.738809762861251, 48.473266471658157 ], [ -70.732281202350663, 48.470426212192557 ], [ -70.732716290357772, 48.465246527802123 ], [ -70.739678573599122, 48.462907012275544 ] ] ] } },
{ "type": "Feature", "properties": { "hex_id": 859672, "centroid_lon": -70.533584061738409, "centroid_lat": 46.067310151529341, "occurrences_today": 3, "datetimes_today": "2026-06-19 00:01:38, 2026-06-19 00:16:36, 2026-06-19 00:31:15", "cumulative_total": 41.0 }, "geometry": { "type": "Polygon", "coordinates": [ [ [ -70.534002671841748, 46.062129662786425 ], [ -70.54023855683505, 46.064972080721866 ], [ -70.53982048862261, 46.070152610961443 ], [ -70.533165336835992, 46.07249063260339 ], [ -70.526929024770325, 46.069647812649066 ], [ -70.527348291524703, 46.064467373136146 ], [ -70.534002671841748, 46.062129662786425 ] ] ] } },
{ "type": "Feature", "properties": { "hex_id": 557404, "centroid_lon": -73.756641142557243, "centroid_lat": 45.048785447923912, "occurrences_today": 3, "datetimes_today": "2026-06-19 00:01:38, 2026-06-19 00:16:36, 2026-06-19 00:31:15", "cumulative_total": 71.0 }, "geometry": { "type": "Polygon", "coordinates": [ [ [ -73.75675371527845, 45.043589450730167 ], [ -73.763044996124876, 45.046256386167244 ], [ -73.762932982564266, 45.051452393297019 ], [ -73.756528539256323, 45.053981440148839 ], [ -73.7502367298341, 45.051314143244866 ], [ -73.750349892285499, 45.046118161019479 ], [ -73.75675371527845, 45.043589450730167 ] ] ] } },
{ "type": "Feature", "properties": { "hex_id": 1007507, "centroid_lon": -68.811589782363782, "centroid_lat": 47.452518157454783, "occurrences_today": 3, "datetimes_today": "2026-06-19 00:01:38, 2026-06-19 00:16:36, 2026-06-19 00:31:15", "cumulative_total": 57.0 }, "geometry": { "type": "Polygon", "coordinates": [ [ [ -68.812197961291716, 47.447353440644996 ], [ -68.818487875821901, 47.450292880921211 ], [ -68.81788025024747, 47.455457656612722 ], [ -68.810981434003992, 47.457682863653027 ], [ -68.804691135581848, 47.454742989880216 ], [ -68.805300037235767, 47.449578342630083 ], [ -68.812197961291716, 47.447353440644996 ] ] ] } },
{ "type": "Feature", "properties": { "hex_id": 1008117, "centroid_lon": -68.805908769312808, "centroid_lat": 47.444413684757066, "occurrences_today": 3, "datetimes_today": "2026-06-19 00:01:38, 2026-06-19 00:16:36, 2026-06-19 00:31:15", "cumulative_total": 57.0 }, "geometry": { "type": "Polygon", "coordinates": [ [ [ -68.806517331872342, 47.439249016263275 ], [ -68.812805970847151, 47.442188713225789 ], [ -68.812197961291716, 47.447353440644996 ], [ -68.805300037235767, 47.449578342630083 ], [ -68.799011014804023, 47.446638212248438 ], [ -68.799620299825776, 47.441473613367208 ], [ -68.806517331872342, 47.439249016263275 ] ] ] } },
{ "type": "Feature", "properties": { "hex_id": 1009338, "centroid_lon": -68.792722715009134, "centroid_lat": 47.443697766419632, "occurrences_today": 3, "datetimes_today": "2026-06-19 00:01:38, 2026-06-19 00:16:36, 2026-06-19 00:31:15", "cumulative_total": 57.0 }, "geometry": { "type": "Polygon", "coordinates": [ [ [ -68.793332552771275, 47.438533226585207 ], [ -68.799620299825776, 47.441473613367208 ], [ -68.799011014804023, 47.446638212248438 ], [ -68.792112707380255, 47.448862295608421 ], [ -68.785824577481833, 47.445921475329101 ], [ -68.786435137791599, 47.440757005253481 ], [ -68.793332552771275, 47.438533226585207 ] ] ] } },
{ "type": "Feature", "properties": { "hex_id": 1009948, "centroid_lon": -68.787045528089806, "centroid_lat": 47.43559252452085, "occurrences_today": 3, "datetimes_today": "2026-06-19 00:01:38, 2026-06-19 00:16:36, 2026-06-19 00:31:15", "cumulative_total": 57.0 }, "geometry": { "type": "Polygon", "coordinates": [ [ [ -68.787655748436023, 47.43042803313336 ], [ -68.79394222072618, 47.433368676107293 ], [ -68.793332552771275, 47.438533226585207 ], [ -68.786435137791599, 47.440757005253481 ], [ -68.780148283091918, 47.437815928859763 ], [ -68.780759225721923, 47.432651507283857 ], [ -68.787655748436023, 47.43042803313336 ] ] ] } },
{ "type": "Feature", "properties": { "hex_id": 1010559, "centroid_lon": -68.779537170305616, "centroid_lat": 47.44298033976726, "occurrences_today": 3, "datetimes_today": "2026-06-19 00:01:38, 2026-06-19 00:16:36, 2026-06-19 00:31:15", "cumulative_total": 56.0 }, "geometry": { "type": "Polygon", "coordinates": [ [ [ -68.780148283091918, 47.437815928859763 ], [ -68.786435137791599, 47.440757005253481 ], [ -68.785824577481833, 47.445921475329101 ], [ -68.778925887303444, 47.448144740004203 ], [ -68.772638650372926, 47.445203230035141 ], [ -68.773250485792019, 47.440038889032671 ], [ -68.780148283091918, 47.437815928859763 ] ] ] } },
{ "type": "Feature", "properties": { "hex_id": 1011169, "centroid_lon": -68.773862150850505, "centroid_lat": 47.434874537348271, "occurrences_today": 3, "datetimes_today": "2026-06-19 00:01:38, 2026-06-19 00:16:36, 2026-06-19 00:31:15", "cumulative_total": 56.0 }, "geometry": { "type": "Polygon", "coordinates": [ [ [ -68.774473645608055, 47.429710174984073 ], [ -68.780759225721923, 47.432651507283857 ], [ -68.780148283091918, 47.437815928859763 ], [ -68.773250485792019, 47.440038889032671 ], [ -68.76696452388137, 47.437097123235134 ], [ -68.767576741007773, 47.431932830828735 ], [ -68.774473645608055, 47.429710174984073 ] ] ] } },
{ "type": "Feature", "properties": { "hex_id": 1011778, "centroid_lon": -68.770023905654512, "centroid_lat": 47.411275554313157, "occurrences_today": 3, "datetimes_today": "2026-06-19 00:01:38, 2026-06-19 00:16:36, 2026-06-19 00:31:15", "cumulative_total": 57.0 }, "geometry": { "type": "Polygon", "coordinates": [ [ [ -68.770635271149587, 47.406111208472609 ], [ -68.776917922820758, 47.409052618772925 ], [ -68.776307108671091, 47.414217023834532 ], [ -68.769412369952391, 47.416439889471206 ], [ -68.763129337172643, 47.413498045983779 ], [ -68.763741424160614, 47.40833377011306 ], [ -68.770635271149587, 47.406111208472609 ] ] ] } },
{ "type": "Feature", "properties": { "hex_id": 1011779, "centroid_lon": -68.768188787688629, "centroid_lat": 47.42676852773117, "occurrences_today": 3, "datetimes_today": "2026-06-19 00:01:38, 2026-06-19 00:16:36, 2026-06-19 00:31:15", "cumulative_total": 57.0 }, "geometry": { "type": "Polygon", "coordinates": [ [ [ -68.768800663983626, 47.421604213944597 ], [ -68.775084970124283, 47.424545801942273 ], [ -68.774473645608055, 47.429710174984073 ], [ -68.767576741007773, 47.431932830828735 ], [ -68.761292053504036, 47.428990809410976 ], [ -68.761904651904032, 47.423826565634926 ], [ -68.768800663983626, 47.421604213944597 ] ] ] } },
{ "type": "Feature", "properties": { "hex_id": 1012390, "centroid_lon": -68.760679284513998, "centroid_lat": 47.434155042484448, "occurrences_today": 3, "datetimes_today": "2026-06-19 00:01:38, 2026-06-19 00:16:36, 2026-06-19 00:31:15", "cumulative_total": 56.0 }, "geometry": { "type": "Polygon", "coordinates": [ [ [ -68.761292053504036, 47.428990809410976 ], [ -68.767576741007773, 47.431932830828735 ], [ -68.76696452388137, 47.437097123235134 ], [ -68.760066344874176, 47.439319264853168 ], [ -68.753781276186487, 47.436376809859844 ], [ -68.754394767630188, 47.431212646890359 ], [ -68.761292053504036, 47.428990809410976 ] ] ] } },
{ "type": "Feature", "properties": { "hex_id": 1013000, "centroid_lon": -68.755008088279624, "centroid_lat": 47.426048473204695, "occurrences_today": 3, "datetimes_today": "2026-06-19 00:01:38, 2026-06-19 00:16:36, 2026-06-19 00:31:15", "cumulative_total": 56.0 }, "geometry": { "type": "Polygon", "coordinates": [ [ [ -68.75562123819455, 47.420884288805034 ], [ -68.761904651904032, 47.423826565634926 ], [ -68.761292053504036, 47.428990809410976 ], [ -68.754394767630188, 47.431212646890359 ], [ -68.748110973170142, 47.42826993656265 ], [ -68.748724845274765, 47.423105822319648 ], [ -68.75562123819455, 47.420884288805034 ] ] ] } },
{ "type": "Feature", "properties": { "hex_id": 1014221, "centroid_lon": -68.74182790107406, "centroid_lat": 47.425326911611037, "occurrences_today": 3, "datetimes_today": "2026-06-19 00:01:38, 2026-06-19 00:16:36, 2026-06-19 00:31:15", "cumulative_total": 56.0 }, "geometry": { "type": "Polygon", "coordinates": [ [ [ -68.742442324429675, 47.420162856865574 ], [ -68.748724845274765, 47.423105822319648 ], [ -68.748110973170142, 47.42826993656265 ], [ -68.741213306635402, 47.430490955617472 ], [ -68.734930405652293, 47.427547556587953 ], [ -68.735545551282073, 47.4223835721453 ], [ -68.742442324429675, 47.420162856865574 ] ] ] } },
{ "type": "Feature", "properties": { "hex_id": 1016052, "centroid_lon": -68.72298301837067, "centroid_lat": 47.41649595011031, "occurrences_today": 3, "datetimes_today": "2026-06-19 00:01:38, 2026-06-19 00:16:36, 2026-06-19 00:31:15", "cumulative_total": 42.0 }, "geometry": { "type": "Polygon", "coordinates": [ [ [ -68.723599094254482, 47.411332074186255 ], [ -68.729879448979446, 47.414275982689169 ], [ -68.729263923734251, 47.419439918275145 ], [ -68.722366770971234, 47.421659815260988 ], [ -68.716086037153261, 47.418715473183028 ], [ -68.716702835131315, 47.413551667760508 ], [ -68.723599094254482, 47.411332074186255 ] ] ] } },
{ "type": "Feature", "properties": { "hex_id": 1017273, "centroid_lon": -68.709806025603584, "centroid_lat": 47.415770816975048, "occurrences_today": 3, "datetimes_today": "2026-06-19 00:01:38, 2026-06-19 00:16:36, 2026-06-19 00:31:15", "cumulative_total": 42.0 }, "geometry": { "type": "Polygon", "coordinates": [ [ [ -68.710423373956147, 47.41060707133542 ], [ -68.716702835131315, 47.413551667760508 ], [ -68.716086037153261, 47.418715473183028 ], [ -68.709188505387303, 47.420934551816153 ], [ -68.702908665731442, 47.417989521738761 ], [ -68.703526736262106, 47.412825846746777 ], [ -68.710423373956147, 47.41060707133542 ] ] ] } },
{ "type": "Feature", "properties": { "hex_id": 774215, "centroid_lon": -71.423616550387194, "centroid_lat": 46.301342539701992, "occurrences_today": 3, "datetimes_today": "2026-06-19 00:01:38, 2026-06-19 00:16:36, 2026-06-19 00:31:15", "cumulative_total": 303.0 }, "geometry": { "type": "Polygon", "coordinates": [ [ [ -71.423954612463703, 46.296156594964863 ], [ -71.430265248347794, 46.298952310127007 ], [ -71.42992774916425, 46.304138288042886 ], [ -71.423278395221757, 46.306528477804314 ], [ -71.416967289549561, 46.303732364538206 ], [ -71.41730600757613, 46.298546459680189 ], [ -71.423954612463703, 46.296156594964863 ] ] ] } },
{ "type": "Feature", "properties": { "hex_id": 880499, "centroid_lon": -70.21957671039479, "centroid_lat": 47.145912699423967, "occurrences_today": 3, "datetimes_today": "2026-06-19 00:01:38, 2026-06-19 00:16:36, 2026-06-19 00:31:15", "cumulative_total": 178.0 }, "geometry": { "type": "Polygon", "coordinates": [ [ [ -70.220041870833711, 47.140735487963482 ], [ -70.226380774284408, 47.143598760022705 ], [ -70.225916182804355, 47.148776016826361 ], [ -70.219111420615818, 47.151089902672744 ], [ -70.212772077568829, 47.148226211493764 ], [ -70.213237936261564, 47.143049053654977 ], [ -70.220041870833711, 47.140735487963482 ] ] ] } },
{ "type": "Feature", "properties": { "hex_id": 881109, "centroid_lon": -70.213703665462461, "centroid_lat": 47.137871887595594, "occurrences_today": 3, "datetimes_today": "2026-06-19 00:01:38, 2026-06-19 00:16:36, 2026-06-19 00:31:15", "cumulative_total": 259.0 }, "geometry": { "type": "Polygon", "coordinates": [ [ [ -70.214169265216626, 47.132694713316845 ], [ -70.220506901977714, 47.135558268292527 ], [ -70.220041870833711, 47.140735487963482 ], [ -70.213237936261564, 47.143049053654977 ], [ -70.206899860359599, 47.140185079627251 ], [ -70.20736615812551, 47.135007959026886 ], [ -70.214169265216626, 47.132694713316845 ] ] ] } },
{ "type": "Feature", "properties": { "hex_id": 697855, "centroid_lon": -72.270691577880982, "centroid_lat": 45.584210143885699, "occurrences_today": 3, "datetimes_today": "2026-06-19 00:01:38, 2026-06-19 00:16:36, 2026-06-19 00:31:15", "cumulative_total": 14.0 }, "geometry": { "type": "Polygon", "coordinates": [ [ [ -72.270943266341803, 45.579019314258609 ], [ -72.277219293763508, 45.581767608855543 ], [ -72.276968159621163, 45.586958463094305 ], [ -72.27043982067795, 45.589400967689912 ], [ -72.264163307691518, 45.586652291511143 ], [ -72.264415619189947, 45.581461492382857 ], [ -72.270943266341803, 45.579019314258609 ] ] ] } },
{ "type": "Feature", "properties": { "hex_id": 709488, "centroid_lon": -72.122271960900449, "centroid_lat": 46.102831426379616, "occurrences_today": 3, "datetimes_today": "2026-06-19 00:01:38, 2026-06-19 00:16:36, 2026-06-19 00:31:15", "cumulative_total": 176.0 }, "geometry": { "type": "Polygon", "coordinates": [ [ [ -72.122542166440724, 46.09764172893005 ], [ -72.128867874871645, 46.100399180509413 ], [ -72.128598236917611, 46.105588904261104 ], [ -72.122001681093749, 46.10802111786748 ], [ -72.115675479355659, 46.105263276673419 ], [ -72.115946326723304, 46.100073611553093 ], [ -72.122542166440724, 46.09764172893005 ] ] ] } },
{ "type": "Feature", "properties": { "hex_id": 602601, "centroid_lon": -73.277591024901071, "centroid_lat": 45.354389762660887, "occurrences_today": 3, "datetimes_today": "2026-06-19 00:01:38, 2026-06-19 00:16:36, 2026-06-19 00:31:15", "cumulative_total": 135.0 }, "geometry": { "type": "Polygon", "coordinates": [ [ [ -73.277748628748554, 45.349195170841817 ], [ -73.284050087244637, 45.351888526385324 ], [ -73.28389304513324, 45.357083132921339 ], [ -73.277433378097314, 45.35958434930609 ], [ -73.271131400828622, 45.356890624037 ], [ -73.271289609354099, 45.351696052172827 ], [ -73.277748628748554, 45.349195170841817 ] ] ] } },
{ "type": "Feature", "properties": { "hex_id": 693621, "centroid_lon": -72.285685802115253, "centroid_lat": 46.200367765596418, "occurrences_today": 3, "datetimes_today": "2026-06-19 00:01:38, 2026-06-19 00:16:36, 2026-06-19 00:31:15", "cumulative_total": 133.0 }, "geometry": { "type": "Polygon", "coordinates": [ [ [ -72.285941544039829, 46.195177433046446 ], [ -72.292286807057067, 46.197926213374842 ], [ -72.292031638130041, 46.20311657068094 ], [ -72.28542998980241, 46.205558092315826 ], [ -72.279084224187869, 46.202808922497027 ], [ -72.279340609474261, 46.197618620599457 ], [ -72.285941544039829, 46.195177433046446 ] ] ] } },
{ "type": "Feature", "properties": { "hex_id": 694231, "centroid_lon": -72.2795969242176, "centroid_lat": 46.192428312866376, "occurrences_today": 3, "datetimes_today": "2026-06-19 00:01:38, 2026-06-19 00:16:36, 2026-06-19 00:31:15", "cumulative_total": 145.0 }, "geometry": { "type": "Polygon", "coordinates": [ [ [ -72.279853168441946, 46.187237999298127 ], [ -72.286197215600211, 46.189987094666328 ], [ -72.285941544039829, 46.195177433046446 ], [ -72.279340609474261, 46.197618620599457 ], [ -72.272996060183033, 46.194869135792715 ], [ -72.273252947566291, 46.189678852937178 ], [ -72.279853168441946, 46.187237999298127 ] ] ] } },
{ "type": "Feature", "properties": { "hex_id": 694842, "centroid_lon": -72.27273910210198, "centroid_lat": 46.200059412807732, "occurrences_today": 3, "datetimes_today": "2026-06-19 00:01:38, 2026-06-19 00:16:36, 2026-06-19 00:31:15", "cumulative_total": 145.0 }, "geometry": { "type": "Polygon", "coordinates": [ [ [ -72.272996060183033, 46.194869135792715 ], [ -72.279340609474261, 46.197618620599457 ], [ -72.279084224187869, 46.202808922497027 ], [ -72.272482073298988, 46.205249683981826 ], [ -72.266137021947088, 46.202499809576366 ], [ -72.266394623520611, 46.197309563350515 ], [ -72.272996060183033, 46.194869135792715 ] ] ] } },
{ "type": "Feature", "properties": { "hex_id": 695452, "centroid_lon": -72.266652154217468, "centroid_lat": 46.192119311278766, "occurrences_today": 3, "datetimes_today": "2026-06-19 00:01:38, 2026-06-19 00:16:36, 2026-06-19 00:31:15", "cumulative_total": 145.0 }, "geometry": { "type": "Polygon", "coordinates": [ [ [ -72.266909614061845, 46.186929053361446 ], [ -72.273252947566291, 46.189678852937178 ], [ -72.272996060183033, 46.194869135792715 ], [ -72.266394623520611, 46.197309563350515 ], [ -72.260050788419605, 46.194559374228056 ], [ -72.260308891553393, 46.1893691471602 ], [ -72.266909614061845, 46.186929053361446 ] ] ] } },
{ "type": "Feature", "properties": { "hex_id": 695453, "centroid_lon": -72.265879349472712, "centroid_lat": 46.207690049955929, "occurrences_today": 3, "datetimes_today": "2026-06-19 00:01:38, 2026-06-19 00:16:36, 2026-06-19 00:31:15", "cumulative_total": 133.0 }, "geometry": { "type": "Polygon", "coordinates": [ [ [ -72.266137021947088, 46.202499809576366 ], [ -72.272482073298988, 46.205249683981826 ], [ -72.272224973749914, 46.210439949314683 ], [ -72.265621606073267, 46.212880284488847 ], [ -72.259276052733242, 46.21013002032447 ], [ -72.259534369033773, 46.204939810810551 ], [ -72.266137021947088, 46.202499809576366 ] ] ] } },
{ "type": "Feature", "properties": { "hex_id": 696063, "centroid_lon": -72.259792614254479, "centroid_lat": 46.199749595444963, "occurrences_today": 3, "datetimes_today": "2026-06-19 00:01:38, 2026-06-19 00:16:36, 2026-06-19 00:31:15", "cumulative_total": 145.0 }, "geometry": { "type": "Polygon", "coordinates": [ [ [ -72.260050788419605, 46.194559374228056 ], [ -72.266394623520611, 46.197309563350515 ], [ -72.266137021947088, 46.202499809576366 ], [ -72.259534369033773, 46.204939810810551 ], [ -72.253190032408881, 46.202189231981201 ], [ -72.253448850196932, 46.196999041690241 ], [ -72.260050788419605, 46.194559374228056 ] ] ] } },
{ "type": "Feature", "properties": { "hex_id": 696064, "centroid_lon": -72.259017665328585, "centroid_lat": 46.215320223986339, "occurrences_today": 3, "datetimes_today": "2026-06-19 00:01:38, 2026-06-19 00:16:36, 2026-06-19 00:31:15", "cumulative_total": 62.0 }, "geometry": { "type": "Polygon", "coordinates": [ [ [ -72.259276052733242, 46.21013002032447 ], [ -72.265621606073267, 46.212880284488847 ], [ -72.265363791724525, 46.218070513174752 ], [ -72.258759206795531, 46.220510421795773 ], [ -72.252413151540125, 46.217759767712266 ], [ -72.252672183104806, 46.212569594992587 ], [ -72.259276052733242, 46.21013002032447 ] ] ] } },
{ "type": "Feature", "properties": { "hex_id": 696673, "centroid_lon": -72.25370759677476, "centroid_lat": 46.191808845542937, "occurrences_today": 3, "datetimes_today": "2026-06-19 00:01:38, 2026-06-19 00:16:36, 2026-06-19 00:31:15", "cumulative_total": 145.0 }, "geometry": { "type": "Polygon", "coordinates": [ [ [ -72.253966272166636, 46.186618643539624 ], [ -72.260308891553393, 46.1893691471602 ], [ -72.260050788419605, 46.194559374228056 ], [ -72.253448850196932, 46.196999041690241 ], [ -72.247105729750174, 46.194248148414836 ], [ -72.24736504856179, 46.189057977397752 ], [ -72.253966272166636, 46.186618643539624 ] ] ] } },
{ "type": "Feature", "properties": { "hex_id": 696674, "centroid_lon": -72.252931143386277, "centroid_lat": 46.207379416415435, "occurrences_today": 3, "datetimes_today": "2026-06-19 00:01:38, 2026-06-19 00:16:36, 2026-06-19 00:31:15", "cumulative_total": 145.0 }, "geometry": { "type": "Polygon", "coordinates": [ [ [ -72.253190032408881, 46.202189231981201 ], [ -72.259534369033773, 46.204939810810551 ], [ -72.259276052733242, 46.21013002032447 ], [ -72.252672183104806, 46.212569594992587 ], [ -72.246327345028874, 46.209818626296183 ], [ -72.246586878008088, 46.204628472864428 ], [ -72.253190032408881, 46.202189231981201 ] ] ] } },
{ "type": "Feature", "properties": { "hex_id": 697284, "centroid_lon": -72.246846339573736, "centroid_lat": 46.199438313570539, "occurrences_today": 3, "datetimes_today": "2026-06-19 00:01:38, 2026-06-19 00:16:36, 2026-06-19 00:31:15", "cumulative_total": 170.0 }, "geometry": { "type": "Polygon", "coordinates": [ [ [ -72.247105729750174, 46.194248148414836 ], [ -72.253448850196932, 46.196999041690241 ], [ -72.253190032408881, 46.202189231981201 ], [ -72.246586878008088, 46.204628472864428 ], [ -72.240243256574317, 46.201877189774095 ], [ -72.240503290503995, 46.196687055681174 ], [ -72.247105729750174, 46.194248148414836 ] ] ] } },
{ "type": "Feature", "properties": { "hex_id": 697285, "centroid_lon": -72.246067740611721, "centroid_lat": 46.215008773865414, "occurrences_today": 3, "datetimes_today": "2026-06-19 00:01:38, 2026-06-19 00:16:36, 2026-06-19 00:31:15", "cumulative_total": 62.0 }, "geometry": { "type": "Polygon", "coordinates": [ [ [ -72.246327345028874, 46.209818626296183 ], [ -72.252672183104806, 46.212569594992587 ], [ -72.252413151540125, 46.217759767712266 ], [ -72.245808064732202, 46.220198915571743 ], [ -72.239462725278344, 46.217447556848114 ], [ -72.239722973985934, 46.212257440357938 ], [ -72.246327345028874, 46.209818626296183 ] ] ] } },
{ "type": "Feature", "properties": { "hex_id": 697894, "centroid_lon": -72.240763252889877, "centroid_lat": 46.191496915721395, "occurrences_today": 3, "datetimes_today": "2026-06-19 00:01:38, 2026-06-19 00:16:36, 2026-06-19 00:31:15", "cumulative_total": 72.0 }, "geometry": { "type": "Polygon", "coordinates": [ [ [ -72.241023143756394, 46.186306769895147 ], [ -72.24736504856179, 46.189057977397752 ], [ -72.247105729750174, 46.194248148414836 ], [ -72.240503290503995, 46.196687055681174 ], [ -72.234160885175243, 46.193935458415766 ], [ -72.234421419591641, 46.18874534371249 ], [ -72.241023143756394, 46.186306769895147 ] ] ] } },
{ "type": "Feature", "properties": { "hex_id": 697895, "centroid_lon": -72.239983151076444, "centroid_lat": 46.207067317999822, "occurrences_today": 3, "datetimes_today": "2026-06-19 00:01:38, 2026-06-19 00:16:36, 2026-06-19 00:31:15", "cumulative_total": 88.0 }, "geometry": { "type": "Polygon", "coordinates": [ [ [ -72.240243256574317, 46.201877189774095 ], [ -72.246586878008088, 46.204628472864428 ], [ -72.246327345028874, 46.209818626296183 ], [ -72.239722973985934, 46.212257440357938 ], [ -72.233378851638363, 46.209505767292555 ], [ -72.233639601223103, 46.204315670206164 ], [ -72.240243256574317, 46.201877189774095 ] ] ] } },
{ "type": "Feature", "properties": { "hex_id": 698505, "centroid_lon": -72.233900279060563, "centroid_lat": 46.199125567247115, "occurrences_today": 3, "datetimes_today": "2026-06-19 00:01:38, 2026-06-19 00:16:36, 2026-06-19 00:31:15", "cumulative_total": 98.0 }, "geometry": { "type": "Polygon", "coordinates": [ [ [ -72.234160885175243, 46.193935458415766 ], [ -72.240503290503995, 46.196687055681174 ], [ -72.240243256574317, 46.201877189774095 ], [ -72.233639601223103, 46.204315670206164 ], [ -72.227296695444352, 46.201563683017895 ], [ -72.227557945442371, 46.196373605386114 ], [ -72.234160885175243, 46.193935458415766 ] ] ] } },
{ "type": "Feature", "properties": { "hex_id": 698506, "centroid_lon": -72.233118030281872, "centroid_lat": 46.214695858505898, "occurrences_today": 3, "datetimes_today": "2026-06-19 00:01:38, 2026-06-19 00:16:36, 2026-06-19 00:31:15", "cumulative_total": 62.0 }, "geometry": { "type": "Polygon", "coordinates": [ [ [ -72.233378851638363, 46.209505767292555 ], [ -72.239722973985934, 46.212257440357938 ], [ -72.239462725278344, 46.217447556848114 ], [ -72.232857137129116, 46.21988594384581 ], [ -72.226512513941174, 46.2171338806452 ], [ -72.226773979718317, 46.211943820647811 ], [ -72.233378851638363, 46.209505767292555 ] ] ] } },
{ "type": "Feature", "properties": { "hex_id": 699116, "centroid_lon": -72.227035373544524, "centroid_lat": 46.206753754771931, "occurrences_today": 3, "datetimes_today": "2026-06-19 00:01:38, 2026-06-19 00:16:36, 2026-06-19 00:31:15", "cumulative_total": 88.0 }, "geometry": { "type": "Polygon", "coordinates": [ [ [ -72.227296695444352, 46.201563683017895 ], [ -72.233639601223103, 46.204315670206164 ], [ -72.233378851638363, 46.209505767292555 ], [ -72.226773979718317, 46.211943820647811 ], [ -72.220430573563121, 46.209191443376604 ], [ -72.220692539679874, 46.204001402898754 ], [ -72.227296695444352, 46.201563683017895 ] ] ] } },
{ "type": "Feature", "properties": { "hex_id": 699726, "centroid_lon": -72.220954433715718, "centroid_lat": 46.198811356537703, "occurrences_today": 3, "datetimes_today": "2026-06-19 00:01:38, 2026-06-19 00:16:36, 2026-06-19 00:31:15", "cumulative_total": 88.0 }, "geometry": { "type": "Polygon", "coordinates": [ [ [ -72.221216255695225, 46.193621304293764 ], [ -72.227557945442371, 46.196373605386114 ], [ -72.227296695444352, 46.201563683017895 ], [ -72.220692539679874, 46.204001402898754 ], [ -72.214350350019856, 46.201248711775733 ], [ -72.214612816012604, 46.196058690868213 ], [ -72.221216255695225, 46.193621304293764 ] ] ] } },
{ "type": "Feature", "properties": { "hex_id": 699727, "centroid_lon": -72.220168535340832, "centroid_lat": 46.214381477970811, "occurrences_today": 3, "datetimes_today": "2026-06-19 00:01:38, 2026-06-19 00:16:36, 2026-06-19 00:31:15", "cumulative_total": 62.0 }, "geometry": { "type": "Polygon", "coordinates": [ [ [ -72.220430573563121, 46.209191443376604 ], [ -72.226773979718317, 46.211943820647811 ], [ -72.226512513941174, 46.2171338806452 ], [ -72.21990642498838, 46.219571506681021 ], [ -72.213562518530509, 46.216818739166726 ], [ -72.213825201303479, 46.211628735925373 ], [ -72.220430573563121, 46.209191443376604 ] ] ] } },
{ "type": "Feature", "properties": { "hex_id": 700337, "centroid_lon": -72.2140878117917, "centroid_lat": 46.206438726794929, "occurrences_today": 3, "datetimes_today": "2026-06-19 00:01:38, 2026-06-19 00:16:36, 2026-06-19 00:31:15", "cumulative_total": 88.0 }, "geometry": { "type": "Polygon", "coordinates": [ [ [ -72.214350350019856, 46.201248711775733 ], [ -72.220692539679874, 46.204001402898754 ], [ -72.220430573563121, 46.209191443376604 ], [ -72.213825201303479, 46.211628735925373 ], [ -72.207482511804457, 46.208875654611631 ], [ -72.207745694379412, 46.203685671005516 ], [ -72.214350350019856, 46.201248711775733 ] ] ] } },
{ "type": "Feature", "properties": { "hex_id": 700947, "centroid_lon": -72.208008804539816, "centroid_lat": 46.198495681505563, "occurrences_today": 3, "datetimes_today": "2026-06-19 00:01:38, 2026-06-19 00:16:36, 2026-06-19 00:31:15", "cumulative_total": 175.0 }, "geometry": { "type": "Polygon", "coordinates": [ [ [ -72.208271842310396, 46.193305686112119 ], [ -72.214612816012604, 46.196058690868213 ], [ -72.214350350019856, 46.201248711775733 ], [ -72.207745694379412, 46.203685671005516 ], [ -72.201404221301559, 46.200932276111054 ], [ -72.201667903215096, 46.195742312190873 ], [ -72.208271842310396, 46.193305686112119 ] ] ] } },
{ "type": "Feature", "properties": { "hex_id": 700948, "centroid_lon": -72.207219256790239, "centroid_lat": 46.214065632323511, "occurrences_today": 3, "datetimes_today": "2026-06-19 00:01:38, 2026-06-19 00:16:36, 2026-06-19 00:31:15", "cumulative_total": 62.0 }, "geometry": { "type": "Polygon", "coordinates": [ [ [ -72.207482511804457, 46.208875654611631 ], [ -72.213825201303479, 46.211628735925373 ], [ -72.213562518530509, 46.216818739166726 ], [ -72.206955929312002, 46.219255604140749 ], [ -72.200612740048101, 46.216502132476187 ], [ -72.200876639742859, 46.211312186254119 ], [ -72.207482511804457, 46.208875654611631 ] ] ] } },
{ "type": "Feature", "properties": { "hex_id": 701558, "centroid_lon": -72.201140466819069, "centroid_lat": 46.206122234132273, "occurrences_today": 3, "datetimes_today": "2026-06-19 00:01:38, 2026-06-19 00:16:36, 2026-06-19 00:31:15", "cumulative_total": 62.0 }, "geometry": { "type": "Polygon", "coordinates": [ [ [ -72.201404221301559, 46.200932276111054 ], [ -72.207745694379412, 46.203685671005516 ], [ -72.207482511804457, 46.208875654611631 ], [ -72.200876639742859, 46.211312186254119 ], [ -72.194534667363584, 46.208558401061268 ], [ -72.19479906632256, 46.203368474590029 ], [ -72.201404221301559, 46.200932276111054 ] ] ] } },
{ "type": "Feature", "properties": { "hex_id": 702169, "centroid_lon": -72.194270195631645, "centroid_lat": 46.213748321627627, "occurrences_today": 3, "datetimes_today": "2026-06-19 00:01:38, 2026-06-19 00:16:36, 2026-06-19 00:31:15", "cumulative_total": 62.0 }, "geometry": { "type": "Polygon", "coordinates": [ [ [ -72.194534667363584, 46.208558401061268 ], [ -72.200876639742859, 46.211312186254119 ], [ -72.200612740048101, 46.216502132476187 ], [ -72.194005651101861, 46.218938236288658 ], [ -72.187663179495644, 46.216184060637396 ], [ -72.187928296037768, 46.210994171697777 ], [ -72.194534667363584, 46.208558401061268 ] ] ] } },
{ "type": "Feature", "properties": { "hex_id": 702779, "centroid_lon": -72.188193339627631, "centroid_lat": 46.205804276847715, "occurrences_today": 3, "datetimes_today": "2026-06-19 00:01:38, 2026-06-19 00:16:36, 2026-06-19 00:31:15", "cumulative_total": 175.0 }, "geometry": { "type": "Polygon", "coordinates": [ [ [ -72.18845831029013, 46.200614376087586 ], [ -72.19479906632256, 46.203368474590029 ], [ -72.194534667363584, 46.208558401061268 ], [ -72.187928296037768, 46.210994171697777 ], [ -72.181587041241613, 46.208239682789419 ], [ -72.181852656510102, 46.203049813716163 ], [ -72.18845831029013, 46.200614376087586 ] ] ] } },
{ "type": "Feature", "properties": { "hex_id": 537258, "centroid_lon": -73.965991151967032, "centroid_lat": 45.058668832331222, "occurrences_today": 3, "datetimes_today": "2026-06-19 00:01:38, 2026-06-19 00:16:36, 2026-06-19 00:31:15", "cumulative_total": 63.0 }, "geometry": { "type": "Polygon", "coordinates": [ [ [ -73.966084804807338, 45.05347246619278 ], [ -73.972387098140558, 45.056127960376195 ], [ -73.972294007491286, 45.061324334390505 ], [ -73.965897473681721, 45.063865193568319 ], [ -73.959594643606707, 45.061209339763749 ], [ -73.959688884074609, 45.056012986466079 ], [ -73.966084804807338, 45.05347246619278 ] ] ] } },
{ "type": "Feature", "properties": { "hex_id": 538479, "centroid_lon": -73.95329240131538, "centroid_lat": 45.058553142188401, "occurrences_today": 3, "datetimes_today": "2026-06-19 00:01:38, 2026-06-19 00:16:36, 2026-06-19 00:31:15", "cumulative_total": 54.0 }, "geometry": { "type": "Polygon", "coordinates": [ [ [ -73.953387203805534, 45.053356796891862 ], [ -73.959688884074609, 45.056012986466079 ], [ -73.959594643606707, 45.061209339763749 ], [ -73.953197573068024, 45.063749482579865 ], [ -73.946895356538207, 45.061092933265819 ], [ -73.946990746799258, 45.055896600939057 ], [ -73.953387203805534, 45.053356796891862 ] ] ] } },
{ "type": "Feature", "properties": { "hex_id": 620326, "centroid_lon": -73.081745293513464, "centroid_lat": 45.670873532141506, "occurrences_today": 3, "datetimes_today": "2026-06-19 00:01:38, 2026-06-19 00:16:36, 2026-06-19 00:31:15", "cumulative_total": 65.0 }, "geometry": { "type": "Polygon", "coordinates": [ [ [ -73.081922758010705, 45.665679794391821 ], [ -73.088249448851684, 45.668384236831329 ], [ -73.088072552820449, 45.673577991319412 ], [ -73.081567780467296, 45.67606726461063 ], [ -73.075240569717423, 45.673362446633128 ], [ -73.075418651213226, 45.668168730967139 ], [ -73.081922758010705, 45.665679794391821 ] ] ] } },
{ "type": "Feature", "properties": { "hex_id": 877978, "centroid_lon": -70.35200596835503, "centroid_lat": 45.919737383784643, "occurrences_today": 3, "datetimes_today": "2026-06-19 00:01:38, 2026-06-19 00:16:36, 2026-06-19 00:31:15", "cumulative_total": 131.0 }, "geometry": { "type": "Polygon", "coordinates": [ [ [ -70.352439324700967, 45.914558071347969 ], [ -70.358649106065798, 45.917409493817047 ], [ -70.358216284451785, 45.922588849342283 ], [ -70.351572493416171, 45.924916688325844 ], [ -70.345362295932347, 45.922064864429359 ], [ -70.345796305563084, 45.916885603040726 ], [ -70.352439324700967, 45.914558071347969 ] ] ] } },
{ "type": "Feature", "properties": { "hex_id": 878588, "centroid_lon": -70.346230196459885, "centroid_lat": 45.911706333748519, "occurrences_today": 3, "datetimes_today": "2026-06-19 00:01:38, 2026-06-19 00:16:36, 2026-06-19 00:31:15", "cumulative_total": 131.0 }, "geometry": { "type": "Polygon", "coordinates": [ [ [ -70.346663968662853, 45.906527056553855 ], [ -70.352872562494028, 45.909378751016938 ], [ -70.352439324700967, 45.914558071347969 ], [ -70.345796305563084, 45.916885603040726 ], [ -70.339587296035887, 45.914033507213631 ], [ -70.34002172130252, 45.908854281121769 ], [ -70.346663968662853, 45.906527056553855 ] ] ] } },
{ "type": "Feature", "properties": { "hex_id": 879199, "centroid_lon": -70.33915275189436, "centroid_lat": 45.919212725393798, "occurrences_today": 3, "datetimes_today": "2026-06-19 00:01:38, 2026-06-19 00:16:36, 2026-06-19 00:31:15", "cumulative_total": 131.0 }, "geometry": { "type": "Polygon", "coordinates": [ [ [ -70.339587296035887, 45.914033507213631 ], [ -70.345796305563084, 45.916885603040726 ], [ -70.345362295932347, 45.922064864429359 ], [ -70.338718088837851, 45.924391935661156 ], [ -70.33250866373497, 45.921539438317204 ], [ -70.332943861262123, 45.916360271322311 ], [ -70.339587296035887, 45.914033507213631 ] ] ] } },
{ "type": "Feature", "properties": { "hex_id": 796941, "centroid_lon": -71.026282231165141, "centroid_lat": 48.431611783826838, "occurrences_today": 3, "datetimes_today": "2026-06-19 00:01:38, 2026-06-19 00:16:36, 2026-06-19 00:31:15", "cumulative_total": 115.0 }, "geometry": { "type": "Polygon", "coordinates": [ [ [ -71.026686844186457, 48.426430146879433 ], [ -71.033227373373492, 48.429253969482588 ], [ -71.032823385288324, 48.434435644986976 ], [ -71.025877503399684, 48.436793413545907 ], [ -71.019336464041402, 48.433969159861689 ], [ -71.019741816701512, 48.428787568770375 ], [ -71.026686844186457, 48.426430146879433 ] ] ] } },
{ "type": "Feature", "properties": { "hex_id": 731413, "centroid_lon": -71.935142083633835, "centroid_lat": 45.27166986523433, "occurrences_today": 3, "datetimes_today": "2026-06-19 00:01:38, 2026-06-19 00:16:36, 2026-06-19 00:31:15", "cumulative_total": 129.0 }, "geometry": { "type": "Polygon", "coordinates": [ [ [ -71.935421626236973, 45.266480291252769 ], [ -71.941646611362955, 45.269245849028941 ], [ -71.941367609159201, 45.274435450697325 ], [ -71.9348624649881, 45.276859433126468 ], [ -71.928637015518007, 45.274093494941361 ], [ -71.928917174537801, 45.268903954799505 ], [ -71.935421626236973, 45.266480291252769 ] ] ] } },
{ "type": "Feature", "properties": { "hex_id": 766839, "centroid_lon": -71.549992215235704, "centroid_lat": 45.525721832158588, "occurrences_today": 3, "datetimes_today": "2026-06-19 00:01:38, 2026-06-19 00:16:36, 2026-06-19 00:31:15", "cumulative_total": 76.0 }, "geometry": { "type": "Polygon", "coordinates": [ [ [ -71.550309645092298, 45.520534477809399 ], [ -71.556541826668649, 45.523321216922874 ], [ -71.55622493881144, 45.528508602773947 ], [ -71.549674698801496, 45.530909180046493 ], [ -71.543442061817828, 45.52812205406974 ], [ -71.54376012022243, 45.522934737747512 ], [ -71.550309645092298, 45.520534477809399 ] ] ] } },
{ "type": "Feature", "properties": { "hex_id": 769282, "centroid_lon": -71.52346831775985, "centroid_lat": 45.540507554273901, "occurrences_today": 3, "datetimes_today": "2026-06-19 00:01:38, 2026-06-19 00:16:36, 2026-06-19 00:31:15", "cumulative_total": 63.0 }, "geometry": { "type": "Polygon", "coordinates": [ [ [ -71.523788349945377, 45.535320358943402 ], [ -71.53002072611234, 45.538108551128964 ], [ -71.529701235954192, 45.543295778222699 ], [ -71.523148198273873, 45.545694743115874 ], [ -71.516915367394631, 45.542906163658849 ], [ -71.517236028878742, 45.537719006643989 ], [ -71.523788349945377, 45.535320358943402 ] ] ] } },
{ "type": "Feature", "properties": { "hex_id": 887834, "centroid_lon": -70.127908544812314, "centroid_lat": 47.282352507553085, "occurrences_today": 3, "datetimes_today": "2026-06-19 00:01:38, 2026-06-19 00:16:36, 2026-06-19 00:31:15", "cumulative_total": 84.0 }, "geometry": { "type": "Polygon", "coordinates": [ [ [ -70.128384869848944, 47.277176119930616 ], [ -70.134734177057581, 47.280044848566298 ], [ -70.134258423628395, 47.285221282524375 ], [ -70.127432087098256, 47.287528886814009 ], [ -70.121082340982852, 47.284659736458671 ], [ -70.121559370257899, 47.27948340360048 ], [ -70.128384869848944, 47.277176119930616 ] ] ] } },
{ "type": "Feature", "properties": { "hex_id": 889055, "centroid_lon": -70.114733299281696, "centroid_lat": 47.281790257172517, "occurrences_today": 3, "datetimes_today": "2026-06-19 00:01:38, 2026-06-19 00:16:36, 2026-06-19 00:31:15", "cumulative_total": 34.0 }, "geometry": { "type": "Polygon", "coordinates": [ [ [ -70.115210899918665, 47.27661397077501 ], [ -70.121559370257899, 47.27948340360048 ], [ -70.121082340982852, 47.284659736458671 ], [ -70.114255565615636, 47.286966535188924 ], [ -70.107906656966861, 47.284096680552643 ], [ -70.108384961948261, 47.278920449064024 ], [ -70.115210899918665, 47.27661397077501 ] ] ] } },
{ "type": "Feature", "properties": { "hex_id": 890275, "centroid_lon": -70.102994681175943, "centroid_lat": 47.265697917239073, "occurrences_today": 3, "datetimes_today": "2026-06-19 00:01:38, 2026-06-19 00:16:36, 2026-06-19 00:31:15", "cumulative_total": 43.0 }, "geometry": { "type": "Polygon", "coordinates": [ [ [ -70.1034731574115, 47.260521707141997 ], [ -70.109819077989357, 47.263391704262013 ], [ -70.10934117241294, 47.268567960917395 ], [ -70.102516071699654, 47.270874118939403 ], [ -70.096169713726709, 47.268003700146188 ], [ -70.096648893815541, 47.262827545071197 ], [ -70.1034731574115, 47.260521707141997 ] ] ] } },
{ "type": "Feature", "properties": { "hex_id": 890886, "centroid_lon": -70.095690400198208, "centroid_lat": 47.273179846813953, "occurrences_today": 3, "datetimes_today": "2026-06-19 00:01:38, 2026-06-19 00:16:36, 2026-06-19 00:31:15", "cumulative_total": 102.0 }, "geometry": { "type": "Polygon", "coordinates": [ [ [ -70.096169713726709, 47.268003700146188 ], [ -70.102516071699654, 47.270874118939403 ], [ -70.102037328935978, 47.276050312241665 ], [ -70.095210953183368, 47.278355985073205 ], [ -70.088864157955314, 47.275485144447039 ], [ -70.089344175688282, 47.270309052889353 ], [ -70.096169713726709, 47.268003700146188 ] ] ] } },
{ "type": "Feature", "properties": { "hex_id": 891496, "centroid_lon": -70.089824059782615, "centroid_lat": 47.265132952913959, "occurrences_today": 3, "datetimes_today": "2026-06-19 00:01:38, 2026-06-19 00:16:36, 2026-06-19 00:31:15", "cumulative_total": 43.0 }, "geometry": { "type": "Polygon", "coordinates": [ [ [ -70.090303810285064, 47.259956844522193 ], [ -70.096648893815541, 47.262827545071197 ], [ -70.096169713726709, 47.268003700146188 ], [ -70.089344175688282, 47.270309052889353 ], [ -70.082998655359461, 47.267437930576293 ], [ -70.083479109820686, 47.26226187735115 ], [ -70.090303810285064, 47.259956844522193 ] ] ] } },
{ "type": "Feature", "properties": { "hex_id": 892107, "centroid_lon": -70.082518067107401, "centroid_lat": 47.272613975374561, "occurrences_today": 3, "datetimes_today": "2026-06-19 00:01:38, 2026-06-19 00:16:36, 2026-06-19 00:31:15", "cumulative_total": 43.0 }, "geometry": { "type": "Polygon", "coordinates": [ [ [ -70.082998655359461, 47.267437930576293 ], [ -70.089344175688282, 47.270309052889353 ], [ -70.088864157955314, 47.275485144447039 ], [ -70.082037345017667, 47.277790011744635 ], [ -70.075691388030833, 47.274918467507845 ], [ -70.076172680592819, 47.269742477964236 ], [ -70.082998655359461, 47.267437930576293 ] ] ] } },
{ "type": "Feature", "properties": { "hex_id": 892717, "centroid_lon": -70.076653839164962, "centroid_lat": 47.264566479983252, "occurrences_today": 3, "datetimes_today": "2026-06-19 00:01:38, 2026-06-19 00:16:36, 2026-06-19 00:31:15", "cumulative_total": 43.0 }, "geometry": { "type": "Polygon", "coordinates": [ [ [ -70.077134863794129, 47.259390473566214 ], [ -70.083479109820686, 47.26226187735115 ], [ -70.082998655359461, 47.267437930576293 ], [ -70.076172680592819, 47.269742477964236 ], [ -70.06982799836473, 47.266870652324535 ], [ -70.07030972705796, 47.261694701218673 ], [ -70.077134863794129, 47.259390473566214 ] ] ] } },
{ "type": "Feature", "properties": { "hex_id": 893328, "centroid_lon": -70.069346135529528, "centroid_lat": 47.27204659498382, "occurrences_today": 3, "datetimes_today": "2026-06-19 00:01:38, 2026-06-19 00:16:36, 2026-06-19 00:31:15", "cumulative_total": 43.0 }, "geometry": { "type": "Polygon", "coordinates": [ [ [ -70.06982799836473, 47.266870652324535 ], [ -70.076172680592819, 47.269742477964236 ], [ -70.075691388030833, 47.274918467507845 ], [ -70.068864138505432, 47.277222529195214 ], [ -70.062519020216499, 47.274350281541111 ], [ -70.063001587466843, 47.269174394281073 ], [ -70.06982799836473, 47.266870652324535 ] ] ] } },
{ "type": "Feature", "properties": { "hex_id": 893938, "centroid_lon": -70.063484020376222, "centroid_lat": 47.263998498563915, "occurrences_today": 3, "datetimes_today": "2026-06-19 00:01:38, 2026-06-19 00:16:36, 2026-06-19 00:31:15", "cumulative_total": 43.0 }, "geometry": { "type": "Polygon", "coordinates": [ [ [ -70.063966318991589, 47.258822594390985 ], [ -70.07030972705796, 47.261694701218673 ], [ -70.06982799836473, 47.266870652324535 ], [ -70.063001587466843, 47.269174394281073 ], [ -70.056657743795839, 47.266301865508048 ], [ -70.057140746580359, 47.261126016790833 ], [ -70.063966318991589, 47.258822594390985 ] ] ] } },
{ "type": "Feature", "properties": { "hex_id": 893939, "centroid_lon": -70.062036318578166, "centroid_lat": 47.279526160342719, "occurrences_today": 3, "datetimes_today": "2026-06-19 00:01:38, 2026-06-19 00:16:36, 2026-06-19 00:31:15", "cumulative_total": 43.0 }, "geometry": { "type": "Polygon", "coordinates": [ [ [ -70.062519020216499, 47.274350281541111 ], [ -70.068864138505432, 47.277222529195214 ], [ -70.068382007245503, 47.282398454957395 ], [ -70.06155348250482, 47.284702030684564 ], [ -70.055207928296014, 47.281829360856385 ], [ -70.055691334700725, 47.27665353754216 ], [ -70.062519020216499, 47.274350281541111 ] ] ] } },
{ "type": "Feature", "properties": { "hex_id": 894549, "centroid_lon": -70.056174606518312, "centroid_lat": 47.271477705758926, "occurrences_today": 3, "datetimes_today": "2026-06-19 00:01:38, 2026-06-19 00:16:36, 2026-06-19 00:31:15", "cumulative_total": 43.0 }, "geometry": { "type": "Polygon", "coordinates": [ [ [ -70.056657743795839, 47.266301865508048 ], [ -70.063001587466843, 47.269174394281073 ], [ -70.062519020216499, 47.274350281541111 ], [ -70.055691334700725, 47.27665353754216 ], [ -70.049347055566116, 47.273780586664195 ], [ -70.049830897363805, 47.26860480195716 ], [ -70.056657743795839, 47.266301865508048 ] ] ] } },
{ "type": "Feature", "properties": { "hex_id": 895159, "centroid_lon": -70.050314604469463, "centroid_lat": 47.263429008773215, "occurrences_today": 3, "datetimes_today": "2026-06-19 00:01:38, 2026-06-19 00:16:36, 2026-06-19 00:31:15", "cumulative_total": 43.0 }, "geometry": { "type": "Polygon", "coordinates": [ [ [ -70.050798176930158, 47.258253207113732 ], [ -70.057140746580359, 47.261126016790833 ], [ -70.056657743795839, 47.266301865508048 ], [ -70.049830897363805, 47.26860480195716 ], [ -70.043487892705912, 47.265731570244263 ], [ -70.043972169440636, 47.260555824185055 ], [ -70.050798176930158, 47.258253207113732 ] ] ] } },
{ "type": "Feature", "properties": { "hex_id": 895160, "centroid_lon": -70.048863079029246, "centroid_lat": 47.278956362893027, "occurrences_today": 3, "datetimes_today": "2026-06-19 00:01:38, 2026-06-19 00:16:36, 2026-06-19 00:31:15", "cumulative_total": 43.0 }, "geometry": { "type": "Polygon", "coordinates": [ [ [ -70.049347055566116, 47.273780586664195 ], [ -70.055691334700725, 47.27665353754216 ], [ -70.055207928296014, 47.281829360856385 ], [ -70.048378967706043, 47.284132130642277 ], [ -70.042034253249184, 47.281258757499771 ], [ -70.04251893465738, 47.276083036902968 ], [ -70.049347055566116, 47.273780586664195 ] ] ] } },
{ "type": "Feature", "properties": { "hex_id": 895770, "centroid_lon": -70.043003481127229, "centroid_lat": 47.270907307817346, "occurrences_today": 3, "datetimes_today": "2026-06-19 00:01:38, 2026-06-19 00:16:36, 2026-06-19 00:31:15", "cumulative_total": 43.0 }, "geometry": { "type": "Polygon", "coordinates": [ [ [ -70.043487892705912, 47.265731570244263 ], [ -70.049830897363805, 47.26860480195716 ], [ -70.049347055566116, 47.273780586664195 ], [ -70.04251893465738, 47.276083036902968 ], [ -70.036175495133236, 47.273209382994736 ], [ -70.036660611336885, 47.268033701110106 ], [ -70.043487892705912, 47.265731570244263 ] ] ] } },
{ "type": "Feature", "properties": { "hex_id": 896381, "centroid_lon": -70.035690243839269, "centroid_lat": 47.278385056381332, "occurrences_today": 3, "datetimes_today": "2026-06-19 00:01:38, 2026-06-19 00:16:36, 2026-06-19 00:31:15", "cumulative_total": 43.0 }, "geometry": { "type": "Polygon", "coordinates": [ [ [ -70.036175495133236, 47.273209382994736 ], [ -70.04251893465738, 47.276083036902968 ], [ -70.042034253249184, 47.281258757499771 ], [ -70.035204857407749, 47.283560721268493 ], [ -70.028860983159049, 47.280686645005382 ], [ -70.029346939429061, 47.275511027395467 ], [ -70.036175495133236, 47.273209382994736 ] ] ] } },
{ "type": "Feature", "properties": { "hex_id": 896991, "centroid_lon": -70.029832760409562, "centroid_lat": 47.270335401276867, "occurrences_today": 3, "datetimes_today": "2026-06-19 00:01:38, 2026-06-19 00:16:36, 2026-06-19 00:31:15", "cumulative_total": 43.0 }, "geometry": { "type": "Polygon", "coordinates": [ [ [ -70.030318446147902, 47.265159766650939 ], [ -70.036660611336885, 47.268033701110106 ], [ -70.036175495133236, 47.273209382994736 ], [ -70.029346939429061, 47.275511027395467 ], [ -70.023004339971209, 47.272636670650712 ], [ -70.023490730439093, 47.267461091857825 ], [ -70.030318446147902, 47.265159766650939 ] ] ] } },
{ "type": "Feature", "properties": { "hex_id": 879277, "centroid_lon": -70.234111669065086, "centroid_lat": 47.130929748247432, "occurrences_today": 3, "datetimes_today": "2026-06-19 00:01:38, 2026-06-19 00:16:36, 2026-06-19 00:31:15", "cumulative_total": 196.0 }, "geometry": { "type": "Polygon", "coordinates": [ [ [ -70.234575175694417, 47.125752413395084 ], [ -70.240913199547208, 47.128614847693044 ], [ -70.240450261663014, 47.133792227737189 ], [ -70.233648033579456, 47.136107074910754 ], [ -70.227309569860267, 47.133244221811871 ], [ -70.227773774046128, 47.128066940407145 ], [ -70.234575175694417, 47.125752413395084 ] ] ] } },
{ "type": "Feature", "properties": { "hex_id": 780341, "centroid_lon": -71.336946702838702, "centroid_lat": 46.625972536054007, "occurrences_today": 3, "datetimes_today": "2026-06-19 00:01:38, 2026-06-19 00:16:36, 2026-06-19 00:31:15", "cumulative_total": 37.0 }, "geometry": { "type": "Polygon", "coordinates": [ [ [ -71.337296890684556, 46.620787383534775 ], [ -71.343639467651542, 46.623588721637077 ], [ -71.343289851208439, 46.628773908378726 ], [ -71.336596418164248, 46.631157681826082 ], [ -71.330253366639809, 46.628355940545291 ], [ -71.330604222683647, 46.623170829061905 ], [ -71.337296890684556, 46.620787383534775 ] ] ] } },
{ "type": "Feature", "properties": { "hex_id": 723083, "centroid_lon": -71.83065119305256, "centroid_lat": 48.651420435709156, "occurrences_today": 3, "datetimes_today": "2026-06-19 00:01:38, 2026-06-19 00:16:36, 2026-06-19 00:31:15", "cumulative_total": 55.0 }, "geometry": { "type": "Polygon", "coordinates": [ [ [ -71.830976498352882, 48.646234449643359 ], [ -71.837591869648094, 48.649013918216781 ], [ -71.837267211034273, 48.654199934932748 ], [ -71.830325795106958, 48.656606415453489 ], [ -71.823709869787422, 48.653826519431419 ], [ -71.824035914385746, 48.648640570409114 ], [ -71.830976498352882, 48.646234449643359 ] ] ] } },
{ "type": "Feature", "properties": { "hex_id": 723693, "centroid_lon": -71.824361866159251, "centroid_lat": 48.643454615058701, "occurrences_today": 3, "datetimes_today": "2026-06-19 00:01:38, 2026-06-19 00:16:36, 2026-06-19 00:31:15", "cumulative_total": 37.0 }, "geometry": { "type": "Polygon", "coordinates": [ [ [ -71.824687725141757, 48.638268653380699 ], [ -71.831301711041675, 48.64104845725663 ], [ -71.830976498352882, 48.646234449643359 ], [ -71.824035914385746, 48.648640570409114 ], [ -71.817421375, 48.645860339145543 ], [ -71.817747973033434, 48.640674414575685 ], [ -71.824687725141757, 48.638268653380699 ] ] ] } },
{ "type": "Feature", "properties": { "hex_id": 769364, "centroid_lon": -71.442013387253155, "centroid_lat": 46.816358928689823, "occurrences_today": 3, "datetimes_today": "2026-06-19 00:01:38, 2026-06-19 00:16:36, 2026-06-19 00:31:15", "cumulative_total": 49.0 }, "geometry": { "type": "Polygon", "coordinates": [ [ [ -71.442355812053819, 46.811173348443667 ], [ -71.448725992543473, 46.813969542955071 ], [ -71.448384146715583, 46.819155156528019 ], [ -71.441670867518511, 46.821544502291523 ], [ -71.435300203006534, 46.81874790288061 ], [ -71.435643301681068, 46.813562362672521 ], [ -71.442355812053819, 46.811173348443667 ] ] ] } },
{ "type": "Feature", "properties": { "hex_id": 681388, "centroid_lon": -72.431814970971814, "centroid_lat": 45.84518703851284, "occurrences_today": 3, "datetimes_today": "2026-06-19 00:01:38, 2026-06-19 00:16:36, 2026-06-19 00:31:15", "cumulative_total": 129.0 }, "geometry": { "type": "Polygon", "coordinates": [ [ [ -72.432053975684113, 45.839995770534337 ], [ -72.438367046998138, 45.842735887736225 ], [ -72.438128606689887, 45.847927178880731 ], [ -72.431575900763761, 45.850378300784108 ], [ -72.425262330552513, 45.847637800014873 ], [ -72.425501965142445, 45.842446560974558 ], [ -72.432053975684113, 45.839995770534337 ] ] ] } },
{ "type": "Feature", "properties": { "hex_id": 697286, "centroid_lon": -72.245288498488492, "centroid_lat": 46.230579181394226, "occurrences_today": 3, "datetimes_today": "2026-06-19 00:01:38, 2026-06-19 00:16:36, 2026-06-19 00:31:15", "cumulative_total": 47.0 }, "geometry": { "type": "Polygon", "coordinates": [ [ [ -72.24554831736593, 46.225389051414801 ], [ -72.251894874463758, 46.228140095577729 ], [ -72.251635628903358, 46.23333025072278 ], [ -72.24502860807543, 46.235769305509635 ], [ -72.238681549208394, 46.233017871107037 ], [ -72.238942012914038, 46.227827772223023 ], [ -72.24554831736593, 46.225389051414801 ] ] ] } },
{ "type": "Feature", "properties": { "hex_id": 697897, "centroid_lon": -72.238421013787772, "centroid_lat": 46.238207964121578, "occurrences_today": 3, "datetimes_today": "2026-06-19 00:01:38, 2026-06-19 00:16:36, 2026-06-19 00:31:15", "cumulative_total": 47.0 }, "geometry": { "type": "Polygon", "coordinates": [ [ [ -72.238681549208394, 46.233017871107037 ], [ -72.24502860807543, 46.235769305509635 ], [ -72.244768646102358, 46.240959423760643 ], [ -72.238160406627642, 46.243398051266283 ], [ -72.231812846064813, 46.240646226463682 ], [ -72.232074026647965, 46.235456164621247 ], [ -72.238681549208394, 46.233017871107037 ] ] ] } },
{ "type": "Feature", "properties": { "hex_id": 699118, "centroid_lon": -72.225465930831717, "centroid_lat": 46.237894061841956, "occurrences_today": 3, "datetimes_today": "2026-06-19 00:01:38, 2026-06-19 00:16:36, 2026-06-19 00:31:15", "cumulative_total": 47.0 }, "geometry": { "type": "Polygon", "coordinates": [ [ [ -72.225727684658395, 46.232704025362438 ], [ -72.232074026647965, 46.235456164621247 ], [ -72.231812846064813, 46.240646226463682 ], [ -72.225204104931109, 46.243084092441073 ], [ -72.218857261784223, 46.240331562674264 ], [ -72.219119660903743, 46.235141557503859 ], [ -72.225727684658395, 46.232704025362438 ] ] ] } },
{ "type": "Feature", "properties": { "hex_id": 879888, "centroid_lon": -70.226845236621358, "centroid_lat": 47.138421495017468, "occurrences_today": 3, "datetimes_today": "2026-06-19 00:01:38, 2026-06-19 00:16:36, 2026-06-19 00:31:15", "cumulative_total": 247.0 }, "geometry": { "type": "Polygon", "coordinates": [ [ [ -70.227309569860267, 47.133244221811871 ], [ -70.233648033579456, 47.136107074910754 ], [ -70.233184269192606, 47.141284393383806 ], [ -70.226380774284408, 47.143598760022705 ], [ -70.220041870833711, 47.140735487963482 ], [ -70.220506901977714, 47.135558268292527 ], [ -70.227309569860267, 47.133244221811871 ] ] ] } },
{ "type": "Feature", "properties": { "hex_id": 880498, "centroid_lon": -70.220971803871862, "centroid_lat": 47.130381040412345, "occurrences_today": 3, "datetimes_today": "2026-06-19 00:01:38, 2026-06-19 00:16:36, 2026-06-19 00:31:15", "cumulative_total": 251.0 }, "geometry": { "type": "Polygon", "coordinates": [ [ [ -70.221436576561189, 47.125203804324158 ], [ -70.227773774046128, 47.128066940407145 ], [ -70.227309569860267, 47.133244221811871 ], [ -70.220506901977714, 47.135558268292527 ], [ -70.214169265216626, 47.132694713316845 ], [ -70.214634735569206, 47.127517530819986 ], [ -70.221436576561189, 47.125203804324158 ] ] ] } },
{ "type": "Feature", "properties": { "hex_id": 879887, "centroid_lon": -70.228237849223916, "centroid_lat": 47.122889650804552, "occurrences_today": 3, "datetimes_today": "2026-06-19 00:01:38, 2026-06-19 00:16:36, 2026-06-19 00:31:15", "cumulative_total": 170.0 }, "geometry": { "type": "Polygon", "coordinates": [ [ [ -70.228701795438639, 47.117712353005295 ], [ -70.235038553512396, 47.12057507035496 ], [ -70.234575175694417, 47.125752413395084 ], [ -70.227773774046128, 47.128066940407145 ], [ -70.221436576561189, 47.125203804324158 ], [ -70.221901220090771, 47.120026560029217 ], [ -70.228701795438639, 47.117712353005295 ] ] ] } },
{ "type": "Feature", "properties": { "hex_id": 881108, "centroid_lon": -70.215100076565307, "centroid_lat": 47.122340340106255, "occurrences_today": 3, "datetimes_today": "2026-06-19 00:01:38, 2026-06-19 00:16:36, 2026-06-19 00:31:15", "cumulative_total": 170.0 }, "geometry": { "type": "Polygon", "coordinates": [ [ [ -70.215565288250005, 47.11716314117686 ], [ -70.221901220090771, 47.120026560029217 ], [ -70.221436576561189, 47.125203804324158 ], [ -70.214634735569206, 47.127517530819986 ], [ -70.208298364907236, 47.124653693142626 ], [ -70.20876427401339, 47.119476547861204 ], [ -70.215565288250005, 47.11716314117686 ] ] ] } },
{ "type": "Feature", "properties": { "hex_id": 881110, "centroid_lon": -70.212306089339052, "centroid_lat": 47.153403361110705, "occurrences_today": 3, "datetimes_today": "2026-06-19 00:01:38, 2026-06-19 00:16:36, 2026-06-19 00:31:15", "cumulative_total": 164.0 }, "geometry": { "type": "Polygon", "coordinates": [ [ [ -70.212772077568829, 47.148226211493764 ], [ -70.219111420615818, 47.151089902672744 ], [ -70.218646001451688, 47.156267097708579 ], [ -70.211839971527041, 47.158580502504542 ], [ -70.205500189019233, 47.155716392046322 ], [ -70.205966875851701, 47.15053929613822 ], [ -70.212772077568829, 47.148226211493764 ] ] ] } },
{ "type": "Feature", "properties": { "hex_id": 881719, "centroid_lon": -70.207832326293001, "centroid_lat": 47.129830830198273, "occurrences_today": 3, "datetimes_today": "2026-06-19 00:01:38, 2026-06-19 00:16:36, 2026-06-19 00:31:15", "cumulative_total": 164.0 }, "geometry": { "type": "Polygon", "coordinates": [ [ [ -70.208298364907236, 47.124653693142626 ], [ -70.214634735569206, 47.127517530819986 ], [ -70.214169265216626, 47.132694713316845 ], [ -70.20736615812551, 47.135007959026886 ], [ -70.201029348777709, 47.132143702365212 ], [ -70.201496085161708, 47.12696661904458 ], [ -70.208298364907236, 47.124653693142626 ] ] ] } },
{ "type": "Feature", "properties": { "hex_id": 881720, "centroid_lon": -70.206433432950064, "centroid_lat": 47.145362191998103, "occurrences_today": 3, "datetimes_today": "2026-06-19 00:01:38, 2026-06-19 00:16:36, 2026-06-19 00:31:15", "cumulative_total": 164.0 }, "geometry": { "type": "Polygon", "coordinates": [ [ [ -70.206899860359599, 47.140185079627251 ], [ -70.213237936261564, 47.143049053654977 ], [ -70.212772077568829, 47.148226211493764 ], [ -70.205966875851701, 47.15053929613822 ], [ -70.199628360944388, 47.147674902899055 ], [ -70.200095486714318, 47.142497844293693 ], [ -70.206899860359599, 47.140185079627251 ] ] ] } },
{ "type": "Feature", "properties": { "hex_id": 881721, "centroid_lon": -70.205033372407428, "centroid_lat": 47.160893479721167, "occurrences_today": 3, "datetimes_today": "2026-06-19 00:01:38, 2026-06-19 00:16:36, 2026-06-19 00:31:15", "cumulative_total": 39.0 }, "geometry": { "type": "Polygon", "coordinates": [ [ [ -70.205500189019233, 47.155716392046322 ], [ -70.211839971527041, 47.158580502504542 ], [ -70.211373724087593, 47.163757635674031 ], [ -70.204566425970981, 47.166070559161518 ], [ -70.198226204138109, 47.163206029264622 ], [ -70.198693719701609, 47.158028995385791 ], [ -70.205500189019233, 47.155716392046322 ] ] ] } },
{ "type": "Feature", "properties": { "hex_id": 882331, "centroid_lon": -70.199161105288582, "centroid_lat": 47.152851953263507, "occurrences_today": 3, "datetimes_today": "2026-06-19 00:01:38, 2026-06-19 00:16:36, 2026-06-19 00:31:15", "cumulative_total": 39.0 }, "geometry": { "type": "Polygon", "coordinates": [ [ [ -70.199628360944388, 47.147674902899055 ], [ -70.205966875851701, 47.15053929613822 ], [ -70.205500189019233, 47.155716392046322 ], [ -70.198693719701609, 47.158028995385791 ], [ -70.192354765924804, 47.155164182775799 ], [ -70.192822720289797, 47.149987186264006 ], [ -70.199628360944388, 47.147674902899055 ] ] ] } },
{ "type": "Feature", "properties": { "hex_id": 882942, "centroid_lon": -70.191886681431484, "centroid_lat": 47.160341171035199, "occurrences_today": 3, "datetimes_today": "2026-06-19 00:01:38, 2026-06-19 00:16:36, 2026-06-19 00:31:15", "cumulative_total": 44.0 }, "geometry": { "type": "Polygon", "coordinates": [ [ [ -70.192354765924804, 47.155164182775799 ], [ -70.198693719701609, 47.158028995385791 ], [ -70.198226204138109, 47.163206029264622 ], [ -70.191418466764418, 47.165518151041013 ], [ -70.185079074254233, 47.162652918900775 ], [ -70.185547857805702, 47.157475984581247 ], [ -70.192354765924804, 47.155164182775799 ] ] ] } },
{ "type": "Feature", "properties": { "hex_id": 883552, "centroid_lon": -70.186016511031653, "centroid_lat": 47.152299041999157, "occurrences_today": 3, "datetimes_today": "2026-06-19 00:01:38, 2026-06-19 00:16:36, 2026-06-19 00:31:15", "cumulative_total": 39.0 }, "geometry": { "type": "Polygon", "coordinates": [ [ [ -70.186485033977533, 47.147122091155744 ], [ -70.192822720289797, 47.149987186264006 ], [ -70.192354765924804, 47.155164182775799 ], [ -70.185547857805702, 47.157475984581247 ], [ -70.17920973321533, 47.154610470010681 ], [ -70.179678954976723, 47.149433573163783 ], [ -70.186485033977533, 47.147122091155744 ] ] ] } },
{ "type": "Feature", "properties": { "hex_id": 885384, "centroid_lon": -70.16559447209022, "centroid_lat": 47.159232042487751, "occurrences_today": 3, "datetimes_today": "2026-06-19 00:01:38, 2026-06-19 00:16:36, 2026-06-19 00:31:15", "cumulative_total": 35.0 }, "geometry": { "type": "Polygon", "coordinates": [ [ [ -70.166065091937568, 47.15405525386501 ], [ -70.172402386886347, 47.156921470204821 ], [ -70.171932335483334, 47.162098304696421 ], [ -70.165123721371145, 47.164408822818508 ], [ -70.158785988872594, 47.161542186765736 ], [ -70.159257307990345, 47.15636545237065 ], [ -70.166065091937568, 47.15405525386501 ] ] ] } },
{ "type": "Feature", "properties": { "hex_id": 711296, "centroid_lon": -72.121884658271227, "centroid_lat": 45.736459316499293, "occurrences_today": 3, "datetimes_today": "2026-06-19 00:01:38, 2026-06-19 00:16:36, 2026-06-19 00:31:15", "cumulative_total": 187.0 }, "geometry": { "type": "Polygon", "coordinates": [ [ [ -72.122151470210071, 45.731269286875168 ], [ -72.128436493381059, 45.734025934124155 ], [ -72.12817023806906, 45.739215989871838 ], [ -72.121617773333369, 45.74164934017459 ], [ -72.115332266546858, 45.738892308099565 ], [ -72.115599708086975, 45.733702310612401 ], [ -72.122151470210071, 45.731269286875168 ] ] ] } },
{ "type": "Feature", "properties": { "hex_id": 712517, "centroid_lon": -72.109047389523312, "centroid_lat": 45.736134943551932, "occurrences_today": 3, "datetimes_today": "2026-06-19 00:01:38, 2026-06-19 00:16:36, 2026-06-19 00:31:15", "cumulative_total": 247.0 }, "geometry": { "type": "Polygon", "coordinates": [ [ [ -72.109315387491634, 45.730944972312301 ], [ -72.115599708086975, 45.733702310612401 ], [ -72.115332266546858, 45.738892308099565 ], [ -72.108779318232592, 45.741324908832027 ], [ -72.102494514543778, 45.738567185600743 ], [ -72.102763142238018, 45.733377246632742 ], [ -72.109315387491634, 45.730944972312301 ] ] ] } },
{ "type": "Feature", "properties": { "hex_id": 849443, "centroid_lon": -70.448096535438808, "centroid_lat": 48.394564743355154, "occurrences_today": 3, "datetimes_today": "2026-06-19 00:01:38, 2026-06-19 00:16:36, 2026-06-19 00:31:15", "cumulative_total": 48.0 }, "geometry": { "type": "Polygon", "coordinates": [ [ [ -70.448559303065323, 48.389386973735583 ], [ -70.455060794874285, 48.392242576624078 ], [ -70.454598640588571, 48.397420390468788 ], [ -70.447633636748563, 48.399742504966071 ], [ -70.441131662686189, 48.396886466886492 ], [ -70.441595174669942, 48.391708749570945 ], [ -70.448559303065323, 48.389386973735583 ] ] ] } },
{ "type": "Feature", "properties": { "hex_id": 850054, "centroid_lon": -70.440668019424521, "centroid_lat": 48.402064176183082, "occurrences_today": 3, "datetimes_today": "2026-06-19 00:01:38, 2026-06-19 00:16:36, 2026-06-19 00:31:15", "cumulative_total": 48.0 }, "geometry": { "type": "Polygon", "coordinates": [ [ [ -70.441131662686189, 48.396886466886492 ], [ -70.447633636748563, 48.399742504966071 ], [ -70.447170606947239, 48.404920258567188 ], [ -70.440204244837574, 48.407241877459583 ], [ -70.433701788663868, 48.404385404020871 ], [ -70.434166176663766, 48.399207747119156 ], [ -70.441131662686189, 48.396886466886492 ] ] ] } },
{ "type": "Feature", "properties": { "hex_id": 845022, "centroid_lon": -70.68587129425822, "centroid_lat": 46.104351980214524, "occurrences_today": 3, "datetimes_today": "2026-06-19 00:01:38, 2026-06-19 00:16:36, 2026-06-19 00:31:15", "cumulative_total": 54.0 }, "geometry": { "type": "Polygon", "coordinates": [ [ [ -70.686276181372065, 46.099170466340816 ], [ -70.692524559045438, 46.102004958861478 ], [ -70.692120217335741, 46.107186512822011 ], [ -70.685466296033852, 46.109533486611689 ], [ -70.679217484085697, 46.106698592747087 ], [ -70.679623027676485, 46.101517126501399 ], [ -70.686276181372065, 46.099170466340816 ] ] ] } },
{ "type": "Feature", "properties": { "hex_id": 845633, "centroid_lon": -70.678811829201919, "centroid_lat": 46.111880051507597, "occurrences_today": 3, "datetimes_today": "2026-06-19 00:01:38, 2026-06-19 00:16:36, 2026-06-19 00:31:15", "cumulative_total": 71.0 }, "geometry": { "type": "Polygon", "coordinates": [ [ [ -70.679217484085697, 46.106698592747087 ], [ -70.685466296033852, 46.109533486611689 ], [ -70.685061186661258, 46.114714985531343 ], [ -70.678406062987335, 46.117061502781972 ], [ -70.672156816877674, 46.114226207418383 ], [ -70.672563128565642, 46.109044796367805 ], [ -70.679217484085697, 46.106698592747087 ] ] ] } },
{ "type": "Feature", "properties": { "hex_id": 837730, "centroid_lon": -70.722147242517778, "centroid_lat": 46.635781773349777, "occurrences_today": 3, "datetimes_today": "2026-06-19 00:01:38, 2026-06-19 00:16:36, 2026-06-19 00:31:15", "cumulative_total": 33.0 }, "geometry": { "type": "Polygon", "coordinates": [ [ [ -70.722556244303377, 46.630600495519225 ], [ -70.728865740071114, 46.633434944664323 ], [ -70.728457300065315, 46.638616262632461 ], [ -70.72173812771085, 46.640963043703536 ], [ -70.715428183204068, 46.638128186331585 ], [ -70.715837859751872, 46.632946956181328 ], [ -70.722556244303377, 46.630600495519225 ] ] ] } },
{ "type": "Feature", "properties": { "hex_id": 842615, "centroid_lon": -70.668793446081366, "centroid_lat": 46.64936053537884, "occurrences_today": 3, "datetimes_today": "2026-06-19 00:01:38, 2026-06-19 00:16:36, 2026-06-19 00:31:15", "cumulative_total": 54.0 }, "geometry": { "type": "Polygon", "coordinates": [ [ [ -70.669207735668166, 46.644179633537242 ], [ -70.675515760811123, 46.647016986728183 ], [ -70.675102032540977, 46.652197929226944 ], [ -70.668379041999472, 46.654541429673898 ], [ -70.662070570054667, 46.651703667655234 ], [ -70.662485535413765, 46.646522814083255 ], [ -70.669207735668166, 46.644179633537242 ] ] ] } },
{ "type": "Feature", "properties": { "hex_id": 843226, "centroid_lon": -70.661655490011185, "centroid_lat": 46.656884513671777, "occurrences_today": 3, "datetimes_today": "2026-06-19 00:01:38, 2026-06-19 00:16:36, 2026-06-19 00:31:15", "cumulative_total": 60.0 }, "geometry": { "type": "Polygon", "coordinates": [ [ [ -70.662070570054667, 46.651703667655234 ], [ -70.668379041999472, 46.654541429673898 ], [ -70.667964523383048, 46.659722316421451 ], [ -70.661240295243786, 46.662065352131883 ], [ -70.654931376615608, 46.659227181127406 ], [ -70.655347132770544, 46.654046383464248 ], [ -70.662070570054667, 46.651703667655234 ] ] ] } },
{ "type": "Feature", "properties": { "hex_id": 843836, "centroid_lon": -70.655762774051709, "centroid_lat": 46.64886557823673, "occurrences_today": 3, "datetimes_today": "2026-06-19 00:01:38, 2026-06-19 00:16:36, 2026-06-19 00:31:15", "cumulative_total": 54.0 }, "geometry": { "type": "Polygon", "coordinates": [ [ [ -70.656178300498709, 46.64368476544584 ], [ -70.662485535413765, 46.646522814083255 ], [ -70.662070570054667, 46.651703667655234 ], [ -70.655347132770544, 46.654046383464248 ], [ -70.649039451621533, 46.651207925904544 ], [ -70.649455653951065, 46.64602716152401 ], [ -70.656178300498709, 46.64368476544584 ] ] ] } },
{ "type": "Feature", "properties": { "hex_id": 918341, "centroid_lon": -69.825889738218976, "centroid_lat": 46.988447063476364, "occurrences_today": 3, "datetimes_today": "2026-06-19 00:01:38, 2026-06-19 00:16:36, 2026-06-19 00:31:15", "cumulative_total": 24.0 }, "geometry": { "type": "Polygon", "coordinates": [ [ [ -69.826390345138208, 46.983272810742655 ], [ -69.832688282850896, 46.986156429912526 ], [ -69.832188233313019, 46.991330731579779 ], [ -69.825388992487248, 46.993621307424071 ], [ -69.819090636229788, 46.990737268401531 ], [ -69.81959193929471, 46.985563073453541 ], [ -69.826390345138208, 46.983272810742655 ] ] ] } },
{ "type": "Feature", "properties": { "hex_id": 303488, "centroid_lon": -76.418092722517798, "centroid_lat": 45.857461555554806, "occurrences_today": 3, "datetimes_today": "2026-06-19 00:01:38, 2026-06-19 00:16:36, 2026-06-19 00:31:15", "cumulative_total": 209.0 }, "geometry": { "type": "Polygon", "coordinates": [ [ [ -76.417960662549078, 45.85226666558799 ], [ -76.424465133077305, 45.854784015128239 ], [ -76.424597810351941, 45.85997888814056 ], [ -76.418224818706463, 45.862656440481707 ], [ -76.411719694646223, 45.860138746423672 ], [ -76.411588215775737, 45.854943844607583 ], [ -76.417960662549078, 45.85226666558799 ] ] ] } },
{ "type": "Feature", "properties": { "hex_id": 786560, "centroid_lon": -71.143872450092928, "centroid_lat": 48.396651809138426, "occurrences_today": 1, "datetimes_today": "2026-06-19 00:01:38", "cumulative_total": 95.0 }, "geometry": { "type": "Polygon", "coordinates": [ [ [ -71.14426462661983, 48.391469411893105 ], [ -71.150807699223392, 48.394286603343396 ], [ -71.150416148497868, 48.399469037951022 ], [ -71.143480162392052, 48.401834199304112 ], [ -71.136936575181181, 48.399016578253352 ], [ -71.137329488643275, 48.393834225520706 ], [ -71.14426462661983, 48.391469411893105 ] ] ] } },
{ "type": "Feature", "properties": { "hex_id": 836513, "centroid_lon": -70.730273925878919, "centroid_lat": 46.698444869798678, "occurrences_today": 3, "datetimes_today": "2026-06-19 00:01:38, 2026-06-19 00:16:36, 2026-06-19 00:31:15", "cumulative_total": 44.0 }, "geometry": { "type": "Polygon", "coordinates": [ [ [ -70.730683045987448, 46.693263593876843 ], [ -70.737000083061361, 46.696097827713395 ], [ -70.736591526765451, 46.701279143742397 ], [ -70.729864692620993, 46.703626138248744 ], [ -70.723547204903383, 46.700791495394618 ], [ -70.723957001934878, 46.695610267117793 ], [ -70.730683045987448, 46.693263593876843 ] ] ] } },
{ "type": "Feature", "properties": { "hex_id": 787170, "centroid_lon": -71.13772229075964, "centroid_lat": 48.38865186570056, "occurrences_today": 1, "datetimes_today": "2026-06-19 00:01:38", "cumulative_total": 57.0 }, "geometry": { "type": "Polygon", "coordinates": [ [ [ -71.138114981570538, 48.383469498793758 ], [ -71.14465669201293, 48.386287007568953 ], [ -71.14426462661983, 48.391469411893105 ], [ -71.137329488643275, 48.393834225520706 ], [ -71.130787264108676, 48.391016287210263 ], [ -71.131180691602623, 48.385833964878174 ], [ -71.138114981570538, 48.383469498793758 ] ] ] } },
{ "type": "Feature", "properties": { "hex_id": 787782, "centroid_lon": -71.129212438555996, "centroid_lat": 48.41174550557708, "occurrences_today": 1, "datetimes_today": "2026-06-19 00:01:38", "cumulative_total": 17.0 }, "geometry": { "type": "Polygon", "coordinates": [ [ [ -71.129606312361361, 48.406563211631237 ], [ -71.136150414058832, 48.409381262452982 ], [ -71.135757166318001, 48.414563593918331 ], [ -71.128818453071887, 48.41692779242431 ], [ -71.122273837008805, 48.414109311661051 ], [ -71.122668448517061, 48.408927062404068 ], [ -71.129606312361361, 48.406563211631237 ] ] ] } },
{ "type": "Feature", "properties": { "hex_id": 650216, "centroid_lon": -72.782450034461718, "centroid_lat": 45.283482322666536, "occurrences_today": 3, "datetimes_today": "2026-06-19 00:01:38, 2026-06-19 00:16:36, 2026-06-19 00:31:15", "cumulative_total": 46.0 }, "geometry": { "type": "Polygon", "coordinates": [ [ [ -72.782652423979343, 45.278289212380166 ], [ -72.788921646764877, 45.281009330876039 ], [ -72.788719810057472, 45.286202460688045 ], [ -72.782247589843763, 45.28867542750141 ], [ -72.775977869357533, 45.285954935730913 ], [ -72.776180866767362, 45.280761850485462 ], [ -72.782652423979343, 45.278289212380166 ] ] ] } },
{ "type": "Feature", "properties": { "hex_id": 682566, "centroid_lon": -72.449399451629574, "centroid_lat": 45.17518304875329, "occurrences_today": 3, "datetimes_today": "2026-06-19 00:01:38, 2026-06-19 00:16:36, 2026-06-19 00:31:15", "cumulative_total": 135.0 }, "geometry": { "type": "Polygon", "coordinates": [ [ [ -72.449631342267537, 45.169991098263303 ], [ -72.455872192495164, 45.17272894673043 ], [ -72.455640846858188, 45.177920919925207 ], [ -72.449167497955102, 45.180374993568492 ], [ -72.442926165773471, 45.177636770291059 ], [ -72.443158664427997, 45.172444848244083 ], [ -72.449631342267537, 45.169991098263303 ] ] ] } },
{ "type": "Feature", "properties": { "hex_id": 698450, "centroid_lon": -72.275947850085103, "centroid_lat": 45.342678438742965, "occurrences_today": 3, "datetimes_today": "2026-06-19 00:01:38, 2026-06-19 00:16:36, 2026-06-19 00:31:15", "cumulative_total": 17.0 }, "geometry": { "type": "Polygon", "coordinates": [ [ [ -72.27619694853324, 45.337487366113777 ], [ -72.28244702224201, 45.340234863289425 ], [ -72.282198471152171, 45.345425960368452 ], [ -72.275698683798595, 45.347869505561526 ], [ -72.269448130581196, 45.345121629951052 ], [ -72.269697844203378, 45.33993058764608 ], [ -72.27619694853324, 45.337487366113777 ] ] ] } },
{ "type": "Feature", "properties": { "hex_id": 804880, "centroid_lon": -70.935524171157752, "centroid_lat": 48.467404474840563, "occurrences_today": 3, "datetimes_today": "2026-06-19 00:01:38, 2026-06-19 00:16:36, 2026-06-19 00:31:15", "cumulative_total": 35.0 }, "geometry": { "type": "Polygon", "coordinates": [ [ [ -70.93593853035631, 48.462223447590922 ], [ -70.942478175910054, 48.465052413174568 ], [ -70.942064441273047, 48.47023347990941 ], [ -70.935109694400282, 48.472585494743207 ], [ -70.928569541865173, 48.469756096811842 ], [ -70.928984643141618, 48.46457511646517 ], [ -70.93593853035631, 48.462223447590922 ] ] ] } },
{ "type": "Feature", "properties": { "hex_id": 805491, "centroid_lon": -70.92815432281607, "centroid_lat": 48.474937069802337, "occurrences_today": 3, "datetimes_today": "2026-06-19 00:01:38, 2026-06-19 00:16:36, 2026-06-19 00:31:15", "cumulative_total": 35.0 }, "geometry": { "type": "Polygon", "coordinates": [ [ [ -70.928569541865173, 48.469756096811842 ], [ -70.935109694400282, 48.472585494743207 ], [ -70.934695100041367, 48.477766507297964 ], [ -70.927738985951692, 48.480118035435773 ], [ -70.921198326563001, 48.47728820498638 ], [ -70.921614288074892, 48.472107278988041 ], [ -70.928569541865173, 48.469756096811842 ] ] ] } },
{ "type": "Feature", "properties": { "hex_id": 852979, "centroid_lon": -70.576414598019937, "centroid_lat": 46.419763199774295, "occurrences_today": 3, "datetimes_today": "2026-06-19 00:01:38, 2026-06-19 00:16:36, 2026-06-19 00:31:15", "cumulative_total": 38.0 }, "geometry": { "type": "Polygon", "coordinates": [ [ [ -70.576834330129444, 46.414582729737965 ], [ -70.583111435181891, 46.417424181822021 ], [ -70.582692255998765, 46.422604693218801 ], [ -70.575994750275129, 46.424943662164651 ], [ -70.569717207951413, 46.42210180365494 ], [ -70.570137608583011, 46.416921382690361 ], [ -70.576834330129444, 46.414582729737965 ] ] ] } },
{ "type": "Feature", "properties": { "hex_id": 853590, "centroid_lon": -70.569296691497826, "centroid_lat": 46.427282216964521, "occurrences_today": 3, "datetimes_today": "2026-06-19 00:01:38, 2026-06-19 00:16:36, 2026-06-19 00:31:15", "cumulative_total": 38.0 }, "geometry": { "type": "Polygon", "coordinates": [ [ [ -70.569717207951413, 46.42210180365494 ], [ -70.575994750275129, 46.424943662164651 ], [ -70.575574786855384, 46.43012411690794 ], [ -70.568876059182614, 46.432462622618054 ], [ -70.562598079706532, 46.429620357526254 ], [ -70.56301926501591, 46.424439993371784 ], [ -70.569717207951413, 46.42210180365494 ] ] ] } },
{ "type": "Feature", "properties": { "hex_id": 862751, "centroid_lon": -70.467467064180966, "centroid_lat": 46.477849736528213, "occurrences_today": 3, "datetimes_today": "2026-06-19 00:01:38, 2026-06-19 00:16:36, 2026-06-19 00:31:15", "cumulative_total": 49.0 }, "geometry": { "type": "Polygon", "coordinates": [ [ [ -70.46789798502715, 46.472670091741456 ], [ -70.474175427831568, 46.475517555622979 ], [ -70.473745059857791, 46.480697242848017 ], [ -70.467036024544655, 46.483029373518796 ], [ -70.460758147678291, 46.480181501589648 ], [ -70.461189740146324, 46.475001907102737 ], [ -70.46789798502715, 46.472670091741456 ] ] ] } },
{ "type": "Feature", "properties": { "hex_id": 863361, "centroid_lon": -70.461621213677333, "centroid_lat": 46.469822304811487, "occurrences_today": 3, "datetimes_today": "2026-06-19 00:01:38, 2026-06-19 00:16:36, 2026-06-19 00:31:15", "cumulative_total": 49.0 }, "geometry": { "type": "Polygon", "coordinates": [ [ [ -70.462052568312075, 46.464642694716972 ], [ -70.468328787123937, 46.467490439159619 ], [ -70.46789798502715, 46.472670091741456 ], [ -70.461189740146324, 46.475001907102737 ], [ -70.454913087713109, 46.472153754676718 ], [ -70.455345113741345, 46.46697419493816 ], [ -70.462052568312075, 46.464642694716972 ] ] ] } },
{ "type": "Feature", "properties": { "hex_id": 863362, "centroid_lon": -70.460326436232492, "centroid_lat": 46.485361088271127, "occurrences_today": 3, "datetimes_today": "2026-06-19 00:01:38, 2026-06-19 00:16:36, 2026-06-19 00:31:15", "cumulative_total": 49.0 }, "geometry": { "type": "Polygon", "coordinates": [ [ [ -70.460758147678291, 46.480181501589648 ], [ -70.467036024544655, 46.483029373518796 ], [ -70.466604866077475, 46.488209002712104 ], [ -70.459894605768099, 46.490540667146085 ], [ -70.453616294962103, 46.487692387012906 ], [ -70.45404867836433, 46.482512850715196 ], [ -70.460758147678291, 46.480181501589648 ] ] ] } },
{ "type": "Feature", "properties": { "hex_id": 863972, "centroid_lon": -70.454480942601052, "centroid_lat": 46.477333306602766, "occurrences_today": 3, "datetimes_today": "2026-06-19 00:01:38, 2026-06-19 00:16:36, 2026-06-19 00:31:15", "cumulative_total": 49.0 }, "geometry": { "type": "Polygon", "coordinates": [ [ [ -70.454913087713109, 46.472153754676718 ], [ -70.461189740146324, 46.475001907102737 ], [ -70.460758147678291, 46.480181501589648 ], [ -70.45404867836433, 46.482512850715196 ], [ -70.447771592432161, 46.479664290149422 ], [ -70.448204409272108, 46.474484788663247 ], [ -70.454913087713109, 46.472153754676718 ] ] ] } },
{ "type": "Feature", "properties": { "hex_id": 864583, "centroid_lon": -70.447338656279882, "centroid_lat": 46.484843783812714, "occurrences_today": 3, "datetimes_today": "2026-06-19 00:01:38, 2026-06-19 00:16:36, 2026-06-19 00:31:15", "cumulative_total": 49.0 }, "geometry": { "type": "Polygon", "coordinates": [ [ [ -70.447771592432161, 46.479664290149422 ], [ -70.45404867836433, 46.482512850715196 ], [ -70.453616294962103, 46.487692387012906 ], [ -70.446905600774315, 46.490023269651992 ], [ -70.440628081465817, 46.487174300790123 ], [ -70.44106168968051, 46.481994857650669 ], [ -70.447771592432161, 46.479664290149422 ] ] ] } },
{ "type": "Feature", "properties": { "hex_id": 647776, "centroid_lon": -72.806731530091369, "centroid_lat": 45.315133566563418, "occurrences_today": 3, "datetimes_today": "2026-06-19 00:01:38, 2026-06-19 00:16:36, 2026-06-19 00:31:15", "cumulative_total": 30.0 }, "geometry": { "type": "Polygon", "coordinates": [ [ [ -72.806931925500152, 45.309940400278975 ], [ -72.813205794209594, 45.312659258554895 ], [ -72.813005952873596, 45.317852444140811 ], [ -72.806531080103852, 45.320326727411015 ], [ -72.800256711909469, 45.317607495673442 ], [ -72.800457715951566, 45.312414354191198 ], [ -72.806931925500152, 45.309940400278975 ] ] ] } },
{ "type": "Feature", "properties": { "hex_id": 575808, "centroid_lon": -73.530260524711736, "centroid_lat": 46.43359640603223, "occurrences_today": 3, "datetimes_today": "2026-06-19 00:01:38, 2026-06-19 00:16:36, 2026-06-19 00:31:15", "cumulative_total": 108.0 }, "geometry": { "type": "Polygon", "coordinates": [ [ [ -73.530400171108155, 46.428402160067328 ], [ -73.53683619084633, 46.431082718901067 ], [ -73.536697142884762, 46.436276977380935 ], [ -73.530120839733641, 46.438790646933533 ], [ -73.523684260148912, 46.436109706816097 ], [ -73.523824543548585, 46.430915478496409 ], [ -73.530400171108155, 46.428402160067328 ] ] ] } },
{ "type": "Feature", "properties": { "hex_id": 576418, "centroid_lon": -73.523964788202775, "centroid_lat": 46.425721245110303, "occurrences_today": 3, "datetimes_today": "2026-06-19 00:01:38, 2026-06-19 00:16:36, 2026-06-19 00:31:15", "cumulative_total": 114.0 }, "geometry": { "type": "Polygon", "coordinates": [ [ [ -73.524104994124798, 46.420527006657835 ], [ -73.530539778936188, 46.423207909038865 ], [ -73.530400171108155, 46.428402160067328 ], [ -73.523824543548585, 46.430915478496409 ], [ -73.517389199382038, 46.428234194875586 ], [ -73.517530042116903, 46.423039974132095 ], [ -73.524104994124798, 46.420527006657835 ] ] ] } },
{ "type": "Feature", "properties": { "hex_id": 577028, "centroid_lon": -73.517670845955905, "centroid_lat": 46.417845748319436, "occurrences_today": 3, "datetimes_today": "2026-06-19 00:01:38, 2026-06-19 00:16:36, 2026-06-19 00:31:15", "cumulative_total": 99.0 }, "geometry": { "type": "Polygon", "coordinates": [ [ [ -73.517811610912403, 46.412651517437695 ], [ -73.524245161327954, 46.415332763139112 ], [ -73.524104994124798, 46.420527006657835 ], [ -73.517530042116903, 46.423039974132095 ], [ -73.511095932837193, 46.420358347234831 ], [ -73.511237334416151, 46.415164134125774 ], [ -73.517811610912403, 46.412651517437695 ] ] ] } },
{ "type": "Feature", "properties": { "hex_id": 577029, "centroid_lon": -73.517248317737923, "centroid_lat": 46.433428410549809, "occurrences_today": 3, "datetimes_today": "2026-06-19 00:01:38, 2026-06-19 00:16:36, 2026-06-19 00:31:15", "cumulative_total": 108.0 }, "geometry": { "type": "Polygon", "coordinates": [ [ [ -73.517389199382038, 46.428234194875586 ], [ -73.523824543548585, 46.430915478496409 ], [ -73.523684260148912, 46.436109706816097 ], [ -73.517107397171173, 46.438622621154735 ], [ -73.5106714936895, 46.43594095612967 ], [ -73.510813012487304, 46.430746758236864 ], [ -73.517389199382038, 46.428234194875586 ] ] ] } },
{ "type": "Feature", "properties": { "hex_id": 577638, "centroid_lon": -73.511378696949023, "centroid_lat": 46.409969915944778, "occurrences_today": 3, "datetimes_today": "2026-06-19 00:01:38, 2026-06-19 00:16:36, 2026-06-19 00:31:15", "cumulative_total": 99.0 }, "geometry": { "type": "Polygon", "coordinates": [ [ [ -73.511520020449211, 46.404775692691928 ], [ -73.517952336999741, 46.40745728148692 ], [ -73.517811610912403, 46.412651517437695 ], [ -73.511237334416151, 46.415164134125774 ], [ -73.504804459492163, 46.412482164178911 ], [ -73.504946419424471, 46.407287958762453 ], [ -73.511520020449211, 46.404775692691928 ] ] ] } },
{ "type": "Feature", "properties": { "hex_id": 577639, "centroid_lon": -73.510954492198721, "centroid_lat": 46.425552555271885, "occurrences_today": 3, "datetimes_today": "2026-06-19 00:01:38, 2026-06-19 00:16:36, 2026-06-19 00:31:15", "cumulative_total": 99.0 }, "geometry": { "type": "Polygon", "coordinates": [ [ [ -73.511095932837193, 46.420358347234831 ], [ -73.517530042116903, 46.423039974132095 ], [ -73.517389199382038, 46.428234194875586 ], [ -73.510813012487304, 46.430746758236864 ], [ -73.504378344383653, 46.428064749979356 ], [ -73.504520421985248, 46.422870559787441 ], [ -73.511095932837193, 46.420358347234831 ] ] ] } },
{ "type": "Feature", "properties": { "hex_id": 578249, "centroid_lon": -73.504662460350261, "centroid_lat": 46.417676364520602, "occurrences_today": 3, "datetimes_today": "2026-06-19 00:01:38, 2026-06-19 00:16:36, 2026-06-19 00:31:15", "cumulative_total": 99.0 }, "geometry": { "type": "Polygon", "coordinates": [ [ [ -73.504804459492163, 46.412482164178911 ], [ -73.511237334416151, 46.415164134125774 ], [ -73.511095932837193, 46.420358347234831 ], [ -73.504520421985248, 46.422870559787441 ], [ -73.498086988728147, 46.420188208524387 ], [ -73.498229624642619, 46.414994026091527 ], [ -73.504804459492163, 46.412482164178911 ] ] ] } },
{ "type": "Feature", "properties": { "hex_id": 578859, "centroid_lon": -73.49837222117047, "centroid_lat": 46.409799838580952, "occurrences_today": 3, "datetimes_today": "2026-06-19 00:01:38, 2026-06-19 00:16:36, 2026-06-19 00:31:15", "cumulative_total": 99.0 }, "geometry": { "type": "Polygon", "coordinates": [ [ [ -73.498514778325259, 46.404605645992746 ], [ -73.504946419424471, 46.407287958762453 ], [ -73.504804459492163, 46.412482164178911 ], [ -73.498229624642619, 46.414994026091527 ], [ -73.491797425700781, 46.41231133204969 ], [ -73.491940619437599, 46.407117157433987 ], [ -73.498514778325259, 46.404605645992746 ] ] ] } },
{ "type": "Feature", "properties": { "hex_id": 578860, "centroid_lon": -73.497944313413512, "centroid_lat": 46.425382385879466, "occurrences_today": 3, "datetimes_today": "2026-06-19 00:01:38, 2026-06-19 00:16:36, 2026-06-19 00:31:15", "cumulative_total": 99.0 }, "geometry": { "type": "Polygon", "coordinates": [ [ [ -73.498086988728147, 46.420188208524387 ], [ -73.504520421985248, 46.422870559787441 ], [ -73.504378344383653, 46.428064749979356 ], [ -73.497801598685172, 46.430576558156659 ], [ -73.491367607135487, 46.427893825413044 ], [ -73.491510919563325, 46.422699666039307 ], [ -73.498086988728147, 46.420188208524387 ] ] ] } },
{ "type": "Feature", "properties": { "hex_id": 579469, "centroid_lon": -73.49208377363793, "centroid_lat": 46.401922977737762, "occurrences_today": 3, "datetimes_today": "2026-06-19 00:01:38, 2026-06-19 00:16:36, 2026-06-19 00:31:15", "cumulative_total": 99.0 }, "geometry": { "type": "Polygon", "coordinates": [ [ [ -73.492226888315372, 46.396728792961113 ], [ -73.498657296120498, 46.399411448326973 ], [ -73.498514778325259, 46.404605645992746 ], [ -73.491940619437599, 46.407117157433987 ], [ -73.485509654279966, 46.404434120840065 ], [ -73.485653405348927, 46.399239954099542 ], [ -73.492226888315372, 46.396728792961113 ] ] ] } },
{ "type": "Feature", "properties": { "hex_id": 579470, "centroid_lon": -73.49165419241389, "centroid_lat": 46.417505501584827, "occurrences_today": 3, "datetimes_today": "2026-06-19 00:01:38, 2026-06-19 00:16:36, 2026-06-19 00:31:15", "cumulative_total": 99.0 }, "geometry": { "type": "Polygon", "coordinates": [ [ [ -73.491797425700781, 46.41231133204969 ], [ -73.498229624642619, 46.414994026091527 ], [ -73.498086988728147, 46.420188208524387 ], [ -73.491510919563325, 46.422699666039307 ], [ -73.485078162819534, 46.420016590561026 ], [ -73.485222033028919, 46.414822439070896 ], [ -73.491797425700781, 46.41231133204969 ] ] ] } },
{ "type": "Feature", "properties": { "hex_id": 580080, "centroid_lon": -73.485365863511177, "centroid_lat": 46.409628282497209, "occurrences_today": 3, "datetimes_today": "2026-06-19 00:01:38, 2026-06-19 00:16:36, 2026-06-19 00:31:15", "cumulative_total": 99.0 }, "geometry": { "type": "Polygon", "coordinates": [ [ [ -73.485509654279966, 46.404434120840065 ], [ -73.491940619437599, 46.407117157433987 ], [ -73.491797425700781, 46.41231133204969 ], [ -73.485222033028919, 46.414822439070896 ], [ -73.478790510559605, 46.412139021084712 ], [ -73.478934938060178, 46.406944877536183 ], [ -73.485509654279966, 46.404434120840065 ] ] ] } },
{ "type": "Feature", "properties": { "hex_id": 580081, "centroid_lon": -73.484934252869394, "centroid_lat": 46.425210736967557, "occurrences_today": 3, "datetimes_today": "2026-06-19 00:01:38, 2026-06-19 00:16:36, 2026-06-19 00:31:15", "cumulative_total": 99.0 }, "geometry": { "type": "Polygon", "coordinates": [ [ [ -73.485078162819534, 46.420016590561026 ], [ -73.491510919563325, 46.422699666039307 ], [ -73.491367607135487, 46.427893825413044 ], [ -73.4847903031648, 46.430404878290375 ], [ -73.478356988659982, 46.427721421211345 ], [ -73.478501535873221, 46.422527292922361 ], [ -73.485078162819534, 46.420016590561026 ] ] ] } },
{ "type": "Feature", "properties": { "hex_id": 580690, "centroid_lon": -73.479079325683955, "centroid_lat": 46.401750728901298, "occurrences_today": 3, "datetimes_today": "2026-06-19 00:01:38, 2026-06-19 00:16:36, 2026-06-19 00:31:15", "cumulative_total": 99.0 }, "geometry": { "type": "Polygon", "coordinates": [ [ [ -73.479223673444636, 46.396556575180142 ], [ -73.485653405348927, 46.399239954099542 ], [ -73.485509654279966, 46.404434120840065 ], [ -73.478934938060178, 46.406944877536183 ], [ -73.472504649334127, 46.404261117268682 ], [ -73.472649633635925, 46.399066981719756 ], [ -73.479223673444636, 46.396556575180142 ] ] ] } },
{ "type": "Feature", "properties": { "hex_id": 580691, "centroid_lon": -73.478646043168524, "centroid_lat": 46.417333159546793, "occurrences_today": 3, "datetimes_today": "2026-06-19 00:01:38, 2026-06-19 00:16:36, 2026-06-19 00:31:15", "cumulative_total": 99.0 }, "geometry": { "type": "Polygon", "coordinates": [ [ [ -73.478790510559605, 46.412139021084712 ], [ -73.485222033028919, 46.414822439070896 ], [ -73.485078162819534, 46.420016590561026 ], [ -73.478501535873221, 46.422527292922361 ], [ -73.472069456133269, 46.419843493379609 ], [ -73.472214560596584, 46.414649373098698 ], [ -73.478790510559605, 46.412139021084712 ] ] ] } },
{ "type": "Feature", "properties": { "hex_id": 581300, "centroid_lon": -73.472794577911387, "centroid_lat": 46.393872841081638, "occurrences_today": 3, "datetimes_today": "2026-06-19 00:01:38, 2026-06-19 00:16:36, 2026-06-19 00:31:15", "cumulative_total": 99.0 }, "geometry": { "type": "Polygon", "coordinates": [ [ [ -73.472939482174283, 46.388678695354407 ], [ -73.479367981355892, 46.391362416372786 ], [ -73.479223673444636, 46.396556575180142 ], [ -73.472649633635925, 46.399066981719756 ], [ -73.466220578122105, 46.396382879397486 ], [ -73.466366118735465, 46.391188751906057 ], [ -73.472939482174283, 46.388678695354407 ] ] ] } },
{ "type": "Feature", "properties": { "hex_id": 581301, "centroid_lon": -73.472359624992265, "centroid_lat": 46.409455247728353, "occurrences_today": 3, "datetimes_today": "2026-06-19 00:01:38, 2026-06-19 00:16:36, 2026-06-19 00:31:15", "cumulative_total": 99.0 }, "geometry": { "type": "Polygon", "coordinates": [ [ [ -73.472504649334127, 46.404261117268682 ], [ -73.478934938060178, 46.406944877536183 ], [ -73.478790510559605, 46.412139021084712 ], [ -73.472214560596584, 46.414649373098698 ], [ -73.465783715089955, 46.411965231318888 ], [ -73.46592937631317, 46.406771119103986 ], [ -73.472504649334127, 46.404261117268682 ] ] ] } },
{ "type": "Feature", "properties": { "hex_id": 581911, "centroid_lon": -73.466074997319268, "centroid_lat": 46.401577001796831, "occurrences_today": 3, "datetimes_today": "2026-06-19 00:01:38, 2026-06-19 00:16:36, 2026-06-19 00:31:15", "cumulative_total": 99.0 }, "geometry": { "type": "Polygon", "coordinates": [ [ [ -73.466220578122105, 46.396382879397486 ], [ -73.472649633635925, 46.399066981719756 ], [ -73.472504649334127, 46.404261117268682 ], [ -73.46592937631317, 46.406771119103986 ], [ -73.459499764508507, 46.404086635313696 ], [ -73.459645982001845, 46.398892531222693 ], [ -73.466220578122105, 46.396382879397486 ] ] ] } },
{ "type": "Feature", "properties": { "hex_id": 581912, "centroid_lon": -73.465638013635811, "centroid_lat": 46.417159338441444, "occurrences_today": 3, "datetimes_today": "2026-06-19 00:01:38, 2026-06-19 00:16:36, 2026-06-19 00:31:15", "cumulative_total": 99.0 }, "geometry": { "type": "Polygon", "coordinates": [ [ [ -73.465783715089955, 46.411965231318888 ], [ -73.472214560596584, 46.414649373098698 ], [ -73.472069456133269, 46.419843493379609 ], [ -73.465492271936924, 46.422353440471603 ], [ -73.459060869691129, 46.419668917015237 ], [ -73.459207208367033, 46.414474828210047 ], [ -73.465783715089955, 46.411965231318888 ] ] ] } },
{ "type": "Feature", "properties": { "hex_id": 582521, "centroid_lon": -73.459792159128767, "centroid_lat": 46.393698422036593, "occurrences_today": 3, "datetimes_today": "2026-06-19 00:01:38, 2026-06-19 00:16:36, 2026-06-19 00:31:15", "cumulative_total": 99.0 }, "geometry": { "type": "Polygon", "coordinates": [ [ [ -73.4599382959031, 46.388504307755468 ], [ -73.466366118735465, 46.391188751906057 ], [ -73.466220578122105, 46.396382879397486 ], [ -73.459645982001845, 46.398892531222693 ], [ -73.453217603368017, 46.396207705648372 ], [ -73.453364376642043, 46.391013609739126 ], [ -73.4599382959031, 46.388504307755468 ] ] ] } },
{ "type": "Feature", "properties": { "hex_id": 582522, "centroid_lon": -73.459353506634869, "centroid_lat": 46.409280734309498, "occurrences_today": 3, "datetimes_today": "2026-06-19 00:01:38, 2026-06-19 00:16:36, 2026-06-19 00:31:15", "cumulative_total": 99.0 }, "geometry": { "type": "Polygon", "coordinates": [ [ [ -73.459499764508507, 46.404086635313696 ], [ -73.46592937631317, 46.406771119103986 ], [ -73.465783715089955, 46.411965231318888 ], [ -73.459207208367033, 46.414474828210047 ], [ -73.452777040313066, 46.411789962787537 ], [ -73.452923935217456, 46.406595882172674 ], [ -73.459499764508507, 46.404086635313696 ] ] ] } },
{ "type": "Feature", "properties": { "hex_id": 583132, "centroid_lon": -73.45307078956445, "centroid_lat": 46.401401796459574, "occurrences_today": 3, "datetimes_today": "2026-06-19 00:01:38, 2026-06-19 00:16:36, 2026-06-19 00:31:15", "cumulative_total": 99.0 }, "geometry": { "type": "Polygon", "coordinates": [ [ [ -73.453217603368017, 46.396207705648372 ], [ -73.459645982001845, 46.398892531222693 ], [ -73.459499764508507, 46.404086635313696 ], [ -73.452923935217456, 46.406595882172674 ], [ -73.446495000823802, 46.403910675010472 ], [ -73.446642451467099, 46.398716602643745 ], [ -73.453217603368017, 46.396207705648372 ] ] ] } },
{ "type": "Feature", "properties": { "hex_id": 583133, "centroid_lon": -73.452630104837354, "centroid_lat": 46.416984038304101, "occurrences_today": 3, "datetimes_today": "2026-06-19 00:01:38, 2026-06-19 00:16:36, 2026-06-19 00:31:15", "cumulative_total": 99.0 }, "geometry": { "type": "Polygon", "coordinates": [ [ [ -73.452777040313066, 46.411789962787537 ], [ -73.459207208367033, 46.414474828210047 ], [ -73.459060869691129, 46.419668917015237 ], [ -73.452483128776393, 46.422178108722306 ], [ -73.446052404514859, 46.41949286150335 ], [ -73.446199977361687, 46.414298804440364 ], [ -73.452777040313066, 46.411789962787537 ] ] ] } },
{ "type": "Feature", "properties": { "hex_id": 583742, "centroid_lon": -73.446789861403843, "centroid_lat": 46.393522525175953, "occurrences_today": 3, "datetimes_today": "2026-06-19 00:01:38, 2026-06-19 00:16:36, 2026-06-19 00:31:15", "cumulative_total": 99.0 }, "geometry": { "type": "Polygon", "coordinates": [ [ [ -73.446937230648061, 46.388328442607161 ], [ -73.453364376642043, 46.391013609739126 ], [ -73.453217603368017, 46.396207705648372 ], [ -73.446642451467099, 46.398716602643745 ], [ -73.440214750202458, 46.396031053968322 ], [ -73.440362756095425, 46.390836989907513 ], [ -73.446937230648061, 46.388328442607161 ] ] ] } },
{ "type": "Feature", "properties": { "hex_id": 583743, "centroid_lon": -73.446347509459997, "centroid_lat": 46.409104742276035, "occurrences_today": 3, "datetimes_today": "2026-06-19 00:01:38, 2026-06-19 00:16:36, 2026-06-19 00:31:15", "cumulative_total": 99.0 }, "geometry": { "type": "Polygon", "coordinates": [ [ [ -73.446495000823802, 46.403910675010472 ], [ -73.452923935217456, 46.406595882172674 ], [ -73.452777040313066, 46.411789962787537 ], [ -73.446199977361687, 46.414298804440364 ], [ -73.439770487250129, 46.411613215526174 ], [ -73.439918615793857, 46.406419166777738 ], [ -73.446495000823802, 46.403910675010472 ] ] ] } },
{ "type": "Feature", "properties": { "hex_id": 584353, "centroid_lon": -73.440066703439967, "centroid_lat": 46.401225112925083, "occurrences_today": 3, "datetimes_today": "2026-06-19 00:01:38, 2026-06-19 00:16:36, 2026-06-19 00:31:15", "cumulative_total": 99.0 }, "geometry": { "type": "Polygon", "coordinates": [ [ [ -73.440214750202458, 46.396031053968322 ], [ -73.446642451467099, 46.398716602643745 ], [ -73.446495000823802, 46.403910675010472 ], [ -73.439918615793857, 46.406419166777738 ], [ -73.433490359300649, 46.403733236394743 ], [ -73.433639043051897, 46.398539196018611 ], [ -73.440214750202458, 46.396031053968322 ] ] ] } },
{ "type": "Feature", "properties": { "hex_id": 584964, "centroid_lon": -73.43334163448867, "centroid_lat": 46.408927271663686, "occurrences_today": 3, "datetimes_today": "2026-06-19 00:01:38, 2026-06-19 00:16:36, 2026-06-19 00:31:15", "cumulative_total": 99.0 }, "geometry": { "type": "Polygon", "coordinates": [ [ [ -73.433490359300649, 46.403733236394743 ], [ -73.439918615793857, 46.406419166777738 ], [ -73.439770487250129, 46.411613215526174 ], [ -73.433192868601878, 46.414121301825354 ], [ -73.426764056922295, 46.411434989570672 ], [ -73.426913419063197, 46.406240972955075 ], [ -73.433490359300649, 46.403733236394743 ] ] ] } },
{ "type": "Feature", "properties": { "hex_id": 666724, "centroid_lon": -72.594266492969652, "centroid_lat": 45.661644055896488, "occurrences_today": 3, "datetimes_today": "2026-06-19 00:01:38, 2026-06-19 00:16:36, 2026-06-19 00:31:15", "cumulative_total": 34.0 }, "geometry": { "type": "Polygon", "coordinates": [ [ [ -72.59448896057458, 45.656451980207144 ], [ -72.600790038936026, 45.659182939295434 ], [ -72.60056813260681, 45.664375036489417 ], [ -72.594043964530726, 45.666836126000582 ], [ -72.587742385737783, 45.664104787142726 ], [ -72.587965475431957, 45.658912738607832 ], [ -72.59448896057458, 45.656451980207144 ] ] ] } },
{ "type": "Feature", "properties": { "hex_id": 846243, "centroid_lon": -70.67296932877808, "centroid_lat": 46.103863377823416, "occurrences_today": 3, "datetimes_today": "2026-06-19 00:01:38, 2026-06-19 00:16:36, 2026-06-19 00:31:15", "cumulative_total": 47.0 }, "geometry": { "type": "Polygon", "coordinates": [ [ [ -70.673375417552833, 46.098681951786197 ], [ -70.679623027676485, 46.101517126501399 ], [ -70.679217484085697, 46.106698592747087 ], [ -70.672563128565642, 46.109044796367805 ], [ -70.666315084714626, 46.106209220215547 ], [ -70.666721830073172, 46.10102784194428 ], [ -70.673375417552833, 46.098681951786197 ] ] ] } },
{ "type": "Feature", "properties": { "hex_id": 575107, "centroid_lon": -73.573145167647397, "centroid_lat": 45.023252407219822, "occurrences_today": 3, "datetimes_today": "2026-06-19 00:01:38, 2026-06-19 00:16:36, 2026-06-19 00:31:15", "cumulative_total": 20.0 }, "geometry": { "type": "Polygon", "coordinates": [ [ [ -73.57327423586446, 45.018056775138298 ], [ -73.579553975030464, 45.020733691018975 ], [ -73.579425462803343, 45.02592933483205 ], [ -73.573016064382671, 45.028448034263363 ], [ -73.566735804280228, 45.02577075552847 ], [ -73.5668654635233, 45.020575140279867 ], [ -73.57327423586446, 45.018056775138298 ] ] ] } },
{ "type": "Feature", "properties": { "hex_id": 575717, "centroid_lon": -73.566995087568912, "centroid_lat": 45.015379519990759, "occurrences_today": 3, "datetimes_today": "2026-06-19 00:01:38, 2026-06-19 00:16:36, 2026-06-19 00:31:15", "cumulative_total": 20.0 }, "geometry": { "type": "Polygon", "coordinates": [ [ [ -73.567124676428733, 45.010183894661218 ], [ -73.573403269045428, 45.012861138018849 ], [ -73.57327423586446, 45.018056775138298 ], [ -73.5668654635233, 45.020575140279867 ], [ -73.560586350419371, 45.017897534109309 ], [ -73.560716530132211, 45.01270192567349 ], [ -73.567124676428733, 45.010183894661218 ] ] ] } },
{ "type": "Feature", "properties": { "hex_id": 652661, "centroid_lon": -72.755122741035166, "centroid_lat": 45.329721416522233, "occurrences_today": 3, "datetimes_today": "2026-06-19 00:01:38, 2026-06-19 00:16:36, 2026-06-19 00:31:15", "cumulative_total": 49.0 }, "geometry": { "type": "Polygon", "coordinates": [ [ [ -72.755327953779698, 45.324528445089712 ], [ -72.761600827473828, 45.327250117023553 ], [ -72.76139616850601, 45.332443108264535 ], [ -72.754917472392151, 45.33491438248484 ], [ -72.748644100829097, 45.33219233644764 ], [ -72.748849923230168, 45.326999390357379 ], [ -72.755327953779698, 45.324528445089712 ] ] ] } },
{ "type": "Feature", "properties": { "hex_id": 653272, "centroid_lon": -72.748438222362111, "centroid_lat": 45.337385277063753, "occurrences_today": 3, "datetimes_today": "2026-06-19 00:01:38, 2026-06-19 00:16:36, 2026-06-19 00:31:15", "cumulative_total": 49.0 }, "geometry": { "type": "Polygon", "coordinates": [ [ [ -72.748644100829097, 45.33219233644764 ], [ -72.754917472392151, 45.33491438248484 ], [ -72.754712147832038, 45.340107342977262 ], [ -72.748232287810509, 45.342578212205474 ], [ -72.741958418434578, 45.339855791908434 ], [ -72.742164906874322, 45.334662876706915 ], [ -72.748644100829097, 45.33219233644764 ] ] ] } },
{ "type": "Feature", "properties": { "hex_id": 696024, "centroid_lon": -72.28952319234115, "centroid_lat": 45.59245410422718, "occurrences_today": 3, "datetimes_today": "2026-06-19 00:01:38, 2026-06-19 00:16:36, 2026-06-19 00:31:15", "cumulative_total": 24.0 }, "geometry": { "type": "Polygon", "coordinates": [ [ [ -72.28977321733116, 45.587263200943454 ], [ -72.296051113523063, 45.590010498233625 ], [ -72.295801643366929, 45.595201425950613 ], [ -72.289273099055379, 45.597645001702503 ], [ -72.282994716336844, 45.59489732288602 ], [ -72.283245364433554, 45.58970644990827 ], [ -72.28977321733116, 45.587263200943454 ] ] ] } },
{ "type": "Feature", "properties": { "hex_id": 697245, "centroid_lon": -72.276716956885366, "centroid_lat": 45.592149311515023, "occurrences_today": 3, "datetimes_today": "2026-06-19 00:01:38, 2026-06-19 00:16:36, 2026-06-19 00:31:15", "cumulative_total": 24.0 }, "geometry": { "type": "Polygon", "coordinates": [ [ [ -72.276968159621163, 45.586958463094305 ], [ -72.283245364433554, 45.58970644990827 ], [ -72.282994716336844, 45.59489732288602 ], [ -72.276465685533083, 45.597340154117312 ], [ -72.27018799470963, 45.594591785670879 ], [ -72.27043982067795, 45.589400967689912 ], [ -72.276968159621163, 45.586958463094305 ] ] ] } },
{ "type": "Feature", "properties": { "hex_id": 648386, "centroid_lon": -72.800658665266056, "centroid_lat": 45.307221207268171, "occurrences_today": 3, "datetimes_today": "2026-06-19 00:01:38, 2026-06-19 00:16:36, 2026-06-19 00:31:15", "cumulative_total": 34.0 }, "geometry": { "type": "Polygon", "coordinates": [ [ [ -72.800859559871199, 45.302028054904653 ], [ -72.807132266348404, 45.304747228557879 ], [ -72.806931925500152, 45.309940400278975 ], [ -72.800457715951566, 45.312414354191198 ], [ -72.79418451043594, 45.309694807123044 ], [ -72.794386013489074, 45.304501679621431 ], [ -72.800859559871199, 45.302028054904653 ] ] ] } },
{ "type": "Feature", "properties": { "hex_id": 820754, "centroid_lon": -70.758832513984913, "centroid_lat": 48.476605293063216, "occurrences_today": 3, "datetimes_today": "2026-06-19 00:01:38, 2026-06-19 00:16:36, 2026-06-19 00:31:15", "cumulative_total": 31.0 }, "geometry": { "type": "Polygon", "coordinates": [ [ [ -70.759264993861834, 48.471425435474679 ], [ -70.765795288915285, 48.474264207417576 ], [ -70.765363430764538, 48.479444106246447 ], [ -70.758399911418351, 48.481785143070276 ], [ -70.751869117350566, 48.478945937210099 ], [ -70.752302341598877, 48.473766128514079 ], [ -70.759264993861834, 48.471425435474679 ] ] ] } },
{ "type": "Feature", "properties": { "hex_id": 821975, "centroid_lon": -70.745339067846373, "centroid_lat": 48.476106380035034, "occurrences_today": 3, "datetimes_today": "2026-06-19 00:01:38, 2026-06-19 00:16:36, 2026-06-19 00:31:15", "cumulative_total": 31.0 }, "geometry": { "type": "Polygon", "coordinates": [ [ [ -70.745772913562021, 48.470926612712141 ], [ -70.752302341598877, 48.473766128514079 ], [ -70.751869117350566, 48.478945937210099 ], [ -70.744905099056709, 48.481286139758247 ], [ -70.738375172648801, 48.47844618993755 ], [ -70.738809762861251, 48.473266471658157 ], [ -70.745772913562021, 48.470926612712141 ] ] ] } },
{ "type": "Feature", "properties": { "hex_id": 823196, "centroid_lon": -70.73184599092987, "centroid_lat": 48.475605888966086, "occurrences_today": 3, "datetimes_today": "2026-06-19 00:01:38, 2026-06-19 00:16:36, 2026-06-19 00:31:15", "cumulative_total": 31.0 }, "geometry": { "type": "Polygon", "coordinates": [ [ [ -70.732281202350663, 48.470426212192557 ], [ -70.738809762861251, 48.473266471658157 ], [ -70.738375172648801, 48.47844618993755 ], [ -70.731410656050755, 48.480785558121667 ], [ -70.724881597812512, 48.477944864535964 ], [ -70.725317553855263, 48.472765236956924 ], [ -70.732281202350663, 48.470426212192557 ] ] ] } },
{ "type": "Feature", "properties": { "hex_id": 823806, "centroid_lon": -70.725753386269929, "centroid_lat": 48.467585601751324, "occurrences_today": 3, "datetimes_today": "2026-06-19 00:01:38, 2026-06-19 00:16:36, 2026-06-19 00:31:15", "cumulative_total": 31.0 }, "geometry": { "type": "Polygon", "coordinates": [ [ [ -70.726189095101233, 48.462405958920151 ], [ -70.732716290357772, 48.465246527802123 ], [ -70.732281202350663, 48.470426212192557 ], [ -70.725317553855263, 48.472765236956924 ], [ -70.718789861380259, 48.469924234023175 ], [ -70.719226314574385, 48.464744640447492 ], [ -70.726189095101233, 48.462405958920151 ] ] ] } },
{ "type": "Feature", "properties": { "hex_id": 824417, "centroid_lon": -70.718353284388371, "centroid_lat": 48.475103819963657, "occurrences_today": 3, "datetimes_today": "2026-06-19 00:01:38, 2026-06-19 00:16:36, 2026-06-19 00:31:15", "cumulative_total": 31.0 }, "geometry": { "type": "Polygon", "coordinates": [ [ [ -70.718789861380259, 48.469924234023175 ], [ -70.725317553855263, 48.472765236956924 ], [ -70.724881597812512, 48.477944864535964 ], [ -70.717916583553887, 48.480283398267844 ], [ -70.711388393994724, 48.477441961112795 ], [ -70.711825715733539, 48.472262424517837 ], [ -70.718789861380259, 48.469924234023175 ] ] ] } },
{ "type": "Feature", "properties": { "hex_id": 825027, "centroid_lon": -70.712262913460094, "centroid_lat": 48.467082880277935, "occurrences_today": 3, "datetimes_today": "2026-06-19 00:01:38, 2026-06-19 00:16:36, 2026-06-19 00:31:15", "cumulative_total": 31.0 }, "geometry": { "type": "Polygon", "coordinates": [ [ [ -70.712699987219295, 48.461903328394143 ], [ -70.719226314574385, 48.464744640447492 ], [ -70.718789861380259, 48.469924234023175 ], [ -70.711825715733539, 48.472262424517837 ], [ -70.705298891803167, 48.469420678311607 ], [ -70.705736710049933, 48.46424117583426 ], [ -70.712699987219295, 48.461903328394143 ] ] ] } },
{ "type": "Feature", "properties": { "hex_id": 825638, "centroid_lon": -70.704860949374577, "centroid_lat": 48.474600173135364, "occurrences_today": 3, "datetimes_today": "2026-06-19 00:01:38, 2026-06-19 00:16:36, 2026-06-19 00:31:15", "cumulative_total": 31.0 }, "geometry": { "type": "Polygon", "coordinates": [ [ [ -70.705298891803167, 48.469420678311607 ], [ -70.711825715733539, 48.472262424517837 ], [ -70.711388393994724, 48.477441961112795 ], [ -70.704422882719228, 48.479779660304452 ], [ -70.697895562348322, 48.476937479775877 ], [ -70.698334249648497, 48.471758034448662 ], [ -70.705298891803167, 48.469420678311607 ] ] ] } },
{ "type": "Feature", "properties": { "hex_id": 826248, "centroid_lon": -70.698772812552363, "centroid_lat": 48.466578581458094, "occurrences_today": 3, "datetimes_today": "2026-06-19 00:01:38, 2026-06-19 00:16:36, 2026-06-19 00:31:15", "cumulative_total": 31.0 }, "geometry": { "type": "Polygon", "coordinates": [ [ [ -70.699211251104913, 48.461399120805218 ], [ -70.705736710049933, 48.46424117583426 ], [ -70.705298891803167, 48.469420678311607 ], [ -70.698334249648497, 48.471758034448662 ], [ -70.691808294771505, 48.468915545165785 ], [ -70.692247477936149, 48.463736134070338 ], [ -70.699211251104913, 48.461399120805218 ] ] ] } },
{ "type": "Feature", "properties": { "hex_id": 911003, "centroid_lon": -69.922144264781707, "centroid_lat": 46.805679233126689, "occurrences_today": 3, "datetimes_today": "2026-06-19 00:01:38, 2026-06-19 00:16:36, 2026-06-19 00:31:15", "cumulative_total": 39.0 }, "geometry": { "type": "Polygon", "coordinates": [ [ [ -69.922632457407275, 46.800504033934452 ], [ -69.928915375293101, 46.803381764187094 ], [ -69.92842773620319, 46.808557011241653 ], [ -69.92165593710007, 46.810854423704669 ], [ -69.915372600757962, 46.807976276835348 ], [ -69.915861481928616, 46.802801134185472 ], [ -69.922632457407275, 46.800504033934452 ] ] ] } },
{ "type": "Feature", "properties": { "hex_id": 553130, "centroid_lon": -73.801239388663532, "centroid_lat": 45.041466511121548, "occurrences_today": 3, "datetimes_today": "2026-06-19 00:01:38, 2026-06-19 00:16:36, 2026-06-19 00:31:15", "cumulative_total": 93.0 }, "geometry": { "type": "Polygon", "coordinates": [ [ [ -73.801347896414711, 45.036270420896301 ], [ -73.80764050539112, 45.038934915827177 ], [ -73.807532557171868, 45.044131015548309 ], [ -73.801130851438842, 45.046662596393425 ], [ -73.794837712408892, 45.043997740503983 ], [ -73.794946809155732, 45.038801664791471 ], [ -73.801347896414711, 45.036270420896301 ] ] ] } },
{ "type": "Feature", "properties": { "hex_id": 553741, "centroid_lon": -73.794728586027773, "centroid_lat": 45.049193811260928, "occurrences_today": 3, "datetimes_today": "2026-06-19 00:01:38, 2026-06-19 00:16:36, 2026-06-19 00:31:15", "cumulative_total": 71.0 }, "geometry": { "type": "Polygon", "coordinates": [ [ [ -73.794837712408892, 45.043997740503983 ], [ -73.801130851438842, 45.046662596393425 ], [ -73.801022284730891, 45.05185867671188 ], [ -73.794619430002513, 45.054389877062263 ], [ -73.788325760948425, 45.051724660057161 ], [ -73.788435476637005, 45.046528603880844 ], [ -73.794837712408892, 45.043997740503983 ] ] ] } },
{ "type": "Feature", "properties": { "hex_id": 554351, "centroid_lon": -73.788545162530468, "centroid_lat": 45.041332542746758, "occurrences_today": 3, "datetimes_today": "2026-06-19 00:01:38, 2026-06-19 00:16:36, 2026-06-19 00:31:15", "cumulative_total": 62.0 }, "geometry": { "type": "Polygon", "coordinates": [ [ [ -73.78865481863869, 45.036136476654967 ], [ -73.794946809155732, 45.038801664791471 ], [ -73.794837712408892, 45.043997740503983 ], [ -73.788435476637005, 45.046528603880844 ], [ -73.782142956548768, 45.043863054668577 ], [ -73.782253201793736, 45.038667003218706 ], [ -73.78865481863869, 45.036136476654967 ] ] ] } },
{ "type": "Feature", "properties": { "hex_id": 554962, "centroid_lon": -73.78203268135772, "centroid_lat": 45.04905910115852, "occurrences_today": 3, "datetimes_today": "2026-06-19 00:01:38, 2026-06-19 00:16:36, 2026-06-19 00:31:15", "cumulative_total": 62.0 }, "geometry": { "type": "Polygon", "coordinates": [ [ [ -73.782142956548768, 45.043863054668577 ], [ -73.788435476637005, 45.046528603880844 ], [ -73.788325760948425, 45.051724660057161 ], [ -73.781922376210687, 45.054255142688504 ], [ -73.775629326580955, 45.051589232243387 ], [ -73.775740191220521, 45.046393200463292 ], [ -73.782142956548768, 45.043863054668577 ] ] ] } },
{ "type": "Feature", "properties": { "hex_id": 555572, "centroid_lon": -73.775851025753141, "centroid_lat": 45.041197163721044, "occurrences_today": 3, "datetimes_today": "2026-06-19 00:01:38, 2026-06-19 00:16:36, 2026-06-19 00:31:15", "cumulative_total": 62.0 }, "geometry": { "type": "Polygon", "coordinates": [ [ [ -73.775961830188805, 45.036001122016721 ], [ -73.782253201793736, 45.038667003218706 ], [ -73.782142956548768, 45.043863054668577 ], [ -73.775740191220521, 45.046393200463292 ], [ -73.769448290526853, 45.043726958068419 ], [ -73.769559684240193, 45.03853093113522 ], [ -73.775961830188805, 45.036001122016721 ] ] ] } },
{ "type": "Feature", "properties": { "hex_id": 556183, "centroid_lon": -73.76933686655569, "centroid_lat": 45.048922980037311, "occurrences_today": 3, "datetimes_today": "2026-06-19 00:01:38, 2026-06-19 00:16:36, 2026-06-19 00:31:15", "cumulative_total": 62.0 }, "geometry": { "type": "Polygon", "coordinates": [ [ [ -73.769448290526853, 45.043726958068419 ], [ -73.775740191220521, 45.046393200463292 ], [ -73.775629326580955, 45.051589232243387 ], [ -73.769225412316644, 45.054118997041812 ], [ -73.762932982564266, 45.051452393297019 ], [ -73.763044996124876, 45.046256386167244 ], [ -73.769448290526853, 45.043726958068419 ] ] ] } },
{ "type": "Feature", "properties": { "hex_id": 556793, "centroid_lon": -73.763156979266711, "centroid_lat": 45.041060374070881, "occurrences_today": 3, "datetimes_today": "2026-06-19 00:01:38, 2026-06-19 00:16:36, 2026-06-19 00:31:15", "cumulative_total": 62.0 }, "geometry": { "type": "Polygon", "coordinates": [ [ [ -73.763268931999889, 45.035864357008023 ], [ -73.769559684240193, 45.03853093113522 ], [ -73.769448290526853, 45.043726958068419 ], [ -73.763044996124876, 45.046256386167244 ], [ -73.75675371527845, 45.043589450730167 ], [ -73.756866257430048, 45.038393448567653 ], [ -73.763268931999889, 45.035864357008023 ] ] ] } },
{ "type": "Feature", "properties": { "hex_id": 697246, "centroid_lon": -72.275962936886799, "centroid_lat": 45.607721821865233, "occurrences_today": 3, "datetimes_today": "2026-06-19 00:01:38, 2026-06-19 00:16:36, 2026-06-19 00:31:15", "cumulative_total": 30.0 }, "geometry": { "type": "Polygon", "coordinates": [ [ [ -72.276214345541248, 45.602530990900846 ], [ -72.282493214717505, 45.605279051400451 ], [ -72.282242361148874, 45.610469906936402 ], [ -72.27571145954667, 45.612912647010113 ], [ -72.269432103981828, 45.610164204670561 ], [ -72.269684136384683, 45.604973404161569 ], [ -72.276214345541248, 45.602530990900846 ] ] ] } },
{ "type": "Feature", "properties": { "hex_id": 697856, "centroid_lon": -72.269936099952915, "centroid_lat": 45.599782597828217, "occurrences_today": 3, "datetimes_today": "2026-06-19 00:01:38, 2026-06-19 00:16:36, 2026-06-19 00:31:15", "cumulative_total": 7.0 }, "geometry": { "type": "Polygon", "coordinates": [ [ [ -72.27018799470963, 45.594591785670879 ], [ -72.276465685533083, 45.597340154117312 ], [ -72.276214345541248, 45.602530990900846 ], [ -72.269684136384683, 45.604973404161569 ], [ -72.263405959619419, 45.602224653925873 ], [ -72.263658477929411, 45.597033872283021 ], [ -72.27018799470963, 45.594591785670879 ] ] ] } },
{ "type": "Feature", "properties": { "hex_id": 698466, "centroid_lon": -72.263910927279056, "centroid_lat": 45.591843084811323, "occurrences_today": 3, "datetimes_today": "2026-06-19 00:01:38, 2026-06-19 00:16:36, 2026-06-19 00:31:15", "cumulative_total": 7.0 }, "geometry": { "type": "Polygon", "coordinates": [ [ [ -72.264163307691518, 45.586652291511143 ], [ -72.27043982067795, 45.589400967689912 ], [ -72.27018799470963, 45.594591785670879 ], [ -72.263658477929411, 45.597033872283021 ], [ -72.257381479447616, 45.594284814365729 ], [ -72.25763448321824, 45.589094051639094 ], [ -72.264163307691518, 45.586652291511143 ] ] ] } },
{ "type": "Feature", "properties": { "hex_id": 917115, "centroid_lon": -69.846462706583495, "centroid_lat": 46.911423417883142, "occurrences_today": 3, "datetimes_today": "2026-06-19 00:01:38, 2026-06-19 00:16:36, 2026-06-19 00:31:15", "cumulative_total": 42.0 }, "geometry": { "type": "Polygon", "coordinates": [ [ [ -69.846959988792889, 46.906248927262141 ], [ -69.853250414299978, 46.909131122542135 ], [ -69.852753687504205, 46.914305661832799 ], [ -69.845965286623297, 46.916597899760141 ], [ -69.839674443477222, 46.913715285846997 ], [ -69.840172418803334, 46.90854085270562 ], [ -69.846959988792889, 46.906248927262141 ] ] ] } },
{ "type": "Feature", "properties": { "hex_id": 750540, "centroid_lon": -71.54216781386296, "centroid_lat": 48.401535013659512, "occurrences_today": 3, "datetimes_today": "2026-06-19 00:01:38, 2026-06-19 00:16:36, 2026-06-19 00:31:15", "cumulative_total": 35.0 }, "geometry": { "type": "Polygon", "coordinates": [ [ [ -71.542519594968425, 48.396350315007545 ], [ -71.549086503133225, 48.399145339061313 ], [ -71.548735354926194, 48.404330071103736 ], [ -71.541815932983027, 48.406719705694741 ], [ -71.535248491712338, 48.403924255325215 ], [ -71.535601005454595, 48.398739596751419 ], [ -71.542519594968425, 48.396350315007545 ] ] ] } },
{ "type": "Feature", "properties": { "hex_id": 725312, "centroid_lon": -71.995504075285893, "centroid_lat": 45.335639848262801, "occurrences_today": 1, "datetimes_today": "2026-06-19 00:01:38", "cumulative_total": 31.0 }, "geometry": { "type": "Polygon", "coordinates": [ [ [ -71.99577872898935, 45.330450042297549 ], [ -72.00201367579136, 45.33321253530039 ], [ -72.001739565194967, 45.338402368406875 ], [ -71.995229346809069, 45.340829648188119 ], [ -71.988993931685854, 45.338066774462632 ], [ -71.989269203244802, 45.332877001742169 ], [ -71.99577872898935, 45.330450042297549 ] ] ] } },
{ "type": "Feature", "properties": { "hex_id": 400592, "centroid_lon": -75.397924109516367, "centroid_lat": 46.403379035358562, "occurrences_today": 3, "datetimes_today": "2026-06-19 00:01:38, 2026-06-19 00:16:36, 2026-06-19 00:31:15", "cumulative_total": 22.0 }, "geometry": { "type": "Polygon", "coordinates": [ [ [ -75.39788633702004, 46.398183175452687 ], [ -75.404409434900487, 46.400758290273835 ], [ -75.404447830092778, 46.405954143680965 ], [ -75.397961892447626, 46.408574890498265 ], [ -75.391438161434507, 46.405999413389118 ], [ -75.391401001202794, 46.400803551817397 ], [ -75.39788633702004, 46.398183175452687 ] ] ] } },
{ "type": "Feature", "properties": { "hex_id": 912225, "centroid_lon": -69.907620837169489, "centroid_lat": 46.820623041375505, "occurrences_today": 3, "datetimes_today": "2026-06-19 00:01:38, 2026-06-19 00:16:36, 2026-06-19 00:31:15", "cumulative_total": 44.0 }, "geometry": { "type": "Polygon", "coordinates": [ [ [ -69.90811067796372, 46.815447972616745 ], [ -69.914394432622004, 46.818326536259107 ], [ -69.913905145563234, 46.823501653030185 ], [ -69.907130860839075, 46.82579810149597 ], [ -69.900846688004933, 46.822919120924148 ], [ -69.901337218023997, 46.817744108881783 ], [ -69.90811067796372, 46.815447972616745 ] ] ] } },
{ "type": "Feature", "properties": { "hex_id": 769295, "centroid_lon": -71.51091867783758, "centroid_lat": 45.74280310501571, "occurrences_today": 3, "datetimes_today": "2026-06-19 00:01:38, 2026-06-19 00:16:36, 2026-06-19 00:31:15", "cumulative_total": 39.0 }, "geometry": { "type": "Polygon", "coordinates": [ [ [ -71.511242136547025, 45.737616163195227 ], [ -71.517495759163424, 45.740405598664509 ], [ -71.51717284814508, 45.745592572486572 ], [ -71.510595130676393, 45.74799004032355 ], [ -71.504341048835528, 45.745200214845667 ], [ -71.504665143658045, 45.740013311603711 ], [ -71.511242136547025, 45.737616163195227 ] ] ] } },
{ "type": "Feature", "properties": { "hex_id": 769905, "centroid_lon": -71.504989149882704, "centroid_lat": 45.734826401842938, "occurrences_today": 3, "datetimes_today": "2026-06-19 00:01:38, 2026-06-19 00:16:36, 2026-06-19 00:31:15", "cumulative_total": 39.0 }, "geometry": { "type": "Polygon", "coordinates": [ [ [ -71.505313067539348, 45.729639485563979 ], [ -71.511565506834515, 45.732429214862734 ], [ -71.511242136547025, 45.737616163195227 ], [ -71.504665143658045, 45.740013311603711 ], [ -71.498412245576631, 45.737223192352175 ], [ -71.498736799140644, 45.732036314709219 ], [ -71.505313067539348, 45.729639485563979 ] ] ] } },
{ "type": "Feature", "properties": { "hex_id": 770516, "centroid_lon": -71.498087603268758, "centroid_lat": 45.742410063470146, "occurrences_today": 3, "datetimes_today": "2026-06-19 00:01:38, 2026-06-19 00:16:36, 2026-06-19 00:31:15", "cumulative_total": 39.0 }, "geometry": { "type": "Polygon", "coordinates": [ [ [ -71.498412245576631, 45.737223192352175 ], [ -71.504665143658045, 45.740013311603711 ], [ -71.504341048835528, 45.745200214845667 ], [ -71.49776287218711, 45.747596928062507 ], [ -71.491509515409035, 45.744806418702737 ], [ -71.491834793946154, 45.739619586298652 ], [ -71.498412245576631, 45.737223192352175 ] ] ] } },
{ "type": "Feature", "properties": { "hex_id": 765633, "centroid_lon": -71.548453242642154, "centroid_lat": 45.759535017166222, "occurrences_today": 3, "datetimes_today": "2026-06-19 00:01:38, 2026-06-19 00:16:36, 2026-06-19 00:31:15", "cumulative_total": 32.0 }, "geometry": { "type": "Polygon", "coordinates": [ [ [ -71.548773412566234, 45.754347884208769 ], [ -71.555030851518268, 45.757135362245762 ], [ -71.554711230340899, 45.762322526855662 ], [ -71.548132985144164, 45.764722143647852 ], [ -71.541875085034107, 45.761934275690599 ], [ -71.542195891249293, 45.75674718092575 ], [ -71.548773412566234, 45.754347884208769 ] ] ] } },
{ "type": "Feature", "properties": { "hex_id": 766243, "centroid_lon": -71.542516609744098, "centroid_lat": 45.751560079678967, "occurrences_today": 3, "datetimes_today": "2026-06-19 00:01:38, 2026-06-19 00:16:36, 2026-06-19 00:31:15", "cumulative_total": 32.0 }, "geometry": { "type": "Polygon", "coordinates": [ [ [ -71.542837240548081, 45.746372971950848 ], [ -71.549093494945893, 45.749160744776077 ], [ -71.548773412566234, 45.754347884208769 ], [ -71.542195891249293, 45.75674718092575 ], [ -71.535939176132743, 45.753959018235896 ], [ -71.536260443022343, 45.748771948758005 ], [ -71.542837240548081, 45.746372971950848 ] ] ] } },
{ "type": "Feature", "properties": { "hex_id": 766853, "centroid_lon": -71.536581622074763, "centroid_lat": 45.743584872792667, "occurrences_today": 3, "datetimes_today": "2026-06-19 00:01:38, 2026-06-19 00:16:36, 2026-06-19 00:31:15", "cumulative_total": 32.0 }, "geometry": { "type": "Polygon", "coordinates": [ [ [ -71.536902713319591, 45.738397790340485 ], [ -71.543157783690773, 45.741185857742018 ], [ -71.542837240548081, 45.746372971950848 ], [ -71.536260443022343, 45.748771948758005 ], [ -71.530004912371396, 45.74598349154752 ], [ -71.530326639496366, 45.740796447403163 ], [ -71.536902713319591, 45.738397790340485 ] ] ] } },
{ "type": "Feature", "properties": { "hex_id": 767464, "centroid_lon": -71.529683097262961, "centroid_lat": 45.751170529198305, "occurrences_today": 3, "datetimes_today": "2026-06-19 00:01:38, 2026-06-19 00:16:36, 2026-06-19 00:31:15", "cumulative_total": 32.0 }, "geometry": { "type": "Polygon", "coordinates": [ [ [ -71.530004912371396, 45.74598349154752 ], [ -71.536260443022343, 45.748771948758005 ], [ -71.535939176132743, 45.753959018235896 ], [ -71.529361194141416, 45.7563575603549 ], [ -71.523105203299565, 45.753568713179838 ], [ -71.523427654610288, 45.748381713914654 ], [ -71.530004912371396, 45.74598349154752 ] ] ] } },
{ "type": "Feature", "properties": { "hex_id": 768074, "centroid_lon": -71.523750017761643, "centroid_lat": 45.743194708149147, "occurrences_today": 3, "datetimes_today": "2026-06-19 00:01:38, 2026-06-19 00:16:36, 2026-06-19 00:31:15", "cumulative_total": 32.0 }, "geometry": { "type": "Polygon", "coordinates": [ [ [ -71.524072292783302, 45.738007695883923 ], [ -71.530326639496366, 45.740796447403163 ], [ -71.530004912371396, 45.74598349154752 ], [ -71.523427654610288, 45.748381713914654 ], [ -71.51717284814508, 45.745592572486572 ], [ -71.517495759163424, 45.740405598664509 ], [ -71.524072292783302, 45.738007695883923 ] ] ] } },
{ "type": "Feature", "properties": { "hex_id": 768684, "centroid_lon": -71.517818581905914, "centroid_lat": 45.735218618336589, "occurrences_today": 3, "datetimes_today": "2026-06-19 00:01:38, 2026-06-19 00:16:36, 2026-06-19 00:31:15", "cumulative_total": 33.0 }, "geometry": { "type": "Polygon", "coordinates": [ [ [ -71.518141316402279, 45.730031631503408 ], [ -71.524394479704952, 45.732820677119591 ], [ -71.524072292783302, 45.738007695883923 ], [ -71.517495759163424, 45.740405598664509 ], [ -71.511242136547025, 45.737616163195227 ], [ -71.511565506834515, 45.732429214862734 ], [ -71.518141316402279, 45.730031631503408 ] ] ] } },
{ "type": "Feature", "properties": { "hex_id": 768685, "centroid_lon": -71.516849848821124, "centroid_lat": 45.750779539802153, "occurrences_today": 3, "datetimes_today": "2026-06-19 00:01:38, 2026-06-19 00:16:36, 2026-06-19 00:31:15", "cumulative_total": 32.0 }, "geometry": { "type": "Polygon", "coordinates": [ [ [ -71.51717284814508, 45.745592572486572 ], [ -71.523427654610288, 45.748381713914654 ], [ -71.523105203299565, 45.753568713179838 ], [ -71.516526761161842, 45.755966500610661 ], [ -71.510271495033635, 45.753176969118151 ], [ -71.510595130676393, 45.74799004032355 ], [ -71.51717284814508, 45.745592572486572 ] ] ] } },
{ "type": "Feature", "properties": { "hex_id": 769906, "centroid_lon": -71.504016865385339, "centroid_lat": 45.750387111568202, "occurrences_today": 3, "datetimes_today": "2026-06-19 00:01:38, 2026-06-19 00:16:36, 2026-06-19 00:31:15", "cumulative_total": 32.0 }, "geometry": { "type": "Polygon", "coordinates": [ [ [ -71.504341048835528, 45.745200214845667 ], [ -71.510595130676393, 45.74799004032355 ], [ -71.510271495033635, 45.753176969118151 ], [ -71.503692593277606, 45.755574001770697 ], [ -71.497438052301774, 45.752783786128646 ], [ -71.49776287218711, 45.747596928062507 ], [ -71.504341048835528, 45.745200214845667 ] ] ] } },
{ "type": "Feature", "properties": { "hex_id": 696636, "centroid_lon": -72.281991439043551, "centroid_lat": 45.615660756657661, "occurrences_today": 3, "datetimes_today": "2026-06-19 00:01:38, 2026-06-19 00:16:36, 2026-06-19 00:31:15", "cumulative_total": 38.0 }, "geometry": { "type": "Polygon", "coordinates": [ [ [ -72.282242361148874, 45.610469906936402 ], [ -72.288522409193945, 45.613217659274568 ], [ -72.288272042495535, 45.618408533512728 ], [ -72.281740448378528, 45.620851600563896 ], [ -72.27545991349777, 45.618103466335107 ], [ -72.27571145954667, 45.612912647010113 ], [ -72.282242361148874, 45.610469906936402 ] ] ] } },
{ "type": "Feature", "properties": { "hex_id": 692974, "centroid_lon": -72.31968441988586, "centroid_lat": 45.632142422382827, "occurrences_today": 3, "datetimes_today": "2026-06-19 00:01:38, 2026-06-19 00:16:36, 2026-06-19 00:31:15", "cumulative_total": 28.0 }, "geometry": { "type": "Polygon", "coordinates": [ [ [ -72.319932006967917, 45.626951426453523 ], [ -72.326215798192464, 45.629697180283429 ], [ -72.325968767550123, 45.634888200372195 ], [ -72.31943676513967, 45.637333412525933 ], [ -72.313152485150951, 45.634587276917138 ], [ -72.313400696314091, 45.629396310997876 ], [ -72.319932006967917, 45.626951426453523 ] ] ] } },
{ "type": "Feature", "properties": { "hex_id": 693584, "centroid_lon": -72.313648839663685, "centroid_lat": 45.624205339287634, "occurrences_today": 3, "datetimes_today": "2026-06-19 00:01:38, 2026-06-19 00:16:36, 2026-06-19 00:31:15", "cumulative_total": 28.0 }, "geometry": { "type": "Polygon", "coordinates": [ [ [ -72.313896915222529, 45.619014361786768 ], [ -72.320179526408566, 45.621760424738362 ], [ -72.319932006967917, 45.626951426453523 ], [ -72.313400696314091, 45.629396310997876 ], [ -72.30711759681202, 45.626649866317877 ], [ -72.307366296257015, 45.621458918886304 ], [ -72.313896915222529, 45.619014361786768 ] ] ] } },
{ "type": "Feature", "properties": { "hex_id": 693585, "centroid_lon": -72.31290420615143, "centroid_lat": 45.639778237045057, "occurrences_today": 3, "datetimes_today": "2026-06-19 00:01:38, 2026-06-19 00:16:36, 2026-06-19 00:31:15", "cumulative_total": 28.0 }, "geometry": { "type": "Polygon", "coordinates": [ [ [ -72.313152485150951, 45.634587276917138 ], [ -72.31943676513967, 45.637333412525933 ], [ -72.319189042706569, 45.642524396882493 ], [ -72.312655859292747, 45.644969191381293 ], [ -72.306371090608181, 45.642222673836535 ], [ -72.306619994010461, 45.637031743793351 ], [ -72.313152485150951, 45.634587276917138 ] ] ] } },
{ "type": "Feature", "properties": { "hex_id": 694195, "centroid_lon": -72.306868829404124, "centroid_lat": 45.631840807953687, "occurrences_today": 3, "datetimes_today": "2026-06-19 00:01:38, 2026-06-19 00:16:36, 2026-06-19 00:31:15", "cumulative_total": 28.0 }, "geometry": { "type": "Polygon", "coordinates": [ [ [ -72.30711759681202, 45.626649866317877 ], [ -72.313400696314091, 45.629396310997876 ], [ -72.313152485150951, 45.634587276917138 ], [ -72.306619994010461, 45.637031743793351 ], [ -72.300336406260826, 45.634284917227916 ], [ -72.30058579787638, 45.629094005736093 ], [ -72.30711759681202, 45.626649866317877 ] ] ] } },
{ "type": "Feature", "properties": { "hex_id": 694805, "centroid_lon": -72.300835121356826, "centroid_lat": 45.623903088443335, "occurrences_today": 3, "datetimes_today": "2026-06-19 00:01:38, 2026-06-19 00:16:36, 2026-06-19 00:31:15", "cumulative_total": 28.0 }, "geometry": { "type": "Polygon", "coordinates": [ [ [ -72.301084376725086, 45.618712165350018 ], [ -72.307366296257015, 45.621458918886304 ], [ -72.30711759681202, 45.626649866317877 ], [ -72.30058579787638, 45.629094005736093 ], [ -72.294303390544826, 45.62634687036492 ], [ -72.294553269925643, 45.621155977474793 ], [ -72.301084376725086, 45.618712165350018 ] ] ] } },
{ "type": "Feature", "properties": { "hex_id": 695415, "centroid_lon": -72.294803081045032, "centroid_lat": 45.615965078779276, "occurrences_today": 3, "datetimes_today": "2026-06-19 00:01:38, 2026-06-19 00:16:36, 2026-06-19 00:31:15", "cumulative_total": 28.0 }, "geometry": { "type": "Polygon", "coordinates": [ [ [ -72.295052823925928, 45.610774174278738 ], [ -72.301333564004025, 45.613521236456471 ], [ -72.301084376725086, 45.618712165350018 ], [ -72.294553269925643, 45.621155977474793 ], [ -72.288272042495535, 45.618408533512728 ], [ -72.288522409193945, 45.613217659274568 ], [ -72.295052823925928, 45.610774174278738 ] ] ] } },
{ "type": "Feature", "properties": { "hex_id": 649608, "centroid_lon": -72.787305413427632, "centroid_lat": 45.322554216826518, "occurrences_today": 3, "datetimes_today": "2026-06-19 00:01:38, 2026-06-19 00:16:36, 2026-06-19 00:31:15", "cumulative_total": 51.0 }, "geometry": { "type": "Polygon", "coordinates": [ [ [ -72.787507635182934, 45.317361125152594 ], [ -72.793781339682127, 45.320081045792115 ], [ -72.793579671944798, 45.325274156959075 ], [ -72.787103136592052, 45.32774730305119 ], [ -72.780828933164329, 45.325027008683833 ], [ -72.781031763999522, 45.319833942016089 ], [ -72.787507635182934, 45.317361125152594 ] ] ] } },
{ "type": "Feature", "properties": { "hex_id": 863379, "centroid_lon": -70.438150426462244, "centroid_lat": 46.74950963337556, "occurrences_today": 3, "datetimes_today": "2026-06-19 00:01:38, 2026-06-19 00:16:36, 2026-06-19 00:31:15", "cumulative_total": 31.0 }, "geometry": { "type": "Polygon", "coordinates": [ [ [ -70.438588260308492, 46.744330446224957 ], [ -70.444894527467071, 46.747180496744377 ], [ -70.444457254155623, 46.752359726827656 ], [ -70.437712471490528, 46.754688812663552 ], [ -70.431405764943534, 46.751838350168008 ], [ -70.431844280408228, 46.746659213878694 ], [ -70.438588260308492, 46.744330446224957 ] ] ] } },
{ "type": "Feature", "properties": { "hex_id": 863990, "centroid_lon": -70.430967128162152, "centroid_lat": 46.757017478585247, "occurrences_today": 3, "datetimes_today": "2026-06-19 00:01:38, 2026-06-19 00:16:36, 2026-06-19 00:31:15", "cumulative_total": 31.0 }, "geometry": { "type": "Polygon", "coordinates": [ [ [ -70.431405764943534, 46.751838350168008 ], [ -70.437712471490528, 46.754688812663552 ], [ -70.437274395351494, 46.759867984087819 ], [ -70.430528370022174, 46.762196599129297 ], [ -70.424221224212374, 46.75934572449971 ], [ -70.424660542952779, 46.754166647028711 ], [ -70.431405764943534, 46.751838350168008 ] ] ] } },
{ "type": "Feature", "properties": { "hex_id": 864600, "centroid_lon": -70.42509974018526, "centroid_lat": 46.748987561676159, "occurrences_today": 3, "datetimes_today": "2026-06-19 00:01:38, 2026-06-19 00:16:36, 2026-06-19 00:31:15", "cumulative_total": 31.0 }, "geometry": { "type": "Polygon", "coordinates": [ [ [ -70.425538815951754, 46.743808468443198 ], [ -70.431844280408228, 46.746659213878694 ], [ -70.431405764943534, 46.751838350168008 ], [ -70.424660542952779, 46.754166647028711 ], [ -70.418354639681468, 46.751315489524465 ], [ -70.418794397173798, 46.746136447294255 ], [ -70.425538815951754, 46.743808468443198 ] ] ] } },
{ "type": "Feature", "properties": { "hex_id": 865211, "centroid_lon": -70.417914760531929, "centroid_lat": 46.75649452386476, "occurrences_today": 3, "datetimes_today": "2026-06-19 00:01:38, 2026-06-19 00:16:36, 2026-06-19 00:31:15", "cumulative_total": 30.0 }, "geometry": { "type": "Polygon", "coordinates": [ [ [ -70.418354639681468, 46.751315489524465 ], [ -70.424660542952779, 46.754166647028711 ], [ -70.424221224212374, 46.75934572449971 ], [ -70.417474759683159, 46.761673550314008 ], [ -70.411168417722948, 46.758821980583136 ], [ -70.41160897893883, 46.753642997330608 ], [ -70.418354639681468, 46.751315489524465 ] ] ] } },
{ "type": "Feature", "properties": { "hex_id": 865822, "centroid_lon": -70.410727734616472, "centroid_lat": 46.764000955935145, "occurrences_today": 3, "datetimes_today": "2026-06-19 00:01:38, 2026-06-19 00:16:36, 2026-06-19 00:31:15", "cumulative_total": 30.0 }, "geometry": { "type": "Polygon", "coordinates": [ [ [ -70.411168417722948, 46.758821980583136 ], [ -70.417474759683159, 46.761673550314008 ], [ -70.417034637093096, 46.76685256887113 ], [ -70.41028692957731, 46.769179923385494 ], [ -70.403980149054433, 46.766327941270148 ], [ -70.4044215145679, 46.761149017090943 ], [ -70.411168417722948, 46.758821980583136 ] ] ] } },
{ "type": "Feature", "properties": { "hex_id": 868261, "centroid_lon": -70.388604840625547, "centroid_lat": 46.716339465906486, "occurrences_today": 2, "datetimes_today": "2026-06-19 00:01:38, 2026-06-19 00:16:36", "cumulative_total": 35.0 }, "geometry": { "type": "Polygon", "coordinates": [ [ [ -70.389046907360779, 46.711160608435925 ], [ -70.395346606541366, 46.714013177118503 ], [ -70.394905098514741, 46.719192077965737 ], [ -70.388162651656486, 46.721518315449707 ], [ -70.381862516022196, 46.718665334867325 ], [ -70.382305263657713, 46.713486528766694 ], [ -70.389046907360779, 46.711160608435925 ] ] ] } },
{ "type": "Feature", "properties": { "hex_id": 401813, "centroid_lon": -75.384915042856576, "centroid_lat": 46.403423561093256, "occurrences_today": 3, "datetimes_today": "2026-06-19 00:01:38, 2026-06-19 00:16:36, 2026-06-19 00:31:15", "cumulative_total": 11.0 }, "geometry": { "type": "Polygon", "coordinates": [ [ [ -75.384878505155626, 46.398227693156997 ], [ -75.391401001202794, 46.400803551817397 ], [ -75.391438161434507, 46.405999413389118 ], [ -75.384951590651326, 46.408619424264842 ], [ -75.378428461977848, 46.406043203179593 ], [ -75.378392536717328, 46.400847333710189 ], [ -75.384878505155626, 46.398227693156997 ] ] ] } },
{ "type": "Feature", "properties": { "hex_id": 124770, "centroid_lon": -78.459023593164829, "centroid_lat": 48.28460454951886, "occurrences_today": 3, "datetimes_today": "2026-06-19 00:01:38, 2026-06-19 00:16:36, 2026-06-19 00:31:15", "cumulative_total": 42.0 }, "geometry": { "type": "Polygon", "coordinates": [ [ [ -78.458673131724993, 48.279419751582807 ], [ -78.46557564987404, 48.281809377923629 ], [ -78.465926839323629, 48.286994135854087 ], [ -78.459374153829557, 48.289789340842326 ], [ -78.452470808427989, 48.287399363192634 ], [ -78.452120975808796, 48.282214531934237 ], [ -78.458673131724993, 48.279419751582807 ] ] ] } },
{ "type": "Feature", "properties": { "hex_id": 854825, "centroid_lon": -70.538502350411974, "centroid_lat": 46.64434437629177, "occurrences_today": 3, "datetimes_today": "2026-06-19 00:01:38, 2026-06-19 00:16:36, 2026-06-19 00:31:15", "cumulative_total": 28.0 }, "geometry": { "type": "Polygon", "coordinates": [ [ [ -70.538929003219934, 46.639164376862453 ], [ -70.545229105900759, 46.642008676283552 ], [ -70.544803012115551, 46.647188717607492 ], [ -70.538075579720655, 46.649524368003966 ], [ -70.531775035920717, 46.64667965881516 ], [ -70.532202365594216, 46.641499709063403 ], [ -70.538929003219934, 46.639164376862453 ] ] ] } },
{ "type": "Feature", "properties": { "hex_id": 855435, "centroid_lon": -70.532629577235411, "centroid_lat": 46.636319751586434, "occurrences_today": 3, "datetimes_today": "2026-06-19 00:01:38, 2026-06-19 00:16:36, 2026-06-19 00:31:15", "cumulative_total": 28.0 }, "geometry": { "type": "Polygon", "coordinates": [ [ [ -70.53305667088496, 46.631139786385305 ], [ -70.53935553818512, 46.633984369717119 ], [ -70.538929003219934, 46.639164376862453 ], [ -70.532202365594216, 46.641499709063403 ], [ -70.525903057621676, 46.638654716028149 ], [ -70.526330827906591, 46.633474800561189 ], [ -70.53305667088496, 46.631139786385305 ] ] ] } },
{ "type": "Feature", "properties": { "hex_id": 856045, "centroid_lon": -70.526758480051043, "centroid_lat": 46.628294877361952, "occurrences_today": 3, "datetimes_today": "2026-06-19 00:01:38, 2026-06-19 00:16:36, 2026-06-19 00:31:15", "cumulative_total": 28.0 }, "geometry": { "type": "Polygon", "coordinates": [ [ [ -70.527186014095676, 46.623114946431464 ], [ -70.533483646583448, 46.625959813461087 ], [ -70.53305667088496, 46.631139786385305 ], [ -70.526330827906591, 46.633474800561189 ], [ -70.52003275519283, 46.630629523892395 ], [ -70.520460965642755, 46.625449642752685 ], [ -70.527186014095676, 46.623114946431464 ] ] ] } },
{ "type": "Feature", "properties": { "hex_id": 856046, "centroid_lon": -70.52547516915557, "centroid_lat": 46.643834623761755, "occurrences_today": 3, "datetimes_today": "2026-06-19 00:01:38, 2026-06-19 00:16:36, 2026-06-19 00:31:15", "cumulative_total": 28.0 }, "geometry": { "type": "Polygon", "coordinates": [ [ [ -70.525903057621676, 46.638654716028149 ], [ -70.532202365594216, 46.641499709063403 ], [ -70.531775035920717, 46.64667965881516 ], [ -70.525047162467615, 46.649014523760925 ], [ -70.518747413944695, 46.646169120864656 ], [ -70.519175979384542, 46.640989262949439 ], [ -70.525903057621676, 46.638654716028149 ] ] ] } },
{ "type": "Feature", "properties": { "hex_id": 856656, "centroid_lon": -70.519604426453654, "centroid_lat": 46.635809397291659, "occurrences_today": 3, "datetimes_today": "2026-06-19 00:01:38, 2026-06-19 00:16:36, 2026-06-19 00:31:15", "cumulative_total": 28.0 }, "geometry": { "type": "Polygon", "coordinates": [ [ [ -70.52003275519283, 46.630629523892395 ], [ -70.526330827906591, 46.633474800561189 ], [ -70.525903057621676, 46.638654716028149 ], [ -70.519175979384542, 46.640989262949439 ], [ -70.512877466566863, 46.638143576483969 ], [ -70.513306472049493, 46.632963752959668 ], [ -70.52003275519283, 46.630629523892395 ] ] ] } },
{ "type": "Feature", "properties": { "hex_id": 856657, "centroid_lon": -70.51831873009337, "centroid_lat": 46.651348971036228, "occurrences_today": 3, "datetimes_today": "2026-06-19 00:01:38, 2026-06-19 00:16:36, 2026-06-19 00:31:15", "cumulative_total": 28.0 }, "geometry": { "type": "Polygon", "coordinates": [ [ [ -70.518747413944695, 46.646169120864656 ], [ -70.525047162467615, 46.649014523760925 ], [ -70.52461903751707, 46.654194416024623 ], [ -70.517889927789767, 46.656528813463119 ], [ -70.511589738838751, 46.653683000548256 ], [ -70.51201910000232, 46.648503200279336 ], [ -70.518747413944695, 46.646169120864656 ] ] ] } },
{ "type": "Feature", "properties": { "hex_id": 857267, "centroid_lon": -70.512448342564753, "centroid_lat": 46.643323392257557, "occurrences_today": 3, "datetimes_today": "2026-06-19 00:01:38, 2026-06-19 00:16:36, 2026-06-19 00:31:15", "cumulative_total": 28.0 }, "geometry": { "type": "Polygon", "coordinates": [ [ [ -70.512877466566863, 46.638143576483969 ], [ -70.519175979384542, 46.640989262949439 ], [ -70.518747413944695, 46.646169120864656 ], [ -70.51201910000232, 46.648503200279336 ], [ -70.505720147203107, 46.645657103859683 ], [ -70.506149948286989, 46.640477338045336 ], [ -70.512877466566863, 46.638143576483969 ] ] ] } },
{ "type": "Feature", "properties": { "hex_id": 857877, "centroid_lon": -70.50657963066179, "centroid_lat": 46.635297564471017, "occurrences_today": 3, "datetimes_today": "2026-06-19 00:01:38, 2026-06-19 00:16:36, 2026-06-19 00:31:15", "cumulative_total": 28.0 }, "geometry": { "type": "Polygon", "coordinates": [ [ [ -70.507009194368393, 46.630117783137834 ], [ -70.513306472049493, 46.632963752959668 ], [ -70.512877466566863, 46.638143576483969 ], [ -70.506149948286989, 46.640477338045336 ], [ -70.499852231070548, 46.637630958333745 ], [ -70.500282471628466, 46.632451227016318 ], [ -70.507009194368393, 46.630117783137834 ] ] ] } },
{ "type": "Feature", "properties": { "hex_id": 857878, "centroid_lon": -70.505290227369272, "centroid_lat": 46.650836861912993, "occurrences_today": 3, "datetimes_today": "2026-06-19 00:01:38, 2026-06-19 00:16:36, 2026-06-19 00:31:15", "cumulative_total": 28.0 }, "geometry": { "type": "Polygon", "coordinates": [ [ [ -70.505720147203107, 46.645657103859683 ], [ -70.51201910000232, 46.648503200279336 ], [ -70.511589738838751, 46.653683000548256 ], [ -70.504860188744573, 46.656016612204205 ], [ -70.498560796086409, 46.653170105672828 ], [ -70.498991393340447, 46.647990397663072 ], [ -70.505720147203107, 46.645657103859683 ] ] ] } },
{ "type": "Feature", "properties": { "hex_id": 858488, "centroid_lon": -70.499421871654846, "centroid_lat": 46.64281068188302, "occurrences_today": 3, "datetimes_today": "2026-06-19 00:01:38, 2026-06-19 00:16:36, 2026-06-19 00:31:15", "cumulative_total": 28.0 }, "geometry": { "type": "Polygon", "coordinates": [ [ [ -70.499852231070548, 46.637630958333745 ], [ -70.506149948286989, 46.640477338045336 ], [ -70.505720147203107, 46.645657103859683 ], [ -70.498991393340447, 46.647990397663072 ], [ -70.492693236711375, 46.645143607904245 ], [ -70.493124273316639, 46.639963934455047 ], [ -70.499852231070548, 46.637630958333745 ] ] ] } },
{ "type": "Feature", "properties": { "hex_id": 858489, "centroid_lon": -70.498130079851734, "centroid_lat": 46.658349805911236, "occurrences_today": 3, "datetimes_today": "2026-06-19 00:01:38, 2026-06-19 00:16:36, 2026-06-19 00:31:15", "cumulative_total": 28.0 }, "geometry": { "type": "Polygon", "coordinates": [ [ [ -70.498560796086409, 46.653170105672828 ], [ -70.504860188744573, 46.656016612204205 ], [ -70.504430031288081, 46.661196354732233 ], [ -70.497699244595452, 46.663529498377208 ], [ -70.491399412201218, 46.660682581576587 ], [ -70.491830806194699, 46.655502931466081 ], [ -70.498560796086409, 46.653170105672828 ] ] ] } },
{ "type": "Feature", "properties": { "hex_id": 859099, "centroid_lon": -70.492262081017728, "centroid_lat": 46.650323273574941, "occurrences_today": 3, "datetimes_today": "2026-06-19 00:01:38, 2026-06-19 00:16:36, 2026-06-19 00:31:15", "cumulative_total": 28.0 }, "geometry": { "type": "Polygon", "coordinates": [ [ [ -70.492693236711375, 46.645143607904245 ], [ -70.498991393340447, 46.647990397663072 ], [ -70.498560796086409, 46.653170105672828 ], [ -70.491830806194699, 46.655502931466081 ], [ -70.48553221027592, 46.652655731502563 ], [ -70.485964043497532, 46.6474761160163 ], [ -70.492693236711375, 46.645143607904245 ] ] ] } },
{ "type": "Feature", "properties": { "hex_id": 664241, "centroid_lon": -72.646544199078207, "centroid_lat": 45.023502726309552, "occurrences_today": 1, "datetimes_today": "2026-06-19 00:31:15", "cumulative_total": 6.0 }, "geometry": { "type": "Polygon", "coordinates": [ [ [ -72.646757048531143, 45.018309871133184 ], [ -72.652991545691677, 45.021036857843562 ], [ -72.652779239655658, 45.026229733762086 ], [ -72.64633129185799, 45.028695575952462 ], [ -72.640096309057355, 45.025968218060179 ], [ -72.640309759675375, 45.020775389222599 ], [ -72.646757048531143, 45.018309871133184 ] ] ] } },
{ "type": "Feature", "properties": { "hex_id": 696675, "centroid_lon": -72.25215404866789, "centroid_lat": 46.222949934574096, "occurrences_today": 3, "datetimes_today": "2026-06-19 00:01:38, 2026-06-19 00:16:36, 2026-06-19 00:31:15", "cumulative_total": 34.0 }, "geometry": { "type": "Polygon", "coordinates": [ [ [ -72.252413151540125, 46.217759767712266 ], [ -72.258759206795531, 46.220510421795773 ], [ -72.258500677109794, 46.225700613752437 ], [ -72.251894874463758, 46.228140095577729 ], [ -72.24554831736593, 46.225389051414801 ], [ -72.245808064732202, 46.220198915571743 ], [ -72.252413151540125, 46.217759767712266 ] ] ] } },
{ "type": "Feature", "properties": { "hex_id": 697896, "centroid_lon": -72.239202404929202, "centroid_lat": 46.222637667469918, "occurrences_today": 3, "datetimes_today": "2026-06-19 00:01:38, 2026-06-19 00:16:36, 2026-06-19 00:31:15", "cumulative_total": 34.0 }, "geometry": { "type": "Polygon", "coordinates": [ [ [ -72.239462725278344, 46.217447556848114 ], [ -72.245808064732202, 46.220198915571743 ], [ -72.24554831736593, 46.225389051414801 ], [ -72.238942012914038, 46.227827772223023 ], [ -72.232596172155567, 46.225076023311914 ], [ -72.232857137129116, 46.21988594384581 ], [ -72.239462725278344, 46.217447556848114 ] ] ] } },
{ "type": "Feature", "properties": { "hex_id": 698507, "centroid_lon": -72.232335135336697, "centroid_lat": 46.230266096903854, "occurrences_today": 3, "datetimes_today": "2026-06-19 00:01:38, 2026-06-19 00:16:36, 2026-06-19 00:31:15", "cumulative_total": 34.0 }, "geometry": { "type": "Polygon", "coordinates": [ [ [ -72.232596172155567, 46.225076023311914 ], [ -72.238942012914038, 46.227827772223023 ], [ -72.238681549208394, 46.233017871107037 ], [ -72.232074026647965, 46.235456164621247 ], [ -72.225727684658395, 46.232704025362438 ], [ -72.225989366435812, 46.227513983002879 ], [ -72.232596172155567, 46.225076023311914 ] ] ] } },
{ "type": "Feature", "properties": { "hex_id": 699117, "centroid_lon": -72.226250976188538, "centroid_lat": 46.222323934763658, "occurrences_today": 3, "datetimes_today": "2026-06-19 00:01:38, 2026-06-19 00:16:36, 2026-06-19 00:31:15", "cumulative_total": 34.0 }, "geometry": { "type": "Polygon", "coordinates": [ [ [ -72.226512513941174, 46.2171338806452 ], [ -72.232857137129116, 46.21988594384581 ], [ -72.232596172155567, 46.225076023311914 ], [ -72.225989366435812, 46.227513983002879 ], [ -72.219644242481152, 46.224761529506857 ], [ -72.21990642498838, 46.219571506681021 ], [ -72.226512513941174, 46.2171338806452 ] ] ] } },
{ "type": "Feature", "properties": { "hex_id": 699728, "centroid_lon": -72.219381987794492, "centroid_lat": 46.229951546447936, "occurrences_today": 3, "datetimes_today": "2026-06-19 00:01:38, 2026-06-19 00:16:36, 2026-06-19 00:31:15", "cumulative_total": 34.0 }, "geometry": { "type": "Polygon", "coordinates": [ [ [ -72.219644242481152, 46.224761529506857 ], [ -72.225989366435812, 46.227513983002879 ], [ -72.225727684658395, 46.232704025362438 ], [ -72.219119660903743, 46.235141557503859 ], [ -72.212774036256249, 46.232388713552226 ], [ -72.2130369360316, 46.227198727980536 ], [ -72.219644242481152, 46.224761529506857 ] ] ] } },
{ "type": "Feature", "properties": { "hex_id": 699729, "centroid_lon": -72.218594790411274, "centroid_lat": 46.245521561958775, "occurrences_today": 3, "datetimes_today": "2026-06-19 00:01:38, 2026-06-19 00:16:36, 2026-06-19 00:31:15", "cumulative_total": 34.0 }, "geometry": { "type": "Polygon", "coordinates": [ [ [ -72.218857261784223, 46.240331562674264 ], [ -72.225204104931109, 46.243084092441073 ], [ -72.224942206931971, 46.24827411715939 ], [ -72.218332246760184, 46.250711555357 ], [ -72.211984902529963, 46.247958634921936 ], [ -72.212248019530179, 46.24276866702332 ], [ -72.218857261784223, 46.240331562674264 ] ] ] } },
{ "type": "Feature", "properties": { "hex_id": 700338, "centroid_lon": -72.213299763448106, "centroid_lat": 46.222008736518561, "occurrences_today": 3, "datetimes_today": "2026-06-19 00:01:38, 2026-06-19 00:16:36, 2026-06-19 00:31:15", "cumulative_total": 34.0 }, "geometry": { "type": "Polygon", "coordinates": [ [ [ -72.213562518530509, 46.216818739166726 ], [ -72.21990642498838, 46.219571506681021 ], [ -72.219644242481152, 46.224761529506857 ], [ -72.2130369360316, 46.227198727980536 ], [ -72.206692529345034, 46.224445570062997 ], [ -72.206955929312002, 46.219255604140749 ], [ -72.213562518530509, 46.216818739166726 ] ] ] } },
{ "type": "Feature", "properties": { "hex_id": 700339, "centroid_lon": -72.212511064097356, "centroid_lat": 46.237578693233289, "occurrences_today": 3, "datetimes_today": "2026-06-19 00:01:38, 2026-06-19 00:16:36, 2026-06-19 00:31:15", "cumulative_total": 34.0 }, "geometry": { "type": "Polygon", "coordinates": [ [ [ -72.212774036256249, 46.232388713552226 ], [ -72.219119660903743, 46.235141557503859 ], [ -72.218857261784223, 46.240331562674264 ], [ -72.212248019530179, 46.24276866702332 ], [ -72.205901894263945, 46.240015432455827 ], [ -72.206165511845782, 46.234825484220927 ], [ -72.212774036256249, 46.232388713552226 ] ] ] } },
{ "type": "Feature", "properties": { "hex_id": 700949, "centroid_lon": -72.20642905686455, "centroid_lat": 46.229635530089844, "occurrences_today": 3, "datetimes_today": "2026-06-19 00:01:38, 2026-06-19 00:16:36, 2026-06-19 00:31:15", "cumulative_total": 34.0 }, "geometry": { "type": "Polygon", "coordinates": [ [ [ -72.206692529345034, 46.224445570062997 ], [ -72.2130369360316, 46.227198727980536 ], [ -72.212774036256249, 46.232388713552226 ], [ -72.206165511845782, 46.234825484220927 ], [ -72.199820605004746, 46.232071935739988 ], [ -72.200084722703863, 46.226882007219515 ], [ -72.206692529345034, 46.224445570062997 ] ] ] } },
{ "type": "Feature", "properties": { "hex_id": 700950, "centroid_lon": -72.205638204094257, "centroid_lat": 46.245205374794189, "occurrences_today": 3, "datetimes_today": "2026-06-19 00:01:38, 2026-06-19 00:16:36, 2026-06-19 00:31:15", "cumulative_total": 34.0 }, "geometry": { "type": "Polygon", "coordinates": [ [ [ -72.205901894263945, 46.240015432455827 ], [ -72.212248019530179, 46.24276866702332 ], [ -72.211984902529963, 46.247958634921936 ], [ -72.205374441311918, 46.250395311235621 ], [ -72.199027815501282, 46.247641685892027 ], [ -72.19929215142831, 46.242451775076646 ], [ -72.205901894263945, 46.240015432455827 ] ] ] } },
{ "type": "Feature", "properties": { "hex_id": 701559, "centroid_lon": -72.200348767710054, "centroid_lat": 46.22169207279812, "occurrences_today": 3, "datetimes_today": "2026-06-19 00:01:38, 2026-06-19 00:16:36, 2026-06-19 00:31:15", "cumulative_total": 34.0 }, "geometry": { "type": "Polygon", "coordinates": [ [ [ -72.200612740048101, 46.216502132476187 ], [ -72.206955929312002, 46.219255604140749 ], [ -72.206692529345034, 46.224445570062997 ], [ -72.200084722703863, 46.226882007219515 ], [ -72.193741033749419, 46.224128145044013 ], [ -72.194005651101861, 46.218938236288658 ], [ -72.200612740048101, 46.216502132476187 ] ] ] } },
{ "type": "Feature", "properties": { "hex_id": 701560, "centroid_lon": -72.199556414587832, "centroid_lat": 46.237261858359162, "occurrences_today": 3, "datetimes_today": "2026-06-19 00:01:38, 2026-06-19 00:16:36, 2026-06-19 00:31:15", "cumulative_total": 34.0 }, "geometry": { "type": "Polygon", "coordinates": [ [ [ -72.199820605004746, 46.232071935739988 ], [ -72.206165511845782, 46.234825484220927 ], [ -72.205901894263945, 46.240015432455827 ], [ -72.19929215142831, 46.242451775076646 ], [ -72.192946744507239, 46.2396978358721 ], [ -72.193211580476998, 46.234507944836132 ], [ -72.199820605004746, 46.232071935739988 ] ] ] } },
{ "type": "Feature", "properties": { "hex_id": 701561, "centroid_lon": -72.198763406781922, "centroid_lat": 46.252831590804938, "occurrences_today": 3, "datetimes_today": "2026-06-19 00:01:38, 2026-06-19 00:16:36, 2026-06-19 00:31:15", "cumulative_total": 34.0 }, "geometry": { "type": "Polygon", "coordinates": [ [ [ -72.199027815501282, 46.247641685892027 ], [ -72.205374441311918, 46.250395311235621 ], [ -72.205110605892088, 46.255585241779741 ], [ -72.198498925245318, 46.258021489815007 ], [ -72.192151798964815, 46.255267473535021 ], [ -72.192416853776081, 46.250077600221928 ], [ -72.199027815501282, 46.247641685892027 ] ] ] } },
{ "type": "Feature", "properties": { "hex_id": 702170, "centroid_lon": -72.19347634354942, "centroid_lat": 46.229318047893308, "occurrences_today": 3, "datetimes_today": "2026-06-19 00:01:38, 2026-06-19 00:16:36, 2026-06-19 00:31:15", "cumulative_total": 34.0 }, "geometry": { "type": "Polygon", "coordinates": [ [ [ -72.193741033749419, 46.224128145044013 ], [ -72.200084722703863, 46.226882007219515 ], [ -72.199820605004746, 46.232071935739988 ], [ -72.193211580476998, 46.234507944836132 ], [ -72.18686739190656, 46.231753691989574 ], [ -72.18713272745498, 46.226563820783667 ], [ -72.193741033749419, 46.224128145044013 ] ] ] } },
{ "type": "Feature", "properties": { "hex_id": 702171, "centroid_lon": -72.192681835615247, "centroid_lat": 46.244887721000822, "occurrences_today": 3, "datetimes_today": "2026-06-19 00:01:38, 2026-06-19 00:16:36, 2026-06-19 00:31:15", "cumulative_total": 34.0 }, "geometry": { "type": "Polygon", "coordinates": [ [ [ -72.192946744507239, 46.2396978358721 ], [ -72.19929215142831, 46.242451775076646 ], [ -72.199027815501282, 46.247641685892027 ], [ -72.192416853776081, 46.250077600221928 ], [ -72.186070946849654, 46.247323270133563 ], [ -72.186336501628872, 46.242133416664913 ], [ -72.192946744507239, 46.2396978358721 ] ] ] } },
{ "type": "Feature", "properties": { "hex_id": 702780, "centroid_lon": -72.187397989976361, "centroid_lat": 46.221373943666137, "occurrences_today": 3, "datetimes_today": "2026-06-19 00:01:38, 2026-06-19 00:16:36, 2026-06-19 00:31:15", "cumulative_total": 34.0 }, "geometry": { "type": "Polygon", "coordinates": [ [ [ -72.187663179495644, 46.216184060637396 ], [ -72.194005651101861, 46.218938236288658 ], [ -72.193741033749419, 46.224128145044013 ], [ -72.18713272745498, 46.226563820783667 ], [ -72.180789756696456, 46.223809254513874 ], [ -72.181055591359751, 46.218619403188669 ], [ -72.187663179495644, 46.216184060637396 ] ] ] } },
{ "type": "Feature", "properties": { "hex_id": 690534, "centroid_lon": -72.343843443279297, "centroid_lat": 45.663887844123103, "occurrences_today": 3, "datetimes_today": "2026-06-19 00:01:38, 2026-06-19 00:16:36, 2026-06-19 00:31:15", "cumulative_total": 29.0 }, "geometry": { "type": "Polygon", "coordinates": [ [ [ -72.34408907196854, 45.658696774984683 ], [ -72.350377588513282, 45.661441290177173 ], [ -72.350132517551586, 45.666632383255312 ], [ -72.343597747433819, 45.669078907492953 ], [ -72.33730874032905, 45.666334010319943 ], [ -72.337554993879479, 45.661142970954295 ], [ -72.34408907196854, 45.658696774984683 ] ] ] } },
{ "type": "Feature", "properties": { "hex_id": 691755, "centroid_lon": -72.331020358246647, "centroid_lat": 45.66358877915124, "occurrences_today": 1, "datetimes_today": "2026-06-19 00:01:38", "cumulative_total": 27.0 }, "geometry": { "type": "Polygon", "coordinates": [ [ [ -72.331267169329564, 45.658397763849543 ], [ -72.337554993879479, 45.661142970954295 ], [ -72.33730874032905, 45.666334010319943 ], [ -72.330773479685163, 45.668779788674541 ], [ -72.324485165092668, 45.666034199482354 ], [ -72.324732601163916, 45.660843214087464 ], [ -72.331267169329564, 45.658397763849543 ] ] ] } },
{ "type": "Feature", "properties": { "hex_id": 735108, "centroid_lon": -71.869421641441207, "centroid_lat": 45.76879040869521, "occurrences_today": 3, "datetimes_today": "2026-06-19 00:01:38, 2026-06-19 00:16:36, 2026-06-19 00:31:15", "cumulative_total": 29.0 }, "geometry": { "type": "Polygon", "coordinates": [ [ [ -71.869712162631899, 45.763601610453001 ], [ -71.875987554081433, 45.766371918061857 ], [ -71.875697586729657, 45.771560744880553 ], [ -71.869131040751526, 45.773979200767407 ], [ -71.862855174975479, 45.771208505777651 ], [ -71.863146329477274, 45.766019742346458 ], [ -71.869712162631899, 45.763601610453001 ] ] ] } },
{ "type": "Feature", "properties": { "hex_id": 730398, "centroid_lon": -71.760275794368511, "centroid_lat": 48.478024122076278, "occurrences_today": 3, "datetimes_today": "2026-06-19 00:01:38, 2026-06-19 00:16:36, 2026-06-19 00:31:15", "cumulative_total": 28.0 }, "geometry": { "type": "Polygon", "coordinates": [ [ [ -71.760606296805648, 48.472838336244827 ], [ -71.767195476976283, 48.475621343413515 ], [ -71.766865613866614, 48.480807160494209 ], [ -71.759945198062198, 48.483209901520439 ], [ -71.753355472450309, 48.480426468809064 ], [ -71.75368670805004, 48.475240720685512 ], [ -71.760606296805648, 48.472838336244827 ] ] ] } },
{ "type": "Feature", "properties": { "hex_id": 731009, "centroid_lon": -71.753024142770357, "centroid_lat": 48.485612210538108, "occurrences_today": 3, "datetimes_today": "2026-06-19 00:01:38, 2026-06-19 00:16:36, 2026-06-19 00:31:15", "cumulative_total": 28.0 }, "geometry": { "type": "Polygon", "coordinates": [ [ [ -71.753355472450309, 48.480426468809064 ], [ -71.759945198062198, 48.483209901520439 ], [ -71.75961450785266, 48.488395674576772 ], [ -71.752692718976064, 48.490797945872046 ], [ -71.746102448025169, 48.488014087444924 ], [ -71.746434511255714, 48.482828383509613 ], [ -71.753355472450309, 48.480426468809064 ] ] ] } },
{ "type": "Feature", "properties": { "hex_id": 731619, "centroid_lon": -71.746766480194964, "centroid_lat": 48.477642673172475, "occurrences_today": 3, "datetimes_today": "2026-06-19 00:01:38, 2026-06-19 00:16:36, 2026-06-19 00:31:15", "cumulative_total": 28.0 }, "geometry": { "type": "Polygon", "coordinates": [ [ [ -71.74709835487711, 48.472456956434065 ], [ -71.75368670805004, 48.475240720685512 ], [ -71.753355472450309, 48.480426468809064 ], [ -71.746434511255714, 48.482828383509613 ], [ -71.739845613274596, 48.480044193603568 ], [ -71.74017822126207, 48.474858514722925 ], [ -71.74709835487711, 48.472456956434065 ] ] ] } },
{ "type": "Feature", "properties": { "hex_id": 805490, "centroid_lon": -70.929399626688067, "centroid_lat": 48.459394128763265, "occurrences_today": 3, "datetimes_today": "2026-06-19 00:01:38, 2026-06-19 00:16:36, 2026-06-19 00:31:15", "cumulative_total": 28.0 }, "geometry": { "type": "Polygon", "coordinates": [ [ [ -70.929814492547109, 48.454213133707022 ], [ -70.936352772038504, 48.457042412995222 ], [ -70.93593853035631, 48.462223447590922 ], [ -70.928984643141618, 48.46457511646517 ], [ -70.922445857182097, 48.46174540489617 ], [ -70.922861464862791, 48.456564456804479 ], [ -70.929814492547109, 48.454213133707022 ] ] ] } },
{ "type": "Feature", "properties": { "hex_id": 806101, "centroid_lon": -70.922030131600351, "centroid_lat": 48.46692634562433, "occurrences_today": 3, "datetimes_today": "2026-06-19 00:01:38, 2026-06-19 00:16:36, 2026-06-19 00:31:15", "cumulative_total": 28.0 }, "geometry": { "type": "Polygon", "coordinates": [ [ [ -70.922445857182097, 48.46174540489617 ], [ -70.928984643141618, 48.46457511646517 ], [ -70.928569541865173, 48.469756096811842 ], [ -70.921614288074892, 48.472107278988041 ], [ -70.915074995775143, 48.469277134968003 ], [ -70.9154914635632, 48.464096241293568 ], [ -70.922445857182097, 48.46174540489617 ] ] ] } },
{ "type": "Feature", "properties": { "hex_id": 885388, "centroid_lon": -70.15993681284985, "centroid_lat": 47.221352858821604, "occurrences_today": 3, "datetimes_today": "2026-06-19 00:01:38, 2026-06-19 00:16:36, 2026-06-19 00:31:15", "cumulative_total": 27.0 }, "geometry": { "type": "Polygon", "coordinates": [ [ [ -70.160409006176991, 47.216176169786728 ], [ -70.166753132478988, 47.21904293714622 ], [ -70.166281509419477, 47.224219672157936 ], [ -70.159464488101491, 47.226529539549212 ], [ -70.153119922976032, 47.223662351565878 ], [ -70.153592817946119, 47.218485716882093 ], [ -70.160409006176991, 47.216176169786728 ] ] ] } },
{ "type": "Feature", "properties": { "hex_id": 885998, "centroid_lon": -70.154065581342778, "centroid_lat": 47.213309073881994, "occurrences_today": 3, "datetimes_today": "2026-06-19 00:01:38, 2026-06-19 00:16:36, 2026-06-19 00:31:15", "cumulative_total": 27.0 }, "geometry": { "type": "Polygon", "coordinates": [ [ [ -70.154538213212007, 47.208132422566905 ], [ -70.16088106812883, 47.210999472445842 ], [ -70.160409006176991, 47.216176169786728 ], [ -70.153592817946119, 47.218485716882093 ], [ -70.147249524662328, 47.215618246447654 ], [ -70.147722857930432, 47.210441649540265 ], [ -70.154538213212007, 47.208132422566905 ] ] ] } },
{ "type": "Feature", "properties": { "hex_id": 886609, "centroid_lon": -70.146776059668682, "centroid_lat": 47.220794835029693, "occurrences_today": 3, "datetimes_today": "2026-06-19 00:01:38, 2026-06-19 00:16:36, 2026-06-19 00:31:15", "cumulative_total": 27.0 }, "geometry": { "type": "Polygon", "coordinates": [ [ [ -70.147249524662328, 47.215618246447654 ], [ -70.153592817946119, 47.218485716882093 ], [ -70.153119922976032, 47.223662351565878 ], [ -70.146302462903478, 47.225971415285109 ], [ -70.139958731390735, 47.223103524135546 ], [ -70.14043289813344, 47.217926990048845 ], [ -70.147249524662328, 47.215618246447654 ] ] ] } },
{ "type": "Feature", "properties": { "hex_id": 896960, "centroid_lon": -70.07442923824388, "centroid_lat": 46.788965166180539, "occurrences_today": 3, "datetimes_today": "2026-06-19 00:01:38, 2026-06-19 00:16:36, 2026-06-19 00:31:15", "cumulative_total": 27.0 }, "geometry": { "type": "Polygon", "coordinates": [ [ [ -70.074902550142085, 46.783788746207897 ], [ -70.081192405782531, 46.786658325623208 ], [ -70.08071964950463, 46.791834792007997 ], [ -70.073955795405155, 46.794141577769295 ], [ -70.067665515107535, 46.791271583092595 ], [ -70.068139513521331, 46.786095217981845 ], [ -70.074902550142085, 46.783788746207897 ] ] ] } },
{ "type": "Feature", "properties": { "hex_id": 897571, "centroid_lon": -70.067191385560577, "centroid_lat": 46.796447939809177, "occurrences_today": 3, "datetimes_today": "2026-06-19 00:01:38, 2026-06-19 00:16:36, 2026-06-19 00:31:15", "cumulative_total": 27.0 }, "geometry": { "type": "Polygon", "coordinates": [ [ [ -70.067665515107535, 46.791271583092595 ], [ -70.073955795405155, 46.794141577769295 ], [ -70.073482221580704, 46.79931798097283 ], [ -70.066717124835165, 46.801624288130299 ], [ -70.060426420016157, 46.79875387803537 ], [ -70.060901236418758, 46.793577576267083 ], [ -70.067665515107535, 46.791271583092595 ] ] ] } },
{ "type": "Feature", "properties": { "hex_id": 898181, "centroid_lon": -70.061375921495497, "centroid_lat": 46.78840126609434, "occurrences_today": 3, "datetimes_today": "2026-06-19 00:01:38, 2026-06-19 00:16:36, 2026-06-19 00:31:15", "cumulative_total": 27.0 }, "geometry": { "type": "Polygon", "coordinates": [ [ [ -70.061850475291735, 46.783224947518484 ], [ -70.068139513521331, 46.786095217981845 ], [ -70.067665515107535, 46.791271583092595 ], [ -70.060901236418758, 46.793577576267083 ], [ -70.054611774109887, 46.790706890453123 ], [ -70.055087014523735, 46.785530626881112 ], [ -70.061850475291735, 46.783224947518484 ] ] ] } },
{ "type": "Feature", "properties": { "hex_id": 898182, "centroid_lon": -70.059951472242361, "centroid_lat": 46.803930171397901, "occurrences_today": 3, "datetimes_today": "2026-06-19 00:01:38, 2026-06-19 00:16:36, 2026-06-19 00:31:15", "cumulative_total": 27.0 }, "geometry": { "type": "Polygon", "coordinates": [ [ [ -70.060426420016157, 46.79875387803537 ], [ -70.066717124835165, 46.801624288130299 ], [ -70.066242732885996, 46.806800628054638 ], [ -70.059476393051952, 46.809106456353391 ], [ -70.053185263847624, 46.806235630683368 ], [ -70.053660898817242, 46.801059392355576 ], [ -70.060426420016157, 46.79875387803537 ] ] ] } },
{ "type": "Feature", "properties": { "hex_id": 898183, "centroid_lon": -70.058525840239653, "centroid_lat": 46.819459001037877, "occurrences_today": 3, "datetimes_today": "2026-06-19 00:01:38, 2026-06-19 00:16:36, 2026-06-19 00:31:15", "cumulative_total": 27.0 }, "geometry": { "type": "Polygon", "coordinates": [ [ [ -70.059001182399527, 46.814282732900466 ], [ -70.0652935551349, 46.817153282707721 ], [ -70.064818769242237, 46.822329597433878 ], [ -70.058050366526857, 46.824635260764275 ], [ -70.051757569099919, 46.821764295157294 ], [ -70.052233599034452, 46.816588082085545 ], [ -70.059001182399527, 46.814282732900466 ] ] ] } },
{ "type": "Feature", "properties": { "hex_id": 898792, "centroid_lon": -70.054136402222852, "centroid_lat": 46.795883145611711, "occurrences_today": 3, "datetimes_today": "2026-06-19 00:01:38, 2026-06-19 00:16:36, 2026-06-19 00:31:15", "cumulative_total": 27.0 }, "geometry": { "type": "Polygon", "coordinates": [ [ [ -70.054611774109887, 46.790706890453123 ], [ -70.060901236418758, 46.793577576267083 ], [ -70.060426420016157, 46.79875387803537 ], [ -70.053660898817242, 46.801059392355576 ], [ -70.04737101256525, 46.798188291034229 ], [ -70.047847071409862, 46.793012090965931 ], [ -70.054611774109887, 46.790706890453123 ] ] ] } },
{ "type": "Feature", "properties": { "hex_id": 898793, "centroid_lon": -70.052709497268523, "centroid_lat": 46.811411860593793, "occurrences_today": 3, "datetimes_today": "2026-06-19 00:01:38, 2026-06-19 00:16:36, 2026-06-19 00:31:15", "cumulative_total": 27.0 }, "geometry": { "type": "Polygon", "coordinates": [ [ [ -70.053185263847624, 46.806235630683368 ], [ -70.059476393051952, 46.809106456353391 ], [ -70.059001182399527, 46.814282732900466 ], [ -70.052233599034452, 46.816588082085545 ], [ -70.045942045581157, 46.813716840683568 ], [ -70.046418499696415, 46.808540665894384 ], [ -70.053185263847624, 46.806235630683368 ] ] ] } },
{ "type": "Feature", "properties": { "hex_id": 898794, "centroid_lon": -70.051281407419395, "centroid_lat": 46.826940499807719, "occurrences_today": 3, "datetimes_today": "2026-06-19 00:01:38, 2026-06-19 00:16:36, 2026-06-19 00:31:15", "cumulative_total": 27.0 }, "geometry": { "type": "Polygon", "coordinates": [ [ [ -70.051757569099919, 46.821764295157294 ], [ -70.058050366526857, 46.824635260764275 ], [ -70.05757476121569, 46.829811512078351 ], [ -70.050805113947334, 46.832116696035499 ], [ -70.044511891965357, 46.829245314471827 ], [ -70.044988741761216, 46.824069164973615 ], [ -70.051757569099919, 46.821764295157294 ] ] ] } },
{ "type": "Feature", "properties": { "hex_id": 899402, "centroid_lon": -70.048322998588574, "centroid_lat": 46.787835882473885, "occurrences_today": 3, "datetimes_today": "2026-06-19 00:01:38, 2026-06-19 00:16:36, 2026-06-19 00:31:15", "cumulative_total": 27.0 }, "geometry": { "type": "Polygon", "coordinates": [ [ [ -70.04879879414689, 46.782659665559443 ], [ -70.055087014523735, 46.785530626881112 ], [ -70.054611774109887, 46.790706890453123 ], [ -70.047847071409862, 46.793012090965931 ], [ -70.041558427531712, 46.790140714204611 ], [ -70.042034909809431, 46.784964552435973 ], [ -70.04879879414689, 46.782659665559443 ] ] ] } },
{ "type": "Feature", "properties": { "hex_id": 899403, "centroid_lon": -70.046894822009264, "centroid_lat": 46.803364482677473, "occurrences_today": 3, "datetimes_today": "2026-06-19 00:01:38, 2026-06-19 00:16:36, 2026-06-19 00:31:15", "cumulative_total": 27.0 }, "geometry": { "type": "Polygon", "coordinates": [ [ [ -70.04737101256525, 46.798188291034229 ], [ -70.053660898817242, 46.801059392355576 ], [ -70.053185263847624, 46.806235630683368 ], [ -70.046418499696415, 46.808540665894384 ], [ -70.04012818963767, 46.805669148908848 ], [ -70.040605067491384, 46.800493012442367 ], [ -70.04737101256525, 46.798188291034229 ] ] ] } },
{ "type": "Feature", "properties": { "hex_id": 899404, "centroid_lon": -70.045465459617944, "centroid_lat": 46.818893007043762, "occurrences_today": 3, "datetimes_today": "2026-06-19 00:01:38, 2026-06-19 00:16:36, 2026-06-19 00:31:15", "cumulative_total": 27.0 }, "geometry": { "type": "Polygon", "coordinates": [ [ [ -70.045942045581157, 46.813716840683568 ], [ -70.052233599034452, 46.816588082085545 ], [ -70.051757569099919, 46.821764295157294 ], [ -70.044988741761216, 46.824069164973615 ], [ -70.038696764195549, 46.821197507682783 ], [ -70.039174038035384, 46.816021396530367 ], [ -70.045942045581157, 46.813716840683568 ] ] ] } },
{ "type": "Feature", "properties": { "hex_id": 899405, "centroid_lon": -70.044034910184763, "centroid_lat": 46.834421455537061, "occurrences_today": 3, "datetimes_today": "2026-06-19 00:01:38, 2026-06-19 00:16:36, 2026-06-19 00:31:15", "cumulative_total": 27.0 }, "geometry": { "type": "Polygon", "coordinates": [ [ [ -70.044511891965357, 46.829245314471827 ], [ -70.050805113947334, 46.832116696035499 ], [ -70.05032868863816, 46.837292883839325 ], [ -70.043557796373804, 46.839597588168012 ], [ -70.037264149973595, 46.836725790490647 ], [ -70.037741820210343, 46.831549704664241 ], [ -70.044511891965357, 46.829245314471827 ] ] ] } },
{ "type": "Feature", "properties": { "hex_id": 900013, "centroid_lon": -70.041081813440854, "centroid_lat": 46.795316867540514, "occurrences_today": 3, "datetimes_today": "2026-06-19 00:01:38, 2026-06-19 00:16:36, 2026-06-19 00:31:15", "cumulative_total": 27.0 }, "geometry": { "type": "Polygon", "coordinates": [ [ [ -70.041558427531712, 46.790140714204611 ], [ -70.047847071409862, 46.793012090965931 ], [ -70.04737101256525, 46.798188291034229 ], [ -70.040605067491384, 46.800493012442367 ], [ -70.03431600024841, 46.797621220084643 ], [ -70.034793301398594, 46.792445121981025 ], [ -70.041558427531712, 46.790140714204611 ] ] ] } },
{ "type": "Feature", "properties": { "hex_id": 900014, "centroid_lon": -70.039651179834223, "centroid_lat": 46.810845276938615, "occurrences_today": 3, "datetimes_today": "2026-06-19 00:01:38, 2026-06-19 00:16:36, 2026-06-19 00:31:15", "cumulative_total": 27.0 }, "geometry": { "type": "Polygon", "coordinates": [ [ [ -70.04012818963767, 46.805669148908848 ], [ -70.046418499696415, 46.808540665894384 ], [ -70.045942045581157, 46.813716840683568 ], [ -70.039174038035384, 46.816021396530367 ], [ -70.032883304306623, 46.813149463723818 ], [ -70.033361001748062, 46.807973390957372 ], [ -70.04012818963767, 46.805669148908848 ] ] ] } },
{ "type": "Feature", "properties": { "hex_id": 900015, "centroid_lon": -70.038219358269089, "centroid_lat": 46.826373610394505, "occurrences_today": 3, "datetimes_today": "2026-06-19 00:01:38, 2026-06-19 00:16:36, 2026-06-19 00:31:15", "cumulative_total": 27.0 }, "geometry": { "type": "Polygon", "coordinates": [ [ [ -70.038696764195549, 46.821197507682783 ], [ -70.044988741761216, 46.824069164973615 ], [ -70.044511891965357, 46.829245314471827 ], [ -70.037741820210343, 46.831549704664241 ], [ -70.031449418669212, 46.828677631327629 ], [ -70.031927512812899, 46.823501583910279 ], [ -70.038696764195549, 46.821197507682783 ] ] ] } },
{ "type": "Feature", "properties": { "hex_id": 900016, "centroid_lon": -70.036786347513171, "centroid_lat": 46.841901867872402, "occurrences_today": 3, "datetimes_today": "2026-06-19 00:01:38, 2026-06-19 00:16:36, 2026-06-19 00:31:15", "cumulative_total": 27.0 }, "geometry": { "type": "Polygon", "coordinates": [ [ [ -70.037264149973595, 46.836725790490647 ], [ -70.043557796373804, 46.839597588168012 ], [ -70.043080550486806, 46.844773712363306 ], [ -70.036308412783342, 46.847077936808176 ], [ -70.030014342102007, 46.84420572286016 ], [ -70.030492833359531, 46.839029700803906 ], [ -70.037264149973595, 46.836725790490647 ] ] ] } },
{ "type": "Feature", "properties": { "hex_id": 900624, "centroid_lon": -70.033838567046772, "centroid_lat": 46.802797309743866, "occurrences_today": 3, "datetimes_today": "2026-06-19 00:01:38, 2026-06-19 00:16:36, 2026-06-19 00:31:15", "cumulative_total": 27.0 }, "geometry": { "type": "Polygon", "coordinates": [ [ [ -70.03431600024841, 46.797621220084643 ], [ -70.040605067491384, 46.800493012442367 ], [ -70.04012818963767, 46.805669148908848 ], [ -70.033361001748062, 46.807973390957372 ], [ -70.027071511277043, 46.805101182846485 ], [ -70.027549631878074, 46.799925148506084 ], [ -70.03431600024841, 46.797621220084643 ] ] ] } },
{ "type": "Feature", "properties": { "hex_id": 900625, "centroid_lon": -70.032405474676793, "centroid_lat": 46.818325528041903, "occurrences_today": 3, "datetimes_today": "2026-06-19 00:01:38, 2026-06-19 00:16:36, 2026-06-19 00:31:15", "cumulative_total": 27.0 }, "geometry": { "type": "Polygon", "coordinates": [ [ [ -70.032883304306623, 46.813149463723818 ], [ -70.039174038035384, 46.816021396530367 ], [ -70.038696764195549, 46.821197507682783 ], [ -70.031927512812899, 46.823501583910279 ], [ -70.025636355551057, 46.820629235125864 ], [ -70.026114873159258, 46.815453226157693 ], [ -70.032883304306623, 46.813149463723818 ] ] ] } },
{ "type": "Feature", "properties": { "hex_id": 900626, "centroid_lon": -70.030971192200013, "centroid_lat": 46.833853670292612, "occurrences_today": 3, "datetimes_today": "2026-06-19 00:01:38, 2026-06-19 00:16:36, 2026-06-19 00:31:15", "cumulative_total": 27.0 }, "geometry": { "type": "Polygon", "coordinates": [ [ [ -70.031449418669212, 46.828677631327629 ], [ -70.037741820210343, 46.831549704664241 ], [ -70.037264149973595, 46.836725790490647 ], [ -70.030492833359531, 46.839029700803906 ], [ -70.024200007980085, 46.836157211264577 ], [ -70.024678923007258, 46.830981227680638 ], [ -70.031449418669212, 46.828677631327629 ] ] ] } },
{ "type": "Feature", "properties": { "hex_id": 900627, "centroid_lon": -70.029535718381652, "centroid_lat": 46.849381736460074, "occurrences_today": 3, "datetimes_today": "2026-06-19 00:01:38, 2026-06-19 00:16:36, 2026-06-19 00:31:15", "cumulative_total": 27.0 }, "geometry": { "type": "Polygon", "coordinates": [ [ [ -70.030014342102007, 46.84420572286016 ], [ -70.036308412783342, 46.847077936808176 ], [ -70.035830345738333, 46.85225399729665 ], [ -70.029056962152609, 46.854557741602314 ], [ -70.022762467327482, 46.851685111226601 ], [ -70.023241780186055, 46.84650915303888 ], [ -70.030014342102007, 46.84420572286016 ] ] ] } },
{ "type": "Feature", "properties": { "hex_id": 901234, "centroid_lon": -70.028027620234781, "centroid_lat": 46.794749105710927, "occurrences_today": 3, "datetimes_today": "2026-06-19 00:01:38, 2026-06-19 00:16:36, 2026-06-19 00:31:15", "cumulative_total": 27.0 }, "geometry": { "type": "Polygon", "coordinates": [ [ [ -70.028505476392851, 46.789573054462359 ], [ -70.034793301398594, 46.792445121981025 ], [ -70.03431600024841, 46.797621220084643 ], [ -70.027549631878074, 46.799925148506084 ], [ -70.021261384085932, 46.797052665302118 ], [ -70.02173992740488, 46.791876669427857 ], [ -70.028505476392851, 46.789573054462359 ] ] ] } },
{ "type": "Feature", "properties": { "hex_id": 901235, "centroid_lon": -70.026593258386001, "centroid_lat": 46.810277208730788, "occurrences_today": 3, "datetimes_today": "2026-06-19 00:01:38, 2026-06-19 00:16:36, 2026-06-19 00:31:15", "cumulative_total": 27.0 }, "geometry": { "type": "Polygon", "coordinates": [ [ [ -70.027071511277043, 46.805101182846485 ], [ -70.033361001748062, 46.807973390957372 ], [ -70.032883304306623, 46.813149463723818 ], [ -70.026114873159258, 46.815453226157693 ], [ -70.01982495959723, 46.812580602136855 ], [ -70.020303900227844, 46.80740463165796 ], [ -70.027071511277043, 46.805101182846485 ] ] ] } },
{ "type": "Feature", "properties": { "hex_id": 901236, "centroid_lon": -70.025157705515653, "centroid_lat": 46.82580523563395, "occurrences_today": 3, "datetimes_today": "2026-06-19 00:01:38, 2026-06-19 00:16:36, 2026-06-19 00:31:15", "cumulative_total": 27.0 }, "geometry": { "type": "Polygon", "coordinates": [ [ [ -70.025636355551057, 46.820629235125864 ], [ -70.031927512812899, 46.823501583910279 ], [ -70.031449418669212, 46.828677631327629 ], [ -70.024678923007258, 46.830981227680638 ], [ -70.018387342349598, 46.828108462761485 ], [ -70.018866680703908, 46.822932517689956 ], [ -70.025636355551057, 46.820629235125864 ] ] ] } },
{ "type": "Feature", "properties": { "hex_id": 901237, "centroid_lon": -70.023720960388289, "centroid_lat": 46.841333186384439, "occurrences_today": 3, "datetimes_today": "2026-06-19 00:01:38, 2026-06-19 00:16:36, 2026-06-19 00:31:15", "cumulative_total": 27.0 }, "geometry": { "type": "Polygon", "coordinates": [ [ [ -70.024200007980085, 46.836157211264577 ], [ -70.030492833359531, 46.839029700803906 ], [ -70.030014342102007, 46.84420572286016 ], [ -70.023241780186055, 46.84650915303888 ], [ -70.016948531105726, 46.843636247139905 ], [ -70.017428267596372, 46.838460327487809 ], [ -70.024200007980085, 46.836157211264577 ] ] ] } },
{ "type": "Feature", "properties": { "hex_id": 901845, "centroid_lon": -70.020782708375492, "centroid_lat": 46.802228652712593, "occurrences_today": 3, "datetimes_today": "2026-06-19 00:01:38, 2026-06-19 00:16:36, 2026-06-19 00:31:15", "cumulative_total": 27.0 }, "geometry": { "type": "Polygon", "coordinates": [ [ [ -70.021261384085932, 46.797052665302118 ], [ -70.027549631878074, 46.799925148506084 ], [ -70.027071511277043, 46.805101182846485 ], [ -70.020303900227844, 46.80740463165796 ], [ -70.014015229786395, 46.804531732611991 ], [ -70.014494592997679, 46.79935580066239 ], [ -70.021261384085932, 46.797052665302118 ] ] ] } },
{ "type": "Feature", "properties": { "hex_id": 901846, "centroid_lon": -70.019345886437847, "centroid_lat": 46.817756564147977, "occurrences_today": 3, "datetimes_today": "2026-06-19 00:01:38, 2026-06-19 00:16:36, 2026-06-19 00:31:15", "cumulative_total": 27.0 }, "geometry": { "type": "Polygon", "coordinates": [ [ [ -70.01982495959723, 46.812580602136855 ], [ -70.026114873159258, 46.815453226157693 ], [ -70.025636355551057, 46.820629235125864 ], [ -70.018866680703908, 46.822932517689956 ], [ -70.012576344188176, 46.820059477602385 ], [ -70.013056105427466, 46.814883571083321 ], [ -70.01982495959723, 46.812580602136855 ] ] ] } },
{ "type": "Feature", "properties": { "hex_id": 901847, "centroid_lon": -70.017907871329044, "centroid_lat": 46.833284399361212, "occurrences_today": 3, "datetimes_today": "2026-06-19 00:01:38, 2026-06-19 00:16:36, 2026-06-19 00:31:15", "cumulative_total": 27.0 }, "geometry": { "type": "Polygon", "coordinates": [ [ [ -70.018387342349598, 46.828108462761485 ], [ -70.024678923007258, 46.830981227680638 ], [ -70.024200007980085, 46.836157211264577 ], [ -70.017428267596372, 46.838460327487809 ], [ -70.01113626368037, 46.835587146277042 ], [ -70.011616423360522, 46.830411265200588 ], [ -70.018387342349598, 46.828108462761485 ] ] ] } },
{ "type": "Feature", "properties": { "hex_id": 901848, "centroid_lon": -70.01646866181116, "centroid_lat": 46.848812158316214, "occurrences_today": 3, "datetimes_today": "2026-06-19 00:01:38, 2026-06-19 00:16:36, 2026-06-19 00:31:15", "cumulative_total": 27.0 }, "geometry": { "type": "Polygon", "coordinates": [ [ [ -70.016948531105726, 46.843636247139905 ], [ -70.023241780186055, 46.84650915303888 ], [ -70.022762467327482, 46.851685111226601 ], [ -70.01598865966676, 46.853988061015372 ], [ -70.009694987023252, 46.851114738599762 ], [ -70.010175545557715, 46.845938882977975 ], [ -70.016948531105726, 46.843636247139905 ] ] ] } },
{ "type": "Feature", "properties": { "hex_id": 902456, "centroid_lon": -70.013535733944934, "centroid_lat": 46.809707656086076, "occurrences_today": 3, "datetimes_today": "2026-06-19 00:01:38, 2026-06-19 00:16:36, 2026-06-19 00:31:15", "cumulative_total": 27.0 }, "geometry": { "type": "Polygon", "coordinates": [ [ [ -70.014015229786395, 46.804531732611991 ], [ -70.020303900227844, 46.80740463165796 ], [ -70.01982495959723, 46.812580602136855 ], [ -70.013056105427466, 46.814883571083321 ], [ -70.006767012474086, 46.812010256038604 ], [ -70.007247196156541, 46.806834388112037 ], [ -70.014015229786395, 46.804531732611991 ] ] ] } },
{ "type": "Feature", "properties": { "hex_id": 902457, "centroid_lon": -70.012096450181147, "centroid_lat": 46.825235375641924, "occurrences_today": 3, "datetimes_today": "2026-06-19 00:01:38, 2026-06-19 00:16:36, 2026-06-19 00:31:15", "cumulative_total": 27.0 }, "geometry": { "type": "Polygon", "coordinates": [ [ [ -70.012576344188176, 46.820059477602385 ], [ -70.018866680703908, 46.822932517689956 ], [ -70.018387342349598, 46.828108462761485 ], [ -70.011616423360522, 46.830411265200588 ], [ -70.005325664028646, 46.82753780888946 ], [ -70.005806246456061, 46.822361966428666 ], [ -70.012576344188176, 46.820059477602385 ] ] ] } },
{ "type": "Feature", "properties": { "hex_id": 902458, "centroid_lon": -70.010655971094749, "centroid_lat": 46.840763018869964, "occurrences_today": 3, "datetimes_today": "2026-06-19 00:01:38, 2026-06-19 00:16:36, 2026-06-19 00:31:15", "cumulative_total": 27.0 }, "geometry": { "type": "Polygon", "coordinates": [ [ [ -70.01113626368037, 46.835587146277042 ], [ -70.017428267596372, 46.838460327487809 ], [ -70.016948531105726, 46.843636247139905 ], [ -70.010175545557715, 46.845938882977975 ], [ -70.003883118521145, 46.843065285318723 ], [ -70.004364100107182, 46.837889468335838 ], [ -70.01113626368037, 46.835587146277042 ] ] ] } },
{ "type": "Feature", "properties": { "hex_id": 902459, "centroid_lon": -70.009214295445375, "centroid_lat": 46.856290585733994, "occurrences_today": 3, "datetimes_today": "2026-06-19 00:01:38, 2026-06-19 00:16:36, 2026-06-19 00:31:15", "cumulative_total": 27.0 }, "geometry": { "type": "Polygon", "coordinates": [ [ [ -70.009694987023252, 46.851114738599762 ], [ -70.01598865966676, 46.853988061015372 ], [ -70.015508524626554, 46.859163955236042 ], [ -70.008733470778068, 46.861466424379302 ], [ -70.002439374709368, 46.858592685290105 ], [ -70.002920755868303, 46.853416893797217 ], [ -70.009694987023252, 46.851114738599762 ] ] ] } },
{ "type": "Feature", "properties": { "hex_id": 903066, "centroid_lon": -70.007727247015836, "centroid_lat": 46.801658511699536, "occurrences_today": 3, "datetimes_today": "2026-06-19 00:01:38, 2026-06-19 00:16:36, 2026-06-19 00:31:15", "cumulative_total": 27.0 }, "geometry": { "type": "Polygon", "coordinates": [ [ [ -70.008207165097858, 46.796482626802479 ], [ -70.014494592997679, 46.79935580066239 ], [ -70.014015229786395, 46.804531732611991 ], [ -70.007247196156541, 46.806834388112037 ], [ -70.000959346186207, 46.803960798321413 ], [ -70.001439951870367, 46.798784969027281 ], [ -70.008207165097858, 46.796482626802479 ] ] ] } },
{ "type": "Feature", "properties": { "hex_id": 903067, "centroid_lon": -70.006286695922554, "centroid_lat": 46.817186115477938, "occurrences_today": 3, "datetimes_today": "2026-06-19 00:01:38, 2026-06-19 00:16:36, 2026-06-19 00:31:15", "cumulative_total": 27.0 }, "geometry": { "type": "Polygon", "coordinates": [ [ [ -70.006767012474086, 46.812010256038604 ], [ -70.013056105427466, 46.814883571083321 ], [ -70.012576344188176, 46.820059477602385 ], [ -70.005806246456061, 46.822361966428666 ], [ -69.999516731128395, 46.819488235228476 ], [ -69.999997735861186, 46.814312431423339 ], [ -70.006767012474086, 46.812010256038604 ] ] ] } },
{ "type": "Feature", "properties": { "hex_id": 903068, "centroid_lon": -70.004844948594339, "centroid_lat": 46.83271364285897, "occurrences_today": 3, "datetimes_today": "2026-06-19 00:01:38, 2026-06-19 00:16:36, 2026-06-19 00:31:15", "cumulative_total": 27.0 }, "geometry": { "type": "Polygon", "coordinates": [ [ [ -70.005325664028646, 46.82753780888946 ], [ -70.011616423360522, 46.830411265200588 ], [ -70.01113626368037, 46.835587146277042 ], [ -70.004364100107182, 46.837889468335838 ], [ -69.998072918097023, 46.835015595644322 ], [ -69.998554322292335, 46.829839817340307 ], [ -70.005325664028646, 46.82753780888946 ] ] ] } },
{ "type": "Feature", "properties": { "hex_id": 903069, "centroid_lon": -70.003402003790185, "centroid_lat": 46.848241093806294, "occurrences_today": 3, "datetimes_today": "2026-06-19 00:01:38, 2026-06-19 00:16:36, 2026-06-19 00:31:15", "cumulative_total": 27.0 }, "geometry": { "type": "Polygon", "coordinates": [ [ [ -70.003883118521145, 46.843065285318723 ], [ -70.010175545557715, 46.845938882977975 ], [ -70.009694987023252, 46.851114738599762 ], [ -70.002920755868303, 46.853416893797217 ], [ -69.996627905849223, 46.850542879532526 ], [ -69.99710970992156, 46.84536712674177 ], [ -70.003883118521145, 46.843065285318723 ] ] ] } },
{ "type": "Feature", "properties": { "hex_id": 903677, "centroid_lon": -70.000478607531804, "centroid_lat": 46.809136619120537, "occurrences_today": 3, "datetimes_today": "2026-06-19 00:01:38, 2026-06-19 00:16:36, 2026-06-19 00:31:15", "cumulative_total": 27.0 }, "geometry": { "type": "Polygon", "coordinates": [ [ [ -70.000959346186207, 46.803960798321413 ], [ -70.007247196156541, 46.806834388112037 ], [ -70.006767012474086, 46.812010256038604 ], [ -69.999997735861186, 46.814312431423339 ], [ -69.993709463958083, 46.811438425545312 ], [ -69.994190890554705, 46.806262660435799 ], [ -70.000959346186207, 46.803960798321413 ] ] ] } },
{ "type": "Feature", "properties": { "hex_id": 903678, "centroid_lon": -69.999035593287445, "centroid_lat": 46.824664030534578, "occurrences_today": 3, "datetimes_today": "2026-06-19 00:01:38, 2026-06-19 00:16:36, 2026-06-19 00:31:15", "cumulative_total": 27.0 }, "geometry": { "type": "Polygon", "coordinates": [ [ [ -69.999516731128395, 46.819488235228476 ], [ -70.005806246456061, 46.822361966428666 ], [ -70.005325664028646, 46.82753780888946 ], [ -69.998554322292335, 46.829839817340307 ], [ -69.992264384728315, 46.826965669827885 ], [ -69.992746211090946, 46.821789930242701 ], [ -69.999516731128395, 46.819488235228476 ] ] ] } },
{ "type": "Feature", "properties": { "hex_id": 903679, "centroid_lon": -69.99759138065545, "centroid_lat": 46.840191365445257, "occurrences_today": 3, "datetimes_today": "2026-06-19 00:01:38, 2026-06-19 00:16:36, 2026-06-19 00:31:15", "cumulative_total": 27.0 }, "geometry": { "type": "Polygon", "coordinates": [ [ [ -69.998072918097023, 46.835015595644322 ], [ -70.004364100107182, 46.837889468335838 ], [ -70.003883118521145, 46.843065285318723 ], [ -69.99710970992156, 46.84536712674177 ], [ -69.990818105371247, 46.842492837513049 ], [ -69.991300331914587, 46.837317123464402 ], [ -69.998072918097023, 46.835015595644322 ] ] ] } },
{ "type": "Feature", "properties": { "hex_id": 903680, "centroid_lon": -69.996145968392355, "centroid_lat": 46.855718623816173, "occurrences_today": 3, "datetimes_today": "2026-06-19 00:01:38, 2026-06-19 00:16:36, 2026-06-19 00:31:15", "cumulative_total": 27.0 }, "geometry": { "type": "Polygon", "coordinates": [ [ [ -69.996627905849223, 46.850542879532526 ], [ -70.002920755868303, 46.853416893797217 ], [ -70.002439374709368, 46.858592685290105 ], [ -69.995663897504784, 46.860894359591342 ], [ -69.989370624641538, 46.858019928564318 ], [ -69.9898532517809, 46.852844240064364 ], [ -69.996627905849223, 46.850542879532526 ] ] ] } },
{ "type": "Feature", "properties": { "hex_id": 904288, "centroid_lon": -69.993227904152178, "centroid_lat": 46.816614182148079, "occurrences_today": 3, "datetimes_today": "2026-06-19 00:01:38, 2026-06-19 00:16:36, 2026-06-19 00:31:15", "cumulative_total": 27.0 }, "geometry": { "type": "Polygon", "coordinates": [ [ [ -69.993709463958083, 46.811438425545312 ], [ -69.999997735861186, 46.814312431423339 ], [ -69.999516731128395, 46.819488235228476 ], [ -69.992746211090946, 46.821789930242701 ], [ -69.986457517393077, 46.818915508120583 ], [ -69.986939765481395, 46.813739807294169 ], [ -69.993709463958083, 46.811438425545312 ] ] ] } },
{ "type": "Feature", "properties": { "hex_id": 904289, "centroid_lon": -69.991782425018243, "centroid_lat": 46.832141400902223, "occurrences_today": 3, "datetimes_today": "2026-06-19 00:01:38, 2026-06-19 00:16:36, 2026-06-19 00:31:15", "cumulative_total": 27.0 }, "geometry": { "type": "Polygon", "coordinates": [ [ [ -69.992264384728315, 46.826965669827885 ], [ -69.998554322292335, 46.829839817340307 ], [ -69.998072918097023, 46.835015595644322 ], [ -69.991300331914587, 46.837317123464402 ], [ -69.985009972252413, 46.834442559482937 ], [ -69.985492620824729, 46.829266884216317 ], [ -69.992264384728315, 46.826965669827885 ] ] ] } },
{ "type": "Feature", "properties": { "hex_id": 904290, "centroid_lon": -69.99033574534208, "centroid_lat": 46.847668543046829, "occurrences_today": 3, "datetimes_today": "2026-06-19 00:01:38, 2026-06-19 00:16:36, 2026-06-19 00:31:15", "cumulative_total": 27.0 }, "geometry": { "type": "Polygon", "coordinates": [ [ [ -69.990818105371247, 46.842492837513049 ], [ -69.99710970992156, 46.84536712674177 ], [ -69.996627905849223, 46.850542879532526 ], [ -69.9898532517809, 46.852844240064364 ], [ -69.983561224828833, 46.849969534141529 ], [ -69.984044274300672, 46.844793884446894 ], [ -69.990818105371247, 46.842492837513049 ] ] ] } },
{ "type": "Feature", "properties": { "hex_id": 904291, "centroid_lon": -69.988887863877764, "centroid_lat": 46.863195608545333, "occurrences_today": 3, "datetimes_today": "2026-06-19 00:01:38, 2026-06-19 00:16:36, 2026-06-19 00:31:15", "cumulative_total": 27.0 }, "geometry": { "type": "Polygon", "coordinates": [ [ [ -69.989370624641538, 46.858019928564318 ], [ -69.995663897504784, 46.860894359591342 ], [ -69.995181693140353, 46.866070086856695 ], [ -69.988404969443366, 46.868371280006066 ], [ -69.982111273874551, 46.86549643205975 ], [ -69.98259472466205, 46.860320807949314 ], [ -69.989370624641538, 46.858019928564318 ] ] ] } },
{ "type": "Feature", "properties": { "hex_id": 904898, "centroid_lon": -69.987421880167275, "centroid_lat": 46.808564097950537, "occurrences_today": 3, "datetimes_today": "2026-06-19 00:01:38, 2026-06-19 00:16:36, 2026-06-19 00:31:15", "cumulative_total": 27.0 }, "geometry": { "type": "Polygon", "coordinates": [ [ [ -69.987903861496804, 46.803388380091057 ], [ -69.994190890554705, 46.806262660435799 ], [ -69.993709463958083, 46.811438425545312 ], [ -69.986939765481395, 46.813739807294169 ], [ -69.98065231506996, 46.810865110773484 ], [ -69.981134984442676, 46.805689448745717 ], [ -69.987903861496804, 46.803388380091057 ] ] ] } },
{ "type": "Feature", "properties": { "hex_id": 904899, "centroid_lon": -69.985975135856236, "centroid_lat": 46.82409120042842, "occurrences_today": 3, "datetimes_today": "2026-06-19 00:01:38, 2026-06-19 00:16:36, 2026-06-19 00:31:15", "cumulative_total": 27.0 }, "geometry": { "type": "Polygon", "coordinates": [ [ [ -69.986457517393077, 46.818915508120583 ], [ -69.992746211090946, 46.821789930242701 ], [ -69.992264384728315, 46.826965669827885 ], [ -69.985492620824729, 46.829266884216317 ], [ -69.979203505470366, 46.826392045693382 ], [ -69.979686575629955, 46.82121640924867 ], [ -69.986457517393077, 46.818915508120583 ] ] ] } },
{ "type": "Feature", "properties": { "hex_id": 904900, "centroid_lon": -69.984527190093132, "centroid_lat": 46.839618226226925, "occurrences_today": 3, "datetimes_today": "2026-06-19 00:01:38, 2026-06-19 00:16:36, 2026-06-19 00:31:15", "cumulative_total": 27.0 }, "geometry": { "type": "Polygon", "coordinates": [ [ [ -69.985009972252413, 46.834442559482937 ], [ -69.991300331914587, 46.837317123464402 ], [ -69.990818105371247, 46.842492837513049 ], [ -69.984044274300672, 46.844793884446894 ], [ -69.977753492678829, 46.841918903839627 ], [ -69.978236964041031, 46.836743292990221 ], [ -69.985009972252413, 46.834442559482937 ] ] ] } },
{ "type": "Feature", "properties": { "hex_id": 904901, "centroid_lon": -69.983078041631387, "centroid_lat": 46.85514517530946, "occurrences_today": 3, "datetimes_today": "2026-06-19 00:01:38, 2026-06-19 00:16:36, 2026-06-19 00:31:15", "cumulative_total": 27.0 }, "geometry": { "type": "Polygon", "coordinates": [ [ [ -69.983561224828833, 46.849969534141529 ], [ -69.9898532517809, 46.852844240064364 ], [ -69.989370624641538, 46.858019928564318 ], [ -69.98259472466205, 46.860320807949314 ], [ -69.976302275446912, 46.857445685175527 ], [ -69.976786148428062, 46.852270099933648 ], [ -69.983561224828833, 46.849969534141529 ] ] ] } },
{ "type": "Feature", "properties": { "hex_id": 904902, "centroid_lon": -69.981627689222577, "centroid_lat": 46.870672047639388, "occurrences_today": 3, "datetimes_today": "2026-06-19 00:01:38, 2026-06-19 00:16:36, 2026-06-19 00:31:15", "cumulative_total": 27.0 }, "geometry": { "type": "Polygon", "coordinates": [ [ [ -69.982111273874551, 46.86549643205975 ], [ -69.988404969443366, 46.868371280006066 ], [ -69.987921941292058, 46.873546942945154 ], [ -69.981143970659829, 46.875847654686893 ], [ -69.974849852524315, 46.872972389664312 ], [ -69.975334127541387, 46.867796830042224 ], [ -69.982111273874551, 46.86549643205975 ] ] ] } },
{ "type": "Feature", "properties": { "hex_id": 905509, "centroid_lon": -69.980169512147768, "centroid_lat": 46.816040764274923, "occurrences_today": 3, "datetimes_today": "2026-06-19 00:01:38, 2026-06-19 00:16:36, 2026-06-19 00:31:15", "cumulative_total": 27.0 }, "geometry": { "type": "Polygon", "coordinates": [ [ [ -69.98065231506996, 46.810865110773484 ], [ -69.986939765481395, 46.813739807294169 ], [ -69.986457517393077, 46.818915508120583 ], [ -69.979686575629955, 46.82121640924867 ], [ -69.97339870400333, 46.818341296395417 ], [ -69.97388219530886, 46.813165698812469 ], [ -69.98065231506996, 46.810865110773484 ] ] ] } },
{ "type": "Feature", "properties": { "hex_id": 905510, "centroid_lon": -69.978720301622801, "centroid_lat": 46.831567673607694, "occurrences_today": 3, "datetimes_today": "2026-06-19 00:01:38, 2026-06-19 00:16:36, 2026-06-19 00:31:15", "cumulative_total": 27.0 }, "geometry": { "type": "Polygon", "coordinates": [ [ [ -69.979203505470366, 46.826392045693382 ], [ -69.985492620824729, 46.829266884216317 ], [ -69.985009972252413, 46.834442559482937 ], [ -69.978236964041031, 46.836743292990221 ], [ -69.971947427168729, 46.833868037909745 ], [ -69.97243131997952, 46.828692465945409 ], [ -69.979203505470366, 46.826392045693382 ] ] ] } },
{ "type": "Feature", "properties": { "hex_id": 905511, "centroid_lon": -69.977269887489925, "centroid_lat": 46.847094506154562, "occurrences_today": 3, "datetimes_today": "2026-06-19 00:01:38, 2026-06-19 00:16:36, 2026-06-19 00:31:15", "cumulative_total": 27.0 }, "geometry": { "type": "Polygon", "coordinates": [ [ [ -69.977753492678829, 46.841918903839627 ], [ -69.984044274300672, 46.844793884446894 ], [ -69.983561224828833, 46.849969534141529 ], [ -69.976786148428062, 46.852270099933648 ], [ -69.970494944985276, 46.849394702543734 ], [ -69.97097923971792, 46.844219156210258 ], [ -69.977753492678829, 46.841918903839627 ] ] ] } },
{ "type": "Feature", "properties": { "hex_id": 905512, "centroid_lon": -69.97581826850012, "centroid_lat": 46.862621261878829, "occurrences_today": 3, "datetimes_today": "2026-06-19 00:01:38, 2026-06-19 00:16:36, 2026-06-19 00:31:15", "cumulative_total": 27.0 }, "geometry": { "type": "Polygon", "coordinates": [ [ [ -69.976302275446912, 46.857445685175527 ], [ -69.98259472466205, 46.860320807949314 ], [ -69.982111273874551, 46.86549643205975 ], [ -69.975334127541387, 46.867796830042224 ], [ -69.969041256202118, 46.864921290260561 ], [ -69.969525953273759, 46.859745769570239 ], [ -69.976302275446912, 46.857445685175527 ] ] ] } },
{ "type": "Feature", "properties": { "hex_id": 906119, "centroid_lon": -69.974365552871774, "centroid_lat": 46.807990092692719, "occurrences_today": 3, "datetimes_today": "2026-06-19 00:01:38, 2026-06-19 00:16:36, 2026-06-19 00:31:15", "cumulative_total": 27.0 }, "geometry": { "type": "Polygon", "coordinates": [ [ [ -69.974848776738241, 46.802814478037533 ], [ -69.981134984442676, 46.805689448745717 ], [ -69.98065231506996, 46.810865110773484 ], [ -69.97388219530886, 46.813165698812469 ], [ -69.967595566830198, 46.810290311839935 ], [ -69.968079478840664, 46.805114753158584 ], [ -69.974848776738241, 46.802814478037533 ] ] ] } },
{ "type": "Feature", "properties": { "hex_id": 906120, "centroid_lon": -69.972915078908969, "centroid_lat": 46.823516885440185, "occurrences_today": 3, "datetimes_today": "2026-06-19 00:01:38, 2026-06-19 00:16:36, 2026-06-19 00:31:15", "cumulative_total": 27.0 }, "geometry": { "type": "Polygon", "coordinates": [ [ [ -69.97339870400333, 46.818341296395417 ], [ -69.979686575629955, 46.82121640924867 ], [ -69.979203505470366, 46.826392045693382 ], [ -69.97243131997952, 46.828692465945409 ], [ -69.966143027276331, 46.825816936602898 ], [ -69.966627341094309, 46.820641403563464 ], [ -69.97339870400333, 46.818341296395417 ] ] ] } },
{ "type": "Feature", "properties": { "hex_id": 906121, "centroid_lon": -69.971463400430295, "centroid_lat": 46.839043601331817, "occurrences_today": 3, "datetimes_today": "2026-06-19 00:01:38, 2026-06-19 00:16:36, 2026-06-19 00:31:15", "cumulative_total": 27.0 }, "geometry": { "type": "Polygon", "coordinates": [ [ [ -69.971947427168729, 46.833868037909745 ], [ -69.978236964041031, 46.836743292990221 ], [ -69.977753492678829, 46.841918903839627 ], [ -69.97097923971792, 46.844219156210258 ], [ -69.964689281466491, 46.841343484415503 ], [ -69.965173997508757, 46.836167977030293 ], [ -69.971947427168729, 46.833868037909745 ] ] ] } },
{ "type": "Feature", "properties": { "hex_id": 906122, "centroid_lon": -69.970010516186022, "centroid_lat": 46.854570240330844, "occurrences_today": 3, "datetimes_today": "2026-06-19 00:01:38, 2026-06-19 00:16:36, 2026-06-19 00:31:15", "cumulative_total": 27.0 }, "geometry": { "type": "Polygon", "coordinates": [ [ [ -69.970494944985276, 46.849394702543734 ], [ -69.976786148428062, 46.852270099933648 ], [ -69.976302275446912, 46.857445685175527 ], [ -69.969525953273759, 46.859745769570239 ], [ -69.963234328149085, 46.856869955240867 ], [ -69.963719446833053, 46.85169447352218 ], [ -69.970494944985276, 46.849394702543734 ] ] ] } },
{ "type": "Feature", "properties": { "hex_id": 906123, "centroid_lon": -69.968556424924643, "centroid_lat": 46.870096802400425, "occurrences_today": 3, "datetimes_today": "2026-06-19 00:01:38, 2026-06-19 00:16:36, 2026-06-19 00:31:15", "cumulative_total": 27.0 }, "geometry": { "type": "Polygon", "coordinates": [ [ [ -69.969041256202118, 46.864921290260561 ], [ -69.975334127541387, 46.867796830042224 ], [ -69.974849852524315, 46.872972389664312 ], [ -69.96807145939492, 46.875272305988474 ], [ -69.961778166070729, 46.872396349042042 ], [ -69.962263687814399, 46.86722089300217 ], [ -69.969041256202118, 46.864921290260561 ] ] ] } },
{ "type": "Feature", "properties": { "hex_id": 906730, "centroid_lon": -69.96711152093016, "centroid_lat": 46.815465861975362, "occurrences_today": 3, "datetimes_today": "2026-06-19 00:01:38, 2026-06-19 00:16:36, 2026-06-19 00:31:15", "cumulative_total": 27.0 }, "geometry": { "type": "Polygon", "coordinates": [ [ [ -69.967595566830198, 46.810290311839935 ], [ -69.97388219530886, 46.813165698812469 ], [ -69.97339870400333, 46.818341296395417 ], [ -69.966627341094309, 46.820641403563464 ], [ -69.960340291980103, 46.817765600169999 ], [ -69.960825026364191, 46.812590106095243 ], [ -69.967595566830198, 46.810290311839935 ] ] ] } },
{ "type": "Feature", "properties": { "hex_id": 906731, "centroid_lon": -69.965658579429927, "centroid_lat": 46.830992461092315, "occurrences_today": 3, "datetimes_today": "2026-06-19 00:01:38, 2026-06-19 00:16:36, 2026-06-19 00:31:15", "cumulative_total": 27.0 }, "geometry": { "type": "Polygon", "coordinates": [ [ [ -69.966143027276331, 46.825816936602898 ], [ -69.97243131997952, 46.828692465945409 ], [ -69.971947427168729, 46.833868037909745 ], [ -69.965173997508757, 46.836167977030293 ], [ -69.958885283867914, 46.833292031041864 ], [ -69.959370420778328, 46.828116562644681 ], [ -69.966143027276331, 46.825816936602898 ] ] ] } },
{ "type": "Feature", "properties": { "hex_id": 906732, "centroid_lon": -69.964204431256704, "centroid_lat": 46.846518983246604, "occurrences_today": 3, "datetimes_today": "2026-06-19 00:01:38, 2026-06-19 00:16:36, 2026-06-19 00:31:15", "cumulative_total": 27.0 }, "geometry": { "type": "Polygon", "coordinates": [ [ [ -69.964689281466491, 46.841343484415503 ], [ -69.97097923971792, 46.844219156210258 ], [ -69.970494944985276, 46.849394702543734 ], [ -69.963719446833053, 46.85169447352218 ], [ -69.957429067341579, 46.848818384856365 ], [ -69.95791460719596, 46.843642942149081 ], [ -69.964689281466491, 46.841343484415503 ] ] ] } },
{ "type": "Feature", "properties": { "hex_id": 906733, "centroid_lon": -69.962749075158357, "centroid_lat": 46.862045428401323, "occurrences_today": 3, "datetimes_today": "2026-06-19 00:01:38, 2026-06-19 00:16:36, 2026-06-19 00:31:15", "cumulative_total": 27.0 }, "geometry": { "type": "Polygon", "coordinates": [ [ [ -69.963234328149085, 46.856869955240867 ], [ -69.969525953273759, 46.859745769570239 ], [ -69.969041256202118, 46.864921290260561 ], [ -69.962263687814399, 46.86722089300217 ], [ -69.955971641147102, 46.864344661576496 ], [ -69.956457584363648, 46.859169244571454 ], [ -69.963234328149085, 46.856869955240867 ] ] ] } },
{ "type": "Feature", "properties": { "hex_id": 906734, "centroid_lon": -69.961292509880849, "centroid_lat": 46.877571796519547, "occurrences_today": 3, "datetimes_today": "2026-06-19 00:01:38, 2026-06-19 00:16:36, 2026-06-19 00:31:15", "cumulative_total": 27.0 }, "geometry": { "type": "Polygon", "coordinates": [ [ [ -69.961778166070729, 46.872396349042042 ], [ -69.96807145939492, 46.875272305988474 ], [ -69.967586359566482, 46.880447801023344 ], [ -69.960806719198217, 46.882747235433321 ], [ -69.954513004028612, 46.879870861165159 ], [ -69.954999351026146, 46.874695469874744 ], [ -69.961778166070729, 46.872396349042042 ] ] ] } },
{ "type": "Feature", "properties": { "hex_id": 907340, "centroid_lon": -69.961309626665525, "centroid_lat": 46.807414603464032, "occurrences_today": 3, "datetimes_today": "2026-06-19 00:01:38, 2026-06-19 00:16:36, 2026-06-19 00:31:15", "cumulative_total": 27.0 }, "geometry": { "type": "Polygon", "coordinates": [ [ [ -69.961794092930418, 46.802239092277759 ], [ -69.968079478840664, 46.805114753158584 ], [ -69.967595566830198, 46.810290311839935 ], [ -69.960825026364191, 46.812590106095243 ], [ -69.954539220259107, 46.809714028861798 ], [ -69.955024374768584, 46.804538573791483 ], [ -69.961794092930418, 46.802239092277759 ] ] ] } },
{ "type": "Feature", "properties": { "hex_id": 907341, "centroid_lon": -69.959855423466934, "centroid_lat": 46.822941085686935, "occurrences_today": 3, "datetimes_today": "2026-06-19 00:01:38, 2026-06-19 00:16:36, 2026-06-19 00:31:15", "cumulative_total": 27.0 }, "geometry": { "type": "Polygon", "coordinates": [ [ [ -69.960340291980103, 46.817765600169999 ], [ -69.966627341094309, 46.820641403563464 ], [ -69.966143027276331, 46.825816936602898 ], [ -69.959370420778328, 46.828116562644681 ], [ -69.953082951167559, 46.825240342673666 ], [ -69.953568508505001, 46.820064913304272 ], [ -69.960340291980103, 46.817765600169999 ] ] ] } },
{ "type": "Feature", "properties": { "hex_id": 907342, "centroid_lon": -69.958400012689253, "centroid_lat": 46.838467490877129, "occurrences_today": 3, "datetimes_today": "2026-06-19 00:01:38, 2026-06-19 00:16:36, 2026-06-19 00:31:15", "cumulative_total": 27.0 }, "geometry": { "type": "Polygon", "coordinates": [ [ [ -69.958885283867914, 46.833292031041864 ], [ -69.965173997508757, 46.836167977030293 ], [ -69.964689281466491, 46.841343484415503 ], [ -69.95791460719596, 46.843642942149081 ], [ -69.951625472756589, 46.840766579358046 ], [ -69.952111433339809, 46.835591175701936 ], [ -69.958885283867914, 46.833292031041864 ] ] ] } },
{ "type": "Feature", "properties": { "hex_id": 907343, "centroid_lon": -69.956943393079641, "centroid_lat": 46.853993818997623, "occurrences_today": 3, "datetimes_today": "2026-06-19 00:01:38, 2026-06-19 00:16:36, 2026-06-19 00:31:15", "cumulative_total": 27.0 }, "geometry": { "type": "Polygon", "coordinates": [ [ [ -69.957429067341579, 46.848818384856365 ], [ -69.963719446833053, 46.85169447352218 ], [ -69.963234328149085, 46.856869955240867 ], [ -69.956457584363648, 46.859169244571454 ], [ -69.950166783771508, 46.856292738877833 ], [ -69.950653148018958, 46.851117360947384 ], [ -69.957429067341579, 46.848818384856365 ] ] ] } },
{ "type": "Feature", "properties": { "hex_id": 907344, "centroid_lon": -69.955485563383448, "centroid_lat": 46.86952007001139, "occurrences_today": 3, "datetimes_today": "2026-06-19 00:01:38, 2026-06-19 00:16:36, 2026-06-19 00:31:15", "cumulative_total": 27.0 }, "geometry": { "type": "Polygon", "coordinates": [ [ [ -69.955971641147102, 46.864344661576496 ], [ -69.962263687814399, 46.86722089300217 ], [ -69.961778166070729, 46.872396349042042 ], [ -69.954999351026146, 46.874695469874744 ], [ -69.948706882955804, 46.871818821195887 ], [ -69.949193651286521, 46.866643469003471 ], [ -69.955971641147102, 46.864344661576496 ] ] ] } },
{ "type": "Feature", "properties": { "hex_id": 907951, "centroid_lon": -69.954053931520036, "centroid_lat": 46.814889475366527, "occurrences_today": 3, "datetimes_today": "2026-06-19 00:01:38, 2026-06-19 00:16:36, 2026-06-19 00:31:15", "cumulative_total": 27.0 }, "geometry": { "type": "Polygon", "coordinates": [ [ [ -69.954539220259107, 46.809714028861798 ], [ -69.960825026364191, 46.812590106095243 ], [ -69.960340291980103, 46.817765600169999 ], [ -69.953568508505001, 46.820064913304272 ], [ -69.947282282344105, 46.81718841956166 ], [ -69.947768259667754, 46.812013029259759 ], [ -69.954539220259107, 46.809714028861798 ] ] ] } },
{ "type": "Feature", "properties": { "hex_id": 907952, "centroid_lon": -69.952597259461314, "centroid_lat": 46.830415763473354, "occurrences_today": 3, "datetimes_today": "2026-06-19 00:01:38, 2026-06-19 00:16:36, 2026-06-19 00:31:15", "cumulative_total": 27.0 }, "geometry": { "type": "Polygon", "coordinates": [ [ [ -69.953082951167559, 46.825240342673666 ], [ -69.959370420778328, 46.828116562644681 ], [ -69.958885283867914, 46.833292031041864 ], [ -69.952111433339809, 46.835591175701936 ], [ -69.945823543371716, 46.832714538996761 ], [ -69.94630992424257, 46.827539174431536 ], [ -69.953082951167559, 46.825240342673666 ] ] ] } },
{ "type": "Feature", "properties": { "hex_id": 907953, "centroid_lon": -69.951139377665143, "centroid_lat": 46.845941974440336, "occurrences_today": 3, "datetimes_today": "2026-06-19 00:01:38, 2026-06-19 00:16:36, 2026-06-19 00:31:15", "cumulative_total": 27.0 }, "geometry": { "type": "Polygon", "coordinates": [ [ [ -69.951625472756589, 46.840766579358046 ], [ -69.95791460719596, 46.843642942149081 ], [ -69.957429067341579, 46.848818384856365 ], [ -69.950653148018958, 46.851117360947384 ], [ -69.944363592920524, 46.848240581197011 ], [ -69.944850377757248, 46.84306524238086 ], [ -69.951625472756589, 46.840766579358046 ] ] ] } },
{ "type": "Feature", "properties": { "hex_id": 907954, "centroid_lon": -69.949680284876223, "centroid_lat": 46.861468108230326, "occurrences_today": 3, "datetimes_today": "2026-06-19 00:01:38, 2026-06-19 00:16:36, 2026-06-19 00:31:15", "cumulative_total": 27.0 }, "geometry": { "type": "Polygon", "coordinates": [ [ [ -69.950166783771508, 46.856292738877833 ], [ -69.956457584363648, 46.859169244571454 ], [ -69.955971641147102, 46.864344661576496 ], [ -69.949193651286521, 46.866643469003471 ], [ -69.942902429733351, 46.863766546125234 ], [ -69.943389618955194, 46.858591233070577 ], [ -69.950166783771508, 46.856292738877833 ] ] ] } },
{ "type": "Feature", "properties": { "hex_id": 907955, "centroid_lon": -69.948219979837447, "centroid_lat": 46.876994164806206, "occurrences_today": 3, "datetimes_today": "2026-06-19 00:01:38, 2026-06-19 00:16:36, 2026-06-19 00:31:15", "cumulative_total": 27.0 }, "geometry": { "type": "Polygon", "coordinates": [ [ [ -69.948706882955804, 46.871818821195887 ], [ -69.954999351026146, 46.874695469874744 ], [ -69.954513004028612, 46.879870861165159 ], [ -69.947732941884794, 46.882169499833047 ], [ -69.941440052551258, 46.879292433744133 ], [ -69.941927646578065, 46.874117146463405 ], [ -69.948706882955804, 46.871818821195887 ] ] ] } },
{ "type": "Feature", "properties": { "hex_id": 908561, "centroid_lon": -69.948254102568583, "centroid_lat": 46.806837630381722, "occurrences_today": 3, "datetimes_today": "2026-06-19 00:01:38, 2026-06-19 00:16:36, 2026-06-19 00:31:15", "cumulative_total": 27.0 }, "geometry": { "type": "Polygon", "coordinates": [ [ [ -69.948739811093034, 46.80166222292894 ], [ -69.955024374768584, 46.804538573791483 ], [ -69.954539220259107, 46.809714028861798 ], [ -69.947768259667754, 46.812013029259759 ], [ -69.9414832763768, 46.809136261956461 ], [ -69.941969673246206, 46.803960910761759 ], [ -69.948739811093034, 46.80166222292894 ] ] ] } },
{ "type": "Feature", "properties": { "hex_id": 908562, "centroid_lon": -69.94679617055121, "centroid_lat": 46.822363801286045, "occurrences_today": 3, "datetimes_today": "2026-06-19 00:01:38, 2026-06-19 00:16:36, 2026-06-19 00:31:15", "cumulative_total": 27.0 }, "geometry": { "type": "Polygon", "coordinates": [ [ [ -69.947282282344105, 46.81718841956166 ], [ -69.953568508505001, 46.820064913304272 ], [ -69.953082951167559, 46.825240342673666 ], [ -69.94630992424257, 46.827539174431536 ], [ -69.940023278165199, 46.824662264023203 ], [ -69.940510078882795, 46.819486938588568 ], [ -69.947282282344105, 46.81718841956166 ] ] ] } },
{ "type": "Feature", "properties": { "hex_id": 908563, "centroid_lon": -69.945337027892108, "centroid_lat": 46.837889894980336, "occurrences_today": 3, "datetimes_today": "2026-06-19 00:01:38, 2026-06-19 00:16:36, 2026-06-19 00:31:15", "cumulative_total": 27.0 }, "geometry": { "type": "Polygon", "coordinates": [ [ [ -69.945823543371716, 46.832714538996761 ], [ -69.952111433339809, 46.835591175701936 ], [ -69.951625472756589, 46.840766579358046 ], [ -69.944850377757248, 46.84306524238086 ], [ -69.938562067571326, 46.840188188784879 ], [ -69.939049272556019, 46.835012889122751 ], [ -69.945823543371716, 46.832714538996761 ] ] ] } },
{ "type": "Feature", "properties": { "hex_id": 908564, "centroid_lon": -69.943876673335367, "centroid_lat": 46.853415911427383, "occurrences_today": 3, "datetimes_today": "2026-06-19 00:01:38, 2026-06-19 00:16:36, 2026-06-19 00:31:15", "cumulative_total": 27.0 }, "geometry": { "type": "Polygon", "coordinates": [ [ [ -69.944363592920524, 46.848240581197011 ], [ -69.950653148018958, 46.851117360947384 ], [ -69.950166783771508, 46.856292738877833 ], [ -69.943389618955194, 46.858591233070577 ], [ -69.937099643337405, 46.855714036204169 ], [ -69.937587253008658, 46.850538762326984 ], [ -69.944363592920524, 46.848240581197011 ] ] ] } },
{ "type": "Feature", "properties": { "hex_id": 908565, "centroid_lon": -69.942415105623198, "centroid_lat": 46.868941850589977, "occurrences_today": 3, "datetimes_today": "2026-06-19 00:01:38, 2026-06-19 00:16:36, 2026-06-19 00:31:15", "cumulative_total": 27.0 }, "geometry": { "type": "Polygon", "coordinates": [ [ [ -69.942902429733351, 46.863766546125234 ], [ -69.949193651286521, 46.866643469003471 ], [ -69.948706882955804, 46.871818821195887 ], [ -69.941927646578065, 46.874117146463405 ], [ -69.935636004203801, 46.871239806243757 ], [ -69.936124018981687, 46.866064558163934 ], [ -69.942902429733351, 46.863766546125234 ] ] ] } },
{ "type": "Feature", "properties": { "hex_id": 908566, "centroid_lon": -69.94095232349602, "centroid_lat": 46.884467712430812, "occurrences_today": 3, "datetimes_today": "2026-06-19 00:01:38, 2026-06-19 00:16:36, 2026-06-19 00:31:15", "cumulative_total": 27.0 }, "geometry": { "type": "Polygon", "coordinates": [ [ [ -69.941440052551258, 46.879292433744133 ], [ -69.947732941884794, 46.882169499833047 ], [ -69.947245769051179, 46.887344826275005 ], [ -69.940464459365657, 46.889642982522055 ], [ -69.934171148909044, 46.886765498866218 ], [ -69.934659569214261, 46.88159027659627 ], [ -69.941440052551258, 46.879292433744133 ] ] ] } },
{ "type": "Feature", "properties": { "hex_id": 909172, "centroid_lon": -69.940996744937848, "centroid_lat": 46.814311604565873, "occurrences_today": 3, "datetimes_today": "2026-06-19 00:01:38, 2026-06-19 00:16:36, 2026-06-19 00:31:15", "cumulative_total": 27.0 }, "geometry": { "type": "Polygon", "coordinates": [ [ [ -69.9414832763768, 46.809136261956461 ], [ -69.947768259667754, 46.812013029259759 ], [ -69.947282282344105, 46.81718841956166 ], [ -69.940510078882795, 46.819486938588568 ], [ -69.934224676115861, 46.816609754688017 ], [ -69.934711896239719, 46.81143446842362 ], [ -69.9414832763768, 46.809136261956461 ] ] ] } },
{ "type": "Feature", "properties": { "hex_id": 909173, "centroid_lon": -69.93953634273845, "centroid_lat": 46.8298375808684, "occurrences_today": 3, "datetimes_today": "2026-06-19 00:01:38, 2026-06-19 00:16:36, 2026-06-19 00:31:15", "cumulative_total": 27.0 }, "geometry": { "type": "Polygon", "coordinates": [ [ [ -69.940023278165199, 46.824662264023203 ], [ -69.94630992424257, 46.827539174431536 ], [ -69.945823543371716, 46.832714538996761 ], [ -69.939049272556019, 46.835012889122751 ], [ -69.932762206701739, 46.832135561892123 ], [ -69.933249831393468, 46.826960301423654 ], [ -69.940023278165199, 46.824662264023203 ] ] ] } },
{ "type": "Feature", "properties": { "hex_id": 909174, "centroid_lon": -69.938074727737742, "centroid_lat": 46.845363479853418, "occurrences_today": 3, "datetimes_today": "2026-06-19 00:01:38, 2026-06-19 00:16:36, 2026-06-19 00:31:15", "cumulative_total": 27.0 }, "geometry": { "type": "Polygon", "coordinates": [ [ [ -69.938562067571326, 46.840188188784879 ], [ -69.944850377757248, 46.84306524238086 ], [ -69.944363592920524, 46.848240581197011 ], [ -69.937587253008658, 46.850538762326984 ], [ -69.931298522744711, 46.847661291683501 ], [ -69.931786552424015, 46.842486057023415 ], [ -69.938562067571326, 46.840188188784879 ] ] ] } },
{ "type": "Feature", "properties": { "hex_id": 909175, "centroid_lon": -69.936611898677313, "centroid_lat": 46.860889301483617, "occurrences_today": 3, "datetimes_today": "2026-06-19 00:01:38, 2026-06-19 00:16:36, 2026-06-19 00:31:15", "cumulative_total": 27.0 }, "geometry": { "type": "Polygon", "coordinates": [ [ [ -69.937099643337405, 46.855714036204169 ], [ -69.943389618955194, 46.858591233070577 ], [ -69.942902429733351, 46.863766546125234 ], [ -69.936124018981687, 46.866064558163934 ], [ -69.929833622984518, 46.863186944024733 ], [ -69.930322058071695, 46.858011735185542 ], [ -69.937099643337405, 46.855714036204169 ] ] ] } },
{ "type": "Feature", "properties": { "hex_id": 909176, "centroid_lon": -69.935147854296915, "centroid_lat": 46.876415045721643, "occurrences_today": 3, "datetimes_today": "2026-06-19 00:01:38, 2026-06-19 00:16:36, 2026-06-19 00:31:15", "cumulative_total": 27.0 }, "geometry": { "type": "Polygon", "coordinates": [ [ [ -69.935636004203801, 46.871239806243757 ], [ -69.941927646578065, 46.874117146463405 ], [ -69.941440052551258, 46.879292433744133 ], [ -69.934659569214261, 46.88159027659627 ], [ -69.928367506159063, 46.878712518878338 ], [ -69.928856347075012, 46.87353733587252 ], [ -69.935636004203801, 46.871239806243757 ] ] ] } },
{ "type": "Feature", "properties": { "hex_id": 909782, "centroid_lon": -69.935198981600763, "centroid_lat": 46.806259173563333, "occurrences_today": 3, "datetimes_today": "2026-06-19 00:01:38, 2026-06-19 00:16:36, 2026-06-19 00:31:15", "cumulative_total": 27.0 }, "geometry": { "type": "Polygon", "coordinates": [ [ [ -69.935685932245548, 46.801083870108577 ], [ -69.941969673246206, 46.803960910761759 ], [ -69.9414832763768, 46.809136261956461 ], [ -69.934711896239719, 46.81143446842362 ], [ -69.92842773620319, 46.808557011241653 ], [ -69.928915375293101, 46.803381764187094 ], [ -69.935685932245548, 46.801083870108577 ] ] ] } },
{ "type": "Feature", "properties": { "hex_id": 909783, "centroid_lon": -69.933737321182633, "centroid_lat": 46.821785032355166, "occurrences_today": 3, "datetimes_today": "2026-06-19 00:01:38, 2026-06-19 00:16:36, 2026-06-19 00:31:15", "cumulative_total": 27.0 }, "geometry": { "type": "Polygon", "coordinates": [ [ [ -69.934224676115861, 46.816609754688017 ], [ -69.940510078882795, 46.819486938588568 ], [ -69.940023278165199, 46.824662264023203 ], [ -69.933249831393468, 46.826960301423654 ], [ -69.926964009290174, 46.824082700769338 ], [ -69.927452053248359, 46.818907479534154 ], [ -69.934224676115861, 46.816609754688017 ] ] ] } },
{ "type": "Feature", "properties": { "hex_id": 909784, "centroid_lon": -69.932274447060806, "centroid_lat": 46.837310813759188, "occurrences_today": 3, "datetimes_today": "2026-06-19 00:01:38, 2026-06-19 00:16:36, 2026-06-19 00:31:15", "cumulative_total": 27.0 }, "geometry": { "type": "Polygon", "coordinates": [ [ [ -69.932762206701739, 46.832135561892123 ], [ -69.939049272556019, 46.835012889122751 ], [ -69.938562067571326, 46.840188188784879 ], [ -69.931786552424015, 46.842486057023415 ], [ -69.925499066932673, 46.83960831281393 ], [ -69.925987516179021, 46.834433117410626 ], [ -69.932762206701739, 46.832135561892123 ] ] ] } },
{ "type": "Feature", "properties": { "hex_id": 909785, "centroid_lon": -69.930810357976185, "centroid_lat": 46.852836517737998, "occurrences_today": 3, "datetimes_today": "2026-06-19 00:01:38, 2026-06-19 00:16:36, 2026-06-19 00:31:15", "cumulative_total": 27.0 }, "geometry": { "type": "Polygon", "coordinates": [ [ [ -69.931298522744711, 46.847661291683501 ], [ -69.937587253008658, 46.850538762326984 ], [ -69.937099643337405, 46.855714036204169 ], [ -69.930322058071695, 46.858011735185542 ], [ -69.924032907869801, 46.85513384733791 ], [ -69.924521762824824, 46.849958677778979 ], [ -69.931298522744711, 46.847661291683501 ] ] ] } },
{ "type": "Feature", "properties": { "hex_id": 909786, "centroid_lon": -69.929345052667898, "centroid_lat": 46.868362144254185, "occurrences_today": 3, "datetimes_today": "2026-06-19 00:01:38, 2026-06-19 00:16:36, 2026-06-19 00:31:15", "cumulative_total": 27.0 }, "geometry": { "type": "Polygon", "coordinates": [ [ [ -69.929833622984518, 46.863186944024733 ], [ -69.936124018981687, 46.866064558163934 ], [ -69.935636004203801, 46.871239806243757 ], [ -69.928856347075012, 46.87353733587252 ], [ -69.922565530838767, 46.870659304303764 ], [ -69.92305479192359, 46.865484160601703 ], [ -69.929833622984518, 46.863186944024733 ] ] ] } },
{ "type": "Feature", "properties": { "hex_id": 909787, "centroid_lon": -69.927878529873212, "centroid_lat": 46.883887693270268, "occurrences_today": 3, "datetimes_today": "2026-06-19 00:01:38, 2026-06-19 00:16:36, 2026-06-19 00:31:15", "cumulative_total": 27.0 }, "geometry": { "type": "Polygon", "coordinates": [ [ [ -69.928367506159063, 46.878712518878338 ], [ -69.934659569214261, 46.88159027659627 ], [ -69.934171148909044, 46.886765498866218 ], [ -69.92738941817062, 46.889062859046895 ], [ -69.921096934575004, 46.886184683673875 ], [ -69.921586602211349, 46.881009565841246 ], [ -69.928367506159063, 46.878712518878338 ] ] ] } },
{ "type": "Feature", "properties": { "hex_id": 910392, "centroid_lon": -69.929402879520126, "centroid_lat": 46.79820650852885, "occurrences_today": 3, "datetimes_today": "2026-06-19 00:01:38, 2026-06-19 00:16:36, 2026-06-19 00:31:15", "cumulative_total": 27.0 }, "geometry": { "type": "Polygon", "coordinates": [ [ [ -69.929890248930846, 46.793031244268327 ], [ -69.936172748220599, 46.795908558060674 ], [ -69.935685932245548, 46.801083870108577 ], [ -69.928915375293101, 46.803381764187094 ], [ -69.922632457407275, 46.800504033934452 ], [ -69.923120515023413, 46.795328826129307 ], [ -69.929890248930846, 46.793031244268327 ] ] ] } },
{ "type": "Feature", "properties": { "hex_id": 910393, "centroid_lon": -69.927939962203808, "centroid_lat": 46.813732249691128, "occurrences_today": 3, "datetimes_today": "2026-06-19 00:01:38, 2026-06-19 00:16:36, 2026-06-19 00:31:15", "cumulative_total": 27.0 }, "geometry": { "type": "Polygon", "coordinates": [ [ [ -69.92842773620319, 46.808557011241653 ], [ -69.934711896239719, 46.81143446842362 ], [ -69.934224676115861, 46.816609754688017 ], [ -69.927452053248359, 46.818907479534154 ], [ -69.921167474315695, 46.816029605666976 ], [ -69.92165593710007, 46.810854423704669 ], [ -69.92842773620319, 46.808557011241653 ] ] ] } },
{ "type": "Feature", "properties": { "hex_id": 910394, "centroid_lon": -69.926475830282627, "centroid_lat": 46.829257913395288, "occurrences_today": 3, "datetimes_today": "2026-06-19 00:01:38, 2026-06-19 00:16:36, 2026-06-19 00:31:15", "cumulative_total": 27.0 }, "geometry": { "type": "Polygon", "coordinates": [ [ [ -69.926964009290174, 46.824082700769338 ], [ -69.933249831393468, 46.826960301423654 ], [ -69.932762206701739, 46.832135561892123 ], [ -69.925987516179021, 46.834433117410626 ], [ -69.919701274879316, 46.831555099846014 ], [ -69.920190143252029, 46.826379943739042 ], [ -69.926964009290174, 46.824082700769338 ] ] ] } },
{ "type": "Feature", "properties": { "hex_id": 910395, "centroid_lon": -69.925010482496859, "centroid_lat": 46.844783499603842, "occurrences_today": 3, "datetimes_today": "2026-06-19 00:01:38, 2026-06-19 00:16:36, 2026-06-19 00:31:15", "cumulative_total": 27.0 }, "geometry": { "type": "Polygon", "coordinates": [ [ [ -69.925499066932673, 46.83960831281393 ], [ -69.931786552424015, 46.842486057023415 ], [ -69.931298522744711, 46.847661291683501 ], [ -69.924521762824824, 46.849958677778979 ], [ -69.918233857836569, 46.847080516433969 ], [ -69.918723132218361, 46.841905386194867 ], [ -69.925499066932673, 46.83960831281393 ] ] ] } },
{ "type": "Feature", "properties": { "hex_id": 910396, "centroid_lon": -69.923543917584993, "centroid_lat": 46.860309008279287, "occurrences_today": 3, "datetimes_today": "2026-06-19 00:01:38, 2026-06-19 00:16:36, 2026-06-19 00:31:15", "cumulative_total": 27.0 }, "geometry": { "type": "Polygon", "coordinates": [ [ [ -69.924032907869801, 46.85513384733791 ], [ -69.930322058071695, 46.858011735185542 ], [ -69.929833622984518, 46.863186944024733 ], [ -69.92305479192359, 46.865484160601703 ], [ -69.916765221924052, 46.862605855393234 ], [ -69.917254902736261, 46.857430751034542 ], [ -69.924032907869801, 46.85513384733791 ] ] ] } },
{ "type": "Feature", "properties": { "hex_id": 910397, "centroid_lon": -69.922076134283643, "centroid_lat": 46.875834439384072, "occurrences_today": 3, "datetimes_today": "2026-06-19 00:01:38, 2026-06-19 00:16:36, 2026-06-19 00:31:15", "cumulative_total": 27.0 }, "geometry": { "type": "Polygon", "coordinates": [ [ [ -69.922565530838767, 46.870659304303764 ], [ -69.928856347075012, 46.87353733587252 ], [ -69.928367506159063, 46.878712518878338 ], [ -69.921586602211349, 46.881009565841246 ], [ -69.91529536587656, 46.878131116686134 ], [ -69.915785453541119, 46.87295603822043 ], [ -69.922565530838767, 46.870659304303764 ] ] ] } },
{ "type": "Feature", "properties": { "hex_id": 910398, "centroid_lon": -69.920607131327628, "centroid_lat": 46.891359792880586, "occurrences_today": 3, "datetimes_today": "2026-06-19 00:01:38, 2026-06-19 00:16:36, 2026-06-19 00:31:15", "cumulative_total": 27.0 }, "geometry": { "type": "Polygon", "coordinates": [ [ [ -69.921096934575004, 46.886184683673875 ], [ -69.92738941817062, 46.889062859046895 ], [ -69.926900171004391, 46.894238016206842 ], [ -69.920117192422325, 46.896534893459979 ], [ -69.913824288426994, 46.893656300274984 ], [ -69.914314783366464, 46.888481247714807 ], [ -69.921096934575004, 46.886184683673875 ] ] ] } },
{ "type": "Feature", "properties": { "hex_id": 911004, "centroid_lon": -69.920678876381913, "centroid_lat": 46.821204779012241, "occurrences_today": 3, "datetimes_today": "2026-06-19 00:01:38, 2026-06-19 00:16:36, 2026-06-19 00:31:15", "cumulative_total": 27.0 }, "geometry": { "type": "Polygon", "coordinates": [ [ [ -69.921167474315695, 46.816029605666976 ], [ -69.927452053248359, 46.818907479534154 ], [ -69.926964009290174, 46.824082700769338 ], [ -69.920190143252029, 46.826379943739042 ], [ -69.913905145563234, 46.823501653030185 ], [ -69.914394432622004, 46.818326536259107 ], [ -69.921167474315695, 46.816029605666976 ] ] ] } },
{ "type": "Feature", "properties": { "hex_id": 911005, "centroid_lon": -69.919212271217006, "centroid_lat": 46.836730247331758, "occurrences_today": 3, "datetimes_today": "2026-06-19 00:01:38, 2026-06-19 00:16:36, 2026-06-19 00:31:15", "cumulative_total": 27.0 }, "geometry": { "type": "Polygon", "coordinates": [ [ [ -69.919701274879316, 46.831555099846014 ], [ -69.925987516179021, 46.834433117410626 ], [ -69.925499066932673, 46.83960831281393 ], [ -69.918723132218361, 46.841905386194867 ], [ -69.912436471862435, 46.839026951563426 ], [ -69.91292616523026, 46.833851860683758 ], [ -69.919701274879316, 46.831555099846014 ] ] ] } },
{ "type": "Feature", "properties": { "hex_id": 911006, "centroid_lon": -69.91774444802482, "centroid_lat": 46.852255638047659, "occurrences_today": 3, "datetimes_today": "2026-06-19 00:01:38, 2026-06-19 00:16:36, 2026-06-19 00:31:15", "cumulative_total": 27.0 }, "geometry": { "type": "Polygon", "coordinates": [ [ [ -69.918233857836569, 46.847080516433969 ], [ -69.924521762824824, 46.849958677778979 ], [ -69.924032907869801, 46.85513384733791 ], [ -69.917254902736261, 46.857430751034542 ], [ -69.910966578391509, 46.854552172397419 ], [ -69.911456678489927, 46.849377107421681 ], [ -69.918233857836569, 46.847080516433969 ] ] ] } },
{ "type": "Feature", "properties": { "hex_id": 911007, "centroid_lon": -69.916275405541313, "centroid_lat": 46.867780951122327, "occurrences_today": 3, "datetimes_today": "2026-06-19 00:01:38, 2026-06-19 00:16:36, 2026-06-19 00:31:15", "cumulative_total": 27.0 }, "geometry": { "type": "Polygon", "coordinates": [ [ [ -69.916765221924052, 46.862605855393234 ], [ -69.92305479192359, 46.865484160601703 ], [ -69.922565530838767, 46.870659304303764 ], [ -69.915785453541119, 46.87295603822043 ], [ -69.909495463884568, 46.870077315494413 ], [ -69.909985971135768, 46.864902276435188 ], [ -69.916765221924052, 46.862605855393234 ] ] ] } },
{ "type": "Feature", "properties": { "hex_id": 911008, "centroid_lon": -69.914805142500668, "centroid_lat": 46.88330618651807, "occurrences_today": 3, "datetimes_today": "2026-06-19 00:01:38, 2026-06-19 00:16:36, 2026-06-19 00:31:15", "cumulative_total": 27.0 }, "geometry": { "type": "Polygon", "coordinates": [ [ [ -69.91529536587656, 46.878131116686134 ], [ -69.921586602211349, 46.881009565841246 ], [ -69.921096934575004, 46.886184683673875 ], [ -69.914314783366464, 46.888481247714807 ], [ -69.908023127073932, 46.885602380816586 ], [ -69.908514041900659, 46.880427367686508 ], [ -69.91529536587656, 46.878131116686134 ] ] ] } },
{ "type": "Feature", "properties": { "hex_id": 911009, "centroid_lon": -69.913333657635192, "centroid_lat": 46.898831344197177, "occurrences_today": 3, "datetimes_today": "2026-06-19 00:01:38, 2026-06-19 00:16:36, 2026-06-19 00:31:15", "cumulative_total": 27.0 }, "geometry": { "type": "Polygon", "coordinates": [ [ [ -69.913824288426994, 46.893656300274984 ], [ -69.920117192422325, 46.896534893459979 ], [ -69.91962711781207, 46.901709985410641 ], [ -69.912842890944034, 46.904006379479981 ], [ -69.906549566690032, 46.901127368326158 ], [ -69.907040889515699, 46.895952381137818 ], [ -69.913824288426994, 46.893656300274984 ] ] ] } },
{ "type": "Feature", "properties": { "hex_id": 911614, "centroid_lon": -69.914883584338, "centroid_lat": 46.813151410860378, "occurrences_today": 3, "datetimes_today": "2026-06-19 00:01:38, 2026-06-19 00:16:36, 2026-06-19 00:31:15", "cumulative_total": 27.0 }, "geometry": { "type": "Polygon", "coordinates": [ [ [ -69.915372600757962, 46.807976276835348 ], [ -69.92165593710007, 46.810854423704669 ], [ -69.921167474315695, 46.816029605666976 ], [ -69.914394432622004, 46.818326536259107 ], [ -69.90811067796372, 46.815447972616745 ], [ -69.908600383268563, 46.810272895221082 ], [ -69.915372600757962, 46.807976276835348 ] ] ] } },
{ "type": "Feature", "properties": { "hex_id": 911615, "centroid_lon": -69.913415723114909, "centroid_lat": 46.828676761172197, "occurrences_today": 3, "datetimes_today": "2026-06-19 00:01:38, 2026-06-19 00:16:36, 2026-06-19 00:31:15", "cumulative_total": 27.0 }, "geometry": { "type": "Polygon", "coordinates": [ [ [ -69.913905145563234, 46.823501653030185 ], [ -69.920190143252029, 46.826379943739042 ], [ -69.919701274879316, 46.831555099846014 ], [ -69.91292616523026, 46.833851860683758 ], [ -69.906640748925611, 46.830973152976725 ], [ -69.907130860839075, 46.82579810149597 ], [ -69.913905145563234, 46.823501653030185 ] ] ] } },
{ "type": "Feature", "properties": { "hex_id": 911616, "centroid_lon": -69.911946642964608, "centroid_lat": 46.844202033809879, "occurrences_today": 3, "datetimes_today": "2026-06-19 00:01:38, 2026-06-19 00:16:36, 2026-06-19 00:31:15", "cumulative_total": 27.0 }, "geometry": { "type": "Polygon", "coordinates": [ [ [ -69.912436471862435, 46.839026951563426 ], [ -69.918723132218361, 46.841905386194867 ], [ -69.918233857836569, 46.847080516433969 ], [ -69.911456678489927, 46.849377107421681 ], [ -69.905169599218269, 46.84649825556685 ], [ -69.905660118162118, 46.841323230013572 ], [ -69.912436471862435, 46.839026951563426 ] ] ] } },
{ "type": "Feature", "properties": { "hex_id": 911617, "centroid_lon": -69.910476342622417, "centroid_lat": 46.859727228735721, "occurrences_today": 3, "datetimes_today": "2026-06-19 00:01:38, 2026-06-19 00:16:36, 2026-06-19 00:31:15", "cumulative_total": 27.0 }, "geometry": { "type": "Polygon", "coordinates": [ [ [ -69.910966578391509, 46.854552172397419 ], [ -69.917254902736261, 46.857430751034542 ], [ -69.916765221924052, 46.862605855393234 ], [ -69.909985971135768, 46.864902276435188 ], [ -69.903697227575179, 46.862023280349298 ], [ -69.904188153971774, 46.856848280736124 ], [ -69.910966578391509, 46.854552172397419 ] ] ] } },
{ "type": "Feature", "properties": { "hex_id": 911618, "centroid_lon": -69.909004820821878, "centroid_lat": 46.875252345911974, "occurrences_today": 3, "datetimes_today": "2026-06-19 00:01:38, 2026-06-19 00:16:36, 2026-06-19 00:31:15", "cumulative_total": 27.0 }, "geometry": { "type": "Polygon", "coordinates": [ [ [ -69.909495463884568, 46.870077315494413 ], [ -69.915785453541119, 46.87295603822043 ], [ -69.91529536587656, 46.878131116686134 ], [ -69.908514041900659, 46.880427367686508 ], [ -69.902223632727981, 46.877548227286191 ], [ -69.902714967000321, 46.872373253625746 ], [ -69.909495463884568, 46.870077315494413 ] ] ] } },
{ "type": "Feature", "properties": { "hex_id": 911619, "centroid_lon": -69.907532076294629, "centroid_lat": 46.890777385300822, "occurrences_today": 3, "datetimes_today": "2026-06-19 00:01:38, 2026-06-19 00:16:36, 2026-06-19 00:31:15", "cumulative_total": 27.0 }, "geometry": { "type": "Polygon", "coordinates": [ [ [ -69.908023127073932, 46.885602380816586 ], [ -69.914314783366464, 46.888481247714807 ], [ -69.913824288426994, 46.893656300274984 ], [ -69.907040889515699, 46.895952381137818 ], [ -69.900748813406494, 46.893073096339648 ], [ -69.901240555978177, 46.887898148644553 ], [ -69.908023127073932, 46.885602380816586 ] ] ] } },
{ "type": "Feature", "properties": { "hex_id": 912226, "centroid_lon": -69.906150501382257, "centroid_lat": 46.836148195816406, "occurrences_today": 3, "datetimes_today": "2026-06-19 00:01:38, 2026-06-19 00:16:36, 2026-06-19 00:31:15", "cumulative_total": 27.0 }, "geometry": { "type": "Polygon", "coordinates": [ [ [ -69.906640748925611, 46.830973152976725 ], [ -69.91292616523026, 46.833851860683758 ], [ -69.912436471862435, 46.839026951563426 ], [ -69.905660118162118, 46.841323230013572 ], [ -69.899374283382159, 46.838444105151929 ], [ -69.899865220730945, 46.833269119060617 ], [ -69.906640748925611, 46.830973152976725 ] ] ] } },
{ "type": "Feature", "properties": { "hex_id": 912227, "centroid_lon": -69.9046789445038, "centroid_lat": 46.851673272474834, "occurrences_today": 3, "datetimes_today": "2026-06-19 00:01:38, 2026-06-19 00:16:36, 2026-06-19 00:31:15", "cumulative_total": 27.0 }, "geometry": { "type": "Polygon", "coordinates": [ [ [ -69.905169599218269, 46.84649825556685 ], [ -69.911456678489927, 46.849377107421681 ], [ -69.910966578391509, 46.854552172397419 ], [ -69.904188153971774, 46.856848280736124 ], [ -69.897900655925142, 46.853969011501334 ], [ -69.898392001026238, 46.848794051373702 ], [ -69.905169599218269, 46.84649825556685 ] ] ] } },
{ "type": "Feature", "properties": { "hex_id": 912228, "centroid_lon": -69.903206165267036, "centroid_lat": 46.867198271312972, "occurrences_today": 3, "datetimes_today": "2026-06-19 00:01:38, 2026-06-19 00:16:36, 2026-06-19 00:31:15", "cumulative_total": 27.0 }, "geometry": { "type": "Polygon", "coordinates": [ [ [ -69.903697227575179, 46.862023280349298 ], [ -69.909985971135768, 46.864902276435188 ], [ -69.909495463884568, 46.870077315494413 ], [ -69.902714967000321, 46.872373253625746 ], [ -69.896425804364881, 46.869493839934435 ], [ -69.896917557641515, 46.864318905783115 ], [ -69.903697227575179, 46.862023280349298 ] ] ] } },
{ "type": "Feature", "properties": { "hex_id": 912229, "centroid_lon": -69.901732162402965, "centroid_lat": 46.882723192292929, "occurrences_today": 3, "datetimes_today": "2026-06-19 00:01:38, 2026-06-19 00:16:36, 2026-06-19 00:31:15", "cumulative_total": 27.0 }, "geometry": { "type": "Polygon", "coordinates": [ [ [ -69.902223632727981, 46.877548227286191 ], [ -69.908514041900659, 46.880427367686508 ], [ -69.908023127073932, 46.885602380816586 ], [ -69.901240555978177, 46.887898148644553 ], [ -69.894949727430557, 46.885018590413218 ], [ -69.895441889306525, 46.8798436822509 ], [ -69.902223632727981, 46.877548227286191 ] ] ] } },
{ "type": "Feature", "properties": { "hex_id": 912230, "centroid_lon": -69.900256934640808, "centroid_lat": 46.898248035376817, "occurrences_today": 3, "datetimes_today": "2026-06-19 00:01:38, 2026-06-19 00:16:36, 2026-06-19 00:31:15", "cumulative_total": 27.0 }, "geometry": { "type": "Polygon", "coordinates": [ [ [ -69.900748813406494, 46.893073096339648 ], [ -69.907040889515699, 46.895952381137818 ], [ -69.906549566690032, 46.901127368326158 ], [ -69.899764919633924, 46.903422965754622 ], [ -69.893472423849474, 46.900543262899681 ], [ -69.893964994749211, 46.895368380739029 ], [ -69.900748813406494, 46.893073096339648 ] ] ] } },
{ "type": "Feature", "properties": { "hex_id": 912835, "centroid_lon": -69.901827612360265, "centroid_lat": 46.8125690881919, "occurrences_today": 3, "datetimes_today": "2026-06-19 00:01:38, 2026-06-19 00:16:36, 2026-06-19 00:31:15", "cumulative_total": 27.0 }, "geometry": { "type": "Polygon", "coordinates": [ [ [ -69.902317871060632, 46.807394058855877 ], [ -69.908600383268563, 46.810272895221082 ], [ -69.90811067796372, 46.815447972616745 ], [ -69.901337218023997, 46.817744108881783 ], [ -69.895054288079862, 46.814864855655827 ], [ -69.8955452357648, 46.809689883091345 ], [ -69.902317871060632, 46.807394058855877 ] ] ] } },
{ "type": "Feature", "properties": { "hex_id": 912836, "centroid_lon": -69.900356022256219, "centroid_lat": 46.828094124317566, "occurrences_today": 3, "datetimes_today": "2026-06-19 00:01:38, 2026-06-19 00:16:36, 2026-06-19 00:31:15", "cumulative_total": 27.0 }, "geometry": { "type": "Polygon", "coordinates": [ [ [ -69.900846688004933, 46.822919120924148 ], [ -69.907130860839075, 46.82579810149597 ], [ -69.906640748925611, 46.830973152976725 ], [ -69.899865220730945, 46.833269119060617 ], [ -69.893580629861589, 46.830389721402902 ], [ -69.894071985175202, 46.82521477481302 ], [ -69.900846688004933, 46.822919120924148 ] ] ] } },
{ "type": "Feature", "properties": { "hex_id": 912837, "centroid_lon": -69.898883210162921, "centroid_lat": 46.843619082590088, "occurrences_today": 3, "datetimes_today": "2026-06-19 00:01:38, 2026-06-19 00:16:36, 2026-06-19 00:31:15", "cumulative_total": 27.0 }, "geometry": { "type": "Polygon", "coordinates": [ [ [ -69.899374283382159, 46.838444105151929 ], [ -69.905660118162118, 46.841323230013572 ], [ -69.905169599218269, 46.84649825556685 ], [ -69.898392001026238, 46.848794051373702 ], [ -69.892105747911828, 46.845914509200888 ], [ -69.892597511276904, 46.840739588598247 ], [ -69.899374283382159, 46.838444105151929 ] ] ] } },
{ "type": "Feature", "properties": { "hex_id": 912838, "centroid_lon": -69.897409174812566, "centroid_lat": 46.859143962971615, "occurrences_today": 3, "datetimes_today": "2026-06-19 00:01:38, 2026-06-19 00:16:36, 2026-06-19 00:31:15", "cumulative_total": 27.0 }, "geometry": { "type": "Polygon", "coordinates": [ [ [ -69.897900655925142, 46.853969011501334 ], [ -69.904188153971774, 46.856848280736124 ], [ -69.903697227575179, 46.862023280349298 ], [ -69.896917557641515, 46.864318905783115 ], [ -69.890629640960938, 46.861439219011785 ], [ -69.891121812800918, 46.856264324409068 ], [ -69.897900655925142, 46.853969011501334 ] ] ] } },
{ "type": "Feature", "properties": { "hex_id": 912839, "centroid_lon": -69.895933914935583, "centroid_lat": 46.874668765424161, "occurrences_today": 3, "datetimes_today": "2026-06-19 00:01:38, 2026-06-19 00:16:36, 2026-06-19 00:31:15", "cumulative_total": 27.0 }, "geometry": { "type": "Polygon", "coordinates": [ [ [ -69.896425804364881, 46.869493839934435 ], [ -69.902714967000321, 46.872373253625746 ], [ -69.902223632727981, 46.877548227286191 ], [ -69.895441889306525, 46.8798436822509 ], [ -69.889152307737447, 46.876963850797473 ], [ -69.889644888476354, 46.871788982207406 ], [ -69.896425804364881, 46.869493839934435 ] ] ] } },
{ "type": "Feature", "properties": { "hex_id": 912840, "centroid_lon": -69.894457429260498, "centroid_lat": 46.890193489909727, "occurrences_today": 3, "datetimes_today": "2026-06-19 00:01:38, 2026-06-19 00:16:36, 2026-06-19 00:31:15", "cumulative_total": 27.0 }, "geometry": { "type": "Polygon", "coordinates": [ [ [ -69.894949727430557, 46.885018590413218 ], [ -69.901240555978177, 46.887898148644553 ], [ -69.900748813406494, 46.893073096339648 ], [ -69.893964994749211, 46.895368380739029 ], [ -69.887673746968062, 46.892488404519895 ], [ -69.888166737030531, 46.887313561955153 ], [ -69.894949727430557, 46.885018590413218 ] ] ] } },
{ "type": "Feature", "properties": { "hex_id": 913446, "centroid_lon": -69.894563204565642, "centroid_lat": 46.820039819563519, "occurrences_today": 3, "datetimes_today": "2026-06-19 00:01:38, 2026-06-19 00:16:36, 2026-06-19 00:31:15", "cumulative_total": 27.0 }, "geometry": { "type": "Polygon", "coordinates": [ [ [ -69.895054288079862, 46.814864855655827 ], [ -69.901337218023997, 46.817744108881783 ], [ -69.900846688004933, 46.822919120924148 ], [ -69.894071985175202, 46.82521477481302 ], [ -69.887788637635595, 46.822335104569937 ], [ -69.888280410474266, 46.817160197520877 ], [ -69.895054288079862, 46.814864855655827 ] ] ] } },
{ "type": "Feature", "properties": { "hex_id": 913447, "centroid_lon": -69.893089138577821, "centroid_lat": 46.835564659331794, "occurrences_today": 3, "datetimes_today": "2026-06-19 00:01:38, 2026-06-19 00:16:36, 2026-06-19 00:31:15", "cumulative_total": 27.0 }, "geometry": { "type": "Polygon", "coordinates": [ [ [ -69.893580629861589, 46.830389721402902 ], [ -69.899865220730945, 46.833269119060617 ], [ -69.899374283382159, 46.838444105151929 ], [ -69.892597511276904, 46.840739588598247 ], [ -69.886312502513235, 46.83785977369822 ], [ -69.88680468370211, 46.832684892660026 ], [ -69.893580629861589, 46.830389721402902 ] ] ] } },
{ "type": "Feature", "properties": { "hex_id": 913448, "centroid_lon": -69.891613848435512, "centroid_lat": 46.851089421138298, "occurrences_today": 3, "datetimes_today": "2026-06-19 00:01:38, 2026-06-19 00:16:36, 2026-06-19 00:31:15", "cumulative_total": 27.0 }, "geometry": { "type": "Polygon", "coordinates": [ [ [ -69.892105747911828, 46.845914509200888 ], [ -69.898392001026238, 46.848794051373702 ], [ -69.897900655925142, 46.853969011501334 ], [ -69.891121812800918, 46.856264324409068 ], [ -69.884835141493127, 46.853384364768601 ], [ -69.885327731455845, 46.848209509753943 ], [ -69.892105747911828, 46.845914509200888 ] ] ] } },
{ "type": "Feature", "properties": { "hex_id": 913449, "centroid_lon": -69.890137332868463, "centroid_lat": 46.866614104945022, "occurrences_today": 3, "datetimes_today": "2026-06-19 00:01:38, 2026-06-19 00:16:36, 2026-06-19 00:31:15", "cumulative_total": 27.0 }, "geometry": { "type": "Polygon", "coordinates": [ [ [ -69.890629640960938, 46.861439219011785 ], [ -69.896917557641515, 46.864318905783115 ], [ -69.896425804364881, 46.869493839934435 ], [ -69.889644888476354, 46.871788982207406 ], [ -69.883356553303145, 46.868908877742911 ], [ -69.883849552463943, 46.863734048764506 ], [ -69.890629640960938, 46.861439219011785 ] ] ] } },
{ "type": "Feature", "properties": { "hex_id": 913450, "centroid_lon": -69.88865959060459, "centroid_lat": 46.882138710713875, "occurrences_today": 3, "datetimes_today": "2026-06-19 00:01:38, 2026-06-19 00:16:36, 2026-06-19 00:31:15", "cumulative_total": 27.0 }, "geometry": { "type": "Polygon", "coordinates": [ [ [ -69.889152307737447, 46.876963850797473 ], [ -69.895441889306525, 46.8798436822509 ], [ -69.894949727430557, 46.885018590413218 ], [ -69.888166737030531, 46.887313561955153 ], [ -69.881876736669355, 46.884433312582942 ], [ -69.882370145453081, 46.879258509653546 ], [ -69.889152307737447, 46.876963850797473 ] ] ] } },
{ "type": "Feature", "properties": { "hex_id": 913451, "centroid_lon": -69.887180620369932, "centroid_lat": 46.897663238406722, "occurrences_today": 3, "datetimes_today": "2026-06-19 00:01:38, 2026-06-19 00:16:36, 2026-06-19 00:31:15", "cumulative_total": 27.0 }, "geometry": { "type": "Polygon", "coordinates": [ [ [ -69.887673746968062, 46.892488404519895 ], [ -69.893964994749211, 46.895368380739029 ], [ -69.893472423849474, 46.900543262899681 ], [ -69.886687357188876, 46.902838063614197 ], [ -69.880395690315922, 46.899957669250512 ], [ -69.880889509148091, 46.89478289238285 ], [ -69.887673746968062, 46.892488404519895 ] ] ] } },
{ "type": "Feature", "properties": { "hex_id": 914057, "centroid_lon": -69.887296728727208, "centroid_lat": 46.827510002950127, "occurrences_today": 3, "datetimes_today": "2026-06-19 00:01:38, 2026-06-19 00:16:36, 2026-06-19 00:31:15", "cumulative_total": 27.0 }, "geometry": { "type": "Polygon", "coordinates": [ [ [ -69.887788637635595, 46.822335104569937 ], [ -69.894071985175202, 46.82521477481302 ], [ -69.893580629861589, 46.830389721402902 ], [ -69.88680468370211, 46.832684892660026 ], [ -69.880520918707987, 46.829804805243455 ], [ -69.88101351728082, 46.824629963809066 ], [ -69.887788637635595, 46.822335104569937 ] ] ] } },
{ "type": "Feature", "properties": { "hex_id": 914058, "centroid_lon": -69.885820185113502, "centroid_lat": 46.843034646063344, "occurrences_today": 3, "datetimes_today": "2026-06-19 00:01:38, 2026-06-19 00:16:36, 2026-06-19 00:31:15", "cumulative_total": 27.0 }, "geometry": { "type": "Polygon", "coordinates": [ [ [ -69.886312502513235, 46.83785977369822 ], [ -69.892597511276904, 46.840739588598247 ], [ -69.892105747911828, 46.845914509200888 ], [ -69.885327731455845, 46.848209509753943 ], [ -69.87904230493902, 46.845329277455122 ], [ -69.87953531258421, 46.840154462067886 ], [ -69.886312502513235, 46.83785977369822 ] ] ] } },
{ "type": "Feature", "properties": { "hex_id": 914059, "centroid_lon": -69.88434241517821, "centroid_lat": 46.85855921110592, "occurrences_today": 3, "datetimes_today": "2026-06-19 00:01:38, 2026-06-19 00:16:36, 2026-06-19 00:31:15", "cumulative_total": 27.0 }, "geometry": { "type": "Polygon", "coordinates": [ [ [ -69.884835141493127, 46.853384364768601 ], [ -69.891121812800918, 46.856264324409068 ], [ -69.890629640960938, 46.861439219011785 ], [ -69.883849552463943, 46.863734048764506 ], [ -69.877562463104169, 46.860853671499818 ], [ -69.878055880246194, 46.855678882172491 ], [ -69.884835141493127, 46.853384364768601 ] ] ] } },
{ "type": "Feature", "properties": { "hex_id": 914060, "centroid_lon": -69.882863417648608, "centroid_lat": 46.874083698039726, "occurrences_today": 3, "datetimes_today": "2026-06-19 00:01:38, 2026-06-19 00:16:36, 2026-06-19 00:31:15", "cumulative_total": 27.0 }, "geometry": { "type": "Polygon", "coordinates": [ [ [ -69.883356553303145, 46.868908877742911 ], [ -69.889644888476354, 46.871788982207406 ], [ -69.889152307737447, 46.876963850797473 ], [ -69.882370145453081, 46.879258509653546 ], [ -69.876081391928835, 46.876377987339247 ], [ -69.876575218992755, 46.871203224084617 ], [ -69.883356553303145, 46.868908877742911 ] ] ] } },
{ "type": "Feature", "properties": { "hex_id": 914061, "centroid_lon": -69.881383191250109, "centroid_lat": 46.889608106826522, "occurrences_today": 3, "datetimes_today": "2026-06-19 00:01:38, 2026-06-19 00:16:36, 2026-06-19 00:31:15", "cumulative_total": 27.0 }, "geometry": { "type": "Polygon", "coordinates": [ [ [ -69.881876736669355, 46.884433312582942 ], [ -69.888166737030531, 46.887313561955153 ], [ -69.887673746968062, 46.892488404519895 ], [ -69.880889509148091, 46.89478289238285 ], [ -69.874599090136584, 46.891902224935151 ], [ -69.875093327548072, 46.886727487765938 ], [ -69.881876736669355, 46.884433312582942 ] ] ] } },
{ "type": "Feature", "properties": { "hex_id": 914062, "centroid_lon": -69.879901734706323, "centroid_lat": 46.905132437428094, "occurrences_today": 3, "datetimes_today": "2026-06-19 00:01:38, 2026-06-19 00:16:36, 2026-06-19 00:31:15", "cumulative_total": 27.0 }, "geometry": { "type": "Polygon", "coordinates": [ [ [ -69.880395690315922, 46.899957669250512 ], [ -69.886687357188876, 46.902838063614197 ], [ -69.8861939573776, 46.908012880140895 ], [ -69.879407642271872, 46.910307196914168 ], [ -69.873115556449122, 46.907426384249128 ], [ -69.873610204634502, 46.902251673178164 ], [ -69.880395690315922, 46.899957669250512 ] ] ] } },
{ "type": "Feature", "properties": { "hex_id": 914668, "centroid_lon": -69.880028183824834, "centroid_lat": 46.834979637996881, "occurrences_today": 3, "datetimes_today": "2026-06-19 00:01:38, 2026-06-19 00:16:36, 2026-06-19 00:31:15", "cumulative_total": 27.0 }, "geometry": { "type": "Polygon", "coordinates": [ [ [ -69.880520918707987, 46.829804805243455 ], [ -69.88680468370211, 46.832684892660026 ], [ -69.886312502513235, 46.83785977369822 ], [ -69.87953531258421, 46.840154462067886 ], [ -69.873251130276827, 46.83727395732145 ], [ -69.873744555164592, 46.832099181601038 ], [ -69.880520918707987, 46.829804805243455 ] ] ] } },
{ "type": "Feature", "properties": { "hex_id": 914669, "centroid_lon": -69.87854916084207, "centroid_lat": 46.85050408415713, "occurrences_today": 3, "datetimes_today": "2026-06-19 00:01:38, 2026-06-19 00:16:36, 2026-06-19 00:31:15", "cumulative_total": 27.0 }, "geometry": { "type": "Polygon", "coordinates": [ [ [ -69.87904230493902, 46.845329277455122 ], [ -69.885327731455845, 46.848209509753943 ], [ -69.884835141493127, 46.853384364768601 ], [ -69.878055880246194, 46.855678882172491 ], [ -69.871770036117667, 46.852798232318442 ], [ -69.87226387080058, 46.847623482681591 ], [ -69.87904230493902, 46.845329277455122 ] ] ] } },
{ "type": "Feature", "properties": { "hex_id": 914670, "centroid_lon": -69.877068909368759, "centroid_lat": 46.866028452137662, "occurrences_today": 3, "datetimes_today": "2026-06-19 00:01:38, 2026-06-19 00:16:36, 2026-06-19 00:31:15", "cumulative_total": 27.0 }, "geometry": { "type": "Polygon", "coordinates": [ [ [ -69.877562463104169, 46.860853671499818 ], [ -69.883849552463943, 46.863734048764506 ], [ -69.883356553303145, 46.868908877742911 ], [ -69.876575218992755, 46.871203224084617 ], [ -69.870287711722611, 46.868322429039175 ], [ -69.870781956625962, 46.863147705498655 ], [ -69.877562463104169, 46.860853671499818 ] ] ] } },
{ "type": "Feature", "properties": { "hex_id": 914671, "centroid_lon": -69.87558742812972, "centroid_lat": 46.881552741900173, "occurrences_today": 3, "datetimes_today": "2026-06-19 00:01:38, 2026-06-19 00:16:36, 2026-06-19 00:31:15", "cumulative_total": 27.0 }, "geometry": { "type": "Polygon", "coordinates": [ [ [ -69.876081391928835, 46.876377987339247 ], [ -69.882370145453081, 46.879258509653546 ], [ -69.881876736669355, 46.884433312582942 ], [ -69.875093327548072, 46.886727487765938 ], [ -69.86880415581463, 46.883846547445238 ], [ -69.869298811364317, 46.87867185001388 ], [ -69.876081391928835, 46.876377987339247 ] ] ] } },
{ "type": "Feature", "properties": { "hex_id": 914672, "centroid_lon": -69.874104715847849, "centroid_lat": 46.897076953406362, "occurrences_today": 3, "datetimes_today": "2026-06-19 00:01:38, 2026-06-19 00:16:36, 2026-06-19 00:31:15", "cumulative_total": 27.0 }, "geometry": { "type": "Polygon", "coordinates": [ [ [ -69.874599090136584, 46.891902224935151 ], [ -69.880889509148091, 46.89478289238285 ], [ -69.880395690315922, 46.899957669250512 ], [ -69.873610204634502, 46.902251673178164 ], [ -69.867319367114746, 46.89937058749824 ], [ -69.867814433737266, 46.894195916188842 ], [ -69.874599090136584, 46.891902224935151 ] ] ] } },
{ "type": "Feature", "properties": { "hex_id": 915279, "centroid_lon": -69.872757568837883, "centroid_lat": 46.842448724348777, "occurrences_today": 3, "datetimes_today": "2026-06-19 00:01:38, 2026-06-19 00:16:36, 2026-06-19 00:31:15", "cumulative_total": 27.0 }, "geometry": { "type": "Polygon", "coordinates": [ [ [ -69.873251130276827, 46.83727395732145 ], [ -69.87953531258421, 46.840154462067886 ], [ -69.87904230493902, 46.845329277455122 ], [ -69.87226387080058, 46.847623482681591 ], [ -69.865979271321436, 46.84474256044885 ], [ -69.866473523105256, 46.839567850541776 ], [ -69.873251130276827, 46.83727395732145 ] ] ] } },
{ "type": "Feature", "properties": { "hex_id": 915280, "centroid_lon": -69.871276064741878, "centroid_lat": 46.857972973257937, "occurrences_today": 3, "datetimes_today": "2026-06-19 00:01:38, 2026-06-19 00:16:36, 2026-06-19 00:31:15", "cumulative_total": 27.0 }, "geometry": { "type": "Polygon", "coordinates": [ [ [ -69.871770036117667, 46.852798232318442 ], [ -69.878055880246194, 46.855678882172491 ], [ -69.877562463104169, 46.860853671499818 ], [ -69.870781956625962, 46.863147705498655 ], [ -69.864495695027472, 46.860266637932845 ], [ -69.864990357329859, 46.855091954145813 ], [ -69.871770036117667, 46.852798232318442 ] ] ] } },
{ "type": "Feature", "properties": { "hex_id": 915281, "centroid_lon": -69.869793329984503, "centroid_lat": 46.873497143878048, "occurrences_today": 3, "datetimes_today": "2026-06-19 00:01:38, 2026-06-19 00:16:36, 2026-06-19 00:31:15", "cumulative_total": 27.0 }, "geometry": { "type": "Polygon", "coordinates": [ [ [ -69.870287711722611, 46.868322429039175 ], [ -69.876575218992755, 46.871203224084617 ], [ -69.876081391928835, 46.876377987339247 ], [ -69.869298811364317, 46.87867185001388 ], [ -69.863010886325768, 46.875790637031081 ], [ -69.863505959572805, 46.870615979376915 ], [ -69.870287711722611, 46.868322429039175 ] ] ] } },
{ "type": "Feature", "properties": { "hex_id": 915282, "centroid_lon": -69.868309363288091, "centroid_lat": 46.889021236170706, "occurrences_today": 3, "datetimes_today": "2026-06-19 00:01:38, 2026-06-19 00:16:36, 2026-06-19 00:31:15", "cumulative_total": 27.0 }, "geometry": { "type": "Polygon", "coordinates": [ [ [ -69.86880415581463, 46.883846547445238 ], [ -69.875093327548072, 46.886727487765938 ], [ -69.874599090136584, 46.891902224935151 ], [ -69.867814433737266, 46.894195916188842 ], [ -69.861524843936763, 46.891314557705044 ], [ -69.86202032855519, 46.886139926196577 ], [ -69.86880415581463, 46.883846547445238 ] ] ] } },
{ "type": "Feature", "properties": { "hex_id": 915283, "centroid_lon": -69.866824163373053, "centroid_lat": 46.904545250097456, "occurrences_today": 3, "datetimes_today": "2026-06-19 00:01:38, 2026-06-19 00:16:36, 2026-06-19 00:31:15", "cumulative_total": 27.0 }, "geometry": { "type": "Polygon", "coordinates": [ [ [ -69.867319367114746, 46.89937058749824 ], [ -69.873610204634502, 46.902251673178164 ], [ -69.873115556449122, 46.907426384249128 ], [ -69.866328822464695, 46.909719903985078 ], [ -69.860037566579038, 46.90683839991619 ], [ -69.860533462996202, 46.901663794566282 ], [ -69.867319367114746, 46.89937058749824 ] ] ] } },
{ "type": "Feature", "properties": { "hex_id": 915889, "centroid_lon": -69.86696763814416, "centroid_lat": 46.834393131930888, "occurrences_today": 3, "datetimes_today": "2026-06-19 00:01:38, 2026-06-19 00:16:36, 2026-06-19 00:31:15", "cumulative_total": 27.0 }, "geometry": { "type": "Polygon", "coordinates": [ [ [ -69.867461616485372, 46.829218404617563 ], [ -69.873744555164592, 46.832099181601038 ], [ -69.873251130276827, 46.83727395732145 ], [ -69.866473523105256, 46.839567850541776 ], [ -69.860190167693901, 46.836686656141026 ], [ -69.860684836139001, 46.831511986003044 ], [ -69.867461616485372, 46.829218404617563 ] ] ] } },
{ "type": "Feature", "properties": { "hex_id": 915890, "centroid_lon": -69.865484882745392, "centroid_lat": 46.849917261650681, "occurrences_today": 3, "datetimes_today": "2026-06-19 00:01:38, 2026-06-19 00:16:36, 2026-06-19 00:31:15", "cumulative_total": 27.0 }, "geometry": { "type": "Polygon", "coordinates": [ [ [ -69.865979271321436, 46.84474256044885 ], [ -69.87226387080058, 46.847623482681591 ], [ -69.871770036117667, 46.852798232318442 ], [ -69.864990357329859, 46.855091954145813 ], [ -69.858705340820762, 46.852210614270383 ], [ -69.859200420082104, 46.847035970276139 ], [ -69.865979271321436, 46.84474256044885 ] ] ] } },
{ "type": "Feature", "properties": { "hex_id": 915891, "centroid_lon": -69.864000895790923, "centroid_lat": 46.865441313010365, "occurrences_today": 3, "datetimes_today": "2026-06-19 00:01:38, 2026-06-19 00:16:36, 2026-06-19 00:31:15", "cumulative_total": 27.0 }, "geometry": { "type": "Polygon", "coordinates": [ [ [ -69.864495695027472, 46.860266637932845 ], [ -69.870781956625962, 46.863147705498655 ], [ -69.870287711722611, 46.868322429039175 ], [ -69.863505959572805, 46.870615979376915 ], [ -69.857219280646348, 46.867734493942869 ], [ -69.85771477115027, 46.862559876105188 ], [ -69.864495695027472, 46.860266637932845 ] ] ] } },
{ "type": "Feature", "properties": { "hex_id": 915892, "centroid_lon": -69.862515676002388, "centroid_lat": 46.880965285971456, "occurrences_today": 3, "datetimes_today": "2026-06-19 00:01:38, 2026-06-19 00:16:36, 2026-06-19 00:31:15", "cumulative_total": 27.0 }, "geometry": { "type": "Polygon", "coordinates": [ [ [ -69.863010886325768, 46.875790637031081 ], [ -69.869298811364317, 46.87867185001388 ], [ -69.86880415581463, 46.883846547445238 ], [ -69.86202032855519, 46.886139926196577 ], [ -69.855731985890458, 46.883258295119852 ], [ -69.856227888063898, 46.878083703451637 ], [ -69.863010886325768, 46.875790637031081 ] ] ] } },
{ "type": "Feature", "properties": { "hex_id": 915893, "centroid_lon": -69.861029222099603, "centroid_lat": 46.896489180495429, "occurrences_today": 3, "datetimes_today": "2026-06-19 00:01:38, 2026-06-19 00:16:36, 2026-06-19 00:31:15", "cumulative_total": 27.0 }, "geometry": { "type": "Polygon", "coordinates": [ [ [ -69.861524843936763, 46.891314557705044 ], [ -69.867814433737266, 46.894195916188842 ], [ -69.867319367114746, 46.89937058749824 ], [ -69.860533462996202, 46.901663794566282 ], [ -69.85424345527106, 46.898782017762734 ], [ -69.854739769541581, 46.893607452276839 ], [ -69.861524843936763, 46.891314557705044 ] ] ] } },
{ "type": "Feature", "properties": { "hex_id": 915894, "centroid_lon": -69.859541532800549, "centroid_lat": 46.912012996543694, "occurrences_today": 3, "datetimes_today": "2026-06-19 00:01:38, 2026-06-19 00:16:36, 2026-06-19 00:31:15", "cumulative_total": 27.0 }, "geometry": { "type": "Polygon", "coordinates": [ [ [ -69.860037566579038, 46.90683839991619 ], [ -69.866328822464695, 46.909719903985078 ], [ -69.865833344342192, 46.914894549159676 ], [ -69.85904536161317, 46.917187584447419 ], [ -69.852753687504205, 46.914305661832799 ], [ -69.853250414299978, 46.909131122542135 ], [ -69.860037566579038, 46.90683839991619 ] ] ] } },
{ "type": "Feature", "properties": { "hex_id": 916500, "centroid_lon": -69.859695362357371, "centroid_lat": 46.841861317565872, "occurrences_today": 3, "datetimes_today": "2026-06-19 00:01:38, 2026-06-19 00:16:36, 2026-06-19 00:31:15", "cumulative_total": 27.0 }, "geometry": { "type": "Polygon", "coordinates": [ [ [ -69.860190167693901, 46.836686656141026 ], [ -69.866473523105256, 46.839567850541776 ], [ -69.865979271321436, 46.84474256044885 ], [ -69.859200420082104, 46.847035970276139 ], [ -69.852916648080452, 46.844154358301715 ], [ -69.853412143861078, 46.838979754139494 ], [ -69.860190167693901, 46.836686656141026 ] ] ] } },
{ "type": "Feature", "properties": { "hex_id": 916501, "centroid_lon": -69.858210124525925, "centroid_lat": 46.857385249547228, "occurrences_today": 3, "datetimes_today": "2026-06-19 00:01:38, 2026-06-19 00:16:36, 2026-06-19 00:31:15", "cumulative_total": 27.0 }, "geometry": { "type": "Polygon", "coordinates": [ [ [ -69.858705340820762, 46.852210614270383 ], [ -69.864990357329859, 46.855091954145813 ], [ -69.864495695027472, 46.860266637932845 ], [ -69.85771477115027, 46.862559876105188 ], [ -69.851429337753288, 46.859678118430637 ], [ -69.851925245073986, 46.854503540448718 ], [ -69.858705340820762, 46.852210614270383 ] ] ] } },
{ "type": "Feature", "properties": { "hex_id": 916502, "centroid_lon": -69.856723652966707, "centroid_lat": 46.872909103058817, "occurrences_today": 3, "datetimes_today": "2026-06-19 00:01:38, 2026-06-19 00:16:36, 2026-06-19 00:31:15", "cumulative_total": 27.0 }, "geometry": { "type": "Polygon", "coordinates": [ [ [ -69.857219280646348, 46.867734493942869 ], [ -69.863505959572805, 46.870615979376915 ], [ -69.863010886325768, 46.875790637031081 ], [ -69.856227888063898, 46.878083703451637 ], [ -69.849940791951738, 46.875201799992801 ], [ -69.850437111239657, 46.87002724820411 ], [ -69.857219280646348, 46.867734493942869 ] ] ] } },
{ "type": "Feature", "properties": { "hex_id": 916503, "centroid_lon": -69.855235946398864, "centroid_lat": 46.888432878062062, "occurrences_today": 3, "datetimes_today": "2026-06-19 00:01:38, 2026-06-19 00:16:36, 2026-06-19 00:31:15", "cumulative_total": 27.0 }, "geometry": { "type": "Polygon", "coordinates": [ [ [ -69.855731985890458, 46.883258295119852 ], [ -69.86202032855519, 46.886139926196577 ], [ -69.861524843936763, 46.891314557705044 ], [ -69.854739769541581, 46.893607452276839 ], [ -69.848451009393131, 46.890725402949577 ], [ -69.848947741076032, 46.885550877366974 ], [ -69.855731985890458, 46.883258295119852 ] ] ] } },
{ "type": "Feature", "properties": { "hex_id": 916504, "centroid_lon": -69.853747003539723, "centroid_lat": 46.903956574518311, "occurrences_today": 3, "datetimes_today": "2026-06-19 00:01:38, 2026-06-19 00:16:36, 2026-06-19 00:31:15", "cumulative_total": 27.0 }, "geometry": { "type": "Polygon", "coordinates": [ [ [ -69.85424345527106, 46.898782017762734 ], [ -69.860533462996202, 46.901663794566282 ], [ -69.860037566579038, 46.90683839991619 ], [ -69.853250414299978, 46.909131122542135 ], [ -69.846959988792889, 46.906248927262141 ], [ -69.847457133299187, 46.901074427898592 ], [ -69.85424345527106, 46.898782017762734 ] ] ] } },
{ "type": "Feature", "properties": { "hex_id": 917111, "centroid_lon": -69.852421015167238, "centroid_lat": 46.849328953738599, "occurrences_today": 3, "datetimes_today": "2026-06-19 00:01:38, 2026-06-19 00:16:36, 2026-06-19 00:31:15", "cumulative_total": 27.0 }, "geometry": { "type": "Polygon", "coordinates": [ [ [ -69.852916648080452, 46.844154358301715 ], [ -69.859200420082104, 46.847035970276139 ], [ -69.858705340820762, 46.852210614270383 ], [ -69.851925245073986, 46.854503540448718 ], [ -69.845641056624203, 46.851621510744287 ], [ -69.846137380321892, 46.846446972657382 ], [ -69.852916648080452, 46.844154358301715 ] ] ] } },
{ "type": "Feature", "properties": { "hex_id": 917112, "centroid_lon": -69.850933293157681, "centroid_lat": 46.864852687682905, "occurrences_today": 3, "datetimes_today": "2026-06-19 00:01:38, 2026-06-19 00:16:36, 2026-06-19 00:31:15", "cumulative_total": 27.0 }, "geometry": { "type": "Polygon", "coordinates": [ [ [ -69.851429337753288, 46.859678118430637 ], [ -69.85771477115027, 46.862559876105188 ], [ -69.857219280646348, 46.867734493942869 ], [ -69.850437111239657, 46.87002724820411 ], [ -69.844151261097153, 46.867145072573962 ], [ -69.844647997059354, 46.861970560704023 ], [ -69.851429337753288, 46.859678118430637 ] ] ] } },
{ "type": "Feature", "properties": { "hex_id": 917113, "centroid_lon": -69.849444335246389, "centroid_lat": 46.88037634304758, "occurrences_today": 3, "datetimes_today": "2026-06-19 00:01:38, 2026-06-19 00:16:36, 2026-06-19 00:31:15", "cumulative_total": 27.0 }, "geometry": { "type": "Polygon", "coordinates": [ [ [ -69.849940791951738, 46.875201799992801 ], [ -69.856227888063898, 46.878083703451637 ], [ -69.855731985890458, 46.883258295119852 ], [ -69.848947741076032, 46.885550877366974 ], [ -69.842660227920746, 46.882668555726859 ], [ -69.843157376575434, 46.877494070086826 ], [ -69.849940791951738, 46.875201799992801 ] ] ] } },
{ "type": "Feature", "properties": { "hex_id": 917114, "centroid_lon": -69.847954140150037, "centroid_lat": 46.895899919793926, "occurrences_today": 3, "datetimes_today": "2026-06-19 00:01:38, 2026-06-19 00:16:36, 2026-06-19 00:31:15", "cumulative_total": 27.0 }, "geometry": { "type": "Polygon", "coordinates": [ [ [ -69.848451009393131, 46.890725402949577 ], [ -69.854739769541581, 46.893607452276839 ], [ -69.85424345527106, 46.898782017762734 ], [ -69.847457133299187, 46.901074427898592 ], [ -69.84116795580978, 46.898191960164169 ], [ -69.841665517585568, 46.89301750076698 ], [ -69.848451009393131, 46.890725402949577 ] ] ] } },
{ "type": "Feature", "properties": { "hex_id": 917723, "centroid_lon": -69.843654387618372, "centroid_lat": 46.872319575702029, "occurrences_today": 3, "datetimes_today": "2026-06-19 00:01:38, 2026-06-19 00:16:36, 2026-06-19 00:31:15", "cumulative_total": 27.0 }, "geometry": { "type": "Polygon", "coordinates": [ [ [ -69.844151261097153, 46.867145072573962 ], [ -69.850437111239657, 46.87002724820411 ], [ -69.849940791951738, 46.875201799992801 ], [ -69.843157376575434, 46.877494070086826 ], [ -69.836871109830014, 46.87461147634459 ], [ -69.837368675016208, 46.869437030686321 ], [ -69.844151261097153, 46.867145072573962 ] ] ] } },
{ "type": "Feature", "properties": { "hex_id": 917724, "centroid_lon": -69.842162941606674, "centroid_lat": 46.887843032620729, "occurrences_today": 3, "datetimes_today": "2026-06-19 00:01:38, 2026-06-19 00:16:36, 2026-06-19 00:31:15", "cumulative_total": 27.0 }, "geometry": { "type": "Polygon", "coordinates": [ [ [ -69.842660227920746, 46.882668555726859 ], [ -69.848947741076032, 46.885550877366974 ], [ -69.848451009393131, 46.890725402949577 ], [ -69.841665517585568, 46.89301750076698 ], [ -69.835377587529962, 46.890134760788989 ], [ -69.835875566134561, 46.884960341397374 ], [ -69.842660227920746, 46.882668555726859 ] ] ] } },
{ "type": "Feature", "properties": { "hex_id": 917725, "centroid_lon": -69.840670256231604, "centroid_lat": 46.903366410810868, "occurrences_today": 3, "datetimes_today": "2026-06-19 00:01:38, 2026-06-19 00:16:36, 2026-06-19 00:31:15", "cumulative_total": 27.0 }, "geometry": { "type": "Polygon", "coordinates": [ [ [ -69.84116795580978, 46.898191960164169 ], [ -69.847457133299187, 46.901074427898592 ], [ -69.846959988792889, 46.906248927262141 ], [ -69.840172418803334, 46.90854085270562 ], [ -69.833882824116003, 46.905657966407396 ], [ -69.834381216568431, 46.900483573295453 ], [ -69.84116795580978, 46.898191960164169 ] ] ] } },
{ "type": "Feature", "properties": { "hex_id": 918334, "centroid_lon": -69.836373406885329, "centroid_lat": 46.879785913248767, "occurrences_today": 3, "datetimes_today": "2026-06-19 00:01:38, 2026-06-19 00:16:36, 2026-06-19 00:31:15", "cumulative_total": 27.0 }, "geometry": { "type": "Polygon", "coordinates": [ [ [ -69.836871109830014, 46.87461147634459 ], [ -69.843157376575434, 46.877494070086826 ], [ -69.842660227920746, 46.882668555726859 ], [ -69.835875566134561, 46.884960341397374 ], [ -69.82958888292913, 46.882077329386618 ], [ -69.830087277922203, 46.876902950039771 ], [ -69.836871109830014, 46.87461147634459 ] ] ] } },
{ "type": "Feature", "properties": { "hex_id": 918335, "centroid_lon": -69.834879471023825, "centroid_lat": 46.89530917142217, "occurrences_today": 3, "datetimes_today": "2026-06-19 00:01:38, 2026-06-19 00:16:36, 2026-06-19 00:31:15", "cumulative_total": 27.0 }, "geometry": { "type": "Polygon", "coordinates": [ [ [ -69.835377587529962, 46.890134760788989 ], [ -69.841665517585568, 46.89301750076698 ], [ -69.84116795580978, 46.898191960164169 ], [ -69.834381216568431, 46.900483573295453 ], [ -69.828092869755622, 46.897600414823039 ], [ -69.828591678893616, 46.892426061779702 ], [ -69.835377587529962, 46.890134760788989 ] ] ] } },
{ "type": "Feature", "properties": { "hex_id": 647165, "centroid_lon": -72.813405581133949, "centroid_lat": 45.307466067536218, "occurrences_today": 3, "datetimes_today": "2026-06-19 00:01:38, 2026-06-19 00:16:36, 2026-06-19 00:31:15", "cumulative_total": 26.0 }, "geometry": { "type": "Polygon", "coordinates": [ [ [ -72.813605313664794, 45.302272871085002 ], [ -72.819878682834755, 45.304991356055787 ], [ -72.819679504245968, 45.31018457174077 ], [ -72.813205794209594, 45.312659258554895 ], [ -72.806931925500152, 45.309940400278975 ], [ -72.807132266348404, 45.304747228557879 ], [ -72.813605313664794, 45.302272871085002 ] ] ] } },
{ "type": "Feature", "properties": { "hex_id": 647775, "centroid_lon": -72.80733255265433, "centroid_lat": 45.299554051400399, "occurrences_today": 3, "datetimes_today": "2026-06-19 00:01:38, 2026-06-19 00:16:36, 2026-06-19 00:31:15", "cumulative_total": 26.0 }, "geometry": { "type": "Polygon", "coordinates": [ [ [ -72.807532784436091, 45.294360868806756 ], [ -72.813804991820263, 45.297079669201487 ], [ -72.813605313664794, 45.302272871085002 ], [ -72.807132266348404, 45.304747228557879 ], [ -72.800859559871199, 45.302028054904653 ], [ -72.801060399785214, 45.296834897100858 ], [ -72.807532784436091, 45.294360868806756 ] ] ] } },
{ "type": "Feature", "properties": { "hex_id": 648387, "centroid_lon": -72.800055653121504, "centroid_lat": 45.322800631714721, "occurrences_today": 3, "datetimes_today": "2026-06-19 00:01:38, 2026-06-19 00:16:36, 2026-06-19 00:31:15", "cumulative_total": 26.0 }, "geometry": { "type": "Polygon", "coordinates": [ [ [ -72.800256711909469, 45.317607495673442 ], [ -72.806531080103852, 45.320326727411015 ], [ -72.806330575519368, 45.325519882821474 ], [ -72.799854539569395, 45.327993762314776 ], [ -72.793579671944798, 45.325274156959075 ], [ -72.793781339682127, 45.320081045792115 ], [ -72.800256711909469, 45.317607495673442 ] ] ] } },
{ "type": "Feature", "properties": { "hex_id": 648996, "centroid_lon": -72.794587461684088, "centroid_lat": 45.299308546675427, "occurrences_today": 3, "datetimes_today": "2026-06-19 00:01:38, 2026-06-19 00:16:36, 2026-06-19 00:31:15", "cumulative_total": 26.0 }, "geometry": { "type": "Polygon", "coordinates": [ [ [ -72.794788855039286, 45.294115408285258 ], [ -72.801060399785214, 45.296834897100858 ], [ -72.800859559871199, 45.302028054904653 ], [ -72.794386013489074, 45.304501679621431 ], [ -72.788113970150945, 45.301781817437657 ], [ -72.788315971768824, 45.2965887039691 ], [ -72.794788855039286, 45.294115408285258 ] ] ] } },
{ "type": "Feature", "properties": { "hex_id": 648997, "centroid_lon": -72.793982952506397, "centroid_lat": 45.31488792918001, "occurrences_today": 3, "datetimes_today": "2026-06-19 00:01:38, 2026-06-19 00:16:36, 2026-06-19 00:31:15", "cumulative_total": 26.0 }, "geometry": { "type": "Polygon", "coordinates": [ [ [ -72.79418451043594, 45.309694807123044 ], [ -72.800457715951566, 45.312414354191198 ], [ -72.800256711909469, 45.317607495673442 ], [ -72.793781339682127, 45.320081045792115 ], [ -72.787507635182934, 45.317361125152594 ], [ -72.787709801876346, 45.312168028029646 ], [ -72.79418451043594, 45.309694807123044 ] ] ] } },
{ "type": "Feature", "properties": { "hex_id": 649606, "centroid_lon": -72.788517918398213, "centroid_lat": 45.291395585052484, "occurrences_today": 3, "datetimes_today": "2026-06-19 00:01:38, 2026-06-19 00:16:36, 2026-06-19 00:31:15", "cumulative_total": 26.0 }, "geometry": { "type": "Polygon", "coordinates": [ [ [ -72.788719810057472, 45.286202460688045 ], [ -72.794990193572914, 45.288922264451166 ], [ -72.794788855039286, 45.294115408285258 ], [ -72.788315971768824, 45.2965887039691 ], [ -72.782045090107076, 45.29386852688458 ], [ -72.782247589843763, 45.28867542750141 ], [ -72.788719810057472, 45.286202460688045 ] ] ] } },
{ "type": "Feature", "properties": { "hex_id": 649607, "centroid_lon": -72.78791191352623, "centroid_lat": 45.306974925457922, "occurrences_today": 3, "datetimes_today": "2026-06-19 00:01:38, 2026-06-19 00:16:36, 2026-06-19 00:31:15", "cumulative_total": 26.0 }, "geometry": { "type": "Polygon", "coordinates": [ [ [ -72.788113970150945, 45.301781817437657 ], [ -72.794386013489074, 45.304501679621431 ], [ -72.79418451043594, 45.309694807123044 ], [ -72.787709801876346, 45.312168028029646 ], [ -72.781437260000985, 45.309447792321308 ], [ -72.78163992520409, 45.30425470929476 ], [ -72.788113970150945, 45.301781817437657 ] ] ] } },
{ "type": "Feature", "properties": { "hex_id": 650217, "centroid_lon": -72.781842535233324, "centroid_lat": 45.299061620815777, "occurrences_today": 3, "datetimes_today": "2026-06-19 00:01:38, 2026-06-19 00:16:36, 2026-06-19 00:31:15", "cumulative_total": 26.0 }, "geometry": { "type": "Polygon", "coordinates": [ [ [ -72.782045090107076, 45.29386852688458 ], [ -72.788315971768824, 45.2965887039691 ], [ -72.788113970150945, 45.301781817437657 ], [ -72.78163992520409, 45.30425470929476 ], [ -72.775368545451144, 45.30153415873248 ], [ -72.775571708717862, 45.296341089854671 ], [ -72.782045090107076, 45.29386852688458 ] ] ] } },
{ "type": "Feature", "properties": { "hex_id": 650218, "centroid_lon": -72.781234539605592, "centroid_lat": 45.314640869895157, "occurrences_today": 3, "datetimes_today": "2026-06-19 00:01:38, 2026-06-19 00:16:36, 2026-06-19 00:31:15", "cumulative_total": 26.0 }, "geometry": { "type": "Polygon", "coordinates": [ [ [ -72.781437260000985, 45.309447792321308 ], [ -72.787709801876346, 45.312168028029646 ], [ -72.787507635182934, 45.317361125152594 ], [ -72.781031763999522, 45.319833942016089 ], [ -72.77475872364208, 45.317113332626747 ], [ -72.774962052931699, 45.31192028011877 ], [ -72.781437260000985, 45.309447792321308 ] ] ] } },
{ "type": "Feature", "properties": { "hex_id": 650219, "centroid_lon": -72.780626047081597, "centroid_lat": 45.330220069898154, "occurrences_today": 3, "datetimes_today": "2026-06-19 00:01:38, 2026-06-19 00:16:36, 2026-06-19 00:31:15", "cumulative_total": 26.0 }, "geometry": { "type": "Polygon", "coordinates": [ [ [ -72.780828933164329, 45.325027008683833 ], [ -72.787103136592052, 45.32774730305119 ], [ -72.786900804657805, 45.332940383826362 ], [ -72.780423105732879, 45.33541312565886 ], [ -72.774148403431866, 45.332692457407148 ], [ -72.774351898910652, 45.327499421271177 ], [ -72.780828933164329, 45.325027008683833 ] ] ] } },
{ "type": "Feature", "properties": { "hex_id": 650828, "centroid_lon": -72.775165326861909, "centroid_lat": 45.306727222153931, "occurrences_today": 3, "datetimes_today": "2026-06-19 00:01:38, 2026-06-19 00:16:36, 2026-06-19 00:31:15", "cumulative_total": 26.0 }, "geometry": { "type": "Polygon", "coordinates": [ [ [ -72.775368545451144, 45.30153415873248 ], [ -72.78163992520409, 45.30425470929476 ], [ -72.781437260000985, 45.309447792321308 ], [ -72.774962052931699, 45.31192028011877 ], [ -72.768690175142837, 45.309199355922374 ], [ -72.768894002440703, 45.30400631762646 ], [ -72.775368545451144, 45.30153415873248 ] ] ] } },
{ "type": "Feature", "properties": { "hex_id": 650829, "centroid_lon": -72.774555338974551, "centroid_lat": 45.322306379677627, "occurrences_today": 3, "datetimes_today": "2026-06-19 00:01:38, 2026-06-19 00:16:36, 2026-06-19 00:31:15", "cumulative_total": 26.0 }, "geometry": { "type": "Polygon", "coordinates": [ [ [ -72.77475872364208, 45.317113332626747 ], [ -72.781031763999522, 45.319833942016089 ], [ -72.780828933164329, 45.325027008683833 ], [ -72.774351898910652, 45.327499421271177 ], [ -72.768078360126481, 45.324778438044405 ], [ -72.768282354004242, 45.319585416131595 ], [ -72.77475872364208, 45.317113332626747 ] ] ] } },
{ "type": "Feature", "properties": { "hex_id": 651439, "centroid_lon": -72.768486292336846, "centroid_lat": 45.31439238875749, "occurrences_today": 3, "datetimes_today": "2026-06-19 00:01:38, 2026-06-19 00:16:36, 2026-06-19 00:31:15", "cumulative_total": 26.0 }, "geometry": { "type": "Polygon", "coordinates": [ [ [ -72.768690175142837, 45.309199355922374 ], [ -72.774962052931699, 45.31192028011877 ], [ -72.77475872364208, 45.317113332626747 ], [ -72.768282354004242, 45.319585416131595 ], [ -72.7620099782349, 45.316864118144686 ], [ -72.762214470065345, 45.311671110507298 ], [ -72.768690175142837, 45.309199355922374 ] ] ] } },
{ "type": "Feature", "properties": { "hex_id": 651440, "centroid_lon": -72.767874310685031, "centroid_lat": 45.329971454495691, "occurrences_today": 3, "datetimes_today": "2026-06-19 00:01:38, 2026-06-19 00:16:36, 2026-06-19 00:31:15", "cumulative_total": 26.0 }, "geometry": { "type": "Polygon", "coordinates": [ [ [ -72.768078360126481, 45.324778438044405 ], [ -72.774351898910652, 45.327499421271177 ], [ -72.774148403431866, 45.332692457407148 ], [ -72.767670205661346, 45.335164465485235 ], [ -72.76139616850601, 45.332443108264535 ], [ -72.761600827473828, 45.327250117023553 ], [ -72.768078360126481, 45.324778438044405 ] ] ] } },
{ "type": "Feature", "properties": { "hex_id": 652049, "centroid_lon": -72.762418906220475, "centroid_lat": 45.306478097404927, "occurrences_today": 3, "datetimes_today": "2026-06-19 00:01:38, 2026-06-19 00:16:36, 2026-06-19 00:31:15", "cumulative_total": 26.0 }, "geometry": { "type": "Polygon", "coordinates": [ [ [ -72.762623286718863, 45.301285078837836 ], [ -72.768894002440703, 45.30400631762646 ], [ -72.768690175142837, 45.309199355922374 ], [ -72.762214470065345, 45.311671110507298 ], [ -72.75594325680899, 45.308949497975128 ], [ -72.756148246146097, 45.303756504665401 ], [ -72.762623286718863, 45.301285078837836 ] ] ] } },
{ "type": "Feature", "properties": { "hex_id": 652050, "centroid_lon": -72.761805430710595, "centroid_lat": 45.322057120316842, "occurrences_today": 3, "datetimes_today": "2026-06-19 00:01:38, 2026-06-19 00:16:36, 2026-06-19 00:31:15", "cumulative_total": 26.0 }, "geometry": { "type": "Polygon", "coordinates": [ [ [ -72.7620099782349, 45.316864118144686 ], [ -72.768282354004242, 45.319585416131595 ], [ -72.768078360126481, 45.324778438044405 ], [ -72.761600827473828, 45.327250117023553 ], [ -72.755327953779698, 45.324528445089712 ], [ -72.755533110644421, 45.319335468187539 ], [ -72.7620099782349, 45.316864118144686 ] ] ] } },
{ "type": "Feature", "properties": { "hex_id": 652051, "centroid_lon": -72.761191453788527, "centroid_lat": 45.337636094039567, "occurrences_today": 3, "datetimes_today": "2026-06-19 00:01:38, 2026-06-19 00:16:36, 2026-06-19 00:31:15", "cumulative_total": 26.0 }, "geometry": { "type": "Polygon", "coordinates": [ [ [ -72.76139616850601, 45.332443108264535 ], [ -72.767670205661346, 45.335164465485235 ], [ -72.767466045036869, 45.340357471012759 ], [ -72.760986683302789, 45.342829074348387 ], [ -72.754712147832038, 45.340107342977262 ], [ -72.754917472392151, 45.33491438248484 ], [ -72.76139616850601, 45.332443108264535 ] ] ] } },
{ "type": "Feature", "properties": { "hex_id": 652660, "centroid_lon": -72.75573821164798, "centroid_lat": 45.314142485815907, "occurrences_today": 3, "datetimes_today": "2026-06-19 00:01:38, 2026-06-19 00:16:36, 2026-06-19 00:31:15", "cumulative_total": 26.0 }, "geometry": { "type": "Polygon", "coordinates": [ [ [ -72.75594325680899, 45.308949497975128 ], [ -72.762214470065345, 45.311671110507298 ], [ -72.7620099782349, 45.316864118144686 ], [ -72.755533110644421, 45.319335468187539 ], [ -72.749261399909358, 45.316613481755454 ], [ -72.749467054224866, 45.31142051924428 ], [ -72.75594325680899, 45.308949497975128 ] ] ] } },
{ "type": "Feature", "properties": { "hex_id": 653271, "centroid_lon": -72.749055689584026, "centroid_lat": 45.321806438793232, "occurrences_today": 3, "datetimes_today": "2026-06-19 00:01:38, 2026-06-19 00:16:36, 2026-06-19 00:31:15", "cumulative_total": 26.0 }, "geometry": { "type": "Polygon", "coordinates": [ [ [ -72.749261399909358, 45.316613481755454 ], [ -72.755533110644421, 45.319335468187539 ], [ -72.755327953779698, 45.324528445089712 ], [ -72.748849923230168, 45.326999390357379 ], [ -72.742577715072343, 45.324277029868995 ], [ -72.742784034868109, 45.31908409823312 ], [ -72.749261399909358, 45.316613481755454 ] ] ] } },
{ "type": "Feature", "properties": { "hex_id": 653881, "centroid_lon": -72.742990298486717, "centroid_lat": 45.313891161119606, "occurrences_today": 3, "datetimes_today": "2026-06-19 00:01:38, 2026-06-19 00:16:36, 2026-06-19 00:31:15", "cumulative_total": 26.0 }, "geometry": { "type": "Polygon", "coordinates": [ [ [ -72.743196505946898, 45.30869821852874 ], [ -72.749467054224866, 45.31142051924428 ], [ -72.749261399909358, 45.316613481755454 ], [ -72.742784034868109, 45.31908409823312 ], [ -72.736512989613274, 45.316361423508376 ], [ -72.736719806357812, 45.311168506379012 ], [ -72.743196505946898, 45.30869821852874 ] ] ] } },
{ "type": "Feature", "properties": { "hex_id": 653882, "centroid_lon": -72.742371339080663, "centroid_lat": 45.329469956027005, "occurrences_today": 3, "datetimes_today": "2026-06-19 00:01:38, 2026-06-19 00:16:36, 2026-06-19 00:31:15", "cumulative_total": 26.0 }, "geometry": { "type": "Polygon", "coordinates": [ [ [ -72.742577715072343, 45.324277029868995 ], [ -72.748849923230168, 45.326999390357379 ], [ -72.748644100829097, 45.33219233644764 ], [ -72.742164906874322, 45.334662876706915 ], [ -72.735892201349941, 45.331940142005813 ], [ -72.736099187128119, 45.326747241322018 ], [ -72.742577715072343, 45.324277029868995 ] ] ] } },
{ "type": "Feature", "properties": { "hex_id": 654492, "centroid_lon": -72.736306116542963, "centroid_lat": 45.321554335156129, "occurrences_today": 3, "datetimes_today": "2026-06-19 00:01:38, 2026-06-19 00:16:36, 2026-06-19 00:31:15", "cumulative_total": 26.0 }, "geometry": { "type": "Polygon", "coordinates": [ [ [ -72.736512989613274, 45.316361423508376 ], [ -72.742784034868109, 45.31908409823312 ], [ -72.742577715072343, 45.324277029868995 ], [ -72.736099187128119, 45.326747241322018 ], [ -72.729827644952692, 45.324024192431736 ], [ -72.730035127623267, 45.318831306317819 ], [ -72.736512989613274, 45.316361423508376 ] ] ] } },
{ "type": "Feature", "properties": { "hex_id": 654493, "centroid_lon": -72.7356851591896, "centroid_lat": 45.337133037207231, "occurrences_today": 3, "datetimes_today": "2026-06-19 00:01:38, 2026-06-19 00:16:36, 2026-06-19 00:31:15", "cumulative_total": 26.0 }, "geometry": { "type": "Polygon", "coordinates": [ [ [ -72.735892201349941, 45.331940142005813 ], [ -72.742164906874322, 45.334662876706915 ], [ -72.741958418434578, 45.339855791908434 ], [ -72.735478060628267, 45.342325926926037 ], [ -72.72920485779369, 45.339602817855784 ], [ -72.729412510056775, 45.334409948200978 ], [ -72.735892201349941, 45.331940142005813 ] ] ] } },
{ "type": "Feature", "properties": { "hex_id": 655103, "centroid_lon": -72.729620105770152, "centroid_lat": 45.329217073059525, "occurrences_today": 3, "datetimes_today": "2026-06-19 00:01:38, 2026-06-19 00:16:36, 2026-06-19 00:31:15", "cumulative_total": 26.0 }, "geometry": { "type": "Polygon", "coordinates": [ [ [ -72.729827644952692, 45.324024192431736 ], [ -72.736099187128119, 45.326747241322018 ], [ -72.735892201349941, 45.331940142005813 ], [ -72.729412510056775, 45.334409948200978 ], [ -72.72314047101726, 45.331686524988719 ], [ -72.723348620116127, 45.326493669967135 ], [ -72.729827644952692, 45.324024192431736 ] ] ] } },
{ "type": "Feature", "properties": { "hex_id": 655713, "centroid_lon": -72.72355671253554, "centroid_lat": 45.321300809455153, "occurrences_today": 3, "datetimes_today": "2026-06-19 00:01:38, 2026-06-19 00:16:36, 2026-06-19 00:31:15", "cumulative_total": 26.0 }, "geometry": { "type": "Polygon", "coordinates": [ [ [ -72.723764748294428, 45.316107943453062 ], [ -72.730035127623267, 45.318831306317819 ], [ -72.729827644952692, 45.324024192431736 ], [ -72.723348620116127, 45.326493669967135 ], [ -72.717077744368979, 45.323769932827688 ], [ -72.71728638985779, 45.318577092491381 ], [ -72.723764748294428, 45.316107943453062 ] ] ] } },
{ "type": "Feature", "properties": { "hex_id": 655714, "centroid_lon": -72.722932265219995, "centroid_lat": 45.336879374519683, "occurrences_today": 3, "datetimes_today": "2026-06-19 00:01:38, 2026-06-19 00:16:36, 2026-06-19 00:31:15", "cumulative_total": 26.0 }, "geometry": { "type": "Polygon", "coordinates": [ [ [ -72.72314047101726, 45.331686524988719 ], [ -72.729412510056775, 45.334409948200978 ], [ -72.72920485779369, 45.339602817855784 ], [ -72.722724002705476, 45.342072218559743 ], [ -72.716451466858558, 45.339348420869143 ], [ -72.716660282888327, 45.334155597016832 ], [ -72.72314047101726, 45.331686524988719 ] ] ] } },
{ "type": "Feature", "properties": { "hex_id": 656324, "centroid_lon": -72.716869042052139, "centroid_lat": 45.328962767669573, "occurrences_today": 3, "datetimes_today": "2026-06-19 00:01:38, 2026-06-19 00:16:36, 2026-06-19 00:31:15", "cumulative_total": 26.0 }, "geometry": { "type": "Polygon", "coordinates": [ [ [ -72.717077744368979, 45.323769932827688 ], [ -72.723348620116127, 45.326493669967135 ], [ -72.72314047101726, 45.331686524988719 ], [ -72.716660282888327, 45.334155597016832 ], [ -72.71038891077967, 45.331431485446316 ], [ -72.710598223142483, 45.326238676342619 ], [ -72.717077744368979, 45.323769932827688 ] ] ] } },
{ "type": "Feature", "properties": { "hex_id": 656935, "centroid_lon": -72.710179541402297, "centroid_lat": 45.336624289051059, "occurrences_today": 3, "datetimes_today": "2026-06-19 00:01:38, 2026-06-19 00:16:36, 2026-06-19 00:31:15", "cumulative_total": 26.0 }, "geometry": { "type": "Polygon", "coordinates": [ [ [ -72.71038891077967, 45.331431485446316 ], [ -72.716660282888327, 45.334155597016832 ], [ -72.716451466858558, 45.339348420869143 ], [ -72.70997011499135, 45.341817087156578 ], [ -72.703698246578213, 45.339092600998619 ], [ -72.703908226317722, 45.333899823204561 ], [ -72.71038891077967, 45.331431485446316 ] ] ] } },
{ "type": "Feature", "properties": { "hex_id": 657545, "centroid_lon": -72.704118148875054, "centroid_lat": 45.328707039907229, "occurrences_today": 3, "datetimes_today": "2026-06-19 00:01:38, 2026-06-19 00:16:36, 2026-06-19 00:31:15", "cumulative_total": 26.0 }, "geometry": { "type": "Polygon", "coordinates": [ [ [ -72.704328014269294, 45.323514251106914 ], [ -72.710598223142483, 45.326238676342619 ], [ -72.71038891077967, 45.331431485446316 ], [ -72.703908226317722, 45.333899823204561 ], [ -72.697637521585747, 45.331175023428784 ], [ -72.697847997155435, 45.325982260498691 ], [ -72.704328014269294, 45.323514251106914 ] ] ] } },
{ "type": "Feature", "properties": { "hex_id": 798035, "centroid_lon": -71.15950570672544, "centroid_lat": 46.45645635782985, "occurrences_today": 3, "datetimes_today": "2026-06-19 00:01:38, 2026-06-19 00:16:36, 2026-06-19 00:31:15", "cumulative_total": 26.0 }, "geometry": { "type": "Polygon", "coordinates": [ [ [ -71.159870667886054, 46.451272105568805 ], [ -71.166184287218073, 46.454082494781098 ], [ -71.16581988946956, 46.45926678286245 ], [ -71.159140644896553, 46.461640603156354 ], [ -71.152826562837959, 46.458829811614571 ], [ -71.153192188044429, 46.453645602174149 ], [ -71.159870667886054, 46.451272105568805 ] ] ] } },
{ "type": "Feature", "properties": { "hex_id": 825636, "centroid_lon": -70.707486742116984, "centroid_lat": 48.443523089409275, "occurrences_today": 3, "datetimes_today": "2026-06-19 00:01:38, 2026-06-19 00:16:36, 2026-06-19 00:31:15", "cumulative_total": 22.0 }, "geometry": { "type": "Polygon", "coordinates": [ [ [ -70.707923940128069, 48.438343548679285 ], [ -70.714447043478842, 48.441185044440438 ], [ -70.71401046514093, 48.44636462688959 ], [ -70.707049420148479, 48.448702622490799 ], [ -70.70052582110435, 48.445860692883066 ], [ -70.700963762701235, 48.440681201591303 ], [ -70.707923940128069, 48.438343548679285 ] ] ] } },
{ "type": "Feature", "properties": { "hex_id": 826247, "centroid_lon": -70.700087755335971, "centroid_lat": 48.451040176516678, "occurrences_today": 3, "datetimes_today": "2026-06-19 00:01:38, 2026-06-19 00:16:36, 2026-06-19 00:31:15", "cumulative_total": 22.0 }, "geometry": { "type": "Polygon", "coordinates": [ [ [ -70.70052582110435, 48.445860692883066 ], [ -70.707049420148479, 48.448702622490799 ], [ -70.706611974177704, 48.453882147922826 ], [ -70.699649565351123, 48.456219652491058 ], [ -70.693125470748285, 48.453377288867422 ], [ -70.69356428048583, 48.448197854762036 ], [ -70.70052582110435, 48.445860692883066 ] ] ] } },
{ "type": "Feature", "properties": { "hex_id": 826857, "centroid_lon": -70.694002965837683, "centroid_lat": 48.443018412988742, "occurrences_today": 3, "datetimes_today": "2026-06-19 00:01:38, 2026-06-19 00:16:36, 2026-06-19 00:31:15", "cumulative_total": 22.0 }, "geometry": { "type": "Polygon", "coordinates": [ [ [ -70.694441526848834, 48.437838963548565 ], [ -70.700963762701235, 48.440681201591303 ], [ -70.70052582110435, 48.445860692883066 ], [ -70.69356428048583, 48.448197854762036 ], [ -70.687041549582347, 48.445355182771905 ], [ -70.687480854303516, 48.440175782920811 ], [ -70.694441526848834, 48.437838963548565 ] ] ] } },
{ "type": "Feature", "properties": { "hex_id": 827468, "centroid_lon": -70.686602120306333, "centroid_lat": 48.450534574946417, "occurrences_today": 3, "datetimes_today": "2026-06-19 00:01:38, 2026-06-19 00:16:36, 2026-06-19 00:31:15", "cumulative_total": 22.0 }, "geometry": { "type": "Polygon", "coordinates": [ [ [ -70.687041549582347, 48.445355182771905 ], [ -70.69356428048583, 48.448197854762036 ], [ -70.693125470748285, 48.453377288867422 ], [ -70.686162566430411, 48.455713959443258 ], [ -70.67963934061089, 48.452870853336435 ], [ -70.680079513980218, 48.447691510841047 ], [ -70.687041549582347, 48.445355182771905 ] ] ] } },
{ "type": "Feature", "properties": { "hex_id": 828078, "centroid_lon": -70.680519562580514, "centroid_lat": 48.442512160659277, "occurrences_today": 3, "datetimes_today": "2026-06-19 00:01:38, 2026-06-19 00:16:36, 2026-06-19 00:31:15", "cumulative_total": 22.0 }, "geometry": { "type": "Polygon", "coordinates": [ [ [ -70.680959486456857, 48.437332802792184 ], [ -70.687480854303516, 48.440175782920811 ], [ -70.687041549582347, 48.445355182771905 ], [ -70.680079513980218, 48.447691510841047 ], [ -70.673557651724877, 48.444848096664344 ], [ -70.673998319435256, 48.439668788537176 ], [ -70.680959486456857, 48.437332802792184 ] ] ] } },
{ "type": "Feature", "properties": { "hex_id": 828688, "centroid_lon": -70.674438862252686, "centroid_lat": 48.43448947271591, "occurrences_today": 3, "datetimes_today": "2026-06-19 00:01:38, 2026-06-19 00:16:36, 2026-06-19 00:31:15", "cumulative_total": 22.0 }, "geometry": { "type": "Polygon", "coordinates": [ [ [ -70.674879280222314, 48.429310149201648 ], [ -70.681399285654365, 48.4321534372408 ], [ -70.680959486456857, 48.437332802792184 ], [ -70.673998319435256, 48.439668788537176 ], [ -70.667477820101453, 48.436825066518516 ], [ -70.667918981645883, 48.4316457928049 ], [ -70.674879280222314, 48.429310149201648 ] ] ] } },
{ "type": "Feature", "properties": { "hex_id": 828689, "centroid_lon": -70.673116859076387, "centroid_lat": 48.450027397096441, "occurrences_today": 3, "datetimes_today": "2026-06-19 00:01:38, 2026-06-19 00:16:36, 2026-06-19 00:31:15", "cumulative_total": 22.0 }, "geometry": { "type": "Polygon", "coordinates": [ [ [ -70.673557651724877, 48.444848096664344 ], [ -70.680079513980218, 48.447691510841047 ], [ -70.67963934061089, 48.452870853336435 ], [ -70.672675941444609, 48.455206689832373 ], [ -70.666153584915989, 48.452362841438358 ], [ -70.666595121781739, 48.447183590836275 ], [ -70.673557651724877, 48.444848096664344 ] ] ] } },
{ "type": "Feature", "properties": { "hex_id": 829299, "centroid_lon": -70.667036533495136, "centroid_lat": 48.442004332529315, "occurrences_today": 3, "datetimes_today": "2026-06-19 00:01:38, 2026-06-19 00:16:36, 2026-06-19 00:31:15", "cumulative_total": 22.0 }, "geometry": { "type": "Polygon", "coordinates": [ [ [ -70.667477820101453, 48.436825066518516 ], [ -70.673998319435256, 48.439668788537176 ], [ -70.673557651724877, 48.444848096664344 ], [ -70.666595121781739, 48.447183590836275 ], [ -70.6600741286817, 48.444339434668997 ], [ -70.660516159245802, 48.439160218548963 ], [ -70.667477820101453, 48.436825066518516 ] ] ] } },
{ "type": "Feature", "properties": { "hex_id": 829909, "centroid_lon": -70.660958064533901, "centroid_lat": 48.433980994716322, "occurrences_today": 3, "datetimes_today": "2026-06-19 00:01:38, 2026-06-19 00:16:36, 2026-06-19 00:31:15", "cumulative_total": 22.0 }, "geometry": { "type": "Polygon", "coordinates": [ [ [ -70.661399844591287, 48.428801763172125 ], [ -70.667918981645883, 48.4316457928049 ], [ -70.667477820101453, 48.436825066518516 ], [ -70.660516159245802, 48.439160218548963 ], [ -70.653996528931614, 48.436315754836244 ], [ -70.654439052687408, 48.431136573243528 ], [ -70.661399844591287, 48.428801763172125 ] ] ] } },
{ "type": "Feature", "properties": { "hex_id": 829910, "centroid_lon": -70.659631972796305, "centroid_lat": 48.449518643075393, "occurrences_today": 3, "datetimes_today": "2026-06-19 00:01:38, 2026-06-19 00:16:36, 2026-06-19 00:31:15", "cumulative_total": 22.0 }, "geometry": { "type": "Polygon", "coordinates": [ [ [ -70.6600741286817, 48.444339434668997 ], [ -70.666595121781739, 48.447183590836275 ], [ -70.666153584915989, 48.452362841438358 ], [ -70.659189691544285, 48.454697843767093 ], [ -70.652668204813892, 48.451853253281989 ], [ -70.653111105040225, 48.446674094856519 ], [ -70.6600741286817, 48.444339434668997 ] ] ] } },
{ "type": "Feature", "properties": { "hex_id": 830520, "centroid_lon": -70.653553879731021, "centroid_lat": 48.441494928707591, "occurrences_today": 3, "datetimes_today": "2026-06-19 00:01:38, 2026-06-19 00:16:36, 2026-06-19 00:31:15", "cumulative_total": 22.0 }, "geometry": { "type": "Polygon", "coordinates": [ [ [ -70.653996528931614, 48.436315754836244 ], [ -70.660516159245802, 48.439160218548963 ], [ -70.6600741286817, 48.444339434668997 ], [ -70.653111105040225, 48.446674094856519 ], [ -70.646590981602415, 48.443829196894775 ], [ -70.647034374884328, 48.438650073065084 ], [ -70.653996528931614, 48.436315754836244 ] ] ] } },
{ "type": "Feature", "properties": { "hex_id": 842117, "centroid_lon": -70.528901366046725, "centroid_lat": 48.397739700012458, "occurrences_today": 3, "datetimes_today": "2026-06-19 00:01:38, 2026-06-19 00:16:36, 2026-06-19 00:31:15", "cumulative_total": 22.0 }, "geometry": { "type": "Polygon", "coordinates": [ [ [ -70.52935598608849, 48.392561356355976 ], [ -70.53586271961963, 48.395412530370685 ], [ -70.535408714483822, 48.400590917463148 ], [ -70.528446617228198, 48.402918035775727 ], [ -70.521939397591098, 48.400066427160553 ], [ -70.522394761269098, 48.394888134903574 ], [ -70.52935598608849, 48.392561356355976 ] ] ] } },
{ "type": "Feature", "properties": { "hex_id": 843338, "centroid_lon": -70.515432921780913, "centroid_lat": 48.397214470938792, "occurrences_today": 3, "datetimes_today": "2026-06-19 00:01:38, 2026-06-19 00:16:36, 2026-06-19 00:31:15", "cumulative_total": 22.0 }, "geometry": { "type": "Polygon", "coordinates": [ [ [ -70.515888900104414, 48.392036222249438 ], [ -70.522394761269098, 48.394888134903574 ], [ -70.521939397591098, 48.400066427160553 ], [ -70.514976814299303, 48.402392711715834 ], [ -70.508470467670506, 48.399540364362437 ], [ -70.508927189751006, 48.394362167223314 ], [ -70.515888900104414, 48.392036222249438 ] ] ] } },
{ "type": "Feature", "properties": { "hex_id": 843948, "centroid_lon": -70.50938378250612, "centroid_lat": 48.389183962162889, "occurrences_today": 3, "datetimes_today": "2026-06-19 00:01:38, 2026-06-19 00:16:36, 2026-06-19 00:31:15", "cumulative_total": 22.0 }, "geometry": { "type": "Polygon", "coordinates": [ [ [ -70.509840245982517, 48.384005749182279 ], [ -70.51634474931646, 48.3868579656489 ], [ -70.515888900104414, 48.392036222249438 ], [ -70.508927189751006, 48.394362167223314 ], [ -70.502422201454763, 48.391509516127066 ], [ -70.502879408427575, 48.386331354756827 ], [ -70.509840245982517, 48.384005749182279 ] ] ] } },
{ "type": "Feature", "properties": { "hex_id": 843949, "centroid_lon": -70.508013616217895, "centroid_lat": 48.404718553579123, "occurrences_today": 3, "datetimes_today": "2026-06-19 00:01:38, 2026-06-19 00:16:36, 2026-06-19 00:31:15", "cumulative_total": 22.0 }, "geometry": { "type": "Polygon", "coordinates": [ [ [ -70.508470467670506, 48.399540364362437 ], [ -70.514976814299303, 48.402392711715834 ], [ -70.514520577612956, 48.407570944579462 ], [ -70.507556635346504, 48.409896734872241 ], [ -70.501049803393627, 48.407043952651257 ], [ -70.501507398984558, 48.401865815075404 ], [ -70.508470467670506, 48.399540364362437 ] ] ] } },
{ "type": "Feature", "properties": { "hex_id": 844558, "centroid_lon": -70.503336485954478, "centroid_lat": 48.381153185457407, "occurrences_today": 3, "datetimes_today": "2026-06-19 00:01:38, 2026-06-19 00:16:36, 2026-06-19 00:31:15", "cumulative_total": 22.0 }, "geometry": { "type": "Polygon", "coordinates": [ [ [ -70.503793434082226, 48.375975008229943 ], [ -70.510296580226822, 48.378827528282628 ], [ -70.509840245982517, 48.384005749182279 ], [ -70.502879408427575, 48.386331354756827 ], [ -70.496375777822081, 48.383478400144142 ], [ -70.496833469185731, 48.378300274587154 ], [ -70.503793434082226, 48.375975008229943 ] ] ] } },
{ "type": "Feature", "properties": { "hex_id": 844559, "centroid_lon": -70.501964864989333, "centroid_lat": 48.396687669566973, "occurrences_today": 3, "datetimes_today": "2026-06-19 00:01:38, 2026-06-19 00:16:36, 2026-06-19 00:31:15", "cumulative_total": 22.0 }, "geometry": { "type": "Polygon", "coordinates": [ [ [ -70.502422201454763, 48.391509516127066 ], [ -70.508927189751006, 48.394362167223314 ], [ -70.508470467670506, 48.399540364362437 ], [ -70.501507398984558, 48.401865815075404 ], [ -70.495001925866148, 48.399012729181244 ], [ -70.495460006209086, 48.393834627442324 ], [ -70.502422201454763, 48.391509516127066 ] ] ] } },
{ "type": "Feature", "properties": { "hex_id": 845169, "centroid_lon": -70.49591795684546, "centroid_lat": 48.388656517762911, "occurrences_today": 3, "datetimes_today": "2026-06-19 00:01:38, 2026-06-19 00:16:36, 2026-06-19 00:31:15", "cumulative_total": 22.0 }, "geometry": { "type": "Polygon", "coordinates": [ [ [ -70.496375777822081, 48.383478400144142 ], [ -70.502879408427575, 48.386331354756827 ], [ -70.502422201454763, 48.391509516127066 ], [ -70.495460006209086, 48.393834627442324 ], [ -70.488955891282927, 48.390981238101432 ], [ -70.489414455876329, 48.38580317224374 ], [ -70.496375777822081, 48.383478400144142 ] ] ] } },
{ "type": "Feature", "properties": { "hex_id": 845170, "centroid_lon": -70.494543715769808, "centroid_lat": 48.404190822978549, "occurrences_today": 3, "datetimes_today": "2026-06-19 00:01:38, 2026-06-19 00:16:36, 2026-06-19 00:31:15", "cumulative_total": 22.0 }, "geometry": { "type": "Polygon", "coordinates": [ [ [ -70.495001925866148, 48.399012729181244 ], [ -70.501507398984558, 48.401865815075404 ], [ -70.501049803393627, 48.407043952651257 ], [ -70.494085375873226, 48.409368908833081 ], [ -70.487579418073068, 48.40651538797276 ], [ -70.488038372428207, 48.401337345967072 ], [ -70.495001925866148, 48.399012729181244 ] ] ] } },
{ "type": "Feature", "properties": { "hex_id": 845779, "centroid_lon": -70.489872890642914, "centroid_lat": 48.380625098437655, "occurrences_today": 3, "datetimes_today": "2026-06-19 00:01:38, 2026-06-19 00:16:36, 2026-06-19 00:31:15", "cumulative_total": 22.0 }, "geometry": { "type": "Polygon", "coordinates": [ [ [ -70.490331195629508, 48.375447016684333 ], [ -70.496833469185731, 48.378300274587154 ], [ -70.496375777822081, 48.383478400144142 ], [ -70.489414455876329, 48.38580317224374 ], [ -70.482911698500558, 48.382949479682438 ], [ -70.483370746843264, 48.377771449750263 ], [ -70.490331195629508, 48.375447016684333 ] ] ] } },
{ "type": "Feature", "properties": { "hex_id": 845780, "centroid_lon": -70.488497196815842, "centroid_lat": 48.396159296009593, "occurrences_today": 3, "datetimes_today": "2026-06-19 00:01:38, 2026-06-19 00:16:36, 2026-06-19 00:31:15", "cumulative_total": 22.0 }, "geometry": { "type": "Polygon", "coordinates": [ [ [ -70.488955891282927, 48.390981238101432 ], [ -70.495460006209086, 48.393834627442324 ], [ -70.495001925866148, 48.399012729181244 ], [ -70.488038372428207, 48.401337345967072 ], [ -70.481533773321928, 48.398483521729794 ], [ -70.481993211786829, 48.393305515673347 ], [ -70.488955891282927, 48.390981238101432 ] ] ] } },
{ "type": "Feature", "properties": { "hex_id": 846389, "centroid_lon": -70.483829665239057, "centroid_lat": 48.372593411861793, "occurrences_today": 3, "datetimes_today": "2026-06-19 00:01:38, 2026-06-19 00:16:36, 2026-06-19 00:31:15", "cumulative_total": 22.0 }, "geometry": { "type": "Polygon", "coordinates": [ [ [ -70.48428845373482, 48.367415366018186 ], [ -70.490789370882936, 48.37026892698492 ], [ -70.490331195629508, 48.375447016684333 ], [ -70.483370746843264, 48.377771449750263 ], [ -70.47686934637629, 48.37491745419478 ], [ -70.477328877967537, 48.369739460232353 ], [ -70.48428845373482, 48.367415366018186 ] ] ] } },
{ "type": "Feature", "properties": { "hex_id": 846390, "centroid_lon": -70.482452520164045, "centroid_lat": 48.388127501657188, "occurrences_today": 3, "datetimes_today": "2026-06-19 00:01:38, 2026-06-19 00:16:36, 2026-06-19 00:31:15", "cumulative_total": 22.0 }, "geometry": { "type": "Polygon", "coordinates": [ [ [ -70.482911698500558, 48.382949479682438 ], [ -70.489414455876329, 48.38580317224374 ], [ -70.488955891282927, 48.390981238101432 ], [ -70.481993211786829, 48.393305515673347 ], [ -70.475489970732127, 48.390451388285442 ], [ -70.475949892805531, 48.385273418222482 ], [ -70.482911698500558, 48.382949479682438 ] ] ] } },
{ "type": "Feature", "properties": { "hex_id": 846391, "centroid_lon": -70.481074204722404, "centroid_lat": 48.403661519825341, "occurrences_today": 3, "datetimes_today": "2026-06-19 00:01:38, 2026-06-19 00:16:36, 2026-06-19 00:31:15", "cumulative_total": 22.0 }, "geometry": { "type": "Polygon", "coordinates": [ [ [ -70.481533773321928, 48.398483521729794 ], [ -70.488038372428207, 48.401337345967072 ], [ -70.487579418073068, 48.40651538797276 ], [ -70.480614505941276, 48.408839509958888 ], [ -70.474109422795735, 48.405985250656954 ], [ -70.474569735774253, 48.400807304503829 ], [ -70.481533773321928, 48.398483521729794 ] ] ] } },
{ "type": "Feature", "properties": { "hex_id": 847000, "centroid_lon": -70.476409684671268, "centroid_lat": 48.380095440191866, "occurrences_today": 3, "datetimes_today": "2026-06-19 00:01:38, 2026-06-19 00:16:36, 2026-06-19 00:31:15", "cumulative_total": 22.0 }, "geometry": { "type": "Polygon", "coordinates": [ [ [ -70.47686934637629, 48.37491745419478 ], [ -70.483370746843264, 48.377771449750263 ], [ -70.482911698500558, 48.382949479682438 ], [ -70.475949892805531, 48.385273418222482 ], [ -70.469448009160431, 48.382418987910192 ], [ -70.469908414341504, 48.377241053884909 ], [ -70.47686934637629, 48.37491745419478 ] ] ] } },
{ "type": "Feature", "properties": { "hex_id": 847001, "centroid_lon": -70.475029918404033, "centroid_lat": 48.395629350379608, "occurrences_today": 3, "datetimes_today": "2026-06-19 00:01:38, 2026-06-19 00:16:36, 2026-06-19 00:31:15", "cumulative_total": 22.0 }, "geometry": { "type": "Polygon", "coordinates": [ [ [ -70.475489970732127, 48.390451388285442 ], [ -70.481993211786829, 48.393305515673347 ], [ -70.481533773321928, 48.398483521729794 ], [ -70.474569735774253, 48.400807304503829 ], [ -70.468066011181577, 48.397952742121156 ], [ -70.468526807627526, 48.39277483202946 ], [ -70.475489970732127, 48.390451388285442 ] ] ] } },
{ "type": "Feature", "properties": { "hex_id": 847610, "centroid_lon": -70.470368689195055, "centroid_lat": 48.372063111884081, "occurrences_today": 3, "datetimes_today": "2026-06-19 00:01:38, 2026-06-19 00:16:36, 2026-06-19 00:31:15", "cumulative_total": 22.0 }, "geometry": { "type": "Polygon", "coordinates": [ [ [ -70.470828833768081, 48.366885161908826 ], [ -70.477328877967537, 48.369739460232353 ], [ -70.47686934637629, 48.37491745419478 ], [ -70.469908414341504, 48.377241053884909 ], [ -70.4634078874643, 48.3743863208744 ], [ -70.463868775252635, 48.369208422930946 ], [ -70.470828833768081, 48.366885161908826 ] ] ] } },
{ "type": "Feature", "properties": { "hex_id": 847611, "centroid_lon": -70.468987473604784, "centroid_lat": 48.387596913958774, "occurrences_today": 3, "datetimes_today": "2026-06-19 00:01:38, 2026-06-19 00:16:36, 2026-06-19 00:31:15", "cumulative_total": 22.0 }, "geometry": { "type": "Polygon", "coordinates": [ [ [ -70.469448009160431, 48.382418987910192 ], [ -70.475949892805531, 48.385273418222482 ], [ -70.475489970732127, 48.390451388285442 ], [ -70.468526807627526, 48.39277483202946 ], [ -70.462024440945328, 48.389919966792299 ], [ -70.462485720357762, 48.384742092806228 ], [ -70.469448009160431, 48.382418987910192 ] ] ] } },
{ "type": "Feature", "properties": { "hex_id": 847612, "centroid_lon": -70.467605084219841, "centroid_lat": 48.403130644232654, "occurrences_today": 3, "datetimes_today": "2026-06-19 00:01:38, 2026-06-19 00:16:36, 2026-06-19 00:31:15", "cumulative_total": 22.0 }, "geometry": { "type": "Polygon", "coordinates": [ [ [ -70.468066011181577, 48.397952742121156 ], [ -70.474569735774253, 48.400807304503829 ], [ -70.474109422795735, 48.405985250656954 ], [ -70.467144026695195, 48.408308538362839 ], [ -70.460639818705786, 48.405453540817213 ], [ -70.461101490166513, 48.400275690798942 ], [ -70.468066011181577, 48.397952742121156 ] ] ] } },
{ "type": "Feature", "properties": { "hex_id": 848221, "centroid_lon": -70.462946869181721, "centroid_lat": 48.379564210833209, "occurrences_today": 3, "datetimes_today": "2026-06-19 00:01:38, 2026-06-19 00:16:36, 2026-06-19 00:31:15", "cumulative_total": 22.0 }, "geometry": { "type": "Polygon", "coordinates": [ [ [ -70.4634078874643, 48.3743863208744 ], [ -70.469908414341504, 48.377241053884909 ], [ -70.469448009160431, 48.382418987910192 ], [ -70.462485720357762, 48.384742092806228 ], [ -70.455984710943952, 48.381886924940737 ], [ -70.456446472822321, 48.376709087104402 ], [ -70.4634078874643, 48.3743863208744 ] ] ] } },
{ "type": "Feature", "properties": { "hex_id": 848222, "centroid_lon": -70.461563030897295, "centroid_lat": 48.395097832790263, "occurrences_today": 3, "datetimes_today": "2026-06-19 00:01:38, 2026-06-19 00:16:36, 2026-06-19 00:31:15", "cumulative_total": 22.0 }, "geometry": { "type": "Polygon", "coordinates": [ [ [ -70.462024440945328, 48.389919966792299 ], [ -70.468526807627526, 48.39277483202946 ], [ -70.468066011181577, 48.397952742121156 ], [ -70.461101490166513, 48.400275690798942 ], [ -70.454598640588571, 48.397420390468788 ], [ -70.455060794874285, 48.392242576624078 ], [ -70.462024440945328, 48.389919966792299 ] ] ] } },
{ "type": "Feature", "properties": { "hex_id": 848831, "centroid_lon": -70.456908103992617, "centroid_lat": 48.371531241273196, "occurrences_today": 3, "datetimes_today": "2026-06-19 00:01:38, 2026-06-19 00:16:36, 2026-06-19 00:31:15", "cumulative_total": 22.0 }, "geometry": { "type": "Polygon", "coordinates": [ [ [ -70.457369604501963, 48.366353387448243 ], [ -70.463868775252635, 48.369208422930946 ], [ -70.4634078874643, 48.3743863208744 ], [ -70.456446472822321, 48.376709087104402 ], [ -70.449946820035137, 48.37385361683662 ], [ -70.45040906387932, 48.368675815194109 ], [ -70.457369604501963, 48.366353387448243 ] ] ] } },
{ "type": "Feature", "properties": { "hex_id": 848832, "centroid_lon": -70.455522818310328, "centroid_lat": 48.387064754781015, "occurrences_today": 3, "datetimes_today": "2026-06-19 00:01:38, 2026-06-19 00:16:36, 2026-06-19 00:31:15", "cumulative_total": 22.0 }, "geometry": { "type": "Polygon", "coordinates": [ [ [ -70.455984710943952, 48.381886924940737 ], [ -70.462485720357762, 48.384742092806228 ], [ -70.462024440945328, 48.389919966792299 ], [ -70.455060794874285, 48.392242576624078 ], [ -70.448559303065323, 48.389386973735583 ], [ -70.449021939675362, 48.384209196108522 ], [ -70.455984710943952, 48.381886924940737 ] ] ] } },
{ "type": "Feature", "properties": { "hex_id": 848833, "centroid_lon": -70.454136355405979, "centroid_lat": 48.402598196313967, "occurrences_today": 3, "datetimes_today": "2026-06-19 00:01:38, 2026-06-19 00:16:36, 2026-06-19 00:31:15", "cumulative_total": 22.0 }, "geometry": { "type": "Polygon", "coordinates": [ [ [ -70.454598640588571, 48.397420390468788 ], [ -70.461101490166513, 48.400275690798942 ], [ -70.460639818705786, 48.405453540817213 ], [ -70.453673939279255, 48.407775994158449 ], [ -70.447170606947239, 48.404920258567188 ], [ -70.447633636748563, 48.399742504966071 ], [ -70.454598640588571, 48.397420390468788 ] ] ] } },
{ "type": "Feature", "properties": { "hex_id": 761327, "centroid_lon": -71.623789234726772, "centroid_lat": 45.255085651038108, "occurrences_today": 3, "datetimes_today": "2026-06-19 00:01:38, 2026-06-19 00:16:36, 2026-06-19 00:31:15", "cumulative_total": 18.0 }, "geometry": { "type": "Polygon", "coordinates": [ [ [ -71.624096966424617, 45.249897650994704 ], [ -71.63030405991779, 45.252679715758859 ], [ -71.629996863596375, 45.257867746448433 ], [ -71.623481419360161, 45.260273644707254 ], [ -71.617273874173236, 45.257491197173067 ], [ -71.617582224888451, 45.25230323421335 ], [ -71.624096966424617, 45.249897650994704 ] ] ] } },
{ "type": "Feature", "properties": { "hex_id": 724702, "centroid_lon": -72.00146537997017, "centroid_lat": 45.343592195478699, "occurrences_today": 1, "datetimes_today": "2026-06-19 00:01:38", "cumulative_total": 8.0 }, "geometry": { "type": "Polygon", "coordinates": [ [ [ -72.001739565194967, 45.338402368406875 ], [ -72.00797567299692, 45.34116456207466 ], [ -72.0077020311941, 45.346354416234568 ], [ -72.001191120092102, 45.348782016515393 ], [ -71.994954543533922, 45.346019442073079 ], [ -71.995229346809069, 45.340829648188119 ], [ -72.001739565194967, 45.338402368406875 ] ] ] } },
{ "type": "Feature", "properties": { "hex_id": 689309, "centroid_lon": -72.359595679901759, "centroid_lat": 45.601891618711292, "occurrences_today": 3, "datetimes_today": "2026-06-19 00:01:38, 2026-06-19 00:16:36, 2026-06-19 00:31:15", "cumulative_total": 4.0 }, "geometry": { "type": "Polygon", "coordinates": [ [ [ -72.359839325873935, 45.596700426916399 ], [ -72.366121850573734, 45.599443964619539 ], [ -72.365878760728222, 45.604635180173446 ], [ -72.35935196736483, 45.607082804751613 ], [ -72.353068953114288, 45.604338886004541 ], [ -72.353313221755513, 45.599147723787596 ], [ -72.359839325873935, 45.596700426916399 ] ] ] } },
{ "type": "Feature", "properties": { "hex_id": 689310, "centroid_lon": -72.358864342507289, "centroid_lat": 45.617465159567026, "occurrences_today": 3, "datetimes_today": "2026-06-19 00:01:38, 2026-06-19 00:16:36, 2026-06-19 00:31:15", "cumulative_total": 4.0 }, "geometry": { "type": "Polygon", "coordinates": [ [ [ -72.35910818824081, 45.612273985036957 ], [ -72.365392381768828, 45.615017594031201 ], [ -72.365149092610281, 45.620208792334346 ], [ -72.358620430141897, 45.622656328341435 ], [ -72.352335746681987, 45.619912338096071 ], [ -72.352580215599971, 45.614721193159127 ], [ -72.35910818824081, 45.612273985036957 ] ] ] } },
{ "type": "Feature", "properties": { "hex_id": 689311, "centroid_lon": -72.358132405425849, "centroid_lat": 45.633038648621969, "occurrences_today": 3, "datetimes_today": "2026-06-19 00:01:38, 2026-06-19 00:16:36, 2026-06-19 00:31:15", "cumulative_total": 4.0 }, "geometry": { "type": "Polygon", "coordinates": [ [ [ -72.358376451122226, 45.627847491359859 ], [ -72.364662314823804, 45.630591171687485 ], [ -72.364418826151137, 45.635782352736797 ], [ -72.357888293030371, 45.638229800127384 ], [ -72.35160193901541, 45.635485738341281 ], [ -72.351846608412188, 45.630294610687486 ], [ -72.358376451122226, 45.627847491359859 ] ] ] } },
{ "type": "Feature", "properties": { "hex_id": 689920, "centroid_lon": -72.352824617736573, "centroid_lat": 45.609530042461842, "occurrences_today": 3, "datetimes_today": "2026-06-19 00:01:38, 2026-06-19 00:16:36, 2026-06-19 00:31:15", "cumulative_total": 4.0 }, "geometry": { "type": "Polygon", "coordinates": [ [ [ -72.353068953114288, 45.604338886004541 ], [ -72.35935196736483, 45.607082804751613 ], [ -72.35910818824081, 45.612273985036957 ], [ -72.352580215599971, 45.614721193159127 ], [ -72.346296711865875, 45.611976893211136 ], [ -72.346541670233734, 45.606785766406261 ], [ -72.353068953114288, 45.604338886004541 ] ] ] } },
{ "type": "Feature", "properties": { "hex_id": 689921, "centroid_lon": -72.352091210960225, "centroid_lat": 45.62510347727229, "occurrences_today": 3, "datetimes_today": "2026-06-19 00:01:38, 2026-06-19 00:16:36, 2026-06-19 00:31:15", "cumulative_total": 4.0 }, "geometry": { "type": "Polygon", "coordinates": [ [ [ -72.352335746681987, 45.619912338096071 ], [ -72.358620430141897, 45.622656328341435 ], [ -72.358376451122226, 45.627847491359859 ], [ -72.351846608412188, 45.630294610687486 ], [ -72.345561435087674, 45.627550239033887 ], [ -72.345806594315349, 45.6223591295253 ], [ -72.352335746681987, 45.619912338096071 ] ] ] } },
{ "type": "Feature", "properties": { "hex_id": 689922, "centroid_lon": -72.351357202747423, "centroid_lat": 45.640676860233334, "occurrences_today": 3, "datetimes_today": "2026-06-19 00:01:38, 2026-06-19 00:16:36, 2026-06-19 00:31:15", "cumulative_total": 4.0 }, "geometry": { "type": "Polygon", "coordinates": [ [ [ -72.35160193901541, 45.635485738341281 ], [ -72.357888293030371, 45.638229800127384 ], [ -72.357644113913338, 45.643420945875775 ], [ -72.35111239958573, 45.645867976363299 ], [ -72.344825555324775, 45.643123532961553 ], [ -72.345070915614926, 45.637932440752358 ], [ -72.35160193901541, 45.635485738341281 ] ] ] } },
{ "type": "Feature", "properties": { "hex_id": 689923, "centroid_lon": -72.350622592491163, "centroid_lat": 45.656250191335573, "occurrences_today": 3, "datetimes_today": "2026-06-19 00:01:38, 2026-06-19 00:16:36, 2026-06-19 00:31:15", "cumulative_total": 4.0 }, "geometry": { "type": "Polygon", "coordinates": [ [ [ -72.350867529507809, 45.651059086730832 ], [ -72.357155555424825, 45.653803220100123 ], [ -72.356911176008424, 45.658994348575376 ], [ -72.350377588513282, 45.661441290177173 ], [ -72.34408907196854, 45.658696774984683 ], [ -72.344334633524142, 45.653505700078057 ], [ -72.350867529507809, 45.651059086730832 ] ] ] } },
{ "type": "Feature", "properties": { "hex_id": 690530, "centroid_lon": -72.346786561693321, "centroid_lat": 45.601594633836662, "occurrences_today": 3, "datetimes_today": "2026-06-19 00:01:38, 2026-06-19 00:16:36, 2026-06-19 00:31:15", "cumulative_total": 4.0 }, "geometry": { "type": "Polygon", "coordinates": [ [ [ -72.347031386267091, 45.596403495502713 ], [ -72.353313221755513, 45.599147723787596 ], [ -72.353068953114288, 45.604338886004541 ], [ -72.346541670233734, 45.606785766406261 ], [ -72.340259345709796, 45.604041156970624 ], [ -72.340504793079461, 45.598850048348353 ], [ -72.347031386267091, 45.596403495502713 ] ] ] } },
{ "type": "Feature", "properties": { "hex_id": 690531, "centroid_lon": -72.346051686567236, "centroid_lat": 45.617168014250915, "occurrences_today": 3, "datetimes_today": "2026-06-19 00:01:38, 2026-06-19 00:16:36, 2026-06-19 00:31:15", "cumulative_total": 4.0 }, "geometry": { "type": "Polygon", "coordinates": [ [ [ -72.346296711865875, 45.611976893211136 ], [ -72.352580215599971, 45.614721193159127 ], [ -72.352335746681987, 45.619912338096071 ], [ -72.345806594315349, 45.6223591295253 ], [ -72.339522601165115, 45.619614448219288 ], [ -72.339768249775162, 45.614423356906435 ], [ -72.346296711865875, 45.611976893211136 ] ] ] } },
{ "type": "Feature", "properties": { "hex_id": 690532, "centroid_lon": -72.345316208861718, "centroid_lat": 45.632741342776363, "occurrences_today": 3, "datetimes_today": "2026-06-19 00:01:38, 2026-06-19 00:16:36, 2026-06-19 00:31:15", "cumulative_total": 4.0 }, "geometry": { "type": "Polygon", "coordinates": [ [ [ -72.345561435087674, 45.627550239033887 ], [ -72.351846608412188, 45.630294610687486 ], [ -72.35160193901541, 45.635485738341281 ], [ -72.345070915614926, 45.637932440752358 ], [ -72.338785252493324, 45.635187687533374 ], [ -72.33903110254677, 45.629996613533095 ], [ -72.345561435087674, 45.627550239033887 ] ] ] } },
{ "type": "Feature", "properties": { "hex_id": 690533, "centroid_lon": -72.344580127968698, "centroid_lat": 45.648314619403571, "occurrences_today": 3, "datetimes_today": "2026-06-19 00:01:38, 2026-06-19 00:16:36, 2026-06-19 00:31:15", "cumulative_total": 4.0 }, "geometry": { "type": "Polygon", "coordinates": [ [ [ -72.344825555324775, 45.643123532961553 ], [ -72.35111239958573, 45.645867976363299 ], [ -72.350867529507809, 45.651059086730832 ], [ -72.344334633524142, 45.653505700078057 ], [ -72.338047299084806, 45.650760874903419 ], [ -72.338293350784951, 45.645569818218888 ], [ -72.344825555324775, 45.643123532961553 ] ] ] } },
{ "type": "Feature", "properties": { "hex_id": 691141, "centroid_lon": -72.340013831282533, "centroid_lat": 45.609232259823436, "occurrences_today": 3, "datetimes_today": "2026-06-19 00:01:38, 2026-06-19 00:16:36, 2026-06-19 00:31:15", "cumulative_total": 4.0 }, "geometry": { "type": "Polygon", "coordinates": [ [ [ -72.340259345709796, 45.604041156970624 ], [ -72.346541670233734, 45.606785766406261 ], [ -72.346296711865875, 45.611976893211136 ], [ -72.339768249775162, 45.614423356906435 ], [ -72.333485436283212, 45.611678366163062 ], [ -72.33373157382745, 45.606487293096478 ], [ -72.340259345709796, 45.604041156970624 ] ] ] } },
{ "type": "Feature", "properties": { "hex_id": 691142, "centroid_lon": -72.33927688542984, "centroid_lat": 45.624805533761617, "occurrences_today": 3, "datetimes_today": "2026-06-19 00:01:38, 2026-06-19 00:16:36, 2026-06-19 00:31:15", "cumulative_total": 4.0 }, "geometry": { "type": "Polygon", "coordinates": [ [ [ -72.339522601165115, 45.619614448219288 ], [ -72.345806594315349, 45.6223591295253 ], [ -72.345561435087674, 45.627550239033887 ], [ -72.33903110254677, 45.629996613533095 ], [ -72.332746620048013, 45.627251550712032 ], [ -72.332992959416117, 45.622060494971194 ], [ -72.339522601165115, 45.619614448219288 ] ] ] } },
{ "type": "Feature", "properties": { "hex_id": 691143, "centroid_lon": -72.338539335246921, "centroid_lat": 45.640378755762086, "occurrences_today": 3, "datetimes_today": "2026-06-19 00:01:38, 2026-06-19 00:16:36, 2026-06-19 00:31:15", "cumulative_total": 4.0 }, "geometry": { "type": "Polygon", "coordinates": [ [ [ -72.338785252493324, 45.635187687533374 ], [ -72.345070915614926, 45.637932440752358 ], [ -72.344825555324775, 45.643123532961553 ], [ -72.338293350784951, 45.645569818218888 ], [ -72.332007197933962, 45.642824683277354 ], [ -72.332253739329587, 45.637633644865453 ], [ -72.338785252493324, 45.635187687533374 ] ] ] } },
{ "type": "Feature", "properties": { "hex_id": 691144, "centroid_lon": -72.337801180123861, "centroid_lat": 45.655951925815344, "occurrences_today": 3, "datetimes_today": "2026-06-19 00:01:38, 2026-06-19 00:16:36, 2026-06-19 00:31:15", "cumulative_total": 4.0 }, "geometry": { "type": "Polygon", "coordinates": [ [ [ -72.338047299084806, 45.650760874903419 ], [ -72.344334633524142, 45.653505700078057 ], [ -72.34408907196854, 45.658696774984683 ], [ -72.337554993879479, 45.661142970954295 ], [ -72.331267169329564, 45.658397763849543 ], [ -72.331513912956623, 45.653206742769747 ], [ -72.338047299084806, 45.650760874903419 ] ] ] } },
{ "type": "Feature", "properties": { "hex_id": 691751, "centroid_lon": -72.333977644142266, "centroid_lat": 45.601296214255335, "occurrences_today": 3, "datetimes_today": "2026-06-19 00:01:38, 2026-06-19 00:16:36, 2026-06-19 00:31:15", "cumulative_total": 4.0 }, "geometry": { "type": "Polygon", "coordinates": [ [ [ -72.334223647250241, 45.596105129640009 ], [ -72.340504793079461, 45.598850048348353 ], [ -72.340259345709796, 45.604041156970624 ], [ -72.33373157382745, 45.606487293096478 ], [ -72.327449939478043, 45.603741993130669 ], [ -72.327696565508589, 45.598550938360809 ], [ -72.334223647250241, 45.596105129640009 ] ] ] } },
{ "type": "Feature", "properties": { "hex_id": 691752, "centroid_lon": -72.333239231486985, "centroid_lat": 45.61686943345476, "occurrences_today": 3, "datetimes_today": "2026-06-19 00:01:38, 2026-06-19 00:16:36, 2026-06-19 00:31:15", "cumulative_total": 4.0 }, "geometry": { "type": "Polygon", "coordinates": [ [ [ -72.333485436283212, 45.611678366163062 ], [ -72.339768249775162, 45.614423356906435 ], [ -72.339522601165115, 45.619614448219288 ], [ -72.332992959416117, 45.622060494971194 ], [ -72.326709657023898, 45.619315122763076 ], [ -72.32695648525835, 45.614124085332158 ], [ -72.333485436283212, 45.611678366163062 ] ] ] } },
{ "type": "Feature", "properties": { "hex_id": 691753, "centroid_lon": -72.332500213360049, "centroid_lat": 45.632442600676903, "occurrences_today": 3, "datetimes_today": "2026-06-19 00:01:38, 2026-06-19 00:16:36, 2026-06-19 00:31:15", "cumulative_total": 4.0 }, "geometry": { "type": "Polygon", "coordinates": [ [ [ -72.332746620048013, 45.627251550712032 ], [ -72.33903110254677, 45.629996613533095 ], [ -72.338785252493324, 45.635187687533374 ], [ -72.332253739329587, 45.637633644865453 ], [ -72.325968767550123, 45.634888200372195 ], [ -72.326215798192464, 45.629697180283429 ], [ -72.332746620048013, 45.627251550712032 ] ] ] } },
{ "type": "Feature", "properties": { "hex_id": 691754, "centroid_lon": -72.331760589150534, "centroid_lat": 45.648015715912237, "occurrences_today": 3, "datetimes_today": "2026-06-19 00:01:38, 2026-06-19 00:16:36, 2026-06-19 00:31:15", "cumulative_total": 4.0 }, "geometry": { "type": "Polygon", "coordinates": [ [ [ -72.332007197933962, 45.642824683277354 ], [ -72.338293350784951, 45.645569818218888 ], [ -72.338047299084806, 45.650760874903419 ], [ -72.331513912956623, 45.653206742769747 ], [ -72.325227270444174, 45.650461225948476 ], [ -72.325474503698686, 45.645270223205074 ], [ -72.332007197933962, 45.642824683277354 ] ] ] } },
{ "type": "Feature", "properties": { "hex_id": 692361, "centroid_lon": -72.327943124183122, "centroid_lat": 45.593359877812006, "occurrences_today": 3, "datetimes_today": "2026-06-19 00:01:38, 2026-06-19 00:16:36, 2026-06-19 00:31:15", "cumulative_total": 4.0 }, "geometry": { "type": "Polygon", "coordinates": [ [ [ -72.328189615524238, 45.5881688114846 ], [ -72.33446958317397, 45.590914039250833 ], [ -72.334223647250241, 45.596105129640009 ], [ -72.327696565508589, 45.598550938360809 ], [ -72.321416109786171, 45.595805329387446 ], [ -72.321663223855481, 45.590614292964723 ], [ -72.328189615524238, 45.5881688114846 ] ] ] } },
{ "type": "Feature", "properties": { "hex_id": 692362, "centroid_lon": -72.327203246068848, "centroid_lat": 45.608933042121251, "occurrences_today": 3, "datetimes_today": "2026-06-19 00:01:38, 2026-06-19 00:16:36, 2026-06-19 00:31:15", "cumulative_total": 4.0 }, "geometry": { "type": "Polygon", "coordinates": [ [ [ -72.327449939478043, 45.603741993130669 ], [ -72.33373157382745, 45.606487293096478 ], [ -72.333485436283212, 45.611678366163062 ], [ -72.32695648525835, 45.614124085332158 ], [ -72.320674362456614, 45.611378403951967 ], [ -72.320921679109418, 45.606187384881416 ], [ -72.327449939478043, 45.603741993130669 ] ] ] } },
{ "type": "Feature", "properties": { "hex_id": 692363, "centroid_lon": -72.326462761342825, "centroid_lat": 45.624506154413616, "occurrences_today": 3, "datetimes_today": "2026-06-19 00:01:38, 2026-06-19 00:16:36, 2026-06-19 00:31:15", "cumulative_total": 4.0 }, "geometry": { "type": "Polygon", "coordinates": [ [ [ -72.326709657023898, 45.619315122763076 ], [ -72.332992959416117, 45.622060494971194 ], [ -72.332746620048013, 45.627251550712032 ], [ -72.326215798192464, 45.629697180283429 ], [ -72.319932006967917, 45.626951426453523 ], [ -72.320179526408566, 45.621760424738362 ], [ -72.326709657023898, 45.619315122763076 ] ] ] } },
{ "type": "Feature", "properties": { "hex_id": 692364, "centroid_lon": -72.325721669393104, "centroid_lat": 45.640079214679517, "occurrences_today": 3, "datetimes_today": "2026-06-19 00:01:38, 2026-06-19 00:16:36, 2026-06-19 00:31:15", "cumulative_total": 4.0 }, "geometry": { "type": "Polygon", "coordinates": [ [ [ -72.325968767550123, 45.634888200372195 ], [ -72.332253739329587, 45.637633644865453 ], [ -72.332007197933962, 45.642824683277354 ], [ -72.325474503698686, 45.645270223205074 ], [ -72.319189042706569, 45.642524396882493 ], [ -72.31943676513967, 45.637333412525933 ], [ -72.325968767550123, 45.634888200372195 ] ] ] } },
{ "type": "Feature", "properties": { "hex_id": 692972, "centroid_lon": -72.321168928211705, "centroid_lat": 45.60099636002645, "occurrences_today": 3, "datetimes_today": "2026-06-19 00:01:38, 2026-06-19 00:16:36, 2026-06-19 00:31:15", "cumulative_total": 4.0 }, "geometry": { "type": "Polygon", "coordinates": [ [ [ -72.321416109786171, 45.595805329387446 ], [ -72.327696565508589, 45.598550938360809 ], [ -72.327449939478043, 45.603741993130669 ], [ -72.320921679109418, 45.606187384881416 ], [ -72.31464073538227, 45.603441394544006 ], [ -72.314888540005782, 45.598250393884236 ], [ -72.321416109786171, 45.595805329387446 ] ] ] } },
{ "type": "Feature", "properties": { "hex_id": 692973, "centroid_lon": -72.320426978230557, "centroid_lat": 45.61656941723772, "occurrences_today": 3, "datetimes_today": "2026-06-19 00:01:38, 2026-06-19 00:16:36, 2026-06-19 00:31:15", "cumulative_total": 4.0 }, "geometry": { "type": "Polygon", "coordinates": [ [ [ -72.320674362456614, 45.611378403951967 ], [ -72.32695648525835, 45.614124085332158 ], [ -72.326709657023898, 45.619315122763076 ], [ -72.320179526408566, 45.621760424738362 ], [ -72.313896915222529, 45.619014361786768 ], [ -72.314144923013401, 45.613823378495631 ], [ -72.320674362456614, 45.611378403951967 ] ] ] } },
{ "type": "Feature", "properties": { "hex_id": 692975, "centroid_lon": -72.318941252563803, "centroid_lat": 45.647715375452144, "occurrences_today": 3, "datetimes_today": "2026-06-19 00:01:38, 2026-06-19 00:16:36, 2026-06-19 00:31:15", "cumulative_total": 4.0 }, "geometry": { "type": "Polygon", "coordinates": [ [ [ -72.319189042706569, 45.642524396882493 ], [ -72.325474503698686, 45.645270223205074 ], [ -72.325227270444174, 45.650461225948476 ], [ -72.318693394688594, 45.652906348234509 ], [ -72.312407444552051, 45.650160139925454 ], [ -72.312655859292747, 45.644969191381293 ], [ -72.319189042706569, 45.642524396882493 ] ] ] } },
{ "type": "Feature", "properties": { "hex_id": 693582, "centroid_lon": -72.315136276952359, "centroid_lat": 45.59305938743563, "occurrences_today": 3, "datetimes_today": "2026-06-19 00:01:38, 2026-06-19 00:16:36, 2026-06-19 00:31:15", "cumulative_total": 4.0 }, "geometry": { "type": "Polygon", "coordinates": [ [ [ -72.315383946244694, 45.587868375198546 ], [ -72.321663223855481, 45.590614292964723 ], [ -72.321416109786171, 45.595805329387446 ], [ -72.314888540005782, 45.598250393884236 ], [ -72.308608774837538, 45.595504094804419 ], [ -72.308857066984416, 45.590313112605763 ], [ -72.315383946244694, 45.587868375198546 ] ] ] } },
{ "type": "Feature", "properties": { "hex_id": 693583, "centroid_lon": -72.314392863059041, "centroid_lat": 45.608632389414595, "occurrences_today": 3, "datetimes_today": "2026-06-19 00:01:38, 2026-06-19 00:16:36, 2026-06-19 00:31:15", "cumulative_total": 4.0 }, "geometry": { "type": "Polygon", "coordinates": [ [ [ -72.31464073538227, 45.603441394544006 ], [ -72.320921679109418, 45.606187384881416 ], [ -72.320674362456614, 45.611378403951967 ], [ -72.314144923013401, 45.613823378495631 ], [ -72.307863491349664, 45.611077006637274 ], [ -72.308111987042949, 45.60588604182054 ], [ -72.31464073538227, 45.603441394544006 ] ] ] } },
{ "type": "Feature", "properties": { "hex_id": 694193, "centroid_lon": -72.308360414864637, "centroid_lat": 45.600695071209458, "occurrences_today": 3, "datetimes_today": "2026-06-19 00:01:38, 2026-06-19 00:16:36, 2026-06-19 00:31:15", "cumulative_total": 4.0 }, "geometry": { "type": "Polygon", "coordinates": [ [ [ -72.308608774837538, 45.595504094804419 ], [ -72.314888540005782, 45.598250393884236 ], [ -72.31464073538227, 45.603441394544006 ], [ -72.308111987042949, 45.60588604182054 ], [ -72.301831734385544, 45.603139361270195 ], [ -72.302080717533812, 45.597948414978191 ], [ -72.308608774837538, 45.595504094804419 ] ] ] } },
{ "type": "Feature", "properties": { "hex_id": 694194, "centroid_lon": -72.307614927761961, "centroid_lat": 45.616267965659311, "occurrences_today": 3, "datetimes_today": "2026-06-19 00:01:38, 2026-06-19 00:16:36, 2026-06-19 00:31:15", "cumulative_total": 4.0 }, "geometry": { "type": "Polygon", "coordinates": [ [ [ -72.307863491349664, 45.611077006637274 ], [ -72.314144923013401, 45.613823378495631 ], [ -72.313896915222529, 45.619014361786768 ], [ -72.307366296257015, 45.621458918886304 ], [ -72.301084376725086, 45.618712165350018 ], [ -72.301333564004025, 45.613521236456471 ], [ -72.307863491349664, 45.611077006637274 ] ] ] } },
{ "type": "Feature", "properties": { "hex_id": 694803, "centroid_lon": -72.302329632684234, "centroid_lat": 45.592757462887405, "occurrences_today": 3, "datetimes_today": "2026-06-19 00:01:38, 2026-06-19 00:16:36, 2026-06-19 00:31:15", "cumulative_total": 4.0 }, "geometry": { "type": "Polygon", "coordinates": [ [ [ -72.302578479859648, 45.587566504998236 ], [ -72.308857066984416, 45.590313112605763 ], [ -72.308608774837538, 45.595504094804419 ], [ -72.302080717533812, 45.597948414978191 ], [ -72.295801643366929, 45.595201425950613 ], [ -72.296051113523063, 45.590010498233625 ], [ -72.302578479859648, 45.587566504998236 ] ] ] } },
{ "type": "Feature", "properties": { "hex_id": 694804, "centroid_lon": -72.301582683216566, "centroid_lat": 45.60833030176309, "occurrences_today": 3, "datetimes_today": "2026-06-19 00:01:38, 2026-06-19 00:16:36, 2026-06-19 00:31:15", "cumulative_total": 4.0 }, "geometry": { "type": "Polygon", "coordinates": [ [ [ -72.301831734385544, 45.603139361270195 ], [ -72.308111987042949, 45.60588604182054 ], [ -72.307863491349664, 45.611077006637274 ], [ -72.301333564004025, 45.613521236456471 ], [ -72.295052823925928, 45.610774174278738 ], [ -72.295302498591269, 45.605583263973536 ], [ -72.301831734385544, 45.603139361270195 ] ] ] } },
{ "type": "Feature", "properties": { "hex_id": 695414, "centroid_lon": -72.295552105063976, "centroid_lat": 45.600392347864037, "occurrences_today": 3, "datetimes_today": "2026-06-19 00:01:38, 2026-06-19 00:16:36, 2026-06-19 00:31:15", "cumulative_total": 4.0 }, "geometry": { "type": "Polygon", "coordinates": [ [ [ -72.295801643366929, 45.595201425950613 ], [ -72.302080717533812, 45.597948414978191 ], [ -72.301831734385544, 45.603139361270195 ], [ -72.295302498591269, 45.605583263973536 ], [ -72.289022937450895, 45.60283589336909 ], [ -72.289273099055379, 45.597645001702503 ], [ -72.295801643366929, 45.595201425950613 ] ] ] } },
{ "type": "Feature", "properties": { "hex_id": 696025, "centroid_lon": -72.288772707504734, "centroid_lat": 45.608026779226577, "occurrences_today": 3, "datetimes_today": "2026-06-19 00:01:38, 2026-06-19 00:16:36, 2026-06-19 00:31:15", "cumulative_total": 4.0 }, "geometry": { "type": "Polygon", "coordinates": [ [ [ -72.289022937450895, 45.60283589336909 ], [ -72.295302498591269, 45.605583263973536 ], [ -72.295052823925928, 45.610774174278738 ], [ -72.288522409193945, 45.613217659274568 ], [ -72.282242361148874, 45.610469906936402 ], [ -72.282493214717505, 45.605279051400451 ], [ -72.289022937450895, 45.60283589336909 ] ] ] } },
{ "type": "Feature", "properties": { "hex_id": 696634, "centroid_lon": -72.283495944085615, "centroid_lat": 45.584515571117301, "occurrences_today": 3, "datetimes_today": "2026-06-19 00:01:38, 2026-06-19 00:16:36, 2026-06-19 00:31:15", "cumulative_total": 4.0 }, "geometry": { "type": "Polygon", "coordinates": [ [ [ -72.283746455316034, 45.579324686513502 ], [ -72.290023174048315, 45.582072291851716 ], [ -72.28977321733116, 45.587263200943454 ], [ -72.283245364433554, 45.58970644990827 ], [ -72.276968159621163, 45.586958463094305 ], [ -72.277219293763508, 45.581767608855543 ], [ -72.283746455316034, 45.579324686513502 ] ] ] } },
{ "type": "Feature", "properties": { "hex_id": 696635, "centroid_lon": -72.282743999772492, "centroid_lat": 45.600088190050201, "occurrences_today": 3, "datetimes_today": "2026-06-19 00:01:38, 2026-06-19 00:16:36, 2026-06-19 00:31:15", "cumulative_total": 4.0 }, "geometry": { "type": "Polygon", "coordinates": [ [ [ -72.282994716336844, 45.59489732288602 ], [ -72.289273099055379, 45.597645001702503 ], [ -72.289022937450895, 45.60283589336909 ], [ -72.282493214717505, 45.605279051400451 ], [ -72.276214345541248, 45.602530990900846 ], [ -72.276465685533083, 45.597340154117312 ], [ -72.282994716336844, 45.59489732288602 ] ] ] } }
]
}
