{
"type": "FeatureCollection",
"name": "daily_2026-09-15",
"crs": { "type": "name", "properties": { "name": "urn:ogc:def:crs:OGC:1.3:CRS84" } },
"features": [
{ "type": "Feature", "properties": { "hex_id": 371869, "centroid_lon": -75.6977860716772, "centroid_lat": 45.942077960745173, "occurrences_today": 6, "datetimes_today": "2026-09-15 00:32:23, 2026-09-15 00:46:40, 2026-09-15 01:01:47, 2026-09-15 01:17:03, 2026-09-15 01:32:09, 2026-09-15 01:47:32", "cumulative_total": 293.0 }, "geometry": { "type": "Polygon", "coordinates": [ [ [ -75.697720893311228, 45.936881940071295 ], [ -75.704203218167422, 45.939440387444236 ], [ -75.704269007925475, 45.944636398577188 ], [ -75.69785126794261, 45.947273976601572 ], [ -75.691368313791884, 45.944715175925154 ], [ -75.691303728924638, 45.939519150593426 ], [ -75.697720893311228, 45.936881940071295 ] ] ] } },
{ "type": "Feature", "properties": { "hex_id": 371870, "centroid_lon": -75.697981714196032, "centroid_lat": 45.957665993862008, "occurrences_today": 6, "datetimes_today": "2026-09-15 00:32:23, 2026-09-15 00:46:40, 2026-09-15 01:01:47, 2026-09-15 01:17:03, 2026-09-15 01:32:09, 2026-09-15 01:47:32", "cumulative_total": 293.0 }, "geometry": { "type": "Polygon", "coordinates": [ [ [ -75.697916482113527, 45.952469987640512 ], [ -75.704400641651375, 45.955028406386717 ], [ -75.704466485631485, 45.960224403063336 ], [ -75.698046964196209, 45.962861995266053 ], [ -75.69156217484003, 45.960303223023438 ], [ -75.691497536743555, 45.955107212140149 ], [ -75.697916482113527, 45.952469987640512 ] ] ] } },
{ "type": "Feature", "properties": { "hex_id": 372480, "centroid_lon": -75.691432916396181, "centroid_lat": 45.949911196440731, "occurrences_today": 6, "datetimes_today": "2026-09-15 00:32:23, 2026-09-15 00:46:40, 2026-09-15 01:01:47, 2026-09-15 01:17:03, 2026-09-15 01:32:09, 2026-09-15 01:47:32", "cumulative_total": 293.0 }, "geometry": { "type": "Polygon", "coordinates": [ [ [ -75.691368313791884, 45.944715175925154 ], [ -75.69785126794261, 45.947273976601572 ], [ -75.697916482113527, 45.952469987640512 ], [ -75.691497536743555, 45.955107212140149 ], [ -75.685013953280119, 45.95254805799523 ], [ -75.684949944505391, 45.947352032884808 ], [ -75.691368313791884, 45.944715175925154 ] ] ] } },
{ "type": "Feature", "properties": { "hex_id": 373090, "centroid_lon": -75.684885953305283, "centroid_lat": 45.942156002959535, "occurrences_today": 6, "datetimes_today": "2026-09-15 00:32:23, 2026-09-15 00:46:40, 2026-09-15 01:01:47, 2026-09-15 01:17:03, 2026-09-15 01:32:09, 2026-09-15 01:47:32", "cumulative_total": 293.0 }, "geometry": { "type": "Polygon", "coordinates": [ [ [ -75.684821979673799, 45.936959968219398 ], [ -75.691303728924638, 45.939519150593426 ], [ -75.691368313791884, 45.944715175925154 ], [ -75.684949944505391, 45.947352032884808 ], [ -75.678467566447154, 45.944792497070225 ], [ -75.678404186488777, 45.939596457802146 ], [ -75.684821979673799, 45.936959968219398 ] ] ] } },
{ "type": "Feature", "properties": { "hex_id": 373091, "centroid_lon": -75.685077979635437, "centroid_lat": 45.957744078290808, "occurrences_today": 6, "datetimes_today": "2026-09-15 00:32:23, 2026-09-15 00:46:40, 2026-09-15 01:01:47, 2026-09-15 01:17:03, 2026-09-15 01:32:09, 2026-09-15 01:47:32", "cumulative_total": 293.0 }, "geometry": { "type": "Polygon", "coordinates": [ [ [ -75.685013953280119, 45.95254805799523 ], [ -75.691497536743555, 45.955107212140149 ], [ -75.69156217484003, 45.960303223023438 ], [ -75.685142023577299, 45.96294009377155 ], [ -75.678657810783179, 45.960380585993065 ], [ -75.678594378588443, 45.955184561165673 ], [ -75.685013953280119, 45.95254805799523 ] ] ] } },
{ "type": "Feature", "properties": { "hex_id": 373700, "centroid_lon": -75.678340823930697, "centroid_lat": 45.93440041372051, "occurrences_today": 6, "datetimes_today": "2026-09-15 00:32:23, 2026-09-15 00:46:40, 2026-09-15 01:01:47, 2026-09-15 01:17:03, 2026-09-15 01:32:09, 2026-09-15 01:47:32", "cumulative_total": 195.0 }, "geometry": { "type": "Polygon", "coordinates": [ [ [ -75.678277478767001, 45.929204364825253 ], [ -75.684758023604999, 45.931763928664409 ], [ -75.684821979673799, 45.936959968219398 ], [ -75.678404186488777, 45.939596457802146 ], [ -75.671923013348319, 45.937036540550437 ], [ -75.671860261701255, 45.931840487194158 ], [ -75.678277478767001, 45.929204364825253 ] ] ] } },
{ "type": "Feature", "properties": { "hex_id": 373701, "centroid_lon": -75.678530963811738, "centroid_lat": 45.949988531524738, "occurrences_today": 6, "datetimes_today": "2026-09-15 00:32:23, 2026-09-15 00:46:40, 2026-09-15 01:01:47, 2026-09-15 01:17:03, 2026-09-15 01:32:09, 2026-09-15 01:47:32", "cumulative_total": 293.0 }, "geometry": { "type": "Polygon", "coordinates": [ [ [ -75.678467566447154, 45.944792497070225 ], [ -75.684949944505391, 45.947352032884808 ], [ -75.685013953280119, 45.95254805799523 ], [ -75.678594378588443, 45.955184561165673 ], [ -75.672111371704986, 45.952624671745532 ], [ -75.672048568344337, 45.947428632826131 ], [ -75.678467566447154, 45.944792497070225 ] ] ] } },
{ "type": "Feature", "properties": { "hex_id": 373702, "centroid_lon": -75.678721260401858, "centroid_lat": 45.965576606006913, "occurrences_today": 6, "datetimes_today": "2026-09-15 00:32:23, 2026-09-15 00:46:40, 2026-09-15 01:01:47, 2026-09-15 01:17:03, 2026-09-15 01:32:09, 2026-09-15 01:47:32", "cumulative_total": 195.0 }, "geometry": { "type": "Polygon", "coordinates": [ [ [ -75.678657810783179, 45.960380585993065 ], [ -75.685142023577299, 45.96294009377155 ], [ -75.685206085111687, 45.968136104437491 ], [ -75.678784727450406, 45.970772621207232 ], [ -75.672299885307751, 45.968212759630077 ], [ -75.672237030180824, 45.963016735147498 ], [ -75.678657810783179, 45.960380585993065 ] ] ] } },
{ "type": "Feature", "properties": { "hex_id": 374311, "centroid_lon": -75.671985782227409, "centroid_lat": 45.942232589094438, "occurrences_today": 6, "datetimes_today": "2026-09-15 00:32:23, 2026-09-15 00:46:40, 2026-09-15 01:01:47, 2026-09-15 01:17:03, 2026-09-15 01:32:09, 2026-09-15 01:47:32", "cumulative_total": 293.0 }, "geometry": { "type": "Polygon", "coordinates": [ [ [ -75.671923013348319, 45.937036540550437 ], [ -75.678404186488777, 45.939596457802146 ], [ -75.678467566447154, 45.944792497070225 ], [ -75.672048568344337, 45.947428632826131 ], [ -75.665566766883813, 45.944868361996896 ], [ -75.665504591852041, 45.939672309054899 ], [ -75.671923013348319, 45.937036540550437 ] ] ] } },
{ "type": "Feature", "properties": { "hex_id": 374312, "centroid_lon": -75.672174192315182, "centroid_lat": 45.957820705852654, "occurrences_today": 6, "datetimes_today": "2026-09-15 00:32:23, 2026-09-15 00:46:40, 2026-09-15 01:01:47, 2026-09-15 01:17:03, 2026-09-15 01:32:09, 2026-09-15 01:47:32", "cumulative_total": 293.0 }, "geometry": { "type": "Polygon", "coordinates": [ [ [ -75.672111371704986, 45.952624671745532 ], [ -75.678594378588443, 45.955184561165673 ], [ -75.678657810783179, 45.960380585993065 ], [ -75.672237030180824, 45.963016735147498 ], [ -75.665753394454484, 45.960456491956727 ], [ -75.665691168179237, 45.955260453447799 ], [ -75.672111371704986, 45.952624671745532 ] ] ] } },
{ "type": "Feature", "properties": { "hex_id": 374921, "centroid_lon": -75.665442433889808, "centroid_lat": 45.934476251301867, "occurrences_today": 6, "datetimes_today": "2026-09-15 00:32:23, 2026-09-15 00:46:40, 2026-09-15 01:01:47, 2026-09-15 01:17:03, 2026-09-15 01:32:09, 2026-09-15 01:47:32", "cumulative_total": 245.0 }, "geometry": { "type": "Polygon", "coordinates": [ [ [ -75.665380292991344, 45.929280188737764 ], [ -75.671860261701255, 45.931840487194158 ], [ -75.671923013348319, 45.937036540550437 ], [ -75.665504591852041, 45.939672309054899 ], [ -75.659023995326862, 45.937111657049073 ], [ -75.658962448119041, 45.931915590153849 ], [ -75.665380292991344, 45.929280188737764 ] ] ] } },
{ "type": "Feature", "properties": { "hex_id": 374922, "centroid_lon": -75.665628958990951, "centroid_lat": 45.950064410127858, "occurrences_today": 6, "datetimes_today": "2026-09-15 00:32:23, 2026-09-15 00:46:40, 2026-09-15 01:01:47, 2026-09-15 01:17:03, 2026-09-15 01:32:09, 2026-09-15 01:47:32", "cumulative_total": 293.0 }, "geometry": { "type": "Polygon", "coordinates": [ [ [ -75.665566766883813, 45.944868361996896 ], [ -75.672048568344337, 45.947428632826131 ], [ -75.672111371704986, 45.952624671745532 ], [ -75.665691168179237, 45.955260453447799 ], [ -75.659208738381153, 45.952699828876042 ], [ -75.659147140452163, 45.947503776410166 ], [ -75.665566766883813, 45.944868361996896 ] ] ] } },
{ "type": "Feature", "properties": { "hex_id": 374923, "centroid_lon": -75.66581563782249, "centroid_lat": 45.96565252565464, "occurrences_today": 6, "datetimes_today": "2026-09-15 00:32:23, 2026-09-15 00:46:40, 2026-09-15 01:01:47, 2026-09-15 01:17:03, 2026-09-15 01:32:09, 2026-09-15 01:47:32", "cumulative_total": 195.0 }, "geometry": { "type": "Polygon", "coordinates": [ [ [ -75.665753394454484, 45.960456491956727 ], [ -75.672237030180824, 45.963016735147498 ], [ -75.672299885307751, 45.968212759630077 ], [ -75.665877898289068, 45.970848554541561 ], [ -75.659393633702337, 45.9682879574151 ], [ -75.659331985000478, 45.963091919378499 ], [ -75.665753394454484, 45.960456491956727 ] ] ] } },
{ "type": "Feature", "properties": { "hex_id": 375532, "centroid_lon": -75.659085559435994, "centroid_lat": 45.942307719134533, "occurrences_today": 6, "datetimes_today": "2026-09-15 00:32:23, 2026-09-15 00:46:40, 2026-09-15 01:01:47, 2026-09-15 01:17:03, 2026-09-15 01:32:09, 2026-09-15 01:47:32", "cumulative_total": 395.0 }, "geometry": { "type": "Polygon", "coordinates": [ [ [ -75.659023995326862, 45.937111657049073 ], [ -75.665504591852041, 45.939672309054899 ], [ -75.665566766883813, 45.944868361996896 ], [ -75.659147140452163, 45.947503776410166 ], [ -75.652665916094421, 45.944942770689963 ], [ -75.652604946006619, 45.939746704336478 ], [ -75.659023995326862, 45.937111657049073 ] ] ] } },
{ "type": "Feature", "properties": { "hex_id": 375533, "centroid_lon": -75.659270353228663, "centroid_lat": 45.957895876532156, "occurrences_today": 6, "datetimes_today": "2026-09-15 00:32:23, 2026-09-15 00:46:40, 2026-09-15 01:01:47, 2026-09-15 01:17:03, 2026-09-15 01:32:09, 2026-09-15 01:47:32", "cumulative_total": 195.0 }, "geometry": { "type": "Polygon", "coordinates": [ [ [ -75.659208738381153, 45.952699828876042 ], [ -75.665691168179237, 45.955260453447799 ], [ -75.665753394454484, 45.960456491956727 ], [ -75.659331985000478, 45.963091919378499 ], [ -75.652848926847511, 45.960530940899183 ], [ -75.652787906509161, 45.955334888971308 ], [ -75.659208738381153, 45.952699828876042 ] ] ] } },
{ "type": "Feature", "properties": { "hex_id": 376142, "centroid_lon": -75.652543992657655, "centroid_lat": 45.934550633174439, "occurrences_today": 6, "datetimes_today": "2026-09-15 00:32:23, 2026-09-15 00:46:40, 2026-09-15 01:01:47, 2026-09-15 01:17:03, 2026-09-15 01:32:09, 2026-09-15 01:47:32", "cumulative_total": 317.0 }, "geometry": { "type": "Polygon", "coordinates": [ [ [ -75.652483056041802, 45.929354557203823 ], [ -75.658962448119041, 45.931915590153849 ], [ -75.659023995326862, 45.937111657049073 ], [ -75.652604946006619, 45.939746704336478 ], [ -75.646124926601445, 45.937185317700248 ], [ -75.646064583850105, 45.931989237528448 ], [ -75.652483056041802, 45.929354557203823 ] ] ] } },
{ "type": "Feature", "properties": { "hex_id": 376143, "centroid_lon": -75.652726902926688, "centroid_lat": 45.950138832234906, "occurrences_today": 6, "datetimes_today": "2026-09-15 00:32:23, 2026-09-15 00:46:40, 2026-09-15 01:01:47, 2026-09-15 01:17:03, 2026-09-15 01:32:09, 2026-09-15 01:47:32", "cumulative_total": 395.0 }, "geometry": { "type": "Polygon", "coordinates": [ [ [ -75.652665916094421, 45.944942770689963 ], [ -75.659147140452163, 45.947503776410166 ], [ -75.659208738381153, 45.952699828876042 ], [ -75.652787906509161, 45.955334888971308 ], [ -75.646306054301689, 45.952773529371719 ], [ -75.646245661821595, 45.947577463621883 ], [ -75.652665916094421, 45.944942770689963 ] ] ] } },
{ "type": "Feature", "properties": { "hex_id": 376144, "centroid_lon": -75.652909963947408, "centroid_lat": 45.965726988018531, "occurrences_today": 6, "datetimes_today": "2026-09-15 00:32:23, 2026-09-15 00:46:40, 2026-09-15 01:01:47, 2026-09-15 01:17:03, 2026-09-15 01:32:09, 2026-09-15 01:47:32", "cumulative_total": 195.0 }, "geometry": { "type": "Polygon", "coordinates": [ [ [ -75.652848926847511, 45.960530940899183 ], [ -75.659331985000478, 45.963091919378499 ], [ -75.659393633702337, 45.9682879574151 ], [ -75.652971017814579, 45.970923030329381 ], [ -75.646487331289535, 45.968361697777439 ], [ -75.64642688903001, 45.963165646449475 ], [ -75.652848926847511, 45.960530940899183 ] ] ] } },
{ "type": "Feature", "properties": { "hex_id": 376753, "centroid_lon": -75.646185285923394, "centroid_lat": 45.942381393064728, "occurrences_today": 6, "datetimes_today": "2026-09-15 00:32:23, 2026-09-15 00:46:40, 2026-09-15 01:01:47, 2026-09-15 01:17:03, 2026-09-15 01:32:09, 2026-09-15 01:47:32", "cumulative_total": 343.0 }, "geometry": { "type": "Polygon", "coordinates": [ [ [ -75.646124926601445, 45.937185317700248 ], [ -75.652604946006619, 45.939746704336478 ], [ -75.652665916094421, 45.944942770689963 ], [ -75.646245661821595, 45.947577463621883 ], [ -75.639765015071532, 45.94501572313451 ], [ -75.639705249944782, 45.939819643631978 ], [ -75.646124926601445, 45.937185317700248 ] ] ] } },
{ "type": "Feature", "properties": { "hex_id": 376754, "centroid_lon": -75.646366463369276, "centroid_lat": 45.957969590314249, "occurrences_today": 6, "datetimes_today": "2026-09-15 00:32:23, 2026-09-15 00:46:40, 2026-09-15 01:01:47, 2026-09-15 01:17:03, 2026-09-15 01:32:09, 2026-09-15 01:47:32", "cumulative_total": 195.0 }, "geometry": { "type": "Polygon", "coordinates": [ [ [ -75.646306054301689, 45.952773529371719 ], [ -75.652787906509161, 45.955334888971308 ], [ -75.652848926847511, 45.960530940899183 ], [ -75.64642688903001, 45.963165646449475 ], [ -75.639944408955827, 45.960603932805505 ], [ -75.63988459457147, 45.955407867721256 ], [ -75.646306054301689, 45.952773529371719 ] ] ] } },
{ "type": "Feature", "properties": { "hex_id": 376755, "centroid_lon": -75.646547790153477, "centroid_lat": 45.973557744298112, "occurrences_today": 6, "datetimes_today": "2026-09-15 00:32:23, 2026-09-15 00:46:40, 2026-09-15 01:01:47, 2026-09-15 01:17:03, 2026-09-15 01:32:09, 2026-09-15 01:47:32", "cumulative_total": 195.0 }, "geometry": { "type": "Polygon", "coordinates": [ [ [ -75.646487331289535, 45.968361697777439 ], [ -75.652971017814579, 45.970923030329381 ], [ -75.653032088454694, 45.976119067831753 ], [ -75.646608265627492, 45.978753786011531 ], [ -75.640123950713388, 45.976192099221798 ], [ -75.640064087021202, 45.970996048555747 ], [ -75.646487331289535, 45.968361697777439 ] ] ] } },
{ "type": "Feature", "properties": { "hex_id": 377363, "centroid_lon": -75.639645501226099, "centroid_lat": 45.934623559323342, "occurrences_today": 6, "datetimes_today": "2026-09-15 00:32:23, 2026-09-15 00:46:40, 2026-09-15 01:01:47, 2026-09-15 01:17:03, 2026-09-15 01:32:09, 2026-09-15 01:47:32", "cumulative_total": 195.0 }, "geometry": { "type": "Polygon", "coordinates": [ [ [ -75.639585768909896, 45.929427470208545 ], [ -75.646064583850105, 45.931989237528448 ], [ -75.646124926601445, 45.937185317700248 ], [ -75.639705249944782, 45.939819643631978 ], [ -75.633225808164184, 45.937257522489212 ], [ -75.633166669886194, 45.932061429303204 ], [ -75.639585768909896, 45.929427470208545 ] ] ] } },
{ "type": "Feature", "properties": { "hex_id": 377364, "centroid_lon": -75.63982479661189, "centroid_lat": 45.950211797830939, "occurrences_today": 6, "datetimes_today": "2026-09-15 00:32:23, 2026-09-15 00:46:40, 2026-09-15 01:01:47, 2026-09-15 01:17:03, 2026-09-15 01:32:09, 2026-09-15 01:47:32", "cumulative_total": 195.0 }, "geometry": { "type": "Polygon", "coordinates": [ [ [ -75.639765015071532, 45.94501572313451 ], [ -75.646245661821595, 45.947577463621883 ], [ -75.646306054301689, 45.952773529371719 ], [ -75.63988459457147, 45.955407867721256 ], [ -75.633403320459692, 45.952845773217774 ], [ -75.633344133445419, 45.94764969444649 ], [ -75.639765015071532, 45.94501572313451 ] ] ] } },
{ "type": "Feature", "properties": { "hex_id": 377365, "centroid_lon": -75.640004239770533, "centroid_lat": 45.96579999308365, "occurrences_today": 6, "datetimes_today": "2026-09-15 00:32:23, 2026-09-15 00:46:40, 2026-09-15 01:01:47, 2026-09-15 01:17:03, 2026-09-15 01:32:09, 2026-09-15 01:47:32", "cumulative_total": 195.0 }, "geometry": { "type": "Polygon", "coordinates": [ [ [ -75.639944408955827, 45.960603932805505 ], [ -75.64642688903001, 45.963165646449475 ], [ -75.646487331289535, 45.968361697777439 ], [ -75.640064087021202, 45.970996048555747 ], [ -75.633580979063467, 45.968433980702315 ], [ -75.633521743263202, 45.963237916345669 ], [ -75.639944408955827, 45.960603932805505 ] ] ] } },
{ "type": "Feature", "properties": { "hex_id": 377974, "centroid_lon": -75.633284962682083, "centroid_lat": 45.942453610870309, "occurrences_today": 6, "datetimes_today": "2026-09-15 00:32:23, 2026-09-15 00:46:40, 2026-09-15 01:01:47, 2026-09-15 01:17:03, 2026-09-15 01:32:09, 2026-09-15 01:47:32", "cumulative_total": 195.0 }, "geometry": { "type": "Polygon", "coordinates": [ [ [ -75.633225808164184, 45.937257522489212 ], [ -75.639705249944782, 45.939819643631978 ], [ -75.639765015071532, 45.94501572313451 ], [ -75.633344133445419, 45.94764969444649 ], [ -75.626864064807762, 45.945087219315923 ], [ -75.62680550465879, 45.939891126926788 ], [ -75.633225808164184, 45.937257522489212 ] ] ] } },
{ "type": "Feature", "properties": { "hex_id": 377975, "centroid_lon": -75.633462523730458, "centroid_lat": 45.958041847184163, "occurrences_today": 6, "datetimes_today": "2026-09-15 00:32:23, 2026-09-15 00:46:40, 2026-09-15 01:01:47, 2026-09-15 01:17:03, 2026-09-15 01:32:09, 2026-09-15 01:47:32", "cumulative_total": 195.0 }, "geometry": { "type": "Polygon", "coordinates": [ [ [ -75.633403320459692, 45.952845773217774 ], [ -75.63988459457147, 45.955407867721256 ], [ -75.639944408955827, 45.960603932805505 ], [ -75.633521743263202, 45.963237916345669 ], [ -75.627039841773069, 45.960675467661048 ], [ -75.626981233359444, 45.955479389683035 ], [ -75.633403320459692, 45.952845773217774 ] ] ] } },
{ "type": "Feature", "properties": { "hex_id": 377976, "centroid_lon": -75.633640231136781, "centroid_lat": 45.973630040254108, "occurrences_today": 6, "datetimes_today": "2026-09-15 00:32:23, 2026-09-15 00:46:40, 2026-09-15 01:01:47, 2026-09-15 01:17:03, 2026-09-15 01:32:09, 2026-09-15 01:47:32", "cumulative_total": 195.0 }, "geometry": { "type": "Polygon", "coordinates": [ [ [ -75.633580979063467, 45.968433980702315 ], [ -75.640064087021202, 45.970996048555747 ], [ -75.640123950713388, 45.976192099221798 ], [ -75.633699499488685, 45.978826095001054 ], [ -75.62721576363073, 45.976263672773023 ], [ -75.62715710690324, 45.971067609206024 ], [ -75.633580979063467, 45.968433980702315 ] ] ] } },
{ "type": "Feature", "properties": { "hex_id": 378584, "centroid_lon": -75.626746960587099, "centroid_lat": 45.93469502973393, "occurrences_today": 6, "datetimes_today": "2026-09-15 00:32:23, 2026-09-15 00:46:40, 2026-09-15 01:01:47, 2026-09-15 01:17:03, 2026-09-15 01:32:09, 2026-09-15 01:47:32", "cumulative_total": 201.0 }, "geometry": { "type": "Polygon", "coordinates": [ [ [ -75.626688432587258, 45.929498927737313 ], [ -75.633166669886194, 45.932061429303204 ], [ -75.633225808164184, 45.937257522489212 ], [ -75.62680550465879, 45.939891126926788 ], [ -75.620326641007154, 45.937328271401483 ], [ -75.620268707219068, 45.932132165463642 ], [ -75.626688432587258, 45.929498927737313 ] ] ] } },
{ "type": "Feature", "properties": { "hex_id": 378585, "centroid_lon": -75.626922641039499, "centroid_lat": 45.950283306901333, "occurrences_today": 6, "datetimes_today": "2026-09-15 00:32:23, 2026-09-15 00:46:40, 2026-09-15 01:01:47, 2026-09-15 01:17:03, 2026-09-15 01:32:09, 2026-09-15 01:47:32", "cumulative_total": 272.0 }, "geometry": { "type": "Polygon", "coordinates": [ [ [ -75.626864064807762, 45.945087219315923 ], [ -75.633344133445419, 45.94764969444649 ], [ -75.633403320459692, 45.952845773217774 ], [ -75.626981233359444, 45.955479389683035 ], [ -75.620500537848301, 45.952916560399714 ], [ -75.620442556316377, 45.947720468869505 ], [ -75.626864064807762, 45.945087219315923 ] ] ] } },
{ "type": "Feature", "properties": { "hex_id": 378586, "centroid_lon": -75.627098466285844, "centroid_lat": 45.965871540835359, "occurrences_today": 6, "datetimes_today": "2026-09-15 00:32:23, 2026-09-15 00:46:40, 2026-09-15 01:01:47, 2026-09-15 01:17:03, 2026-09-15 01:32:09, 2026-09-15 01:47:32", "cumulative_total": 203.0 }, "geometry": { "type": "Polygon", "coordinates": [ [ [ -75.627039841773069, 45.960675467661048 ], [ -75.633521743263202, 45.963237916345669 ], [ -75.633580979063467, 45.968433980702315 ], [ -75.62715710690324, 45.971067609206024 ], [ -75.620674578018267, 45.96850480617524 ], [ -75.620616548693832, 45.963308729052557 ], [ -75.627039841773069, 45.960675467661048 ] ] ] } },
{ "type": "Feature", "properties": { "hex_id": 379195, "centroid_lon": -75.620384590704461, "centroid_lat": 45.942524372536774, "occurrences_today": 6, "datetimes_today": "2026-09-15 00:32:23, 2026-09-15 00:46:40, 2026-09-15 01:01:47, 2026-09-15 01:17:03, 2026-09-15 01:32:09, 2026-09-15 01:47:32", "cumulative_total": 195.0 }, "geometry": { "type": "Polygon", "coordinates": [ [ [ -75.620326641007154, 45.937328271401483 ], [ -75.62680550465879, 45.939891126926788 ], [ -75.626864064807762, 45.945087219315923 ], [ -75.620442556316377, 45.947720468869505 ], [ -75.613963066295753, 45.945157259219862 ], [ -75.613905711140916, 45.939961154206586 ], [ -75.620326641007154, 45.937328271401483 ] ] ] } },
{ "type": "Feature", "properties": { "hex_id": 379196, "centroid_lon": -75.620558535305662, "centroid_lat": 45.958112647127393, "occurrences_today": 6, "datetimes_today": "2026-09-15 00:32:23, 2026-09-15 00:46:40, 2026-09-15 01:01:47, 2026-09-15 01:17:03, 2026-09-15 01:32:09, 2026-09-15 01:47:32", "cumulative_total": 195.0 }, "geometry": { "type": "Polygon", "coordinates": [ [ [ -75.620500537848301, 45.952916560399714 ], [ -75.626981233359444, 45.955479389683035 ], [ -75.627039841773069, 45.960675467661048 ], [ -75.620616548693832, 45.963308729052557 ], [ -75.614135226292873, 45.960745545451481 ], [ -75.614077823866381, 45.955549454842298 ], [ -75.620500537848301, 45.952916560399714 ] ] ] } },
{ "type": "Feature", "properties": { "hex_id": 379197, "centroid_lon": -75.620732623284354, "centroid_lat": 45.973700878495421, "occurrences_today": 6, "datetimes_today": "2026-09-15 00:32:23, 2026-09-15 00:46:40, 2026-09-15 01:01:47, 2026-09-15 01:17:03, 2026-09-15 01:32:09, 2026-09-15 01:47:32", "cumulative_total": 195.0 }, "geometry": { "type": "Polygon", "coordinates": [ [ [ -75.620674578018267, 45.96850480617524 ], [ -75.62715710690324, 45.971067609206024 ], [ -75.62721576363073, 45.976263672773023 ], [ -75.620790684497521, 45.97889694601313 ], [ -75.614307528201365, 45.976333788471059 ], [ -75.614250078455015, 45.971137712265843 ], [ -75.620674578018267, 45.96850480617524 ] ] ] } },
{ "type": "Feature", "properties": { "hex_id": 820053, "centroid_lon": -70.878457102573975, "centroid_lat": 47.070235781467474, "occurrences_today": 8, "datetimes_today": "2026-09-15 00:01:45, 2026-09-15 00:17:01, 2026-09-15 00:32:23, 2026-09-15 00:46:40, 2026-09-15 01:01:47, 2026-09-15 01:17:03, 2026-09-15 01:32:09, 2026-09-15 01:47:32", "cumulative_total": 156.0 }, "geometry": { "type": "Polygon", "coordinates": [ [ [ -70.878857210026396, 47.065053858627159 ], [ -70.885225208619218, 47.067881386314212 ], [ -70.884825678883857, 47.073063348117174 ], [ -70.878056883885918, 47.075417696992972 ], [ -70.871688418831056, 47.072589756350276 ], [ -70.872089215197391, 47.067407879854528 ], [ -70.878857210026396, 47.065053858627159 ] ] ] } },
{ "type": "Feature", "properties": { "hex_id": 372478, "centroid_lon": -75.691045566705711, "centroid_lat": 45.918735001104849, "occurrences_today": 6, "datetimes_today": "2026-09-15 00:32:23, 2026-09-15 00:46:40, 2026-09-15 01:01:47, 2026-09-15 01:17:03, 2026-09-15 01:32:09, 2026-09-15 01:47:32", "cumulative_total": 175.0 }, "geometry": { "type": "Polygon", "coordinates": [ [ [ -75.690981070433423, 45.913538951692225 ], [ -75.697460358720079, 45.916097809200991 ], [ -75.697525465549077, 45.921293849144817 ], [ -75.691110080684965, 45.923931045701273 ], [ -75.68463016413159, 45.921371835109767 ], [ -75.684566260715087, 45.916175781110105 ], [ -75.690981070433423, 45.913538951692225 ] ] ] } },
{ "type": "Feature", "properties": { "hex_id": 372479, "centroid_lon": -75.691239161788403, "centroid_lat": 45.934323120445555, "occurrences_today": 6, "datetimes_today": "2026-09-15 00:32:23, 2026-09-15 00:46:40, 2026-09-15 01:01:47, 2026-09-15 01:17:03, 2026-09-15 01:32:09, 2026-09-15 01:47:32", "cumulative_total": 175.0 }, "geometry": { "type": "Polygon", "coordinates": [ [ [ -75.691174612377196, 45.929127085481497 ], [ -75.697655732838584, 45.931685914579973 ], [ -75.697720893311228, 45.936881940071295 ], [ -75.691303728924638, 45.939519150593426 ], [ -75.684821979673799, 45.936959968219398 ], [ -75.684758023604999, 45.931763928664409 ], [ -75.691174612377196, 45.929127085481497 ] ] ] } },
{ "type": "Feature", "properties": { "hex_id": 373086, "centroid_lon": -75.68411942755435, "centroid_lat": 45.879803268294772, "occurrences_today": 6, "datetimes_today": "2026-09-15 00:32:23, 2026-09-15 00:46:40, 2026-09-15 01:01:47, 2026-09-15 01:17:03, 2026-09-15 01:32:09, 2026-09-15 01:47:32", "cumulative_total": 261.0 }, "geometry": { "type": "Polygon", "coordinates": [ [ [ -75.684055664282212, 45.874607175775679 ], [ -75.690530091818275, 45.877166470949895 ], [ -75.690594464309825, 45.882362554076067 ], [ -75.684183208323745, 45.884999355998914 ], [ -75.677708154068043, 45.882439708155161 ], [ -75.677644982524001, 45.877243611123568 ], [ -75.684055664282212, 45.874607175775679 ] ] ] } },
{ "type": "Feature", "properties": { "hex_id": 373087, "centroid_lon": -75.684310822378066, "centroid_lat": 45.89539151696237, "occurrences_today": 6, "datetimes_today": "2026-09-15 00:32:23, 2026-09-15 00:46:40, 2026-09-15 01:01:47, 2026-09-15 01:17:03, 2026-09-15 01:32:09, 2026-09-15 01:47:32", "cumulative_total": 212.0 }, "geometry": { "type": "Polygon", "coordinates": [ [ [ -75.684247006596337, 45.890195438888107 ], [ -75.690723262293858, 45.892754705879696 ], [ -75.69078768779832, 45.89795077455716 ], [ -75.684374655674858, 45.900587590221669 ], [ -75.677897772736571, 45.898027970367949 ], [ -75.677834549168452, 45.892831887777348 ], [ -75.684247006596337, 45.890195438888107 ] ] ] } },
{ "type": "Feature", "properties": { "hex_id": 373088, "centroid_lon": -75.684502374837422, "centroid_lat": 45.910979722295529, "occurrences_today": 6, "datetimes_today": "2026-09-15 00:32:23, 2026-09-15 00:46:40, 2026-09-15 01:01:47, 2026-09-15 01:17:03, 2026-09-15 01:32:09, 2026-09-15 01:47:32", "cumulative_total": 175.0 }, "geometry": { "type": "Polygon", "coordinates": [ [ [ -75.684438506492668, 45.90578365866606 ], [ -75.690916591862091, 45.90834289746342 ], [ -75.690981070433423, 45.913538951692225 ], [ -75.684566260715087, 45.916175781110105 ], [ -75.678087547583218, 45.913616189257901 ], [ -75.678024271938071, 45.908420121108222 ], [ -75.684438506492668, 45.90578365866606 ] ] ] } },
{ "type": "Feature", "properties": { "hex_id": 373089, "centroid_lon": -75.684694085092914, "centroid_lat": 45.926567884294528, "occurrences_today": 6, "datetimes_today": "2026-09-15 00:32:23, 2026-09-15 00:46:40, 2026-09-15 01:01:47, 2026-09-15 01:17:03, 2026-09-15 01:32:09, 2026-09-15 01:47:32", "cumulative_total": 175.0 }, "geometry": { "type": "Polygon", "coordinates": [ [ [ -75.68463016413159, 45.921371835109767 ], [ -75.691110080684965, 45.923931045701273 ], [ -75.691174612377196, 45.929127085481497 ], [ -75.684758023604999, 45.931763928664409 ], [ -75.678277478767001, 45.929204364825253 ], [ -75.678214150991778, 45.924008311116424 ], [ -75.68463016413159, 45.921371835109767 ] ] ] } },
{ "type": "Feature", "properties": { "hex_id": 373696, "centroid_lon": -75.677581828309556, "centroid_lat": 45.872047509278289, "occurrences_today": 6, "datetimes_today": "2026-09-15 00:32:23, 2026-09-15 00:46:40, 2026-09-15 01:01:47, 2026-09-15 01:17:03, 2026-09-15 01:32:09, 2026-09-15 01:47:32", "cumulative_total": 368.0 }, "geometry": { "type": "Polygon", "coordinates": [ [ [ -75.67751869141884, 45.866851402619325 ], [ -75.683991918501405, 45.86941107844163 ], [ -75.684055664282212, 45.874607175775679 ], [ -75.677644982524001, 45.877243611123568 ], [ -75.671171129224675, 45.874683582659678 ], [ -75.671108583906189, 45.86948747155494 ], [ -75.67751869141884, 45.866851402619325 ] ] ] } },
{ "type": "Feature", "properties": { "hex_id": 373697, "centroid_lon": -75.67777134294758, "centroid_lat": 45.88763580037309, "occurrences_today": 6, "datetimes_today": "2026-09-15 00:32:23, 2026-09-15 00:46:40, 2026-09-15 01:01:47, 2026-09-15 01:17:03, 2026-09-15 01:32:09, 2026-09-15 01:47:32", "cumulative_total": 212.0 }, "geometry": { "type": "Polygon", "coordinates": [ [ [ -75.677708154068043, 45.882439708155161 ], [ -75.684183208323745, 45.884999355998914 ], [ -75.684247006596337, 45.890195438888107 ], [ -75.677834549168452, 45.892831887777348 ], [ -75.671358868175389, 45.890271887099416 ], [ -75.671296271353441, 45.885075790431912 ], [ -75.677708154068043, 45.882439708155161 ] ] ] } },
{ "type": "Feature", "properties": { "hex_id": 373698, "centroid_lon": -75.677961013657807, "centroid_lat": 45.903224048144907, "occurrences_today": 6, "datetimes_today": "2026-09-15 00:32:23, 2026-09-15 00:46:40, 2026-09-15 01:01:47, 2026-09-15 01:17:03, 2026-09-15 01:32:09, 2026-09-15 01:47:32", "cumulative_total": 175.0 }, "geometry": { "type": "Polygon", "coordinates": [ [ [ -75.677897772736571, 45.898027970367949 ], [ -75.684374655674858, 45.900587590221669 ], [ -75.684438506492668, 45.90578365866606 ], [ -75.678024271938071, 45.908420121108222 ], [ -75.671546761741268, 45.905860148227639 ], [ -75.671484113363476, 45.900664065997269 ], [ -75.677897772736571, 45.898027970367949 ] ] ] } },
{ "type": "Feature", "properties": { "hex_id": 373699, "centroid_lon": -75.678150840599159, "centroid_lat": 45.918812252593966, "occurrences_today": 6, "datetimes_today": "2026-09-15 00:32:23, 2026-09-15 00:46:40, 2026-09-15 01:01:47, 2026-09-15 01:17:03, 2026-09-15 01:32:09, 2026-09-15 01:47:32", "cumulative_total": 175.0 }, "geometry": { "type": "Polygon", "coordinates": [ [ [ -75.678087547583218, 45.913616189257901 ], [ -75.684566260715087, 45.916175781110105 ], [ -75.68463016413159, 45.921371835109767 ], [ -75.678214150991778, 45.924008311116424 ], [ -75.671734810079712, 45.921448366044565 ], [ -75.671672110093553, 45.916252298251273 ], [ -75.678087547583218, 45.913616189257901 ] ] ] } },
{ "type": "Feature", "properties": { "hex_id": 374307, "centroid_lon": -75.671233691705154, "centroid_lat": 45.879879688951995, "occurrences_today": 6, "datetimes_today": "2026-09-15 00:32:23, 2026-09-15 00:46:40, 2026-09-15 01:01:47, 2026-09-15 01:17:03, 2026-09-15 01:32:09, 2026-09-15 01:47:32", "cumulative_total": 260.0 }, "geometry": { "type": "Polygon", "coordinates": [ [ [ -75.671171129224675, 45.874683582659678 ], [ -75.677644982524001, 45.877243611123568 ], [ -75.677708154068043, 45.882439708155161 ], [ -75.671296271353441, 45.885075790431912 ], [ -75.664821791819847, 45.882515409161819 ], [ -75.664759821240921, 45.877319298486661 ], [ -75.671171129224675, 45.874683582659678 ] ] ] } },
{ "type": "Feature", "properties": { "hex_id": 374308, "centroid_lon": -75.671421482176783, "centroid_lat": 45.895467978954549, "occurrences_today": 6, "datetimes_today": "2026-09-15 00:32:23, 2026-09-15 00:46:40, 2026-09-15 01:01:47, 2026-09-15 01:17:03, 2026-09-15 01:32:09, 2026-09-15 01:47:32", "cumulative_total": 212.0 }, "geometry": { "type": "Polygon", "coordinates": [ [ [ -75.671358868175389, 45.890271887099416 ], [ -75.677834549168452, 45.892831887777348 ], [ -75.677897772736571, 45.898027970367949 ], [ -75.671484113363476, 45.900664065997269 ], [ -75.665007805615474, 45.898103712320477 ], [ -75.664945784001347, 45.892907616078716 ], [ -75.671358868175389, 45.890271887099416 ] ] ] } },
{ "type": "Feature", "properties": { "hex_id": 374309, "centroid_lon": -75.671609427316014, "centroid_lat": 45.91105622564563, "occurrences_today": 6, "datetimes_today": "2026-09-15 00:32:23, 2026-09-15 00:46:40, 2026-09-15 01:01:47, 2026-09-15 01:17:03, 2026-09-15 01:32:09, 2026-09-15 01:47:32", "cumulative_total": 175.0 }, "geometry": { "type": "Polygon", "coordinates": [ [ [ -75.671546761741268, 45.905860148227639 ], [ -75.678024271938071, 45.908420121108222 ], [ -75.678087547583218, 45.913616189257901 ], [ -75.671672110093553, 45.916252298251273 ], [ -75.665193972620642, 45.913691972179038 ], [ -75.665131899919345, 45.908495890370617 ], [ -75.671546761741268, 45.905860148227639 ] ] ] } },
{ "type": "Feature", "properties": { "hex_id": 374310, "centroid_lon": -75.671797527280333, "centroid_lat": 45.926644429025529, "occurrences_today": 6, "datetimes_today": "2026-09-15 00:32:23, 2026-09-15 00:46:40, 2026-09-15 01:01:47, 2026-09-15 01:17:03, 2026-09-15 01:32:09, 2026-09-15 01:47:32", "cumulative_total": 175.0 }, "geometry": { "type": "Polygon", "coordinates": [ [ [ -75.671734810079712, 45.921448366044565 ], [ -75.678214150991778, 45.924008311116424 ], [ -75.678277478767001, 45.929204364825253 ], [ -75.671860261701255, 45.931840487194158 ], [ -75.665380292991344, 45.929280188737764 ], [ -75.665318169150865, 45.924084121362611 ], [ -75.671734810079712, 45.921448366044565 ] ] ] } },
{ "type": "Feature", "properties": { "hex_id": 374917, "centroid_lon": -75.664697867662227, "centroid_lat": 45.872123183000333, "occurrences_today": 6, "datetimes_today": "2026-09-15 00:32:23, 2026-09-15 00:46:40, 2026-09-15 01:01:47, 2026-09-15 01:17:03, 2026-09-15 01:32:09, 2026-09-15 01:47:32", "cumulative_total": 260.0 }, "geometry": { "type": "Polygon", "coordinates": [ [ [ -75.664635931077967, 45.866927062702835 ], [ -75.671108583906189, 45.86948747155494 ], [ -75.671171129224675, 45.874683582659678 ], [ -75.664759821240921, 45.877319298486661 ], [ -75.65828654268114, 45.874758536856383 ], [ -75.658225197842427, 45.869562412242765 ], [ -75.664635931077967, 45.866927062702835 ] ] ] } },
{ "type": "Feature", "properties": { "hex_id": 374918, "centroid_lon": -75.664883779404718, "centroid_lat": 45.887711515025849, "occurrences_today": 6, "datetimes_today": "2026-09-15 00:32:23, 2026-09-15 00:46:40, 2026-09-15 01:01:47, 2026-09-15 01:17:03, 2026-09-15 01:32:09, 2026-09-15 01:47:32", "cumulative_total": 260.0 }, "geometry": { "type": "Polygon", "coordinates": [ [ [ -75.664821791819847, 45.882515409161819 ], [ -75.671296271353441, 45.885075790431912 ], [ -75.671358868175389, 45.890271887099416 ], [ -75.664945784001347, 45.892907616078716 ], [ -75.658470678216048, 45.890346881837822 ], [ -75.658409282862252, 45.885150771653919 ], [ -75.664821791819847, 45.882515409161819 ] ] ] } },
{ "type": "Feature", "properties": { "hex_id": 374919, "centroid_lon": -75.665069844252884, "centroid_lat": 45.903299803751096, "occurrences_today": 6, "datetimes_today": "2026-09-15 00:32:23, 2026-09-15 00:46:40, 2026-09-15 01:01:47, 2026-09-15 01:17:03, 2026-09-15 01:32:09, 2026-09-15 01:47:32", "cumulative_total": 175.0 }, "geometry": { "type": "Polygon", "coordinates": [ [ [ -75.665007805615474, 45.898103712320477 ], [ -75.671484113363476, 45.900664065997269 ], [ -75.671546761741268, 45.905860148227639 ], [ -75.665131899919345, 45.908495890370617 ], [ -75.658654965399023, 45.905935183530239 ], [ -75.658593519478728, 45.900739087775968 ], [ -75.665007805615474, 45.898103712320477 ] ] ] } },
{ "type": "Feature", "properties": { "hex_id": 374920, "centroid_lon": -75.665256062362559, "centroid_lat": 45.918888049176353, "occurrences_today": 6, "datetimes_today": "2026-09-15 00:32:23, 2026-09-15 00:46:40, 2026-09-15 01:01:47, 2026-09-15 01:17:03, 2026-09-15 01:32:09, 2026-09-15 01:47:32", "cumulative_total": 175.0 }, "geometry": { "type": "Polygon", "coordinates": [ [ [ -75.665193972620642, 45.913691972179038 ], [ -75.671672110093553, 45.916252298251273 ], [ -75.671734810079712, 45.921448366044565 ], [ -75.665318169150865, 45.924084121362611 ], [ -75.658839404384423, 45.921523441933914 ], [ -75.658777907846158, 45.916327360609188 ], [ -75.665193972620642, 45.913691972179038 ] ] ] } },
{ "type": "Feature", "properties": { "hex_id": 375527, "centroid_lon": -75.658163869830659, "centroid_lat": 45.864366282819212, "occurrences_today": 6, "datetimes_today": "2026-09-15 00:32:23, 2026-09-15 00:46:40, 2026-09-15 01:01:47, 2026-09-15 01:17:03, 2026-09-15 01:32:09, 2026-09-15 01:47:32", "cumulative_total": 148.0 }, "geometry": { "type": "Polygon", "coordinates": [ [ [ -75.658102558640138, 45.859170148585712 ], [ -75.664574011482387, 45.861730937594174 ], [ -75.664635931077967, 45.866927062702835 ], [ -75.658225197842427, 45.869562412242765 ], [ -75.65175311977103, 45.867001270484181 ], [ -75.651692400169992, 45.86180513200123 ], [ -75.658102558640138, 45.859170148585712 ] ] ] } },
{ "type": "Feature", "properties": { "hex_id": 375528, "centroid_lon": -75.658347904352524, "centroid_lat": 45.879954656660104, "occurrences_today": 6, "datetimes_today": "2026-09-15 00:32:23, 2026-09-15 00:46:40, 2026-09-15 01:01:47, 2026-09-15 01:17:03, 2026-09-15 01:32:09, 2026-09-15 01:47:32", "cumulative_total": 260.0 }, "geometry": { "type": "Polygon", "coordinates": [ [ [ -75.65828654268114, 45.874758536856383 ], [ -75.664759821240921, 45.877319298486661 ], [ -75.664821791819847, 45.882515409161819 ], [ -75.658409282862252, 45.885150771653919 ], [ -75.651935378553716, 45.882589657080914 ], [ -75.651874608957229, 45.877393533024012 ], [ -75.65828654268114, 45.874758536856383 ] ] ] } },
{ "type": "Feature", "properties": { "hex_id": 375529, "centroid_lon": -75.658532090419641, "centroid_lat": 45.895542987211847, "occurrences_today": 6, "datetimes_today": "2026-09-15 00:32:23, 2026-09-15 00:46:40, 2026-09-15 01:01:47, 2026-09-15 01:17:03, 2026-09-15 01:32:09, 2026-09-15 01:47:32", "cumulative_total": 223.0 }, "geometry": { "type": "Polygon", "coordinates": [ [ [ -75.658470678216048, 45.890346881837822 ], [ -75.664945784001347, 45.892907616078716 ], [ -75.665007805615474, 45.898103712320477 ], [ -75.658593519478728, 45.900739087775968 ], [ -75.652117787424544, 45.898178000399568 ], [ -75.652056967781718, 45.892981890768667 ], [ -75.658470678216048, 45.890346881837822 ] ] ] } },
{ "type": "Feature", "properties": { "hex_id": 375530, "centroid_lon": -75.658716428186253, "centroid_lat": 45.911131274474641, "occurrences_today": 6, "datetimes_today": "2026-09-15 00:32:23, 2026-09-15 00:46:40, 2026-09-15 01:01:47, 2026-09-15 01:17:03, 2026-09-15 01:32:09, 2026-09-15 01:47:32", "cumulative_total": 175.0 }, "geometry": { "type": "Polygon", "coordinates": [ [ [ -75.658654965399023, 45.905935183530239 ], [ -75.665131899919345, 45.908495890370617 ], [ -75.665193972620642, 45.913691972179038 ], [ -75.658777907846158, 45.916327360609188 ], [ -75.652300346536236, 45.91376630044045 ], [ -75.65223947679614, 45.908570205235442 ], [ -75.658654965399023, 45.905935183530239 ] ] ] } },
{ "type": "Feature", "properties": { "hex_id": 375531, "centroid_lon": -75.658900917806818, "centroid_lat": 45.926719518448792, "occurrences_today": 6, "datetimes_today": "2026-09-15 00:32:23, 2026-09-15 00:46:40, 2026-09-15 01:01:47, 2026-09-15 01:17:03, 2026-09-15 01:32:09, 2026-09-15 01:47:32", "cumulative_total": 177.0 }, "geometry": { "type": "Polygon", "coordinates": [ [ [ -75.658839404384423, 45.921523441933914 ], [ -75.665318169150865, 45.924084121362611 ], [ -75.665380292991344, 45.929280188737764 ], [ -75.658962448119041, 45.931915590153849 ], [ -75.652483056041802, 45.929354557203823 ], [ -75.652422136153405, 45.924158476424637 ], [ -75.658839404384423, 45.921523441933914 ] ] ] } },
{ "type": "Feature", "properties": { "hex_id": 376138, "centroid_lon": -75.651813856031538, "centroid_lat": 45.872197404158442, "occurrences_today": 6, "datetimes_today": "2026-09-15 00:32:23, 2026-09-15 00:46:40, 2026-09-15 01:01:47, 2026-09-15 01:17:03, 2026-09-15 01:32:09, 2026-09-15 01:47:32", "cumulative_total": 260.0 }, "geometry": { "type": "Polygon", "coordinates": [ [ [ -75.65175311977103, 45.867001270484181 ], [ -75.658225197842427, 45.869562412242765 ], [ -75.65828654268114, 45.874758536856383 ], [ -75.651874608957229, 45.877393533024012 ], [ -75.645401905639659, 45.874832038350831 ], [ -75.645341761297814, 45.869635900490074 ], [ -75.65175311977103, 45.867001270484181 ] ] ] } },
{ "type": "Feature", "properties": { "hex_id": 376139, "centroid_lon": -75.651996164826656, "centroid_lat": 45.887785776329117, "occurrences_today": 6, "datetimes_today": "2026-09-15 00:32:23, 2026-09-15 00:46:40, 2026-09-15 01:01:47, 2026-09-15 01:17:03, 2026-09-15 01:32:09, 2026-09-15 01:47:32", "cumulative_total": 271.0 }, "geometry": { "type": "Polygon", "coordinates": [ [ [ -75.651935378553716, 45.882589657080914 ], [ -75.658409282862252, 45.885150771653919 ], [ -75.658470678216048, 45.890346881837822 ], [ -75.652056967781718, 45.892981890768667 ], [ -75.645582437707375, 45.890420423088294 ], [ -75.64552224383884, 45.885224299649934 ], [ -75.651935378553716, 45.882589657080914 ] ] ] } },
{ "type": "Feature", "properties": { "hex_id": 376140, "centroid_lon": -75.65217862376079, "centroid_lat": 45.903374105221815, "occurrences_today": 6, "datetimes_today": "2026-09-15 00:32:23, 2026-09-15 00:46:40, 2026-09-15 01:01:47, 2026-09-15 01:17:03, 2026-09-15 01:32:09, 2026-09-15 01:47:32", "cumulative_total": 175.0 }, "geometry": { "type": "Polygon", "coordinates": [ [ [ -75.652117787424544, 45.898178000399568 ], [ -75.658593519478728, 45.900739087775968 ], [ -75.658654965399023, 45.905935183530239 ], [ -75.65223947679614, 45.908570205235442 ], [ -75.645763118455974, 45.906008764558841 ], [ -75.645702875010343, 45.900812655542744 ], [ -75.652117787424544, 45.898178000399568 ] ] ] } },
{ "type": "Feature", "properties": { "hex_id": 376141, "centroid_lon": -75.652361232986777, "centroid_lat": 45.918962390836846, "occurrences_today": 6, "datetimes_today": "2026-09-15 00:32:23, 2026-09-15 00:46:40, 2026-09-15 01:01:47, 2026-09-15 01:17:03, 2026-09-15 01:32:09, 2026-09-15 01:47:32", "cumulative_total": 175.0 }, "geometry": { "type": "Polygon", "coordinates": [ [ [ -75.652300346536236, 45.91376630044045 ], [ -75.658777907846158, 45.916327360609188 ], [ -75.658839404384423, 45.921523441933914 ], [ -75.652422136153405, 45.924158476424637 ], [ -75.645943948036802, 45.921597062762743 ], [ -75.645883654963598, 45.91640096816883 ], [ -75.652300346536236, 45.91376630044045 ] ] ] } },
{ "type": "Feature", "properties": { "hex_id": 376748, "centroid_lon": -75.645281633453678, "centroid_lat": 45.864439757821856, "occurrences_today": 6, "datetimes_today": "2026-09-15 00:32:23, 2026-09-15 00:46:40, 2026-09-15 01:01:47, 2026-09-15 01:17:03, 2026-09-15 01:32:09, 2026-09-15 01:47:32", "cumulative_total": 150.0 }, "geometry": { "type": "Polygon", "coordinates": [ [ [ -75.645221522101664, 45.859243610346148 ], [ -75.651692400169992, 45.86180513200123 ], [ -75.65175311977103, 45.867001270484181 ], [ -75.645341761297814, 45.869635900490074 ], [ -75.638870258485568, 45.867074025948526 ], [ -75.638810738896026, 45.861877874352992 ], [ -75.645221522101664, 45.859243610346148 ] ] ] } },
{ "type": "Feature", "properties": { "hex_id": 376749, "centroid_lon": -75.645462066484797, "centroid_lat": 45.880028171404106, "occurrences_today": 6, "datetimes_today": "2026-09-15 00:32:23, 2026-09-15 00:46:40, 2026-09-15 01:01:47, 2026-09-15 01:17:03, 2026-09-15 01:32:09, 2026-09-15 01:47:32", "cumulative_total": 270.0 }, "geometry": { "type": "Polygon", "coordinates": [ [ [ -75.645401905639659, 45.874832038350831 ], [ -75.651874608957229, 45.877393533024012 ], [ -75.651935378553716, 45.882589657080914 ], [ -75.64552224383884, 45.885224299649934 ], [ -75.639048915258229, 45.882662451897552 ], [ -75.63898934666112, 45.877466314720799 ], [ -75.645401905639659, 45.874832038350831 ] ] ] } },
{ "type": "Feature", "properties": { "hex_id": 376750, "centroid_lon": -75.645642648096015, "centroid_lat": 45.895616541719257, "occurrences_today": 6, "datetimes_today": "2026-09-15 00:32:23, 2026-09-15 00:46:40, 2026-09-15 01:01:47, 2026-09-15 01:17:03, 2026-09-15 01:32:09, 2026-09-15 01:47:32", "cumulative_total": 223.0 }, "geometry": { "type": "Polygon", "coordinates": [ [ [ -75.645582437707375, 45.890420423088294 ], [ -75.652056967781718, 45.892981890768667 ], [ -75.652117787424544, 45.898178000399568 ], [ -75.645702875010343, 45.900812655542744 ], [ -75.639227719153311, 45.898250834590357 ], [ -75.639168101498782, 45.89305471183232 ], [ -75.645582437707375, 45.890420423088294 ] ] ] } },
{ "type": "Feature", "properties": { "hex_id": 376751, "centroid_lon": -75.645823378438521, "centroid_lat": 45.911204868767527, "occurrences_today": 6, "datetimes_today": "2026-09-15 00:32:23, 2026-09-15 00:46:40, 2026-09-15 01:01:47, 2026-09-15 01:17:03, 2026-09-15 01:32:09, 2026-09-15 01:47:32", "cumulative_total": 175.0 }, "geometry": { "type": "Polygon", "coordinates": [ [ [ -75.645763118455974, 45.906008764558841 ], [ -75.65223947679614, 45.908570205235442 ], [ -75.652300346536236, 45.91376630044045 ], [ -75.645883654963598, 45.91640096816883 ], [ -75.639406670320554, 45.913839174027267 ], [ -75.639347003558655, 45.908643065687826 ], [ -75.645763118455974, 45.906008764558841 ] ] ] } },
{ "type": "Feature", "properties": { "hex_id": 376752, "centroid_lon": -75.646004257663776, "centroid_lat": 45.926793152549273, "occurrences_today": 6, "datetimes_today": "2026-09-15 00:32:23, 2026-09-15 00:46:40, 2026-09-15 01:01:47, 2026-09-15 01:17:03, 2026-09-15 01:32:09, 2026-09-15 01:47:32", "cumulative_total": 177.0 }, "geometry": { "type": "Polygon", "coordinates": [ [ [ -75.645943948036802, 45.921597062762743 ], [ -75.652422136153405, 45.924158476424637 ], [ -75.652483056041802, 45.929354557203823 ], [ -75.646064583850105, 45.931989237528448 ], [ -75.639585768909896, 45.929427470208545 ], [ -75.639526052990618, 45.924231376287622 ], [ -75.645943948036802, 45.921597062762743 ] ] ] } },
{ "type": "Feature", "properties": { "hex_id": 377359, "centroid_lon": -75.638929794405414, "centroid_lat": 45.872270172737799, "occurrences_today": 6, "datetimes_today": "2026-09-15 00:32:23, 2026-09-15 00:46:40, 2026-09-15 01:01:47, 2026-09-15 01:17:03, 2026-09-15 01:32:09, 2026-09-15 01:47:32", "cumulative_total": 272.0 }, "geometry": { "type": "Polygon", "coordinates": [ [ [ -75.638870258485568, 45.867074025948526 ], [ -75.645341761297814, 45.869635900490074 ], [ -75.645401905639659, 45.874832038350831 ], [ -75.63898934666112, 45.877466314720799 ], [ -75.632517219088271, 45.874904087128286 ], [ -75.632458275260078, 45.869707936282204 ], [ -75.638870258485568, 45.867074025948526 ] ] ] } },
{ "type": "Feature", "properties": { "hex_id": 377360, "centroid_lon": -75.639108500202269, "centroid_lat": 45.887858584268066, "occurrences_today": 6, "datetimes_today": "2026-09-15 00:32:23, 2026-09-15 00:46:40, 2026-09-15 01:01:47, 2026-09-15 01:17:03, 2026-09-15 01:32:09, 2026-09-15 01:47:32", "cumulative_total": 223.0 }, "geometry": { "type": "Polygon", "coordinates": [ [ [ -75.639048915258229, 45.882662451897552 ], [ -75.64552224383884, 45.885224299649934 ], [ -75.645582437707375, 45.890420423088294 ], [ -75.639168101498782, 45.89305471183232 ], [ -75.632694147638418, 45.890492510836161 ], [ -75.632635155271942, 45.88529637440525 ], [ -75.639048915258229, 45.882662451897552 ] ] ] } },
{ "type": "Feature", "properties": { "hex_id": 377361, "centroid_lon": -75.639287353171426, "centroid_lat": 45.903446952542176, "occurrences_today": 6, "datetimes_today": "2026-09-15 00:32:23, 2026-09-15 00:46:40, 2026-09-15 01:01:47, 2026-09-15 01:17:03, 2026-09-15 01:32:09, 2026-09-15 01:47:32", "cumulative_total": 223.0 }, "geometry": { "type": "Polygon", "coordinates": [ [ [ -75.639227719153311, 45.898250834590357 ], [ -75.645702875010343, 45.900812655542744 ], [ -75.645763118455974, 45.906008764558841 ], [ -75.639347003558655, 45.908643065687826 ], [ -75.632871221902192, 45.906080891298728 ], [ -75.632812180948036, 45.900884769282882 ], [ -75.639227719153311, 45.898250834590357 ] ] ] } },
{ "type": "Feature", "properties": { "hex_id": 377362, "centroid_lon": -75.639466353462694, "centroid_lat": 45.919035277560525, "occurrences_today": 6, "datetimes_today": "2026-09-15 00:32:23, 2026-09-15 00:46:40, 2026-09-15 01:01:47, 2026-09-15 01:17:03, 2026-09-15 01:32:09, 2026-09-15 01:47:32", "cumulative_total": 177.0 }, "geometry": { "type": "Polygon", "coordinates": [ [ [ -75.639406670320554, 45.913839174027267 ], [ -75.645883654963598, 45.91640096816883 ], [ -75.645943948036802, 45.921597062762743 ], [ -75.639526052990618, 45.924231376287622 ], [ -75.633048442027942, 45.921669228516322 ], [ -75.632989352436624, 45.916473120915441 ], [ -75.639406670320554, 45.913839174027267 ] ] ] } },
{ "type": "Feature", "properties": { "hex_id": 377969, "centroid_lon": -75.632399347600355, "centroid_lat": 45.864511780631069, "occurrences_today": 6, "datetimes_today": "2026-09-15 00:32:23, 2026-09-15 00:46:40, 2026-09-15 01:01:47, 2026-09-15 01:17:03, 2026-09-15 01:32:09, 2026-09-15 01:47:32", "cumulative_total": 150.0 }, "geometry": { "type": "Polygon", "coordinates": [ [ [ -75.632340436103604, 45.859315620174833 ], [ -75.638810738896026, 45.861877874352992 ], [ -75.638870258485568, 45.867074025948526 ], [ -75.632458275260078, 45.869707936282204 ], [ -75.625987348209151, 45.867145329081318 ], [ -75.62592902864769, 45.861949164634915 ], [ -75.632340436103604, 45.859315620174833 ] ] ] } },
{ "type": "Feature", "properties": { "hex_id": 377970, "centroid_lon": -75.632576179090393, "centroid_lat": 45.880100233169294, "occurrences_today": 6, "datetimes_today": "2026-09-15 00:32:23, 2026-09-15 00:46:40, 2026-09-15 01:01:47, 2026-09-15 01:17:03, 2026-09-15 01:32:09, 2026-09-15 01:47:32", "cumulative_total": 260.0 }, "geometry": { "type": "Polygon", "coordinates": [ [ [ -75.632517219088271, 45.874904087128286 ], [ -75.63898934666112, 45.877466314720799 ], [ -75.639048915258229, 45.882662451897552 ], [ -75.632635155271942, 45.88529637440525 ], [ -75.626162402921949, 45.882733793597204 ], [ -75.626104035340859, 45.877537643562455 ], [ -75.632517219088271, 45.874904087128286 ] ] ] } },
{ "type": "Feature", "properties": { "hex_id": 377971, "centroid_lon": -75.632753156195278, "centroid_lat": 45.895688642462048, "occurrences_today": 6, "datetimes_today": "2026-09-15 00:32:23, 2026-09-15 00:46:40, 2026-09-15 01:01:47, 2026-09-15 01:17:03, 2026-09-15 01:32:09, 2026-09-15 01:47:32", "cumulative_total": 239.0 }, "geometry": { "type": "Polygon", "coordinates": [ [ [ -75.632694147638418, 45.890492510836161 ], [ -75.639168101498782, 45.89305471183232 ], [ -75.639227719153311, 45.898250834590357 ], [ -75.632812180948036, 45.900884769282882 ], [ -75.626337601791391, 45.898322214878284 ], [ -75.626279186141787, 45.893126079255097 ], [ -75.632694147638418, 45.890492510836161 ] ] ] } },
{ "type": "Feature", "properties": { "hex_id": 377972, "centroid_lon": -75.632930279063231, "centroid_lat": 45.911277008509565, "occurrences_today": 6, "datetimes_today": "2026-09-15 00:32:23, 2026-09-15 00:46:40, 2026-09-15 01:01:47, 2026-09-15 01:17:03, 2026-09-15 01:32:09, 2026-09-15 01:47:32", "cumulative_total": 175.0 }, "geometry": { "type": "Polygon", "coordinates": [ [ [ -75.632871221902192, 45.906080891298728 ], [ -75.639347003558655, 45.908643065687826 ], [ -75.639406670320554, 45.913839174027267 ], [ -75.632989352436624, 45.916473120915441 ], [ -75.626512944964176, 45.913910592924879 ], [ -75.626454481197143, 45.908714471713161 ], [ -75.632871221902192, 45.906080891298728 ] ] ] } },
{ "type": "Feature", "properties": { "hex_id": 377973, "centroid_lon": -75.633107547842613, "centroid_lat": 45.926865331312221, "occurrences_today": 6, "datetimes_today": "2026-09-15 00:32:23, 2026-09-15 00:46:40, 2026-09-15 01:01:47, 2026-09-15 01:17:03, 2026-09-15 01:32:09, 2026-09-15 01:47:32", "cumulative_total": 177.0 }, "geometry": { "type": "Polygon", "coordinates": [ [ [ -75.633048442027942, 45.921669228516322 ], [ -75.639526052990618, 45.924231376287622 ], [ -75.639585768909896, 45.929427470208545 ], [ -75.633166669886194, 45.932061429303204 ], [ -75.626688432587258, 45.929498927737313 ], [ -75.626629920653784, 45.924302820936951 ], [ -75.633048442027942, 45.921669228516322 ] ] ] } },
{ "type": "Feature", "properties": { "hex_id": 378580, "centroid_lon": -75.626045683771721, "centroid_lat": 45.872341488723826, "occurrences_today": 6, "datetimes_today": "2026-09-15 00:32:23, 2026-09-15 00:46:40, 2026-09-15 01:01:47, 2026-09-15 01:17:03, 2026-09-15 01:32:09, 2026-09-15 01:47:32", "cumulative_total": 150.0 }, "geometry": { "type": "Polygon", "coordinates": [ [ [ -75.625987348209151, 45.867145329081318 ], [ -75.632458275260078, 45.869707936282204 ], [ -75.632517219088271, 45.874904087128286 ], [ -75.626104035340859, 45.877537643562455 ], [ -75.619632484015057, 45.874974683174351 ], [ -75.619574740716956, 45.869778519604736 ], [ -75.625987348209151, 45.867145329081318 ] ] ] } },
{ "type": "Feature", "properties": { "hex_id": 378581, "centroid_lon": -75.626220786520435, "centroid_lat": 45.88792993882808, "occurrences_today": 6, "datetimes_today": "2026-09-15 00:32:23, 2026-09-15 00:46:40, 2026-09-15 01:01:47, 2026-09-15 01:17:03, 2026-09-15 01:32:09, 2026-09-15 01:47:32", "cumulative_total": 228.0 }, "geometry": { "type": "Polygon", "coordinates": [ [ [ -75.626162402921949, 45.882733793597204 ], [ -75.632635155271942, 45.88529637440525 ], [ -75.632694147638418, 45.890492510836161 ], [ -75.626279186141787, 45.893126079255097 ], [ -75.619805808998265, 45.890563145066942 ], [ -75.619748018150332, 45.885366995905443 ], [ -75.626162402921949, 45.882733793597204 ] ] ] } },
{ "type": "Feature", "properties": { "hex_id": 378582, "centroid_lon": -75.626396033474691, "centroid_lat": 45.903518345697627, "occurrences_today": 6, "datetimes_today": "2026-09-15 00:32:23, 2026-09-15 00:46:40, 2026-09-15 01:01:47, 2026-09-15 01:17:03, 2026-09-15 01:32:09, 2026-09-15 01:47:32", "cumulative_total": 258.0 }, "geometry": { "type": "Polygon", "coordinates": [ [ [ -75.626337601791391, 45.898322214878284 ], [ -75.632812180948036, 45.900884769282882 ], [ -75.632871221902192, 45.906080891298728 ], [ -75.626454481197143, 45.908714471713161 ], [ -75.619979276727776, 45.906151563735442 ], [ -75.619921438281608, 45.900955428981916 ], [ -75.626337601791391, 45.898322214878284 ] ] ] } },
{ "type": "Feature", "properties": { "hex_id": 378583, "centroid_lon": -75.626571424781233, "centroid_lat": 45.919106709332809, "occurrences_today": 6, "datetimes_today": "2026-09-15 00:32:23, 2026-09-15 00:46:40, 2026-09-15 01:01:47, 2026-09-15 01:17:03, 2026-09-15 01:32:09, 2026-09-15 01:47:32", "cumulative_total": 336.0 }, "geometry": { "type": "Polygon", "coordinates": [ [ [ -75.626512944964176, 45.913910592924879 ], [ -75.632989352436624, 45.916473120915441 ], [ -75.633048442027942, 45.921669228516322 ], [ -75.626629920653784, 45.924302820936951 ], [ -75.62015288734888, 45.921739939180192 ], [ -75.620095001256018, 45.916543818834562 ], [ -75.626512944964176, 45.913910592924879 ] ] ] } },
{ "type": "Feature", "properties": { "hex_id": 378587, "centroid_lon": -75.627274436473783, "centroid_lat": 45.981459731536383, "occurrences_today": 6, "datetimes_today": "2026-09-15 00:32:23, 2026-09-15 00:46:40, 2026-09-15 01:01:47, 2026-09-15 01:17:03, 2026-09-15 01:32:09, 2026-09-15 01:47:32", "cumulative_total": 152.0 }, "geometry": { "type": "Polygon", "coordinates": [ [ [ -75.62721576363073, 45.976263672773023 ], [ -75.633699499488685, 45.978826095001054 ], [ -75.63375878412468, 45.984022144943175 ], [ -75.627333125437886, 45.986655785496126 ], [ -75.620848761663197, 45.984093008728387 ], [ -75.620790684497521, 45.97889694601313 ], [ -75.62721576363073, 45.976263672773023 ] ] ] } },
{ "type": "Feature", "properties": { "hex_id": 379190, "centroid_lon": -75.619517013258061, "centroid_lat": 45.864582351232414, "occurrences_today": 6, "datetimes_today": "2026-09-15 00:32:23, 2026-09-15 00:46:40, 2026-09-15 01:01:47, 2026-09-15 01:17:03, 2026-09-15 01:32:09, 2026-09-15 01:47:32", "cumulative_total": 150.0 }, "geometry": { "type": "Polygon", "coordinates": [ [ [ -75.619459301633015, 45.859386178057349 ], [ -75.62592902864769, 45.861949164634915 ], [ -75.625987348209151, 45.867145329081318 ], [ -75.619574740716956, 45.869778519604736 ], [ -75.613104389929362, 45.867215179868296 ], [ -75.613047270412252, 45.862019002832746 ], [ -75.619459301633015, 45.859386178057349 ] ] ] } },
{ "type": "Feature", "properties": { "hex_id": 379191, "centroid_lon": -75.61969024315772, "centroid_lat": 45.880170841941236, "occurrences_today": 6, "datetimes_today": "2026-09-15 00:32:23, 2026-09-15 00:46:40, 2026-09-15 01:01:47, 2026-09-15 01:17:03, 2026-09-15 01:32:09, 2026-09-15 01:47:32", "cumulative_total": 158.0 }, "geometry": { "type": "Polygon", "coordinates": [ [ [ -75.619632484015057, 45.874974683174351 ], [ -75.626104035340859, 45.877537643562455 ], [ -75.626162402921949, 45.882733793597204 ], [ -75.619748018150332, 45.885366995905443 ], [ -75.613275842533454, 45.882803682165573 ], [ -75.613218675984655, 45.877607519534692 ], [ -75.619632484015057, 45.874974683174351 ] ] ] } },
{ "type": "Feature", "properties": { "hex_id": 379192, "centroid_lon": -75.61986361570689, "centroid_lat": 45.895759289425783, "occurrences_today": 6, "datetimes_today": "2026-09-15 00:32:23, 2026-09-15 00:46:40, 2026-09-15 01:01:47, 2026-09-15 01:17:03, 2026-09-15 01:32:09, 2026-09-15 01:47:32", "cumulative_total": 301.0 }, "geometry": { "type": "Polygon", "coordinates": [ [ [ -75.619805808998265, 45.890563145066942 ], [ -75.626279186141787, 45.893126079255097 ], [ -75.626337601791391, 45.898322214878284 ], [ -75.619921438281608, 45.900955428981916 ], [ -75.613447436328329, 45.898392141249026 ], [ -75.613390222699977, 45.893195993022715 ], [ -75.619805808998265, 45.890563145066942 ] ] ] } },
{ "type": "Feature", "properties": { "hex_id": 379193, "centroid_lon": -75.620037131050779, "centroid_lat": 45.911347693686309, "occurrences_today": 6, "datetimes_today": "2026-09-15 00:32:23, 2026-09-15 00:46:40, 2026-09-15 01:01:47, 2026-09-15 01:17:03, 2026-09-15 01:32:09, 2026-09-15 01:47:32", "cumulative_total": 227.0 }, "geometry": { "type": "Polygon", "coordinates": [ [ [ -75.619979276727776, 45.906151563735442 ], [ -75.626454481197143, 45.908714471713161 ], [ -75.626512944964176, 45.913910592924879 ], [ -75.620095001256018, 45.916543818834562 ], [ -75.613619171457714, 45.913980557118997 ], [ -75.613561910701875, 45.908784423297149 ], [ -75.619979276727776, 45.906151563735442 ] ] ] } },
{ "type": "Feature", "properties": { "hex_id": 379194, "centroid_lon": -75.620210789334777, "centroid_lat": 45.9269360547232, "occurrences_today": 6, "datetimes_today": "2026-09-15 00:32:23, 2026-09-15 00:46:40, 2026-09-15 01:01:47, 2026-09-15 01:17:03, 2026-09-15 01:32:09, 2026-09-15 01:47:32", "cumulative_total": 339.0 }, "geometry": { "type": "Polygon", "coordinates": [ [ [ -75.62015288734888, 45.921739939180192 ], [ -75.626629920653784, 45.924302820936951 ], [ -75.626688432587258, 45.929498927737313 ], [ -75.620268707219068, 45.932132165463642 ], [ -75.613791048065465, 45.929568929775826 ], [ -75.613733740134165, 45.924372810358328 ], [ -75.62015288734888, 45.921739939180192 ] ] ] } },
{ "type": "Feature", "properties": { "hex_id": 379800, "centroid_lon": -75.612990166561744, "centroid_lat": 45.856822820995617, "occurrences_today": 6, "datetimes_today": "2026-09-15 00:32:23, 2026-09-15 00:46:40, 2026-09-15 01:01:47, 2026-09-15 01:17:03, 2026-09-15 01:32:09, 2026-09-15 01:47:32", "cumulative_total": 149.0 }, "geometry": { "type": "Polygon", "coordinates": [ [ [ -75.612933078372549, 45.851626634356883 ], [ -75.619401605836444, 45.854190000079534 ], [ -75.619459301633015, 45.859386178057349 ], [ -75.613047270412252, 45.862019002832746 ], [ -75.606578119677025, 45.859455283979592 ], [ -75.606521623439207, 45.854259093546951 ], [ -75.612933078372549, 45.851626634356883 ] ] ] } },
{ "type": "Feature", "properties": { "hex_id": 379801, "centroid_lon": -75.613161525118386, "centroid_lat": 45.872411352102276, "occurrences_today": 6, "datetimes_today": "2026-09-15 00:32:23, 2026-09-15 00:46:40, 2026-09-15 01:01:47, 2026-09-15 01:17:03, 2026-09-15 01:32:09, 2026-09-15 01:47:32", "cumulative_total": 153.0 }, "geometry": { "type": "Polygon", "coordinates": [ [ [ -75.613104389929362, 45.867215179868296 ], [ -75.619574740716956, 45.869778519604736 ], [ -75.619632484015057, 45.874974683174351 ], [ -75.613218675984655, 45.877607519534692 ], [ -75.606747701408111, 45.875043826474894 ], [ -75.606691158656233, 45.869847650443546 ], [ -75.613104389929362, 45.867215179868296 ] ] ] } },
{ "type": "Feature", "properties": { "hex_id": 379802, "centroid_lon": -75.613333024770128, "centroid_lat": 45.887999839994912, "occurrences_today": 6, "datetimes_today": "2026-09-15 00:32:23, 2026-09-15 00:46:40, 2026-09-15 01:01:47, 2026-09-15 01:17:03, 2026-09-15 01:32:09, 2026-09-15 01:47:32", "cumulative_total": 158.0 }, "geometry": { "type": "Polygon", "coordinates": [ [ [ -75.613275842533454, 45.882803682165573 ], [ -75.619748018150332, 45.885366995905443 ], [ -75.619805808998265, 45.890563145066942 ], [ -75.613390222699977, 45.893195993022715 ], [ -75.606917422776007, 45.890632325766525 ], [ -75.606860833462747, 45.885436164136372 ], [ -75.613275842533454, 45.882803682165573 ] ] ] } },
{ "type": "Feature", "properties": { "hex_id": 379803, "centroid_lon": -75.613504665660528, "centroid_lat": 45.903588284673823, "occurrences_today": 6, "datetimes_today": "2026-09-15 00:32:23, 2026-09-15 00:46:40, 2026-09-15 01:01:47, 2026-09-15 01:17:03, 2026-09-15 01:32:09, 2026-09-15 01:47:32", "cumulative_total": 250.0 }, "geometry": { "type": "Polygon", "coordinates": [ [ [ -75.613447436328329, 45.898392141249026 ], [ -75.619921438281608, 45.900955428981916 ], [ -75.619979276727776, 45.906151563735442 ], [ -75.613561910701875, 45.908784423297149 ], [ -75.607087283922809, 45.906220781854842 ], [ -75.607030648000773, 45.901024634625749 ], [ -75.613447436328329, 45.898392141249026 ] ] ] } },
{ "type": "Feature", "properties": { "hex_id": 379804, "centroid_lon": -75.613676447933372, "centroid_lat": 45.919176686139387, "occurrences_today": 6, "datetimes_today": "2026-09-15 00:32:23, 2026-09-15 00:46:40, 2026-09-15 01:01:47, 2026-09-15 01:17:03, 2026-09-15 01:32:09, 2026-09-15 01:47:32", "cumulative_total": 350.0 }, "geometry": { "type": "Polygon", "coordinates": [ [ [ -75.613619171457714, 45.913980557118997 ], [ -75.620095001256018, 45.916543818834562 ], [ -75.62015288734888, 45.921739939180192 ], [ -75.613733740134165, 45.924372810358328 ], [ -75.607257284990808, 45.921809194740185 ], [ -75.607200602412547, 45.916613061912038 ], [ -75.613619171457714, 45.913980557118997 ] ] ] } },
{ "type": "Feature", "properties": { "hex_id": 379805, "centroid_lon": -75.613848371732615, "centroid_lat": 45.934765044391909, "occurrences_today": 6, "datetimes_today": "2026-09-15 00:32:23, 2026-09-15 00:46:40, 2026-09-15 01:01:47, 2026-09-15 01:17:03, 2026-09-15 01:32:09, 2026-09-15 01:47:32", "cumulative_total": 177.0 }, "geometry": { "type": "Polygon", "coordinates": [ [ [ -75.613791048065465, 45.929568929775826 ], [ -75.620268707219068, 45.932132165463642 ], [ -75.620326641007154, 45.937328271401483 ], [ -75.613905711140916, 45.939961154206586 ], [ -75.607427426122513, 45.937397564422881 ], [ -75.607370696840505, 45.932201445995602 ], [ -75.613791048065465, 45.929568929775826 ] ] ] } },
{ "type": "Feature", "properties": { "hex_id": 379806, "centroid_lon": -75.614020437202456, "centroid_lat": 45.950353359431766, "occurrences_today": 6, "datetimes_today": "2026-09-15 00:32:23, 2026-09-15 00:46:40, 2026-09-15 01:01:47, 2026-09-15 01:17:03, 2026-09-15 01:32:09, 2026-09-15 01:47:32", "cumulative_total": 177.0 }, "geometry": { "type": "Polygon", "coordinates": [ [ [ -75.613963066295753, 45.945157259219862 ], [ -75.620442556316377, 45.947720468869505 ], [ -75.620500537848301, 45.952916560399714 ], [ -75.614077823866381, 45.955549454842298 ], [ -75.607597707460641, 45.952985890903363 ], [ -75.607540931427295, 45.947789786876754 ], [ -75.613963066295753, 45.945157259219862 ] ] ] } },
{ "type": "Feature", "properties": { "hex_id": 379807, "centroid_lon": -75.614192644487304, "centroid_lat": 45.965941631259319, "occurrences_today": 6, "datetimes_today": "2026-09-15 00:32:23, 2026-09-15 00:46:40, 2026-09-15 01:01:47, 2026-09-15 01:17:03, 2026-09-15 01:32:09, 2026-09-15 01:47:32", "cumulative_total": 177.0 }, "geometry": { "type": "Polygon", "coordinates": [ [ [ -75.614135226292873, 45.960745545451481 ], [ -75.620616548693832, 45.963308729052557 ], [ -75.620674578018267, 45.96850480617524 ], [ -75.614250078455015, 45.971137712265843 ], [ -75.60776812914807, 45.968574174181981 ], [ -75.607711306315736, 45.963378084555963 ], [ -75.614135226292873, 45.960745545451481 ] ] ] } },
{ "type": "Feature", "properties": { "hex_id": 379808, "centroid_lon": -75.614364993731741, "centroid_lat": 45.981529859874975, "occurrences_today": 6, "datetimes_today": "2026-09-15 00:32:23, 2026-09-15 00:46:40, 2026-09-15 01:01:47, 2026-09-15 01:17:03, 2026-09-15 01:32:09, 2026-09-15 01:47:32", "cumulative_total": 152.0 }, "geometry": { "type": "Polygon", "coordinates": [ [ [ -75.614307528201365, 45.976333788471059 ], [ -75.620790684497521, 45.97889694601313 ], [ -75.620848761663197, 45.984093008728387 ], [ -75.614422475051484, 45.986725926477604 ], [ -75.607938691327959, 45.984162414259124 ], [ -75.607881821648888, 45.978966339033555 ], [ -75.614307528201365, 45.976333788471059 ] ] ] } },
{ "type": "Feature", "properties": { "hex_id": 380411, "centroid_lon": -75.606634631414281, "centroid_lat": 45.864651469611793, "occurrences_today": 6, "datetimes_today": "2026-09-15 00:32:23, 2026-09-15 00:46:40, 2026-09-15 01:01:47, 2026-09-15 01:17:03, 2026-09-15 01:32:09, 2026-09-15 01:47:32", "cumulative_total": 171.0 }, "geometry": { "type": "Polygon", "coordinates": [ [ [ -75.606578119677025, 45.859455283979592 ], [ -75.613047270412252, 45.862019002832746 ], [ -75.613104389929362, 45.867215179868296 ], [ -75.606691158656233, 45.869847650443546 ], [ -75.600221384633826, 45.867283578295464 ], [ -75.600165465177, 45.862087388932515 ], [ -75.606578119677025, 45.859455283979592 ] ] ] } },
{ "type": "Feature", "properties": { "hex_id": 380412, "centroid_lon": -75.606804259675187, "centroid_lat": 45.880239997705829, "occurrences_today": 6, "datetimes_today": "2026-09-15 00:32:23, 2026-09-15 00:46:40, 2026-09-15 01:01:47, 2026-09-15 01:17:03, 2026-09-15 01:32:09, 2026-09-15 01:47:32", "cumulative_total": 115.0 }, "geometry": { "type": "Polygon", "coordinates": [ [ [ -75.606747701408111, 45.875043826474894 ], [ -75.613218675984655, 45.877607519534692 ], [ -75.613275842533454, 45.882803682165573 ], [ -75.606860833462747, 45.885436164136372 ], [ -75.600389235081394, 45.88287211758869 ], [ -75.60033326958083, 45.877675942623554 ], [ -75.606747701408111, 45.875043826474894 ] ] ] } },
{ "type": "Feature", "properties": { "hex_id": 380413, "centroid_lon": -75.606974027620268, "centroid_lat": 45.895828482596336, "occurrences_today": 6, "datetimes_today": "2026-09-15 00:32:23, 2026-09-15 00:46:40, 2026-09-15 01:01:47, 2026-09-15 01:17:03, 2026-09-15 01:32:09, 2026-09-15 01:47:32", "cumulative_total": 246.0 }, "geometry": { "type": "Polygon", "coordinates": [ [ [ -75.606917422776007, 45.890632325766525 ], [ -75.613390222699977, 45.893195993022715 ], [ -75.613447436328329, 45.898392141249026 ], [ -75.607030648000773, 45.901024634625749 ], [ -75.60055722375381, 45.898460613688606 ], [ -75.600501212162669, 45.893264453121198 ], [ -75.606917422776007, 45.890632325766525 ] ] ] } },
{ "type": "Feature", "properties": { "hex_id": 380414, "centroid_lon": -75.607143935391647, "centroid_lat": 45.911416924283593, "occurrences_today": 6, "datetimes_today": "2026-09-15 00:32:23, 2026-09-15 00:46:40, 2026-09-15 01:01:47, 2026-09-15 01:17:03, 2026-09-15 01:32:09, 2026-09-15 01:47:32", "cumulative_total": 230.0 }, "geometry": { "type": "Polygon", "coordinates": [ [ [ -75.607087283922809, 45.906220781854842 ], [ -75.613561910701875, 45.908784423297149 ], [ -75.613619171457714, 45.913980557118997 ], [ -75.607200602412547, 45.916613061912038 ], [ -75.600725350791777, 45.914049066595602 ], [ -75.600669293063149, 45.908852920425801 ], [ -75.607087283922809, 45.906220781854842 ] ] ] } },
{ "type": "Feature", "properties": { "hex_id": 380415, "centroid_lon": -75.607313983131704, "centroid_lat": 45.927005322768025, "occurrences_today": 6, "datetimes_today": "2026-09-15 00:32:23, 2026-09-15 00:46:40, 2026-09-15 01:01:47, 2026-09-15 01:17:03, 2026-09-15 01:32:09, 2026-09-15 01:47:32", "cumulative_total": 329.0 }, "geometry": { "type": "Polygon", "coordinates": [ [ [ -75.607257284990808, 45.921809194740185 ], [ -75.613733740134165, 45.924372810358328 ], [ -75.613791048065465, 45.929568929775826 ], [ -75.607370696840505, 45.932201445995602 ], [ -75.600893616336194, 45.929637476310042 ], [ -75.600837512423084, 45.924441344537719 ], [ -75.607257284990808, 45.921809194740185 ] ] ] } },
{ "type": "Feature", "properties": { "hex_id": 380416, "centroid_lon": -75.607484170983014, "centroid_lat": 45.942593678049953, "occurrences_today": 6, "datetimes_today": "2026-09-15 00:32:23, 2026-09-15 00:46:40, 2026-09-15 01:01:47, 2026-09-15 01:17:03, 2026-09-15 01:32:09, 2026-09-15 01:47:32", "cumulative_total": 181.0 }, "geometry": { "type": "Polygon", "coordinates": [ [ [ -75.607427426122513, 45.937397564422881 ], [ -75.613905711140916, 45.939961154206586 ], [ -75.613963066295753, 45.945157259219862 ], [ -75.607540931427295, 45.947789786876754 ], [ -75.601062020528133, 45.945225842832286 ], [ -75.601005870383474, 45.940029725457308 ], [ -75.607427426122513, 45.937397564422881 ] ] ] } },
{ "type": "Feature", "properties": { "hex_id": 380417, "centroid_lon": -75.607654499088355, "centroid_lat": 45.958181990129759, "occurrences_today": 6, "datetimes_today": "2026-09-15 00:32:23, 2026-09-15 00:46:40, 2026-09-15 01:01:47, 2026-09-15 01:17:03, 2026-09-15 01:32:09, 2026-09-15 01:47:32", "cumulative_total": 184.0 }, "geometry": { "type": "Polygon", "coordinates": [ [ [ -75.607597707460641, 45.952985890903363 ], [ -75.614077823866381, 45.955549454842298 ], [ -75.614135226292873, 45.960745545451481 ], [ -75.607711306315736, 45.963378084555963 ], [ -75.601230563508892, 45.960814166162756 ], [ -75.601174367085591, 45.955618063185007 ], [ -75.607597707460641, 45.952985890903363 ] ] ] } },
{ "type": "Feature", "properties": { "hex_id": 380418, "centroid_lon": -75.607824967590687, "centroid_lat": 45.97377025900785, "occurrences_today": 6, "datetimes_today": "2026-09-15 00:32:23, 2026-09-15 00:46:40, 2026-09-15 01:01:47, 2026-09-15 01:17:03, 2026-09-15 01:32:09, 2026-09-15 01:47:32", "cumulative_total": 176.0 }, "geometry": { "type": "Polygon", "coordinates": [ [ [ -75.60776812914807, 45.968574174181981 ], [ -75.614250078455015, 45.971137712265843 ], [ -75.614307528201365, 45.976333788471059 ], [ -75.607881821648888, 45.978966339033555 ], [ -75.601399245419969, 45.976402446301819 ], [ -75.601343002670831, 45.971206357721144 ], [ -75.60776812914807, 45.968574174181981 ] ] ] } },
{ "type": "Feature", "properties": { "hex_id": 381021, "centroid_lon": -75.600109561057664, "centroid_lat": 45.856891194770242, "occurrences_today": 6, "datetimes_today": "2026-09-15 00:32:23, 2026-09-15 00:46:40, 2026-09-15 01:01:47, 2026-09-15 01:17:03, 2026-09-15 01:32:09, 2026-09-15 01:47:32", "cumulative_total": 153.0 }, "geometry": { "type": "Polygon", "coordinates": [ [ [ -75.600053672270647, 45.851694995808643 ], [ -75.606521623439207, 45.854259093546951 ], [ -75.606578119677025, 45.859455283979592 ], [ -75.600165465177, 45.862087388932515 ], [ -75.59369689122272, 45.85952293792775 ], [ -75.593641594559401, 45.854326735301939 ], [ -75.600053672270647, 45.851694995808643 ] ] ] } },
{ "type": "Feature", "properties": { "hex_id": 381022, "centroid_lon": -75.600277319433374, "centroid_lat": 45.87247976285915, "occurrences_today": 6, "datetimes_today": "2026-09-15 00:32:23, 2026-09-15 00:46:40, 2026-09-15 01:01:47, 2026-09-15 01:17:03, 2026-09-15 01:32:09, 2026-09-15 01:47:32", "cumulative_total": 189.0 }, "geometry": { "type": "Polygon", "coordinates": [ [ [ -75.600221384633826, 45.867283578295464 ], [ -75.606691158656233, 45.869847650443546 ], [ -75.606747701408111, 45.875043826474894 ], [ -75.60033326958083, 45.877675942623554 ], [ -75.593862872255585, 45.875111517016094 ], [ -75.593807530065661, 45.869915328784813 ], [ -75.600221384633826, 45.867283578295464 ] ] ] } },
{ "type": "Feature", "properties": { "hex_id": 381023, "centroid_lon": -75.600445215940269, "centroid_lat": 45.888068287754571, "occurrences_today": 6, "datetimes_today": "2026-09-15 00:32:23, 2026-09-15 00:46:40, 2026-09-15 01:01:47, 2026-09-15 01:17:03, 2026-09-15 01:32:09, 2026-09-15 01:47:32", "cumulative_total": 155.0 }, "geometry": { "type": "Polygon", "coordinates": [ [ [ -75.600389235081394, 45.88287211758869 ], [ -75.606860833462747, 45.885436164136372 ], [ -75.606917422776007, 45.890632325766525 ], [ -75.600501212162669, 45.893264453121198 ], [ -75.59402898996079, 45.890700052921069 ], [ -75.593973602197991, 45.885503879084212 ], [ -75.600389235081394, 45.88287211758869 ] ] ] } },
{ "type": "Feature", "properties": { "hex_id": 381024, "centroid_lon": -75.600613250718894, "centroid_lat": 45.903656769456788, "occurrences_today": 6, "datetimes_today": "2026-09-15 00:32:23, 2026-09-15 00:46:40, 2026-09-15 01:01:47, 2026-09-15 01:17:03, 2026-09-15 01:32:09, 2026-09-15 01:47:32", "cumulative_total": 226.0 }, "geometry": { "type": "Polygon", "coordinates": [ [ [ -75.60055722375381, 45.898460613688606 ], [ -75.607030648000773, 45.901024634625749 ], [ -75.607087283922809, 45.906220781854842 ], [ -75.600669293063149, 45.908852920425801 ], [ -75.594195244477461, 45.906288545643058 ], [ -75.594139811095374, 45.901092386200474 ], [ -75.60055722375381, 45.898460613688606 ] ] ] } },
{ "type": "Feature", "properties": { "hex_id": 381025, "centroid_lon": -75.600781423910021, "centroid_lat": 45.919245207966235, "occurrences_today": 6, "datetimes_today": "2026-09-15 00:32:23, 2026-09-15 00:46:40, 2026-09-15 01:01:47, 2026-09-15 01:17:03, 2026-09-15 01:32:09, 2026-09-15 01:47:32", "cumulative_total": 396.0 }, "geometry": { "type": "Polygon", "coordinates": [ [ [ -75.600725350791777, 45.914049066595602 ], [ -75.607200602412547, 45.916613061912038 ], [ -75.607257284990808, 45.921809194740185 ], [ -75.600837512423084, 45.924441344537719 ], [ -75.59436163594485, 45.921876995182423 ], [ -75.594306156897019, 45.916680850134007 ], [ -75.600725350791777, 45.914049066595602 ] ] ] } },
{ "type": "Feature", "properties": { "hex_id": 381026, "centroid_lon": -75.600949735654581, "centroid_lat": 45.934833603283245, "occurrences_today": 6, "datetimes_today": "2026-09-15 00:32:23, 2026-09-15 00:46:40, 2026-09-15 01:01:47, 2026-09-15 01:17:03, 2026-09-15 01:32:09, 2026-09-15 01:47:32", "cumulative_total": 183.0 }, "geometry": { "type": "Polygon", "coordinates": [ [ [ -75.600893616336194, 45.929637476310042 ], [ -75.607370696840505, 45.932201445995602 ], [ -75.607427426122513, 45.937397564422881 ], [ -75.601005870383474, 45.940029725457308 ], [ -75.594528164502421, 45.937465401539534 ], [ -75.594472639742364, 45.932269270885179 ], [ -75.600893616336194, 45.929637476310042 ] ] ] } },
{ "type": "Feature", "properties": { "hex_id": 381027, "centroid_lon": -75.601118186093757, "centroid_lat": 45.950421955408181, "occurrences_today": 6, "datetimes_today": "2026-09-15 00:32:23, 2026-09-15 00:46:40, 2026-09-15 01:01:47, 2026-09-15 01:17:03, 2026-09-15 01:32:09, 2026-09-15 01:47:32", "cumulative_total": 184.0 }, "geometry": { "type": "Polygon", "coordinates": [ [ [ -75.601062020528133, 45.945225842832286 ], [ -75.607540931427295, 45.947789786876754 ], [ -75.607597707460641, 45.952985890903363 ], [ -75.601174367085591, 45.955618063185007 ], [ -75.594694830289868, 45.953053764714824 ], [ -75.594639259770986, 45.947857648454345 ], [ -75.601062020528133, 45.945225842832286 ] ] ] } },
{ "type": "Feature", "properties": { "hex_id": 381028, "centroid_lon": -75.601286775368891, "centroid_lat": 45.96601026434147, "occurrences_today": 6, "datetimes_today": "2026-09-15 00:32:23, 2026-09-15 00:46:40, 2026-09-15 01:01:47, 2026-09-15 01:17:03, 2026-09-15 01:32:09, 2026-09-15 01:47:32", "cumulative_total": 184.0 }, "geometry": { "type": "Polygon", "coordinates": [ [ [ -75.601230563508892, 45.960814166162756 ], [ -75.607711306315736, 45.963378084555963 ], [ -75.60776812914807, 45.968574174181981 ], [ -75.601343002670831, 45.971206357721144 ], [ -75.594861633447081, 45.968642084708662 ], [ -75.594806017122735, 45.963445982841961 ], [ -75.601230563508892, 45.960814166162756 ] ] ] } },
{ "type": "Feature", "properties": { "hex_id": 381029, "centroid_lon": -75.601455503621565, "centroid_lat": 45.981598530083495, "occurrences_today": 6, "datetimes_today": "2026-09-15 00:32:23, 2026-09-15 00:46:40, 2026-09-15 01:01:47, 2026-09-15 01:17:03, 2026-09-15 01:32:09, 2026-09-15 01:47:32", "cumulative_total": 152.0 }, "geometry": { "type": "Polygon", "coordinates": [ [ [ -75.601399245419969, 45.976402446301819 ], [ -75.607881821648888, 45.978966339033555 ], [ -75.607938691327959, 45.984162414259124 ], [ -75.601511777280848, 45.986794609066195 ], [ -75.595028574114124, 45.984230361521483 ], [ -75.594972911937589, 45.979034274048402 ], [ -75.601399245419969, 45.976402446301819 ] ] ] } },
{ "type": "Feature", "properties": { "hex_id": 381632, "centroid_lon": -75.593752203056439, "centroid_lat": 45.864719135755379, "occurrences_today": 6, "datetimes_today": "2026-09-15 00:32:23, 2026-09-15 00:46:40, 2026-09-15 01:01:47, 2026-09-15 01:17:03, 2026-09-15 01:32:09, 2026-09-15 01:47:32", "cumulative_total": 234.0 }, "geometry": { "type": "Polygon", "coordinates": [ [ [ -75.59369689122272, 45.85952293792775 ], [ -75.600165465177, 45.862087388932515 ], [ -75.600221384633826, 45.867283578295464 ], [ -75.593807530065661, 45.869915328784813 ], [ -75.587338333310171, 45.867350524349185 ], [ -75.587283613929216, 45.862154322920539 ], [ -75.59369689122272, 45.85952293792775 ] ] ] } },
{ "type": "Feature", "properties": { "hex_id": 381633, "centroid_lon": -75.593918229631299, "centroid_lat": 45.880307700449215, "occurrences_today": 6, "datetimes_today": "2026-09-15 00:32:23, 2026-09-15 00:46:40, 2026-09-15 01:01:47, 2026-09-15 01:17:03, 2026-09-15 01:32:09, 2026-09-15 01:47:32", "cumulative_total": 189.0 }, "geometry": { "type": "Polygon", "coordinates": [ [ [ -75.593862872255585, 45.875111517016094 ], [ -75.60033326958083, 45.877675942623554 ], [ -75.600389235081394, 45.88287211758869 ], [ -75.593973602197991, 45.885503879084212 ], [ -75.587502581554361, 45.882939099852841 ], [ -75.587447817117663, 45.877742912815329 ], [ -75.593862872255585, 45.875111517016094 ] ] ] } },
{ "type": "Feature", "properties": { "hex_id": 381634, "centroid_lon": -75.59408439292487, "centroid_lat": 45.895896221959838, "occurrences_today": 6, "datetimes_today": "2026-09-15 00:32:23, 2026-09-15 00:46:40, 2026-09-15 01:01:47, 2026-09-15 01:17:03, 2026-09-15 01:32:09, 2026-09-15 01:47:32", "cumulative_total": 153.0 }, "geometry": { "type": "Polygon", "coordinates": [ [ [ -75.59402898996079, 45.890700052921069 ], [ -75.600501212162669, 45.893264453121198 ], [ -75.60055722375381, 45.898460613688606 ], [ -75.594139811095374, 45.901092386200474 ], [ -75.587666965057437, 45.898527632183324 ], [ -75.587612155519153, 45.89333145953681 ], [ -75.59402898996079, 45.890700052921069 ] ] ] } },
{ "type": "Feature", "properties": { "hex_id": 381635, "centroid_lon": -75.59425069307629, "centroid_lat": 45.911484700287559, "occurrences_today": 6, "datetimes_today": "2026-09-15 00:32:23, 2026-09-15 00:46:40, 2026-09-15 01:01:47, 2026-09-15 01:17:03, 2026-09-15 01:32:09, 2026-09-15 01:47:32", "cumulative_total": 227.0 }, "geometry": { "type": "Polygon", "coordinates": [ [ [ -75.594195244477461, 45.906288545643058 ], [ -75.600669293063149, 45.908852920425801 ], [ -75.600725350791777, 45.914049066595602 ], [ -75.594306156897019, 45.916680850134007 ], [ -75.587831483957046, 45.914116121340975 ], [ -75.587776629271275, 45.908919963085374 ], [ -75.594195244477461, 45.906288545643058 ] ] ] } },
{ "type": "Feature", "properties": { "hex_id": 381636, "centroid_lon": -75.594417130224898, "centroid_lat": 45.927073135432806, "occurrences_today": 6, "datetimes_today": "2026-09-15 00:32:23, 2026-09-15 00:46:40, 2026-09-15 01:01:47, 2026-09-15 01:17:03, 2026-09-15 01:32:09, 2026-09-15 01:47:32", "cumulative_total": 427.0 }, "geometry": { "type": "Polygon", "coordinates": [ [ [ -75.59436163594485, 45.921876995182423 ], [ -75.600837512423084, 45.924441344537719 ], [ -75.600893616336194, 45.929637476310042 ], [ -75.594472639742364, 45.932269270885179 ], [ -75.587996138391063, 45.929704567326219 ], [ -75.587941238511831, 45.92450842346139 ], [ -75.59436163594485, 45.921876995182423 ] ] ] } },
{ "type": "Feature", "properties": { "hex_id": 381637, "centroid_lon": -75.594583704510242, "centroid_lat": 45.942661527395927, "occurrences_today": 6, "datetimes_today": "2026-09-15 00:32:23, 2026-09-15 00:46:40, 2026-09-15 01:01:47, 2026-09-15 01:17:03, 2026-09-15 01:32:09, 2026-09-15 01:47:32", "cumulative_total": 220.0 }, "geometry": { "type": "Polygon", "coordinates": [ [ [ -75.594528164502421, 45.937465401539534 ], [ -75.601005870383474, 45.940029725457308 ], [ -75.601062020528133, 45.945225842832286 ], [ -75.594639259770986, 45.947857648454345 ], [ -75.588160928497587, 45.945292970139462 ], [ -75.588105983378824, 45.940096840665255 ], [ -75.594528164502421, 45.937465401539534 ] ] ] } },
{ "type": "Feature", "properties": { "hex_id": 381638, "centroid_lon": -75.59475041607206, "centroid_lat": 45.958249876177348, "occurrences_today": 6, "datetimes_today": "2026-09-15 00:32:23, 2026-09-15 00:46:40, 2026-09-15 01:01:47, 2026-09-15 01:17:03, 2026-09-15 01:32:09, 2026-09-15 01:47:32", "cumulative_total": 390.0 }, "geometry": { "type": "Polygon", "coordinates": [ [ [ -75.594694830289868, 45.953053764714824 ], [ -75.601174367085591, 45.955618063185007 ], [ -75.601230563508892, 45.960814166162756 ], [ -75.594806017122735, 45.963445982841961 ], [ -75.588325854414819, 45.96088132978111 ], [ -75.588270864010454, 45.95568521469739 ], [ -75.594694830289868, 45.953053764714824 ] ] ] } },
{ "type": "Feature", "properties": { "hex_id": 381639, "centroid_lon": -75.594917265050313, "centroid_lat": 45.973838181777481, "occurrences_today": 6, "datetimes_today": "2026-09-15 00:32:23, 2026-09-15 00:46:40, 2026-09-15 01:01:47, 2026-09-15 01:17:03, 2026-09-15 01:32:09, 2026-09-15 01:47:32", "cumulative_total": 176.0 }, "geometry": { "type": "Polygon", "coordinates": [ [ [ -75.594861633447081, 45.968642084708662 ], [ -75.601343002670831, 45.971206357721144 ], [ -75.601399245419969, 45.976402446301819 ], [ -75.594972911937589, 45.979034274048402 ], [ -75.588490916281259, 45.976469646251559 ], [ -75.588435880545092, 45.971273545558176 ], [ -75.594861633447081, 45.968642084708662 ] ] ] } },
{ "type": "Feature", "properties": { "hex_id": 381640, "centroid_lon": -75.595084251585106, "centroid_lat": 45.989426444196702, "occurrences_today": 6, "datetimes_today": "2026-09-15 00:32:23, 2026-09-15 00:46:40, 2026-09-15 01:01:47, 2026-09-15 01:17:03, 2026-09-15 01:32:09, 2026-09-15 01:47:32", "cumulative_total": 152.0 }, "geometry": { "type": "Polygon", "coordinates": [ [ [ -75.595028574114124, 45.984230361521483 ], [ -75.601511777280848, 45.986794609066195 ], [ -75.60156806640309, 45.991990683249917 ], [ -75.595139944355765, 45.994622522074117 ], [ -75.588656114235562, 45.992057919551279 ], [ -75.58860103312135, 45.986861833248085 ], [ -75.595028574114124, 45.984230361521483 ] ] ] } },
{ "type": "Feature", "properties": { "hex_id": 382242, "centroid_lon": -75.587228909556643, "centroid_lat": 45.85695811669482, "occurrences_today": 6, "datetimes_today": "2026-09-15 00:32:23, 2026-09-15 00:46:40, 2026-09-15 01:01:47, 2026-09-15 01:17:03, 2026-09-15 01:32:09, 2026-09-15 01:47:32", "cumulative_total": 160.0 }, "geometry": { "type": "Polygon", "coordinates": [ [ [ -75.587174220187393, 45.851761905671999 ], [ -75.593641594559401, 45.854326735301939 ], [ -75.59369689122272, 45.85952293792775 ], [ -75.587283613929216, 45.862154322920539 ], [ -75.580815617257272, 45.859589139888286 ], [ -75.58076152018387, 45.85439292533097 ], [ -75.587174220187393, 45.851761905671999 ] ] ] } },
{ "type": "Feature", "properties": { "hex_id": 382243, "centroid_lon": -75.587393067704639, "centroid_lat": 45.872546720980779, "occurrences_today": 6, "datetimes_today": "2026-09-15 00:32:23, 2026-09-15 00:46:40, 2026-09-15 01:01:47, 2026-09-15 01:17:03, 2026-09-15 01:32:09, 2026-09-15 01:47:32", "cumulative_total": 203.0 }, "geometry": { "type": "Polygon", "coordinates": [ [ [ -75.587338333310171, 45.867350524349185 ], [ -75.593807530065661, 45.869915328784813 ], [ -75.593862872255585, 45.875111517016094 ], [ -75.587447817117663, 45.877742912815329 ], [ -75.580977997545602, 45.875177754784403 ], [ -75.580923855933108, 45.869981554614981 ], [ -75.587338333310171, 45.867350524349185 ] ] ] } },
{ "type": "Feature", "properties": { "hex_id": 382244, "centroid_lon": -75.587557361019833, "centroid_lat": 45.888135282093337, "occurrences_today": 6, "datetimes_today": "2026-09-15 00:32:23, 2026-09-15 00:46:40, 2026-09-15 01:01:47, 2026-09-15 01:17:03, 2026-09-15 01:32:09, 2026-09-15 01:47:32", "cumulative_total": 115.0 }, "geometry": { "type": "Polygon", "coordinates": [ [ [ -75.587502581554361, 45.882939099852841 ], [ -75.593973602197991, 45.885503879084212 ], [ -75.59402898996079, 45.890700052921069 ], [ -75.587612155519153, 45.89333145953681 ], [ -75.581140511541776, 45.89076632651701 ], [ -75.581086325344899, 45.885570140735403 ], [ -75.587502581554361, 45.882939099852841 ] ] ] } },
{ "type": "Feature", "properties": { "hex_id": 382245, "centroid_lon": -75.587721789639772, "centroid_lat": 45.903723800032814, "occurrences_today": 6, "datetimes_today": "2026-09-15 00:32:23, 2026-09-15 00:46:40, 2026-09-15 01:01:47, 2026-09-15 01:17:03, 2026-09-15 01:32:09, 2026-09-15 01:47:32", "cumulative_total": 153.0 }, "geometry": { "type": "Polygon", "coordinates": [ [ [ -75.587666965057437, 45.898527632183324 ], [ -75.594139811095374, 45.901092386200474 ], [ -75.594195244477461, 45.906288545643058 ], [ -75.587776629271275, 45.908919963085374 ], [ -75.581303159381875, 45.906354855086533 ], [ -75.581248928555226, 45.901158683692564 ], [ -75.587666965057437, 45.898527632183324 ] ] ] } },
{ "type": "Feature", "properties": { "hex_id": 382246, "centroid_lon": -75.587886353702189, "centroid_lat": 45.919312274799651, "occurrences_today": 6, "datetimes_today": "2026-09-15 00:32:23, 2026-09-15 00:46:40, 2026-09-15 01:01:47, 2026-09-15 01:17:03, 2026-09-15 01:32:09, 2026-09-15 01:47:32", "cumulative_total": 270.0 }, "geometry": { "type": "Polygon", "coordinates": [ [ [ -75.587831483957046, 45.914116121340975 ], [ -75.594306156897019, 45.916680850134007 ], [ -75.59436163594485, 45.921876995182423 ], [ -75.587941238511831, 45.92450842346139 ], [ -75.58146594120214, 45.921943340493343 ], [ -75.581411665700287, 45.916747183486905 ], [ -75.587831483957046, 45.914116121340975 ] ] ] } },
{ "type": "Feature", "properties": { "hex_id": 382247, "centroid_lon": -75.588051053345026, "centroid_lat": 45.934900706394188, "occurrences_today": 6, "datetimes_today": "2026-09-15 00:32:23, 2026-09-15 00:46:40, 2026-09-15 01:01:47, 2026-09-15 01:17:03, 2026-09-15 01:32:09, 2026-09-15 01:47:32", "cumulative_total": 217.0 }, "geometry": { "type": "Polygon", "coordinates": [ [ [ -75.587996138391063, 45.929704567326219 ], [ -75.594472639742364, 45.932269270885179 ], [ -75.594528164502421, 45.937465401539534 ], [ -75.588105983378824, 45.940096840665255 ], [ -75.581628857139037, 45.93753178273785 ], [ -75.581574536916449, 45.932335640118808 ], [ -75.587996138391063, 45.929704567326219 ] ] ] } },
{ "type": "Feature", "properties": { "hex_id": 382248, "centroid_lon": -75.588215888706401, "centroid_lat": 45.950489094816845, "occurrences_today": 6, "datetimes_today": "2026-09-15 00:32:23, 2026-09-15 00:46:40, 2026-09-15 01:01:47, 2026-09-15 01:17:03, 2026-09-15 01:32:09, 2026-09-15 01:47:32", "cumulative_total": 313.0 }, "geometry": { "type": "Polygon", "coordinates": [ [ [ -75.588160928497587, 45.945292970139462 ], [ -75.594639259770986, 45.947857648454345 ], [ -75.594694830289868, 45.953053764714824 ], [ -75.588270864010454, 45.95568521469739 ], [ -75.581791907329205, 45.953120181820474 ], [ -75.581737542340335, 45.947924053588665 ], [ -75.588160928497587, 45.945292970139462 ] ] ] } },
{ "type": "Feature", "properties": { "hex_id": 382249, "centroid_lon": -75.588380859924641, "centroid_lat": 45.966077440068027, "occurrences_today": 6, "datetimes_today": "2026-09-15 00:32:23, 2026-09-15 00:46:40, 2026-09-15 01:01:47, 2026-09-15 01:17:03, 2026-09-15 01:32:09, 2026-09-15 01:47:32", "cumulative_total": 272.0 }, "geometry": { "type": "Polygon", "coordinates": [ [ [ -75.588325854414819, 45.96088132978111 ], [ -75.594806017122735, 45.963445982841961 ], [ -75.594861633447081, 45.968642084708662 ], [ -75.588435880545092, 45.971273545558176 ], [ -75.581955091909492, 45.968708537741648 ], [ -75.58190068210871, 45.963512423896944 ], [ -75.588325854414819, 45.96088132978111 ] ] ] } },
{ "type": "Feature", "properties": { "hex_id": 382250, "centroid_lon": -75.588545967138302, "centroid_lat": 45.981665742148188, "occurrences_today": 6, "datetimes_today": "2026-09-15 00:32:23, 2026-09-15 00:46:40, 2026-09-15 01:01:47, 2026-09-15 01:17:03, 2026-09-15 01:32:09, 2026-09-15 01:47:32", "cumulative_total": 152.0 }, "geometry": { "type": "Polygon", "coordinates": [ [ [ -75.588490916281259, 45.976469646251559 ], [ -75.594972911937589, 45.979034274048402 ], [ -75.595028574114124, 45.984230361521483 ], [ -75.58860103312135, 45.986861833248085 ], [ -75.582118411016936, 45.984296850501792 ], [ -75.582063956358525, 45.979100751044051 ], [ -75.588490916281259, 45.976469646251559 ] ] ] } },
{ "type": "Feature", "properties": { "hex_id": 382853, "centroid_lon": -75.580869729172008, "centroid_lat": 45.864785349649637, "occurrences_today": 6, "datetimes_today": "2026-09-15 00:32:23, 2026-09-15 00:46:40, 2026-09-15 01:01:47, 2026-09-15 01:17:03, 2026-09-15 01:32:09, 2026-09-15 01:47:32", "cumulative_total": 223.0 }, "geometry": { "type": "Polygon", "coordinates": [ [ [ -75.580815617257272, 45.859589139888286 ], [ -75.587283613929216, 45.862154322920539 ], [ -75.587338333310171, 45.867350524349185 ], [ -75.580923855933108, 45.869981554614981 ], [ -75.574455236946065, 45.867416018016044 ], [ -75.574401717656229, 45.86221980478345 ], [ -75.580815617257272, 45.859589139888286 ] ] ] } },
{ "type": "Feature", "properties": { "hex_id": 382854, "centroid_lon": -75.581032154014508, "centroid_lat": 45.88037395015786, "occurrences_today": 6, "datetimes_today": "2026-09-15 00:32:23, 2026-09-15 00:46:40, 2026-09-15 01:01:47, 2026-09-15 01:17:03, 2026-09-15 01:32:09, 2026-09-15 01:47:32", "cumulative_total": 196.0 }, "geometry": { "type": "Polygon", "coordinates": [ [ [ -75.580977997545602, 45.875177754784403 ], [ -75.587447817117663, 45.877742912815329 ], [ -75.587502581554361, 45.882939099852841 ], [ -75.581086325344899, 45.885570140735403 ], [ -75.57461588294106, 45.883004628944647 ], [ -75.574562319583507, 45.877808430096636 ], [ -75.580977997545602, 45.875177754784403 ] ] ] } },
{ "type": "Feature", "properties": { "hex_id": 382855, "centroid_lon": -75.581194712610198, "centroid_lat": 45.895962507502738, "occurrences_today": 6, "datetimes_today": "2026-09-15 00:32:23, 2026-09-15 00:46:40, 2026-09-15 01:01:47, 2026-09-15 01:17:03, 2026-09-15 01:32:09, 2026-09-15 01:47:32", "cumulative_total": 153.0 }, "geometry": { "type": "Polygon", "coordinates": [ [ [ -75.581140511541776, 45.89076632651701 ], [ -75.587612155519153, 45.89333145953681 ], [ -75.587666965057437, 45.898527632183324 ], [ -75.581248928555226, 45.901158683692564 ], [ -75.574776661228881, 45.898593196719737 ], [ -75.574723053758774, 45.89339701225618 ], [ -75.581140511541776, 45.89076632651701 ] ] ] } },
{ "type": "Feature", "properties": { "hex_id": 382856, "centroid_lon": -75.581357405095204, "centroid_lat": 45.911551021684645, "occurrences_today": 6, "datetimes_today": "2026-09-15 00:32:23, 2026-09-15 00:46:40, 2026-09-15 01:01:47, 2026-09-15 01:17:03, 2026-09-15 01:32:09, 2026-09-15 01:47:32", "cumulative_total": 153.0 }, "geometry": { "type": "Polygon", "coordinates": [ [ [ -75.581303159381875, 45.906354855086533 ], [ -75.587776629271275, 45.908919963085374 ], [ -75.587831483957046, 45.914116121340975 ], [ -75.581411665700287, 45.916747183486905 ], [ -75.57493757194419, 45.914181721341684 ], [ -75.574883920316609, 45.908985551262475 ], [ -75.581303159381875, 45.906354855086533 ] ] ] } },
{ "type": "Feature", "properties": { "hex_id": 382857, "centroid_lon": -75.58152023160585, "centroid_lat": 45.927139492703965, "occurrences_today": 6, "datetimes_today": "2026-09-15 00:32:23, 2026-09-15 00:46:40, 2026-09-15 01:01:47, 2026-09-15 01:17:03, 2026-09-15 01:32:09, 2026-09-15 01:47:32", "cumulative_total": 202.0 }, "geometry": { "type": "Polygon", "coordinates": [ [ [ -75.58146594120214, 45.921943340493343 ], [ -75.587941238511831, 45.92450842346139 ], [ -75.587996138391063, 45.929704567326219 ], [ -75.581574536916449, 45.932335640118808 ], [ -75.575098615221805, 45.92977020281095 ], [ -75.575044919391786, 45.924574047115932 ], [ -75.58146594120214, 45.921943340493343 ] ] ] } },
{ "type": "Feature", "properties": { "hex_id": 382858, "centroid_lon": -75.581683192278632, "centroid_lat": 45.942727920561126, "occurrences_today": 6, "datetimes_today": "2026-09-15 00:32:23, 2026-09-15 00:46:40, 2026-09-15 01:01:47, 2026-09-15 01:17:03, 2026-09-15 01:32:09, 2026-09-15 01:47:32", "cumulative_total": 212.0 }, "geometry": { "type": "Polygon", "coordinates": [ [ [ -75.581628857139037, 45.93753178273785 ], [ -75.588105983378824, 45.940096840665255 ], [ -75.588160928497587, 45.945292970139462 ], [ -75.581737542340335, 45.947924053588665 ], [ -75.575259791196785, 45.945358641127932 ], [ -75.575206051119295, 45.940162499816935 ], [ -75.581628857139037, 45.93753178273785 ] ] ] } },
{ "type": "Feature", "properties": { "hex_id": 382859, "centroid_lon": -75.581846287250301, "centroid_lat": 45.958316305256567, "occurrences_today": 6, "datetimes_today": "2026-09-15 00:32:23, 2026-09-15 00:46:40, 2026-09-15 01:01:47, 2026-09-15 01:17:03, 2026-09-15 01:32:09, 2026-09-15 01:47:32", "cumulative_total": 412.0 }, "geometry": { "type": "Polygon", "coordinates": [ [ [ -75.581791907329205, 45.953120181820474 ], [ -75.588270864010454, 45.95568521469739 ], [ -75.588325854414819, 45.96088132978111 ], [ -75.58190068210871, 45.963512423896944 ], [ -75.575421100004334, 45.960947036293064 ], [ -75.575367315634281, 45.955750909365975 ], [ -75.581791907329205, 45.953120181820474 ] ] ] } },
{ "type": "Feature", "properties": { "hex_id": 382860, "centroid_lon": -75.582009516657735, "centroid_lat": 45.973904646790672, "occurrences_today": 6, "datetimes_today": "2026-09-15 00:32:23, 2026-09-15 00:46:40, 2026-09-15 01:01:47, 2026-09-15 01:17:03, 2026-09-15 01:32:09, 2026-09-15 01:47:32", "cumulative_total": 184.0 }, "geometry": { "type": "Polygon", "coordinates": [ [ [ -75.581955091909492, 45.968708537741648 ], [ -75.588435880545092, 45.971273545558176 ], [ -75.588490916281259, 45.976469646251559 ], [ -75.582063956358525, 45.979100751044051 ], [ -75.575582541779923, 45.976535388306779 ], [ -75.575528713072131, 45.971339275763441 ], [ -75.581955091909492, 45.968708537741648 ] ] ] } },
{ "type": "Feature", "properties": { "hex_id": 382861, "centroid_lon": -75.582172880638055, "centroid_lat": 45.989492945163917, "occurrences_today": 6, "datetimes_today": "2026-09-15 00:32:23, 2026-09-15 00:46:40, 2026-09-15 01:01:47, 2026-09-15 01:17:03, 2026-09-15 01:32:09, 2026-09-15 01:47:32", "cumulative_total": 313.0 }, "geometry": { "type": "Polygon", "coordinates": [ [ [ -75.582118411016936, 45.984296850501792 ], [ -75.58860103312135, 45.986861833248085 ], [ -75.588656114235562, 45.992057919551279 ], [ -75.58222736522697, 45.994689035030447 ], [ -75.575744116659124, 45.992123697169561 ], [ -75.575690243568388, 45.986927599009825 ], [ -75.582118411016936, 45.984296850501792 ] ] ] } },
{ "type": "Feature", "properties": { "hex_id": 383463, "centroid_lon": -75.574348213045681, "centroid_lat": 45.857023586755957, "occurrences_today": 6, "datetimes_today": "2026-09-15 00:32:23, 2026-09-15 00:46:40, 2026-09-15 01:01:47, 2026-09-15 01:17:03, 2026-09-15 01:32:09, 2026-09-15 01:47:32", "cumulative_total": 270.0 }, "geometry": { "type": "Polygon", "coordinates": [ [ [ -75.574294723109432, 45.851827363933552 ], [ -75.58076152018387, 45.85439292533097 ], [ -75.580815617257272, 45.859589139888286 ], [ -75.574401717656229, 45.86221980478345 ], [ -75.567934298767824, 45.859653889847984 ], [ -75.567881401299417, 45.854457663620813 ], [ -75.574294723109432, 45.851827363933552 ] ] ] } },
{ "type": "Feature", "properties": { "hex_id": 383464, "centroid_lon": -75.574508770920161, "centroid_lat": 45.872612226453768, "occurrences_today": 6, "datetimes_today": "2026-09-15 00:32:23, 2026-09-15 00:46:40, 2026-09-15 01:01:47, 2026-09-15 01:17:03, 2026-09-15 01:32:09, 2026-09-15 01:47:32", "cumulative_total": 196.0 }, "geometry": { "type": "Polygon", "coordinates": [ [ [ -75.574455236946065, 45.867416018016044 ], [ -75.580923855933108, 45.869981554614981 ], [ -75.580977997545602, 45.875177754784403 ], [ -75.574562319583507, 45.877808430096636 ], [ -75.568093078266344, 45.875242539766568 ], [ -75.568040137246371, 45.870046327920832 ], [ -75.574455236946065, 45.867416018016044 ] ] ] } },
{ "type": "Feature", "properties": { "hex_id": 383465, "centroid_lon": -75.574669460997825, "centroid_lat": 45.888200822997824, "occurrences_today": 6, "datetimes_today": "2026-09-15 00:32:23, 2026-09-15 00:46:40, 2026-09-15 01:01:47, 2026-09-15 01:17:03, 2026-09-15 01:32:09, 2026-09-15 01:47:32", "cumulative_total": 115.0 }, "geometry": { "type": "Polygon", "coordinates": [ [ [ -75.57461588294106, 45.883004628944647 ], [ -75.581086325344899, 45.885570140735403 ], [ -75.581140511541776, 45.89076632651701 ], [ -75.574723053758774, 45.89339701225618 ], [ -75.568251988508123, 45.890831146541089 ], [ -75.568199003892303, 45.885634949076675 ], [ -75.57461588294106, 45.883004628944647 ] ] ] } },
{ "type": "Feature", "properties": { "hex_id": 383466, "centroid_lon": -75.574830283413164, "centroid_lat": 45.903789376388481, "occurrences_today": 6, "datetimes_today": "2026-09-15 00:32:23, 2026-09-15 00:46:40, 2026-09-15 01:01:47, 2026-09-15 01:17:03, 2026-09-15 01:32:09, 2026-09-15 01:47:32", "cumulative_total": 153.0 }, "geometry": { "type": "Polygon", "coordinates": [ [ [ -75.574776661228881, 45.898593196719737 ], [ -75.581248928555226, 45.901158683692564 ], [ -75.581303159381875, 45.906354855086533 ], [ -75.574883920316609, 45.908985551262475 ], [ -75.568411029626233, 45.906419710171981 ], [ -75.568358001370171, 45.901223527088732 ], [ -75.574776661228881, 45.898593196719737 ] ] ] } },
{ "type": "Feature", "properties": { "hex_id": 383467, "centroid_lon": -75.57499123830091, "centroid_lat": 45.919377886626172, "occurrences_today": 6, "datetimes_today": "2026-09-15 00:32:23, 2026-09-15 00:46:40, 2026-09-15 01:01:47, 2026-09-15 01:17:03, 2026-09-15 01:32:09, 2026-09-15 01:47:32", "cumulative_total": 153.0 }, "geometry": { "type": "Polygon", "coordinates": [ [ [ -75.57493757194419, 45.914181721341684 ], [ -75.581411665700287, 45.916747183486905 ], [ -75.58146594120214, 45.921943340493343 ], [ -75.575044919391786, 45.924574047115932 ], [ -75.568570201753914, 45.92200823065965 ], [ -75.568517129813159, 45.916812061957422 ], [ -75.57493757194419, 45.914181721341684 ] ] ] } },
{ "type": "Feature", "properties": { "hex_id": 383468, "centroid_lon": -75.575152325795969, "centroid_lat": 45.934966353711296, "occurrences_today": 6, "datetimes_today": "2026-09-15 00:32:23, 2026-09-15 00:46:40, 2026-09-15 01:01:47, 2026-09-15 01:17:03, 2026-09-15 01:32:09, 2026-09-15 01:47:32", "cumulative_total": 195.0 }, "geometry": { "type": "Polygon", "coordinates": [ [ [ -75.575098615221805, 45.92977020281095 ], [ -75.581574536916449, 45.932335640118808 ], [ -75.581628857139037, 45.93753178273785 ], [ -75.575206051119295, 45.940162499816935 ], [ -75.568729505024578, 45.937596708004506 ], [ -75.568676389354664, 45.932400553683173 ], [ -75.575098615221805, 45.92977020281095 ] ] ] } },
{ "type": "Feature", "properties": { "hex_id": 383469, "centroid_lon": -75.575313546033442, "centroid_lat": 45.950554777644278, "occurrences_today": 6, "datetimes_today": "2026-09-15 00:32:23, 2026-09-15 00:46:40, 2026-09-15 01:01:47, 2026-09-15 01:17:03, 2026-09-15 01:32:09, 2026-09-15 01:47:32", "cumulative_total": 160.0 }, "geometry": { "type": "Polygon", "coordinates": [ [ [ -75.575259791196785, 45.945358641127932 ], [ -75.581737542340335, 45.947924053588665 ], [ -75.581791907329205, 45.953120181820474 ], [ -75.575367315634281, 45.955750909365975 ], [ -75.568888939571835, 45.953185142207005 ], [ -75.568835780128197, 45.947989002266411 ], [ -75.575259791196785, 45.945358641127932 ] ] ] } },
{ "type": "Feature", "properties": { "hex_id": 383470, "centroid_lon": -75.575474899148617, "centroid_lat": 45.966143158425545, "occurrences_today": 6, "datetimes_today": "2026-09-15 00:32:23, 2026-09-15 00:46:40, 2026-09-15 01:01:47, 2026-09-15 01:17:03, 2026-09-15 01:32:09, 2026-09-15 01:47:32", "cumulative_total": 184.0 }, "geometry": { "type": "Polygon", "coordinates": [ [ [ -75.575421100004334, 45.960947036293064 ], [ -75.58190068210871, 45.963512423896944 ], [ -75.581955091909492, 45.968708537741648 ], [ -75.575528713072131, 45.971339275763441 ], [ -75.569048505529523, 45.968773533267616 ], [ -75.568995302267524, 45.963577407707582 ], [ -75.575421100004334, 45.960947036293064 ] ] ] } },
{ "type": "Feature", "properties": { "hex_id": 383471, "centroid_lon": -75.575636385276994, "centroid_lat": 45.981731496055566, "occurrences_today": 6, "datetimes_today": "2026-09-15 00:32:23, 2026-09-15 00:46:40, 2026-09-15 01:01:47, 2026-09-15 01:17:03, 2026-09-15 01:32:09, 2026-09-15 01:47:32", "cumulative_total": 193.0 }, "geometry": { "type": "Polygon", "coordinates": [ [ [ -75.575582541779923, 45.976535388306779 ], [ -75.582063956358525, 45.979100751044051 ], [ -75.582118411016936, 45.984296850501792 ], [ -75.575690243568388, 45.986927599009825 ], [ -75.569208203031621, 45.984361881186736 ], [ -75.569154955906598, 45.979165770007157 ], [ -75.575582541779923, 45.976535388306779 ] ] ] } },
{ "type": "Feature", "properties": { "hex_id": 383472, "centroid_lon": -75.575798004554258, "centroid_lat": 45.997319790534803, "occurrences_today": 6, "datetimes_today": "2026-09-15 00:32:23, 2026-09-15 00:46:40, 2026-09-15 01:01:47, 2026-09-15 01:17:03, 2026-09-15 01:32:09, 2026-09-15 01:47:32", "cumulative_total": 289.0 }, "geometry": { "type": "Polygon", "coordinates": [ [ [ -75.575744116659124, 45.992123697169561 ], [ -75.58222736522697, 45.994689035030447 ], [ -75.582281864788783, 45.999885120101403 ], [ -75.575851907258794, 46.002515879105566 ], [ -75.569368032212338, 45.999950185964927 ], [ -75.569314741179525, 45.994754089165603 ], [ -75.575744116659124, 45.992123697169561 ] ] ] } },
{ "type": "Feature", "properties": { "hex_id": 384073, "centroid_lon": -75.567828518338359, "centroid_lat": 45.849261432599818, "occurrences_today": 6, "datetimes_today": "2026-09-15 00:32:23, 2026-09-15 00:46:40, 2026-09-15 01:01:47, 2026-09-15 01:17:03, 2026-09-15 01:32:09, 2026-09-15 01:47:32", "cumulative_total": 160.0 }, "geometry": { "type": "Polygon", "coordinates": [ [ [ -75.567775649879735, 45.844065196784953 ], [ -75.574241247842536, 45.846631136316219 ], [ -75.574294723109432, 45.851827363933552 ], [ -75.567881401299417, 45.854457663620813 ], [ -75.561415182023453, 45.851891370580226 ], [ -75.561362905875569, 45.846695131427083 ], [ -75.567775649879735, 45.844065196784953 ] ] ] } },
{ "type": "Feature", "properties": { "hex_id": 384074, "centroid_lon": -75.567987210748498, "centroid_lat": 45.864850111281321, "occurrences_today": 6, "datetimes_today": "2026-09-15 00:32:23, 2026-09-15 00:46:40, 2026-09-15 01:01:47, 2026-09-15 01:17:03, 2026-09-15 01:32:09, 2026-09-15 01:47:32", "cumulative_total": 237.0 }, "geometry": { "type": "Polygon", "coordinates": [ [ [ -75.567934298767824, 45.859653889847984 ], [ -75.574401717656229, 45.86221980478345 ], [ -75.574455236946065, 45.867416018016044 ], [ -75.568040137246371, 45.870046327920832 ], [ -75.561572096529162, 45.86748005928294 ], [ -75.561519777345381, 45.862283834508126 ], [ -75.567934298767824, 45.859653889847984 ] ] ] } },
{ "type": "Feature", "properties": { "hex_id": 384075, "centroid_lon": -75.568146033813335, "centroid_lat": 45.880438746818498, "occurrences_today": 6, "datetimes_today": "2026-09-15 00:32:23, 2026-09-15 00:46:40, 2026-09-15 01:01:47, 2026-09-15 01:17:03, 2026-09-15 01:32:09, 2026-09-15 01:47:32", "cumulative_total": 115.0 }, "geometry": { "type": "Polygon", "coordinates": [ [ [ -75.568093078266344, 45.875242539766568 ], [ -75.574562319583507, 45.877808430096636 ], [ -75.57461588294106, 45.883004628944647 ], [ -75.568199003892303, 45.885634949076675 ], [ -75.561729140230156, 45.883068704850984 ], [ -75.561676777966682, 45.877872494454358 ], [ -75.568093078266344, 45.875242539766568 ] ] ] } },
{ "type": "Feature", "properties": { "hex_id": 384076, "centroid_lon": -75.568304987665783, "centroid_lat": 45.896027339211791, "occurrences_today": 6, "datetimes_today": "2026-09-15 00:32:23, 2026-09-15 00:46:40, 2026-09-15 01:01:47, 2026-09-15 01:17:03, 2026-09-15 01:32:09, 2026-09-15 01:47:32", "cumulative_total": 112.0 }, "geometry": { "type": "Polygon", "coordinates": [ [ [ -75.568251988508123, 45.890831146541089 ], [ -75.574723053758774, 45.89339701225618 ], [ -75.574776661228881, 45.898593196719737 ], [ -75.568358001370171, 45.901223527088732 ], [ -75.561886313257858, 45.898657307284729 ], [ -75.561833907870863, 45.893461111266156 ], [ -75.568251988508123, 45.890831146541089 ] ] ] } },
{ "type": "Feature", "properties": { "hex_id": 384077, "centroid_lon": -75.568464072438928, "centroid_lat": 45.91161588846154, "occurrences_today": 6, "datetimes_today": "2026-09-15 00:32:23, 2026-09-15 00:46:40, 2026-09-15 01:01:47, 2026-09-15 01:17:03, 2026-09-15 01:32:09, 2026-09-15 01:47:32", "cumulative_total": 153.0 }, "geometry": { "type": "Polygon", "coordinates": [ [ [ -75.568411029626233, 45.906419710171981 ], [ -75.574883920316609, 45.908985551262475 ], [ -75.57493757194419, 45.914181721341684 ], [ -75.568517129813159, 45.916812061957422 ], [ -75.562043615743875, 45.914245866584608 ], [ -75.561991167189476, 45.909049684943938 ], [ -75.568411029626233, 45.906419710171981 ] ] ] } },
{ "type": "Feature", "properties": { "hex_id": 384078, "centroid_lon": -75.568623288266096, "centroid_lat": 45.927204394568236, "occurrences_today": 6, "datetimes_today": "2026-09-15 00:32:23, 2026-09-15 00:46:40, 2026-09-15 01:01:47, 2026-09-15 01:17:03, 2026-09-15 01:32:09, 2026-09-15 01:47:32", "cumulative_total": 263.0 }, "geometry": { "type": "Polygon", "coordinates": [ [ [ -75.568570201753914, 45.92200823065965 ], [ -75.575044919391786, 45.924574047115932 ], [ -75.575098615221805, 45.92977020281095 ], [ -75.568676389354664, 45.932400553683173 ], [ -75.562201047820082, 45.929834382751068 ], [ -75.562148556054296, 45.924638215488159 ], [ -75.568570201753914, 45.92200823065965 ] ] ] } },
{ "type": "Feature", "properties": { "hex_id": 384079, "centroid_lon": -75.568782635280755, "centroid_lat": 45.94279285753224, "occurrences_today": 6, "datetimes_today": "2026-09-15 00:32:23, 2026-09-15 00:46:40, 2026-09-15 01:01:47, 2026-09-15 01:17:03, 2026-09-15 01:32:09, 2026-09-15 01:47:32", "cumulative_total": 153.0 }, "geometry": { "type": "Polygon", "coordinates": [ [ [ -75.568729505024578, 45.937596708004506 ], [ -75.575206051119295, 45.940162499816935 ], [ -75.575259791196785, 45.945358641127932 ], [ -75.568835780128197, 45.947989002266411 ], [ -75.562358609618457, 45.945422855784521 ], [ -75.562306074597274, 45.940226702899217 ], [ -75.568729505024578, 45.937596708004506 ] ] ] } },
{ "type": "Feature", "properties": { "hex_id": 384080, "centroid_lon": -75.568942113616629, "centroid_lat": 45.958381277354064, "occurrences_today": 6, "datetimes_today": "2026-09-15 00:32:23, 2026-09-15 00:46:40, 2026-09-15 01:01:47, 2026-09-15 01:17:03, 2026-09-15 01:32:09, 2026-09-15 01:47:32", "cumulative_total": 153.0 }, "geometry": { "type": "Polygon", "coordinates": [ [ [ -75.568888939571835, 45.953185142207005 ], [ -75.575367315634281, 45.955750909365975 ], [ -75.575421100004334, 45.960947036293064 ], [ -75.568995302267524, 45.963577407707582 ], [ -75.562516301271202, 45.961011285685458 ], [ -75.562463722950525, 45.95581514717761 ], [ -75.568888939571835, 45.953185142207005 ] ] ] } },
{ "type": "Feature", "properties": { "hex_id": 384081, "centroid_lon": -75.569101723407542, "centroid_lat": 45.973969654034128, "occurrences_today": 6, "datetimes_today": "2026-09-15 00:32:23, 2026-09-15 00:46:40, 2026-09-15 01:01:47, 2026-09-15 01:17:03, 2026-09-15 01:32:09, 2026-09-15 01:47:32", "cumulative_total": 191.0 }, "geometry": { "type": "Polygon", "coordinates": [ [ [ -75.569048505529523, 45.968773533267616 ], [ -75.575528713072131, 45.971339275763441 ], [ -75.575582541779923, 45.976535388306779 ], [ -75.569154955906598, 45.979165770007157 ], [ -75.562674122910707, 45.976599672454306 ], [ -75.562621501246397, 45.971403548323778 ], [ -75.569048505529523, 45.968773533267616 ] ] ] } },
{ "type": "Feature", "properties": { "hex_id": 384082, "centroid_lon": -75.569261464787601, "centroid_lat": 45.98955798757288, "occurrences_today": 6, "datetimes_today": "2026-09-15 00:32:23, 2026-09-15 00:46:40, 2026-09-15 01:01:47, 2026-09-15 01:17:03, 2026-09-15 01:32:09, 2026-09-15 01:47:32", "cumulative_total": 203.0 }, "geometry": { "type": "Polygon", "coordinates": [ [ [ -75.569208203031621, 45.984361881186736 ], [ -75.575690243568388, 45.986927599009825 ], [ -75.575744116659124, 45.992123697169561 ], [ -75.569314741179525, 45.994754089165603 ], [ -75.562832074669572, 45.992188016091582 ], [ -75.562779409617391, 45.98699190633819 ], [ -75.569208203031621, 45.984361881186736 ] ] ] } },
{ "type": "Feature", "properties": { "hex_id": 384684, "centroid_lon": -75.561467472511765, "centroid_lat": 45.857087604940567, "occurrences_today": 6, "datetimes_today": "2026-09-15 00:32:23, 2026-09-15 00:46:40, 2026-09-15 01:01:47, 2026-09-15 01:17:03, 2026-09-15 01:32:09, 2026-09-15 01:47:32", "cumulative_total": 280.0 }, "geometry": { "type": "Polygon", "coordinates": [ [ [ -75.561415182023453, 45.851891370580226 ], [ -75.567881401299417, 45.854457663620813 ], [ -75.567934298767824, 45.859653889847984 ], [ -75.561519777345381, 45.862283834508126 ], [ -75.555052936741589, 45.859717187793855 ], [ -75.555001238892928, 45.854520950158516 ], [ -75.561415182023453, 45.851891370580226 ] ] ] } },
{ "type": "Feature", "properties": { "hex_id": 384685, "centroid_lon": -75.56162443006798, "centroid_lat": 45.872676279265008, "occurrences_today": 6, "datetimes_today": "2026-09-15 00:32:23, 2026-09-15 00:46:40, 2026-09-15 01:01:47, 2026-09-15 01:17:03, 2026-09-15 01:32:09, 2026-09-15 01:47:32", "cumulative_total": 115.0 }, "geometry": { "type": "Polygon", "coordinates": [ [ [ -75.561572096529162, 45.86748005928294 ], [ -75.568040137246371, 45.870046327920832 ], [ -75.568093078266344, 45.875242539766568 ], [ -75.561676777966682, 45.877872494454358 ], [ -75.555208115406003, 45.875305871949621 ], [ -75.555156374993317, 45.870109648689386 ], [ -75.561572096529162, 45.86748005928294 ] ] ] } },
{ "type": "Feature", "properties": { "hex_id": 384686, "centroid_lon": -75.561781516863249, "centroid_lat": 45.888264910454915, "occurrences_today": 6, "datetimes_today": "2026-09-15 00:32:23, 2026-09-15 00:46:40, 2026-09-15 01:01:47, 2026-09-15 01:17:03, 2026-09-15 01:32:09, 2026-09-15 01:47:32", "cumulative_total": 112.0 }, "geometry": { "type": "Polygon", "coordinates": [ [ [ -75.561729140230156, 45.883068704850984 ], [ -75.568199003892303, 45.885634949076675 ], [ -75.568251988508123, 45.890831146541089 ], [ -75.561833907870863, 45.893461111266156 ], [ -75.555363421849052, 45.890894512980331 ], [ -75.555311638829039, 45.885698304095072 ], [ -75.561729140230156, 45.883068704850984 ] ] ] } },
{ "type": "Feature", "properties": { "hex_id": 384687, "centroid_lon": -75.561938733029095, "centroid_lat": 45.903853498510642, "occurrences_today": 6, "datetimes_today": "2026-09-15 00:32:23, 2026-09-15 00:46:40, 2026-09-15 01:01:47, 2026-09-15 01:17:03, 2026-09-15 01:32:09, 2026-09-15 01:47:32", "cumulative_total": 153.0 }, "geometry": { "type": "Polygon", "coordinates": [ [ [ -75.561886313257858, 45.898657307284729 ], [ -75.568358001370171, 45.901223527088732 ], [ -75.568411029626233, 45.906419710171981 ], [ -75.561991167189476, 45.909049684943938 ], [ -75.555518856200763, 45.906483110886413 ], [ -75.555467030530082, 45.90128691637598 ], [ -75.561886313257858, 45.898657307284729 ] ] ] } },
{ "type": "Feature", "properties": { "hex_id": 384688, "centroid_lon": -75.562096078697209, "centroid_lat": 45.919442043432674, "occurrences_today": 6, "datetimes_today": "2026-09-15 00:32:23, 2026-09-15 00:46:40, 2026-09-15 01:01:47, 2026-09-15 01:17:03, 2026-09-15 01:32:09, 2026-09-15 01:47:32", "cumulative_total": 256.0 }, "geometry": { "type": "Polygon", "coordinates": [ [ [ -75.562043615743875, 45.914245866584608 ], [ -75.568517129813159, 45.916812061957422 ], [ -75.568570201753914, 45.92200823065965 ], [ -75.562148556054296, 45.924638215488159 ], [ -75.555674418591352, 45.922071665668341 ], [ -75.555622550226573, 45.916875485532579 ], [ -75.562043615743875, 45.914245866584608 ] ] ] } },
{ "type": "Feature", "properties": { "hex_id": 384689, "centroid_lon": -75.56225355399944, "centroid_lat": 45.935030545221416, "occurrences_today": 6, "datetimes_today": "2026-09-15 00:32:23, 2026-09-15 00:46:40, 2026-09-15 01:01:47, 2026-09-15 01:17:03, 2026-09-15 01:32:09, 2026-09-15 01:47:32", "cumulative_total": 153.0 }, "geometry": { "type": "Polygon", "coordinates": [ [ [ -75.562201047820082, 45.929834382751068 ], [ -75.568676389354664, 45.932400553683173 ], [ -75.568729505024578, 45.937596708004506 ], [ -75.562306074597274, 45.940226702899217 ], [ -75.555830109151231, 45.937660177326499 ], [ -75.555778198048856, 45.932464011565287 ], [ -75.562201047820082, 45.929834382751068 ] ] ] } },
{ "type": "Feature", "properties": { "hex_id": 384690, "centroid_lon": -75.562411159067906, "centroid_lat": 45.950619003877314, "occurrences_today": 6, "datetimes_today": "2026-09-15 00:32:23, 2026-09-15 00:46:40, 2026-09-15 01:01:47, 2026-09-15 01:17:03, 2026-09-15 01:32:09, 2026-09-15 01:47:32", "cumulative_total": 153.0 }, "geometry": { "type": "Polygon", "coordinates": [ [ [ -75.562358609618457, 45.945422855784521 ], [ -75.568835780128197, 45.947989002266411 ], [ -75.568888939571835, 45.953185142207005 ], [ -75.562463722950525, 45.95581514717761 ], [ -75.555985928010998, 45.953248645861407 ], [ -75.555933974127456, 45.948052494474545 ], [ -75.562358609618457, 45.945422855784521 ] ] ] } },
{ "type": "Feature", "properties": { "hex_id": 384691, "centroid_lon": -75.562568894034854, "centroid_lat": 45.966207419400824, "occurrences_today": 6, "datetimes_today": "2026-09-15 00:32:23, 2026-09-15 00:46:40, 2026-09-15 01:01:47, 2026-09-15 01:17:03, 2026-09-15 01:32:09, 2026-09-15 01:47:32", "cumulative_total": 191.0 }, "geometry": { "type": "Polygon", "coordinates": [ [ [ -75.562516301271202, 45.961011285685458 ], [ -75.568995302267524, 45.963577407707582 ], [ -75.569048505529523, 45.968773533267616 ], [ -75.562621501246397, 45.971403548323778 ], [ -75.556141875301407, 45.968837071273498 ], [ -75.556089878593113, 45.963640934260859 ], [ -75.562516301271202, 45.961011285685458 ] ] ] } },
{ "type": "Feature", "properties": { "hex_id": 384692, "centroid_lon": -75.562726759032742, "centroid_lat": 45.981795791792443, "occurrences_today": 6, "datetimes_today": "2026-09-15 00:32:23, 2026-09-15 00:46:40, 2026-09-15 01:01:47, 2026-09-15 01:17:03, 2026-09-15 01:32:09, 2026-09-15 01:47:32", "cumulative_total": 193.0 }, "geometry": { "type": "Polygon", "coordinates": [ [ [ -75.562674122910707, 45.976599672454306 ], [ -75.569154955906598, 45.979165770007157 ], [ -75.569208203031621, 45.984361881186736 ], [ -75.562779409617391, 45.98699190633819 ], [ -75.556297951153439, 45.984425453563269 ], [ -75.55624591157671, 45.979229330924682 ], [ -75.562674122910707, 45.976599672454306 ] ] ] } },
{ "type": "Feature", "properties": { "hex_id": 384693, "centroid_lon": -75.562884754194201, "centroid_lat": 45.997384121052626, "occurrences_today": 6, "datetimes_today": "2026-09-15 00:32:23, 2026-09-15 00:46:40, 2026-09-15 01:01:47, 2026-09-15 01:17:03, 2026-09-15 01:32:09, 2026-09-15 01:47:32", "cumulative_total": 153.0 }, "geometry": { "type": "Polygon", "coordinates": [ [ [ -75.562832074669572, 45.992188016091582 ], [ -75.569314741179525, 45.994754089165603 ], [ -75.569368032212338, 45.999950185964927 ], [ -75.562937448196209, 46.002580221221336 ], [ -75.556454155698248, 46.000013792731224 ], [ -75.556402073209341, 45.994817684466518 ], [ -75.562832074669572, 45.992188016091582 ] ] ] } },
{ "type": "Feature", "properties": { "hex_id": 385294, "centroid_lon": -75.554949555222649, "centroid_lat": 45.849324707731455, "occurrences_today": 6, "datetimes_today": "2026-09-15 00:32:23, 2026-09-15 00:46:40, 2026-09-15 01:01:47, 2026-09-15 01:17:03, 2026-09-15 01:32:09, 2026-09-15 01:47:32", "cumulative_total": 270.0 }, "geometry": { "type": "Polygon", "coordinates": [ [ [ -75.554897885725964, 45.844128460512636 ], [ -75.561362905875569, 45.846695131427083 ], [ -75.561415182023453, 45.851891370580226 ], [ -75.555001238892928, 45.854520950158516 ], [ -75.548535597916128, 45.851953925599204 ], [ -75.548484520901852, 45.846757675171851 ], [ -75.554897885725964, 45.844128460512636 ] ] ] } },
{ "type": "Feature", "properties": { "hex_id": 385295, "centroid_lon": -75.555104648773451, "centroid_lat": 45.864913420637478, "occurrences_today": 6, "datetimes_today": "2026-09-15 00:32:23, 2026-09-15 00:46:40, 2026-09-15 01:01:47, 2026-09-15 01:17:03, 2026-09-15 01:32:09, 2026-09-15 01:47:32", "cumulative_total": 115.0 }, "geometry": { "type": "Polygon", "coordinates": [ [ [ -75.555052936741589, 45.859717187793855 ], [ -75.561519777345381, 45.862283834508126 ], [ -75.561572096529162, 45.86748005928294 ], [ -75.555156374993317, 45.870109648689386 ], [ -75.548688913047187, 45.867542648137061 ], [ -75.548637793984057, 45.862346412081791 ], [ -75.555052936741589, 45.859717187793855 ] ] ] } },
{ "type": "Feature", "properties": { "hex_id": 385296, "centroid_lon": -75.555259870016314, "centroid_lat": 45.880502090418176, "occurrences_today": 6, "datetimes_today": "2026-09-15 00:32:23, 2026-09-15 00:46:40, 2026-09-15 01:01:47, 2026-09-15 01:17:03, 2026-09-15 01:32:09, 2026-09-15 01:47:32", "cumulative_total": 112.0 }, "geometry": { "type": "Polygon", "coordinates": [ [ [ -75.555208115406003, 45.875305871949621 ], [ -75.561676777966682, 45.877872494454358 ], [ -75.561729140230156, 45.883068704850984 ], [ -75.555311638829039, 45.885698304095072 ], [ -75.548842354410354, 45.883131327559028 ], [ -75.548791193255596, 45.877935105875672 ], [ -75.555208115406003, 45.875305871949621 ] ] ] } },
{ "type": "Feature", "properties": { "hex_id": 385297, "centroid_lon": -75.555415219081112, "centroid_lat": 45.896090717073967, "occurrences_today": 6, "datetimes_today": "2026-09-15 00:32:23, 2026-09-15 00:46:40, 2026-09-15 01:01:47, 2026-09-15 01:17:03, 2026-09-15 01:32:09, 2026-09-15 01:47:32", "cumulative_total": 112.0 }, "geometry": { "type": "Polygon", "coordinates": [ [ [ -75.555363421849052, 45.890894512980331 ], [ -75.561833907870863, 45.893461111266156 ], [ -75.561886313257858, 45.898657307284729 ], [ -75.555467030530082, 45.90128691637598 ], [ -75.54899592213404, 45.898719963865489 ], [ -75.548944718844808, 45.893523756553904 ], [ -75.555363421849052, 45.890894512980331 ] ] ] } },
{ "type": "Feature", "properties": { "hex_id": 385298, "centroid_lon": -75.555570696097973, "centroid_lat": 45.911679300605286, "occurrences_today": 6, "datetimes_today": "2026-09-15 00:32:23, 2026-09-15 00:46:40, 2026-09-15 01:01:47, 2026-09-15 01:17:03, 2026-09-15 01:32:09, 2026-09-15 01:47:32", "cumulative_total": 262.0 }, "geometry": { "type": "Polygon", "coordinates": [ [ [ -75.555518856200763, 45.906483110886413 ], [ -75.561991167189476, 45.909049684943938 ], [ -75.562043615743875, 45.914245866584608 ], [ -75.555622550226573, 45.916875485532579 ], [ -75.549149616346867, 45.914308557056884 ], [ -75.549098370880301, 45.90911236411695 ], [ -75.555518856200763, 45.906483110886413 ] ] ] } },
{ "type": "Feature", "properties": { "hex_id": 385299, "centroid_lon": -75.555726301197168, "centroid_lat": 45.927267841012565, "occurrences_today": 6, "datetimes_today": "2026-09-15 00:32:23, 2026-09-15 00:46:40, 2026-09-15 01:01:47, 2026-09-15 01:17:03, 2026-09-15 01:32:09, 2026-09-15 01:47:32", "cumulative_total": 153.0 }, "geometry": { "type": "Polygon", "coordinates": [ [ [ -75.555674418591352, 45.922071665668341 ], [ -75.562148556054296, 45.924638215488159 ], [ -75.562201047820082, 45.929834382751068 ], [ -75.555778198048856, 45.932464011565287 ], [ -75.549303437177642, 45.929897107133691 ], [ -75.549252149490783, 45.924700928565251 ], [ -75.555674418591352, 45.922071665668341 ] ] ] } },
{ "type": "Feature", "properties": { "hex_id": 385300, "centroid_lon": -75.555882034509153, "centroid_lat": 45.942856338296245, "occurrences_today": 6, "datetimes_today": "2026-09-15 00:32:23, 2026-09-15 00:46:40, 2026-09-15 01:01:47, 2026-09-15 01:17:03, 2026-09-15 01:32:09, 2026-09-15 01:47:32", "cumulative_total": 153.0 }, "geometry": { "type": "Polygon", "coordinates": [ [ [ -75.555830109151231, 45.937660177326499 ], [ -75.562306074597274, 45.940226702899217 ], [ -75.562358609618457, 45.945422855784521 ], [ -75.555933974127456, 45.948052494474545 ], [ -75.549457384755357, 45.94548561409637 ], [ -75.549406054805175, 45.94028944989924 ], [ -75.555830109151231, 45.937660177326499 ] ] ] } },
{ "type": "Feature", "properties": { "hex_id": 385301, "centroid_lon": -75.556037896164597, "centroid_lat": 45.958444792456845, "occurrences_today": 6, "datetimes_today": "2026-09-15 00:32:23, 2026-09-15 00:46:40, 2026-09-15 01:01:47, 2026-09-15 01:17:03, 2026-09-15 01:32:09, 2026-09-15 01:47:32", "cumulative_total": 153.0 }, "geometry": { "type": "Polygon", "coordinates": [ [ [ -75.555985928010998, 45.953248645861407 ], [ -75.562463722950525, 45.95581514717761 ], [ -75.562516301271202, 45.961011285685458 ], [ -75.556089878593113, 45.963640934260859 ], [ -75.54961145920916, 45.961074077945391 ], [ -75.549560086952567, 45.955877928119428 ], [ -75.555985928010998, 45.953248645861407 ] ] ] } },
{ "type": "Feature", "properties": { "hex_id": 385302, "centroid_lon": -75.556193886294324, "centroid_lat": 45.97403320349477, "occurrences_today": 6, "datetimes_today": "2026-09-15 00:32:23, 2026-09-15 00:46:40, 2026-09-15 01:01:47, 2026-09-15 01:17:03, 2026-09-15 01:32:09, 2026-09-15 01:47:32", "cumulative_total": 204.0 }, "geometry": { "type": "Polygon", "coordinates": [ [ [ -75.556141875301407, 45.968837071273498 ], [ -75.562621501246397, 45.971403548323778 ], [ -75.562674122910707, 45.976599672454306 ], [ -75.55624591157671, 45.979229330924682 ], [ -75.549765660668399, 45.976662498681229 ], [ -75.54971424606228, 45.971466363226263 ], [ -75.556141875301407, 45.968837071273498 ] ] ] } },
{ "type": "Feature", "properties": { "hex_id": 385303, "centroid_lon": -75.556350005029358, "centroid_lat": 45.989621571410538, "occurrences_today": 6, "datetimes_today": "2026-09-15 00:32:23, 2026-09-15 00:46:40, 2026-09-15 01:01:47, 2026-09-15 01:17:03, 2026-09-15 01:32:09, 2026-09-15 01:47:32", "cumulative_total": 153.0 }, "geometry": { "type": "Polygon", "coordinates": [ [ [ -75.556297951153439, 45.984425453563269 ], [ -75.562779409617391, 45.98699190633819 ], [ -75.562832074669572, 45.992188016091582 ], [ -75.556402073209341, 45.994817684466518 ], [ -75.549919989262648, 45.992250876304418 ], [ -75.549868532263787, 45.987054755220285 ], [ -75.556297951153439, 45.984425453563269 ] ] ] } },
{ "type": "Feature", "properties": { "hex_id": 385304, "centroid_lon": -75.556506252500938, "centroid_lat": 46.005209896204676, "occurrences_today": 6, "datetimes_today": "2026-09-15 00:32:23, 2026-09-15 00:46:40, 2026-09-15 01:01:47, 2026-09-15 01:17:03, 2026-09-15 01:32:09, 2026-09-15 01:47:32", "cumulative_total": 153.0 }, "geometry": { "type": "Polygon", "coordinates": [ [ [ -75.556454155698248, 46.000013792731224 ], [ -75.562937448196209, 46.002580221221336 ], [ -75.562990156680527, 46.007776316597763 ], [ -75.556558363622287, 46.010405994886867 ], [ -75.550074445121581, 46.00783921081544 ], [ -75.550022945686734, 46.002643104101971 ], [ -75.556454155698248, 46.000013792731224 ] ] ] } },
{ "type": "Feature", "properties": { "hex_id": 385905, "centroid_lon": -75.548586688941953, "centroid_lat": 45.857150171235851, "occurrences_today": 6, "datetimes_today": "2026-09-15 00:32:23, 2026-09-15 00:46:40, 2026-09-15 01:01:47, 2026-09-15 01:17:03, 2026-09-15 01:32:09, 2026-09-15 01:47:32", "cumulative_total": 112.0 }, "geometry": { "type": "Polygon", "coordinates": [ [ [ -75.548535597916128, 45.851953925599204 ], [ -75.555001238892928, 45.854520950158516 ], [ -75.555052936741589, 45.859717187793855 ], [ -75.548637793984057, 45.862346412081791 ], [ -75.542171532165753, 45.859779033713274 ], [ -75.542121033951247, 45.854582784931438 ], [ -75.548535597916128, 45.851953925599204 ] ] ] } },
{ "type": "Feature", "properties": { "hex_id": 385906, "centroid_lon": -75.548740046136118, "centroid_lat": 45.872738879401687, "occurrences_today": 6, "datetimes_today": "2026-09-15 00:32:23, 2026-09-15 00:46:40, 2026-09-15 01:01:47, 2026-09-15 01:17:03, 2026-09-15 01:32:09, 2026-09-15 01:47:32", "cumulative_total": 112.0 }, "geometry": { "type": "Polygon", "coordinates": [ [ [ -75.548688913047187, 45.867542648137061 ], [ -75.555156374993317, 45.870109648689386 ], [ -75.555208115406003, 45.875305871949621 ], [ -75.548791193255596, 45.877935105875672 ], [ -75.54232310995279, 45.875367751320894 ], [ -75.542272570161828, 45.870171516907988 ], [ -75.548688913047187, 45.867542648137061 ] ] ] } },
{ "type": "Feature", "properties": { "hex_id": 385907, "centroid_lon": -75.548893529605166, "centroid_lat": 45.888327544451769, "occurrences_today": 6, "datetimes_today": "2026-09-15 00:32:23, 2026-09-15 00:46:40, 2026-09-15 01:01:47, 2026-09-15 01:17:03, 2026-09-15 01:32:09, 2026-09-15 01:47:32", "cumulative_total": 112.0 }, "geometry": { "type": "Polygon", "coordinates": [ [ [ -75.548842354410354, 45.883131327559028 ], [ -75.555311638829039, 45.885698304095072 ], [ -75.555363421849052, 45.890894512980331 ], [ -75.548944718844808, 45.893523756553904 ], [ -75.542474812553735, 45.890956425822054 ], [ -75.542424231144039, 45.885760205777913 ], [ -75.548842354410354, 45.883131327559028 ] ] ] } },
{ "type": "Feature", "properties": { "hex_id": 385908, "centroid_lon": -75.549047139477608, "centroid_lat": 45.90391616638648, "occurrences_today": 6, "datetimes_today": "2026-09-15 00:32:23, 2026-09-15 00:46:40, 2026-09-15 01:01:47, 2026-09-15 01:17:03, 2026-09-15 01:32:09, 2026-09-15 01:47:32", "cumulative_total": 112.0 }, "geometry": { "type": "Polygon", "coordinates": [ [ [ -75.54899592213404, 45.898719963865489 ], [ -75.555467030530082, 45.90128691637598 ], [ -75.555518856200763, 45.906483110886413 ], [ -75.549098370880301, 45.90911236411695 ], [ -75.542626640095662, 45.906545057217166 ], [ -75.542576017024842, 45.901348851541648 ], [ -75.54899592213404, 45.898719963865489 ] ] ] } },
{ "type": "Feature", "properties": { "hex_id": 385909, "centroid_lon": -75.549200875882107, "centroid_lat": 45.919504745206311, "occurrences_today": 6, "datetimes_today": "2026-09-15 00:32:23, 2026-09-15 00:46:40, 2026-09-15 01:01:47, 2026-09-15 01:17:03, 2026-09-15 01:32:09, 2026-09-15 01:47:32", "cumulative_total": 154.0 }, "geometry": { "type": "Polygon", "coordinates": [ [ [ -75.549149616346867, 45.914308557056884 ], [ -75.555622550226573, 45.916875485532579 ], [ -75.555674418591352, 45.922071665668341 ], [ -75.549252149490783, 45.924700928565251 ], [ -75.542778592705702, 45.922133645506698 ], [ -75.542727927931367, 45.916937454199676 ], [ -75.549149616346867, 45.914308557056884 ] ] ] } },
{ "type": "Feature", "properties": { "hex_id": 385910, "centroid_lon": -75.549354738947514, "centroid_lat": 45.935093280911687, "occurrences_today": 6, "datetimes_today": "2026-09-15 00:32:23, 2026-09-15 00:46:40, 2026-09-15 01:01:47, 2026-09-15 01:17:03, 2026-09-15 01:32:09, 2026-09-15 01:47:32", "cumulative_total": 153.0 }, "geometry": { "type": "Polygon", "coordinates": [ [ [ -75.549303437177642, 45.929897107133691 ], [ -75.555778198048856, 45.932464011565287 ], [ -75.555830109151231, 45.937660177326499 ], [ -75.549406054805175, 45.94028944989924 ], [ -75.542930670511282, 45.937722190691112 ], [ -75.542879963990941, 45.932526013752415 ], [ -75.549303437177642, 45.929897107133691 ] ] ] } },
{ "type": "Feature", "properties": { "hex_id": 385911, "centroid_lon": -75.549508728802891, "centroid_lat": 45.950681773503092, "occurrences_today": 6, "datetimes_today": "2026-09-15 00:32:23, 2026-09-15 00:46:40, 2026-09-15 01:01:47, 2026-09-15 01:17:03, 2026-09-15 01:32:09, 2026-09-15 01:47:32", "cumulative_total": 153.0 }, "geometry": { "type": "Polygon", "coordinates": [ [ [ -75.549457384755357, 45.94548561409637 ], [ -75.555933974127456, 45.948052494474545 ], [ -75.555985928010998, 45.953248645861407 ], [ -75.549560086952567, 45.955877928119428 ], [ -75.543082873639946, 45.95331069277092 ], [ -75.543032125331052, 45.948114530200364 ], [ -75.549457384755357, 45.94548561409637 ] ] ] } },
{ "type": "Feature", "properties": { "hex_id": 385912, "centroid_lon": -75.549662845577473, "centroid_lat": 45.966270222980995, "occurrences_today": 6, "datetimes_today": "2026-09-15 00:32:23, 2026-09-15 00:46:40, 2026-09-15 01:01:47, 2026-09-15 01:17:03, 2026-09-15 01:32:09, 2026-09-15 01:47:32", "cumulative_total": 153.0 }, "geometry": { "type": "Polygon", "coordinates": [ [ [ -75.54961145920916, 45.961074077945391 ], [ -75.556089878593113, 45.963640934260859 ], [ -75.556141875301407, 45.968837071273498 ], [ -75.54971424606228, 45.971466363226263 ], [ -75.543235202219435, 45.968899151746598 ], [ -75.543184412079398, 45.963703003544019 ], [ -75.54961145920916, 45.961074077945391 ] ] ] } },
{ "type": "Feature", "properties": { "hex_id": 385913, "centroid_lon": -75.549817089400648, "centroid_lat": 45.981858629345901, "occurrences_today": 6, "datetimes_today": "2026-09-15 00:32:23, 2026-09-15 00:46:40, 2026-09-15 01:01:47, 2026-09-15 01:17:03, 2026-09-15 01:32:09, 2026-09-15 01:47:32", "cumulative_total": 153.0 }, "geometry": { "type": "Polygon", "coordinates": [ [ [ -75.549765660668399, 45.976662498681229 ], [ -75.55624591157671, 45.979229330924682 ], [ -75.556297951153439, 45.984425453563269 ], [ -75.549868532263787, 45.987054755220285 ], [ -75.543387656377675, 45.984487567618622 ], [ -75.54333682436382, 45.979291433783864 ], [ -75.549765660668399, 45.976662498681229 ] ] ] } },
{ "type": "Feature", "properties": { "hex_id": 385914, "centroid_lon": -75.549971460402034, "centroid_lat": 45.997446992598299, "occurrences_today": 6, "datetimes_today": "2026-09-15 00:32:23, 2026-09-15 00:46:40, 2026-09-15 01:01:47, 2026-09-15 01:17:03, 2026-09-15 01:32:09, 2026-09-15 01:47:32", "cumulative_total": 255.0 }, "geometry": { "type": "Polygon", "coordinates": [ [ [ -75.549919989262648, 45.992250876304418 ], [ -75.556402073209341, 45.994817684466518 ], [ -75.556454155698248, 46.000013792731224 ], [ -75.550022945686734, 46.002643104101971 ], [ -75.543540236242791, 46.000075940387539 ], [ -75.5434893623124, 45.994879820920445 ], [ -75.549919989262648, 45.992250876304418 ] ] ] } },
{ "type": "Feature", "properties": { "hex_id": 386517, "centroid_lon": -75.542373663611954, "centroid_lat": 45.880563980944203, "occurrences_today": 6, "datetimes_today": "2026-09-15 00:32:23, 2026-09-15 00:46:40, 2026-09-15 01:01:47, 2026-09-15 01:17:03, 2026-09-15 01:32:09, 2026-09-15 01:47:32", "cumulative_total": 112.0 }, "geometry": { "type": "Polygon", "coordinates": [ [ [ -75.54232310995279, 45.875367751320894 ], [ -75.548791193255596, 45.877935105875672 ], [ -75.548842354410354, 45.883131327559028 ], [ -75.542424231144039, 45.885760205777913 ], [ -75.535955526470374, 45.883192497056243 ], [ -75.535905566438601, 45.877996264348063 ], [ -75.54232310995279, 45.875367751320894 ] ] ] } },
{ "type": "Feature", "properties": { "hex_id": 386518, "centroid_lon": -75.542525407845773, "centroid_lat": 45.89615264107664, "occurrences_today": 6, "datetimes_today": "2026-09-15 00:32:23, 2026-09-15 00:46:40, 2026-09-15 01:01:47, 2026-09-15 01:17:03, 2026-09-15 01:32:09, 2026-09-15 01:47:32", "cumulative_total": 112.0 }, "geometry": { "type": "Polygon", "coordinates": [ [ [ -75.542474812553735, 45.890956425822054 ], [ -75.548944718844808, 45.893523756553904 ], [ -75.54899592213404, 45.898719963865489 ], [ -75.542576017024842, 45.901348851541648 ], [ -75.536105488847184, 45.898781166449446 ], [ -75.536055487670026, 45.893584948106906 ], [ -75.542474812553735, 45.890956425822054 ] ] ] } },
{ "type": "Feature", "properties": { "hex_id": 386519, "centroid_lon": -75.542677277062921, "centroid_lat": 45.911741258103156, "occurrences_today": 6, "datetimes_today": "2026-09-15 00:32:23, 2026-09-15 00:46:40, 2026-09-15 01:01:47, 2026-09-15 01:17:03, 2026-09-15 01:32:09, 2026-09-15 01:47:32", "cumulative_total": 112.0 }, "geometry": { "type": "Polygon", "coordinates": [ [ [ -75.542626640095662, 45.906545057217166 ], [ -75.549098370880301, 45.90911236411695 ], [ -75.549149616346867, 45.914308557056884 ], [ -75.542727927931367, 45.916937454199676 ], [ -75.53625557474389, 45.914369792745966 ], [ -75.536205532379469, 45.909173588768944 ], [ -75.542626640095662, 45.906545057217166 ] ] ] } },
{ "type": "Feature", "properties": { "hex_id": 386520, "centroid_lon": -75.542829271390659, "centroid_lat": 45.927329832024284, "occurrences_today": 6, "datetimes_today": "2026-09-15 00:32:23, 2026-09-15 00:46:40, 2026-09-15 01:01:47, 2026-09-15 01:17:03, 2026-09-15 01:32:09, 2026-09-15 01:47:32", "cumulative_total": 153.0 }, "geometry": { "type": "Polygon", "coordinates": [ [ [ -75.542778592705702, 45.922133645506698 ], [ -75.549252149490783, 45.924700928565251 ], [ -75.549303437177642, 45.929897107133691 ], [ -75.542879963990941, 45.932526013752415 ], [ -75.536405784286259, 45.929958375946285 ], [ -75.536355700692624, 45.924762186334618 ], [ -75.542778592705702, 45.922133645506698 ] ] ] } },
{ "type": "Feature", "properties": { "hex_id": 386521, "centroid_lon": -75.542981390956413, "centroid_lat": 45.942918362840437, "occurrences_today": 6, "datetimes_today": "2026-09-15 00:32:23, 2026-09-15 00:46:40, 2026-09-15 01:01:47, 2026-09-15 01:17:03, 2026-09-15 01:32:09, 2026-09-15 01:47:32", "cumulative_total": 153.0 }, "geometry": { "type": "Polygon", "coordinates": [ [ [ -75.542930670511282, 45.937722190691112 ], [ -75.549406054805175, 45.94028944989924 ], [ -75.549457384755357, 45.94548561409637 ], [ -75.543032125331052, 45.948114530200364 ], [ -75.536556117600242, 45.945546916050887 ], [ -75.5365059927354, 45.940350740804391 ], [ -75.542930670511282, 45.937722190691112 ] ] ] } },
{ "type": "Feature", "properties": { "hex_id": 386522, "centroid_lon": -75.543133635887813, "centroid_lat": 45.958506850552148, "occurrences_today": 6, "datetimes_today": "2026-09-15 00:32:23, 2026-09-15 00:46:40, 2026-09-15 01:01:47, 2026-09-15 01:17:03, 2026-09-15 01:32:09, 2026-09-15 01:47:32", "cumulative_total": 153.0 }, "geometry": { "type": "Polygon", "coordinates": [ [ [ -75.543082873639946, 45.95331069277092 ], [ -75.549560086952567, 45.955877928119428 ], [ -75.54961145920916, 45.961074077945391 ], [ -75.543184412079398, 45.963703003544019 ], [ -75.536706574811959, 45.96113541306029 ], [ -75.536656408633846, 45.955939252178815 ], [ -75.543082873639946, 45.95331069277092 ] ] ] } },
{ "type": "Feature", "properties": { "hex_id": 386523, "centroid_lon": -75.543286006312655, "centroid_lat": 45.974095295159877, "occurrences_today": 6, "datetimes_today": "2026-09-15 00:32:23, 2026-09-15 00:46:40, 2026-09-15 01:01:47, 2026-09-15 01:17:03, 2026-09-15 01:32:09, 2026-09-15 01:47:32", "cumulative_total": 153.0 }, "geometry": { "type": "Polygon", "coordinates": [ [ [ -75.543235202219435, 45.968899151746598 ], [ -75.54971424606228, 45.971466363226263 ], [ -75.549765660668399, 45.976662498681229 ], [ -75.54333682436382, 45.979291433783864 ], [ -75.536857156047773, 45.976723866974957 ], [ -75.536806948514254, 45.971527720458333 ], [ -75.543235202219435, 45.968899151746598 ] ] ] } },
{ "type": "Feature", "properties": { "hex_id": 386524, "centroid_lon": -75.543438502358939, "centroid_lat": 45.98968369666413, "occurrences_today": 6, "datetimes_today": "2026-09-15 00:32:23, 2026-09-15 00:46:40, 2026-09-15 01:01:47, 2026-09-15 01:17:03, 2026-09-15 01:32:09, 2026-09-15 01:47:32", "cumulative_total": 255.0 }, "geometry": { "type": "Polygon", "coordinates": [ [ [ -75.543387656377675, 45.984487567618622 ], [ -75.549868532263787, 45.987054755220285 ], [ -75.549919989262648, 45.992250876304418 ], [ -75.5434893623124, 45.994879820920445 ], [ -75.537007861434162, 45.992312277795456 ], [ -75.536957612503045, 45.98711614564349 ], [ -75.543387656377675, 45.984487567618622 ] ] ] } },
{ "type": "Feature", "properties": { "hex_id": 386525, "centroid_lon": -75.543591124154844, "centroid_lat": 46.005272055065475, "occurrences_today": 6, "datetimes_today": "2026-09-15 00:32:23, 2026-09-15 00:46:40, 2026-09-15 01:01:47, 2026-09-15 01:17:03, 2026-09-15 01:32:09, 2026-09-15 01:47:32", "cumulative_total": 162.0 }, "geometry": { "type": "Polygon", "coordinates": [ [ [ -75.543540236242791, 46.000075940387539 ], [ -75.550022945686734, 46.002643104101971 ], [ -75.550074445121581, 46.00783921081544 ], [ -75.543642026053348, 46.010468164954233 ], [ -75.537158691097787, 46.007900645522291 ], [ -75.537108400726822, 46.002704527734821 ], [ -75.543540236242791, 46.000075940387539 ] ] ] } },
{ "type": "Feature", "properties": { "hex_id": 387130, "centroid_lon": -75.536305630846712, "centroid_lat": 45.919565991934512, "occurrences_today": 6, "datetimes_today": "2026-09-15 00:32:23, 2026-09-15 00:46:40, 2026-09-15 01:01:47, 2026-09-15 01:17:03, 2026-09-15 01:32:09, 2026-09-15 01:47:32", "cumulative_total": 112.0 }, "geometry": { "type": "Polygon", "coordinates": [ [ [ -75.53625557474389, 45.914369792745966 ], [ -75.542727927931367, 45.916937454199676 ], [ -75.542778592705702, 45.922133645506698 ], [ -75.536355700692624, 45.924762186334618 ], [ -75.529882725088228, 45.922194170162335 ], [ -75.529833263918505, 45.916997967946273 ], [ -75.53625557474389, 45.914369792745966 ] ] ] } },
{ "type": "Feature", "properties": { "hex_id": 387131, "centroid_lon": -75.536455881632293, "centroid_lat": 45.93515456076954, "occurrences_today": 6, "datetimes_today": "2026-09-15 00:32:23, 2026-09-15 00:46:40, 2026-09-15 01:01:47, 2026-09-15 01:17:03, 2026-09-15 01:32:09, 2026-09-15 01:47:32", "cumulative_total": 153.0 }, "geometry": { "type": "Polygon", "coordinates": [ [ [ -75.536405784286259, 45.929958375946285 ], [ -75.542879963990941, 45.932526013752415 ], [ -75.542930670511282, 45.937722190691112 ], [ -75.5365059927354, 45.940350740804391 ], [ -75.530031190096992, 45.93778274808593 ], [ -75.529981688172867, 45.932586560232146 ], [ -75.536405784286259, 45.929958375946285 ] ] ] } },
{ "type": "Feature", "properties": { "hex_id": 387132, "centroid_lon": -75.536606256231494, "centroid_lat": 45.950743086509021, "occurrences_today": 6, "datetimes_today": "2026-09-15 00:32:23, 2026-09-15 00:46:40, 2026-09-15 01:01:47, 2026-09-15 01:17:03, 2026-09-15 01:32:09, 2026-09-15 01:47:32", "cumulative_total": 153.0 }, "geometry": { "type": "Polygon", "coordinates": [ [ [ -75.536556117600242, 45.945546916050887 ], [ -75.543032125331052, 45.948114530200364 ], [ -75.543082873639946, 45.95331069277092 ], [ -75.536656408633846, 45.955939252178815 ], [ -75.530179777451963, 45.953371282923136 ], [ -75.530130234731914, 45.948175109431411 ], [ -75.536556117600242, 45.945546916050887 ] ] ] } },
{ "type": "Feature", "properties": { "hex_id": 387133, "centroid_lon": -75.536756754770536, "centroid_lat": 45.966331569153454, "occurrences_today": 6, "datetimes_today": "2026-09-15 00:32:23, 2026-09-15 00:46:40, 2026-09-15 01:01:47, 2026-09-15 01:17:03, 2026-09-15 01:32:09, 2026-09-15 01:47:32", "cumulative_total": 153.0 }, "geometry": { "type": "Polygon", "coordinates": [ [ [ -75.536706574811959, 45.96113541306029 ], [ -75.543184412079398, 45.963703003544019 ], [ -75.543235202219435, 45.968899151746598 ], [ -75.536806948514254, 45.971527720458333 ], [ -75.530328487277885, 45.968959774674431 ], [ -75.530278903720315, 45.963763615544615 ], [ -75.536706574811959, 45.96113541306029 ] ] ] } },
{ "type": "Feature", "properties": { "hex_id": 387134, "centroid_lon": -75.536907377375812, "centroid_lat": 45.981920008703341, "occurrences_today": 6, "datetimes_today": "2026-09-15 00:32:23, 2026-09-15 00:46:40, 2026-09-15 01:01:47, 2026-09-15 01:17:03, 2026-09-15 01:32:09, 2026-09-15 01:47:32", "cumulative_total": 153.0 }, "geometry": { "type": "Polygon", "coordinates": [ [ [ -75.536857156047773, 45.976723866974957 ], [ -75.54333682436382, 45.979291433783864 ], [ -75.543387656377675, 45.984487567618622 ], [ -75.536957612503045, 45.98711614564349 ], [ -75.530477319699628, 45.984548223340326 ], [ -75.530427695262901, 45.979352078572262 ], [ -75.536857156047773, 45.976723866974957 ] ] ] } },
{ "type": "Feature", "properties": { "hex_id": 387135, "centroid_lon": -75.537058124173839, "centroid_lat": 45.997508405159223, "occurrences_today": 6, "datetimes_today": "2026-09-15 00:32:23, 2026-09-15 00:46:40, 2026-09-15 01:01:47, 2026-09-15 01:17:03, 2026-09-15 01:32:09, 2026-09-15 01:47:32", "cumulative_total": 255.0 }, "geometry": { "type": "Polygon", "coordinates": [ [ [ -75.537007861434162, 45.992312277795456 ], [ -75.5434893623124, 45.994879820920445 ], [ -75.543540236242791, 46.000075940387539 ], [ -75.537108400726822, 46.002704527734821 ], [ -75.530626274842263, 46.000136628921403 ], [ -75.530576609484683, 45.994940498514879 ], [ -75.537007861434162, 45.992312277795456 ] ] ] } },
{ "type": "Feature", "properties": { "hex_id": 387742, "centroid_lon": -75.530080705615134, "centroid_lat": 45.942978931152361, "occurrences_today": 6, "datetimes_today": "2026-09-15 00:32:23, 2026-09-15 00:46:40, 2026-09-15 01:01:47, 2026-09-15 01:17:03, 2026-09-15 01:32:09, 2026-09-15 01:47:32", "cumulative_total": 112.0 }, "geometry": { "type": "Polygon", "coordinates": [ [ [ -75.530031190096992, 45.93778274808593 ], [ -75.5365059927354, 45.940350740804391 ], [ -75.536556117600242, 45.945546916050887 ], [ -75.530130234731914, 45.948175109431411 ], [ -75.523654809145867, 45.945606761635794 ], [ -75.523605889380391, 45.940410575602421 ], [ -75.530031190096992, 45.93778274808593 ] ] ] } },
{ "type": "Feature", "properties": { "hex_id": 387743, "centroid_lon": -75.530229333779886, "centroid_lat": 45.95856745162753, "occurrences_today": 6, "datetimes_today": "2026-09-15 00:32:23, 2026-09-15 00:46:40, 2026-09-15 01:01:47, 2026-09-15 01:17:03, 2026-09-15 01:32:09, 2026-09-15 01:47:32", "cumulative_total": 153.0 }, "geometry": { "type": "Polygon", "coordinates": [ [ [ -75.530179777451963, 45.953371282923136 ], [ -75.536656408633846, 45.955939252178815 ], [ -75.536706574811959, 45.96113541306029 ], [ -75.530278903720315, 45.963763615544615 ], [ -75.523801649073434, 45.961195291017837 ], [ -75.523752688987813, 45.955999119343481 ], [ -75.530179777451963, 45.953371282923136 ] ] ] } },
{ "type": "Feature", "properties": { "hex_id": 387744, "centroid_lon": -75.530378084457197, "centroid_lat": 45.97415592901698, "occurrences_today": 6, "datetimes_today": "2026-09-15 00:32:23, 2026-09-15 00:46:40, 2026-09-15 01:01:47, 2026-09-15 01:17:03, 2026-09-15 01:32:09, 2026-09-15 01:47:32", "cumulative_total": 153.0 }, "geometry": { "type": "Polygon", "coordinates": [ [ [ -75.530328487277885, 45.968959774674431 ], [ -75.536806948514254, 45.971527720458333 ], [ -75.536857156047773, 45.976723866974957 ], [ -75.530427695262901, 45.979352078572262 ], [ -75.523948610043632, 45.97678377732317 ], [ -75.523899609596754, 45.971587620007654 ], [ -75.530328487277885, 45.968959774674431 ] ] ] } },
{ "type": "Feature", "properties": { "hex_id": 387745, "centroid_lon": -75.530526957772011, "centroid_lat": 45.989744363321194, "occurrences_today": 6, "datetimes_today": "2026-09-15 00:32:23, 2026-09-15 00:46:40, 2026-09-15 01:01:47, 2026-09-15 01:17:03, 2026-09-15 01:32:09, 2026-09-15 01:47:32", "cumulative_total": 153.0 }, "geometry": { "type": "Polygon", "coordinates": [ [ [ -75.530477319699628, 45.984548223340326 ], [ -75.536957612503045, 45.98711614564349 ], [ -75.537007861434162, 45.992312277795456 ], [ -75.530576609484683, 45.994940498514879 ], [ -75.524095692179927, 45.992372220552376 ], [ -75.524046651330636, 45.987176077595514 ], [ -75.530477319699628, 45.984548223340326 ] ] ] } },
{ "type": "Feature", "properties": { "hex_id": 582462, "centroid_lon": -73.485042379359768, "centroid_lat": 45.474260915435998, "occurrences_today": 7, "datetimes_today": "2026-09-15 00:01:45, 2026-09-15 00:17:01, 2026-09-15 00:32:23, 2026-09-15 00:46:40, 2026-09-15 01:01:47, 2026-09-15 01:17:03, 2026-09-15 01:32:09", "cumulative_total": 467.0 }, "geometry": { "type": "Polygon", "coordinates": [ [ [ -73.485181586021014, 45.469065900742869 ], [ -73.491506406977535, 45.471748051688806 ], [ -73.491367768451909, 45.476943079092166 ], [ -73.484903134698314, 45.479455925050424 ], [ -73.478577783612749, 45.476773404768124 ], [ -73.478717596397075, 45.471578407928341 ], [ -73.485181586021014, 45.469065900742869 ] ] ] } },
{ "type": "Feature", "properties": { "hex_id": 581852, "centroid_lon": -73.491229092079834, "centroid_lat": 45.482138101419537, "occurrences_today": 7, "datetimes_today": "2026-09-15 00:01:45, 2026-09-15 00:17:01, 2026-09-15 00:32:23, 2026-09-15 00:46:40, 2026-09-15 01:01:47, 2026-09-15 01:17:03, 2026-09-15 01:32:09", "cumulative_total": 283.0 }, "geometry": { "type": "Polygon", "coordinates": [ [ [ -73.491367768451909, 45.476943079092166 ], [ -73.497693763686229, 45.479624898798058 ], [ -73.497555655770043, 45.484819933776706 ], [ -73.491090377848636, 45.48733311867084 ], [ -73.484763852023903, 45.484650929586017 ], [ -73.484903134698314, 45.479455925050424 ], [ -73.491367768451909, 45.476943079092166 ] ] ] } },
{ "type": "Feature", "properties": { "hex_id": 652672, "centroid_lon": -72.748319249364798, "centroid_lat": 45.501086403690799, "occurrences_today": 8, "datetimes_today": "2026-09-15 00:01:45, 2026-09-15 00:17:01, 2026-09-15 00:32:23, 2026-09-15 00:46:40, 2026-09-15 01:01:47, 2026-09-15 01:17:03, 2026-09-15 01:32:09, 2026-09-15 01:47:32", "cumulative_total": 101.0 }, "geometry": { "type": "Polygon", "coordinates": [ [ [ -72.748526316658612, 45.495893612896147 ], [ -72.754817543818902, 45.498615940608623 ], [ -72.754611035238042, 45.503808751343236 ], [ -72.748112125552112, 45.506279189007394 ], [ -72.741820396207217, 45.503556484945683 ], [ -72.742028078713901, 45.498363719633311 ], [ -72.748526316658612, 45.495893612896147 ] ] ] } },
{ "type": "Feature", "properties": { "hex_id": 653282, "centroid_lon": -72.742235704551362, "centroid_lat": 45.493170948838845, "occurrences_today": 8, "datetimes_today": "2026-09-15 00:01:45, 2026-09-15 00:17:01, 2026-09-15 00:32:23, 2026-09-15 00:46:40, 2026-09-15 01:01:47, 2026-09-15 01:17:03, 2026-09-15 01:32:09, 2026-09-15 01:47:32", "cumulative_total": 114.0 }, "geometry": { "type": "Polygon", "coordinates": [ [ [ -72.742443273738587, 45.487978172562528 ], [ -72.748733327452484, 45.490700816623658 ], [ -72.748526316658612, 45.495893612896147 ], [ -72.742028078713901, 45.498363719633311 ], [ -72.73573752326638, 45.495640699270396 ], [ -72.735945707478194, 45.490447948536335 ], [ -72.742443273738587, 45.487978172562528 ] ] ] } },
{ "type": "Feature", "properties": { "hex_id": 653893, "centroid_lon": -72.735529282235035, "centroid_lat": 45.500833444518335, "occurrences_today": 8, "datetimes_today": "2026-09-15 00:01:45, 2026-09-15 00:17:01, 2026-09-15 00:32:23, 2026-09-15 00:46:40, 2026-09-15 01:01:47, 2026-09-15 01:17:03, 2026-09-15 01:32:09, 2026-09-15 01:47:32", "cumulative_total": 94.0 }, "geometry": { "type": "Polygon", "coordinates": [ [ [ -72.73573752326638, 45.495640699270396 ], [ -72.742028078713901, 45.498363719633311 ], [ -72.741820396207217, 45.503556484945683 ], [ -72.735320984365131, 45.506026184279911 ], [ -72.729029927241044, 45.503302787457862 ], [ -72.729238783616552, 45.498110067824989 ], [ -72.73573752326638, 45.495640699270396 ] ] ] } },
{ "type": "Feature", "properties": { "hex_id": 374306, "centroid_lon": -75.671046055743872, "centroid_lat": 45.864291355637789, "occurrences_today": 3, "datetimes_today": "2026-09-15 00:32:23, 2026-09-15 00:46:40, 2026-09-15 01:01:47", "cumulative_total": 165.0 }, "geometry": { "type": "Polygon", "coordinates": [ [ [ -75.670983544731953, 45.859095234908196 ], [ -75.677455571845982, 45.861655291146675 ], [ -75.67751869141884, 45.866851402619325 ], [ -75.671108583906189, 45.86948747155494 ], [ -75.664635931077967, 45.866927062702835 ], [ -75.664574011482387, 45.861730937594174 ], [ -75.670983544731953, 45.859095234908196 ] ] ] } },
{ "type": "Feature", "properties": { "hex_id": 374916, "centroid_lon": -75.664512108869758, "centroid_lat": 45.85653480767435, "occurrences_today": 3, "datetimes_today": "2026-09-15 00:32:23, 2026-09-15 00:46:40, 2026-09-15 01:01:47", "cumulative_total": 78.0 }, "geometry": { "type": "Polygon", "coordinates": [ [ [ -75.664450223234297, 45.851338672943307 ], [ -75.670921050864578, 45.853899109366168 ], [ -75.670983544731953, 45.859095234908196 ], [ -75.664574011482387, 45.861730937594174 ], [ -75.658102558640138, 45.859170148585712 ], [ -75.658041264265151, 45.853974009542277 ], [ -75.664450223234297, 45.851338672943307 ] ] ] } },
{ "type": "Feature", "properties": { "hex_id": 375526, "centroid_lon": -75.657979986700042, "centroid_lat": 45.848777865688895, "occurrences_today": 3, "datetimes_today": "2026-09-15 00:32:23, 2026-09-15 00:46:40, 2026-09-15 01:01:47", "cumulative_total": 78.0 }, "geometry": { "type": "Polygon", "coordinates": [ [ [ -75.657918725939084, 45.84358171702555 ], [ -75.664388354570264, 45.846142533401085 ], [ -75.664450223234297, 45.851338672943307 ], [ -75.658041264265151, 45.853974009542277 ], [ -75.651571010923902, 45.851412840609179 ], [ -75.651510341267553, 45.846216687700071 ], [ -75.657918725939084, 45.84358171702555 ] ] ] } },
{ "type": "Feature", "properties": { "hex_id": 376136, "centroid_lon": -75.65144968824815, "centroid_lat": 45.841020529982224, "occurrences_today": 3, "datetimes_today": "2026-09-15 00:32:23, 2026-09-15 00:46:40, 2026-09-15 01:01:47", "cumulative_total": 78.0 }, "geometry": { "type": "Polygon", "coordinates": [ [ [ -75.65138905186005, 45.835824367455636 ], [ -75.657857481976606, 45.838385563552244 ], [ -75.657918725939084, 45.84358171702555 ], [ -75.651510341267553, 45.846216687700071 ], [ -75.645041286942472, 45.843655139074016 ], [ -75.644981241503103, 45.838458972368272 ], [ -75.65138905186005, 45.835824367455636 ] ] ] } },
{ "type": "Feature", "properties": { "hex_id": 376746, "centroid_lon": -75.644921212527947, "centroid_lat": 45.833262800854996, "occurrences_today": 3, "datetimes_today": "2026-09-15 00:32:23, 2026-09-15 00:46:40, 2026-09-15 01:01:47", "cumulative_total": 78.0 }, "geometry": { "type": "Polygon", "coordinates": [ [ [ -75.644861200011405, 45.828066624534195 ], [ -75.651328432097642, 45.830628200120302 ], [ -75.65138905186005, 45.835824367455636 ], [ -75.644981241503103, 45.838458972368272 ], [ -75.638513385709572, 45.835897044280813 ], [ -75.638453963985853, 45.830700863847419 ], [ -75.644861200011405, 45.828066624534195 ] ] ] } },
{ "type": "Feature", "properties": { "hex_id": 377356, "centroid_lon": -75.63839455855377, "centroid_lat": 45.825504678607686, "occurrences_today": 3, "datetimes_today": "2026-09-15 00:32:23, 2026-09-15 00:46:40, 2026-09-15 01:01:47", "cumulative_total": 78.0 }, "geometry": { "type": "Polygon", "coordinates": [ [ [ -75.638335169407824, 45.820308488561608 ], [ -75.644801203947935, 45.822870443405819 ], [ -75.644861200011405, 45.828066624534195 ], [ -75.638453963985853, 45.830700863847419 ], [ -75.631987306239338, 45.828138556530057 ], [ -75.631928507730294, 45.822942362437935 ], [ -75.638335169407824, 45.820308488561608 ] ] ] } },
{ "type": "Feature", "properties": { "hex_id": 377966, "centroid_lon": -75.631869725340508, "centroid_lat": 45.817746163540676, "occurrences_today": 3, "datetimes_today": "2026-09-15 00:32:23, 2026-09-15 00:46:40, 2026-09-15 01:01:47", "cumulative_total": 79.0 }, "geometry": { "type": "Polygon", "coordinates": [ [ [ -75.631810959064524, 45.812549959838222 ], [ -75.638275796542501, 45.815112293709163 ], [ -75.638335169407824, 45.820308488561608 ], [ -75.631928507730294, 45.822942362437935 ], [ -75.625463047546461, 45.82037967612203 ], [ -75.625404871751456, 45.815183468440068 ], [ -75.631810959064524, 45.812549959838222 ] ] ] } },
{ "type": "Feature", "properties": { "hex_id": 378576, "centroid_lon": -75.625346711903489, "centroid_lat": 45.809987255954098, "occurrences_today": 3, "datetimes_today": "2026-09-15 00:32:23, 2026-09-15 00:46:40, 2026-09-15 01:01:47", "cumulative_total": 79.0 }, "geometry": { "type": "Polygon", "coordinates": [ [ [ -75.625288567997146, 45.804791038664149 ], [ -75.631752208896884, 45.807353751330581 ], [ -75.631810959064524, 45.812549959838222 ], [ -75.625404871751456, 45.815183468440068 ], [ -75.618940608646099, 45.812620403356938 ], [ -75.618883055064813, 45.807424182153945 ], [ -75.625288567997146, 45.804791038664149 ] ] ] } },
{ "type": "Feature", "properties": { "hex_id": 379186, "centroid_lon": -75.618825517258514, "centroid_lat": 45.802227956148094, "occurrences_today": 3, "datetimes_today": "2026-09-15 00:32:23, 2026-09-15 00:46:40, 2026-09-15 01:01:47", "cumulative_total": 79.0 }, "geometry": { "type": "Polygon", "coordinates": [ [ [ -75.618767995221859, 45.797031725339401 ], [ -75.625230440027039, 45.799594816570156 ], [ -75.625288567997146, 45.804791038664149 ], [ -75.618883055064813, 45.807424182153945 ], [ -75.612419988553896, 45.804860738534778 ], [ -75.612363056686377, 45.799664503879512 ], [ -75.618767995221859, 45.797031725339401 ] ] ] } },
{ "type": "Feature", "properties": { "hex_id": 379796, "centroid_lon": -75.612306140421936, "centroid_lat": 45.794468264422527, "occurrences_today": 3, "datetimes_today": "2026-09-15 00:32:23, 2026-09-15 00:46:40, 2026-09-15 01:01:47", "cumulative_total": 104.0 }, "geometry": { "type": "Polygon", "coordinates": [ [ [ -75.612249239755315, 45.789272020163843 ], [ -75.618710488949503, 45.791835489727838 ], [ -75.618767995221859, 45.797031725339401 ], [ -75.612363056686377, 45.799664503879512 ], [ -75.60590118628599, 45.797100681955428 ], [ -75.60584487563257, 45.791904433916613 ], [ -75.612249239755315, 45.789272020163843 ] ] ] } },
{ "type": "Feature", "properties": { "hex_id": 380406, "centroid_lon": -75.605788580410518, "centroid_lat": 45.786708181077181, "occurrences_today": 3, "datetimes_today": "2026-09-15 00:32:23, 2026-09-15 00:46:40, 2026-09-15 01:01:47", "cumulative_total": 79.0 }, "geometry": { "type": "Polygon", "coordinates": [ [ [ -75.605732300614633, 45.781511923437172 ], [ -75.612192354681227, 45.784075771103417 ], [ -75.612249239755315, 45.789272020163843 ], [ -75.60584487563257, 45.791904433916613 ], [ -75.599384200859021, 45.78934023391863 ], [ -75.599328510920387, 45.784143972564877 ], [ -75.605732300614633, 45.781511923437172 ] ] ] } },
{ "type": "Feature", "properties": { "hex_id": 381016, "centroid_lon": -75.599272836241596, "centroid_lat": 45.778947706411664, "occurrences_today": 3, "datetimes_today": "2026-09-15 00:32:23, 2026-09-15 00:46:40, 2026-09-15 01:01:47", "cumulative_total": 261.0 }, "geometry": { "type": "Polygon", "coordinates": [ [ [ -75.599217176817461, 45.773751435458955 ], [ -75.605676036239686, 45.776315660996559 ], [ -75.605732300614633, 45.781511923437172 ], [ -75.599328510920387, 45.784143972564877 ], [ -75.592869031290078, 45.781579394723977 ], [ -75.592813961567259, 45.77638312012391 ], [ -75.599217176817461, 45.773751435458955 ] ] ] } },
{ "type": "Feature", "properties": { "hex_id": 381626, "centroid_lon": -75.592758906932886, "centroid_lat": 45.771186840725449, "occurrences_today": 3, "datetimes_today": "2026-09-15 00:32:23, 2026-09-15 00:46:40, 2026-09-15 01:01:47", "cumulative_total": 110.0 }, "geometry": { "type": "Polygon", "coordinates": [ [ [ -75.592703867381886, 45.765990556528621 ], [ -75.599161532642839, 45.768555159706771 ], [ -75.599217176817461, 45.773751435458955 ], [ -75.592813961567259, 45.77638312012391 ], [ -75.586355676596767, 45.773818164670885 ], [ -75.586301226591104, 45.768621876893022 ], [ -75.592703867381886, 45.765990556528621 ] ] ] } },
{ "type": "Feature", "properties": { "hex_id": 376137, "centroid_lon": -75.65163169722284, "centroid_lat": 45.856608988709574, "occurrences_today": 3, "datetimes_today": "2026-09-15 00:32:23, 2026-09-15 00:46:40, 2026-09-15 01:01:47", "cumulative_total": 63.0 }, "geometry": { "type": "Polygon", "coordinates": [ [ [ -75.651571010923902, 45.851412840609179 ], [ -75.658041264265151, 45.853974009542277 ], [ -75.658102558640138, 45.859170148585712 ], [ -75.651692400169992, 45.86180513200123 ], [ -75.645221522101664, 45.859243610346148 ], [ -75.645161427236189, 45.854047458062936 ], [ -75.651571010923902, 45.851412840609179 ] ] ] } },
{ "type": "Feature", "properties": { "hex_id": 376747, "centroid_lon": -75.645101348851654, "centroid_lat": 45.848851300972242, "occurrences_today": 3, "datetimes_today": "2026-09-15 00:32:23, 2026-09-15 00:46:40, 2026-09-15 01:01:47", "cumulative_total": 63.0 }, "geometry": { "type": "Polygon", "coordinates": [ [ [ -75.645041286942472, 45.843655139074016 ], [ -75.651510341267553, 45.846216687700071 ], [ -75.651571010923902, 45.851412840609179 ], [ -75.645161427236189, 45.854047458062936 ], [ -75.638691748685773, 45.851485556743043 ], [ -75.638632278054018, 45.846289390728607 ], [ -75.645041286942472, 45.843655139074016 ] ] ] } },
{ "type": "Feature", "properties": { "hex_id": 377357, "centroid_lon": -75.638572823730456, "centroid_lat": 45.841093219907876, "occurrences_today": 3, "datetimes_today": "2026-09-15 00:32:23, 2026-09-15 00:46:40, 2026-09-15 01:01:47", "cumulative_total": 64.0 }, "geometry": { "type": "Polygon", "coordinates": [ [ [ -75.638513385709572, 45.835897044280813 ], [ -75.644981241503103, 45.838458972368272 ], [ -75.645041286942472, 45.843655139074016 ], [ -75.638632278054018, 45.846289390728607 ], [ -75.632163798536524, 45.843727109975511 ], [ -75.63210495163699, 45.83853093029883 ], [ -75.638513385709572, 45.835897044280813 ] ] ] } },
{ "type": "Feature", "properties": { "hex_id": 377358, "centroid_lon": -75.638751235631261, "centroid_lat": 45.856681717951176, "occurrences_today": 3, "datetimes_today": "2026-09-15 00:32:23, 2026-09-15 00:46:40, 2026-09-15 01:01:47", "cumulative_total": 65.0 }, "geometry": { "type": "Polygon", "coordinates": [ [ [ -75.638691748685773, 45.851485556743043 ], [ -75.645161427236189, 45.854047458062936 ], [ -75.645221522101664, 45.859243610346148 ], [ -75.638810738896026, 45.861877874352992 ], [ -75.632340436103604, 45.859315620174833 ], [ -75.632281540764367, 45.854119454913487 ], [ -75.638691748685773, 45.851485556743043 ] ] ] } },
{ "type": "Feature", "properties": { "hex_id": 377967, "centroid_lon": -75.632046120873071, "centroid_lat": 45.833334745817012, "occurrences_today": 3, "datetimes_today": "2026-09-15 00:32:23, 2026-09-15 00:46:40, 2026-09-15 01:01:47", "cumulative_total": 64.0 }, "geometry": { "type": "Polygon", "coordinates": [ [ [ -75.631987306239338, 45.828138556530057 ], [ -75.638453963985853, 45.830700863847419 ], [ -75.638513385709572, 45.835897044280813 ], [ -75.63210495163699, 45.83853093029883 ], [ -75.625637670667601, 45.835968270344019 ], [ -75.625579446999126, 45.830772077073995 ], [ -75.631987306239338, 45.828138556530057 ] ] ] } },
{ "type": "Feature", "properties": { "hex_id": 377968, "centroid_lon": -75.63222266157716, "centroid_lat": 45.848923284847061, "occurrences_today": 3, "datetimes_today": "2026-09-15 00:32:23, 2026-09-15 00:46:40, 2026-09-15 01:01:47", "cumulative_total": 65.0 }, "geometry": { "type": "Polygon", "coordinates": [ [ [ -75.632163798536524, 45.843727109975511 ], [ -75.638632278054018, 45.846289390728607 ], [ -75.638691748685773, 45.851485556743043 ], [ -75.632281540764367, 45.854119454913487 ], [ -75.625812437506468, 45.851556821330362 ], [ -75.625754165915851, 45.846360642472185 ], [ -75.632163798536524, 45.843727109975511 ] ] ] } },
{ "type": "Feature", "properties": { "hex_id": 378577, "centroid_lon": -75.625521239293874, "centroid_lat": 45.825575878999992, "occurrences_today": 3, "datetimes_today": "2026-09-15 00:32:23, 2026-09-15 00:46:40, 2026-09-15 01:01:47", "cumulative_total": 64.0 }, "geometry": { "type": "Polygon", "coordinates": [ [ [ -75.625463047546461, 45.82037967612203 ], [ -75.631928507730294, 45.822942362437935 ], [ -75.631987306239338, 45.828138556530057 ], [ -75.625579446999126, 45.830772077073995 ], [ -75.619113364093138, 45.828209038148934 ], [ -75.619055763154904, 45.823012831354418 ], [ -75.625463047546461, 45.82037967612203 ] ] ] } },
{ "type": "Feature", "properties": { "hex_id": 378578, "centroid_lon": -75.6256959103047, "centroid_lat": 45.841164458810077, "occurrences_today": 3, "datetimes_today": "2026-09-15 00:32:23, 2026-09-15 00:46:40, 2026-09-15 01:01:47", "cumulative_total": 64.0 }, "geometry": { "type": "Polygon", "coordinates": [ [ [ -75.625637670667601, 45.835968270344019 ], [ -75.63210495163699, 45.83853093029883 ], [ -75.632163798536524, 45.843727109975511 ], [ -75.625754165915851, 45.846360642472185 ], [ -75.619286261707288, 45.843797629715638 ], [ -75.619228613363987, 45.83860143732953 ], [ -75.625637670667601, 45.835968270344019 ] ] ] } },
{ "type": "Feature", "properties": { "hex_id": 378579, "centroid_lon": -75.625870725081938, "centroid_lat": 45.856752995384603, "occurrences_today": 3, "datetimes_today": "2026-09-15 00:32:23, 2026-09-15 00:46:40, 2026-09-15 01:01:47", "cumulative_total": 65.0 }, "geometry": { "type": "Polygon", "coordinates": [ [ [ -75.625812437506468, 45.851556821330362 ], [ -75.632281540764367, 45.854119454913487 ], [ -75.632340436103604, 45.859315620174833 ], [ -75.62592902864769, 45.861949164634915 ], [ -75.619459301633015, 45.859386178057349 ], [ -75.619401605836444, 45.854190000079534 ], [ -75.625812437506468, 45.851556821330362 ] ] ] } },
{ "type": "Feature", "properties": { "hex_id": 379187, "centroid_lon": -75.618998178007672, "centroid_lat": 45.817816619757096, "occurrences_today": 3, "datetimes_today": "2026-09-15 00:32:23, 2026-09-15 00:46:40, 2026-09-15 01:01:47", "cumulative_total": 76.0 }, "geometry": { "type": "Polygon", "coordinates": [ [ [ -75.618940608646099, 45.812620403356938 ], [ -75.625404871751456, 45.815183468440068 ], [ -75.625463047546461, 45.82037967612203 ], [ -75.619055763154904, 45.823012831354418 ], [ -75.612590877827799, 45.820449413690397 ], [ -75.612533899119327, 45.815253193440213 ], [ -75.618940608646099, 45.812620403356938 ] ] ] } },
{ "type": "Feature", "properties": { "hex_id": 379188, "centroid_lon": -75.619170980827718, "centroid_lat": 45.833405240140614, "occurrences_today": 3, "datetimes_today": "2026-09-15 00:32:23, 2026-09-15 00:46:40, 2026-09-15 01:01:47", "cumulative_total": 66.0 }, "geometry": { "type": "Polygon", "coordinates": [ [ [ -75.619113364093138, 45.828209038148934 ], [ -75.625579446999126, 45.830772077073995 ], [ -75.625637670667601, 45.835968270344019 ], [ -75.619228613363987, 45.83860143732953 ], [ -75.612761907719729, 45.836038045631014 ], [ -75.612704882122713, 45.830841839785798 ], [ -75.619113364093138, 45.828209038148934 ] ] ] } },
{ "type": "Feature", "properties": { "hex_id": 379189, "centroid_lon": -75.619343925862992, "centroid_lat": 45.848993817298975, "occurrences_today": 3, "datetimes_today": "2026-09-15 00:32:23, 2026-09-15 00:46:40, 2026-09-15 01:01:47", "cumulative_total": 64.0 }, "geometry": { "type": "Polygon", "coordinates": [ [ [ -75.619286261707288, 45.843797629715638 ], [ -75.625754165915851, 45.846360642472185 ], [ -75.625812437506468, 45.851556821330362 ], [ -75.619401605836444, 45.854190000079534 ], [ -75.612933078372549, 45.851626634356883 ], [ -75.612876005839354, 45.846430442916542 ], [ -75.619286261707288, 45.843797629715638 ] ] ] } },
{ "type": "Feature", "properties": { "hex_id": 379797, "centroid_lon": -75.612476936029779, "centroid_lat": 45.810056968388331, "occurrences_today": 3, "datetimes_today": "2026-09-15 00:32:23, 2026-09-15 00:46:40, 2026-09-15 01:01:47", "cumulative_total": 76.0 }, "geometry": { "type": "Polygon", "coordinates": [ [ [ -75.612419988553896, 45.804860738534778 ], [ -75.618883055064813, 45.807424182153945 ], [ -75.618940608646099, 45.812620403356938 ], [ -75.612533899119327, 45.815253193440213 ], [ -75.606070210886728, 45.812689397268528 ], [ -75.606013853907839, 45.807493163631385 ], [ -75.612419988553896, 45.804860738534778 ] ] ] } },
{ "type": "Feature", "properties": { "hex_id": 379798, "centroid_lon": -75.612647872160494, "centroid_lat": 45.825645629138926, "occurrences_today": 3, "datetimes_today": "2026-09-15 00:32:23, 2026-09-15 00:46:40, 2026-09-15 01:01:47", "cumulative_total": 76.0 }, "geometry": { "type": "Polygon", "coordinates": [ [ [ -75.612590877827799, 45.820449413690397 ], [ -75.619055763154904, 45.823012831354418 ], [ -75.619113364093138, 45.828209038148934 ], [ -75.612704882122713, 45.830841839785798 ], [ -75.606239374557916, 45.828278069376715 ], [ -75.606182971206522, 45.823081850141179 ], [ -75.612590877827799, 45.820449413690397 ] ] ] } },
{ "type": "Feature", "properties": { "hex_id": 379799, "centroid_lon": -75.612818948956843, "centroid_lat": 45.841234246674595, "occurrences_today": 3, "datetimes_today": "2026-09-15 00:32:23, 2026-09-15 00:46:40, 2026-09-15 01:01:47", "cumulative_total": 66.0 }, "geometry": { "type": "Polygon", "coordinates": [ [ [ -75.612761907719729, 45.836038045631014 ], [ -75.619228613363987, 45.83860143732953 ], [ -75.619286261707288, 45.843797629715638 ], [ -75.612876005839354, 45.846430442916542 ], [ -75.606408677440854, 45.843866698280308 ], [ -75.606352227669831, 45.838670493446273 ], [ -75.612761907719729, 45.836038045631014 ] ] ] } },
{ "type": "Feature", "properties": { "hex_id": 380407, "centroid_lon": -75.605957512376008, "centroid_lat": 45.802296925193687, "occurrences_today": 3, "datetimes_today": "2026-09-15 00:32:23, 2026-09-15 00:46:40, 2026-09-15 01:01:47", "cumulative_total": 76.0 }, "geometry": { "type": "Polygon", "coordinates": [ [ [ -75.60590118628599, 45.797100681955428 ], [ -75.612363056686377, 45.799664503879512 ], [ -75.612419988553896, 45.804860738534778 ], [ -75.606013853907839, 45.807493163631385 ], [ -75.599551362285538, 45.804928989183153 ], [ -75.599495626536424, 45.799732742227761 ], [ -75.60590118628599, 45.797100681955428 ] ] ] } },
{ "type": "Feature", "properties": { "hex_id": 380408, "centroid_lon": -75.606126583317874, "centroid_lat": 45.817885626105131, "occurrences_today": 3, "datetimes_today": "2026-09-15 00:32:23, 2026-09-15 00:46:40, 2026-09-15 01:01:47", "cumulative_total": 76.0 }, "geometry": { "type": "Polygon", "coordinates": [ [ [ -75.606070210886728, 45.812689397268528 ], [ -75.612533899119327, 45.815253193440213 ], [ -75.612590877827799, 45.820449413690397 ], [ -75.606182971206522, 45.823081850141179 ], [ -75.599718661236494, 45.82051770125279 ], [ -75.599662879630387, 45.815321468695664 ], [ -75.606070210886728, 45.812689397268528 ] ] ] } },
{ "type": "Feature", "properties": { "hex_id": 380409, "centroid_lon": -75.606295793377271, "centroid_lat": 45.833474283811739, "occurrences_today": 3, "datetimes_today": "2026-09-15 00:32:23, 2026-09-15 00:46:40, 2026-09-15 01:01:47", "cumulative_total": 76.0 }, "geometry": { "type": "Polygon", "coordinates": [ [ [ -75.606239374557916, 45.828278069376715 ], [ -75.612704882122713, 45.830841839785798 ], [ -75.612761907719729, 45.836038045631014 ], [ -75.606352227669831, 45.838670493446273 ], [ -75.599886097851567, 45.836106370127858 ], [ -75.599830270341897, 45.830910151968887 ], [ -75.606239374557916, 45.828278069376715 ] ] ] } },
{ "type": "Feature", "properties": { "hex_id": 380410, "centroid_lon": -75.606465142695555, "centroid_lat": 45.849062898313868, "occurrences_today": 3, "datetimes_today": "2026-09-15 00:32:23, 2026-09-15 00:46:40, 2026-09-15 01:01:47", "cumulative_total": 64.0 }, "geometry": { "type": "Polygon", "coordinates": [ [ [ -75.606408677440854, 45.843866698280308 ], [ -75.612876005839354, 45.846430442916542 ], [ -75.612933078372549, 45.851626634356883 ], [ -75.606521623439207, 45.854259093546951 ], [ -75.600053672270647, 45.851694995808643 ], [ -75.599997798810747, 45.846498792047733 ], [ -75.606408677440854, 45.843866698280308 ] ] ] } },
{ "type": "Feature", "properties": { "hex_id": 381017, "centroid_lon": -75.599439906062642, "centroid_lat": 45.794536490472922, "occurrences_today": 3, "datetimes_today": "2026-09-15 00:32:23, 2026-09-15 00:46:40, 2026-09-15 01:01:47", "cumulative_total": 76.0 }, "geometry": { "type": "Polygon", "coordinates": [ [ [ -75.599384200859021, 45.78934023391863 ], [ -75.60584487563257, 45.791904433916613 ], [ -75.60590118628599, 45.797100681955428 ], [ -75.599495626536424, 45.799732742227761 ], [ -75.593034331040343, 45.797168189734073 ], [ -75.592979216021519, 45.791971929529062 ], [ -75.599384200859021, 45.78934023391863 ] ] ] } },
{ "type": "Feature", "properties": { "hex_id": 381018, "centroid_lon": -75.59960711331513, "centroid_lat": 45.810125231339121, "occurrences_today": 3, "datetimes_today": "2026-09-15 00:32:23, 2026-09-15 00:46:40, 2026-09-15 01:01:47", "cumulative_total": 76.0 }, "geometry": { "type": "Polygon", "coordinates": [ [ [ -75.599551362285538, 45.804928989183153 ], [ -75.606013853907839, 45.807493163631385 ], [ -75.606070210886728, 45.812689397268528 ], [ -75.599662879630387, 45.815321468695664 ], [ -75.593199766770553, 45.812756941559194 ], [ -75.593144606409737, 45.807560695749125 ], [ -75.599551362285538, 45.804928989183153 ] ] ] } },
{ "type": "Feature", "properties": { "hex_id": 381019, "centroid_lon": -75.599774458138597, "centroid_lat": 45.825713929010519, "occurrences_today": 3, "datetimes_today": "2026-09-15 00:32:23, 2026-09-15 00:46:40, 2026-09-15 01:01:47", "cumulative_total": 76.0 }, "geometry": { "type": "Polygon", "coordinates": [ [ [ -75.599718661236494, 45.82051770125279 ], [ -75.606182971206522, 45.823081850141179 ], [ -75.606239374557916, 45.828278069376715 ], [ -75.599830270341897, 45.830910151968887 ], [ -75.593365338618781, 45.828345650199644 ], [ -75.593310132869945, 45.823149418784425 ], [ -75.599718661236494, 45.82051770125279 ] ] ] } },
{ "type": "Feature", "properties": { "hex_id": 381020, "centroid_lon": -75.599941940672792, "centroid_lat": 45.841302583487469, "occurrences_today": 3, "datetimes_today": "2026-09-15 00:32:23, 2026-09-15 00:46:40, 2026-09-15 01:01:47", "cumulative_total": 64.0 }, "geometry": { "type": "Polygon", "coordinates": [ [ [ -75.599886097851567, 45.836106370127858 ], [ -75.606352227669831, 45.838670493446273 ], [ -75.606408677440854, 45.843866698280308 ], [ -75.599997798810747, 45.846498792047733 ], [ -75.593531046723356, 45.843934315655716 ], [ -75.593475795540371, 45.838738098635254 ], [ -75.599886097851567, 45.836106370127858 ] ] ] } },
{ "type": "Feature", "properties": { "hex_id": 381627, "centroid_lon": -75.592924116106474, "centroid_lat": 45.786775664525685, "occurrences_today": 3, "datetimes_today": "2026-09-15 00:32:23, 2026-09-15 00:46:40, 2026-09-15 01:01:47", "cumulative_total": 76.0 }, "geometry": { "type": "Polygon", "coordinates": [ [ [ -75.592869031290078, 45.781579394723977 ], [ -75.599328510920387, 45.784143972564877 ], [ -75.599384200859021, 45.78934023391863 ], [ -75.592979216021519, 45.791971929529062 ], [ -75.58651911616775, 45.789406999220873 ], [ -75.586464621380046, 45.784210725834789 ], [ -75.592869031290078, 45.781579394723977 ] ] ] } },
{ "type": "Feature", "properties": { "hex_id": 381628, "centroid_lon": -75.593089461168049, "centroid_lat": 45.802364445140753, "occurrences_today": 3, "datetimes_today": "2026-09-15 00:32:23, 2026-09-15 00:46:40, 2026-09-15 01:01:47", "cumulative_total": 76.0 }, "geometry": { "type": "Polygon", "coordinates": [ [ [ -75.593034331040343, 45.797168189734073 ], [ -75.599495626536424, 45.799732742227761 ], [ -75.599551362285538, 45.804928989183153 ], [ -75.593144606409737, 45.807560695749125 ], [ -75.586682690175707, 45.804995790595662 ], [ -75.586628150560514, 45.79979953160128 ], [ -75.593034331040343, 45.797168189734073 ] ] ] } },
{ "type": "Feature", "properties": { "hex_id": 381629, "centroid_lon": -75.593254942255584, "centroid_lat": 45.81795318257096, "occurrences_today": 3, "datetimes_today": "2026-09-15 00:32:23, 2026-09-15 00:46:40, 2026-09-15 01:01:47", "cumulative_total": 76.0 }, "geometry": { "type": "Polygon", "coordinates": [ [ [ -75.593199766770553, 45.812756941559194 ], [ -75.599662879630387, 45.815321468695664 ], [ -75.599718661236494, 45.82051770125279 ], [ -75.593310132869945, 45.823149418784425 ], [ -75.586846398757132, 45.820584538795565 ], [ -75.586791814268949, 45.815388294192779 ], [ -75.593199766770553, 45.812756941559194 ] ] ] } },
{ "type": "Feature", "properties": { "hex_id": 381630, "centroid_lon": -75.593420559507223, "centroid_lat": 45.833541876816575, "occurrences_today": 3, "datetimes_today": "2026-09-15 00:32:23, 2026-09-15 00:46:40, 2026-09-15 01:01:47", "cumulative_total": 76.0 }, "geometry": { "type": "Polygon", "coordinates": [ [ [ -75.593365338618781, 45.828345650199644 ], [ -75.599830270341897, 45.830910151968887 ], [ -75.599886097851567, 45.836106370127858 ], [ -75.593475795540371, 45.838738098635254 ], [ -75.587010242048734, 45.836173243820895 ], [ -75.586955612641972, 45.830977013609598 ], [ -75.593365338618781, 45.828345650199644 ] ] ] } },
{ "type": "Feature", "properties": { "hex_id": 381631, "centroid_lon": -75.593586313061323, "centroid_lat": 45.849130527877939, "occurrences_today": 3, "datetimes_today": "2026-09-15 00:32:23, 2026-09-15 00:46:40, 2026-09-15 01:01:47", "cumulative_total": 64.0 }, "geometry": { "type": "Polygon", "coordinates": [ [ [ -75.593531046723356, 45.843934315655716 ], [ -75.599997798810747, 45.846498792047733 ], [ -75.600053672270647, 45.851694995808643 ], [ -75.593641594559401, 45.854326735301939 ], [ -75.587174220187393, 45.851761905671999 ], [ -75.587119545816378, 45.846565689852078 ], [ -75.593531046723356, 45.843934315655716 ] ] ] } },
{ "type": "Feature", "properties": { "hex_id": 382237, "centroid_lon": -75.586410141524738, "centroid_lat": 45.77901444765147, "occurrences_today": 3, "datetimes_today": "2026-09-15 00:32:23, 2026-09-15 00:46:40, 2026-09-15 01:01:47", "cumulative_total": 83.0 }, "geometry": { "type": "Polygon", "coordinates": [ [ [ -75.586355676596767, 45.773818164670885 ], [ -75.592813961567259, 45.77638312012391 ], [ -75.592869031290078, 45.781579394723977 ], [ -75.586464621380046, 45.784210725834789 ], [ -75.580005716684838, 45.781645417943011 ], [ -75.579951841629438, 45.776449131444416 ], [ -75.586355676596767, 45.773818164670885 ] ] ] } },
{ "type": "Feature", "properties": { "hex_id": 382238, "centroid_lon": -75.586573625892882, "centroid_lat": 45.794603267809691, "occurrences_today": 3, "datetimes_today": "2026-09-15 00:32:23, 2026-09-15 00:46:40, 2026-09-15 01:01:47", "cumulative_total": 76.0 }, "geometry": { "type": "Polygon", "coordinates": [ [ [ -75.58651911616775, 45.789406999220873 ], [ -75.592979216021519, 45.791971929529062 ], [ -75.593034331040343, 45.797168189734073 ], [ -75.586628150560514, 45.79979953160128 ], [ -75.580167430468038, 45.797234248661837 ], [ -75.580113511099157, 45.792037976551704 ], [ -75.58651911616775, 45.789406999220873 ] ] ] } },
{ "type": "Feature", "properties": { "hex_id": 382239, "centroid_lon": -75.586737244743489, "centroid_lat": 45.810192044792814, "occurrences_today": 3, "datetimes_today": "2026-09-15 00:32:23, 2026-09-15 00:46:40, 2026-09-15 01:01:47", "cumulative_total": 76.0 }, "geometry": { "type": "Polygon", "coordinates": [ [ [ -75.586682690175707, 45.804995790595662 ], [ -75.593144606409737, 45.807560695749125 ], [ -75.593199766770553, 45.812756941559194 ], [ -75.586791814268949, 45.815388294192779 ], [ -75.580329277281692, 45.812823036215455 ], [ -75.580275313554324, 45.807626778493692 ], [ -75.586682690175707, 45.804995790595662 ] ] ] } },
{ "type": "Feature", "properties": { "hex_id": 382240, "centroid_lon": -75.58690099821311, "centroid_lat": 45.825780778601164, "occurrences_today": 3, "datetimes_today": "2026-09-15 00:32:23, 2026-09-15 00:46:40, 2026-09-15 01:01:47", "cumulative_total": 76.0 }, "geometry": { "type": "Polygon", "coordinates": [ [ [ -75.586846398757132, 45.820584538795565 ], [ -75.593310132869945, 45.823149418784425 ], [ -75.593365338618781, 45.828345650199644 ], [ -75.586955612641972, 45.830977013609598 ], [ -75.580491257260903, 45.828411780604185 ], [ -75.580437249129972, 45.823215537270684 ], [ -75.586846398757132, 45.820584538795565 ] ] ] } },
{ "type": "Feature", "properties": { "hex_id": 382241, "centroid_lon": -75.587064886438512, "centroid_lat": 45.841369469235048, "occurrences_today": 3, "datetimes_today": "2026-09-15 00:32:23, 2026-09-15 00:46:40, 2026-09-15 01:01:47", "cumulative_total": 64.0 }, "geometry": { "type": "Polygon", "coordinates": [ [ [ -75.587010242048734, 45.836173243820895 ], [ -75.593475795540371, 45.838738098635254 ], [ -75.593531046723356, 45.843934315655716 ], [ -75.587119545816378, 45.846565689852078 ], [ -75.580653370540929, 45.844000481828338 ], [ -75.580599317961358, 45.838804252882994 ], [ -75.587010242048734, 45.836173243820895 ] ] ] } },
{ "type": "Feature", "properties": { "hex_id": 382847, "centroid_lon": -75.579897981335222, "centroid_lat": 45.771252840149636, "occurrences_today": 3, "datetimes_today": "2026-09-15 00:32:23, 2026-09-15 00:46:40, 2026-09-15 01:01:47", "cumulative_total": 91.0 }, "geometry": { "type": "Polygon", "coordinates": [ [ [ -75.579844135797188, 45.766056544058664 ], [ -75.586301226591104, 45.768621876893022 ], [ -75.586355676596767, 45.773818164670885 ], [ -75.579951841629438, 45.776449131444416 ], [ -75.573494131609209, 45.773883446199804 ], [ -75.573440875787611, 45.76868714665715 ], [ -75.579844135797188, 45.766056544058664 ] ] ] } },
{ "type": "Feature", "properties": { "hex_id": 382848, "centroid_lon": -75.58005960650641, "centroid_lat": 45.786841699645443, "occurrences_today": 3, "datetimes_today": "2026-09-15 00:32:23, 2026-09-15 00:46:40, 2026-09-15 01:01:47", "cumulative_total": 77.0 }, "geometry": { "type": "Polygon", "coordinates": [ [ [ -75.580005716684838, 45.781645417943011 ], [ -75.586464621380046, 45.784210725834789 ], [ -75.58651911616775, 45.789406999220873 ], [ -75.580113511099157, 45.792037976551704 ], [ -75.573653986664155, 45.7894723160572 ], [ -75.573600687042543, 45.784276030899825 ], [ -75.580005716684838, 45.781645417943011 ] ] ] } },
{ "type": "Feature", "properties": { "hex_id": 382849, "centroid_lon": -75.580221364618097, "centroid_lat": 45.802430515975821, "occurrences_today": 3, "datetimes_today": "2026-09-15 00:32:23, 2026-09-15 00:46:40, 2026-09-15 01:01:47", "cumulative_total": 76.0 }, "geometry": { "type": "Polygon", "coordinates": [ [ [ -75.580167430468038, 45.797234248661837 ], [ -75.586628150560514, 45.79979953160128 ], [ -75.586682690175707, 45.804995790595662 ], [ -75.580275313554324, 45.807626778493692 ], [ -75.573813973208047, 45.805061142758944 ], [ -75.573760629741969, 45.799864871986742 ], [ -75.580167430468038, 45.797234248661837 ] ] ] } },
{ "type": "Feature", "properties": { "hex_id": 382850, "centroid_lon": -75.580383255805245, "centroid_lat": 45.818019289141112, "occurrences_today": 3, "datetimes_today": "2026-09-15 00:32:23, 2026-09-15 00:46:40, 2026-09-15 01:01:47", "cumulative_total": 76.0 }, "geometry": { "type": "Polygon", "coordinates": [ [ [ -75.580329277281692, 45.812823036215455 ], [ -75.586791814268949, 45.815388294192779 ], [ -75.586846398757132, 45.820584538795565 ], [ -75.580437249129972, 45.823215537270684 ], [ -75.57397409137441, 45.82064992630535 ], [ -75.573920704019329, 45.815453669918227 ], [ -75.580329277281692, 45.812823036215455 ] ] ] } },
{ "type": "Feature", "properties": { "hex_id": 382851, "centroid_lon": -75.580545280203026, "centroid_lat": 45.833608019141593, "occurrences_today": 3, "datetimes_today": "2026-09-15 00:32:23, 2026-09-15 00:46:40, 2026-09-15 01:01:47", "cumulative_total": 76.0 }, "geometry": { "type": "Polygon", "coordinates": [ [ [ -75.580491257260903, 45.828411780604185 ], [ -75.586955612641972, 45.830977013609598 ], [ -75.587010242048734, 45.836173243820895 ], [ -75.580599317961358, 45.838804252882994 ], [ -75.574134341296912, 45.836238666696765 ], [ -75.574080910008234, 45.831042424694601 ], [ -75.580491257260903, 45.828411780604185 ] ] ] } },
{ "type": "Feature", "properties": { "hex_id": 382852, "centroid_lon": -75.580707437946756, "centroid_lat": 45.849196705977668, "occurrences_today": 6, "datetimes_today": "2026-09-15 00:32:23, 2026-09-15 00:46:40, 2026-09-15 01:01:47, 2026-09-15 01:17:03, 2026-09-15 01:32:09, 2026-09-15 01:47:32", "cumulative_total": 148.0 }, "geometry": { "type": "Polygon", "coordinates": [ [ [ -75.580653370540929, 45.844000481828338 ], [ -75.587119545816378, 45.846565689852078 ], [ -75.587174220187393, 45.851761905671999 ], [ -75.58076152018387, 45.85439292533097 ], [ -75.574294723109432, 45.851827363933552 ], [ -75.574241247842536, 45.846631136316219 ], [ -75.580653370540929, 45.844000481828338 ] ] ] } },
{ "type": "Feature", "properties": { "hex_id": 383458, "centroid_lon": -75.573547402025866, "centroid_lat": 45.779079740947367, "occurrences_today": 3, "datetimes_today": "2026-09-15 00:32:23, 2026-09-15 00:46:40, 2026-09-15 01:01:47", "cumulative_total": 91.0 }, "geometry": { "type": "Polygon", "coordinates": [ [ [ -75.573494131609209, 45.773883446199804 ], [ -75.579951841629438, 45.776449131444416 ], [ -75.580005716684838, 45.781645417943011 ], [ -75.573600687042543, 45.784276030899825 ], [ -75.567142357781094, 45.781709993081094 ], [ -75.567089677408092, 45.776513694944917 ], [ -75.573494131609209, 45.773883446199804 ] ] ] } },
{ "type": "Feature", "properties": { "hex_id": 383459, "centroid_lon": -75.573707300895649, "centroid_lat": 45.794668596419505, "occurrences_today": 3, "datetimes_today": "2026-09-15 00:32:23, 2026-09-15 00:46:40, 2026-09-15 01:01:47", "cumulative_total": 76.0 }, "geometry": { "type": "Polygon", "coordinates": [ [ [ -75.573653986664155, 45.7894723160572 ], [ -75.580113511099157, 45.792037976551704 ], [ -75.580167430468038, 45.797234248661837 ], [ -75.573760629741969, 45.799864871986742 ], [ -75.567300485552281, 45.79729885872554 ], [ -75.567247761848293, 45.792102574971395 ], [ -75.573653986664155, 45.7894723160572 ] ] ] } },
{ "type": "Feature", "properties": { "hex_id": 383460, "centroid_lon": -75.573867331298857, "centroid_lat": 45.810257408736092, "occurrences_today": 3, "datetimes_today": "2026-09-15 00:32:23, 2026-09-15 00:46:40, 2026-09-15 01:01:47", "cumulative_total": 76.0 }, "geometry": { "type": "Polygon", "coordinates": [ [ [ -75.573813973208047, 45.805061142758944 ], [ -75.580275313554324, 45.807626778493692 ], [ -75.580329277281692, 45.812823036215455 ], [ -75.573920704019329, 45.815453669918227 ], [ -75.567458743404345, 45.812887681224097 ], [ -75.567405976325404, 45.807691411851877 ], [ -75.573813973208047, 45.805061142758944 ] ] ] } },
{ "type": "Feature", "properties": { "hex_id": 383461, "centroid_lon": -75.574027493369059, "centroid_lat": 45.825846177897461, "occurrences_today": 3, "datetimes_today": "2026-09-15 00:32:23, 2026-09-15 00:46:40, 2026-09-15 01:01:47", "cumulative_total": 76.0 }, "geometry": { "type": "Polygon", "coordinates": [ [ [ -75.57397409137441, 45.82064992630535 ], [ -75.580437249129972, 45.823215537270684 ], [ -75.580491257260903, 45.828411780604185 ], [ -75.574080910008234, 45.831042424694601 ], [ -75.56761713146939, 45.828476460577129 ], [ -75.567564320971442, 45.823280205586713 ], [ -75.57397409137441, 45.82064992630535 ] ] ] } },
{ "type": "Feature", "properties": { "hex_id": 383462, "centroid_lon": -75.574187787240021, "centroid_lat": 45.841434903903973, "occurrences_today": 3, "datetimes_today": "2026-09-15 00:32:23, 2026-09-15 00:46:40, 2026-09-15 01:01:47", "cumulative_total": 76.0 }, "geometry": { "type": "Polygon", "coordinates": [ [ [ -75.574134341296912, 45.836238666696765 ], [ -75.580599317961358, 45.838804252882994 ], [ -75.580653370540929, 45.844000481828338 ], [ -75.574241247842536, 45.846631136316219 ], [ -75.567775649879735, 45.844065196784953 ], [ -75.567722795918641, 45.838868956176235 ], [ -75.574134341296912, 45.836238666696765 ] ] ] } },
{ "type": "Feature", "properties": { "hex_id": 384069, "centroid_lon": -75.567195052592879, "centroid_lat": 45.786906286423246, "occurrences_today": 3, "datetimes_today": "2026-09-15 00:32:23, 2026-09-15 00:46:40, 2026-09-15 01:01:47", "cumulative_total": 77.0 }, "geometry": { "type": "Polygon", "coordinates": [ [ [ -75.567142357781094, 45.781709993081094 ], [ -75.573600687042543, 45.784276030899825 ], [ -75.573653986664155, 45.7894723160572 ], [ -75.567247761848293, 45.792102574971395 ], [ -75.560788813330916, 45.789536184414608 ], [ -75.560736708890218, 45.784339887746938 ], [ -75.567142357781094, 45.781709993081094 ] ] ] } },
{ "type": "Feature", "properties": { "hex_id": 384070, "centroid_lon": -75.567353223709674, "centroid_lat": 45.802495137685682, "occurrences_today": 3, "datetimes_today": "2026-09-15 00:32:23, 2026-09-15 00:46:40, 2026-09-15 01:01:47", "cumulative_total": 76.0 }, "geometry": { "type": "Polygon", "coordinates": [ [ [ -75.567300485552281, 45.79729885872554 ], [ -75.573760629741969, 45.799864871986742 ], [ -75.573813973208047, 45.805061142758944 ], [ -75.567405976325404, 45.807691411851877 ], [ -75.560945212366263, 45.805125045659956 ], [ -75.560893065064107, 45.799928763371099 ], [ -75.567300485552281, 45.79729885872554 ] ] ] } },
{ "type": "Feature", "properties": { "hex_id": 384071, "centroid_lon": -75.567511524951385, "centroid_lat": 45.818083945802378, "occurrences_today": 3, "datetimes_today": "2026-09-15 00:32:23, 2026-09-15 00:46:40, 2026-09-15 01:01:47", "cumulative_total": 76.0 }, "geometry": { "type": "Polygon", "coordinates": [ [ [ -75.567458743404345, 45.812887681224097 ], [ -75.573920704019329, 45.815453669918227 ], [ -75.57397409137441, 45.82064992630535 ], [ -75.567564320971442, 45.823280205586713 ], [ -75.561101740072971, 45.820713863769086 ], [ -75.561049549865857, 45.815517595858942 ], [ -75.567458743404345, 45.812887681224097 ] ] ] } },
{ "type": "Feature", "properties": { "hex_id": 384072, "centroid_lon": -75.567669956450175, "centroid_lat": 45.833672710773627, "occurrences_today": 3, "datetimes_today": "2026-09-15 00:32:23, 2026-09-15 00:46:40, 2026-09-15 01:01:47", "cumulative_total": 76.0 }, "geometry": { "type": "Polygon", "coordinates": [ [ [ -75.56761713146939, 45.828476460577129 ], [ -75.574080910008234, 45.831042424694601 ], [ -75.574134341296912, 45.836238666696765 ], [ -75.567722795918641, 45.838868956176235 ], [ -75.561258396581735, 45.836302638742382 ], [ -75.561206163426064, 45.831106385210809 ], [ -75.56761713146939, 45.828476460577129 ] ] ] } },
{ "type": "Feature", "properties": { "hex_id": 384680, "centroid_lon": -75.560840932053935, "centroid_lat": 45.794732476289319, "occurrences_today": 3, "datetimes_today": "2026-09-15 00:32:23, 2026-09-15 00:46:40, 2026-09-15 01:01:47", "cumulative_total": 76.0 }, "geometry": { "type": "Polygon", "coordinates": [ [ [ -75.560788813330916, 45.789536184414608 ], [ -75.567247761848293, 45.792102574971395 ], [ -75.567300485552281, 45.79729885872554 ], [ -75.560893065064107, 45.799928763371099 ], [ -75.554433497276207, 45.797362019912285 ], [ -75.554381969251821, 45.792165724775224 ], [ -75.560788813330916, 45.789536184414608 ] ] ] } },
{ "type": "Feature", "properties": { "hex_id": 384681, "centroid_lon": -75.560997373965222, "centroid_lat": 45.810321323155883, "occurrences_today": 3, "datetimes_today": "2026-09-15 00:32:23, 2026-09-15 00:46:40, 2026-09-15 01:01:47", "cumulative_total": 76.0 }, "geometry": { "type": "Polygon", "coordinates": [ [ [ -75.560945212366263, 45.805125045659956 ], [ -75.567405976325404, 45.807691411851877 ], [ -75.567458743404345, 45.812887681224097 ], [ -75.561049549865857, 45.815517595858942 ], [ -75.55458816612267, 45.812950876572238 ], [ -75.55453659570685, 45.807754595810792 ], [ -75.560945212366263, 45.805125045659956 ] ] ] } },
{ "type": "Feature", "properties": { "hex_id": 384682, "centroid_lon": -75.561153944591439, "centroid_lat": 45.825910126886377, "occurrences_today": 3, "datetimes_today": "2026-09-15 00:32:23, 2026-09-15 00:46:40, 2026-09-15 01:01:47", "cumulative_total": 76.0 }, "geometry": { "type": "Polygon", "coordinates": [ [ [ -75.561101740072971, 45.820713863769086 ], [ -75.567564320971442, 45.823280205586713 ], [ -75.56761713146939, 45.828476460577129 ], [ -75.561206163426064, 45.831106385210809 ], [ -75.554742962229483, 45.828539690105572 ], [ -75.554691349379198, 45.823343423719606 ], [ -75.561101740072971, 45.820713863769086 ] ] ] } },
{ "type": "Feature", "properties": { "hex_id": 384683, "centroid_lon": -75.561310644063283, "centroid_lat": 45.841498887481144, "occurrences_today": 3, "datetimes_today": "2026-09-15 00:32:23, 2026-09-15 00:46:40, 2026-09-15 01:01:47", "cumulative_total": 76.0 }, "geometry": { "type": "Polygon", "coordinates": [ [ [ -75.561258396581735, 45.836302638742382 ], [ -75.567722795918641, 45.838868956176235 ], [ -75.567775649879735, 45.844065196784953 ], [ -75.561362905875569, 45.846695131427083 ], [ -75.554897885725964, 45.844128460512636 ], [ -75.554846230398084, 45.838932208502065 ], [ -75.561258396581735, 45.836302638742382 ] ] ] } },
{ "type": "Feature", "properties": { "hex_id": 385290, "centroid_lon": -75.554330455348349, "centroid_lat": 45.786969424846241, "occurrences_today": 3, "datetimes_today": "2026-09-15 00:32:23, 2026-09-15 00:46:40, 2026-09-15 01:01:47", "cumulative_total": 91.0 }, "geometry": { "type": "Polygon", "coordinates": [ [ [ -75.554278955561031, 45.781773120125351 ], [ -75.560736708890218, 45.784339887746938 ], [ -75.560788813330916, 45.789536184414608 ], [ -75.554381969251821, 45.792165724775224 ], [ -75.547923597150728, 45.789598604280322 ], [ -75.547872687905425, 45.784402296363389 ], [ -75.554278955561031, 45.781773120125351 ] ] ] } },
{ "type": "Feature", "properties": { "hex_id": 385291, "centroid_lon": -75.554485039426297, "centroid_lat": 45.802558310257467, "occurrences_today": 3, "datetimes_today": "2026-09-15 00:32:23, 2026-09-15 00:46:40, 2026-09-15 01:01:47", "cumulative_total": 76.0 }, "geometry": { "type": "Polygon", "coordinates": [ [ [ -75.554433497276207, 45.797362019912285 ], [ -75.560893065064107, 45.799928763371099 ], [ -75.560945212366263, 45.805125045659956 ], [ -75.55453659570685, 45.807754595810792 ], [ -75.548076408634017, 45.805187499285935 ], [ -75.548025457510306, 45.799991205741591 ], [ -75.554433497276207, 45.797362019912285 ] ] ] } },
{ "type": "Feature", "properties": { "hex_id": 385292, "centroid_lon": -75.554639750678518, "centroid_lat": 45.81814715254184, "occurrences_today": 3, "datetimes_today": "2026-09-15 00:32:23, 2026-09-15 00:46:40, 2026-09-15 01:01:47", "cumulative_total": 76.0 }, "geometry": { "type": "Polygon", "coordinates": [ [ [ -75.55458816612267, 45.812950876572238 ], [ -75.561049549865857, 45.815517595858942 ], [ -75.561101740072971, 45.820713863769086 ], [ -75.554691349379198, 45.823343423719606 ], [ -75.548229345837512, 45.820776351174032 ], [ -75.548178352792888, 45.815580072002135 ], [ -75.55458816612267, 45.812950876572238 ] ] ] } },
{ "type": "Feature", "properties": { "hex_id": 385293, "centroid_lon": -75.554794589234191, "centroid_lat": 45.833735951699708, "occurrences_today": 3, "datetimes_today": "2026-09-15 00:32:23, 2026-09-15 00:46:40, 2026-09-15 01:01:47", "cumulative_total": 76.0 }, "geometry": { "type": "Polygon", "coordinates": [ [ [ -75.554742962229483, 45.828539690105572 ], [ -75.561206163426064, 45.831106385210809 ], [ -75.561258396581735, 45.836302638742382 ], [ -75.554846230398084, 45.838932208502065 ], [ -75.548382408888926, 45.83636515994499 ], [ -75.548331373880799, 45.831168895145431 ], [ -75.554742962229483, 45.828539690105572 ] ] ] } },
{ "type": "Feature", "properties": { "hex_id": 385901, "centroid_lon": -75.547974520350792, "centroid_lat": 45.794794907406391, "occurrences_today": 3, "datetimes_today": "2026-09-15 00:32:23, 2026-09-15 00:46:40, 2026-09-15 01:01:47", "cumulative_total": 77.0 }, "geometry": { "type": "Polygon", "coordinates": [ [ [ -75.547923597150728, 45.789598604280322 ], [ -75.554381969251821, 45.792165724775224 ], [ -75.554433497276207, 45.797362019912285 ], [ -75.548025457510306, 45.799991205741591 ], [ -75.541566466623067, 45.79742373220946 ], [ -75.541516134292593, 45.792227425950557 ], [ -75.547923597150728, 45.789598604280322 ] ] ] } },
{ "type": "Feature", "properties": { "hex_id": 385902, "centroid_lon": -75.548127373726629, "centroid_lat": 45.810383788039445, "occurrences_today": 3, "datetimes_today": "2026-09-15 00:32:23, 2026-09-15 00:46:40, 2026-09-15 01:01:47", "cumulative_total": 76.0 }, "geometry": { "type": "Polygon", "coordinates": [ [ [ -75.548076408634017, 45.805187499285935 ], [ -75.55453659570685, 45.807754595810792 ], [ -75.55458816612267, 45.812950876572238 ], [ -75.548178352792888, 45.815580072002135 ], [ -75.54171754642087, 45.813012622247228 ], [ -75.541667172682523, 45.807816330357781 ], [ -75.548076408634017, 45.805187499285935 ] ] ] } },
{ "type": "Feature", "properties": { "hex_id": 385903, "centroid_lon": -75.548280352865234, "centroid_lat": 45.825972625555124, "occurrences_today": 3, "datetimes_today": "2026-09-15 00:32:23, 2026-09-15 00:46:40, 2026-09-15 01:01:47", "cumulative_total": 76.0 }, "geometry": { "type": "Polygon", "coordinates": [ [ [ -75.548229345837512, 45.820776351174032 ], [ -75.554691349379198, 45.823343423719606 ], [ -75.554742962229483, 45.828539690105572 ], [ -75.548331373880799, 45.831168895145431 ], [ -75.541868750526362, 45.82860146917686 ], [ -75.541818335338107, 45.823405191656747 ], [ -75.548229345837512, 45.820776351174032 ] ] ] } },
{ "type": "Feature", "properties": { "hex_id": 385904, "centroid_lon": -75.548433457894362, "centroid_lat": 45.841561419953784, "occurrences_today": 3, "datetimes_today": "2026-09-15 00:32:23, 2026-09-15 00:46:40, 2026-09-15 01:01:47", "cumulative_total": 81.0 }, "geometry": { "type": "Polygon", "coordinates": [ [ [ -75.548382408888926, 45.83636515994499 ], [ -75.554846230398084, 45.838932208502065 ], [ -75.554897885725964, 45.844128460512636 ], [ -75.548484520901852, 45.846757675171851 ], [ -75.542020079065836, 45.844190272998723 ], [ -75.541969622385537, 45.838994009847831 ], [ -75.548382408888926, 45.83636515994499 ] ] ] } },
{ "type": "Feature", "properties": { "hex_id": 386512, "centroid_lon": -75.541616812751485, "centroid_lat": 45.802620033678529, "occurrences_today": 3, "datetimes_today": "2026-09-15 00:32:23, 2026-09-15 00:46:40, 2026-09-15 01:01:47", "cumulative_total": 91.0 }, "geometry": { "type": "Polygon", "coordinates": [ [ [ -75.541566466623067, 45.79742373220946 ], [ -75.548025457510306, 45.799991205741591 ], [ -75.548076408634017, 45.805187499285935 ], [ -75.541667172682523, 45.807816330357781 ], [ -75.535207562995055, 45.805248503624433 ], [ -75.535157808063957, 45.800052199085748 ], [ -75.541566466623067, 45.79742373220946 ] ] ] } },
{ "type": "Feature", "properties": { "hex_id": 386513, "centroid_lon": -75.541767933971158, "centroid_lat": 45.818208909346879, "occurrences_today": 3, "datetimes_today": "2026-09-15 00:32:23, 2026-09-15 00:46:40, 2026-09-15 01:01:47", "cumulative_total": 76.0 }, "geometry": { "type": "Polygon", "coordinates": [ [ [ -75.54171754642087, 45.813012622247228 ], [ -75.548178352792888, 45.815580072002135 ], [ -75.548229345837512, 45.820776351174032 ], [ -75.541818335338107, 45.823405191656747 ], [ -75.535356909652762, 45.82083738850767 ], [ -75.535307113784825, 45.815641098335377 ], [ -75.54171754642087, 45.813012622247228 ] ] ] } },
{ "type": "Feature", "properties": { "hex_id": 386514, "centroid_lon": -75.541919179540614, "centroid_lat": 45.833797741907198, "occurrences_today": 3, "datetimes_today": "2026-09-15 00:32:23, 2026-09-15 00:46:40, 2026-09-15 01:01:47", "cumulative_total": 76.0 }, "geometry": { "type": "Polygon", "coordinates": [ [ [ -75.541868750526362, 45.82860146917686 ], [ -75.548331373880799, 45.831168895145431 ], [ -75.548382408888926, 45.83636515994499 ], [ -75.541969622385537, 45.838994009847831 ], [ -75.535506379204207, 45.836426230292055 ], [ -75.535456542357835, 45.831229954485998 ], [ -75.541868750526362, 45.82860146917686 ] ] ] } },
{ "type": "Feature", "properties": { "hex_id": 386515, "centroid_lon": -75.542070549586171, "centroid_lat": 45.849386531359926, "occurrences_today": 3, "datetimes_today": "2026-09-15 00:32:23, 2026-09-15 00:46:40, 2026-09-15 01:01:47", "cumulative_total": 64.0 }, "geometry": { "type": "Polygon", "coordinates": [ [ [ -75.542020079065836, 45.844190272998723 ], [ -75.548484520901852, 45.846757675171851 ], [ -75.548535597916128, 45.851953925599204 ], [ -75.542121033951247, 45.854582784931438 ], [ -75.535655971774219, 45.852015028978002 ], [ -75.535606093907759, 45.846818767538039 ], [ -75.542020079065836, 45.844190272998723 ] ] ] } },
{ "type": "Feature", "properties": { "hex_id": 387122, "centroid_lon": -75.535108066769254, "centroid_lat": 45.794855889758253, "occurrences_today": 3, "datetimes_today": "2026-09-15 00:32:23, 2026-09-15 00:46:40, 2026-09-15 01:01:47", "cumulative_total": 91.0 }, "geometry": { "type": "Polygon", "coordinates": [ [ [ -75.535058339106328, 45.78965957564192 ], [ -75.541516134292593, 45.792227425950557 ], [ -75.541566466623067, 45.79742373220946 ], [ -75.535157808063957, 45.800052199085748 ], [ -75.528699394576066, 45.797483995604757 ], [ -75.528650257953501, 45.792287678485117 ], [ -75.535058339106328, 45.78965957564192 ] ] ] } },
{ "type": "Feature", "properties": { "hex_id": 387123, "centroid_lon": -75.535257331567138, "centroid_lat": 45.810444803374288, "occurrences_today": 3, "datetimes_today": "2026-09-15 00:32:23, 2026-09-15 00:46:40, 2026-09-15 01:01:47", "cumulative_total": 76.0 }, "geometry": { "type": "Polygon", "coordinates": [ [ [ -75.535207562995055, 45.805248503624433 ], [ -75.541667172682523, 45.807816330357781 ], [ -75.54171754642087, 45.813012622247228 ], [ -75.535307113784825, 45.815641098335377 ], [ -75.528846885283173, 45.813072918236756 ], [ -75.52879770823634, 45.807876615480559 ], [ -75.535207562995055, 45.805248503624433 ] ] ] } },
{ "type": "Feature", "properties": { "hex_id": 387124, "centroid_lon": -75.535406719175555, "centroid_lat": 45.826033673891203, "occurrences_today": 3, "datetimes_today": "2026-09-15 00:32:23, 2026-09-15 00:46:40, 2026-09-15 01:01:47", "cumulative_total": 76.0 }, "geometry": { "type": "Polygon", "coordinates": [ [ [ -75.535356909652762, 45.82083738850767 ], [ -75.541818335338107, 45.823405191656747 ], [ -75.541868750526362, 45.82860146917686 ], [ -75.535456542357835, 45.831229954485998 ], [ -75.528994497345238, 45.828661797778665 ], [ -75.528945279833067, 45.823465509385777 ], [ -75.535356909652762, 45.82083738850767 ] ] ] } },
{ "type": "Feature", "properties": { "hex_id": 387125, "centroid_lon": -75.53555622971929, "centroid_lat": 45.841622501309402, "occurrences_today": 3, "datetimes_today": "2026-09-15 00:32:23, 2026-09-15 00:46:40, 2026-09-15 01:01:47", "cumulative_total": 76.0 }, "geometry": { "type": "Polygon", "coordinates": [ [ [ -75.535506379204207, 45.836426230292055 ], [ -75.541969622385537, 45.838994009847831 ], [ -75.542020079065836, 45.844190272998723 ], [ -75.535606093907759, 45.846818767538039 ], [ -75.529142230885554, 45.844250634230875 ], [ -75.52909297286692, 45.839054360201189 ], [ -75.535506379204207, 45.836426230292055 ] ] ] } },
{ "type": "Feature", "properties": { "hex_id": 387733, "centroid_lon": -75.528748544668829, "centroid_lat": 45.802680307936562, "occurrences_today": 3, "datetimes_today": "2026-09-15 00:32:23, 2026-09-15 00:46:40, 2026-09-15 01:01:47", "cumulative_total": 91.0 }, "geometry": { "type": "Polygon", "coordinates": [ [ [ -75.528699394576066, 45.797483995604757 ], [ -75.535157808063957, 45.800052199085748 ], [ -75.535207562995055, 45.805248503624433 ], [ -75.52879770823634, 45.807876615480559 ], [ -75.522338676433066, 45.805308058663229 ], [ -75.522290117708451, 45.800111743391398 ], [ -75.528699394576066, 45.797483995604757 ] ] ] } },
{ "type": "Feature", "properties": { "hex_id": 387734, "centroid_lon": -75.528896075813904, "centroid_lat": 45.818269216205152, "occurrences_today": 3, "datetimes_today": "2026-09-15 00:32:23, 2026-09-15 00:46:40, 2026-09-15 01:01:47", "cumulative_total": 76.0 }, "geometry": { "type": "Polygon", "coordinates": [ [ [ -75.528846885283173, 45.813072918236756 ], [ -75.535307113784825, 45.815641098335377 ], [ -75.535356909652762, 45.82083738850767 ], [ -75.528945279833067, 45.823465509385777 ], [ -75.522484432503461, 45.820896975757819 ], [ -75.52243583382608, 45.815700674846425 ], [ -75.528846885283173, 45.813072918236756 ] ] ] } },
{ "type": "Feature", "properties": { "hex_id": 387735, "centroid_lon": -75.529043728355006, "centroid_lat": 45.833858081383781, "occurrences_today": 3, "datetimes_today": "2026-09-15 00:32:23, 2026-09-15 00:46:40, 2026-09-15 01:01:47", "cumulative_total": 76.0 }, "geometry": { "type": "Polygon", "coordinates": [ [ [ -75.528994497345238, 45.828661797778665 ], [ -75.535456542357835, 45.831229954485998 ], [ -75.535506379204207, 45.836426230292055 ], [ -75.52909297286692, 45.839054360201189 ], [ -75.522630308513286, 45.836485849771385 ], [ -75.522581669842552, 45.831289563220295 ], [ -75.528994497345238, 45.828661797778665 ] ] ] } },
{ "type": "Feature", "properties": { "hex_id": 388344, "centroid_lon": -75.522387248470778, "centroid_lat": 45.810504369148234, "occurrences_today": 3, "datetimes_today": "2026-09-15 00:32:23, 2026-09-15 00:46:40, 2026-09-15 01:01:47", "cumulative_total": 76.0 }, "geometry": { "type": "Polygon", "coordinates": [ [ [ -75.522338676433066, 45.805308058663229 ], [ -75.52879770823634, 45.807876615480559 ], [ -75.528846885283173, 45.813072918236756 ], [ -75.52243583382608, 45.815700674846425 ], [ -75.515976183693837, 45.813131764528762 ], [ -75.515928203352189, 45.807935451167054 ], [ -75.522338676433066, 45.805308058663229 ] ] ] } },
{ "type": "Feature", "properties": { "hex_id": 517135, "centroid_lon": -74.170214366693529, "centroid_lat": 45.426727134851483, "occurrences_today": 8, "datetimes_today": "2026-09-15 00:01:45, 2026-09-15 00:17:01, 2026-09-15 00:32:23, 2026-09-15 00:46:40, 2026-09-15 01:01:47, 2026-09-15 01:17:03, 2026-09-15 01:32:09, 2026-09-15 01:47:32", "cumulative_total": 665.0 }, "geometry": { "type": "Polygon", "coordinates": [ [ [ -74.170290494135187, 45.42153080324772 ], [ -74.176643043731957, 45.424175216503471 ], [ -74.176567492145807, 45.429371554017237 ], [ -74.170138218477575, 45.431923461607504 ], [ -74.163785113803087, 45.429278686087173 ], [ -74.1638618378676, 45.424082365305573 ], [ -74.170290494135187, 45.42153080324772 ] ] ] } },
{ "type": "Feature", "properties": { "hex_id": 516525, "centroid_lon": -74.17649191994181, "centroid_lat": 45.434567886684768, "occurrences_today": 8, "datetimes_today": "2026-09-15 00:01:45, 2026-09-15 00:17:01, 2026-09-15 00:32:23, 2026-09-15 00:46:40, 2026-09-15 01:01:47, 2026-09-15 01:17:03, 2026-09-15 01:32:09, 2026-09-15 01:47:32", "cumulative_total": 147.0 }, "geometry": { "type": "Polygon", "coordinates": [ [ [ -74.176567492145807, 45.429371554017237 ], [ -74.182921214231357, 45.432015622705087 ], [ -74.182846218202755, 45.43721196122123 ], [ -74.176416327113088, 45.439764214506056 ], [ -74.17006204948035, 45.437119783515762 ], [ -74.170138218477575, 45.431923461607504 ], [ -74.176567492145807, 45.429371554017237 ] ] ] } },
{ "type": "Feature", "properties": { "hex_id": 775396, "centroid_lon": -71.450712552093265, "centroid_lat": 45.678584052003117, "occurrences_today": 5, "datetimes_today": "2026-09-15 00:46:40, 2026-09-15 01:01:47, 2026-09-15 01:17:03, 2026-09-15 01:32:09, 2026-09-15 01:47:32", "cumulative_total": 39.0 }, "geometry": { "type": "Polygon", "coordinates": [ [ [ -71.451040849519075, 45.673397387387276 ], [ -71.457284296502621, 45.676189849215568 ], [ -71.456956543992177, 45.681376546369705 ], [ -71.45038416496898, 45.683770710048726 ], [ -71.444140262783634, 45.680977858560027 ], [ -71.444469194793129, 45.675791233116854 ], [ -71.451040849519075, 45.673397387387276 ] ] ] } },
{ "type": "Feature", "properties": { "hex_id": 602609, "centroid_lon": -73.273795612571078, "centroid_lat": 45.479058413839191, "occurrences_today": 4, "datetimes_today": "2026-09-15 00:01:45, 2026-09-15 00:17:01, 2026-09-15 00:32:23, 2026-09-15 00:46:40", "cumulative_total": 210.0 }, "geometry": { "type": "Polygon", "coordinates": [ [ [ -73.273954251345359, 45.473863946231155 ], [ -73.280269233448166, 45.476557655831044 ], [ -73.280111160061978, 45.481752138230028 ], [ -73.273636930494106, 45.484252876270048 ], [ -73.267321426313174, 45.481558795329157 ], [ -73.267480673763728, 45.476364347753623 ], [ -73.273954251345359, 45.473863946231155 ] ] ] } },
{ "type": "Feature", "properties": { "hex_id": 575754, "centroid_lon": -73.552389318291645, "centroid_lat": 45.592062578360085, "occurrences_today": 8, "datetimes_today": "2026-09-15 00:01:45, 2026-09-15 00:17:01, 2026-09-15 00:32:23, 2026-09-15 00:46:40, 2026-09-15 01:01:47, 2026-09-15 01:17:03, 2026-09-15 01:32:09, 2026-09-15 01:47:32", "cumulative_total": 352.0 }, "geometry": { "type": "Polygon", "coordinates": [ [ [ -73.552522885164009, 45.586867513099449 ], [ -73.558864083008459, 45.589546080719444 ], [ -73.55873108873439, 45.594741158055413 ], [ -73.552255714905613, 45.597257638569943 ], [ -73.545913980982661, 45.59457870074349 ], [ -73.546048156954683, 45.589383652673632 ], [ -73.552522885164009, 45.586867513099449 ] ] ] } },
{ "type": "Feature", "properties": { "hex_id": 575143, "centroid_lon": -73.558997040936362, "centroid_lat": 45.584350998335395, "occurrences_today": 8, "datetimes_today": "2026-09-15 00:01:45, 2026-09-15 00:17:01, 2026-09-15 00:32:23, 2026-09-15 00:46:40, 2026-09-15 01:01:47, 2026-09-15 01:17:03, 2026-09-15 01:32:09, 2026-09-15 01:47:32", "cumulative_total": 113.0 }, "geometry": { "type": "Polygon", "coordinates": [ [ [ -73.559129962530335, 45.579155910903374 ], [ -73.565470624259532, 45.581834108476549 ], [ -73.56533827512088, 45.587029207916594 ], [ -73.558864083008459, 45.589546080719444 ], [ -73.552522885164009, 45.586867513099449 ], [ -73.552656415534997, 45.581672442788118 ], [ -73.559129962530335, 45.579155910903374 ] ] ] } },
{ "type": "Feature", "properties": { "hex_id": 517746, "centroid_lon": -74.16370836880084, "centroid_lat": 45.434475002019482, "occurrences_today": 8, "datetimes_today": "2026-09-15 00:01:45, 2026-09-15 00:17:01, 2026-09-15 00:32:23, 2026-09-15 00:46:40, 2026-09-15 01:01:47, 2026-09-15 01:17:03, 2026-09-15 01:32:09, 2026-09-15 01:47:32", "cumulative_total": 282.0 }, "geometry": { "type": "Polygon", "coordinates": [ [ [ -74.163785113803087, 45.429278686087173 ], [ -74.170138218477575, 45.431923461607504 ], [ -74.17006204948035, 45.437119783515762 ], [ -74.163631602853883, 45.439671313102501 ], [ -74.157277943122622, 45.43702617515774 ], [ -74.157355285067567, 45.431829870115088 ], [ -74.163785113803087, 45.429278686087173 ] ] ] } },
{ "type": "Feature", "properties": { "hex_id": 576364, "centroid_lon": -73.546182296257882, "centroid_lat": 45.584188599550366, "occurrences_today": 8, "datetimes_today": "2026-09-15 00:01:45, 2026-09-15 00:17:01, 2026-09-15 00:32:23, 2026-09-15 00:46:40, 2026-09-15 01:01:47, 2026-09-15 01:17:03, 2026-09-15 01:32:09, 2026-09-15 01:47:32", "cumulative_total": 355.0 }, "geometry": { "type": "Polygon", "coordinates": [ [ [ -73.546316398904537, 45.578993541373755 ], [ -73.552656415534997, 45.581672442788118 ], [ -73.552522885164009, 45.586867513099449 ], [ -73.546048156954683, 45.589383652673632 ], [ -73.539707604711225, 45.586704381095146 ], [ -73.539842316277756, 45.581509340171266 ], [ -73.546316398904537, 45.578993541373755 ] ] ] } },
{ "type": "Feature", "properties": { "hex_id": 819443, "centroid_lon": -70.884426038068284, "centroid_lat": 47.078245302613041, "occurrences_today": 8, "datetimes_today": "2026-09-15 00:01:45, 2026-09-15 00:17:01, 2026-09-15 00:32:23, 2026-09-15 00:46:40, 2026-09-15 01:01:47, 2026-09-15 01:17:03, 2026-09-15 01:32:09, 2026-09-15 01:47:32", "cumulative_total": 102.0 }, "geometry": { "type": "Polygon", "coordinates": [ [ [ -70.884825678883857, 47.073063348117174 ], [ -70.89119494416579, 47.075890579696484 ], [ -70.890795881416892, 47.08107257310332 ], [ -70.884026286133761, 47.083427249800899 ], [ -70.877656553923472, 47.080599605202728 ], [ -70.878056883885918, 47.075417696992972 ], [ -70.884825678883857, 47.073063348117174 ] ] ] } },
{ "type": "Feature", "properties": { "hex_id": 1169401, "centroid_lon": -66.797019768372863, "centroid_lat": 49.064947958154924, "occurrences_today": 7, "datetimes_today": "2026-09-15 00:01:45, 2026-09-15 00:17:01, 2026-09-15 00:32:23, 2026-09-15 00:46:40, 2026-09-15 01:01:47, 2026-09-15 01:17:03, 2026-09-15 01:32:09", "cumulative_total": 26.0 }, "geometry": { "type": "Polygon", "coordinates": [ [ [ -66.797871593252808, 49.059807589350271 ], [ -66.804220215034789, 49.062862346897511 ], [ -66.803368953457408, 49.06800279516014 ], [ -66.796167701454678, 49.070088311352947 ], [ -66.78981875845237, 49.067033084060114 ], [ -66.790671388585139, 49.061892810388279 ], [ -66.797871593252808, 49.059807589350271 ] ] ] } },
{ "type": "Feature", "properties": { "hex_id": 601387, "centroid_lon": -73.287057089735995, "centroid_lat": 45.463667501287837, "occurrences_today": 2, "datetimes_today": "2026-09-15 00:01:45, 2026-09-15 00:17:01", "cumulative_total": 100.0 }, "geometry": { "type": "Polygon", "coordinates": [ [ [ -73.287214425722652, 45.458472983476547 ], [ -73.293528363539011, 45.46116595086967 ], [ -73.293371592663846, 45.46636048333707 ], [ -73.286899710809877, 45.468862013928693 ], [ -73.280585250828665, 45.466168675511369 ], [ -73.28074319485188, 45.460974177590948 ], [ -73.287214425722652, 45.458472983476547 ] ] ] } },
{ "type": "Feature", "properties": { "hex_id": 600166, "centroid_lon": -73.299842909246436, "centroid_lat": 45.463858576577472, "occurrences_today": 2, "datetimes_today": "2026-09-15 00:01:45, 2026-09-15 00:17:01", "cumulative_total": 129.0 }, "geometry": { "type": "Polygon", "coordinates": [ [ [ -73.299999072223372, 45.458664024351044 ], [ -73.306313660543353, 45.461356293744061 ], [ -73.306158062859225, 45.466550860500995 ], [ -73.299686703649797, 45.469053123639704 ], [ -73.293371592663846, 45.46636048333707 ], [ -73.293528363539011, 45.46116595086967 ], [ -73.299999072223372, 45.458664024351044 ] ] ] } },
{ "type": "Feature", "properties": { "hex_id": 600777, "centroid_lon": -73.293214779001914, "centroid_lat": 45.471555010637076, "occurrences_today": 2, "datetimes_today": "2026-09-15 00:01:45, 2026-09-15 00:17:01", "cumulative_total": 176.0 }, "geometry": { "type": "Polygon", "coordinates": [ [ [ -73.293371592663846, 45.46636048333707 ], [ -73.299686703649797, 45.469053123639704 ], [ -73.299530455419173, 45.474247665537625 ], [ -73.293057922538921, 45.476749532769595 ], [ -73.286742288929915, 45.474056521398936 ], [ -73.286899710809877, 45.468862013928693 ], [ -73.293371592663846, 45.46636048333707 ] ] ] } },
{ "type": "Feature", "properties": { "hex_id": 601388, "centroid_lon": -73.286584824081729, "centroid_lat": 45.479251023698481, "occurrences_today": 4, "datetimes_today": "2026-09-15 00:01:45, 2026-09-15 00:17:01, 2026-09-15 00:32:23, 2026-09-15 00:46:40", "cumulative_total": 40.0 }, "geometry": { "type": "Polygon", "coordinates": [ [ [ -73.286742288929915, 45.474056521398936 ], [ -73.293057922538921, 45.476749532769595 ], [ -73.292901023260498, 45.481944049734452 ], [ -73.286427316250894, 45.484445520827158 ], [ -73.280111160061978, 45.481752138230028 ], [ -73.280269233448166, 45.476557655831044 ], [ -73.286742288929915, 45.474056521398936 ] ] ] } },
{ "type": "Feature", "properties": { "hex_id": 601998, "centroid_lon": -73.280427263698897, "centroid_lat": 45.471363168258108, "occurrences_today": 4, "datetimes_today": "2026-09-15 00:01:45, 2026-09-15 00:17:01, 2026-09-15 00:32:23, 2026-09-15 00:46:40", "cumulative_total": 113.0 }, "geometry": { "type": "Polygon", "coordinates": [ [ [ -73.280585250828665, 45.466168675511369 ], [ -73.286899710809877, 45.468862013928693 ], [ -73.286742288929915, 45.474056521398936 ], [ -73.280269233448166, 45.476557655831044 ], [ -73.273954251345359, 45.473863946231155 ], [ -73.274112846831457, 45.46866947344607 ], [ -73.280585250828665, 45.466168675511369 ] ] ] } },
{ "type": "Feature", "properties": { "hex_id": 801085, "centroid_lon": -71.129782616932431, "centroid_lat": 46.416478844336098, "occurrences_today": 8, "datetimes_today": "2026-09-15 00:01:45, 2026-09-15 00:17:01, 2026-09-15 00:32:23, 2026-09-15 00:46:40, 2026-09-15 01:01:47, 2026-09-15 01:17:03, 2026-09-15 01:32:09, 2026-09-15 01:47:32", "cumulative_total": 66.0 }, "geometry": { "type": "Polygon", "coordinates": [ [ [ -71.130149885782714, 46.41129473722053 ], [ -71.136457375904996, 46.414106597745786 ], [ -71.136090668787261, 46.419290740939999 ], [ -71.129415246833659, 46.421662944485853 ], [ -71.12310729624464, 46.418850681930351 ], [ -71.123475228041258, 46.413666617924918 ], [ -71.130149885782714, 46.41129473722053 ] ] ] } },
{ "type": "Feature", "properties": { "hex_id": 810856, "centroid_lon": -71.022532105636927, "centroid_lat": 46.45956250430298, "occurrences_today": 8, "datetimes_today": "2026-09-15 00:01:45, 2026-09-15 00:17:01, 2026-09-15 00:32:23, 2026-09-15 00:46:40, 2026-09-15 01:01:47, 2026-09-15 01:17:03, 2026-09-15 01:32:09, 2026-09-15 01:47:32", "cumulative_total": 130.0 }, "geometry": { "type": "Polygon", "coordinates": [ [ [ -71.022910103874295, 46.45437910286995 ], [ -71.029216513234047, 46.457196857067466 ], [ -71.028839076316387, 46.46238029563704 ], [ -71.02215400314806, 46.464745898642263 ], [ -71.015847136737989, 46.461927740976193 ], [ -71.016225800510796, 46.456744383839144 ], [ -71.022910103874295, 46.45437910286995 ] ] ] } },
{ "type": "Feature", "properties": { "hex_id": 811467, "centroid_lon": -71.015468368527763, "centroid_lat": 46.467111091011468, "occurrences_today": 8, "datetimes_today": "2026-09-15 00:01:45, 2026-09-15 00:17:01, 2026-09-15 00:32:23, 2026-09-15 00:46:40, 2026-09-15 01:01:47, 2026-09-15 01:17:03, 2026-09-15 01:32:09, 2026-09-15 01:47:32", "cumulative_total": 123.0 }, "geometry": { "type": "Polygon", "coordinates": [ [ [ -71.015847136737989, 46.461927740976193 ], [ -71.02215400314806, 46.464745898642263 ], [ -71.021775796371927, 46.469929285887055 ], [ -71.015089495844251, 46.472294433944114 ], [ -71.008782172491252, 46.469475872651337 ], [ -71.009161606573031, 46.46429256699389 ], [ -71.015847136737989, 46.461927740976193 ] ] ] } },
{ "type": "Feature", "properties": { "hex_id": 575164, "centroid_lon": -73.550549218472156, "centroid_lat": 45.91163132627311, "occurrences_today": 2, "datetimes_today": "2026-09-15 01:32:09, 2026-09-15 01:47:32", "cumulative_total": 57.0 }, "geometry": { "type": "Polygon", "coordinates": [ [ [ -73.550684453200773, 45.906436557029139 ], [ -73.557061484779595, 45.909115516258083 ], [ -73.556926832385287, 45.914310297676913 ], [ -73.550413946628353, 45.916826090463843 ], [ -73.544036369836718, 45.914146756923394 ], [ -73.544172224002224, 45.908952004972932 ], [ -73.550684453200773, 45.906436557029139 ] ] ] } },
{ "type": "Feature", "properties": { "hex_id": 1377578, "centroid_lon": -64.509636799936075, "centroid_lat": 48.823273249517527, "occurrences_today": 3, "datetimes_today": "2026-09-15 01:17:03, 2026-09-15 01:32:09, 2026-09-15 01:47:32", "cumulative_total": 16.0 }, "geometry": { "type": "Polygon", "coordinates": [ [ [ -64.510714595554106, 48.818166376717976 ], [ -64.516873421572228, 48.821335985410805 ], [ -64.515796131675344, 48.826442957158747 ], [ -64.508558701235486, 48.828380100001439 ], [ -64.502399672632933, 48.825210014461526 ], [ -64.503478276946367, 48.820103262990138 ], [ -64.510714595554106, 48.818166376717976 ] ] ] } },
{ "type": "Feature", "properties": { "hex_id": 1378189, "centroid_lon": -64.501320765007478, "centroid_lat": 48.830316743592078, "occurrences_today": 3, "datetimes_today": "2026-09-15 01:17:03, 2026-09-15 01:32:09, 2026-09-15 01:47:32", "cumulative_total": 31.0 }, "geometry": { "type": "Polygon", "coordinates": [ [ [ -64.502399672632933, 48.825210014461526 ], [ -64.508558701235486, 48.828380100001439 ], [ -64.507480299343996, 48.833486928163111 ], [ -64.500241553961573, 48.835423450375139 ], [ -64.494082323099704, 48.832252887847154 ], [ -64.495162039771145, 48.82714628015934 ], [ -64.502399672632933, 48.825210014461526 ] ] ] } },
{ "type": "Feature", "properties": { "hex_id": 1378799, "centroid_lon": -64.496241452901046, "centroid_lat": 48.822039650105488, "occurrences_today": 3, "datetimes_today": "2026-09-15 01:17:03, 2026-09-15 01:32:09, 2026-09-15 01:47:32", "cumulative_total": 16.0 }, "geometry": { "type": "Polygon", "coordinates": [ [ [ -64.497320562597864, 48.816932997692248 ], [ -64.503478276946367, 48.820103262990138 ], [ -64.502399672632933, 48.825210014461526 ], [ -64.495162039771145, 48.82714628015934 ], [ -64.489004123526556, 48.823975537980544 ], [ -64.490084041931439, 48.818869007048967 ], [ -64.497320562597864, 48.816932997692248 ] ] ] } },
{ "type": "Feature", "properties": { "hex_id": 1379410, "centroid_lon": -64.487923901459126, "centroid_lat": 48.829082046527525, "occurrences_today": 3, "datetimes_today": "2026-09-15 01:17:03, 2026-09-15 01:32:09, 2026-09-15 01:47:32", "cumulative_total": 31.0 }, "geometry": { "type": "Polygon", "coordinates": [ [ [ -64.489004123526556, 48.823975537980544 ], [ -64.495162039771145, 48.82714628015934 ], [ -64.494082323099704, 48.832252887847154 ], [ -64.486843375620666, 48.834188532683214 ], [ -64.480685257805433, 48.831017313482654 ], [ -64.481766288931325, 48.825910926531925 ], [ -64.489004123526556, 48.823975537980544 ] ] ] } },
{ "type": "Feature", "properties": { "hex_id": 1380020, "centroid_lon": -64.482847016165209, "centroid_lat": 48.820804517171332, "occurrences_today": 3, "datetimes_today": "2026-09-15 01:17:03, 2026-09-15 01:32:09, 2026-09-15 01:47:32", "cumulative_total": 26.0 }, "geometry": { "type": "Polygon", "coordinates": [ [ [ -64.483927439615655, 48.815698085407568 ], [ -64.490084041931439, 48.818869007048967 ], [ -64.489004123526556, 48.823975537980544 ], [ -64.481766288931325, 48.825910926531925 ], [ -64.475609485407702, 48.82273952797599 ], [ -64.476690717578634, 48.81763321784733 ], [ -64.483927439615655, 48.815698085407568 ] ] ] } },
{ "type": "Feature", "properties": { "hex_id": 1380631, "centroid_lon": -64.474527949223926, "centroid_lat": 48.82784581567622, "occurrences_today": 3, "datetimes_today": "2026-09-15 01:17:03, 2026-09-15 01:32:09, 2026-09-15 01:47:32", "cumulative_total": 41.0 }, "geometry": { "type": "Polygon", "coordinates": [ [ [ -64.475609485407702, 48.82273952797599 ], [ -64.481766288931325, 48.825910926531925 ], [ -64.480685257805433, 48.831017313482654 ], [ -64.473446108918608, 48.832952080941304 ], [ -64.467289104512957, 48.829780205330039 ], [ -64.468371449767488, 48.824674039379552 ], [ -64.475609485407702, 48.82273952797599 ] ] ] } },
{ "type": "Feature", "properties": { "hex_id": 1381241, "centroid_lon": -64.469453490779685, "centroid_lat": 48.819567850975346, "occurrences_today": 3, "datetimes_today": "2026-09-15 01:17:03, 2026-09-15 01:32:09, 2026-09-15 01:47:32", "cumulative_total": 26.0 }, "geometry": { "type": "Polygon", "coordinates": [ [ [ -64.470535227658246, 48.814461640124094 ], [ -64.476690717578634, 48.81763321784733 ], [ -64.475609485407702, 48.82273952797599 ], [ -64.468371449767488, 48.824674039379552 ], [ -64.462215759327421, 48.821501984708291 ], [ -64.463298304938618, 48.816395895645591 ], [ -64.470535227658246, 48.814461640124094 ] ] ] } },
{ "type": "Feature", "properties": { "hex_id": 562352, "centroid_lon": -73.682760606474034, "centroid_lat": 46.045740668946429, "occurrences_today": 1, "datetimes_today": "2026-09-15 00:01:45", "cumulative_total": 109.0 }, "geometry": { "type": "Polygon", "coordinates": [ [ [ -73.682884084088911, 46.040545732226668 ], [ -73.689282928900553, 46.043217484857664 ], [ -73.689160039613938, 46.048412432467558 ], [ -73.682637094911726, 46.050935600666051 ], [ -73.676237695725021, 46.048263473239643 ], [ -73.676361795604052, 46.04306855247588 ], [ -73.682884084088911, 46.040545732226668 ] ] ] } },
{ "type": "Feature", "properties": { "hex_id": 674044, "centroid_lon": -72.521441481111381, "centroid_lat": 45.566543927935165, "occurrences_today": 8, "datetimes_today": "2026-09-15 00:01:45, 2026-09-15 00:17:01, 2026-09-15 00:32:23, 2026-09-15 00:46:40, 2026-09-15 01:01:47, 2026-09-15 01:17:03, 2026-09-15 01:32:09, 2026-09-15 01:47:32", "cumulative_total": 53.0 }, "geometry": { "type": "Polygon", "coordinates": [ [ [ -72.521669920561152, 45.561352047365993 ], [ -72.527956838263805, 45.564086773086501 ], [ -72.527728956229424, 45.569278675828997 ], [ -72.521212979270175, 45.571735802870194 ], [ -72.514925566554041, 45.569000697966722 ], [ -72.515154625789677, 45.563808845269371 ], [ -72.521669920561152, 45.561352047365993 ] ] ] } },
{ "type": "Feature", "properties": { "hex_id": 371868, "centroid_lon": -75.697590590253242, "centroid_lat": 45.926489884271135, "occurrences_today": 6, "datetimes_today": "2026-09-15 00:32:23, 2026-09-15 00:46:40, 2026-09-15 01:01:47, 2026-09-15 01:17:03, 2026-09-15 01:32:09, 2026-09-15 01:47:32", "cumulative_total": 174.0 }, "geometry": { "type": "Polygon", "coordinates": [ [ [ -75.697525465549077, 45.921293849144817 ], [ -75.704005957239204, 45.923852325132628 ], [ -75.704071692830411, 45.929048350721963 ], [ -75.697655732838584, 45.931685914579973 ], [ -75.691174612377196, 45.929127085481497 ], [ -75.691110080684965, 45.923931045701273 ], [ -75.697525465549077, 45.921293849144817 ] ] ] } },
{ "type": "Feature", "properties": { "hex_id": 372477, "centroid_lon": -75.690852130985718, "centroid_lat": 45.90314683841838, "occurrences_today": 6, "datetimes_today": "2026-09-15 00:32:23, 2026-09-15 00:46:40, 2026-09-15 01:01:47, 2026-09-15 01:17:03, 2026-09-15 01:32:09, 2026-09-15 01:47:32", "cumulative_total": 174.0 }, "geometry": { "type": "Polygon", "coordinates": [ [ [ -75.69078768779832, 45.89795077455716 ], [ -75.697265145423231, 45.900509660464472 ], [ -75.697330198663195, 45.905705714860837 ], [ -75.690916591862091, 45.90834289746342 ], [ -75.684438506492668, 45.90578365866606 ], [ -75.684374655674858, 45.900587590221669 ], [ -75.69078768779832, 45.89795077455716 ] ] ] } },
{ "type": "Feature", "properties": { "hex_id": 380419, "centroid_lon": -75.607995576633215, "centroid_lat": 45.989358484684594, "occurrences_today": 6, "datetimes_today": "2026-09-15 00:32:23, 2026-09-15 00:46:40, 2026-09-15 01:01:47, 2026-09-15 01:17:03, 2026-09-15 01:32:09, 2026-09-15 01:47:32", "cumulative_total": 151.0 }, "geometry": { "type": "Polygon", "coordinates": [ [ [ -75.607938691327959, 45.984162414259124 ], [ -75.614422475051484, 45.986725926477604 ], [ -75.614479972165967, 45.991921988278982 ], [ -75.608052477569984, 45.99455455030995 ], [ -75.60156806640309, 45.991990683249917 ], [ -75.601511777280848, 45.986794609066195 ], [ -75.607938691327959, 45.984162414259124 ] ] ] } },
{ "type": "Feature", "properties": { "hex_id": 388345, "centroid_lon": -75.522533044507455, "centroid_lat": 45.826093271882428, "occurrences_today": 3, "datetimes_today": "2026-09-15 00:32:23, 2026-09-15 00:46:40, 2026-09-15 01:01:47", "cumulative_total": 55.0 }, "geometry": { "type": "Polygon", "coordinates": [ [ [ -75.522484432503461, 45.820896975757819 ], [ -75.528945279833067, 45.823465509385777 ], [ -75.528994497345238, 45.828661797778665 ], [ -75.522581669842552, 45.831289563220295 ], [ -75.516120203671392, 45.828720675898907 ], [ -75.516072183848991, 45.82352437689466 ], [ -75.522484432503461, 45.820896975757819 ] ] ] } },
{ "type": "Feature", "properties": { "hex_id": 386516, "centroid_lon": -75.542222044234379, "centroid_lat": 45.864975277705454, "occurrences_today": 3, "datetimes_today": "2026-09-15 00:32:23, 2026-09-15 00:46:40, 2026-09-15 01:01:47", "cumulative_total": 48.0 }, "geometry": { "type": "Polygon", "coordinates": [ [ [ -75.542171532165753, 45.859779033713274 ], [ -75.548637793984057, 45.862346412081791 ], [ -75.548688913047187, 45.867542648137061 ], [ -75.542272570161828, 45.870171516907988 ], [ -75.535805687487866, 45.867603784565908 ], [ -75.535755768559625, 45.862407537491912 ], [ -75.542171532165753, 45.859779033713274 ] ] ] } },
{ "type": "Feature", "properties": { "hex_id": 387126, "centroid_lon": -75.535705863323287, "centroid_lat": 45.85721128562929, "occurrences_today": 3, "datetimes_today": "2026-09-15 00:32:23, 2026-09-15 00:46:40, 2026-09-15 01:01:47", "cumulative_total": 26.0 }, "geometry": { "type": "Polygon", "coordinates": [ [ [ -75.535655971774219, 45.852015028978002 ], [ -75.542121033951247, 45.854582784931438 ], [ -75.542171532165753, 45.859779033713274 ], [ -75.535755768559625, 45.862407537491912 ], [ -75.529290086027572, 45.859839427593847 ], [ -75.529240787461305, 45.854643167927193 ], [ -75.535655971774219, 45.852015028978002 ] ] ] } },
{ "type": "Feature", "properties": { "hex_id": 387127, "centroid_lon": -75.535855620112628, "centroid_lat": 45.872800026851287, "occurrences_today": 3, "datetimes_today": "2026-09-15 00:32:23, 2026-09-15 00:46:40, 2026-09-15 01:01:47", "cumulative_total": 48.0 }, "geometry": { "type": "Polygon", "coordinates": [ [ [ -75.535805687487866, 45.867603784565908 ], [ -75.542272570161828, 45.870171516907988 ], [ -75.54232310995279, 45.875367751320894 ], [ -75.535905566438601, 45.877996264348063 ], [ -75.52943806289494, 45.875428177868038 ], [ -75.529388723739785, 45.870231932564252 ], [ -75.535805687487866, 45.867603784565908 ] ] ] } },
{ "type": "Feature", "properties": { "hex_id": 387128, "centroid_lon": -75.536005500212639, "centroid_lat": 45.888388724975862, "occurrences_today": 3, "datetimes_today": "2026-09-15 00:32:23, 2026-09-15 00:46:40, 2026-09-15 01:01:47", "cumulative_total": 48.0 }, "geometry": { "type": "Polygon", "coordinates": [ [ [ -75.535955526470374, 45.883192497056243 ], [ -75.542424231144039, 45.885760205777913 ], [ -75.542474812553735, 45.890956425822054 ], [ -75.536055487670026, 45.893584948106906 ], [ -75.529586161611462, 45.891016885053851 ], [ -75.529536781826167, 45.88582065411282 ], [ -75.535955526470374, 45.883192497056243 ] ] ] } },
{ "type": "Feature", "properties": { "hex_id": 387129, "centroid_lon": -75.536155503748773, "centroid_lat": 45.903977380003433, "occurrences_today": 3, "datetimes_today": "2026-09-15 00:32:23, 2026-09-15 00:46:40, 2026-09-15 01:01:47", "cumulative_total": 48.0 }, "geometry": { "type": "Polygon", "coordinates": [ [ [ -75.536105488847184, 45.898781166449446 ], [ -75.542576017024842, 45.901348851541648 ], [ -75.542626640095662, 45.906545057217166 ], [ -75.536205532379469, 45.909173588768944 ], [ -75.529734382301172, 45.906605549151799 ], [ -75.529684961844367, 45.901409332573323 ], [ -75.536105488847184, 45.898781166449446 ] ] ] } },
{ "type": "Feature", "properties": { "hex_id": 387736, "centroid_lon": -75.529191502415486, "centroid_lat": 45.849446903472881, "occurrences_today": 3, "datetimes_today": "2026-09-15 00:32:23, 2026-09-15 00:46:40, 2026-09-15 01:01:47", "cumulative_total": 26.0 }, "geometry": { "type": "Polygon", "coordinates": [ [ [ -75.529142230885554, 45.844250634230875 ], [ -75.535606093907759, 45.846818767538039 ], [ -75.535655971774219, 45.852015028978002 ], [ -75.529240787461305, 45.854643167927193 ], [ -75.522776304584397, 45.852074680704384 ], [ -75.522727625879696, 45.846878408513426 ], [ -75.529142230885554, 45.844250634230875 ] ] ] } },
{ "type": "Feature", "properties": { "hex_id": 387737, "centroid_lon": -75.529339398118879, "centroid_lat": 45.865035682472872, "occurrences_today": 3, "datetimes_today": "2026-09-15 00:32:23, 2026-09-15 00:46:40, 2026-09-15 01:01:47", "cumulative_total": 26.0 }, "geometry": { "type": "Polygon", "coordinates": [ [ [ -75.529290086027572, 45.859839427593847 ], [ -75.535755768559625, 45.862407537491912 ], [ -75.535805687487866, 45.867603784565908 ], [ -75.529388723739785, 45.870231932564252 ], [ -75.522922420838896, 45.867663468557225 ], [ -75.522873702059485, 45.86246721072628 ], [ -75.529290086027572, 45.859839427593847 ] ] ] } },
{ "type": "Feature", "properties": { "hex_id": 387738, "centroid_lon": -75.529487415588861, "centroid_lat": 45.880624418384208, "occurrences_today": 3, "datetimes_today": "2026-09-15 00:32:23, 2026-09-15 00:46:40, 2026-09-15 01:01:47", "cumulative_total": 26.0 }, "geometry": { "type": "Polygon", "coordinates": [ [ [ -75.52943806289494, 45.875428177868038 ], [ -75.535905566438601, 45.877996264348063 ], [ -75.535955526470374, 45.883192497056243 ], [ -75.529536781826167, 45.88582065411282 ], [ -75.52306865739898, 45.883252213330408 ], [ -75.523019898504117, 45.87805596985929 ], [ -75.52943806289494, 45.875428177868038 ] ] ] } },
{ "type": "Feature", "properties": { "hex_id": 387739, "centroid_lon": -75.529635554949337, "centroid_lat": 45.896213111207373, "occurrences_today": 3, "datetimes_today": "2026-09-15 00:32:23, 2026-09-15 00:46:40, 2026-09-15 01:01:47", "cumulative_total": 48.0 }, "geometry": { "type": "Polygon", "coordinates": [ [ [ -75.529586161611462, 45.891016885053851 ], [ -75.536055487670026, 45.893584948106906 ], [ -75.536105488847184, 45.898781166449446 ], [ -75.529684961844367, 45.901409332573323 ], [ -75.523215014387048, 45.898840915024351 ], [ -75.52316621533592, 45.893644685912925 ], [ -75.529586161611462, 45.891016885053851 ] ] ] } },
{ "type": "Feature", "properties": { "hex_id": 387740, "centroid_lon": -75.529783816324354, "centroid_lat": 45.911801760942765, "occurrences_today": 3, "datetimes_today": "2026-09-15 00:32:23, 2026-09-15 00:46:40, 2026-09-15 01:01:47", "cumulative_total": 48.0 }, "geometry": { "type": "Polygon", "coordinates": [ [ [ -75.529734382301172, 45.906605549151799 ], [ -75.536205532379469, 45.909173588768944 ], [ -75.53625557474389, 45.914369792745966 ], [ -75.529833263918505, 45.916997967946273 ], [ -75.523361491925684, 45.914429573639573 ], [ -75.52331265267739, 45.909233358887668 ], [ -75.529734382301172, 45.906605549151799 ] ] ] } },
{ "type": "Feature", "properties": { "hex_id": 387741, "centroid_lon": -75.529932199838157, "centroid_lat": 45.927390367590945, "occurrences_today": 3, "datetimes_today": "2026-09-15 00:32:23, 2026-09-15 00:46:40, 2026-09-15 01:01:47", "cumulative_total": 48.0 }, "geometry": { "type": "Polygon", "coordinates": [ [ [ -75.529882725088228, 45.922194170162335 ], [ -75.536355700692624, 45.924762186334618 ], [ -75.536405784286259, 45.929958375946285 ], [ -75.529981688172867, 45.932586560232146 ], [ -75.523508090137639, 45.93001818917655 ], [ -75.523459210651268, 45.924821988784004 ], [ -75.529882725088228, 45.922194170162335 ] ] ] } },
{ "type": "Feature", "properties": { "hex_id": 388346, "centroid_lon": -75.522678960524161, "centroid_lat": 45.841682131535769, "occurrences_today": 3, "datetimes_today": "2026-09-15 00:32:23, 2026-09-15 00:46:40, 2026-09-15 01:01:47", "cumulative_total": 26.0 }, "geometry": { "type": "Polygon", "coordinates": [ [ [ -75.522630308513286, 45.836485849771385 ], [ -75.52909297286692, 45.839054360201189 ], [ -75.529142230885554, 45.844250634230875 ], [ -75.522727625879696, 45.846878408513426 ], [ -75.516264342171368, 45.84430954419701 ], [ -75.516216282828111, 45.839113259550061 ], [ -75.522630308513286, 45.836485849771385 ] ] ] } },
{ "type": "Feature", "properties": { "hex_id": 388347, "centroid_lon": -75.522824996642839, "centroid_lat": 45.857270948108663, "occurrences_today": 3, "datetimes_today": "2026-09-15 00:32:23, 2026-09-15 00:46:40, 2026-09-15 01:01:47", "cumulative_total": 26.0 }, "geometry": { "type": "Polygon", "coordinates": [ [ [ -75.522776304584397, 45.852074680704384 ], [ -75.529240787461305, 45.854643167927193 ], [ -75.529290086027572, 45.859839427593847 ], [ -75.522873702059485, 45.86246721072628 ], [ -75.516408599314261, 45.859898369423533 ], [ -75.516360500409988, 45.854702099133725 ], [ -75.522776304584397, 45.852074680704384 ] ] ] } },
{ "type": "Feature", "properties": { "hex_id": 388348, "centroid_lon": -75.522971152985605, "centroid_lat": 45.872859721601557, "occurrences_today": 3, "datetimes_today": "2026-09-15 00:32:23, 2026-09-15 00:46:40, 2026-09-15 01:01:47", "cumulative_total": 26.0 }, "geometry": { "type": "Polygon", "coordinates": [ [ [ -75.522922420838896, 45.867663468557225 ], [ -75.529388723739785, 45.870231932564252 ], [ -75.52943806289494, 45.875428177868038 ], [ -75.523019898504117, 45.87805596985929 ], [ -75.516552975220705, 45.875487151578923 ], [ -75.516504836715157, 45.870290895646107 ], [ -75.522922420838896, 45.867663468557225 ] ] ] } },
{ "type": "Feature", "properties": { "hex_id": 388349, "centroid_lon": -75.523117429674741, "centroid_lat": 45.888448452014948, "occurrences_today": 3, "datetimes_today": "2026-09-15 00:32:23, 2026-09-15 00:46:40, 2026-09-15 01:01:47", "cumulative_total": 26.0 }, "geometry": { "type": "Polygon", "coordinates": [ [ [ -75.52306865739898, 45.883252213330408 ], [ -75.529536781826167, 45.88582065411282 ], [ -75.529586161611462, 45.891016885053851 ], [ -75.52316621533592, 45.893644685912925 ], [ -75.516697470011479, 45.89107589066365 ], [ -75.516649291864383, 45.885879649087677 ], [ -75.52306865739898, 45.883252213330408 ] ] ] } },
{ "type": "Feature", "properties": { "hex_id": 388350, "centroid_lon": -75.523263826832689, "centroid_lat": 45.904037139349256, "occurrences_today": 3, "datetimes_today": "2026-09-15 00:32:23, 2026-09-15 00:46:40, 2026-09-15 01:01:47", "cumulative_total": 48.0 }, "geometry": { "type": "Polygon", "coordinates": [ [ [ -75.523215014387048, 45.898840915024351 ], [ -75.529684961844367, 45.901409332573323 ], [ -75.529734382301172, 45.906605549151799 ], [ -75.52331265267739, 45.909233358887668 ], [ -75.516842083807589, 45.906664586678204 ], [ -75.516793865978599, 45.901468359458896 ], [ -75.523215014387048, 45.898840915024351 ] ] ] } },
{ "type": "Feature", "properties": { "hex_id": 388351, "centroid_lon": -75.523410344582132, "centroid_lat": 45.919625783605021, "occurrences_today": 3, "datetimes_today": "2026-09-15 00:32:23, 2026-09-15 00:46:40, 2026-09-15 01:01:47", "cumulative_total": 48.0 }, "geometry": { "type": "Polygon", "coordinates": [ [ [ -75.523361491925684, 45.914429573639573 ], [ -75.529833263918505, 45.916997967946273 ], [ -75.529882725088228, 45.922194170162335 ], [ -75.523459210651268, 45.924821988784004 ], [ -75.516986816730196, 45.922253239623096 ], [ -75.516938559178897, 45.917057026760297 ], [ -75.523361491925684, 45.914429573639573 ] ] ] } },
{ "type": "Feature", "properties": { "hex_id": 388352, "centroid_lon": -75.523556983045836, "centroid_lat": 45.935214384782689, "occurrences_today": 3, "datetimes_today": "2026-09-15 00:32:23, 2026-09-15 00:46:40, 2026-09-15 01:01:47", "cumulative_total": 48.0 }, "geometry": { "type": "Polygon", "coordinates": [ [ [ -75.523508090137639, 45.93001818917655 ], [ -75.529981688172867, 45.932586560232146 ], [ -75.530031190096992, 45.93778274808593 ], [ -75.523605889380391, 45.940410575602421 ], [ -75.517131668900618, 45.93784184949881 ], [ -75.517083371586551, 45.932645650992349 ], [ -75.523508090137639, 45.93001818917655 ] ] ] } }
]
}
