{
"type": "FeatureCollection",
"name": "daily_2026-06-23",
"crs": { "type": "name", "properties": { "name": "urn:ogc:def:crs:OGC:1.3:CRS84" } },
"features": [
{ "type": "Feature", "properties": { "hex_id": 595285, "centroid_lon": -73.349622359683167, "centroid_lat": 45.511360526359901, "occurrences_today": 9, "datetimes_today": "2026-06-23 00:01:15, 2026-06-23 00:16:30, 2026-06-23 00:31:23, 2026-06-23 00:46:43, 2026-06-23 01:01:29, 2026-06-23 01:16:23, 2026-06-23 01:31:42, 2026-06-23 01:46:17, 2026-06-23 02:01:15", "cumulative_total": 157.0 }, "geometry": { "type": "Polygon", "coordinates": [ [ [ -73.349774202759875, 45.506165885308079 ], [ -73.356096488173407, 45.508855487584462 ], [ -73.355945212492315, 45.514050142690827 ], [ -73.349470475141018, 45.516555162271054 ], [ -73.343147663804274, 45.513865188938141 ], [ -73.343300115728127, 45.508670567146012 ], [ -73.349774202759875, 45.506165885308079 ] ] ] } },
{ "type": "Feature", "properties": { "hex_id": 1027065, "centroid_lon": -68.558764377165332, "centroid_lat": 47.781600438182146, "occurrences_today": 12, "datetimes_today": "2026-06-23 01:16:23, 2026-06-23 01:31:42, 2026-06-23 01:46:17, 2026-06-23 02:01:15, 2026-06-23 02:16:25, 2026-06-23 02:31:45, 2026-06-23 02:46:16, 2026-06-23 03:01:30, 2026-06-23 03:16:31, 2026-06-23 03:31:38, 2026-06-23 03:46:19, 2026-06-23 04:01:22", "cumulative_total": 62.0 }, "geometry": { "type": "Polygon", "coordinates": [ [ [ -68.559404631192621, 47.776438542450229 ], [ -68.565716771567196, 47.779393038664601 ], [ -68.565077076220021, 47.784554995994419 ], [ -68.558123944016231, 47.786762322745091 ], [ -68.551811424115002, 47.783807386625547 ], [ -68.55245241588095, 47.778645563727487 ], [ -68.559404631192621, 47.776438542450229 ] ] ] } },
{ "type": "Feature", "properties": { "hex_id": 527553, "centroid_lon": -74.05120110914369, "centroid_lat": 46.041598981440821, "occurrences_today": 9, "datetimes_today": "2026-06-23 00:01:15, 2026-06-23 00:16:30, 2026-06-23 00:31:23, 2026-06-23 00:46:43, 2026-06-23 01:01:29, 2026-06-23 01:16:23, 2026-06-23 01:31:42, 2026-06-23 01:46:17, 2026-06-23 02:01:15", "cumulative_total": 122.0 }, "geometry": { "type": "Polygon", "coordinates": [ [ [ -74.051290040165995, 46.036403379235495 ], [ -74.05770649362826, 46.039054634432233 ], [ -74.057618155856019, 46.044250243835307 ], [ -74.051112153669948, 46.046794578768477 ], [ -74.044695131413206, 46.044142952353354 ], [ -74.0447846801287, 46.038947362289235 ], [ -74.051290040165995, 46.036403379235495 ] ] ] } },
{ "type": "Feature", "properties": { "hex_id": 459204, "centroid_lon": -74.773213949549671, "centroid_lat": 46.466197937397993, "occurrences_today": 2, "datetimes_today": "2026-06-23 00:01:15, 2026-06-23 00:16:30", "cumulative_total": 137.0 }, "geometry": { "type": "Polygon", "coordinates": [ [ [ -74.773235524310252, 46.461002050096795 ], [ -74.779736540248393, 46.463612720151261 ], [ -74.779715582093303, 46.468808607373433 ], [ -74.773192368823914, 46.47139381994949 ], [ -74.766690742246453, 46.468782780357685 ], [ -74.766712939575655, 46.463586897794066 ], [ -74.773235524310252, 46.461002050096795 ] ] ] } },
{ "type": "Feature", "properties": { "hex_id": 459815, "centroid_lon": -74.766668538779768, "centroid_lat": 46.473978658171163, "occurrences_today": 2, "datetimes_today": "2026-06-23 00:01:15, 2026-06-23 00:16:30", "cumulative_total": 238.0 }, "geometry": { "type": "Polygon", "coordinates": [ [ [ -74.766690742246453, 46.468782780357685 ], [ -74.773192368823914, 46.47139381994949 ], [ -74.773170782130947, 46.476589697751315 ], [ -74.766646329173469, 46.479174531234584 ], [ -74.760144091962943, 46.476563121938476 ], [ -74.760166918340857, 46.471367248930335 ], [ -74.766690742246453, 46.468782780357685 ] ] ] } },
{ "type": "Feature", "properties": { "hex_id": 528734, "centroid_lon": -74.048921177416645, "centroid_lat": 45.417986193380422, "occurrences_today": 6, "datetimes_today": "2026-06-23 00:01:15, 2026-06-23 00:16:30, 2026-06-23 00:31:23, 2026-06-23 00:46:43, 2026-06-23 01:01:29, 2026-06-23 01:16:23", "cumulative_total": 86.0 }, "geometry": { "type": "Polygon", "coordinates": [ [ [ -74.049008405193078, 45.412790025023767 ], [ -74.055354209609291, 45.415441134455698 ], [ -74.055267555829786, 45.420637309927926 ], [ -74.04883392584, 45.423182356858348 ], [ -74.042487571231021, 45.420530884107421 ], [ -74.042575396796636, 45.41533472780943 ], [ -74.049008405193078, 45.412790025023767 ] ] ] } },
{ "type": "Feature", "properties": { "hex_id": 705177, "centroid_lon": -72.1969700924992, "centroid_lat": 45.520061156985406, "occurrences_today": 12, "datetimes_today": "2026-06-23 00:01:15, 2026-06-23 00:16:30, 2026-06-23 00:31:23, 2026-06-23 00:46:43, 2026-06-23 01:01:29, 2026-06-23 01:16:23, 2026-06-23 01:31:42, 2026-06-23 01:46:17, 2026-06-23 02:01:15, 2026-06-23 02:16:25, 2026-06-23 02:31:45, 2026-06-23 02:46:16", "cumulative_total": 135.0 }, "geometry": { "type": "Polygon", "coordinates": [ [ [ -72.197227996746577, 45.514870592045547 ], [ -72.203493240733806, 45.517622714999007 ], [ -72.203235887857019, 45.522813305232631 ], [ -72.196712117870916, 45.525251716045858 ], [ -72.190446392905812, 45.522499211706105 ], [ -72.190704918881096, 45.517308678003523 ], [ -72.197227996746577, 45.514870592045547 ] ] ] } },
{ "type": "Feature", "properties": { "hex_id": 705787, "centroid_lon": -72.190963374327765, "centroid_lat": 45.512118138416582, "occurrences_today": 12, "datetimes_today": "2026-06-23 00:01:15, 2026-06-23 00:16:30, 2026-06-23 00:31:23, 2026-06-23 00:46:43, 2026-06-23 01:01:29, 2026-06-23 01:16:23, 2026-06-23 01:31:42, 2026-06-23 01:46:17, 2026-06-23 02:01:15, 2026-06-23 02:16:25, 2026-06-23 02:31:45, 2026-06-23 02:46:16", "cumulative_total": 135.0 }, "geometry": { "type": "Polygon", "coordinates": [ [ [ -72.191221759269467, 45.506927592945715 ], [ -72.197485830636623, 45.509680021226714 ], [ -72.197227996746577, 45.514870592045547 ], [ -72.190704918881096, 45.517308678003523 ], [ -72.184440366979089, 45.514555868387262 ], [ -72.184699373453796, 45.509365354212377 ], [ -72.191221759269467, 45.506927592945715 ] ] ] } },
{ "type": "Feature", "properties": { "hex_id": 573914, "centroid_lon": -73.574963755356109, "centroid_lat": 45.459827774173995, "occurrences_today": 17, "datetimes_today": "2026-06-23 00:01:15, 2026-06-23 00:16:30, 2026-06-23 00:31:23, 2026-06-23 00:46:43, 2026-06-23 01:01:29, 2026-06-23 01:16:23, 2026-06-23 01:31:42, 2026-06-23 01:46:17, 2026-06-23 02:01:15, 2026-06-23 02:16:25, 2026-06-23 02:31:45, 2026-06-23 02:46:16, 2026-06-23 03:01:30, 2026-06-23 03:16:31, 2026-06-23 03:31:38, 2026-06-23 03:46:19, 2026-06-23 04:01:22", "cumulative_total": 295.0 }, "geometry": { "type": "Polygon", "coordinates": [ [ [ -73.575094635205986, 45.454632536746644 ], [ -73.581422244780981, 45.457309745956906 ], [ -73.581291933854786, 45.462504995203666 ], [ -73.574832839783781, 45.465023006560735 ], [ -73.568504697013523, 45.4623454290317 ], [ -73.568636181497567, 45.457150208528731 ], [ -73.575094635205986, 45.454632536746644 ] ] ] } },
{ "type": "Feature", "properties": { "hex_id": 740166, "centroid_lon": -71.65220926373074, "centroid_lat": 48.474928202058472, "occurrences_today": 5, "datetimes_today": "2026-06-23 00:01:15, 2026-06-23 00:16:30, 2026-06-23 00:31:23, 2026-06-23 00:46:43, 2026-06-23 01:01:29", "cumulative_total": 38.0 }, "geometry": { "type": "Polygon", "coordinates": [ [ [ -71.652550741234194, 48.469742976970927 ], [ -71.659133290584379, 48.472532035644072 ], [ -71.65879245044276, 48.477717293066974 ], [ -71.651867689256079, 48.480113420645296 ], [ -71.645284599532829, 48.477323935538045 ], [ -71.645626811334182, 48.472138749357867 ], [ -71.652550741234194, 48.469742976970927 ] ] ] } },
{ "type": "Feature", "properties": { "hex_id": 613023, "centroid_lon": -73.146868527740352, "centroid_lat": 46.030511750002169, "occurrences_today": 17, "datetimes_today": "2026-06-23 00:01:15, 2026-06-23 00:16:30, 2026-06-23 00:31:23, 2026-06-23 00:46:43, 2026-06-23 01:01:29, 2026-06-23 01:16:23, 2026-06-23 01:31:42, 2026-06-23 01:46:17, 2026-06-23 02:01:15, 2026-06-23 02:16:25, 2026-06-23 02:31:45, 2026-06-23 02:46:16, 2026-06-23 03:01:30, 2026-06-23 03:16:31, 2026-06-23 03:31:38, 2026-06-23 03:46:19, 2026-06-23 04:01:22", "cumulative_total": 221.0 }, "geometry": { "type": "Polygon", "coordinates": [ [ [ -73.147042132594507, 46.02531814583093 ], [ -73.153412472324575, 46.028019491952321 ], [ -73.153239447807266, 46.033213112338565 ], [ -73.146694875178966, 46.035705348924289 ], [ -73.140324002827427, 46.033003623216871 ], [ -73.140498235709416, 46.027810040575332 ], [ -73.147042132594507, 46.02531814583093 ] ] ] } },
{ "type": "Feature", "properties": { "hex_id": 641807, "centroid_lon": -72.786455180308764, "centroid_lat": 47.434788120986262, "occurrences_today": 2, "datetimes_today": "2026-06-23 00:01:15, 2026-06-23 00:16:30", "cumulative_total": 32.0 }, "geometry": { "type": "Polygon", "coordinates": [ [ [ -72.786672953562629, 47.429596957514768 ], [ -72.793189533205194, 47.43232032095483 ], [ -72.79297238012964, 47.437511504769667 ], [ -72.786237346090431, 47.439979278973077 ], [ -72.779720207244793, 47.437255513884146 ], [ -72.779938661619909, 47.43206437630964 ], [ -72.786672953562629, 47.429596957514768 ] ] ] } },
{ "type": "Feature", "properties": { "hex_id": 642417, "centroid_lon": -72.7801570548596, "centroid_lat": 47.426873233246049, "occurrences_today": 2, "datetimes_today": "2026-06-23 00:01:15, 2026-06-23 00:16:30", "cumulative_total": 21.0 }, "geometry": { "type": "Polygon", "coordinates": [ [ [ -72.780375386985455, 47.421682084693572 ], [ -72.786890665873514, 47.424405788558822 ], [ -72.786672953562629, 47.429596957514768 ], [ -72.779938661619909, 47.43206437630964 ], [ -72.773422824041532, 47.429340270846645 ], [ -72.773641837074607, 47.424149148255474 ], [ -72.780375386985455, 47.421682084693572 ] ] ] } },
{ "type": "Feature", "properties": { "hex_id": 312649, "centroid_lon": -76.322802659859107, "centroid_lat": 45.913167812373764, "occurrences_today": 17, "datetimes_today": "2026-06-23 00:01:15, 2026-06-23 00:16:30, 2026-06-23 00:31:23, 2026-06-23 00:46:43, 2026-06-23 01:01:29, 2026-06-23 01:16:23, 2026-06-23 01:31:42, 2026-06-23 01:46:17, 2026-06-23 02:01:15, 2026-06-23 02:16:25, 2026-06-23 02:31:45, 2026-06-23 02:46:16, 2026-06-23 03:01:30, 2026-06-23 03:16:31, 2026-06-23 03:31:38, 2026-06-23 03:46:19, 2026-06-23 04:01:22", "cumulative_total": 304.0 }, "geometry": { "type": "Polygon", "coordinates": [ [ [ -76.322679232684791, 45.907972766263896 ], [ -76.329186082762604, 45.910495492886795 ], [ -76.329310127932743, 45.915690523014867 ], [ -76.322926120910481, 45.918362853481646 ], [ -76.316418618954032, 45.915839780614178 ], [ -76.316295775909964, 45.910644723589961 ], [ -76.322679232684791, 45.907972766263896 ] ] ] } },
{ "type": "Feature", "properties": { "hex_id": 583686, "centroid_lon": -73.470987886182854, "centroid_lat": 45.520845167896965, "occurrences_today": 7, "datetimes_today": "2026-06-23 00:31:23, 2026-06-23 00:46:43, 2026-06-23 01:01:29, 2026-06-23 01:16:23, 2026-06-23 01:31:42, 2026-06-23 01:46:17, 2026-06-23 02:01:15", "cumulative_total": 233.0 }, "geometry": { "type": "Polygon", "coordinates": [ [ [ -73.471128612270221, 45.51565022965589 ], [ -73.477457906261051, 45.518333196541967 ], [ -73.477317749515166, 45.523528147644129 ], [ -73.470847121659247, 45.526040101052821 ], [ -73.464517296769628, 45.523356764109273 ], [ -73.464658630621813, 45.518161843879 ], [ -73.471128612270221, 45.51565022965589 ] ] ] } },
{ "type": "Feature", "properties": { "hex_id": 789465, "centroid_lon": -71.274822595075278, "centroid_lat": 46.101711862960848, "occurrences_today": 11, "datetimes_today": "2026-06-23 00:01:15, 2026-06-23 00:16:30, 2026-06-23 00:31:23, 2026-06-23 00:46:43, 2026-06-23 01:01:29, 2026-06-23 01:16:23, 2026-06-23 01:31:42, 2026-06-23 01:46:17, 2026-06-23 02:01:15, 2026-06-23 02:16:25, 2026-06-23 02:31:45", "cumulative_total": 22.0 }, "geometry": { "type": "Polygon", "coordinates": [ [ [ -71.275172259727057, 46.096526597050591 ], [ -71.281452600895321, 46.099329707617684 ], [ -71.281103490852473, 46.104515008009031 ], [ -71.274472834401081, 46.106897122088604 ], [ -71.268192034662619, 46.104093614866279 ], [ -71.268542349913105, 46.09890839028462 ], [ -71.275172259727057, 46.096526597050591 ] ] ] } },
{ "type": "Feature", "properties": { "hex_id": 575139, "centroid_lon": -73.560589705511759, "centroid_lat": 45.522009616009001, "occurrences_today": 17, "datetimes_today": "2026-06-23 00:01:15, 2026-06-23 00:16:30, 2026-06-23 00:31:23, 2026-06-23 00:46:43, 2026-06-23 01:01:29, 2026-06-23 01:16:23, 2026-06-23 01:31:42, 2026-06-23 01:46:17, 2026-06-23 02:01:15, 2026-06-23 02:16:25, 2026-06-23 02:31:45, 2026-06-23 02:46:16, 2026-06-23 03:01:30, 2026-06-23 03:16:31, 2026-06-23 03:31:38, 2026-06-23 03:46:19, 2026-06-23 04:01:22", "cumulative_total": 335.0 }, "geometry": { "type": "Polygon", "coordinates": [ [ [ -73.560722192049255, 45.516814468007944 ], [ -73.567055996402132, 45.519492521688299 ], [ -73.56692408046149, 45.524687681666094 ], [ -73.560457182786493, 45.527204758963116 ], [ -73.554122844030616, 45.524526336042406 ], [ -73.554255937340585, 45.519331205129539 ], [ -73.560722192049255, 45.516814468007944 ] ] ] } },
{ "type": "Feature", "properties": { "hex_id": 661821, "centroid_lon": -72.657885002934449, "centroid_lat": 45.366745308228843, "occurrences_today": 17, "datetimes_today": "2026-06-23 00:01:15, 2026-06-23 00:16:30, 2026-06-23 00:31:23, 2026-06-23 00:46:43, 2026-06-23 01:01:29, 2026-06-23 01:16:23, 2026-06-23 01:31:42, 2026-06-23 01:46:17, 2026-06-23 02:01:15, 2026-06-23 02:16:25, 2026-06-23 02:31:45, 2026-06-23 02:46:16, 2026-06-23 03:01:30, 2026-06-23 03:16:31, 2026-06-23 03:31:38, 2026-06-23 03:46:19, 2026-06-23 04:01:22", "cumulative_total": 89.0 }, "geometry": { "type": "Polygon", "coordinates": [ [ [ -72.658099376141195, 45.361552724087979 ], [ -72.664371393896317, 45.36427971207516 ], [ -72.664157574180464, 45.369472316982971 ], [ -72.657670571312309, 45.371937886835141 ], [ -72.651398058491424, 45.369210523417145 ], [ -72.651613043584959, 45.364017965641743 ], [ -72.658099376141195, 45.361552724087979 ] ] ] } },
{ "type": "Feature", "properties": { "hex_id": 664961, "centroid_lon": -72.566841464411567, "centroid_lat": 46.728915643346184, "occurrences_today": 4, "datetimes_today": "2026-06-23 02:16:25, 2026-06-23 02:31:45, 2026-06-23 02:46:16, 2026-06-23 03:01:30", "cumulative_total": 44.0 }, "geometry": { "type": "Polygon", "coordinates": [ [ [ -72.567075000142921, 46.723724645797994 ], [ -72.573495754090501, 46.726459035410528 ], [ -72.573262812080813, 46.731650055190748 ], [ -72.566607863943915, 46.734106635265739 ], [ -72.56018658102218, 46.731371851605473 ], [ -72.560420775189073, 46.726180881985087 ], [ -72.567075000142921, 46.723724645797994 ] ] ] } },
{ "type": "Feature", "properties": { "hex_id": 667379, "centroid_lon": -72.557519654418414, "centroid_lat": 46.354597320187757, "occurrences_today": 1, "datetimes_today": "2026-06-23 03:01:30", "cumulative_total": 100.0 }, "geometry": { "type": "Polygon", "coordinates": [ [ [ -72.557751041977255, 46.349406017586688 ], [ -72.564128052590377, 46.352140242175011 ], [ -72.56389724683352, 46.357331566935123 ], [ -72.557288203034233, 46.359788617161392 ], [ -72.550910674455423, 46.357054003429568 ], [ -72.55114270761969, 46.351862728681148 ], [ -72.557751041977255, 46.349406017586688 ] ] ] } },
{ "type": "Feature", "properties": { "hex_id": 662513, "centroid_lon": -72.597141853460698, "centroid_lat": 46.636028404977516, "occurrences_today": 4, "datetimes_today": "2026-06-23 02:16:25, 2026-06-23 02:31:45, 2026-06-23 02:46:16, 2026-06-23 03:01:30", "cumulative_total": 16.0 }, "geometry": { "type": "Polygon", "coordinates": [ [ [ -72.597371736081513, 46.630837206729012 ], [ -72.603783268098496, 46.633569758801897 ], [ -72.603553976704418, 46.638760978941086 ], [ -72.596911907193515, 46.641219597621223 ], [ -72.590499847607163, 46.638486653014887 ], [ -72.590730385079112, 46.633295482328748 ], [ -72.597371736081513, 46.630837206729012 ] ] ] } },
{ "type": "Feature", "properties": { "hex_id": 882384, "centroid_lon": -70.123183768920057, "centroid_lat": 47.975897269637116, "occurrences_today": 5, "datetimes_today": "2026-06-23 02:31:45, 2026-06-23 02:46:16, 2026-06-23 03:01:30, 2026-06-23 03:16:31, 2026-06-23 03:31:38", "cumulative_total": 63.0 }, "geometry": { "type": "Polygon", "coordinates": [ [ [ -70.123672267945494, 47.970721545818911 ], [ -70.13010316561865, 47.973593294810925 ], [ -70.12961526018627, 47.978769065634481 ], [ -70.122695132468991, 47.981072985007955 ], [ -70.116263778652907, 47.978200804394845 ], [ -70.116753008648033, 47.973025136098229 ], [ -70.123672267945494, 47.970721545818911 ] ] ] } },
{ "type": "Feature", "properties": { "hex_id": 882995, "centroid_lon": -70.115774411023281, "centroid_lat": 47.983376464233274, "occurrences_today": 5, "datetimes_today": "2026-06-23 02:31:45, 2026-06-23 02:46:16, 2026-06-23 03:01:30, 2026-06-23 03:16:31, 2026-06-23 03:31:38", "cumulative_total": 63.0 }, "geometry": { "type": "Polygon", "coordinates": [ [ [ -70.116263778652907, 47.978200804394845 ], [ -70.122695132468991, 47.981072985007955 ], [ -70.122206358543266, 47.986248691930101 ], [ -70.115284905710041, 47.988552115612194 ], [ -70.108853095898198, 47.985679503213795 ], [ -70.109343194866256, 47.980503898987472 ], [ -70.116263778652907, 47.978200804394845 ] ] ] } },
{ "type": "Feature", "properties": { "hex_id": 883606, "centroid_lon": -70.108362859037541, "centroid_lat": 47.990855098969732, "occurrences_today": 5, "datetimes_today": "2026-06-23 02:31:45, 2026-06-23 02:46:16, 2026-06-23 03:01:30, 2026-06-23 03:16:31, 2026-06-23 03:31:38", "cumulative_total": 63.0 }, "geometry": { "type": "Polygon", "coordinates": [ [ [ -70.108853095898198, 47.985679503213795 ], [ -70.115284905710041, 47.988552115612194 ], [ -70.114795262664074, 47.993727758530262 ], [ -70.107872484235102, 47.996030686253988 ], [ -70.101440218574965, 47.993157641906116 ], [ -70.10193118714291, 47.987982101852872 ], [ -70.108853095898198, 47.985679503213795 ] ] ] } },
{ "type": "Feature", "properties": { "hex_id": 884216, "centroid_lon": -70.102422017609186, "centroid_lat": 47.982806553318426, "occurrences_today": 5, "datetimes_today": "2026-06-23 02:31:45, 2026-06-23 02:46:16, 2026-06-23 03:01:30, 2026-06-23 03:16:31, 2026-06-23 03:31:38", "cumulative_total": 63.0 }, "geometry": { "type": "Polygon", "coordinates": [ [ [ -70.102912710023062, 47.9776309963041 ], [ -70.109343194866256, 47.980503898987472 ], [ -70.108853095898198, 47.985679503213795 ], [ -70.10193118714291, 47.987982101852872 ], [ -70.095500246930939, 47.985108767291059 ], [ -70.095991670793794, 47.979933266037484 ], [ -70.102912710023062, 47.9776309963041 ] ] ] } },
{ "type": "Feature", "properties": { "hex_id": 884827, "centroid_lon": -70.095008684806615, "centroid_lat": 47.990284260053905, "occurrences_today": 5, "datetimes_today": "2026-06-23 02:31:45, 2026-06-23 02:46:16, 2026-06-23 03:01:30, 2026-06-23 03:16:31, 2026-06-23 03:31:38", "cumulative_total": 63.0 }, "geometry": { "type": "Polygon", "coordinates": [ [ [ -70.095500246930939, 47.985108767291059 ], [ -70.10193118714291, 47.987982101852872 ], [ -70.101440218574965, 47.993157641906116 ], [ -70.094516984371538, 47.995459744324663 ], [ -70.088085588938625, 47.992585977720303 ], [ -70.088577882880742, 47.987410540808838 ], [ -70.095500246930939, 47.985108767291059 ] ] ] } },
{ "type": "Feature", "properties": { "hex_id": 886048, "centroid_lon": -70.081654925507991, "centroid_lat": 47.989711873775136, "occurrences_today": 17, "datetimes_today": "2026-06-23 00:01:15, 2026-06-23 00:16:30, 2026-06-23 00:31:23, 2026-06-23 00:46:43, 2026-06-23 01:01:29, 2026-06-23 01:16:23, 2026-06-23 01:31:42, 2026-06-23 01:46:17, 2026-06-23 02:01:15, 2026-06-23 02:16:25, 2026-06-23 02:31:45, 2026-06-23 02:46:16, 2026-06-23 03:01:30, 2026-06-23 03:16:31, 2026-06-23 03:31:38, 2026-06-23 03:46:19, 2026-06-23 04:01:22", "cumulative_total": 85.0 }, "geometry": { "type": "Polygon", "coordinates": [ [ [ -70.082147812747991, 47.984536484282316 ], [ -70.088577882880742, 47.987410540808838 ], [ -70.088085588938625, 47.992585977720303 ], [ -70.081161899588309, 47.994887254755426 ], [ -70.074731374862068, 47.992012766093396 ], [ -70.075224994030165, 47.986837432600623 ], [ -70.082147812747991, 47.984536484282316 ] ] ] } },
{ "type": "Feature", "properties": { "hex_id": 886659, "centroid_lon": -70.074237616805107, "centroid_lat": 47.997188091062718, "occurrences_today": 17, "datetimes_today": "2026-06-23 00:01:15, 2026-06-23 00:16:30, 2026-06-23 00:31:23, 2026-06-23 00:46:43, 2026-06-23 01:01:29, 2026-06-23 01:16:23, 2026-06-23 01:31:42, 2026-06-23 01:46:17, 2026-06-23 02:01:15, 2026-06-23 02:16:25, 2026-06-23 02:31:45, 2026-06-23 02:46:16, 2026-06-23 03:01:30, 2026-06-23 03:16:31, 2026-06-23 03:31:38, 2026-06-23 03:46:19, 2026-06-23 04:01:22", "cumulative_total": 85.0 }, "geometry": { "type": "Polygon", "coordinates": [ [ [ -70.074731374862068, 47.992012766093396 ], [ -70.081161899588309, 47.994887254755426 ], [ -70.080668734939479, 48.000062627221823 ], [ -70.073743719809741, 48.002363407507197 ], [ -70.06731274063857, 47.999488486545545 ], [ -70.067807230992514, 47.994313217667042 ], [ -70.074731374862068, 47.992012766093396 ] ] ] } },
{ "type": "Feature", "properties": { "hex_id": 657629, "centroid_lon": -72.649357394194411, "centroid_lat": 46.637113704850762, "occurrences_today": 4, "datetimes_today": "2026-06-23 02:16:25, 2026-06-23 02:31:45, 2026-06-23 02:46:16, 2026-06-23 03:01:30", "cumulative_total": 50.0 }, "geometry": { "type": "Polygon", "coordinates": [ [ [ -72.649582292668086, 46.631922310951026 ], [ -72.655996693753593, 46.634651984778735 ], [ -72.655772387325257, 46.639843400052079 ], [ -72.649132433451044, 46.642305093182827 ], [ -72.642717502600647, 46.639575027274105 ], [ -72.642943055367837, 46.634383660382568 ], [ -72.649582292668086, 46.631922310951026 ] ] ] } },
{ "type": "Feature", "properties": { "hex_id": 656408, "centroid_lon": -72.662411748982009, "centroid_lat": 46.637381309298135, "occurrences_today": 4, "datetimes_today": "2026-06-23 02:16:25, 2026-06-23 02:31:45, 2026-06-23 02:46:16, 2026-06-23 03:01:30", "cumulative_total": 33.0 }, "geometry": { "type": "Polygon", "coordinates": [ [ [ -72.662635401256708, 46.632189867155105 ], [ -72.669050518399871, 46.63491882101809 ], [ -72.668827458374764, 46.640110284405374 ], [ -72.662188034781863, 46.642572745882653 ], [ -72.655772387325257, 46.639843400052079 ], [ -72.655996693753593, 46.634651984778735 ], [ -72.662635401256708, 46.632189867155105 ] ] ] } },
{ "type": "Feature", "properties": { "hex_id": 788855, "centroid_lon": -71.280754284935426, "centroid_lat": 46.109700301624571, "occurrences_today": 11, "datetimes_today": "2026-06-23 00:01:15, 2026-06-23 00:16:30, 2026-06-23 00:31:23, 2026-06-23 00:46:43, 2026-06-23 01:01:29, 2026-06-23 01:16:23, 2026-06-23 01:31:42, 2026-06-23 01:46:17, 2026-06-23 02:01:15, 2026-06-23 02:16:25, 2026-06-23 02:31:45", "cumulative_total": 41.0 }, "geometry": { "type": "Polygon", "coordinates": [ [ [ -71.281103490852473, 46.104515008009031 ], [ -71.287385037277318, 46.107317825326071 ], [ -71.287036386298283, 46.112503153371044 ], [ -71.28040498311158, 46.114885588463572 ], [ -71.274122977671837, 46.11208237443315 ], [ -71.274472834401081, 46.106897122088604 ], [ -71.281103490852473, 46.104515008009031 ] ] ] } },
{ "type": "Feature", "properties": { "hex_id": 661211, "centroid_lon": -72.663943696197919, "centroid_lat": 45.374664916360345, "occurrences_today": 17, "datetimes_today": "2026-06-23 00:01:15, 2026-06-23 00:16:30, 2026-06-23 00:31:23, 2026-06-23 00:46:43, 2026-06-23 01:01:29, 2026-06-23 01:16:23, 2026-06-23 01:31:42, 2026-06-23 01:46:17, 2026-06-23 02:01:15, 2026-06-23 02:16:25, 2026-06-23 02:31:45, 2026-06-23 02:46:16, 2026-06-23 03:01:30, 2026-06-23 03:16:31, 2026-06-23 03:31:38, 2026-06-23 03:46:19, 2026-06-23 04:01:22", "cumulative_total": 82.0 }, "geometry": { "type": "Polygon", "coordinates": [ [ [ -72.664157574180464, 45.369472316982971 ], [ -72.67043075734253, 45.372198991804837 ], [ -72.67021743316775, 45.377391611893493 ], [ -72.663729759929183, 45.37985751020701 ], [ -72.657456081255276, 45.377130459906589 ], [ -72.657670571312309, 45.371937886835141 ], [ -72.664157574180464, 45.369472316982971 ] ] ] } },
{ "type": "Feature", "properties": { "hex_id": 542174, "centroid_lon": -73.905638887014732, "centroid_lat": 45.557017701992216, "occurrences_today": 4, "datetimes_today": "2026-06-23 03:16:31, 2026-06-23 03:31:38, 2026-06-23 03:46:19, 2026-06-23 04:01:22", "cumulative_total": 139.0 }, "geometry": { "type": "Polygon", "coordinates": [ [ [ -73.905739741882527, 45.551821892963112 ], [ -73.912094184531711, 45.554480980913318 ], [ -73.911993905970704, 45.559676798507063 ], [ -73.905538004583818, 45.562213506100214 ], [ -73.899183013195611, 45.559554051712546 ], [ -73.89928447192402, 45.554358256233826 ], [ -73.905739741882527, 45.551821892963112 ] ] ] } },
{ "type": "Feature", "properties": { "hex_id": 665571, "centroid_lon": -72.56065490445782, "centroid_lat": 46.720989906731411, "occurrences_today": 4, "datetimes_today": "2026-06-23 02:16:25, 2026-06-23 02:31:45, 2026-06-23 02:46:16, 2026-06-23 03:01:30", "cumulative_total": 28.0 }, "geometry": { "type": "Polygon", "coordinates": [ [ [ -72.560888968850918, 46.715798925844759 ], [ -72.567308471160388, 46.71853364262148 ], [ -72.567075000142921, 46.723724645797994 ], [ -72.560420775189073, 46.726180881985087 ], [ -72.554000744390905, 46.723445771211765 ], [ -72.554235467012802, 46.718254818315039 ], [ -72.560888968850918, 46.715798925844759 ] ] ] } },
{ "type": "Feature", "properties": { "hex_id": 652136, "centroid_lon": -72.707115889893103, "centroid_lat": 46.661668375589016, "occurrences_today": 4, "datetimes_today": "2026-06-23 02:16:25, 2026-06-23 02:31:45, 2026-06-23 02:46:16, 2026-06-23 03:01:30", "cumulative_total": 36.0 }, "geometry": { "type": "Polygon", "coordinates": [ [ [ -72.707335453375165, 46.656476791576651 ], [ -72.713755742513555, 46.659203317890338 ], [ -72.713536772722861, 46.66439492271352 ], [ -72.7068962655962, 46.666859954073381 ], [ -72.700475443591799, 46.664133035869156 ], [ -72.700695661559052, 46.658941478262584 ], [ -72.707335453375165, 46.656476791576651 ] ] ] } },
{ "type": "Feature", "properties": { "hex_id": 784064, "centroid_lon": -71.232509897908898, "centroid_lat": 47.557887366417695, "occurrences_today": 4, "datetimes_today": "2026-06-23 03:16:31, 2026-06-23 03:31:38, 2026-06-23 03:46:19, 2026-06-23 04:01:22", "cumulative_total": 109.0 }, "geometry": { "type": "Polygon", "coordinates": [ [ [ -71.232881976216362, 47.552703674725841 ], [ -71.23932751147241, 47.555513463181718 ], [ -71.238956032359681, 47.56069719074582 ], [ -71.232137715406083, 47.563071051187947 ], [ -71.225691685169068, 47.560260845847907 ], [ -71.226064466829797, 47.555077197018448 ], [ -71.232881976216362, 47.552703674725841 ] ] ] } },
{ "type": "Feature", "properties": { "hex_id": 654576, "centroid_lon": -72.682326280433514, "centroid_lat": 46.629992652268072, "occurrences_today": 4, "datetimes_today": "2026-06-23 02:16:25, 2026-06-23 02:31:45, 2026-06-23 02:46:16, 2026-06-23 03:01:30", "cumulative_total": 65.0 }, "geometry": { "type": "Polygon", "coordinates": [ [ [ -72.682547971215769, 46.624801129945403 ], [ -72.688963273006763, 46.627528971992312 ], [ -72.688742174537893, 46.632720515358528 ], [ -72.682104528274053, 46.635184169046191 ], [ -72.675688695557469, 46.632455935309032 ], [ -72.675911040009112, 46.627264439641351 ], [ -72.682547971215769, 46.624801129945403 ] ] ] } },
{ "type": "Feature", "properties": { "hex_id": 718060, "centroid_lon": -72.010702163092745, "centroid_lat": 46.489695300631141, "occurrences_today": 7, "datetimes_today": "2026-06-23 00:01:15, 2026-06-23 00:16:30, 2026-06-23 00:31:23, 2026-06-23 00:46:43, 2026-06-23 01:01:29, 2026-06-23 01:16:23, 2026-06-23 01:31:42", "cumulative_total": 51.0 }, "geometry": { "type": "Polygon", "coordinates": [ [ [ -72.010986648485641, 46.484506474149804 ], [ -72.017350223198562, 46.487270876552003 ], [ -72.01706631553941, 46.49245973062412 ], [ -72.010417599125532, 46.494884121040016 ], [ -72.004053525266656, 46.49211932293295 ], [ -72.004338666940583, 46.486930530181148 ], [ -72.010986648485641, 46.484506474149804 ] ] ] } },
{ "type": "Feature", "properties": { "hex_id": 720503, "centroid_lon": -71.983816954975936, "centroid_lat": 46.504577663253897, "occurrences_today": 7, "datetimes_today": "2026-06-23 00:01:15, 2026-06-23 00:16:30, 2026-06-23 00:31:23, 2026-06-23 00:46:43, 2026-06-23 01:01:29, 2026-06-23 01:16:23, 2026-06-23 01:31:42", "cumulative_total": 27.0 }, "geometry": { "type": "Polygon", "coordinates": [ [ [ -71.984104145737803, 46.499388978221063 ], [ -71.990467982733207, 46.502154880808611 ], [ -71.990181369752847, 46.507343593702998 ], [ -71.983529684879059, 46.509766342189714 ], [ -71.9771653494508, 46.507000043468139 ], [ -71.977453197301912, 46.501811392460176 ], [ -71.984104145737803, 46.499388978221063 ] ] ] } },
{ "type": "Feature", "properties": { "hex_id": 664350, "centroid_lon": -72.573728631548164, "centroid_lat": 46.721268010006575, "occurrences_today": 4, "datetimes_today": "2026-06-23 02:16:25, 2026-06-23 02:31:45, 2026-06-23 02:46:16, 2026-06-23 03:01:30", "cumulative_total": 13.0 }, "geometry": { "type": "Polygon", "coordinates": [ [ [ -72.57396144447614, 46.716076978979174 ], [ -72.580381669382419, 46.718810974708035 ], [ -72.580149450036586, 46.724002027895786 ], [ -72.573495754090501, 46.726459035410528 ], [ -72.567075000142921, 46.723724645797994 ], [ -72.567308471160388, 46.71853364262148 ], [ -72.57396144447614, 46.716076978979174 ] ] ] } },
{ "type": "Feature", "properties": { "hex_id": 657018, "centroid_lon": -72.656220938095089, "centroid_lat": 46.629460563942423, "occurrences_today": 4, "datetimes_today": "2026-06-23 02:16:25, 2026-06-23 02:31:45, 2026-06-23 02:46:16, 2026-06-23 03:01:30", "cumulative_total": 52.0 }, "geometry": { "type": "Polygon", "coordinates": [ [ [ -72.656445120371174, 46.624269137543358 ], [ -72.662858991627346, 46.626998419453784 ], [ -72.662635401256708, 46.632189867155105 ], [ -72.655996693753593, 46.634651984778735 ], [ -72.649582292668086, 46.631922310951026 ], [ -72.649807128893599, 46.626730911483861 ], [ -72.656445120371174, 46.624269137543358 ] ] ] } },
{ "type": "Feature", "properties": { "hex_id": 543395, "centroid_lon": -73.89282862582921, "centroid_lat": 45.55689424811721, "occurrences_today": 4, "datetimes_today": "2026-06-23 03:16:31, 2026-06-23 03:31:38, 2026-06-23 03:46:19, 2026-06-23 04:01:22", "cumulative_total": 205.0 }, "geometry": { "type": "Polygon", "coordinates": [ [ [ -73.892930660689302, 45.551698461330453 ], [ -73.89928447192402, 45.554358256233826 ], [ -73.899183013195611, 45.559554051712546 ], [ -73.892726563083642, 45.562090029978812 ], [ -73.886372203607365, 45.559429868517789 ], [ -73.886474842475252, 45.554234095412795 ], [ -73.892930660689302, 45.551698461330453 ] ] ] } },
{ "type": "Feature", "properties": { "hex_id": 628954, "centroid_lon": -72.945240810593575, "centroid_lat": 46.931181768137471, "occurrences_today": 17, "datetimes_today": "2026-06-23 00:01:15, 2026-06-23 00:16:30, 2026-06-23 00:31:23, 2026-06-23 00:46:43, 2026-06-23 01:01:29, 2026-06-23 01:16:23, 2026-06-23 01:31:42, 2026-06-23 01:46:17, 2026-06-23 02:01:15, 2026-06-23 02:16:25, 2026-06-23 02:31:45, 2026-06-23 02:46:16, 2026-06-23 03:01:30, 2026-06-23 03:16:31, 2026-06-23 03:31:38, 2026-06-23 03:46:19, 2026-06-23 04:01:22", "cumulative_total": 57.0 }, "geometry": { "type": "Polygon", "coordinates": [ [ [ -72.945439442216752, 46.925989609442667 ], [ -72.951903912931158, 46.928703344749081 ], [ -72.951705887247471, 46.933895521987452 ], [ -72.945042123745068, 46.936373921456443 ], [ -72.938577102326093, 46.933659792808491 ], [ -72.938776395094848, 46.928467658100814 ], [ -72.945439442216752, 46.925989609442667 ] ] ] } },
{ "type": "Feature", "properties": { "hex_id": 628955, "centroid_lon": -72.944644584295162, "centroid_lat": 46.946758211966305, "occurrences_today": 17, "datetimes_today": "2026-06-23 00:01:15, 2026-06-23 00:16:30, 2026-06-23 00:31:23, 2026-06-23 00:46:43, 2026-06-23 01:01:29, 2026-06-23 01:16:23, 2026-06-23 01:31:42, 2026-06-23 01:46:17, 2026-06-23 02:01:15, 2026-06-23 02:16:25, 2026-06-23 02:31:45, 2026-06-23 02:46:16, 2026-06-23 03:01:30, 2026-06-23 03:16:31, 2026-06-23 03:31:38, 2026-06-23 03:46:19, 2026-06-23 04:01:22", "cumulative_total": 57.0 }, "geometry": { "type": "Polygon", "coordinates": [ [ [ -72.944843381652021, 46.941566069399457 ], [ -72.951309670683628, 46.94427986034858 ], [ -72.951111479765089, 46.949472021470946 ], [ -72.944445731655264, 46.951950349156803 ], [ -72.937978891478039, 46.949236164650927 ], [ -72.938178350537001, 46.944044046083739 ], [ -72.944843381652021, 46.941566069399457 ] ] ] } },
{ "type": "Feature", "properties": { "hex_id": 628956, "centroid_lon": -72.94404786044916, "centroid_lat": 46.962334607408089, "occurrences_today": 17, "datetimes_today": "2026-06-23 00:01:15, 2026-06-23 00:16:30, 2026-06-23 00:31:23, 2026-06-23 00:46:43, 2026-06-23 01:01:29, 2026-06-23 01:16:23, 2026-06-23 01:31:42, 2026-06-23 01:46:17, 2026-06-23 02:01:15, 2026-06-23 02:16:25, 2026-06-23 02:31:45, 2026-06-23 02:46:16, 2026-06-23 03:01:30, 2026-06-23 03:16:31, 2026-06-23 03:31:38, 2026-06-23 03:46:19, 2026-06-23 04:01:22", "cumulative_total": 57.0 }, "geometry": { "type": "Polygon", "coordinates": [ [ [ -72.944246823713016, 46.957142480970788 ], [ -72.950714932558782, 46.95985632759848 ], [ -72.950516576232587, 46.965048472603293 ], [ -72.943848841844414, 46.967526728468506 ], [ -72.937380181411541, 46.964812488068709 ], [ -72.93757980693465, 46.959620385643603 ], [ -72.944246823713016, 46.957142480970788 ] ] ] } },
{ "type": "Feature", "properties": { "hex_id": 628957, "centroid_lon": -72.943450638535026, "centroid_lat": 46.977910954458018, "occurrences_today": 17, "datetimes_today": "2026-06-23 00:01:15, 2026-06-23 00:16:30, 2026-06-23 00:31:23, 2026-06-23 00:46:43, 2026-06-23 01:01:29, 2026-06-23 01:16:23, 2026-06-23 01:31:42, 2026-06-23 01:46:17, 2026-06-23 02:01:15, 2026-06-23 02:16:25, 2026-06-23 02:31:45, 2026-06-23 02:46:16, 2026-06-23 03:01:30, 2026-06-23 03:16:31, 2026-06-23 03:31:38, 2026-06-23 03:46:19, 2026-06-23 04:01:22", "cumulative_total": 57.0 }, "geometry": { "type": "Polygon", "coordinates": [ [ [ -72.943649767879478, 46.972718844151863 ], [ -72.950119698037909, 46.975432746494086 ], [ -72.949921176130943, 46.980624875379732 ], [ -72.943251453791774, 46.983103059386778 ], [ -72.936780971604307, 46.980388763056979 ], [ -72.936980763765746, 46.975196676775575 ], [ -72.943649767879478, 46.972718844151863 ] ] ] } },
{ "type": "Feature", "properties": { "hex_id": 628958, "centroid_lon": -72.942852918031477, "centroid_lat": 46.99348725311139, "occurrences_today": 17, "datetimes_today": "2026-06-23 00:01:15, 2026-06-23 00:16:30, 2026-06-23 00:31:23, 2026-06-23 00:46:43, 2026-06-23 01:01:29, 2026-06-23 01:16:23, 2026-06-23 01:31:42, 2026-06-23 01:46:17, 2026-06-23 02:01:15, 2026-06-23 02:16:25, 2026-06-23 02:31:45, 2026-06-23 02:46:16, 2026-06-23 03:01:30, 2026-06-23 03:16:31, 2026-06-23 03:31:38, 2026-06-23 03:46:19, 2026-06-23 04:01:22", "cumulative_total": 74.0 }, "geometry": { "type": "Polygon", "coordinates": [ [ [ -72.943052213630352, 46.988295158937959 ], [ -72.94952396660149, 46.991009117030657 ], [ -72.949325278940435, 46.996201229795588 ], [ -72.942653566975764, 46.998679341906893 ], [ -72.936181261533292, 46.995964989611004 ], [ -72.936381220507485, 46.990772919474885 ], [ -72.943052213630352, 46.988295158937959 ] ] ] } },
{ "type": "Feature", "properties": { "hex_id": 628959, "centroid_lon": -72.942254698416448, "centroid_lat": 47.009063503363407, "occurrences_today": 17, "datetimes_today": "2026-06-23 00:01:15, 2026-06-23 00:16:30, 2026-06-23 00:31:23, 2026-06-23 00:46:43, 2026-06-23 01:01:29, 2026-06-23 01:16:23, 2026-06-23 01:31:42, 2026-06-23 01:46:17, 2026-06-23 02:01:15, 2026-06-23 02:16:25, 2026-06-23 02:31:45, 2026-06-23 02:46:16, 2026-06-23 03:01:30, 2026-06-23 03:16:31, 2026-06-23 03:31:38, 2026-06-23 03:46:19, 2026-06-23 04:01:22", "cumulative_total": 163.0 }, "geometry": { "type": "Polygon", "coordinates": [ [ [ -72.942454160443873, 47.003871425324284 ], [ -72.94892773772925, 47.006585439203491 ], [ -72.948728884140522, 47.011777535846129 ], [ -72.942055180874107, 47.01425557602407 ], [ -72.935581050674642, 47.01154116772593 ], [ -72.935781176636297, 47.006349113736697 ], [ -72.942454160443873, 47.003871425324284 ] ] ] } },
{ "type": "Feature", "properties": { "hex_id": 628960, "centroid_lon": -72.941655979167166, "centroid_lat": 47.024639705209317, "occurrences_today": 17, "datetimes_today": "2026-06-23 00:01:15, 2026-06-23 00:16:30, 2026-06-23 00:31:23, 2026-06-23 00:46:43, 2026-06-23 01:01:29, 2026-06-23 01:16:23, 2026-06-23 01:31:42, 2026-06-23 01:46:17, 2026-06-23 02:01:15, 2026-06-23 02:16:25, 2026-06-23 02:31:45, 2026-06-23 02:46:16, 2026-06-23 03:01:30, 2026-06-23 03:16:31, 2026-06-23 03:31:38, 2026-06-23 03:46:19, 2026-06-23 04:01:22", "cumulative_total": 163.0 }, "geometry": { "type": "Polygon", "coordinates": [ [ [ -72.941855607797478, 47.019447643306094 ], [ -72.948331010900191, 47.022161713007868 ], [ -72.948131991209934, 47.02735379352665 ], [ -72.941456294963743, 47.029831761733575 ], [ -72.934980338503763, 47.027117297396998 ], [ -72.93518063162783, 47.021925259556255 ], [ -72.941855607797478, 47.019447643306094 ] ] ] } },
{ "type": "Feature", "properties": { "hex_id": 628961, "centroid_lon": -72.941056759760016, "centroid_lat": 47.040215858644402, "occurrences_today": 17, "datetimes_today": "2026-06-23 00:01:15, 2026-06-23 00:16:30, 2026-06-23 00:31:23, 2026-06-23 00:46:43, 2026-06-23 01:01:29, 2026-06-23 01:16:23, 2026-06-23 01:31:42, 2026-06-23 01:46:17, 2026-06-23 02:01:15, 2026-06-23 02:16:25, 2026-06-23 02:31:45, 2026-06-23 02:46:16, 2026-06-23 03:01:30, 2026-06-23 03:16:31, 2026-06-23 03:31:38, 2026-06-23 03:46:19, 2026-06-23 04:01:22", "cumulative_total": 133.0 }, "geometry": { "type": "Polygon", "coordinates": [ [ [ -72.94125655516784, 47.035023812878649 ], [ -72.947733785592519, 47.037737938439093 ], [ -72.947534599626621, 47.042930002832428 ], [ -72.940856908720846, 47.045407899030636 ], [ -72.934379124495294, 47.04269337861939 ], [ -72.934579584956978, 47.037501356928743 ], [ -72.94125655516784, 47.035023812878649 ] ] ] } },
{ "type": "Feature", "properties": { "hex_id": 629563, "centroid_lon": -72.939573012448079, "centroid_lat": 46.907699065473778, "occurrences_today": 17, "datetimes_today": "2026-06-23 00:01:15, 2026-06-23 00:16:30, 2026-06-23 00:31:23, 2026-06-23 00:46:43, 2026-06-23 01:01:29, 2026-06-23 01:16:23, 2026-06-23 01:31:42, 2026-06-23 01:46:17, 2026-06-23 02:01:15, 2026-06-23 02:16:25, 2026-06-23 02:31:45, 2026-06-23 02:46:16, 2026-06-23 03:01:30, 2026-06-23 03:16:31, 2026-06-23 03:31:38, 2026-06-23 03:46:19, 2026-06-23 04:01:22", "cumulative_total": 57.0 }, "geometry": { "type": "Polygon", "coordinates": [ [ [ -72.93977202845231, 46.902506903868833 ], [ -72.946233416840883, 46.90522092090886 ], [ -72.946035005926717, 46.910413101105149 ], [ -72.939373941129489, 46.912891221699617 ], [ -72.932912002974845, 46.910176811582033 ], [ -72.933111679364231, 46.904984674015196 ], [ -72.93977202845231, 46.902506903868833 ] ] ] } },
{ "type": "Feature", "properties": { "hex_id": 629564, "centroid_lon": -72.938975632472136, "centroid_lat": 46.92327551801332, "occurrences_today": 17, "datetimes_today": "2026-06-23 00:01:15, 2026-06-23 00:16:30, 2026-06-23 00:31:23, 2026-06-23 00:46:43, 2026-06-23 01:01:29, 2026-06-23 01:16:23, 2026-06-23 01:31:42, 2026-06-23 01:46:17, 2026-06-23 02:01:15, 2026-06-23 02:16:25, 2026-06-23 02:31:45, 2026-06-23 02:46:16, 2026-06-23 03:01:30, 2026-06-23 03:16:31, 2026-06-23 03:31:38, 2026-06-23 03:46:19, 2026-06-23 04:01:22", "cumulative_total": 57.0 }, "geometry": { "type": "Polygon", "coordinates": [ [ [ -72.939174814477269, 46.918083372546207 ], [ -72.945638018633858, 46.920797445372223 ], [ -72.945439442216752, 46.925989609442667 ], [ -72.938776395094848, 46.928467658100814 ], [ -72.93231264073205, 46.925753191982189 ], [ -72.932512483678067, 46.920561070565711 ], [ -72.939174814477269, 46.918083372546207 ] ] ] } },
{ "type": "Feature", "properties": { "hex_id": 629565, "centroid_lon": -72.938377754146572, "centroid_lat": 46.938851922136209, "occurrences_today": 17, "datetimes_today": "2026-06-23 00:01:15, 2026-06-23 00:16:30, 2026-06-23 00:31:23, 2026-06-23 00:46:43, 2026-06-23 01:01:29, 2026-06-23 01:16:23, 2026-06-23 01:31:42, 2026-06-23 01:46:17, 2026-06-23 02:01:15, 2026-06-23 02:16:25, 2026-06-23 02:31:45, 2026-06-23 02:46:16, 2026-06-23 03:01:30, 2026-06-23 03:16:31, 2026-06-23 03:31:38, 2026-06-23 03:46:19, 2026-06-23 04:01:22", "cumulative_total": 57.0 }, "geometry": { "type": "Polygon", "coordinates": [ [ [ -72.938577102326093, 46.933659792808491 ], [ -72.945042123745068, 46.936373921456443 ], [ -72.944843381652021, 46.941566069399457 ], [ -72.938178350537001, 46.944044046083739 ], [ -72.93171277847128, 46.941329523927998 ], [ -72.931912788148011, 46.936137418663492 ], [ -72.938577102326093, 46.933659792808491 ] ] ] } },
{ "type": "Feature", "properties": { "hex_id": 629566, "centroid_lon": -72.93777937695036, "centroid_lat": 46.954428277837607, "occurrences_today": 17, "datetimes_today": "2026-06-23 00:01:15, 2026-06-23 00:16:30, 2026-06-23 00:31:23, 2026-06-23 00:46:43, 2026-06-23 01:01:29, 2026-06-23 01:16:23, 2026-06-23 01:31:42, 2026-06-23 01:46:17, 2026-06-23 02:01:15, 2026-06-23 02:16:25, 2026-06-23 02:31:45, 2026-06-23 02:46:16, 2026-06-23 03:01:30, 2026-06-23 03:16:31, 2026-06-23 03:31:38, 2026-06-23 03:46:19, 2026-06-23 04:01:22", "cumulative_total": 74.0 }, "geometry": { "type": "Polygon", "coordinates": [ [ [ -72.937978891478039, 46.949236164650927 ], [ -72.944445731655264, 46.951950349156803 ], [ -72.944246823713016, 46.957142480970788 ], [ -72.93757980693465, 46.959620385643603 ], [ -72.931112415669702, 46.956905807414628 ], [ -72.931312592251516, 46.951713718303736 ], [ -72.937978891478039, 46.949236164650927 ] ] ] } },
{ "type": "Feature", "properties": { "hex_id": 629567, "centroid_lon": -72.937180500361691, "centroid_lat": 46.97000458511274, "occurrences_today": 17, "datetimes_today": "2026-06-23 00:01:15, 2026-06-23 00:16:30, 2026-06-23 00:31:23, 2026-06-23 00:46:43, 2026-06-23 01:01:29, 2026-06-23 01:16:23, 2026-06-23 01:31:42, 2026-06-23 01:46:17, 2026-06-23 02:01:15, 2026-06-23 02:16:25, 2026-06-23 02:31:45, 2026-06-23 02:46:16, 2026-06-23 03:01:30, 2026-06-23 03:16:31, 2026-06-23 03:31:38, 2026-06-23 03:46:19, 2026-06-23 04:01:22", "cumulative_total": 74.0 }, "geometry": { "type": "Polygon", "coordinates": [ [ [ -72.937380181411541, 46.964812488068709 ], [ -72.943848841844414, 46.967526728468506 ], [ -72.943649767879478, 46.972718844151863 ], [ -72.936980763765746, 46.975196676775575 ], [ -72.930511551803761, 46.972482042437221 ], [ -72.930711895465237, 46.967289969481556 ], [ -72.937380181411541, 46.964812488068709 ] ] ] } },
{ "type": "Feature", "properties": { "hex_id": 629568, "centroid_lon": -72.936581123858019, "centroid_lat": 46.985580843956811, "occurrences_today": 17, "datetimes_today": "2026-06-23 00:01:15, 2026-06-23 00:16:30, 2026-06-23 00:31:23, 2026-06-23 00:46:43, 2026-06-23 01:01:29, 2026-06-23 01:16:23, 2026-06-23 01:31:42, 2026-06-23 01:46:17, 2026-06-23 02:01:15, 2026-06-23 02:16:25, 2026-06-23 02:31:45, 2026-06-23 02:46:16, 2026-06-23 03:01:30, 2026-06-23 03:16:31, 2026-06-23 03:31:38, 2026-06-23 03:46:19, 2026-06-23 04:01:22", "cumulative_total": 74.0 }, "geometry": { "type": "Polygon", "coordinates": [ [ [ -72.936780971604307, 46.980388763056979 ], [ -72.943251453791774, 46.983103059386778 ], [ -72.943052213630352, 46.988295158937959 ], [ -72.936381220507485, 46.990772919474885 ], [ -72.929910186349119, 46.988058228990965 ], [ -72.930110697265135, 46.982866172192111 ], [ -72.936780971604307, 46.980388763056979 ] ] ] } },
{ "type": "Feature", "properties": { "hex_id": 629569, "centroid_lon": -72.935981246916029, "centroid_lat": 47.001157054365002, "occurrences_today": 17, "datetimes_today": "2026-06-23 00:01:15, 2026-06-23 00:16:30, 2026-06-23 00:31:23, 2026-06-23 00:46:43, 2026-06-23 01:01:29, 2026-06-23 01:16:23, 2026-06-23 01:31:42, 2026-06-23 01:46:17, 2026-06-23 02:01:15, 2026-06-23 02:16:25, 2026-06-23 02:31:45, 2026-06-23 02:46:16, 2026-06-23 03:01:30, 2026-06-23 03:16:31, 2026-06-23 03:31:38, 2026-06-23 03:46:19, 2026-06-23 04:01:22", "cumulative_total": 133.0 }, "geometry": { "type": "Polygon", "coordinates": [ [ [ -72.936181261533292, 46.995964989611004 ], [ -72.942653566975764, 46.998679341906893 ], [ -72.942454160443873, 47.003871425324284 ], [ -72.935781176636297, 47.006349113736697 ], [ -72.929308318780656, 47.003634367070987 ], [ -72.929508997126348, 46.998442326430578 ], [ -72.936181261533292, 46.995964989611004 ] ] ] } },
{ "type": "Feature", "properties": { "hex_id": 629570, "centroid_lon": -72.935380869011638, "centroid_lat": 47.016733216332518, "occurrences_today": 17, "datetimes_today": "2026-06-23 00:01:15, 2026-06-23 00:16:30, 2026-06-23 00:31:23, 2026-06-23 00:46:43, 2026-06-23 01:01:29, 2026-06-23 01:16:23, 2026-06-23 01:31:42, 2026-06-23 01:46:17, 2026-06-23 02:01:15, 2026-06-23 02:16:25, 2026-06-23 02:31:45, 2026-06-23 02:46:16, 2026-06-23 03:01:30, 2026-06-23 03:16:31, 2026-06-23 03:31:38, 2026-06-23 03:46:19, 2026-06-23 04:01:22", "cumulative_total": 163.0 }, "geometry": { "type": "Polygon", "coordinates": [ [ [ -72.935581050674642, 47.01154116772593 ], [ -72.942055180874107, 47.01425557602407 ], [ -72.941855607797478, 47.019447643306094 ], [ -72.93518063162783, 47.021925259556255 ], [ -72.928705948572514, 47.01921045667244 ], [ -72.928906794523243, 47.014018432192103 ], [ -72.935581050674642, 47.01154116772593 ] ] ] } },
{ "type": "Feature", "properties": { "hex_id": 629571, "centroid_lon": -72.934779989619969, "centroid_lat": 47.032309329854556, "occurrences_today": 17, "datetimes_today": "2026-06-23 00:01:15, 2026-06-23 00:16:30, 2026-06-23 00:31:23, 2026-06-23 00:46:43, 2026-06-23 01:01:29, 2026-06-23 01:16:23, 2026-06-23 01:31:42, 2026-06-23 01:46:17, 2026-06-23 02:01:15, 2026-06-23 02:16:25, 2026-06-23 02:31:45, 2026-06-23 02:46:16, 2026-06-23 03:01:30, 2026-06-23 03:16:31, 2026-06-23 03:31:38, 2026-06-23 03:46:19, 2026-06-23 04:01:22", "cumulative_total": 133.0 }, "geometry": { "type": "Polygon", "coordinates": [ [ [ -72.934980338503763, 47.027117297396998 ], [ -72.941456294963743, 47.029831761733575 ], [ -72.94125655516784, 47.035023812878649 ], [ -72.934579584956978, 47.037501356928743 ], [ -72.928103075198052, 47.034786497790527 ], [ -72.928304088929451, 47.029594489471847 ], [ -72.934980338503763, 47.027117297396998 ] ] ] } },
{ "type": "Feature", "properties": { "hex_id": 629572, "centroid_lon": -72.934178608215419, "centroid_lat": 47.047885394926318, "occurrences_today": 17, "datetimes_today": "2026-06-23 00:01:15, 2026-06-23 00:16:30, 2026-06-23 00:31:23, 2026-06-23 00:46:43, 2026-06-23 01:01:29, 2026-06-23 01:16:23, 2026-06-23 01:31:42, 2026-06-23 01:46:17, 2026-06-23 02:01:15, 2026-06-23 02:16:25, 2026-06-23 02:31:45, 2026-06-23 02:46:16, 2026-06-23 03:01:30, 2026-06-23 03:16:31, 2026-06-23 03:31:38, 2026-06-23 03:46:19, 2026-06-23 04:01:22", "cumulative_total": 133.0 }, "geometry": { "type": "Polygon", "coordinates": [ [ [ -72.934379124495294, 47.04269337861939 ], [ -72.940856908720846, 47.045407899030636 ], [ -72.940657002030875, 47.050599934037201 ], [ -72.933978036097869, 47.053077405849365 ], [ -72.927499698129864, 47.05036249042039 ], [ -72.92770087981782, 47.045170498264987 ], [ -72.934379124495294, 47.04269337861939 ] ] ] } },
{ "type": "Feature", "properties": { "hex_id": 630173, "centroid_lon": -72.933311300273417, "centroid_lat": 46.899792531065252, "occurrences_today": 17, "datetimes_today": "2026-06-23 00:01:15, 2026-06-23 00:16:30, 2026-06-23 00:31:23, 2026-06-23 00:46:43, 2026-06-23 01:01:29, 2026-06-23 01:16:23, 2026-06-23 01:31:42, 2026-06-23 01:46:17, 2026-06-23 02:01:15, 2026-06-23 02:16:25, 2026-06-23 02:31:45, 2026-06-23 02:46:16, 2026-06-23 03:01:30, 2026-06-23 03:16:31, 2026-06-23 03:31:38, 2026-06-23 03:46:19, 2026-06-23 04:01:22", "cumulative_total": 57.0 }, "geometry": { "type": "Polygon", "coordinates": [ [ [ -72.933510865721672, 46.894600382732428 ], [ -72.939970989161424, 46.897314736884987 ], [ -72.93977202845231, 46.902506903868833 ], [ -72.933111679364231, 46.904984674015196 ], [ -72.926651006655916, 46.902269926834009 ], [ -72.926851232284932, 46.89707780260273 ], [ -72.933510865721672, 46.894600382732428 ] ] ] } },
{ "type": "Feature", "properties": { "hex_id": 630174, "centroid_lon": -72.93271227108589, "centroid_lat": 46.915368943765593, "occurrences_today": 17, "datetimes_today": "2026-06-23 00:01:15, 2026-06-23 00:16:30, 2026-06-23 00:31:23, 2026-06-23 00:46:43, 2026-06-23 01:01:29, 2026-06-23 01:16:23, 2026-06-23 01:31:42, 2026-06-23 01:46:17, 2026-06-23 02:01:15, 2026-06-23 02:16:25, 2026-06-23 02:31:45, 2026-06-23 02:46:16, 2026-06-23 03:01:30, 2026-06-23 03:16:31, 2026-06-23 03:31:38, 2026-06-23 03:46:19, 2026-06-23 04:01:22", "cumulative_total": 74.0 }, "geometry": { "type": "Polygon", "coordinates": [ [ [ -72.932912002974845, 46.910176811582033 ], [ -72.939373941129489, 46.912891221699617 ], [ -72.939174814477269, 46.918083372546207 ], [ -72.932512483678067, 46.920561070565711 ], [ -72.926049995815234, 46.917846267204482 ], [ -72.926250388440437, 46.912654159135073 ], [ -72.932912002974845, 46.910176811582033 ] ] ] } },
{ "type": "Feature", "properties": { "hex_id": 630175, "centroid_lon": -72.932112742228483, "centroid_lat": 46.930945308014842, "occurrences_today": 17, "datetimes_today": "2026-06-23 00:01:15, 2026-06-23 00:16:30, 2026-06-23 00:31:23, 2026-06-23 00:46:43, 2026-06-23 01:01:29, 2026-06-23 01:16:23, 2026-06-23 01:31:42, 2026-06-23 01:46:17, 2026-06-23 02:01:15, 2026-06-23 02:16:25, 2026-06-23 02:31:45, 2026-06-23 02:46:16, 2026-06-23 03:01:30, 2026-06-23 03:16:31, 2026-06-23 03:31:38, 2026-06-23 03:46:19, 2026-06-23 04:01:22", "cumulative_total": 74.0 }, "geometry": { "type": "Polygon", "coordinates": [ [ [ -72.93231264073205, 46.925753191982189 ], [ -72.938776395094848, 46.928467658100814 ], [ -72.938577102326093, 46.933659792808491 ], [ -72.931912788148011, 46.936137418663492 ], [ -72.925448483636984, 46.933422559086083 ], [ -72.925649043432912, 46.928230467180185 ], [ -72.93231264073205, 46.925753191982189 ] ] ] } },
{ "type": "Feature", "properties": { "hex_id": 630176, "centroid_lon": -72.931512713178904, "centroid_lat": 46.946521623808131, "occurrences_today": 17, "datetimes_today": "2026-06-23 00:01:15, 2026-06-23 00:16:30, 2026-06-23 00:31:23, 2026-06-23 00:46:43, 2026-06-23 01:01:29, 2026-06-23 01:16:23, 2026-06-23 01:31:42, 2026-06-23 01:46:17, 2026-06-23 02:01:15, 2026-06-23 02:16:25, 2026-06-23 02:31:45, 2026-06-23 02:46:16, 2026-06-23 03:01:30, 2026-06-23 03:16:31, 2026-06-23 03:31:38, 2026-06-23 03:46:19, 2026-06-23 04:01:22", "cumulative_total": 74.0 }, "geometry": { "type": "Polygon", "coordinates": [ [ [ -72.93171277847128, 46.941329523927998 ], [ -72.938178350537001, 46.944044046083739 ], [ -72.937978891478039, 46.949236164650927 ], [ -72.931312592251516, 46.951713718303736 ], [ -72.924846469597085, 46.94899880247393 ], [ -72.925047196738518, 46.94380672673315 ], [ -72.93171277847128, 46.941329523927998 ] ] ] } },
{ "type": "Feature", "properties": { "hex_id": 630177, "centroid_lon": -72.930912183414094, "centroid_lat": 46.962097891140623, "occurrences_today": 17, "datetimes_today": "2026-06-23 00:01:15, 2026-06-23 00:16:30, 2026-06-23 00:31:23, 2026-06-23 00:46:43, 2026-06-23 01:01:29, 2026-06-23 01:16:23, 2026-06-23 01:31:42, 2026-06-23 01:46:17, 2026-06-23 02:01:15, 2026-06-23 02:16:25, 2026-06-23 02:31:45, 2026-06-23 02:46:16, 2026-06-23 03:01:30, 2026-06-23 03:16:31, 2026-06-23 03:31:38, 2026-06-23 03:46:19, 2026-06-23 04:01:22", "cumulative_total": 74.0 }, "geometry": { "type": "Polygon", "coordinates": [ [ [ -72.931112415669702, 46.956905807414628 ], [ -72.93757980693465, 46.959620385643603 ], [ -72.937380181411541, 46.964812488068709 ], [ -72.930711895465237, 46.967289969481556 ], [ -72.924243953170716, 46.96457499736313 ], [ -72.92444484783266, 46.959382937789094 ], [ -72.931112415669702, 46.956905807414628 ] ] ] } },
{ "type": "Feature", "properties": { "hex_id": 630178, "centroid_lon": -72.930311152410212, "centroid_lat": 46.977674110007484, "occurrences_today": 17, "datetimes_today": "2026-06-23 00:01:15, 2026-06-23 00:16:30, 2026-06-23 00:31:23, 2026-06-23 00:46:43, 2026-06-23 01:01:29, 2026-06-23 01:16:23, 2026-06-23 01:31:42, 2026-06-23 01:46:17, 2026-06-23 02:01:15, 2026-06-23 02:16:25, 2026-06-23 02:31:45, 2026-06-23 02:46:16, 2026-06-23 03:01:30, 2026-06-23 03:16:31, 2026-06-23 03:31:38, 2026-06-23 03:46:19, 2026-06-23 04:01:22", "cumulative_total": 74.0 }, "geometry": { "type": "Polygon", "coordinates": [ [ [ -72.930511551803761, 46.972482042437221 ], [ -72.936980763765746, 46.975196676775575 ], [ -72.936780971604307, 46.980388763056979 ], [ -72.930110697265135, 46.982866172192111 ], [ -72.923640933832246, 46.980151143748763 ], [ -72.923841996190006, 46.974959100343142 ], [ -72.930511551803761, 46.972482042437221 ] ] ] } },
{ "type": "Feature", "properties": { "hex_id": 630179, "centroid_lon": -72.929709619642679, "centroid_lat": 46.993250280403842, "occurrences_today": 17, "datetimes_today": "2026-06-23 00:01:15, 2026-06-23 00:16:30, 2026-06-23 00:31:23, 2026-06-23 00:46:43, 2026-06-23 01:01:29, 2026-06-23 01:16:23, 2026-06-23 01:31:42, 2026-06-23 01:46:17, 2026-06-23 02:01:15, 2026-06-23 02:16:25, 2026-06-23 02:31:45, 2026-06-23 02:46:16, 2026-06-23 03:01:30, 2026-06-23 03:16:31, 2026-06-23 03:31:38, 2026-06-23 03:46:19, 2026-06-23 04:01:22", "cumulative_total": 133.0 }, "geometry": { "type": "Polygon", "coordinates": [ [ [ -72.929910186349119, 46.988058228990965 ], [ -72.936381220507485, 46.990772919474885 ], [ -72.936181261533292, 46.995964989611004 ], [ -72.929508997126348, 46.998442326430578 ], [ -72.923037411055333, 46.995727241625993 ], [ -72.923238641284442, 46.990535214390384 ], [ -72.929910186349119, 46.988058228990965 ] ] ] } },
{ "type": "Feature", "properties": { "hex_id": 630180, "centroid_lon": -72.92910758458612, "centroid_lat": 47.008826402324885, "occurrences_today": 17, "datetimes_today": "2026-06-23 00:01:15, 2026-06-23 00:16:30, 2026-06-23 00:31:23, 2026-06-23 00:46:43, 2026-06-23 01:01:29, 2026-06-23 01:16:23, 2026-06-23 01:31:42, 2026-06-23 01:46:17, 2026-06-23 02:01:15, 2026-06-23 02:16:25, 2026-06-23 02:31:45, 2026-06-23 02:46:16, 2026-06-23 03:01:30, 2026-06-23 03:16:31, 2026-06-23 03:31:38, 2026-06-23 03:46:19, 2026-06-23 04:01:22", "cumulative_total": 133.0 }, "geometry": { "type": "Polygon", "coordinates": [ [ [ -72.929308318780656, 47.003634367070987 ], [ -72.935781176636297, 47.006349113736697 ], [ -72.935581050674642, 47.01154116772593 ], [ -72.928906794523243, 47.014018432192103 ], [ -72.922433384312811, 47.011303290989908 ], [ -72.922634782589071, 47.006111279925932 ], [ -72.929308318780656, 47.003634367070987 ] ] ] } },
{ "type": "Feature", "properties": { "hex_id": 630181, "centroid_lon": -72.928505046714434, "centroid_lat": 47.024402475765747, "occurrences_today": 17, "datetimes_today": "2026-06-23 00:01:15, 2026-06-23 00:16:30, 2026-06-23 00:31:23, 2026-06-23 00:46:43, 2026-06-23 01:01:29, 2026-06-23 01:16:23, 2026-06-23 01:31:42, 2026-06-23 01:46:17, 2026-06-23 02:01:15, 2026-06-23 02:16:25, 2026-06-23 02:31:45, 2026-06-23 02:46:16, 2026-06-23 03:01:30, 2026-06-23 03:16:31, 2026-06-23 03:31:38, 2026-06-23 03:46:19, 2026-06-23 04:01:22", "cumulative_total": 133.0 }, "geometry": { "type": "Polygon", "coordinates": [ [ [ -72.928705948572514, 47.01921045667244 ], [ -72.93518063162783, 47.021925259556255 ], [ -72.934980338503763, 47.027117297396998 ], [ -72.928304088929451, 47.029594489471847 ], [ -72.921828853076775, 47.026879291835641 ], [ -72.922030419576231, 47.02168729694494 ], [ -72.928705948572514, 47.01921045667244 ] ] ] } },
{ "type": "Feature", "properties": { "hex_id": 630182, "centroid_lon": -72.927902005500698, "centroid_lat": 47.039978500721631, "occurrences_today": 17, "datetimes_today": "2026-06-23 00:01:15, 2026-06-23 00:16:30, 2026-06-23 00:31:23, 2026-06-23 00:46:43, 2026-06-23 01:01:29, 2026-06-23 01:16:23, 2026-06-23 01:31:42, 2026-06-23 01:46:17, 2026-06-23 02:01:15, 2026-06-23 02:16:25, 2026-06-23 02:31:45, 2026-06-23 02:46:16, 2026-06-23 03:01:30, 2026-06-23 03:16:31, 2026-06-23 03:31:38, 2026-06-23 03:46:19, 2026-06-23 04:01:22", "cumulative_total": 133.0 }, "geometry": { "type": "Polygon", "coordinates": [ [ [ -72.928103075198052, 47.034786497790527 ], [ -72.934579584956978, 47.037501356928743 ], [ -72.934379124495294, 47.04269337861939 ], [ -72.92770087981782, 47.045170498264987 ], [ -72.921223816818511, 47.042455244158305 ], [ -72.921425551717505, 47.037263265442512 ], [ -72.928103075198052, 47.034786497790527 ] ] ] } },
{ "type": "Feature", "properties": { "hex_id": 630183, "centroid_lon": -72.927298460417248, "centroid_lat": 47.05555447718767, "occurrences_today": 17, "datetimes_today": "2026-06-23 00:01:15, 2026-06-23 00:16:30, 2026-06-23 00:31:23, 2026-06-23 00:46:43, 2026-06-23 01:01:29, 2026-06-23 01:16:23, 2026-06-23 01:31:42, 2026-06-23 01:46:17, 2026-06-23 02:01:15, 2026-06-23 02:16:25, 2026-06-23 02:31:45, 2026-06-23 02:46:16, 2026-06-23 03:01:30, 2026-06-23 03:16:31, 2026-06-23 03:31:38, 2026-06-23 03:46:19, 2026-06-23 04:01:22", "cumulative_total": 133.0 }, "geometry": { "type": "Polygon", "coordinates": [ [ [ -72.927499698129864, 47.05036249042039 ], [ -72.933978036097869, 47.053077405849365 ], [ -72.933777408123092, 47.058269411388345 ], [ -72.927097166660403, 47.060746458566683 ], [ -72.920618275008579, 47.058031147953045 ], [ -72.92082017848368, 47.052839185413752 ], [ -72.927499698129864, 47.05036249042039 ] ] ] } },
{ "type": "Feature", "properties": { "hex_id": 630783, "centroid_lon": -72.927051402287276, "centroid_lat": 46.891885672984515, "occurrences_today": 17, "datetimes_today": "2026-06-23 00:01:15, 2026-06-23 00:16:30, 2026-06-23 00:31:23, 2026-06-23 00:46:43, 2026-06-23 01:01:29, 2026-06-23 01:16:23, 2026-06-23 01:31:42, 2026-06-23 01:46:17, 2026-06-23 02:01:15, 2026-06-23 02:16:25, 2026-06-23 02:31:45, 2026-06-23 02:46:16, 2026-06-23 03:01:30, 2026-06-23 03:16:31, 2026-06-23 03:31:38, 2026-06-23 03:46:19, 2026-06-23 04:01:22", "cumulative_total": 57.0 }, "geometry": { "type": "Polygon", "coordinates": [ [ [ -72.927251516682333, 46.886693537979575 ], [ -72.933710375728296, 46.88940822901683 ], [ -72.933510865721672, 46.894600382732428 ], [ -72.926851232284932, 46.89707780260273 ], [ -72.920391824467529, 46.894362718585811 ], [ -72.920592598838951, 46.889170607745847 ], [ -72.927251516682333, 46.886693537979575 ] ] ] } },
{ "type": "Feature", "properties": { "hex_id": 630784, "centroid_lon": -72.926450725380874, "centroid_lat": 46.907462045678187, "occurrences_today": 17, "datetimes_today": "2026-06-23 00:01:15, 2026-06-23 00:16:30, 2026-06-23 00:31:23, 2026-06-23 00:46:43, 2026-06-23 01:01:29, 2026-06-23 01:16:23, 2026-06-23 01:31:42, 2026-06-23 01:46:17, 2026-06-23 02:01:15, 2026-06-23 02:16:25, 2026-06-23 02:31:45, 2026-06-23 02:46:16, 2026-06-23 03:01:30, 2026-06-23 03:16:31, 2026-06-23 03:31:38, 2026-06-23 03:46:19, 2026-06-23 04:01:22", "cumulative_total": 57.0 }, "geometry": { "type": "Polygon", "coordinates": [ [ [ -72.926651006655916, 46.902269926834009 ], [ -72.933111679364231, 46.904984674015196 ], [ -72.932912002974845, 46.910176811582033 ], [ -72.926250388440437, 46.912654159135073 ], [ -72.919789166521582, 46.909939018759246 ], [ -72.919990108328264, 46.904746924092677 ], [ -72.926651006655916, 46.902269926834009 ] ] ] } },
{ "type": "Feature", "properties": { "hex_id": 630785, "centroid_lon": -72.925849547485853, "centroid_lat": 46.923038369886257, "occurrences_today": 17, "datetimes_today": "2026-06-23 00:01:15, 2026-06-23 00:16:30, 2026-06-23 00:31:23, 2026-06-23 00:46:43, 2026-06-23 01:01:29, 2026-06-23 01:16:23, 2026-06-23 01:31:42, 2026-06-23 01:46:17, 2026-06-23 02:01:15, 2026-06-23 02:16:25, 2026-06-23 02:31:45, 2026-06-23 02:46:16, 2026-06-23 03:01:30, 2026-06-23 03:16:31, 2026-06-23 03:31:38, 2026-06-23 03:46:19, 2026-06-23 04:01:22", "cumulative_total": 74.0 }, "geometry": { "type": "Polygon", "coordinates": [ [ [ -72.926049995815234, 46.917846267204482 ], [ -72.932512483678067, 46.920561070565711 ], [ -72.93231264073205, 46.925753191982189 ], [ -72.925649043432912, 46.928230467180185 ], [ -72.919186005919983, 46.9255152704092 ], [ -72.919387115336889, 46.920323191917689 ], [ -72.926049995815234, 46.917846267204482 ] ] ] } },
{ "type": "Feature", "properties": { "hex_id": 630786, "centroid_lon": -72.925247868078671, "centroid_lat": 46.938614645603806, "occurrences_today": 17, "datetimes_today": "2026-06-23 00:01:15, 2026-06-23 00:16:30, 2026-06-23 00:31:23, 2026-06-23 00:46:43, 2026-06-23 01:01:29, 2026-06-23 01:16:23, 2026-06-23 01:31:42, 2026-06-23 01:46:17, 2026-06-23 02:01:15, 2026-06-23 02:16:25, 2026-06-23 02:31:45, 2026-06-23 02:46:16, 2026-06-23 03:01:30, 2026-06-23 03:16:31, 2026-06-23 03:31:38, 2026-06-23 03:46:19, 2026-06-23 04:01:22", "cumulative_total": 74.0 }, "geometry": { "type": "Polygon", "coordinates": [ [ [ -72.925448483636984, 46.933422559086083 ], [ -72.931912788148011, 46.936137418663492 ], [ -72.93171277847128, 46.941329523927998 ], [ -72.925047196738518, 46.94380672673315 ], [ -72.918582342137441, 46.941091473530747 ], [ -72.918783619339749, 46.935899411215907 ], [ -72.925448483636984, 46.933422559086083 ] ] ] } },
{ "type": "Feature", "properties": { "hex_id": 630787, "centroid_lon": -72.92464568663496, "centroid_lat": 46.954190872825968, "occurrences_today": 17, "datetimes_today": "2026-06-23 00:01:15, 2026-06-23 00:16:30, 2026-06-23 00:31:23, 2026-06-23 00:46:43, 2026-06-23 01:01:29, 2026-06-23 01:16:23, 2026-06-23 01:31:42, 2026-06-23 01:46:17, 2026-06-23 02:01:15, 2026-06-23 02:16:25, 2026-06-23 02:31:45, 2026-06-23 02:46:16, 2026-06-23 03:01:30, 2026-06-23 03:16:31, 2026-06-23 03:31:38, 2026-06-23 03:46:19, 2026-06-23 04:01:22", "cumulative_total": 74.0 }, "geometry": { "type": "Polygon", "coordinates": [ [ [ -72.924846469597085, 46.94899880247393 ], [ -72.931312592251516, 46.951713718303736 ], [ -72.931112415669702, 46.956905807414628 ], [ -72.92444484783266, 46.959382937789094 ], [ -72.917978174647814, 46.956667628118943 ], [ -72.918179619810985, 46.951475581982436 ], [ -72.924846469597085, 46.94899880247393 ] ] ] } },
{ "type": "Feature", "properties": { "hex_id": 630788, "centroid_lon": -72.924043002629659, "centroid_lat": 46.969767051547862, "occurrences_today": 17, "datetimes_today": "2026-06-23 00:01:15, 2026-06-23 00:16:30, 2026-06-23 00:31:23, 2026-06-23 00:46:43, 2026-06-23 01:01:29, 2026-06-23 01:16:23, 2026-06-23 01:31:42, 2026-06-23 01:46:17, 2026-06-23 02:01:15, 2026-06-23 02:16:25, 2026-06-23 02:31:45, 2026-06-23 02:46:16, 2026-06-23 03:01:30, 2026-06-23 03:16:31, 2026-06-23 03:31:38, 2026-06-23 03:46:19, 2026-06-23 04:01:22", "cumulative_total": 133.0 }, "geometry": { "type": "Polygon", "coordinates": [ [ [ -72.924243953170716, 46.96457499736313 ], [ -72.930711895465237, 46.967289969481556 ], [ -72.930511551803761, 46.972482042437221 ], [ -72.923841996190006, 46.974959100343142 ], [ -72.917373502924249, 46.972243734168828 ], [ -72.917575116223986, 46.967051704212317 ], [ -72.924243953170716, 46.96457499736313 ] ] ] } },
{ "type": "Feature", "properties": { "hex_id": 630789, "centroid_lon": -72.923439815536909, "centroid_lat": 46.985343181764577, "occurrences_today": 17, "datetimes_today": "2026-06-23 00:01:15, 2026-06-23 00:16:30, 2026-06-23 00:31:23, 2026-06-23 00:46:43, 2026-06-23 01:01:29, 2026-06-23 01:16:23, 2026-06-23 01:31:42, 2026-06-23 01:46:17, 2026-06-23 02:01:15, 2026-06-23 02:16:25, 2026-06-23 02:31:45, 2026-06-23 02:46:16, 2026-06-23 03:01:30, 2026-06-23 03:16:31, 2026-06-23 03:31:38, 2026-06-23 03:46:19, 2026-06-23 04:01:22", "cumulative_total": 133.0 }, "geometry": { "type": "Polygon", "coordinates": [ [ [ -72.923640933832246, 46.980151143748763 ], [ -72.930110697265135, 46.982866172192111 ], [ -72.929910186349119, 46.988058228990965 ], [ -72.923238641284442, 46.990535214390384 ], [ -72.916768326439112, 46.987819791675534 ], [ -72.916970108051373, 46.982627777900618 ], [ -72.923640933832246, 46.980151143748763 ] ] ] } },
{ "type": "Feature", "properties": { "hex_id": 630790, "centroid_lon": -72.92283612483007, "centroid_lat": 47.000919263471246, "occurrences_today": 17, "datetimes_today": "2026-06-23 00:01:15, 2026-06-23 00:16:30, 2026-06-23 00:31:23, 2026-06-23 00:46:43, 2026-06-23 01:01:29, 2026-06-23 01:16:23, 2026-06-23 01:31:42, 2026-06-23 01:46:17, 2026-06-23 02:01:15, 2026-06-23 02:16:25, 2026-06-23 02:31:45, 2026-06-23 02:46:16, 2026-06-23 03:01:30, 2026-06-23 03:16:31, 2026-06-23 03:31:38, 2026-06-23 03:46:19, 2026-06-23 04:01:22", "cumulative_total": 133.0 }, "geometry": { "type": "Polygon", "coordinates": [ [ [ -72.923037411055333, 46.995727241625993 ], [ -72.929508997126348, 46.998442326430578 ], [ -72.929308318780656, 47.003634367070987 ], [ -72.922634782589071, 47.006111279925932 ], [ -72.91616264466397, 47.003395800634095 ], [ -72.916364594764985, 46.998203803042443 ], [ -72.923037411055333, 46.995727241625993 ] ] ] } },
{ "type": "Feature", "properties": { "hex_id": 630791, "centroid_lon": -72.92223192998172, "centroid_lat": 47.016495296662981, "occurrences_today": 17, "datetimes_today": "2026-06-23 00:01:15, 2026-06-23 00:16:30, 2026-06-23 00:31:23, 2026-06-23 00:46:43, 2026-06-23 01:01:29, 2026-06-23 01:16:23, 2026-06-23 01:31:42, 2026-06-23 01:46:17, 2026-06-23 02:01:15, 2026-06-23 02:16:25, 2026-06-23 02:31:45, 2026-06-23 02:46:16, 2026-06-23 03:01:30, 2026-06-23 03:16:31, 2026-06-23 03:31:38, 2026-06-23 03:46:19, 2026-06-23 04:01:22", "cumulative_total": 133.0 }, "geometry": { "type": "Polygon", "coordinates": [ [ [ -72.922433384312811, 47.011303290989908 ], [ -72.928906794523243, 47.014018432192103 ], [ -72.928705948572514, 47.01921045667244 ], [ -72.922030419576231, 47.02168729694494 ], [ -72.915556457069627, 47.018971761039573 ], [ -72.915758575835909, 47.013779779632841 ], [ -72.922433384312811, 47.011303290989908 ] ] ] } },
{ "type": "Feature", "properties": { "hex_id": 630792, "centroid_lon": -72.921627230463713, "centroid_lat": 47.032071281334886, "occurrences_today": 17, "datetimes_today": "2026-06-23 00:01:15, 2026-06-23 00:16:30, 2026-06-23 00:31:23, 2026-06-23 00:46:43, 2026-06-23 01:01:29, 2026-06-23 01:16:23, 2026-06-23 01:31:42, 2026-06-23 01:46:17, 2026-06-23 02:01:15, 2026-06-23 02:16:25, 2026-06-23 02:31:45, 2026-06-23 02:46:16, 2026-06-23 03:01:30, 2026-06-23 03:16:31, 2026-06-23 03:31:38, 2026-06-23 03:46:19, 2026-06-23 04:01:22", "cumulative_total": 133.0 }, "geometry": { "type": "Polygon", "coordinates": [ [ [ -72.921828853076775, 47.026879291835641 ], [ -72.928304088929451, 47.029594489471847 ], [ -72.928103075198052, 47.034786497790527 ], [ -72.921425551717505, 47.037263265442512 ], [ -72.91494976312616, 47.034547672887101 ], [ -72.915152050734406, 47.029355707666895 ], [ -72.921828853076775, 47.026879291835641 ] ] ] } },
{ "type": "Feature", "properties": { "hex_id": 630793, "centroid_lon": -72.921022025747106, "centroid_lat": 47.047647217482108, "occurrences_today": 17, "datetimes_today": "2026-06-23 00:01:15, 2026-06-23 00:16:30, 2026-06-23 00:31:23, 2026-06-23 00:46:43, 2026-06-23 01:01:29, 2026-06-23 01:16:23, 2026-06-23 01:31:42, 2026-06-23 01:46:17, 2026-06-23 02:01:15, 2026-06-23 02:16:25, 2026-06-23 02:31:45, 2026-06-23 02:46:16, 2026-06-23 03:01:30, 2026-06-23 03:16:31, 2026-06-23 03:31:38, 2026-06-23 03:46:19, 2026-06-23 04:01:22", "cumulative_total": 133.0 }, "geometry": { "type": "Polygon", "coordinates": [ [ [ -72.921223816818511, 47.042455244158305 ], [ -72.92770087981782, 47.045170498264987 ], [ -72.927499698129864, 47.05036249042039 ], [ -72.92082017848368, 47.052839185413752 ], [ -72.914342562302778, 47.050123536171732 ], [ -72.914545018930013, 47.0449315871397 ], [ -72.921223816818511, 47.042455244158305 ] ] ] } },
{ "type": "Feature", "properties": { "hex_id": 630794, "centroid_lon": -72.920416315302148, "centroid_lat": 47.063223105099802, "occurrences_today": 17, "datetimes_today": "2026-06-23 00:01:15, 2026-06-23 00:16:30, 2026-06-23 00:31:23, 2026-06-23 00:46:43, 2026-06-23 01:01:29, 2026-06-23 01:16:23, 2026-06-23 01:31:42, 2026-06-23 01:46:17, 2026-06-23 02:01:15, 2026-06-23 02:16:25, 2026-06-23 02:31:45, 2026-06-23 02:46:16, 2026-06-23 03:01:30, 2026-06-23 03:16:31, 2026-06-23 03:31:38, 2026-06-23 03:46:19, 2026-06-23 04:01:22", "cumulative_total": 133.0 }, "geometry": { "type": "Polygon", "coordinates": [ [ [ -72.920618275008579, 47.058031147953045 ], [ -72.927097166660403, 47.060746458566683 ], [ -72.926895816839732, 47.065938434557211 ], [ -72.920214299344764, 47.06841505685383 ], [ -72.913734854067982, 47.065699350888544 ], [ -72.913937479891473, 47.060507418046335 ], [ -72.920618275008579, 47.058031147953045 ] ] ] } },
{ "type": "Feature", "properties": { "hex_id": 631393, "centroid_lon": -72.920793317437443, "centroid_lat": 46.883978491515123, "occurrences_today": 17, "datetimes_today": "2026-06-23 00:01:15, 2026-06-23 00:16:30, 2026-06-23 00:31:23, 2026-06-23 00:46:43, 2026-06-23 01:01:29, 2026-06-23 01:16:23, 2026-06-23 01:31:42, 2026-06-23 01:46:17, 2026-06-23 02:01:15, 2026-06-23 02:16:25, 2026-06-23 02:31:45, 2026-06-23 02:46:16, 2026-06-23 03:01:30, 2026-06-23 03:16:31, 2026-06-23 03:31:38, 2026-06-23 03:46:19, 2026-06-23 04:01:22", "cumulative_total": 57.0 }, "geometry": { "type": "Polygon", "coordinates": [ [ [ -72.920993980282404, 46.878786369893817 ], [ -72.9274515754894, 46.881501397588053 ], [ -72.927251516682333, 46.886693537979575 ], [ -72.920592598838951, 46.889170607745847 ], [ -72.914134455357285, 46.886455187120958 ], [ -72.914335777974273, 46.881263089728044 ], [ -72.920993980282404, 46.878786369893817 ] ] ] } },
{ "type": "Feature", "properties": { "hex_id": 631394, "centroid_lon": -72.92019099430378, "centroid_lat": 46.899554824034801, "occurrences_today": 17, "datetimes_today": "2026-06-23 00:01:15, 2026-06-23 00:16:30, 2026-06-23 00:31:23, 2026-06-23 00:46:43, 2026-06-23 01:01:29, 2026-06-23 01:16:23, 2026-06-23 01:31:42, 2026-06-23 01:46:17, 2026-06-23 02:01:15, 2026-06-23 02:16:25, 2026-06-23 02:31:45, 2026-06-23 02:46:16, 2026-06-23 03:01:30, 2026-06-23 03:16:31, 2026-06-23 03:31:38, 2026-06-23 03:46:19, 2026-06-23 04:01:22", "cumulative_total": 57.0 }, "geometry": { "type": "Polygon", "coordinates": [ [ [ -72.920391824467529, 46.894362718585811 ], [ -72.926851232284932, 46.89707780260273 ], [ -72.926651006655916, 46.902269926834009 ], [ -72.919990108328264, 46.904746924092677 ], [ -72.913530151797588, 46.902031446930131 ], [ -72.913731642288411, 46.896839365722187 ], [ -72.920391824467529, 46.894362718585811 ] ] ] } },
{ "type": "Feature", "properties": { "hex_id": 631395, "centroid_lon": -72.919588168864266, "centroid_lat": 46.915131108034309, "occurrences_today": 17, "datetimes_today": "2026-06-23 00:01:15, 2026-06-23 00:16:30, 2026-06-23 00:31:23, 2026-06-23 00:46:43, 2026-06-23 01:01:29, 2026-06-23 01:16:23, 2026-06-23 01:31:42, 2026-06-23 01:46:17, 2026-06-23 02:01:15, 2026-06-23 02:16:25, 2026-06-23 02:31:45, 2026-06-23 02:46:16, 2026-06-23 03:01:30, 2026-06-23 03:16:31, 2026-06-23 03:31:38, 2026-06-23 03:46:19, 2026-06-23 04:01:22", "cumulative_total": 74.0 }, "geometry": { "type": "Polygon", "coordinates": [ [ [ -72.919789166521582, 46.909939018759246 ], [ -72.926250388440437, 46.912654159135073 ], [ -72.926049995815234, 46.917846267204482 ], [ -72.919387115336889, 46.920323191917689 ], [ -72.912925344265716, 46.917607658181176 ], [ -72.913127002805737, 46.912415593159828 ], [ -72.919789166521582, 46.909939018759246 ] ] ] } },
{ "type": "Feature", "properties": { "hex_id": 631396, "centroid_lon": -72.918984840594092, "centroid_lat": 46.930707343508679, "occurrences_today": 17, "datetimes_today": "2026-06-23 00:01:15, 2026-06-23 00:16:30, 2026-06-23 00:31:23, 2026-06-23 00:46:43, 2026-06-23 01:01:29, 2026-06-23 01:16:23, 2026-06-23 01:31:42, 2026-06-23 01:46:17, 2026-06-23 02:01:15, 2026-06-23 02:16:25, 2026-06-23 02:31:45, 2026-06-23 02:46:16, 2026-06-23 03:01:30, 2026-06-23 03:16:31, 2026-06-23 03:31:38, 2026-06-23 03:46:19, 2026-06-23 04:01:22", "cumulative_total": 74.0 }, "geometry": { "type": "Polygon", "coordinates": [ [ [ -72.919186005919983, 46.9255152704092 ], [ -72.925649043432912, 46.928230467180185 ], [ -72.925448483636984, 46.933422559086083 ], [ -72.918783619339749, 46.935899411215907 ], [ -72.912320032235073, 46.933183820869047 ], [ -72.912521858999909, 46.927991772035973 ], [ -72.919186005919983, 46.9255152704092 ] ] ] } },
{ "type": "Feature", "properties": { "hex_id": 631397, "centroid_lon": -72.918381008967685, "centroid_lat": 46.946283530452973, "occurrences_today": 17, "datetimes_today": "2026-06-23 00:01:15, 2026-06-23 00:16:30, 2026-06-23 00:31:23, 2026-06-23 00:46:43, 2026-06-23 01:01:29, 2026-06-23 01:16:23, 2026-06-23 01:31:42, 2026-06-23 01:46:17, 2026-06-23 02:01:15, 2026-06-23 02:16:25, 2026-06-23 02:31:45, 2026-06-23 02:46:16, 2026-06-23 03:01:30, 2026-06-23 03:16:31, 2026-06-23 03:31:38, 2026-06-23 03:46:19, 2026-06-23 04:01:22", "cumulative_total": 74.0 }, "geometry": { "type": "Polygon", "coordinates": [ [ [ -72.918582342137441, 46.941091473530747 ], [ -72.925047196738518, 46.94380672673315 ], [ -72.924846469597085, 46.94899880247393 ], [ -72.918179619810985, 46.951475581982436 ], [ -72.911714215178279, 46.948759934988793 ], [ -72.911916210343804, 46.943567902345663 ], [ -72.918582342137441, 46.941091473530747 ] ] ] } },
{ "type": "Feature", "properties": { "hex_id": 631398, "centroid_lon": -72.917776673458661, "centroid_lat": 46.961859668862296, "occurrences_today": 17, "datetimes_today": "2026-06-23 00:01:15, 2026-06-23 00:16:30, 2026-06-23 00:31:23, 2026-06-23 00:46:43, 2026-06-23 01:01:29, 2026-06-23 01:16:23, 2026-06-23 01:31:42, 2026-06-23 01:46:17, 2026-06-23 02:01:15, 2026-06-23 02:16:25, 2026-06-23 02:31:45, 2026-06-23 02:46:16, 2026-06-23 03:01:30, 2026-06-23 03:16:31, 2026-06-23 03:31:38, 2026-06-23 03:46:19, 2026-06-23 04:01:22", "cumulative_total": 133.0 }, "geometry": { "type": "Polygon", "coordinates": [ [ [ -72.917978174647814, 46.956667628118943 ], [ -72.92444484783266, 46.959382937789094 ], [ -72.924243953170716, 46.96457499736313 ], [ -72.917575116223986, 46.967051704212317 ], [ -72.911107892567216, 46.964336000535461 ], [ -72.91131005630956, 46.959143984083894 ], [ -72.917978174647814, 46.956667628118943 ] ] ] } },
{ "type": "Feature", "properties": { "hex_id": 631399, "centroid_lon": -72.917171833539896, "centroid_lat": 46.977435758731673, "occurrences_today": 17, "datetimes_today": "2026-06-23 00:01:15, 2026-06-23 00:16:30, 2026-06-23 00:31:23, 2026-06-23 00:46:43, 2026-06-23 01:01:29, 2026-06-23 01:16:23, 2026-06-23 01:31:42, 2026-06-23 01:46:17, 2026-06-23 02:01:15, 2026-06-23 02:16:25, 2026-06-23 02:31:45, 2026-06-23 02:46:16, 2026-06-23 03:01:30, 2026-06-23 03:16:31, 2026-06-23 03:31:38, 2026-06-23 03:46:19, 2026-06-23 04:01:22", "cumulative_total": 133.0 }, "geometry": { "type": "Polygon", "coordinates": [ [ [ -72.917373502924249, 46.972243734168828 ], [ -72.923841996190006, 46.974959100343142 ], [ -72.923640933832246, 46.980151143748763 ], [ -72.916970108051373, 46.982627777900618 ], [ -72.910501063872985, 46.979912017504027 ], [ -72.910703396368547, 46.974720017245716 ], [ -72.917373502924249, 46.972243734168828 ] ] ] } },
{ "type": "Feature", "properties": { "hex_id": 631400, "centroid_lon": -72.916566488683515, "centroid_lat": 46.993011800056195, "occurrences_today": 17, "datetimes_today": "2026-06-23 00:01:15, 2026-06-23 00:16:30, 2026-06-23 00:31:23, 2026-06-23 00:46:43, 2026-06-23 01:01:29, 2026-06-23 01:16:23, 2026-06-23 01:31:42, 2026-06-23 01:46:17, 2026-06-23 02:01:15, 2026-06-23 02:16:25, 2026-06-23 02:31:45, 2026-06-23 02:46:16, 2026-06-23 03:01:30, 2026-06-23 03:16:31, 2026-06-23 03:31:38, 2026-06-23 03:46:19, 2026-06-23 04:01:22", "cumulative_total": 133.0 }, "geometry": { "type": "Polygon", "coordinates": [ [ [ -72.916768326439112, 46.987819791675534 ], [ -72.923238641284442, 46.990535214390384 ], [ -72.923037411055333, 46.995727241625993 ], [ -72.916364594764985, 46.998203803042443 ], [ -72.909893728565891, 46.995487985889582 ], [ -72.910096229991296, 46.990296001826167 ], [ -72.916768326439112, 46.987819791675534 ] ] ] } },
{ "type": "Feature", "properties": { "hex_id": 631401, "centroid_lon": -72.915960638360815, "centroid_lat": 47.008587792830944, "occurrences_today": 17, "datetimes_today": "2026-06-23 00:01:15, 2026-06-23 00:16:30, 2026-06-23 00:31:23, 2026-06-23 00:46:43, 2026-06-23 01:01:29, 2026-06-23 01:16:23, 2026-06-23 01:31:42, 2026-06-23 01:46:17, 2026-06-23 02:01:15, 2026-06-23 02:16:25, 2026-06-23 02:31:45, 2026-06-23 02:46:16, 2026-06-23 03:01:30, 2026-06-23 03:16:31, 2026-06-23 03:31:38, 2026-06-23 03:46:19, 2026-06-23 04:01:22", "cumulative_total": 133.0 }, "geometry": { "type": "Polygon", "coordinates": [ [ [ -72.91616264466397, 47.003395800634095 ], [ -72.922634782589071, 47.006111279925932 ], [ -72.922433384312811, 47.011303290989908 ], [ -72.915758575835909, 47.013779779632841 ], [ -72.909285886115455, 47.011063905687109 ], [ -72.909488556647631, 47.005871937820238 ], [ -72.91616264466397, 47.003395800634095 ] ] ] } },
{ "type": "Feature", "properties": { "hex_id": 631402, "centroid_lon": -72.915354282042344, "centroid_lat": 47.024163737050984, "occurrences_today": 17, "datetimes_today": "2026-06-23 00:01:15, 2026-06-23 00:16:30, 2026-06-23 00:31:23, 2026-06-23 00:46:43, 2026-06-23 01:01:29, 2026-06-23 01:16:23, 2026-06-23 01:31:42, 2026-06-23 01:46:17, 2026-06-23 02:01:15, 2026-06-23 02:16:25, 2026-06-23 02:31:45, 2026-06-23 02:46:16, 2026-06-23 03:01:30, 2026-06-23 03:16:31, 2026-06-23 03:31:38, 2026-06-23 03:46:19, 2026-06-23 04:01:22", "cumulative_total": 133.0 }, "geometry": { "type": "Polygon", "coordinates": [ [ [ -72.915556457069627, 47.018971761039573 ], [ -72.922030419576231, 47.02168729694494 ], [ -72.921828853076775, 47.026879291835641 ], [ -72.915152050734406, 47.029355707666895 ], [ -72.908677535990478, 47.026639776891678 ], [ -72.908880375806575, 47.021447825223014 ], [ -72.915556457069627, 47.018971761039573 ] ] ] } },
{ "type": "Feature", "properties": { "hex_id": 631403, "centroid_lon": -72.914747419197909, "centroid_lat": 47.039739632711431, "occurrences_today": 17, "datetimes_today": "2026-06-23 00:01:15, 2026-06-23 00:16:30, 2026-06-23 00:31:23, 2026-06-23 00:46:43, 2026-06-23 01:01:29, 2026-06-23 01:16:23, 2026-06-23 01:31:42, 2026-06-23 01:46:17, 2026-06-23 02:01:15, 2026-06-23 02:16:25, 2026-06-23 02:31:45, 2026-06-23 02:46:16, 2026-06-23 03:01:30, 2026-06-23 03:16:31, 2026-06-23 03:31:38, 2026-06-23 03:46:19, 2026-06-23 04:01:22", "cumulative_total": 133.0 }, "geometry": { "type": "Polygon", "coordinates": [ [ [ -72.91494976312616, 47.034547672887101 ], [ -72.921425551717505, 47.037263265442512 ], [ -72.921223816818511, 47.042455244158305 ], [ -72.914545018930013, 47.0449315871397 ], [ -72.908068677658918, 47.042215599498313 ], [ -72.908271686936374, 47.037023664029505 ], [ -72.91494976312616, 47.034547672887101 ] ] ] } },
{ "type": "Feature", "properties": { "hex_id": 631404, "centroid_lon": -72.914140049296506, "centroid_lat": 47.055315479807327, "occurrences_today": 17, "datetimes_today": "2026-06-23 00:01:15, 2026-06-23 00:16:30, 2026-06-23 00:31:23, 2026-06-23 00:46:43, 2026-06-23 01:01:29, 2026-06-23 01:16:23, 2026-06-23 01:31:42, 2026-06-23 01:46:17, 2026-06-23 02:01:15, 2026-06-23 02:16:25, 2026-06-23 02:31:45, 2026-06-23 02:46:16, 2026-06-23 03:01:30, 2026-06-23 03:16:31, 2026-06-23 03:31:38, 2026-06-23 03:46:19, 2026-06-23 04:01:22", "cumulative_total": 133.0 }, "geometry": { "type": "Polygon", "coordinates": [ [ [ -72.914342562302778, 47.050123536171732 ], [ -72.92082017848368, 47.052839185413752 ], [ -72.920618275008579, 47.058031147953045 ], [ -72.913937479891473, 47.060507418046335 ], [ -72.907459310587996, 47.057791373502063 ], [ -72.907662489504489, 47.052599454234766 ], [ -72.914342562302778, 47.050123536171732 ] ] ] } },
{ "type": "Feature", "properties": { "hex_id": 632003, "centroid_lon": -72.91453704467223, "centroid_lat": 46.876070986940512, "occurrences_today": 17, "datetimes_today": "2026-06-23 00:01:15, 2026-06-23 00:16:30, 2026-06-23 00:31:23, 2026-06-23 00:46:43, 2026-06-23 01:01:29, 2026-06-23 01:16:23, 2026-06-23 01:31:42, 2026-06-23 01:46:17, 2026-06-23 02:01:15, 2026-06-23 02:16:25, 2026-06-23 02:31:45, 2026-06-23 02:46:16, 2026-06-23 03:01:30, 2026-06-23 03:16:31, 2026-06-23 03:31:38, 2026-06-23 03:46:19, 2026-06-23 04:01:22", "cumulative_total": 57.0 }, "geometry": { "type": "Polygon", "coordinates": [ [ [ -72.914738255470624, 46.870878878758575 ], [ -72.921194587393245, 46.873594242882113 ], [ -72.920993980282404, 46.878786369893817 ], [ -72.914335777974273, 46.881263089728044 ], [ -72.907878898273395, 46.878547332722839 ], [ -72.908080768639465, 46.873355248832652 ], [ -72.914738255470624, 46.870878878758575 ] ] ] } },
{ "type": "Feature", "properties": { "hex_id": 632004, "centroid_lon": -72.913933076801825, "centroid_lat": 46.891647279119056, "occurrences_today": 17, "datetimes_today": "2026-06-23 00:01:15, 2026-06-23 00:16:30, 2026-06-23 00:31:23, 2026-06-23 00:46:43, 2026-06-23 01:01:29, 2026-06-23 01:16:23, 2026-06-23 01:31:42, 2026-06-23 01:46:17, 2026-06-23 02:01:15, 2026-06-23 02:16:25, 2026-06-23 02:31:45, 2026-06-23 02:46:16, 2026-06-23 03:01:30, 2026-06-23 03:16:31, 2026-06-23 03:31:38, 2026-06-23 03:46:19, 2026-06-23 04:01:22", "cumulative_total": 57.0 }, "geometry": { "type": "Polygon", "coordinates": [ [ [ -72.914134455357285, 46.886455187120958 ], [ -72.920592598838951, 46.889170607745847 ], [ -72.920391824467529, 46.894362718585811 ], [ -72.913731642288411, 46.896839365722187 ], [ -72.907272950590382, 46.894123552000721 ], [ -72.907474989268366, 46.888931484307058 ], [ -72.914134455357285, 46.886455187120958 ] ] ] } },
{ "type": "Feature", "properties": { "hex_id": 632005, "centroid_lon": -72.913328605309857, "centroid_lat": 46.907223522742747, "occurrences_today": 17, "datetimes_today": "2026-06-23 00:01:15, 2026-06-23 00:16:30, 2026-06-23 00:31:23, 2026-06-23 00:46:43, 2026-06-23 01:01:29, 2026-06-23 01:16:23, 2026-06-23 01:31:42, 2026-06-23 01:46:17, 2026-06-23 02:01:15, 2026-06-23 02:16:25, 2026-06-23 02:31:45, 2026-06-23 02:46:16, 2026-06-23 03:01:30, 2026-06-23 03:16:31, 2026-06-23 03:31:38, 2026-06-23 03:46:19, 2026-06-23 04:01:22", "cumulative_total": 57.0 }, "geometry": { "type": "Polygon", "coordinates": [ [ [ -72.913530151797588, 46.902031446930131 ], [ -72.919990108328264, 46.904746924092677 ], [ -72.919789166521582, 46.909939018759246 ], [ -72.913127002805737, 46.912415593159828 ], [ -72.906666497620165, 46.909699722685673 ], [ -72.906868704785836, 46.90450767119021 ], [ -72.913530151797588, 46.902031446930131 ] ] ] } },
{ "type": "Feature", "properties": { "hex_id": 632006, "centroid_lon": -72.912723629670268, "centroid_lat": 46.922799717806626, "occurrences_today": 17, "datetimes_today": "2026-06-23 00:01:15, 2026-06-23 00:16:30, 2026-06-23 00:31:23, 2026-06-23 00:46:43, 2026-06-23 01:01:29, 2026-06-23 01:16:23, 2026-06-23 01:31:42, 2026-06-23 01:46:17, 2026-06-23 02:01:15, 2026-06-23 02:16:25, 2026-06-23 02:31:45, 2026-06-23 02:46:16, 2026-06-23 03:01:30, 2026-06-23 03:16:31, 2026-06-23 03:31:38, 2026-06-23 03:46:19, 2026-06-23 04:01:22", "cumulative_total": 74.0 }, "geometry": { "type": "Polygon", "coordinates": [ [ [ -72.912925344265716, 46.917607658181176 ], [ -72.919387115336889, 46.920323191917689 ], [ -72.919186005919983, 46.9255152704092 ], [ -72.912521858999909, 46.927991772035973 ], [ -72.906059538834896, 46.925275844772678 ], [ -72.90626191466427, 46.920083809477084 ], [ -72.912925344265716, 46.917607658181176 ] ] ] } },
{ "type": "Feature", "properties": { "hex_id": 632007, "centroid_lon": -72.912118149356218, "centroid_lat": 46.938375864305669, "occurrences_today": 17, "datetimes_today": "2026-06-23 00:01:15, 2026-06-23 00:16:30, 2026-06-23 00:31:23, 2026-06-23 00:46:43, 2026-06-23 01:01:29, 2026-06-23 01:16:23, 2026-06-23 01:31:42, 2026-06-23 01:46:17, 2026-06-23 02:01:15, 2026-06-23 02:16:25, 2026-06-23 02:31:45, 2026-06-23 02:46:16, 2026-06-23 03:01:30, 2026-06-23 03:16:31, 2026-06-23 03:31:38, 2026-06-23 03:46:19, 2026-06-23 04:01:22", "cumulative_total": 98.0 }, "geometry": { "type": "Polygon", "coordinates": [ [ [ -72.912320032235073, 46.933183820869047 ], [ -72.918783619339749, 46.935899411215907 ], [ -72.918582342137441, 46.941091473530747 ], [ -72.911916210343804, 46.943567902345663 ], [ -72.905452073705916, 46.940851918256705 ], [ -72.905654618375323, 46.935659899162658 ], [ -72.912320032235073, 46.933183820869047 ] ] ] } },
{ "type": "Feature", "properties": { "hex_id": 632008, "centroid_lon": -72.911512163840058, "centroid_lat": 46.953951962234946, "occurrences_today": 17, "datetimes_today": "2026-06-23 00:01:15, 2026-06-23 00:16:30, 2026-06-23 00:31:23, 2026-06-23 00:46:43, 2026-06-23 01:01:29, 2026-06-23 01:16:23, 2026-06-23 01:31:42, 2026-06-23 01:46:17, 2026-06-23 02:01:15, 2026-06-23 02:16:25, 2026-06-23 02:31:45, 2026-06-23 02:46:16, 2026-06-23 03:01:30, 2026-06-23 03:16:31, 2026-06-23 03:31:38, 2026-06-23 03:46:19, 2026-06-23 04:01:22", "cumulative_total": 157.0 }, "geometry": { "type": "Polygon", "coordinates": [ [ [ -72.911714215178279, 46.948759934988793 ], [ -72.918179619810985, 46.951475581982436 ], [ -72.917978174647814, 46.956667628118943 ], [ -72.91131005630956, 46.959143984083894 ], [ -72.904844101703887, 46.956427943132745 ], [ -72.905046815389838, 46.951235940241936 ], [ -72.911714215178279, 46.948759934988793 ] ] ] } },
{ "type": "Feature", "properties": { "hex_id": 632009, "centroid_lon": -72.910905672593415, "centroid_lat": 46.969528011589453, "occurrences_today": 17, "datetimes_today": "2026-06-23 00:01:15, 2026-06-23 00:16:30, 2026-06-23 00:31:23, 2026-06-23 00:46:43, 2026-06-23 01:01:29, 2026-06-23 01:16:23, 2026-06-23 01:31:42, 2026-06-23 01:46:17, 2026-06-23 02:01:15, 2026-06-23 02:16:25, 2026-06-23 02:31:45, 2026-06-23 02:46:16, 2026-06-23 03:01:30, 2026-06-23 03:16:31, 2026-06-23 03:31:38, 2026-06-23 03:46:19, 2026-06-23 04:01:22", "cumulative_total": 133.0 }, "geometry": { "type": "Polygon", "coordinates": [ [ [ -72.911107892567216, 46.964336000535461 ], [ -72.917575116223986, 46.967051704212317 ], [ -72.917373502924249, 46.972243734168828 ], [ -72.910703396368547, 46.974720017245716 ], [ -72.904235622298586, 46.972003919395775 ], [ -72.904438505177922, 46.966811932709867 ], [ -72.911107892567216, 46.964336000535461 ] ] ] } },
{ "type": "Feature", "properties": { "hex_id": 632010, "centroid_lon": -72.910298675087105, "centroid_lat": 46.985104012364239, "occurrences_today": 17, "datetimes_today": "2026-06-23 00:01:15, 2026-06-23 00:16:30, 2026-06-23 00:31:23, 2026-06-23 00:46:43, 2026-06-23 01:01:29, 2026-06-23 01:16:23, 2026-06-23 01:31:42, 2026-06-23 01:46:17, 2026-06-23 02:01:15, 2026-06-23 02:16:25, 2026-06-23 02:31:45, 2026-06-23 02:46:16, 2026-06-23 03:01:30, 2026-06-23 03:16:31, 2026-06-23 03:31:38, 2026-06-23 03:46:19, 2026-06-23 04:01:22", "cumulative_total": 133.0 }, "geometry": { "type": "Polygon", "coordinates": [ [ [ -72.910501063872985, 46.979912017504027 ], [ -72.916970108051373, 46.982627777900618 ], [ -72.916768326439112, 46.987819791675534 ], [ -72.910096229991296, 46.990296001826167 ], [ -72.903626634959068, 46.987579847040799 ], [ -72.903829687208841, 46.98238787656144 ], [ -72.910501063872985, 46.979912017504027 ] ] ] } },
{ "type": "Feature", "properties": { "hex_id": 632011, "centroid_lon": -72.909691170791206, "centroid_lat": 47.000679964554344, "occurrences_today": 17, "datetimes_today": "2026-06-23 00:01:15, 2026-06-23 00:16:30, 2026-06-23 00:31:23, 2026-06-23 00:46:43, 2026-06-23 01:01:29, 2026-06-23 01:16:23, 2026-06-23 01:31:42, 2026-06-23 01:46:17, 2026-06-23 02:01:15, 2026-06-23 02:16:25, 2026-06-23 02:31:45, 2026-06-23 02:46:16, 2026-06-23 03:01:30, 2026-06-23 03:16:31, 2026-06-23 03:31:38, 2026-06-23 03:46:19, 2026-06-23 04:01:22", "cumulative_total": 133.0 }, "geometry": { "type": "Polygon", "coordinates": [ [ [ -72.909893728565891, 46.995487985889582 ], [ -72.916364594764985, 46.998203803042443 ], [ -72.91616264466397, 47.003395800634095 ], [ -72.909488556647631, 47.005871937820238 ], [ -72.903017139153633, 47.003155726062786 ], [ -72.903220360951181, 46.99796377179166 ], [ -72.909893728565891, 46.995487985889582 ] ] ] } },
{ "type": "Feature", "properties": { "hex_id": 632012, "centroid_lon": -72.909083159174997, "centroid_lat": 47.016255868154779, "occurrences_today": 17, "datetimes_today": "2026-06-23 00:01:15, 2026-06-23 00:16:30, 2026-06-23 00:31:23, 2026-06-23 00:46:43, 2026-06-23 01:01:29, 2026-06-23 01:16:23, 2026-06-23 01:31:42, 2026-06-23 01:46:17, 2026-06-23 02:01:15, 2026-06-23 02:16:25, 2026-06-23 02:31:45, 2026-06-23 02:46:16, 2026-06-23 03:01:30, 2026-06-23 03:16:31, 2026-06-23 03:31:38, 2026-06-23 03:46:19, 2026-06-23 04:01:22", "cumulative_total": 133.0 }, "geometry": { "type": "Polygon", "coordinates": [ [ [ -72.909285886115455, 47.011063905687109 ], [ -72.915758575835909, 47.013779779632841 ], [ -72.915556457069627, 47.018971761039573 ], [ -72.908880375806575, 47.021447825223014 ], [ -72.902407134349772, 47.018731556456743 ], [ -72.902610525872674, 47.013539618395519 ], [ -72.909285886115455, 47.011063905687109 ] ] ] } },
{ "type": "Feature", "properties": { "hex_id": 632013, "centroid_lon": -72.908474639706981, "centroid_lat": 47.031831723160572, "occurrences_today": 17, "datetimes_today": "2026-06-23 00:01:15, 2026-06-23 00:16:30, 2026-06-23 00:31:23, 2026-06-23 00:46:43, 2026-06-23 01:01:29, 2026-06-23 01:16:23, 2026-06-23 01:31:42, 2026-06-23 01:46:17, 2026-06-23 02:01:15, 2026-06-23 02:16:25, 2026-06-23 02:31:45, 2026-06-23 02:46:16, 2026-06-23 03:01:30, 2026-06-23 03:16:31, 2026-06-23 03:31:38, 2026-06-23 03:46:19, 2026-06-23 04:01:22", "cumulative_total": 133.0 }, "geometry": { "type": "Polygon", "coordinates": [ [ [ -72.908677535990478, 47.026639776891678 ], [ -72.915152050734406, 47.029355707666895 ], [ -72.91494976312616, 47.034547672887101 ], [ -72.908271686936374, 47.037023664029505 ], [ -72.901796620014167, 47.034307338217666 ], [ -72.902000181440286, 47.029115416368001 ], [ -72.908677535990478, 47.026639776891678 ] ] ] } },
{ "type": "Feature", "properties": { "hex_id": 632014, "centroid_lon": -72.907865611854874, "centroid_lat": 47.047407529566783, "occurrences_today": 17, "datetimes_today": "2026-06-23 00:01:15, 2026-06-23 00:16:30, 2026-06-23 00:31:23, 2026-06-23 00:46:43, 2026-06-23 01:01:29, 2026-06-23 01:16:23, 2026-06-23 01:31:42, 2026-06-23 01:46:17, 2026-06-23 02:01:15, 2026-06-23 02:16:25, 2026-06-23 02:31:45, 2026-06-23 02:46:16, 2026-06-23 03:01:30, 2026-06-23 03:16:31, 2026-06-23 03:31:38, 2026-06-23 03:46:19, 2026-06-23 04:01:22", "cumulative_total": 133.0 }, "geometry": { "type": "Polygon", "coordinates": [ [ [ -72.908068677658918, 47.042215599498313 ], [ -72.914545018930013, 47.0449315871397 ], [ -72.914342562302778, 47.050123536171732 ], [ -72.907662489504489, 47.052599454234766 ], [ -72.901185595612802, 47.049883071340545 ], [ -72.901389327120228, 47.044691165704116 ], [ -72.908068677658918, 47.042215599498313 ] ] ] } },
{ "type": "Feature", "properties": { "hex_id": 632613, "centroid_lon": -72.9082825829406, "centroid_lat": 46.868163159544004, "occurrences_today": 17, "datetimes_today": "2026-06-23 00:01:15, 2026-06-23 00:16:30, 2026-06-23 00:31:23, 2026-06-23 00:46:43, 2026-06-23 01:01:29, 2026-06-23 01:16:23, 2026-06-23 01:31:42, 2026-06-23 01:46:17, 2026-06-23 02:01:15, 2026-06-23 02:16:25, 2026-06-23 02:31:45, 2026-06-23 02:46:16, 2026-06-23 03:01:30, 2026-06-23 03:16:31, 2026-06-23 03:31:38, 2026-06-23 03:46:19, 2026-06-23 04:01:22", "cumulative_total": 57.0 }, "geometry": { "type": "Polygon", "coordinates": [ [ [ -72.908484341196285, 46.862971064857064 ], [ -72.914939410388882, 46.865686765182375 ], [ -72.914738255470624, 46.870878878758575 ], [ -72.908080768639465, 46.873355248832652 ], [ -72.901625152164655, 46.870639155674702 ], [ -72.90182756978372, 46.865447085342858 ], [ -72.908484341196285, 46.862971064857064 ] ] ] } },
{ "type": "Feature", "properties": { "hex_id": 632614, "centroid_lon": -72.907676971822866, "centroid_lat": 46.883739411214364, "occurrences_today": 17, "datetimes_today": "2026-06-23 00:01:15, 2026-06-23 00:16:30, 2026-06-23 00:31:23, 2026-06-23 00:46:43, 2026-06-23 01:01:29, 2026-06-23 01:16:23, 2026-06-23 01:31:42, 2026-06-23 01:46:17, 2026-06-23 02:01:15, 2026-06-23 02:16:25, 2026-06-23 02:31:45, 2026-06-23 02:46:16, 2026-06-23 03:01:30, 2026-06-23 03:16:31, 2026-06-23 03:31:38, 2026-06-23 03:46:19, 2026-06-23 04:01:22", "cumulative_total": 57.0 }, "geometry": { "type": "Polygon", "coordinates": [ [ [ -72.907878898273395, 46.878547332722839 ], [ -72.914335777974273, 46.881263089728044 ], [ -72.914134455357285, 46.886455187120958 ], [ -72.907474989268366, 46.888931484307058 ], [ -72.901017561847667, 46.886215334254359 ], [ -72.901220148216183, 46.881023280130641 ], [ -72.907878898273395, 46.878547332722839 ] ] ] } },
{ "type": "Feature", "properties": { "hex_id": 632615, "centroid_lon": -72.907070855769376, "centroid_lat": 46.899315614295162, "occurrences_today": 17, "datetimes_today": "2026-06-23 00:01:15, 2026-06-23 00:16:30, 2026-06-23 00:31:23, 2026-06-23 00:46:43, 2026-06-23 01:01:29, 2026-06-23 01:16:23, 2026-06-23 01:31:42, 2026-06-23 01:46:17, 2026-06-23 02:01:15, 2026-06-23 02:16:25, 2026-06-23 02:31:45, 2026-06-23 02:46:16, 2026-06-23 03:01:30, 2026-06-23 03:16:31, 2026-06-23 03:31:38, 2026-06-23 03:46:19, 2026-06-23 04:01:22", "cumulative_total": 57.0 }, "geometry": { "type": "Polygon", "coordinates": [ [ [ -72.907272950590382, 46.894123552000721 ], [ -72.913731642288411, 46.896839365722187 ], [ -72.913530151797588, 46.902031446930131 ], [ -72.906868704785836, 46.90450767119021 ], [ -72.90040946492995, 46.901791464206241 ], [ -72.900612220224133, 46.896599426292354 ], [ -72.907272950590382, 46.894123552000721 ] ] ] } },
{ "type": "Feature", "properties": { "hex_id": 632616, "centroid_lon": -72.906464234252837, "centroid_lat": 46.914891768781366, "occurrences_today": 17, "datetimes_today": "2026-06-23 00:01:15, 2026-06-23 00:16:30, 2026-06-23 00:31:23, 2026-06-23 00:46:43, 2026-06-23 01:01:29, 2026-06-23 01:16:23, 2026-06-23 01:31:42, 2026-06-23 01:46:17, 2026-06-23 02:01:15, 2026-06-23 02:16:25, 2026-06-23 02:31:45, 2026-06-23 02:46:16, 2026-06-23 03:01:30, 2026-06-23 03:16:31, 2026-06-23 03:31:38, 2026-06-23 03:46:19, 2026-06-23 04:01:22", "cumulative_total": 57.0 }, "geometry": { "type": "Polygon", "coordinates": [ [ [ -72.906666497620165, 46.909699722685673 ], [ -72.913127002805737, 46.912415593159828 ], [ -72.912925344265716, 46.917607658181176 ], [ -72.90626191466427, 46.920083809477084 ], [ -72.899800860882408, 46.917367545525316 ], [ -72.900003785278713, 46.912175523822917 ], [ -72.906666497620165, 46.909699722685673 ] ] ] } },
{ "type": "Feature", "properties": { "hex_id": 632617, "centroid_lon": -72.905857106745103, "centroid_lat": 46.93046787466794, "occurrences_today": 17, "datetimes_today": "2026-06-23 00:01:15, 2026-06-23 00:16:30, 2026-06-23 00:31:23, 2026-06-23 00:46:43, 2026-06-23 01:01:29, 2026-06-23 01:16:23, 2026-06-23 01:31:42, 2026-06-23 01:46:17, 2026-06-23 02:01:15, 2026-06-23 02:16:25, 2026-06-23 02:31:45, 2026-06-23 02:46:16, 2026-06-23 03:01:30, 2026-06-23 03:16:31, 2026-06-23 03:31:38, 2026-06-23 03:46:19, 2026-06-23 04:01:22", "cumulative_total": 74.0 }, "geometry": { "type": "Polygon", "coordinates": [ [ [ -72.906059538834896, 46.925275844772678 ], [ -72.912521858999909, 46.927991772035973 ], [ -72.912320032235073, 46.933183820869047 ], [ -72.905654618375323, 46.935659899162658 ], [ -72.899191749175159, 46.932943578206476 ], [ -72.899394842850285, 46.927751572717284 ], [ -72.906059538834896, 46.925275844772678 ] ] ] } },
{ "type": "Feature", "properties": { "hex_id": 632618, "centroid_lon": -72.905249472717301, "centroid_lat": 46.946043931949859, "occurrences_today": 17, "datetimes_today": "2026-06-23 00:01:15, 2026-06-23 00:16:30, 2026-06-23 00:31:23, 2026-06-23 00:46:43, 2026-06-23 01:01:29, 2026-06-23 01:16:23, 2026-06-23 01:31:42, 2026-06-23 01:46:17, 2026-06-23 02:01:15, 2026-06-23 02:16:25, 2026-06-23 02:31:45, 2026-06-23 02:46:16, 2026-06-23 03:01:30, 2026-06-23 03:16:31, 2026-06-23 03:31:38, 2026-06-23 03:46:19, 2026-06-23 04:01:22", "cumulative_total": 157.0 }, "geometry": { "type": "Polygon", "coordinates": [ [ [ -72.905452073705916, 46.940851918256705 ], [ -72.911916210343804, 46.943567902345663 ], [ -72.911714215178279, 46.948759934988793 ], [ -72.905046815389838, 46.951235940241936 ], [ -72.898582129277543, 46.948519562244705 ], [ -72.89878539240847, 46.943327572970396 ], [ -72.905452073705916, 46.940851918256705 ] ] ] } },
{ "type": "Feature", "properties": { "hex_id": 632619, "centroid_lon": -72.904641331639795, "centroid_lat": 46.961619940622121, "occurrences_today": 17, "datetimes_today": "2026-06-23 00:01:15, 2026-06-23 00:16:30, 2026-06-23 00:31:23, 2026-06-23 00:46:43, 2026-06-23 01:01:29, 2026-06-23 01:16:23, 2026-06-23 01:31:42, 2026-06-23 01:46:17, 2026-06-23 02:01:15, 2026-06-23 02:16:25, 2026-06-23 02:31:45, 2026-06-23 02:46:16, 2026-06-23 03:01:30, 2026-06-23 03:16:31, 2026-06-23 03:31:38, 2026-06-23 03:46:19, 2026-06-23 04:01:22", "cumulative_total": 157.0 }, "geometry": { "type": "Polygon", "coordinates": [ [ [ -72.904844101703887, 46.956427943132745 ], [ -72.91131005630956, 46.959143984083894 ], [ -72.911107892567216, 46.964336000535461 ], [ -72.904438505177922, 46.966811932709867 ], [ -72.8979720006581, 46.964095497634922 ], [ -72.898175433422054, 46.95890352457716 ], [ -72.904844101703887, 46.956427943132745 ] ] ] } },
{ "type": "Feature", "properties": { "hex_id": 632620, "centroid_lon": -72.90403268298212, "centroid_lat": 46.977195900679696, "occurrences_today": 17, "datetimes_today": "2026-06-23 00:01:15, 2026-06-23 00:16:30, 2026-06-23 00:31:23, 2026-06-23 00:46:43, 2026-06-23 01:01:29, 2026-06-23 01:16:23, 2026-06-23 01:31:42, 2026-06-23 01:46:17, 2026-06-23 02:01:15, 2026-06-23 02:16:25, 2026-06-23 02:31:45, 2026-06-23 02:46:16, 2026-06-23 03:01:30, 2026-06-23 03:16:31, 2026-06-23 03:31:38, 2026-06-23 03:46:19, 2026-06-23 04:01:22", "cumulative_total": 133.0 }, "geometry": { "type": "Polygon", "coordinates": [ [ [ -72.904235622298586, 46.972003919395775 ], [ -72.910703396368547, 46.974720017245716 ], [ -72.910501063872985, 46.979912017504027 ], [ -72.903829687208841, 46.98238787656144 ], [ -72.89736136278465, 46.979671384372047 ], [ -72.897564965359123, 46.97447942753255 ], [ -72.904235622298586, 46.972003919395775 ] ] ] } },
{ "type": "Feature", "properties": { "hex_id": 632621, "centroid_lon": -72.903423526213089, "centroid_lat": 46.992771812117603, "occurrences_today": 17, "datetimes_today": "2026-06-23 00:01:15, 2026-06-23 00:16:30, 2026-06-23 00:31:23, 2026-06-23 00:46:43, 2026-06-23 01:01:29, 2026-06-23 01:16:23, 2026-06-23 01:31:42, 2026-06-23 01:46:17, 2026-06-23 02:01:15, 2026-06-23 02:16:25, 2026-06-23 02:31:45, 2026-06-23 02:46:16, 2026-06-23 03:01:30, 2026-06-23 03:16:31, 2026-06-23 03:31:38, 2026-06-23 03:46:19, 2026-06-23 04:01:22", "cumulative_total": 133.0 }, "geometry": { "type": "Polygon", "coordinates": [ [ [ -72.903626634959068, 46.987579847040799 ], [ -72.910096229991296, 46.990296001826167 ], [ -72.909893728565891, 46.995487985889582 ], [ -72.903220360951181, 46.99796377179166 ], [ -72.896750215124172, 46.99524722245107 ], [ -72.896953987686928, 46.990055281831502 ], [ -72.903626634959068, 46.987579847040799 ] ] ] } },
{ "type": "Feature", "properties": { "hex_id": 632622, "centroid_lon": -72.902813860800705, "centroid_lat": 47.00834767493081, "occurrences_today": 17, "datetimes_today": "2026-06-23 00:01:15, 2026-06-23 00:16:30, 2026-06-23 00:31:23, 2026-06-23 00:46:43, 2026-06-23 01:01:29, 2026-06-23 01:16:23, 2026-06-23 01:31:42, 2026-06-23 01:46:17, 2026-06-23 02:01:15, 2026-06-23 02:16:25, 2026-06-23 02:31:45, 2026-06-23 02:46:16, 2026-06-23 03:01:30, 2026-06-23 03:16:31, 2026-06-23 03:31:38, 2026-06-23 03:46:19, 2026-06-23 04:01:22", "cumulative_total": 133.0 }, "geometry": { "type": "Polygon", "coordinates": [ [ [ -72.903017139153633, 47.003155726062786 ], [ -72.909488556647631, 47.005871937820238 ], [ -72.909285886115455, 47.011063905687109 ], [ -72.902610525872674, 47.013539618395519 ], [ -72.896138557142919, 47.010823011866911 ], [ -72.896342499871963, 47.005631087468956 ], [ -72.903017139153633, 47.003155726062786 ] ] ] } },
{ "type": "Feature", "properties": { "hex_id": 632623, "centroid_lon": -72.902203686212232, "centroid_lat": 47.023923489114289, "occurrences_today": 17, "datetimes_today": "2026-06-23 00:01:15, 2026-06-23 00:16:30, 2026-06-23 00:31:23, 2026-06-23 00:46:43, 2026-06-23 01:01:29, 2026-06-23 01:16:23, 2026-06-23 01:31:42, 2026-06-23 01:46:17, 2026-06-23 02:01:15, 2026-06-23 02:16:25, 2026-06-23 02:31:45, 2026-06-23 02:46:16, 2026-06-23 03:01:30, 2026-06-23 03:16:31, 2026-06-23 03:31:38, 2026-06-23 03:46:19, 2026-06-23 04:01:22", "cumulative_total": 114.0 }, "geometry": { "type": "Polygon", "coordinates": [ [ [ -72.902407134349772, 47.018731556456743 ], [ -72.908880375806575, 47.021447825223014 ], [ -72.908677535990478, 47.026639776891678 ], [ -72.902000181440286, 47.029115416368001 ], [ -72.895526388306337, 47.026398752614526 ], [ -72.89573050137993, 47.021206844439881 ], [ -72.902407134349772, 47.018731556456743 ] ] ] } },
{ "type": "Feature", "properties": { "hex_id": 632624, "centroid_lon": -72.901593001914094, "centroid_lat": 47.039499254663085, "occurrences_today": 8, "datetimes_today": "2026-06-23 00:01:15, 2026-06-23 00:16:30, 2026-06-23 00:31:23, 2026-06-23 00:46:43, 2026-06-23 01:01:29, 2026-06-23 01:16:23, 2026-06-23 01:31:42, 2026-06-23 01:46:17", "cumulative_total": 48.0 }, "geometry": { "type": "Polygon", "coordinates": [ [ [ -72.901796620014167, 47.034307338217666 ], [ -72.908271686936374, 47.037023664029505 ], [ -72.908068677658918, 47.042215599498313 ], [ -72.901389327120228, 47.044691165704116 ], [ -72.894913708079088, 47.041974444688869 ], [ -72.895117991675761, 47.036782552739204 ], [ -72.901796620014167, 47.034307338217666 ] ] ] } },
{ "type": "Feature", "properties": { "hex_id": 633223, "centroid_lon": -72.902029931192061, "centroid_lat": 46.860255009608707, "occurrences_today": 17, "datetimes_today": "2026-06-23 00:01:15, 2026-06-23 00:16:30, 2026-06-23 00:31:23, 2026-06-23 00:46:43, 2026-06-23 01:01:29, 2026-06-23 01:16:23, 2026-06-23 01:31:42, 2026-06-23 01:46:17, 2026-06-23 02:01:15, 2026-06-23 02:16:25, 2026-06-23 02:31:45, 2026-06-23 02:46:16, 2026-06-23 03:01:30, 2026-06-23 03:16:31, 2026-06-23 03:31:38, 2026-06-23 03:46:19, 2026-06-23 04:01:22", "cumulative_total": 57.0 }, "geometry": { "type": "Polygon", "coordinates": [ [ [ -72.902232236409262, 46.855062928472378 ], [ -72.908686043425988, 46.857778964772024 ], [ -72.908484341196285, 46.862971064857064 ], [ -72.90182756978372, 46.865447085342858 ], [ -72.895373215980442, 46.862730656259671 ], [ -72.895576180356741, 46.857538599541741 ], [ -72.902232236409262, 46.855062928472378 ] ] ] } },
{ "type": "Feature", "properties": { "hex_id": 633224, "centroid_lon": -72.901422678315328, "centroid_lat": 46.87583122060402, "occurrences_today": 17, "datetimes_today": "2026-06-23 00:01:15, 2026-06-23 00:16:30, 2026-06-23 00:31:23, 2026-06-23 00:46:43, 2026-06-23 01:01:29, 2026-06-23 01:16:23, 2026-06-23 01:31:42, 2026-06-23 01:46:17, 2026-06-23 02:01:15, 2026-06-23 02:16:25, 2026-06-23 02:31:45, 2026-06-23 02:46:16, 2026-06-23 03:01:30, 2026-06-23 03:16:31, 2026-06-23 03:31:38, 2026-06-23 03:46:19, 2026-06-23 04:01:22", "cumulative_total": 57.0 }, "geometry": { "type": "Polygon", "coordinates": [ [ [ -72.901625152164655, 46.870639155674702 ], [ -72.908080768639465, 46.873355248832652 ], [ -72.907878898273395, 46.878547332722839 ], [ -72.901220148216183, 46.881023280130641 ], [ -72.894763984517724, 46.878306793974311 ], [ -72.894967118080544, 46.873114753476138 ], [ -72.901625152164655, 46.870639155674702 ] ] ] } },
{ "type": "Feature", "properties": { "hex_id": 633225, "centroid_lon": -72.900814919190168, "centroid_lat": 46.891407382974975, "occurrences_today": 17, "datetimes_today": "2026-06-23 00:01:15, 2026-06-23 00:16:30, 2026-06-23 00:31:23, 2026-06-23 00:46:43, 2026-06-23 01:01:29, 2026-06-23 01:16:23, 2026-06-23 01:31:42, 2026-06-23 01:46:17, 2026-06-23 02:01:15, 2026-06-23 02:16:25, 2026-06-23 02:31:45, 2026-06-23 02:46:16, 2026-06-23 03:01:30, 2026-06-23 03:16:31, 2026-06-23 03:31:38, 2026-06-23 03:46:19, 2026-06-23 04:01:22", "cumulative_total": 57.0 }, "geometry": { "type": "Polygon", "coordinates": [ [ [ -72.901017561847667, 46.886215334254359 ], [ -72.907474989268366, 46.888931484307058 ], [ -72.907272950590382, 46.894123552000721 ], [ -72.900612220224133, 46.896599426292354 ], [ -72.894154245142275, 46.893882883026308 ], [ -72.894357548068228, 46.888690858749584 ], [ -72.901017561847667, 46.886215334254359 ] ] ] } },
{ "type": "Feature", "properties": { "hex_id": 633226, "centroid_lon": -72.900206653288009, "centroid_lat": 46.906983496716499, "occurrences_today": 17, "datetimes_today": "2026-06-23 00:01:15, 2026-06-23 00:16:30, 2026-06-23 00:31:23, 2026-06-23 00:46:43, 2026-06-23 01:01:29, 2026-06-23 01:16:23, 2026-06-23 01:31:42, 2026-06-23 01:46:17, 2026-06-23 02:01:15, 2026-06-23 02:16:25, 2026-06-23 02:31:45, 2026-06-23 02:46:16, 2026-06-23 03:01:30, 2026-06-23 03:16:31, 2026-06-23 03:31:38, 2026-06-23 03:46:19, 2026-06-23 04:01:22", "cumulative_total": 57.0 }, "geometry": { "type": "Polygon", "coordinates": [ [ [ -72.90040946492995, 46.901791464206241 ], [ -72.906868704785836, 46.90450767119021 ], [ -72.906666497620165, 46.909699722685673 ], [ -72.900003785278713, 46.912175523822917 ], [ -72.893543997323746, 46.909458923410511 ], [ -72.893747469789702, 46.904266915356949 ], [ -72.90040946492995, 46.901791464206241 ] ] ] } },
{ "type": "Feature", "properties": { "hex_id": 633227, "centroid_lon": -72.899597880079483, "centroid_lat": 46.922559561823512, "occurrences_today": 17, "datetimes_today": "2026-06-23 00:01:15, 2026-06-23 00:16:30, 2026-06-23 00:31:23, 2026-06-23 00:46:43, 2026-06-23 01:01:29, 2026-06-23 01:16:23, 2026-06-23 01:31:42, 2026-06-23 01:46:17, 2026-06-23 02:01:15, 2026-06-23 02:16:25, 2026-06-23 02:31:45, 2026-06-23 02:46:16, 2026-06-23 03:01:30, 2026-06-23 03:16:31, 2026-06-23 03:31:38, 2026-06-23 03:46:19, 2026-06-23 04:01:22", "cumulative_total": 57.0 }, "geometry": { "type": "Polygon", "coordinates": [ [ [ -72.899800860882408, 46.917367545525316 ], [ -72.90626191466427, 46.920083809477084 ], [ -72.906059538834896, 46.925275844772678 ], [ -72.899394842850285, 46.927751572717284 ], [ -72.892933240530994, 46.925034915121842 ], [ -72.893136882714074, 46.919842923293146 ], [ -72.899800860882408, 46.917367545525316 ] ] ] } },
{ "type": "Feature", "properties": { "hex_id": 633228, "centroid_lon": -72.898988599034439, "centroid_lat": 46.938135578290925, "occurrences_today": 17, "datetimes_today": "2026-06-23 00:01:15, 2026-06-23 00:16:30, 2026-06-23 00:31:23, 2026-06-23 00:46:43, 2026-06-23 01:01:29, 2026-06-23 01:16:23, 2026-06-23 01:31:42, 2026-06-23 01:46:17, 2026-06-23 02:01:15, 2026-06-23 02:16:25, 2026-06-23 02:31:45, 2026-06-23 02:46:16, 2026-06-23 03:01:30, 2026-06-23 03:16:31, 2026-06-23 03:31:38, 2026-06-23 03:46:19, 2026-06-23 04:01:22", "cumulative_total": 98.0 }, "geometry": { "type": "Polygon", "coordinates": [ [ [ -72.899191749175159, 46.932943578206476 ], [ -72.905654618375323, 46.935659899162658 ], [ -72.905452073705916, 46.940851918256705 ], [ -72.89878539240847, 46.943327572970396 ], [ -72.892321974232075, 46.940610858155168 ], [ -72.892525786309704, 46.935418882553037 ], [ -72.899191749175159, 46.932943578206476 ] ] ] } },
{ "type": "Feature", "properties": { "hex_id": 633229, "centroid_lon": -72.898378809621974, "centroid_lat": 46.953711546113695, "occurrences_today": 17, "datetimes_today": "2026-06-23 00:01:15, 2026-06-23 00:16:30, 2026-06-23 00:31:23, 2026-06-23 00:46:43, 2026-06-23 01:01:29, 2026-06-23 01:16:23, 2026-06-23 01:31:42, 2026-06-23 01:46:17, 2026-06-23 02:01:15, 2026-06-23 02:16:25, 2026-06-23 02:31:45, 2026-06-23 02:46:16, 2026-06-23 03:01:30, 2026-06-23 03:16:31, 2026-06-23 03:31:38, 2026-06-23 03:46:19, 2026-06-23 04:01:22", "cumulative_total": 133.0 }, "geometry": { "type": "Polygon", "coordinates": [ [ [ -72.898582129277543, 46.948519562244705 ], [ -72.905046815389838, 46.951235940241936 ], [ -72.904844101703887, 46.956427943132745 ], [ -72.898175433422054, 46.95890352457716 ], [ -72.891710197894326, 46.956186752505424 ], [ -72.891914180044139, 46.950994793131549 ], [ -72.898582129277543, 46.948519562244705 ] ] ] } },
{ "type": "Feature", "properties": { "hex_id": 633230, "centroid_lon": -72.89776851131036, "centroid_lat": 46.969287465286762, "occurrences_today": 17, "datetimes_today": "2026-06-23 00:01:15, 2026-06-23 00:16:30, 2026-06-23 00:31:23, 2026-06-23 00:46:43, 2026-06-23 01:01:29, 2026-06-23 01:16:23, 2026-06-23 01:31:42, 2026-06-23 01:46:17, 2026-06-23 02:01:15, 2026-06-23 02:16:25, 2026-06-23 02:31:45, 2026-06-23 02:46:16, 2026-06-23 03:01:30, 2026-06-23 03:16:31, 2026-06-23 03:31:38, 2026-06-23 03:46:19, 2026-06-23 04:01:22", "cumulative_total": 133.0 }, "geometry": { "type": "Polygon", "coordinates": [ [ [ -72.8979720006581, 46.964095497634922 ], [ -72.904438505177922, 46.966811932709867 ], [ -72.904235622298586, 46.972003919395775 ], [ -72.897564965359123, 46.97447942753255 ], [ -72.891097910984271, 46.971762598167459 ], [ -72.891302063384188, 46.96657065502356 ], [ -72.8979720006581, 46.964095497634922 ] ] ] } },
{ "type": "Feature", "properties": { "hex_id": 633231, "centroid_lon": -72.897157703567174, "centroid_lat": 46.984863335805095, "occurrences_today": 17, "datetimes_today": "2026-06-23 00:01:15, 2026-06-23 00:16:30, 2026-06-23 00:31:23, 2026-06-23 00:46:43, 2026-06-23 01:01:29, 2026-06-23 01:16:23, 2026-06-23 01:31:42, 2026-06-23 01:46:17, 2026-06-23 02:01:15, 2026-06-23 02:16:25, 2026-06-23 02:31:45, 2026-06-23 02:46:16, 2026-06-23 03:01:30, 2026-06-23 03:16:31, 2026-06-23 03:31:38, 2026-06-23 03:46:19, 2026-06-23 04:01:22", "cumulative_total": 133.0 }, "geometry": { "type": "Polygon", "coordinates": [ [ [ -72.89736136278465, 46.979671384372047 ], [ -72.903829687208841, 46.98238787656144 ], [ -72.903626634959068, 46.987579847040799 ], [ -72.896953987686928, 46.990055281831502 ], [ -72.890485112967653, 46.98733839513622 ], [ -72.890689435795835, 46.982146468223974 ], [ -72.89736136278465, 46.979671384372047 ] ] ] } },
{ "type": "Feature", "properties": { "hex_id": 633232, "centroid_lon": -72.896546385859125, "centroid_lat": 47.000439157663614, "occurrences_today": 17, "datetimes_today": "2026-06-23 00:01:15, 2026-06-23 00:16:30, 2026-06-23 00:31:23, 2026-06-23 00:46:43, 2026-06-23 01:01:29, 2026-06-23 01:16:23, 2026-06-23 01:31:42, 2026-06-23 01:46:17, 2026-06-23 02:01:15, 2026-06-23 02:16:25, 2026-06-23 02:31:45, 2026-06-23 02:46:16, 2026-06-23 03:01:30, 2026-06-23 03:16:31, 2026-06-23 03:31:38, 2026-06-23 03:46:19, 2026-06-23 04:01:22", "cumulative_total": 57.0 }, "geometry": { "type": "Polygon", "coordinates": [ [ [ -72.896750215124172, 46.99524722245107 ], [ -72.903220360951181, 46.99796377179166 ], [ -72.903017139153633, 47.003155726062786 ], [ -72.896342499871963, 47.005631087468956 ], [ -72.889871803309433, 47.002914143406585 ], [ -72.890076296744311, 46.997722232727718 ], [ -72.896750215124172, 46.99524722245107 ] ] ] } },
{ "type": "Feature", "properties": { "hex_id": 633233, "centroid_lon": -72.895934557652183, "centroid_lat": 47.016014930857281, "occurrences_today": 8, "datetimes_today": "2026-06-23 00:01:15, 2026-06-23 00:16:30, 2026-06-23 00:31:23, 2026-06-23 00:46:43, 2026-06-23 01:01:29, 2026-06-23 01:16:23, 2026-06-23 01:31:42, 2026-06-23 01:46:17", "cumulative_total": 48.0 }, "geometry": { "type": "Polygon", "coordinates": [ [ [ -72.896138557142919, 47.010823011866911 ], [ -72.902610525872674, 47.013539618395519 ], [ -72.902407134349772, 47.018731556456743 ], [ -72.89573050137993, 47.021206844439881 ], [ -72.889257981473776, 47.018489842973473 ], [ -72.889462645694039, 47.013297948529662 ], [ -72.896138557142919, 47.010823011866911 ] ] ] } },
{ "type": "Feature", "properties": { "hex_id": 633234, "centroid_lon": -72.895322218411565, "centroid_lat": 47.031590655381031, "occurrences_today": 8, "datetimes_today": "2026-06-23 00:01:15, 2026-06-23 00:16:30, 2026-06-23 00:31:23, 2026-06-23 00:46:43, 2026-06-23 01:01:29, 2026-06-23 01:16:23, 2026-06-23 01:31:42, 2026-06-23 01:46:17", "cumulative_total": 48.0 }, "geometry": { "type": "Polygon", "coordinates": [ [ [ -72.895526388306337, 47.026398752614526 ], [ -72.902000181440286, 47.029115416368001 ], [ -72.901796620014167, 47.034307338217666 ], [ -72.895117991675761, 47.036782552739204 ], [ -72.888643646924109, 47.034065493831804 ], [ -72.888848482108713, 47.028873615624732 ], [ -72.895526388306337, 47.026398752614526 ] ] ] } },
{ "type": "Feature", "properties": { "hex_id": 633834, "centroid_lon": -72.895170195228246, "centroid_lat": 46.867922707571203, "occurrences_today": 17, "datetimes_today": "2026-06-23 00:01:15, 2026-06-23 00:16:30, 2026-06-23 00:31:23, 2026-06-23 00:46:43, 2026-06-23 01:01:29, 2026-06-23 01:16:23, 2026-06-23 01:31:42, 2026-06-23 01:46:17, 2026-06-23 02:01:15, 2026-06-23 02:16:25, 2026-06-23 02:31:45, 2026-06-23 02:46:16, 2026-06-23 03:01:30, 2026-06-23 03:16:31, 2026-06-23 03:31:38, 2026-06-23 03:46:19, 2026-06-23 04:01:22", "cumulative_total": 57.0 }, "geometry": { "type": "Polygon", "coordinates": [ [ [ -72.895373215980442, 46.862730656259671 ], [ -72.90182756978372, 46.865447085342858 ], [ -72.901625152164655, 46.870639155674702 ], [ -72.894967118080544, 46.873114753476138 ], [ -72.888512217549433, 46.870397931443684 ], [ -72.88871589781067, 46.865205904626606 ], [ -72.895373215980442, 46.862730656259671 ] ] ] } },
{ "type": "Feature", "properties": { "hex_id": 633835, "centroid_lon": -72.89456079452016, "centroid_lat": 46.883498829065516, "occurrences_today": 17, "datetimes_today": "2026-06-23 00:01:15, 2026-06-23 00:16:30, 2026-06-23 00:31:23, 2026-06-23 00:46:43, 2026-06-23 01:01:29, 2026-06-23 01:16:23, 2026-06-23 01:31:42, 2026-06-23 01:46:17, 2026-06-23 02:01:15, 2026-06-23 02:16:25, 2026-06-23 02:31:45, 2026-06-23 02:46:16, 2026-06-23 03:01:30, 2026-06-23 03:16:31, 2026-06-23 03:31:38, 2026-06-23 03:46:19, 2026-06-23 04:01:22", "cumulative_total": 57.0 }, "geometry": { "type": "Polygon", "coordinates": [ [ [ -72.894763984517724, 46.878306793974311 ], [ -72.901220148216183, 46.881023280130641 ], [ -72.901017561847667, 46.886215334254359 ], [ -72.894357548068228, 46.888690858749584 ], [ -72.88790083720491, 46.885973979429075 ], [ -72.888104687266249, 46.880781968845113 ], [ -72.894763984517724, 46.878306793974311 ] ] ] } },
{ "type": "Feature", "properties": { "hex_id": 633836, "centroid_lon": -72.893950885722646, "centroid_lat": 46.899074901895474, "occurrences_today": 17, "datetimes_today": "2026-06-23 00:01:15, 2026-06-23 00:16:30, 2026-06-23 00:31:23, 2026-06-23 00:46:43, 2026-06-23 01:01:29, 2026-06-23 01:16:23, 2026-06-23 01:31:42, 2026-06-23 01:46:17, 2026-06-23 02:01:15, 2026-06-23 02:16:25, 2026-06-23 02:31:45, 2026-06-23 02:46:16, 2026-06-23 03:01:30, 2026-06-23 03:16:31, 2026-06-23 03:31:38, 2026-06-23 03:46:19, 2026-06-23 04:01:22", "cumulative_total": 57.0 }, "geometry": { "type": "Polygon", "coordinates": [ [ [ -72.894154245142275, 46.893882883026308 ], [ -72.900612220224133, 46.896599426292354 ], [ -72.90040946492995, 46.901791464206241 ], [ -72.893747469789702, 46.904266915356949 ], [ -72.887288947105574, 46.901549978711657 ], [ -72.887492967144297, 46.896357984362545 ], [ -72.894154245142275, 46.893882883026308 ] ] ] } },
{ "type": "Feature", "properties": { "hex_id": 633837, "centroid_lon": -72.893340468305098, "centroid_lat": 46.91465092605597, "occurrences_today": 17, "datetimes_today": "2026-06-23 00:01:15, 2026-06-23 00:16:30, 2026-06-23 00:31:23, 2026-06-23 00:46:43, 2026-06-23 01:01:29, 2026-06-23 01:16:23, 2026-06-23 01:31:42, 2026-06-23 01:46:17, 2026-06-23 02:01:15, 2026-06-23 02:16:25, 2026-06-23 02:31:45, 2026-06-23 02:46:16, 2026-06-23 03:01:30, 2026-06-23 03:16:31, 2026-06-23 03:31:38, 2026-06-23 03:46:19, 2026-06-23 04:01:22", "cumulative_total": 57.0 }, "geometry": { "type": "Polygon", "coordinates": [ [ [ -72.893543997323746, 46.909458923410511 ], [ -72.900003785278713, 46.912175523822917 ], [ -72.899800860882408, 46.917367545525316 ], [ -72.893136882714074, 46.919842923293146 ], [ -72.886676546718988, 46.917125929286307 ], [ -72.886880736912659, 46.911933951173737 ], [ -72.893543997323746, 46.909458923410511 ] ] ] } },
{ "type": "Feature", "properties": { "hex_id": 633838, "centroid_lon": -72.892729541736102, "centroid_lat": 46.930226901541879, "occurrences_today": 17, "datetimes_today": "2026-06-23 00:01:15, 2026-06-23 00:16:30, 2026-06-23 00:31:23, 2026-06-23 00:46:43, 2026-06-23 01:01:29, 2026-06-23 01:16:23, 2026-06-23 01:31:42, 2026-06-23 01:46:17, 2026-06-23 02:01:15, 2026-06-23 02:16:25, 2026-06-23 02:31:45, 2026-06-23 02:46:16, 2026-06-23 03:01:30, 2026-06-23 03:16:31, 2026-06-23 03:31:38, 2026-06-23 03:46:19, 2026-06-23 04:01:22", "cumulative_total": 57.0 }, "geometry": { "type": "Polygon", "coordinates": [ [ [ -72.892933240530994, 46.925034915121842 ], [ -72.899394842850285, 46.927751572717284 ], [ -72.899191749175159, 46.932943578206476 ], [ -72.892525786309704, 46.935418882553037 ], [ -72.886063635512016, 46.932701831147838 ], [ -72.886267996038441, 46.927509869273557 ], [ -72.892933240530994, 46.925034915121842 ] ] ] } },
{ "type": "Feature", "properties": { "hex_id": 633839, "centroid_lon": -72.892118105483476, "centroid_lat": 46.945802828348064, "occurrences_today": 17, "datetimes_today": "2026-06-23 00:01:15, 2026-06-23 00:16:30, 2026-06-23 00:31:23, 2026-06-23 00:46:43, 2026-06-23 01:01:29, 2026-06-23 01:16:23, 2026-06-23 01:31:42, 2026-06-23 01:46:17, 2026-06-23 02:01:15, 2026-06-23 02:16:25, 2026-06-23 02:31:45, 2026-06-23 02:46:16, 2026-06-23 03:01:30, 2026-06-23 03:16:31, 2026-06-23 03:31:38, 2026-06-23 03:46:19, 2026-06-23 04:01:22", "cumulative_total": 57.0 }, "geometry": { "type": "Polygon", "coordinates": [ [ [ -72.892321974232075, 46.940610858155168 ], [ -72.89878539240847, 46.943327572970396 ], [ -72.898582129277543, 46.948519562244705 ], [ -72.891914180044139, 46.950994793131549 ], [ -72.885450212950687, 46.948277684291128 ], [ -72.885654743987942, 46.943085738656841 ], [ -72.892321974232075, 46.940610858155168 ] ] ] } },
{ "type": "Feature", "properties": { "hex_id": 633840, "centroid_lon": -72.89150615901427, "centroid_lat": 46.961378706469475, "occurrences_today": 17, "datetimes_today": "2026-06-23 00:01:15, 2026-06-23 00:16:30, 2026-06-23 00:31:23, 2026-06-23 00:46:43, 2026-06-23 01:01:29, 2026-06-23 01:16:23, 2026-06-23 01:31:42, 2026-06-23 01:46:17, 2026-06-23 02:01:15, 2026-06-23 02:16:25, 2026-06-23 02:31:45, 2026-06-23 02:46:16, 2026-06-23 03:01:30, 2026-06-23 03:16:31, 2026-06-23 03:31:38, 2026-06-23 03:46:19, 2026-06-23 04:01:22", "cumulative_total": 57.0 }, "geometry": { "type": "Polygon", "coordinates": [ [ [ -72.891710197894326, 46.956186752505424 ], [ -72.898175433422054, 46.95890352457716 ], [ -72.8979720006581, 46.964095497634922 ], [ -72.891302063384188, 46.96657065502356 ], [ -72.884836278500273, 46.963853488711038 ], [ -72.885040980226691, 46.958661559318429 ], [ -72.891710197894326, 46.956186752505424 ] ] ] } },
{ "type": "Feature", "properties": { "hex_id": 633841, "centroid_lon": -72.890893701794766, "centroid_lat": 46.976954535901001, "occurrences_today": 17, "datetimes_today": "2026-06-23 00:01:15, 2026-06-23 00:16:30, 2026-06-23 00:31:23, 2026-06-23 00:46:43, 2026-06-23 01:01:29, 2026-06-23 01:16:23, 2026-06-23 01:31:42, 2026-06-23 01:46:17, 2026-06-23 02:01:15, 2026-06-23 02:16:25, 2026-06-23 02:31:45, 2026-06-23 02:46:16, 2026-06-23 03:01:30, 2026-06-23 03:16:31, 2026-06-23 03:31:38, 2026-06-23 03:46:19, 2026-06-23 04:01:22", "cumulative_total": 57.0 }, "geometry": { "type": "Polygon", "coordinates": [ [ [ -72.891097910984271, 46.971762598167459 ], [ -72.897564965359123, 46.97447942753255 ], [ -72.89736136278465, 46.979671384372047 ], [ -72.890689435795835, 46.982146468223974 ], [ -72.884221831625268, 46.979429244402397 ], [ -72.884426704219422, 46.974237331253214 ], [ -72.891097910984271, 46.971762598167459 ] ] ] } },
{ "type": "Feature", "properties": { "hex_id": 633842, "centroid_lon": -72.890280733290425, "centroid_lat": 46.992530316637534, "occurrences_today": 8, "datetimes_today": "2026-06-23 00:01:15, 2026-06-23 00:16:30, 2026-06-23 00:31:23, 2026-06-23 00:46:43, 2026-06-23 01:01:29, 2026-06-23 01:16:23, 2026-06-23 01:31:42, 2026-06-23 01:46:17", "cumulative_total": 48.0 }, "geometry": { "type": "Polygon", "coordinates": [ [ [ -72.890485112967653, 46.98733839513622 ], [ -72.896953987686928, 46.990055281831502 ], [ -72.896750215124172, 46.99524722245107 ], [ -72.890076296744311, 46.997722232727718 ], [ -72.883606871789368, 46.995004951360087 ], [ -72.88381191543013, 46.989813054456036 ], [ -72.890485112967653, 46.98733839513622 ] ] ] } },
{ "type": "Feature", "properties": { "hex_id": 633843, "centroid_lon": -72.889667252965964, "centroid_lat": 47.008106048673959, "occurrences_today": 8, "datetimes_today": "2026-06-23 00:01:15, 2026-06-23 00:16:30, 2026-06-23 00:31:23, 2026-06-23 00:46:43, 2026-06-23 01:01:29, 2026-06-23 01:16:23, 2026-06-23 01:31:42, 2026-06-23 01:46:17", "cumulative_total": 48.0 }, "geometry": { "type": "Polygon", "coordinates": [ [ [ -72.889871803309433, 47.002914143406585 ], [ -72.896342499871963, 47.005631087468956 ], [ -72.896138557142919, 47.010823011866911 ], [ -72.889462645694039, 47.013297948529662 ], [ -72.882991398455474, 47.01058060957898 ], [ -72.883196613321957, 47.005388728921737 ], [ -72.889871803309433, 47.002914143406585 ] ] ] } },
{ "type": "Feature", "properties": { "hex_id": 633844, "centroid_lon": -72.889053260285309, "centroid_lat": 47.023681732005222, "occurrences_today": 8, "datetimes_today": "2026-06-23 00:01:15, 2026-06-23 00:16:30, 2026-06-23 00:31:23, 2026-06-23 00:46:43, 2026-06-23 01:01:29, 2026-06-23 01:16:23, 2026-06-23 01:31:42, 2026-06-23 01:46:17", "cumulative_total": 48.0 }, "geometry": { "type": "Polygon", "coordinates": [ [ [ -72.889257981473776, 47.018489842973473 ], [ -72.89573050137993, 47.021206844439881 ], [ -72.895526388306337, 47.026398752614526 ], [ -72.888848482108713, 47.028873615624732 ], [ -72.882375411085732, 47.02615621905391 ], [ -72.882580797357321, 47.020964354645237 ], [ -72.889257981473776, 47.018489842973473 ] ] ] } },
{ "type": "Feature", "properties": { "hex_id": 634444, "centroid_lon": -72.888919521511227, "centroid_lat": 46.860013872398874, "occurrences_today": 17, "datetimes_today": "2026-06-23 00:01:15, 2026-06-23 00:16:30, 2026-06-23 00:31:23, 2026-06-23 00:46:43, 2026-06-23 01:01:29, 2026-06-23 01:16:23, 2026-06-23 01:31:42, 2026-06-23 01:46:17, 2026-06-23 02:01:15, 2026-06-23 02:16:25, 2026-06-23 02:31:45, 2026-06-23 02:46:16, 2026-06-23 03:01:30, 2026-06-23 03:16:31, 2026-06-23 03:31:38, 2026-06-23 03:46:19, 2026-06-23 04:01:22", "cumulative_total": 57.0 }, "geometry": { "type": "Polygon", "coordinates": [ [ [ -72.889123088670743, 46.854821834760656 ], [ -72.895576180356741, 46.857538599541741 ], [ -72.895373215980442, 46.862730656259671 ], [ -72.88871589781067, 46.865205904626606 ], [ -72.882262259892286, 46.862488746945438 ], [ -72.882466486356407, 46.857296733864949 ], [ -72.889123088670743, 46.854821834760656 ] ] ] } },
{ "type": "Feature", "properties": { "hex_id": 634445, "centroid_lon": -72.888308480707863, "centroid_lat": 46.875589952849907, "occurrences_today": 17, "datetimes_today": "2026-06-23 00:01:15, 2026-06-23 00:16:30, 2026-06-23 00:31:23, 2026-06-23 00:46:43, 2026-06-23 01:01:29, 2026-06-23 01:16:23, 2026-06-23 01:31:42, 2026-06-23 01:46:17, 2026-06-23 02:01:15, 2026-06-23 02:16:25, 2026-06-23 02:31:45, 2026-06-23 02:46:16, 2026-06-23 03:01:30, 2026-06-23 03:16:31, 2026-06-23 03:31:38, 2026-06-23 03:46:19, 2026-06-23 04:01:22", "cumulative_total": 57.0 }, "geometry": { "type": "Polygon", "coordinates": [ [ [ -72.888512217549433, 46.870397931443684 ], [ -72.894967118080544, 46.873114753476138 ], [ -72.894763984517724, 46.878306793974311 ], [ -72.888104687266249, 46.880781968845113 ], [ -72.881649240066253, 46.878064753697664 ], [ -72.881853636766948, 46.872872756861987 ], [ -72.888512217549433, 46.870397931443684 ] ] ] } },
{ "type": "Feature", "properties": { "hex_id": 634446, "centroid_lon": -72.887696930504163, "centroid_lat": 46.891165984601606, "occurrences_today": 17, "datetimes_today": "2026-06-23 00:01:15, 2026-06-23 00:16:30, 2026-06-23 00:31:23, 2026-06-23 00:46:43, 2026-06-23 01:01:29, 2026-06-23 01:16:23, 2026-06-23 01:31:42, 2026-06-23 01:46:17, 2026-06-23 02:01:15, 2026-06-23 02:16:25, 2026-06-23 02:31:45, 2026-06-23 02:46:16, 2026-06-23 03:01:30, 2026-06-23 03:16:31, 2026-06-23 03:31:38, 2026-06-23 03:46:19, 2026-06-23 04:01:22", "cumulative_total": 57.0 }, "geometry": { "type": "Polygon", "coordinates": [ [ [ -72.88790083720491, 46.885973979429075 ], [ -72.894357548068228, 46.888690858749584 ], [ -72.894154245142275, 46.893882883026308 ], [ -72.887492967144297, 46.896357984362545 ], [ -72.88103570917518, 46.893640711712031 ], [ -72.881240276290129, 46.888448731122885 ], [ -72.88790083720491, 46.885973979429075 ] ] ] } },
{ "type": "Feature", "properties": { "hex_id": 634447, "centroid_lon": -72.88708487036827, "centroid_lat": 46.906741967648792, "occurrences_today": 17, "datetimes_today": "2026-06-23 00:01:15, 2026-06-23 00:16:30, 2026-06-23 00:31:23, 2026-06-23 00:46:43, 2026-06-23 01:01:29, 2026-06-23 01:16:23, 2026-06-23 01:31:42, 2026-06-23 01:46:17, 2026-06-23 02:01:15, 2026-06-23 02:16:25, 2026-06-23 02:31:45, 2026-06-23 02:46:16, 2026-06-23 03:01:30, 2026-06-23 03:16:31, 2026-06-23 03:31:38, 2026-06-23 03:46:19, 2026-06-23 04:01:22", "cumulative_total": 57.0 }, "geometry": { "type": "Polygon", "coordinates": [ [ [ -72.887288947105574, 46.901549978711657 ], [ -72.893747469789702, 46.904266915356949 ], [ -72.893543997323746, 46.909458923410511 ], [ -72.886880736912659, 46.911933951173737 ], [ -72.880421666685379, 46.90921662098328 ], [ -72.880626404392586, 46.904024656642413 ], [ -72.887288947105574, 46.901549978711657 ] ] ] } },
{ "type": "Feature", "properties": { "hex_id": 634448, "centroid_lon": -72.886472299767505, "centroid_lat": 46.922317901986311, "occurrences_today": 17, "datetimes_today": "2026-06-23 00:01:15, 2026-06-23 00:16:30, 2026-06-23 00:31:23, 2026-06-23 00:46:43, 2026-06-23 01:01:29, 2026-06-23 01:16:23, 2026-06-23 01:31:42, 2026-06-23 01:46:17, 2026-06-23 02:01:15, 2026-06-23 02:16:25, 2026-06-23 02:31:45, 2026-06-23 02:46:16, 2026-06-23 03:01:30, 2026-06-23 03:16:31, 2026-06-23 03:31:38, 2026-06-23 03:46:19, 2026-06-23 04:01:22", "cumulative_total": 57.0 }, "geometry": { "type": "Polygon", "coordinates": [ [ [ -72.886676546718988, 46.917125929286307 ], [ -72.893136882714074, 46.919842923293146 ], [ -72.892933240530994, 46.925034915121842 ], [ -72.886267996038441, 46.927509869273557 ], [ -72.879807112062437, 46.924792481506266 ], [ -72.880012020540121, 46.919600533415405 ], [ -72.886676546718988, 46.917125929286307 ] ] ] } },
{ "type": "Feature", "properties": { "hex_id": 634449, "centroid_lon": -72.885859218168449, "centroid_lat": 46.937893787608999, "occurrences_today": 17, "datetimes_today": "2026-06-23 00:01:15, 2026-06-23 00:16:30, 2026-06-23 00:31:23, 2026-06-23 00:46:43, 2026-06-23 01:01:29, 2026-06-23 01:16:23, 2026-06-23 01:31:42, 2026-06-23 01:46:17, 2026-06-23 02:01:15, 2026-06-23 02:16:25, 2026-06-23 02:31:45, 2026-06-23 02:46:16, 2026-06-23 03:01:30, 2026-06-23 03:16:31, 2026-06-23 03:31:38, 2026-06-23 03:46:19, 2026-06-23 04:01:22", "cumulative_total": 57.0 }, "geometry": { "type": "Polygon", "coordinates": [ [ [ -72.886063635512016, 46.932701831147838 ], [ -72.892525786309704, 46.935418882553037 ], [ -72.892321974232075, 46.940610858155168 ], [ -72.885654743987942, 46.943085738656841 ], [ -72.879192044771145, 46.94036829327576 ], [ -72.879397124197794, 46.935176361436632 ], [ -72.886063635512016, 46.932701831147838 ] ] ] } },
{ "type": "Feature", "properties": { "hex_id": 634450, "centroid_lon": -72.885245625036873, "centroid_lat": 46.953469624511719, "occurrences_today": 17, "datetimes_today": "2026-06-23 00:01:15, 2026-06-23 00:16:30, 2026-06-23 00:31:23, 2026-06-23 00:46:43, 2026-06-23 01:01:29, 2026-06-23 01:16:23, 2026-06-23 01:31:42, 2026-06-23 01:46:17, 2026-06-23 02:01:15, 2026-06-23 02:16:25, 2026-06-23 02:31:45, 2026-06-23 02:46:16, 2026-06-23 03:01:30, 2026-06-23 03:16:31, 2026-06-23 03:31:38, 2026-06-23 03:46:19, 2026-06-23 04:01:22", "cumulative_total": 57.0 }, "geometry": { "type": "Polygon", "coordinates": [ [ [ -72.885450212950687, 46.948277684291128 ], [ -72.891914180044139, 46.950994793131549 ], [ -72.891710197894326, 46.956186752505424 ], [ -72.885040980226691, 46.958661559318429 ], [ -72.878576464275525, 46.955944056286597 ], [ -72.878781714829884, 46.950752140700935 ], [ -72.885450212950687, 46.948277684291128 ] ] ] } },
{ "type": "Feature", "properties": { "hex_id": 634451, "centroid_lon": -72.884631519837811, "centroid_lat": 46.969045412689347, "occurrences_today": 8, "datetimes_today": "2026-06-23 00:01:15, 2026-06-23 00:16:30, 2026-06-23 00:31:23, 2026-06-23 00:46:43, 2026-06-23 01:01:29, 2026-06-23 01:16:23, 2026-06-23 01:31:42, 2026-06-23 01:46:17", "cumulative_total": 48.0 }, "geometry": { "type": "Polygon", "coordinates": [ [ [ -72.884836278500273, 46.963853488711038 ], [ -72.891302063384188, 46.96657065502356 ], [ -72.891097910984271, 46.971762598167459 ], [ -72.884426704219422, 46.974237331253214 ], [ -72.877960370038807, 46.971519770533583 ], [ -72.878165791899889, 46.966327871203113 ], [ -72.884836278500273, 46.963853488711038 ] ] ] } },
{ "type": "Feature", "properties": { "hex_id": 634452, "centroid_lon": -72.884016902035469, "centroid_lat": 46.984621152136732, "occurrences_today": 8, "datetimes_today": "2026-06-23 00:01:15, 2026-06-23 00:16:30, 2026-06-23 00:31:23, 2026-06-23 00:46:43, 2026-06-23 01:01:29, 2026-06-23 01:16:23, 2026-06-23 01:31:42, 2026-06-23 01:46:17", "cumulative_total": 48.0 }, "geometry": { "type": "Polygon", "coordinates": [ [ [ -72.884221831625268, 46.979429244402397 ], [ -72.890689435795835, 46.982146468223974 ], [ -72.890485112967653, 46.98733839513622 ], [ -72.88381191543013, 46.989813054456036 ], [ -72.877343761523406, 46.987095436011543 ], [ -72.877549354870496, 46.981903552937986 ], [ -72.884221831625268, 46.979429244402397 ] ] ] } },
{ "type": "Feature", "properties": { "hex_id": 634453, "centroid_lon": -72.883401771093276, "centroid_lat": 47.00019684284873, "occurrences_today": 8, "datetimes_today": "2026-06-23 00:01:15, 2026-06-23 00:16:30, 2026-06-23 00:31:23, 2026-06-23 00:46:43, 2026-06-23 01:01:29, 2026-06-23 01:16:23, 2026-06-23 01:31:42, 2026-06-23 01:46:17", "cumulative_total": 48.0 }, "geometry": { "type": "Polygon", "coordinates": [ [ [ -72.883606871789368, 46.995004951360087 ], [ -72.890076296744311, 46.997722232727718 ], [ -72.889871803309433, 47.002914143406585 ], [ -72.883196613321957, 47.005388728921737 ], [ -72.876726638191002, 47.002671052715272 ], [ -72.876932403203625, 46.997479185900374 ], [ -72.883606871789368, 46.995004951360087 ] ] ] } },
{ "type": "Feature", "properties": { "hex_id": 634454, "centroid_lon": -72.882786126473917, "centroid_lat": 47.015772484820197, "occurrences_today": 8, "datetimes_today": "2026-06-23 00:01:15, 2026-06-23 00:16:30, 2026-06-23 00:31:23, 2026-06-23 00:46:43, 2026-06-23 01:01:29, 2026-06-23 01:16:23, 2026-06-23 01:31:42, 2026-06-23 01:46:17", "cumulative_total": 48.0 }, "geometry": { "type": "Polygon", "coordinates": [ [ [ -72.882991398455474, 47.01058060957898 ], [ -72.889462645694039, 47.013297948529662 ], [ -72.889257981473776, 47.018489842973473 ], [ -72.882580797357321, 47.020964354645237 ], [ -72.876108999502435, 47.018246620639623 ], [ -72.876314936360401, 47.013054770085098 ], [ -72.882991398455474, 47.01058060957898 ] ] ] } },
{ "type": "Feature", "properties": { "hex_id": 635055, "centroid_lon": -72.88205797670237, "centroid_lat": 46.867680754611186, "occurrences_today": 17, "datetimes_today": "2026-06-23 00:01:15, 2026-06-23 00:16:30, 2026-06-23 00:31:23, 2026-06-23 00:46:43, 2026-06-23 01:01:29, 2026-06-23 01:16:23, 2026-06-23 01:31:42, 2026-06-23 01:46:17, 2026-06-23 02:01:15, 2026-06-23 02:16:25, 2026-06-23 02:31:45, 2026-06-23 02:46:16, 2026-06-23 03:01:30, 2026-06-23 03:16:31, 2026-06-23 03:31:38, 2026-06-23 03:46:19, 2026-06-23 04:01:22", "cumulative_total": 57.0 }, "geometry": { "type": "Polygon", "coordinates": [ [ [ -72.882262259892286, 46.862488746945438 ], [ -72.88871589781067, 46.865205904626606 ], [ -72.888512217549433, 46.870397931443684 ], [ -72.881853636766948, 46.872872756861987 ], [ -72.875399452675268, 46.870155206115051 ], [ -72.875604395519645, 46.864963223083116 ], [ -72.882262259892286, 46.862488746945438 ] ] ] } },
{ "type": "Feature", "properties": { "hex_id": 635056, "centroid_lon": -72.881444786580573, "centroid_lat": 46.883256745118032, "occurrences_today": 17, "datetimes_today": "2026-06-23 00:01:15, 2026-06-23 00:16:30, 2026-06-23 00:31:23, 2026-06-23 00:46:43, 2026-06-23 01:01:29, 2026-06-23 01:16:23, 2026-06-23 01:31:42, 2026-06-23 01:46:17, 2026-06-23 02:01:15, 2026-06-23 02:16:25, 2026-06-23 02:31:45, 2026-06-23 02:46:16, 2026-06-23 03:01:30, 2026-06-23 03:16:31, 2026-06-23 03:31:38, 2026-06-23 03:46:19, 2026-06-23 04:01:22", "cumulative_total": 57.0 }, "geometry": { "type": "Polygon", "coordinates": [ [ [ -72.881649240066253, 46.878064753697664 ], [ -72.888104687266249, 46.880781968845113 ], [ -72.88790083720491, 46.885973979429075 ], [ -72.881240276290129, 46.888448731122885 ], [ -72.87478428248042, 46.885731122694693 ], [ -72.874989396175465, 46.880539155921035 ], [ -72.881649240066253, 46.878064753697664 ] ] ] } },
{ "type": "Feature", "properties": { "hex_id": 635057, "centroid_lon": -72.880831085215917, "centroid_lat": 46.898832686885257, "occurrences_today": 17, "datetimes_today": "2026-06-23 00:01:15, 2026-06-23 00:16:30, 2026-06-23 00:31:23, 2026-06-23 00:46:43, 2026-06-23 01:01:29, 2026-06-23 01:16:23, 2026-06-23 01:31:42, 2026-06-23 01:46:17, 2026-06-23 02:01:15, 2026-06-23 02:16:25, 2026-06-23 02:31:45, 2026-06-23 02:46:16, 2026-06-23 03:01:30, 2026-06-23 03:16:31, 2026-06-23 03:31:38, 2026-06-23 03:46:19, 2026-06-23 04:01:22", "cumulative_total": 57.0 }, "geometry": { "type": "Polygon", "coordinates": [ [ [ -72.88103570917518, 46.893640711712031 ], [ -72.887492967144297, 46.896357984362545 ], [ -72.887288947105574, 46.901549978711657 ], [ -72.880626404392586, 46.904024656642413 ], [ -72.874168599376887, 46.901306990496025 ], [ -72.87437388410099, 46.896115039982391 ], [ -72.88103570917518, 46.893640711712031 ] ] ] } },
{ "type": "Feature", "properties": { "hex_id": 635058, "centroid_lon": -72.880216872074499, "centroid_lat": 46.914408579907679, "occurrences_today": 17, "datetimes_today": "2026-06-23 00:01:15, 2026-06-23 00:16:30, 2026-06-23 00:31:23, 2026-06-23 00:46:43, 2026-06-23 01:01:29, 2026-06-23 01:16:23, 2026-06-23 01:31:42, 2026-06-23 01:46:17, 2026-06-23 02:01:15, 2026-06-23 02:16:25, 2026-06-23 02:31:45, 2026-06-23 02:46:16, 2026-06-23 03:01:30, 2026-06-23 03:16:31, 2026-06-23 03:31:38, 2026-06-23 03:46:19, 2026-06-23 04:01:22", "cumulative_total": 57.0 }, "geometry": { "type": "Polygon", "coordinates": [ [ [ -72.880421666685379, 46.90921662098328 ], [ -72.886880736912659, 46.911933951173737 ], [ -72.886676546718988, 46.917125929286307 ], [ -72.880012020540121, 46.919600533415405 ], [ -72.873552402829006, 46.916882809513829 ], [ -72.873757858760769, 46.911690875261939 ], [ -72.880421666685379, 46.90921662098328 ] ] ] } },
{ "type": "Feature", "properties": { "hex_id": 635059, "centroid_lon": -72.879602146621608, "centroid_lat": 46.92998442418007, "occurrences_today": 17, "datetimes_today": "2026-06-23 00:01:15, 2026-06-23 00:16:30, 2026-06-23 00:31:23, 2026-06-23 00:46:43, 2026-06-23 01:01:29, 2026-06-23 01:16:23, 2026-06-23 01:31:42, 2026-06-23 01:46:17, 2026-06-23 02:01:15, 2026-06-23 02:16:25, 2026-06-23 02:31:45, 2026-06-23 02:46:16, 2026-06-23 03:01:30, 2026-06-23 03:16:31, 2026-06-23 03:31:38, 2026-06-23 03:46:19, 2026-06-23 04:01:22", "cumulative_total": 57.0 }, "geometry": { "type": "Polygon", "coordinates": [ [ [ -72.879807112062437, 46.924792481506266 ], [ -72.886267996038441, 46.927509869273557 ], [ -72.886063635512016, 46.932701831147838 ], [ -72.879397124197794, 46.935176361436632 ], [ -72.872935692300288, 46.932458579742843 ], [ -72.873141319618654, 46.92726666175448 ], [ -72.879807112062437, 46.924792481506266 ] ] ] } },
{ "type": "Feature", "properties": { "hex_id": 635060, "centroid_lon": -72.878986908321806, "centroid_lat": 46.945560219697263, "occurrences_today": 8, "datetimes_today": "2026-06-23 00:01:15, 2026-06-23 00:16:30, 2026-06-23 00:31:23, 2026-06-23 00:46:43, 2026-06-23 01:01:29, 2026-06-23 01:16:23, 2026-06-23 01:31:42, 2026-06-23 01:46:17", "cumulative_total": 48.0 }, "geometry": { "type": "Polygon", "coordinates": [ [ [ -72.879192044771145, 46.94036829327576 ], [ -72.885654743987942, 46.943085738656841 ], [ -72.885450212950687, 46.948277684291128 ], [ -72.878781714829884, 46.950752140700935 ], [ -72.872318467253507, 46.94803430117787 ], [ -72.872524266137646, 46.942842399454747 ], [ -72.879192044771145, 46.94036829327576 ] ] ] } },
{ "type": "Feature", "properties": { "hex_id": 635061, "centroid_lon": -72.878371156638835, "centroid_lat": 46.961135966454052, "occurrences_today": 8, "datetimes_today": "2026-06-23 00:01:15, 2026-06-23 00:16:30, 2026-06-23 00:31:23, 2026-06-23 00:46:43, 2026-06-23 01:01:29, 2026-06-23 01:16:23, 2026-06-23 01:31:42, 2026-06-23 01:46:17", "cumulative_total": 48.0 }, "geometry": { "type": "Polygon", "coordinates": [ [ [ -72.878576464275525, 46.955944056286597 ], [ -72.885040980226691, 46.958661559318429 ], [ -72.884836278500273, 46.963853488711038 ], [ -72.878165791899889, 46.966327871203113 ], [ -72.871700727150639, 46.963609973813654 ], [ -72.871906697779963, 46.958418088357504 ], [ -72.878576464275525, 46.955944056286597 ] ] ] } },
{ "type": "Feature", "properties": { "hex_id": 635062, "centroid_lon": -72.87775489103565, "centroid_lat": 46.976711664445268, "occurrences_today": 8, "datetimes_today": "2026-06-23 00:01:15, 2026-06-23 00:16:30, 2026-06-23 00:31:23, 2026-06-23 00:46:43, 2026-06-23 01:01:29, 2026-06-23 01:16:23, 2026-06-23 01:31:42, 2026-06-23 01:46:17", "cumulative_total": 48.0 }, "geometry": { "type": "Polygon", "coordinates": [ [ [ -72.877960370038807, 46.971519770533583 ], [ -72.884426704219422, 46.974237331253214 ], [ -72.884221831625268, 46.979429244402397 ], [ -72.877549354870496, 46.981903552937986 ], [ -72.871082471452851, 46.979185597644943 ], [ -72.871288614007042, 46.973993728457565 ], [ -72.877960370038807, 46.971519770533583 ] ] ] } },
{ "type": "Feature", "properties": { "hex_id": 635063, "centroid_lon": -72.877138110974442, "centroid_lat": 46.992287313665734, "occurrences_today": 8, "datetimes_today": "2026-06-23 00:01:15, 2026-06-23 00:16:30, 2026-06-23 00:31:23, 2026-06-23 00:46:43, 2026-06-23 01:01:29, 2026-06-23 01:16:23, 2026-06-23 01:31:42, 2026-06-23 01:46:17", "cumulative_total": 48.0 }, "geometry": { "type": "Polygon", "coordinates": [ [ [ -72.877343761523406, 46.987095436011543 ], [ -72.88381191543013, 46.989813054456036 ], [ -72.883606871789368, 46.995004951360087 ], [ -72.876932403203625, 46.997479185900374 ], [ -72.870463699620529, 46.994761172666571 ], [ -72.870670014279582, 46.989569319749656 ], [ -72.877343761523406, 46.987095436011543 ] ] ] } },
{ "type": "Feature", "properties": { "hex_id": 635064, "centroid_lon": -72.876520815916592, "centroid_lat": 47.007862914110248, "occurrences_today": 8, "datetimes_today": "2026-06-23 00:01:15, 2026-06-23 00:16:30, 2026-06-23 00:31:23, 2026-06-23 00:46:43, 2026-06-23 01:01:29, 2026-06-23 01:16:23, 2026-06-23 01:31:42, 2026-06-23 01:46:17", "cumulative_total": 48.0 }, "geometry": { "type": "Polygon", "coordinates": [ [ [ -72.876726638191002, 47.002671052715272 ], [ -72.883196613321957, 47.005388728921737 ], [ -72.882991398455474, 47.01058060957898 ], [ -72.876314936360401, 47.013054770085098 ], [ -72.869844411113291, 47.010336698873267 ], [ -72.870050898057414, 47.005144862228562 ], [ -72.876726638191002, 47.002671052715272 ] ] ] } },
{ "type": "Feature", "properties": { "hex_id": 635665, "centroid_lon": -72.8758092814534, "centroid_lat": 46.85977123463217, "occurrences_today": 8, "datetimes_today": "2026-06-23 00:01:15, 2026-06-23 00:16:30, 2026-06-23 00:31:23, 2026-06-23 00:46:43, 2026-06-23 01:01:29, 2026-06-23 01:16:23, 2026-06-23 01:31:42, 2026-06-23 01:46:17", "cumulative_total": 48.0 }, "geometry": { "type": "Polygon", "coordinates": [ [ [ -72.876014110496328, 46.854579240762362 ], [ -72.882466486356407, 46.857296733864949 ], [ -72.882262259892286, 46.862488746945438 ], [ -72.875604395519645, 46.864963223083116 ], [ -72.869151473981503, 46.86224533696403 ], [ -72.869356962474271, 46.857053367791281 ], [ -72.876014110496328, 46.854579240762362 ] ] ] } },
{ "type": "Feature", "properties": { "hex_id": 635666, "centroid_lon": -72.875194452900473, "centroid_lat": 46.87534718372774, "occurrences_today": 17, "datetimes_today": "2026-06-23 00:01:15, 2026-06-23 00:16:30, 2026-06-23 00:31:23, 2026-06-23 00:46:43, 2026-06-23 01:01:29, 2026-06-23 01:16:23, 2026-06-23 01:31:42, 2026-06-23 01:46:17, 2026-06-23 02:01:15, 2026-06-23 02:16:25, 2026-06-23 02:31:45, 2026-06-23 02:46:16, 2026-06-23 03:01:30, 2026-06-23 03:16:31, 2026-06-23 03:31:38, 2026-06-23 03:46:19, 2026-06-23 04:01:22", "cumulative_total": 57.0 }, "geometry": { "type": "Polygon", "coordinates": [ [ [ -72.875399452675268, 46.870155206115051 ], [ -72.881853636766948, 46.872872756861987 ], [ -72.881649240066253, 46.878064753697664 ], [ -72.874989396175465, 46.880539155921035 ], [ -72.86853466596979, 46.877821211942631 ], [ -72.868740325749101, 46.872629259039897 ], [ -72.875399452675268, 46.870155206115051 ] ] ] } },
{ "type": "Feature", "properties": { "hex_id": 635667, "centroid_lon": -72.874579111795541, "centroid_lat": 46.890923084048531, "occurrences_today": 17, "datetimes_today": "2026-06-23 00:01:15, 2026-06-23 00:16:30, 2026-06-23 00:31:23, 2026-06-23 00:46:43, 2026-06-23 01:01:29, 2026-06-23 01:16:23, 2026-06-23 01:31:42, 2026-06-23 01:46:17, 2026-06-23 02:01:15, 2026-06-23 02:16:25, 2026-06-23 02:31:45, 2026-06-23 02:46:16, 2026-06-23 03:01:30, 2026-06-23 03:16:31, 2026-06-23 03:31:38, 2026-06-23 03:46:19, 2026-06-23 04:01:22", "cumulative_total": 57.0 }, "geometry": { "type": "Polygon", "coordinates": [ [ [ -72.87478428248042, 46.885731122694693 ], [ -72.881240276290129, 46.888448731122885 ], [ -72.88103570917518, 46.893640711712031 ], [ -72.87437388410099, 46.896115039982391 ], [ -72.867917343740942, 46.893397038107665 ], [ -72.868123174985584, 46.888205101476707 ], [ -72.87478428248042, 46.885731122694693 ] ] ] } },
{ "type": "Feature", "properties": { "hex_id": 635668, "centroid_lon": -72.87396325760345, "centroid_lat": 46.906498935589283, "occurrences_today": 17, "datetimes_today": "2026-06-23 00:01:15, 2026-06-23 00:16:30, 2026-06-23 00:31:23, 2026-06-23 00:46:43, 2026-06-23 01:01:29, 2026-06-23 01:16:23, 2026-06-23 01:31:42, 2026-06-23 01:46:17, 2026-06-23 02:01:15, 2026-06-23 02:16:25, 2026-06-23 02:31:45, 2026-06-23 02:46:16, 2026-06-23 03:01:30, 2026-06-23 03:16:31, 2026-06-23 03:31:38, 2026-06-23 03:46:19, 2026-06-23 04:01:22", "cumulative_total": 57.0 }, "geometry": { "type": "Polygon", "coordinates": [ [ [ -72.874168599376887, 46.901306990496025 ], [ -72.880626404392586, 46.904024656642413 ], [ -72.880421666685379, 46.90921662098328 ], [ -72.873757858760769, 46.911690875261939 ], [ -72.867299506758016, 46.908972815453801 ], [ -72.86750550964706, 46.903780895096389 ], [ -72.874168599376887, 46.901306990496025 ] ] ] } },
{ "type": "Feature", "properties": { "hex_id": 635669, "centroid_lon": -72.873346889788252, "centroid_lat": 46.92207473834474, "occurrences_today": 8, "datetimes_today": "2026-06-23 00:01:15, 2026-06-23 00:16:30, 2026-06-23 00:31:23, 2026-06-23 00:46:43, 2026-06-23 01:01:29, 2026-06-23 01:16:23, 2026-06-23 01:31:42, 2026-06-23 01:46:17", "cumulative_total": 48.0 }, "geometry": { "type": "Polygon", "coordinates": [ [ [ -72.873552402829006, 46.916882809513829 ], [ -72.880012020540121, 46.919600533415405 ], [ -72.879807112062437, 46.924792481506266 ], [ -72.873141319618654, 46.92726666175448 ], [ -72.866681154483302, 46.92454854397581 ], [ -72.866887329196075, 46.919356639893699 ], [ -72.873552402829006, 46.916882809513829 ] ] ] } },
{ "type": "Feature", "properties": { "hex_id": 635670, "centroid_lon": -72.87273000781326, "centroid_lat": 46.937650492309672, "occurrences_today": 8, "datetimes_today": "2026-06-23 00:01:15, 2026-06-23 00:16:30, 2026-06-23 00:31:23, 2026-06-23 00:46:43, 2026-06-23 01:01:29, 2026-06-23 01:16:23, 2026-06-23 01:31:42, 2026-06-23 01:46:17", "cumulative_total": 48.0 }, "geometry": { "type": "Polygon", "coordinates": [ [ [ -72.872935692300288, 46.932458579742843 ], [ -72.879397124197794, 46.935176361436632 ], [ -72.879192044771145, 46.94036829327576 ], [ -72.872524266137646, 46.942842399454747 ], [ -72.866062286378295, 46.940124223668377 ], [ -72.866268633094379, 46.934932335863337 ], [ -72.872935692300288, 46.932458579742843 ] ] ] } },
{ "type": "Feature", "properties": { "hex_id": 635671, "centroid_lon": -72.872112611140935, "centroid_lat": 46.953226197478855, "occurrences_today": 8, "datetimes_today": "2026-06-23 00:01:15, 2026-06-23 00:16:30, 2026-06-23 00:31:23, 2026-06-23 00:46:43, 2026-06-23 01:01:29, 2026-06-23 01:16:23, 2026-06-23 01:31:42, 2026-06-23 01:46:17", "cumulative_total": 48.0 }, "geometry": { "type": "Polygon", "coordinates": [ [ [ -72.872318467253507, 46.94803430117787 ], [ -72.878781714829884, 46.950752140700935 ], [ -72.878576464275525, 46.955944056286597 ], [ -72.871906697779963, 46.958418088357504 ], [ -72.865442901903734, 46.955699854526266 ], [ -72.865649420802981, 46.950507983000044 ], [ -72.872318467253507, 46.94803430117787 ] ] ] } },
{ "type": "Feature", "properties": { "hex_id": 635672, "centroid_lon": -72.871494699232983, "centroid_lat": 46.968801853847054, "occurrences_today": 8, "datetimes_today": "2026-06-23 00:01:15, 2026-06-23 00:16:30, 2026-06-23 00:31:23, 2026-06-23 00:46:43, 2026-06-23 01:01:29, 2026-06-23 01:16:23, 2026-06-23 01:31:42, 2026-06-23 01:46:17", "cumulative_total": 48.0 }, "geometry": { "type": "Polygon", "coordinates": [ [ [ -72.871700727150639, 46.963609973813654 ], [ -72.878165791899889, 46.966327871203113 ], [ -72.877960370038807, 46.971519770533583 ], [ -72.871288614007042, 46.973993728457565 ], [ -72.864823000519522, 46.971275436544161 ], [ -72.865029691782041, 46.96608358129852 ], [ -72.871700727150639, 46.963609973813654 ] ] ] } },
{ "type": "Feature", "properties": { "hex_id": 635673, "centroid_lon": -72.870876271550358, "centroid_lat": 46.984377461409046, "occurrences_today": 8, "datetimes_today": "2026-06-23 00:01:15, 2026-06-23 00:16:30, 2026-06-23 00:31:23, 2026-06-23 00:46:43, 2026-06-23 01:01:29, 2026-06-23 01:16:23, 2026-06-23 01:31:42, 2026-06-23 01:46:17", "cumulative_total": 48.0 }, "geometry": { "type": "Polygon", "coordinates": [ [ [ -72.871082471452851, 46.979185597644943 ], [ -72.877549354870496, 46.981903552937986 ], [ -72.877343761523406, 46.987095436011543 ], [ -72.870670014279582, 46.989569319749656 ], [ -72.864202581684808, 46.986850969716819 ], [ -72.864409445490963, 46.981659130753513 ], [ -72.871082471452851, 46.979185597644943 ] ] ] } },
{ "type": "Feature", "properties": { "hex_id": 635674, "centroid_lon": -72.870257327553148, "centroid_lat": 46.999953020159616, "occurrences_today": 8, "datetimes_today": "2026-06-23 00:01:15, 2026-06-23 00:16:30, 2026-06-23 00:31:23, 2026-06-23 00:46:43, 2026-06-23 01:01:29, 2026-06-23 01:16:23, 2026-06-23 01:31:42, 2026-06-23 01:46:17", "cumulative_total": 48.0 }, "geometry": { "type": "Polygon", "coordinates": [ [ [ -72.870463699620529, 46.994761172666571 ], [ -72.876932403203625, 46.997479185900374 ], [ -72.876726638191002, 47.002671052715272 ], [ -72.870050898057414, 47.005144862228562 ], [ -72.863581644857931, 47.002426454038982 ], [ -72.863788681388371, 46.997234631359746 ], [ -72.870463699620529, 46.994761172666571 ] ] ] } },
{ "type": "Feature", "properties": { "hex_id": 636276, "centroid_lon": -72.868945928413055, "centroid_lat": 46.867437300713632, "occurrences_today": 17, "datetimes_today": "2026-06-23 00:01:15, 2026-06-23 00:16:30, 2026-06-23 00:31:23, 2026-06-23 00:46:43, 2026-06-23 01:01:29, 2026-06-23 01:16:23, 2026-06-23 01:31:42, 2026-06-23 01:46:17, 2026-06-23 02:01:15, 2026-06-23 02:16:25, 2026-06-23 02:31:45, 2026-06-23 02:46:16, 2026-06-23 03:01:30, 2026-06-23 03:16:31, 2026-06-23 03:31:38, 2026-06-23 03:46:19, 2026-06-23 04:01:22", "cumulative_total": 57.0 }, "geometry": { "type": "Polygon", "coordinates": [ [ [ -72.869151473981503, 46.86224533696403 ], [ -72.875604395519645, 46.864963223083116 ], [ -72.875399452675268, 46.870155206115051 ], [ -72.868740325749101, 46.872629259039897 ], [ -72.862286858592327, 46.869910979738655 ], [ -72.862493063960486, 46.864719040762253 ], [ -72.869151473981503, 46.86224533696403 ] ] ] } },
{ "type": "Feature", "properties": { "hex_id": 636277, "centroid_lon": -72.868328949055254, "centroid_lat": 46.88301315942163, "occurrences_today": 17, "datetimes_today": "2026-06-23 00:01:15, 2026-06-23 00:16:30, 2026-06-23 00:31:23, 2026-06-23 00:46:43, 2026-06-23 01:01:29, 2026-06-23 01:16:23, 2026-06-23 01:31:42, 2026-06-23 01:46:17, 2026-06-23 02:01:15, 2026-06-23 02:16:25, 2026-06-23 02:31:45, 2026-06-23 02:46:16, 2026-06-23 03:01:30, 2026-06-23 03:16:31, 2026-06-23 03:31:38, 2026-06-23 03:46:19, 2026-06-23 04:01:22", "cumulative_total": 57.0 }, "geometry": { "type": "Polygon", "coordinates": [ [ [ -72.86853466596979, 46.877821211942631 ], [ -72.874989396175465, 46.880539155921035 ], [ -72.87478428248042, 46.885731122694693 ], [ -72.868123174985584, 46.888205101476707 ], [ -72.861667898725472, 46.88548676410111 ], [ -72.861874275994751, 46.880294841408286 ], [ -72.86853466596979, 46.877821211942631 ] ] ] } },
{ "type": "Feature", "properties": { "hex_id": 636278, "centroid_lon": -72.867711455301404, "centroid_lat": 46.898588969314275, "occurrences_today": 8, "datetimes_today": "2026-06-23 00:01:15, 2026-06-23 00:16:30, 2026-06-23 00:31:23, 2026-06-23 00:46:43, 2026-06-23 01:01:29, 2026-06-23 01:16:23, 2026-06-23 01:31:42, 2026-06-23 01:46:17", "cumulative_total": 48.0 }, "geometry": { "type": "Polygon", "coordinates": [ [ [ -72.867917343740942, 46.893397038107665 ], [ -72.87437388410099, 46.896115039982391 ], [ -72.874168599376887, 46.901306990496025 ], [ -72.86750550964706, 46.903780895096389 ], [ -72.861048422796316, 46.901062499609296 ], [ -72.861254972146199, 46.89587059320182 ], [ -72.867917343740942, 46.893397038107665 ] ] ] } },
{ "type": "Feature", "properties": { "hex_id": 636279, "centroid_lon": -72.867093446614334, "centroid_lat": 46.914164730386318, "occurrences_today": 8, "datetimes_today": "2026-06-23 00:01:15, 2026-06-23 00:16:30, 2026-06-23 00:31:23, 2026-06-23 00:46:43, 2026-06-23 01:01:29, 2026-06-23 01:16:23, 2026-06-23 01:31:42, 2026-06-23 01:46:17", "cumulative_total": 48.0 }, "geometry": { "type": "Polygon", "coordinates": [ [ [ -72.867299506758016, 46.908972815453801 ], [ -72.873757858760769, 46.911690875261939 ], [ -72.873552402829006, 46.916882809513829 ], [ -72.866887329196075, 46.919356639893699 ], [ -72.860428430265927, 46.916638186257892 ], [ -72.860635151876167, 46.911446296137527 ], [ -72.867299506758016, 46.908972815453801 ] ] ] } },
{ "type": "Feature", "properties": { "hex_id": 636280, "centroid_lon": -72.86647492245605, "centroid_lat": 46.929740442632422, "occurrences_today": 8, "datetimes_today": "2026-06-23 00:01:15, 2026-06-23 00:16:30, 2026-06-23 00:31:23, 2026-06-23 00:46:43, 2026-06-23 01:01:29, 2026-06-23 01:16:23, 2026-06-23 01:31:42, 2026-06-23 01:46:17", "cumulative_total": 48.0 }, "geometry": { "type": "Polygon", "coordinates": [ [ [ -72.866681154483302, 46.92454854397581 ], [ -72.873141319618654, 46.92726666175448 ], [ -72.872935692300288, 46.932458579742843 ], [ -72.866268633094379, 46.934932335863337 ], [ -72.859807920594562, 46.932213824041561 ], [ -72.860014814645155, 46.927021950210111 ], [ -72.866681154483302, 46.92454854397581 ] ] ] } },
{ "type": "Feature", "properties": { "hex_id": 636281, "centroid_lon": -72.865855882287832, "centroid_lat": 46.945316106047358, "occurrences_today": 8, "datetimes_today": "2026-06-23 00:01:15, 2026-06-23 00:16:30, 2026-06-23 00:31:23, 2026-06-23 00:46:43, 2026-06-23 01:01:29, 2026-06-23 01:16:23, 2026-06-23 01:31:42, 2026-06-23 01:46:17", "cumulative_total": 48.0 }, "geometry": { "type": "Polygon", "coordinates": [ [ [ -72.866062286378295, 46.940124223668377 ], [ -72.872524266137646, 46.942842399454747 ], [ -72.872318467253507, 46.94803430117787 ], [ -72.865649420802981, 46.950507983000044 ], [ -72.85918689324167, 46.947789412955004 ], [ -72.859393959912865, 46.942597555414217 ], [ -72.866062286378295, 46.940124223668377 ] ] ] } },
{ "type": "Feature", "properties": { "hex_id": 636282, "centroid_lon": -72.865236325570109, "centroid_lat": 46.960891720625817, "occurrences_today": 8, "datetimes_today": "2026-06-23 00:01:15, 2026-06-23 00:16:30, 2026-06-23 00:31:23, 2026-06-23 00:46:43, 2026-06-23 01:01:29, 2026-06-23 01:16:23, 2026-06-23 01:31:42, 2026-06-23 01:46:17", "cumulative_total": 48.0 }, "geometry": { "type": "Polygon", "coordinates": [ [ [ -72.865442901903734, 46.955699854526266 ], [ -72.871906697779963, 46.958418088357504 ], [ -72.871700727150639, 46.963609973813654 ], [ -72.865029691782041, 46.96608358129852 ], [ -72.85856534766593, 46.963364952992897 ], [ -72.85877258713829, 46.958173111744543 ], [ -72.865442901903734, 46.955699854526266 ] ] ] } },
{ "type": "Feature", "properties": { "hex_id": 636283, "centroid_lon": -72.864616251762527, "centroid_lat": 46.976467286362556, "occurrences_today": 8, "datetimes_today": "2026-06-23 00:01:15, 2026-06-23 00:16:30, 2026-06-23 00:31:23, 2026-06-23 00:46:43, 2026-06-23 01:01:29, 2026-06-23 01:16:23, 2026-06-23 01:31:42, 2026-06-23 01:46:17", "cumulative_total": 48.0 }, "geometry": { "type": "Polygon", "coordinates": [ [ [ -72.864823000519522, 46.971275436544161 ], [ -72.871288614007042, 46.973993728457565 ], [ -72.871082471452851, 46.979185597644943 ], [ -72.864409445490963, 46.981659130753513 ], [ -72.857943283325213, 46.978940444149906 ], [ -72.8581506957795, 46.973748619195767 ], [ -72.864823000519522, 46.971275436544161 ] ] ] } },
{ "type": "Feature", "properties": { "hex_id": 636886, "centroid_lon": -72.862699212068108, "centroid_lat": 46.859527096358391, "occurrences_today": 9, "datetimes_today": "2026-06-23 00:01:15, 2026-06-23 00:16:30, 2026-06-23 00:31:23, 2026-06-23 00:46:43, 2026-06-23 01:01:29, 2026-06-23 01:16:23, 2026-06-23 01:31:42, 2026-06-23 01:46:17, 2026-06-23 02:01:15", "cumulative_total": 49.0 }, "geometry": { "type": "Polygon", "coordinates": [ [ [ -72.86290530293509, 46.854335146527262 ], [ -72.869356962474271, 46.857053367791281 ], [ -72.869151473981503, 46.86224533696403 ], [ -72.862493063960486, 46.864719040762253 ], [ -72.856040859297678, 46.862000426365441 ], [ -72.856247609759606, 46.856808501370715 ], [ -72.86290530293509, 46.854335146527262 ] ] ] } },
{ "type": "Feature", "properties": { "hex_id": 636887, "centroid_lon": -72.862080595943723, "centroid_lat": 46.875102913287392, "occurrences_today": 9, "datetimes_today": "2026-06-23 00:01:15, 2026-06-23 00:16:30, 2026-06-23 00:31:23, 2026-06-23 00:46:43, 2026-06-23 01:01:29, 2026-06-23 01:16:23, 2026-06-23 01:31:42, 2026-06-23 01:46:17, 2026-06-23 02:01:15", "cumulative_total": 49.0 }, "geometry": { "type": "Polygon", "coordinates": [ [ [ -72.862286858592327, 46.869910979738655 ], [ -72.868740325749101, 46.872629259039897 ], [ -72.86853466596979, 46.877821211942631 ], [ -72.861874275994751, 46.880294841408286 ], [ -72.855420263279015, 46.877576168759227 ], [ -72.855627186077356, 46.872384260059896 ], [ -72.862286858592327, 46.869910979738655 ] ] ] } },
{ "type": "Feature", "properties": { "hex_id": 636888, "centroid_lon": -72.861461464115933, "centroid_lat": 46.890678681365685, "occurrences_today": 8, "datetimes_today": "2026-06-23 00:01:15, 2026-06-23 00:16:30, 2026-06-23 00:31:23, 2026-06-23 00:46:43, 2026-06-23 01:01:29, 2026-06-23 01:16:23, 2026-06-23 01:31:42, 2026-06-23 01:46:17", "cumulative_total": 48.0 }, "geometry": { "type": "Polygon", "coordinates": [ [ [ -72.861667898725472, 46.88548676410111 ], [ -72.868123174985584, 46.888205101476707 ], [ -72.867917343740942, 46.893397038107665 ], [ -72.861254972146199, 46.89587059320182 ], [ -72.854799149891377, 46.893151862263267 ], [ -72.855006245206027, 46.887959969861107 ], [ -72.861667898725472, 46.88548676410111 ] ] ] } },
{ "type": "Feature", "properties": { "hex_id": 636889, "centroid_lon": -72.860841816046303, "centroid_lat": 46.906254400587933, "occurrences_today": 8, "datetimes_today": "2026-06-23 00:01:15, 2026-06-23 00:16:30, 2026-06-23 00:31:23, 2026-06-23 00:46:43, 2026-06-23 01:01:29, 2026-06-23 01:16:23, 2026-06-23 01:31:42, 2026-06-23 01:46:17", "cumulative_total": 48.0 }, "geometry": { "type": "Polygon", "coordinates": [ [ [ -72.861048422796316, 46.901062499609296 ], [ -72.86750550964706, 46.903780895096389 ], [ -72.867299506758016, 46.908972815453801 ], [ -72.860635151876167, 46.911446296137527 ], [ -72.854177518594554, 46.908727506872196 ], [ -72.854384786605678, 46.903535630769014 ], [ -72.861048422796316, 46.901062499609296 ] ] ] } },
{ "type": "Feature", "properties": { "hex_id": 636890, "centroid_lon": -72.860221651195602, "centroid_lat": 46.921830070948815, "occurrences_today": 8, "datetimes_today": "2026-06-23 00:01:15, 2026-06-23 00:16:30, 2026-06-23 00:31:23, 2026-06-23 00:46:43, 2026-06-23 01:01:29, 2026-06-23 01:16:23, 2026-06-23 01:31:42, 2026-06-23 01:46:17", "cumulative_total": 48.0 }, "geometry": { "type": "Polygon", "coordinates": [ [ [ -72.860428430265927, 46.916638186257892 ], [ -72.866887329196075, 46.919356639893699 ], [ -72.866681154483302, 46.92454854397581 ], [ -72.860014814645155, 46.927021950210111 ], [ -72.85355536884758, 46.924303102580659 ], [ -72.853762809735571, 46.919111242778222 ], [ -72.860428430265927, 46.916638186257892 ] ] ] } },
{ "type": "Feature", "properties": { "hex_id": 636891, "centroid_lon": -72.85960096902383, "centroid_lat": 46.937405692443001, "occurrences_today": 8, "datetimes_today": "2026-06-23 00:01:15, 2026-06-23 00:16:30, 2026-06-23 00:31:23, 2026-06-23 00:46:43, 2026-06-23 01:01:29, 2026-06-23 01:16:23, 2026-06-23 01:31:42, 2026-06-23 01:46:17", "cumulative_total": 48.0 }, "geometry": { "type": "Polygon", "coordinates": [ [ [ -72.859807920594562, 46.932213824041561 ], [ -72.866268633094379, 46.934932335863337 ], [ -72.866062286378295, 46.940124223668377 ], [ -72.859393959912865, 46.942597555414217 ], [ -72.852932700108624, 46.93987864938326 ], [ -72.853140314054187, 46.934686805883366 ], [ -72.859807920594562, 46.932213824041561 ] ] ] } },
{ "type": "Feature", "properties": { "hex_id": 636892, "centroid_lon": -72.858979768990167, "centroid_lat": 46.952981265065176, "occurrences_today": 8, "datetimes_today": "2026-06-23 00:01:15, 2026-06-23 00:16:30, 2026-06-23 00:31:23, 2026-06-23 00:46:43, 2026-06-23 01:01:29, 2026-06-23 01:16:23, 2026-06-23 01:31:42, 2026-06-23 01:46:17", "cumulative_total": 48.0 }, "geometry": { "type": "Polygon", "coordinates": [ [ [ -72.85918689324167, 46.947789412955004 ], [ -72.865649420802981, 46.950507983000044 ], [ -72.865442901903734, 46.955699854526266 ], [ -72.85877258713829, 46.958173111744543 ], [ -72.852309511835116, 46.955454147274679 ], [ -72.852517299019212, 46.950262320079119 ], [ -72.85918689324167, 46.947789412955004 ] ] ] } },
{ "type": "Feature", "properties": { "hex_id": 636893, "centroid_lon": -72.858358050553036, "centroid_lat": 46.968556788810034, "occurrences_today": 8, "datetimes_today": "2026-06-23 00:01:15, 2026-06-23 00:16:30, 2026-06-23 00:31:23, 2026-06-23 00:46:43, 2026-06-23 01:01:29, 2026-06-23 01:16:23, 2026-06-23 01:31:42, 2026-06-23 01:46:17", "cumulative_total": 48.0 }, "geometry": { "type": "Polygon", "coordinates": [ [ [ -72.85856534766593, 46.963364952992897 ], [ -72.865029691782041, 46.96608358129852 ], [ -72.864823000519522, 46.971275436544161 ], [ -72.8581506957795, 46.973748619195767 ], [ -72.851685803483718, 46.971029596249515 ], [ -72.851893764087521, 46.96583778536008 ], [ -72.85856534766593, 46.963364952992897 ] ] ] } },
{ "type": "Feature", "properties": { "hex_id": 637497, "centroid_lon": -72.855834051410255, "centroid_lat": 46.867192345928565, "occurrences_today": 9, "datetimes_today": "2026-06-23 00:01:15, 2026-06-23 00:16:30, 2026-06-23 00:31:23, 2026-06-23 00:46:43, 2026-06-23 01:01:29, 2026-06-23 01:16:23, 2026-06-23 01:31:42, 2026-06-23 01:46:17, 2026-06-23 02:01:15", "cumulative_total": 49.0 }, "geometry": { "type": "Polygon", "coordinates": [ [ [ -72.856040859297678, 46.862000426365441 ], [ -72.862493063960486, 46.864719040762253 ], [ -72.862286858592327, 46.869910979738655 ], [ -72.855627186077356, 46.872384260059896 ], [ -72.849174436350737, 46.869665252364662 ], [ -72.849381904182934, 46.864473357714139 ], [ -72.856040859297678, 46.862000426365441 ] ] ] } },
{ "type": "Feature", "properties": { "hex_id": 637498, "centroid_lon": -72.855213282995237, "centroid_lat": 46.882768072026359, "occurrences_today": 8, "datetimes_today": "2026-06-23 00:01:15, 2026-06-23 00:16:30, 2026-06-23 00:31:23, 2026-06-23 00:46:43, 2026-06-23 01:01:29, 2026-06-23 01:16:23, 2026-06-23 01:31:42, 2026-06-23 01:46:17", "cumulative_total": 48.0 }, "geometry": { "type": "Polygon", "coordinates": [ [ [ -72.855420263279015, 46.877576168759227 ], [ -72.861874275994751, 46.880294841408286 ], [ -72.861667898725472, 46.88548676410111 ], [ -72.855006245206027, 46.887959969861107 ], [ -72.848551686991229, 46.885240903698545 ], [ -72.848759327774943, 46.880049025357067 ], [ -72.855420263279015, 46.877576168759227 ] ] ] } },
{ "type": "Feature", "properties": { "hex_id": 637499, "centroid_lon": -72.854591997031264, "centroid_lat": 46.89834374923263, "occurrences_today": 8, "datetimes_today": "2026-06-23 00:01:15, 2026-06-23 00:16:30, 2026-06-23 00:31:23, 2026-06-23 00:46:43, 2026-06-23 01:01:29, 2026-06-23 01:16:23, 2026-06-23 01:31:42, 2026-06-23 01:46:17", "cumulative_total": 48.0 }, "geometry": { "type": "Polygon", "coordinates": [ [ [ -72.854799149891377, 46.893151862263267 ], [ -72.861254972146199, 46.89587059320182 ], [ -72.861048422796316, 46.901062499609296 ], [ -72.854384786605678, 46.903535630769014 ], [ -72.847928418416132, 46.900816506101712 ], [ -72.84813623233191, 46.89562464407107 ], [ -72.854799149891377, 46.893151862263267 ] ] ] } },
{ "type": "Feature", "properties": { "hex_id": 637500, "centroid_lon": -72.853970192977869, "centroid_lat": 46.913919377542008, "occurrences_today": 8, "datetimes_today": "2026-06-23 00:01:15, 2026-06-23 00:16:30, 2026-06-23 00:31:23, 2026-06-23 00:46:43, 2026-06-23 01:01:29, 2026-06-23 01:16:23, 2026-06-23 01:31:42, 2026-06-23 01:46:17", "cumulative_total": 48.0 }, "geometry": { "type": "Polygon", "coordinates": [ [ [ -72.854177518594554, 46.908727506872196 ], [ -72.860635151876167, 46.911446296137527 ], [ -72.860428430265927, 46.916638186257892 ], [ -72.853762809735571, 46.919111242778222 ], [ -72.847304630083158, 46.916392059568793 ], [ -72.84751261731185, 46.911200213850776 ], [ -72.854177518594554, 46.908727506872196 ] ] ] } },
{ "type": "Feature", "properties": { "hex_id": 637501, "centroid_lon": -72.853347870293803, "centroid_lat": 46.929494956949114, "occurrences_today": 8, "datetimes_today": "2026-06-23 00:01:15, 2026-06-23 00:16:30, 2026-06-23 00:31:23, 2026-06-23 00:46:43, 2026-06-23 01:01:29, 2026-06-23 01:16:23, 2026-06-23 01:31:42, 2026-06-23 01:46:17", "cumulative_total": 48.0 }, "geometry": { "type": "Polygon", "coordinates": [ [ [ -72.85355536884758, 46.924303102580659 ], [ -72.860014814645155, 46.927021950210111 ], [ -72.859807920594562, 46.932213824041561 ], [ -72.853140314054187, 46.934686805883366 ], [ -72.846680321449327, 46.931967564094315 ], [ -72.846888482172034, 46.926775734690764 ], [ -72.85355536884758, 46.924303102580659 ] ] ] } },
{ "type": "Feature", "properties": { "hex_id": 637502, "centroid_lon": -72.852725028436993, "centroid_lat": 46.945070487448582, "occurrences_today": 8, "datetimes_today": "2026-06-23 00:01:15, 2026-06-23 00:16:30, 2026-06-23 00:31:23, 2026-06-23 00:46:43, 2026-06-23 01:01:29, 2026-06-23 01:16:23, 2026-06-23 01:31:42, 2026-06-23 01:46:17", "cumulative_total": 48.0 }, "geometry": { "type": "Polygon", "coordinates": [ [ [ -72.852932700108624, 46.93987864938326 ], [ -72.859393959912865, 46.942597555414217 ], [ -72.85918689324167, 46.947789412955004 ], [ -72.852517299019212, 46.950262320079119 ], [ -72.846055491970745, 46.947543019672942 ], [ -72.84626382636884, 46.942351206585627 ], [ -72.852932700108624, 46.93987864938326 ] ] ] } },
{ "type": "Feature", "properties": { "hex_id": 637503, "centroid_lon": -72.852101666864613, "centroid_lat": 46.96064596903507, "occurrences_today": 8, "datetimes_today": "2026-06-23 00:01:15, 2026-06-23 00:16:30, 2026-06-23 00:31:23, 2026-06-23 00:46:43, 2026-06-23 01:01:29, 2026-06-23 01:16:23, 2026-06-23 01:31:42, 2026-06-23 01:46:17", "cumulative_total": 48.0 }, "geometry": { "type": "Polygon", "coordinates": [ [ [ -72.852309511835116, 46.955454147274679 ], [ -72.85877258713829, 46.958173111744543 ], [ -72.85856534766593, 46.963364952992897 ], [ -72.851893764087521, 46.96583778536008 ], [ -72.845430141102852, 46.963118426299239 ], [ -72.845638649357966, 46.957926629529943 ], [ -72.852309511835116, 46.955454147274679 ] ] ] } },
{ "type": "Feature", "properties": { "hex_id": 638107, "centroid_lon": -72.849589314404696, "centroid_lat": 46.859281457627695, "occurrences_today": 9, "datetimes_today": "2026-06-23 00:01:15, 2026-06-23 00:16:30, 2026-06-23 00:31:23, 2026-06-23 00:46:43, 2026-06-23 01:01:29, 2026-06-23 01:16:23, 2026-06-23 01:31:42, 2026-06-23 01:46:17, 2026-06-23 02:01:15", "cumulative_total": 49.0 }, "geometry": { "type": "Polygon", "coordinates": [ [ [ -72.849796667036088, 46.854089552105492 ], [ -72.856247609759606, 46.856808501370715 ], [ -72.856040859297678, 46.862000426365441 ], [ -72.849381904182934, 46.864473357714139 ], [ -72.842930416890354, 46.861754015199949 ], [ -72.843138429261572, 46.856562134653529 ], [ -72.849796667036088, 46.854089552105492 ] ] ] } },
{ "type": "Feature", "properties": { "hex_id": 638108, "centroid_lon": -72.84896691088808, "centroid_lat": 46.874857141579028, "occurrences_today": 9, "datetimes_today": "2026-06-23 00:01:15, 2026-06-23 00:16:30, 2026-06-23 00:31:23, 2026-06-23 00:46:43, 2026-06-23 01:01:29, 2026-06-23 01:16:23, 2026-06-23 01:31:42, 2026-06-23 01:46:17, 2026-06-23 02:01:15", "cumulative_total": 49.0 }, "geometry": { "type": "Polygon", "coordinates": [ [ [ -72.849174436350737, 46.869665252364662 ], [ -72.855627186077356, 46.872384260059896 ], [ -72.855420263279015, 46.877576168759227 ], [ -72.848759327774943, 46.880049025357067 ], [ -72.842306033044537, 46.877329624197785 ], [ -72.842514218801938, 46.872137759972276 ], [ -72.849174436350737, 46.869665252364662 ] ] ] } },
{ "type": "Feature", "properties": { "hex_id": 638109, "centroid_lon": -72.848343988516916, "centroid_lat": 46.890432776603276, "occurrences_today": 8, "datetimes_today": "2026-06-23 00:01:15, 2026-06-23 00:16:30, 2026-06-23 00:31:23, 2026-06-23 00:46:43, 2026-06-23 01:01:29, 2026-06-23 01:16:23, 2026-06-23 01:31:42, 2026-06-23 01:46:17", "cumulative_total": 48.0 }, "geometry": { "type": "Polygon", "coordinates": [ [ [ -72.848551686991229, 46.885240903698545 ], [ -72.855006245206027, 46.887959969861107 ], [ -72.854799149891377, 46.893151862263267 ], [ -72.84813623233191, 46.89562464407107 ], [ -72.841681128678175, 46.892905184229264 ], [ -72.841889488002778, 46.887713336326478 ], [ -72.848551686991229, 46.885240903698545 ] ] ] } },
{ "type": "Feature", "properties": { "hex_id": 638110, "centroid_lon": -72.847720546749471, "centroid_lat": 46.906008362695026, "occurrences_today": 8, "datetimes_today": "2026-06-23 00:01:15, 2026-06-23 00:16:30, 2026-06-23 00:31:23, 2026-06-23 00:46:43, 2026-06-23 01:01:29, 2026-06-23 01:16:23, 2026-06-23 01:31:42, 2026-06-23 01:46:17", "cumulative_total": 48.0 }, "geometry": { "type": "Polygon", "coordinates": [ [ [ -72.847928418416132, 46.900816506101712 ], [ -72.854384786605678, 46.903535630769014 ], [ -72.854177518594554, 46.908727506872196 ], [ -72.84751261731185, 46.911200213850776 ], [ -72.841055703247804, 46.908480695288915 ], [ -72.841264236320839, 46.903288863710664 ], [ -72.847928418416132, 46.900816506101712 ] ] ] } },
{ "type": "Feature", "properties": { "hex_id": 638111, "centroid_lon": -72.847096585043261, "centroid_lat": 46.921583899848855, "occurrences_today": 8, "datetimes_today": "2026-06-23 00:01:15, 2026-06-23 00:16:30, 2026-06-23 00:31:23, 2026-06-23 00:46:43, 2026-06-23 01:01:29, 2026-06-23 01:16:23, 2026-06-23 01:31:42, 2026-06-23 01:46:17", "cumulative_total": 48.0 }, "geometry": { "type": "Polygon", "coordinates": [ [ [ -72.847304630083158, 46.916392059568793 ], [ -72.853762809735571, 46.919111242778222 ], [ -72.85355536884758, 46.924303102580659 ], [ -72.846888482172034, 46.926775734690764 ], [ -72.840429756209133, 46.924056157371297 ], [ -72.840638463212116, 46.918864342119427 ], [ -72.847304630083158, 46.916392059568793 ] ] ] } },
{ "type": "Feature", "properties": { "hex_id": 638112, "centroid_lon": -72.846472102854975, "centroid_lat": 46.937159388059349, "occurrences_today": 8, "datetimes_today": "2026-06-23 00:01:15, 2026-06-23 00:16:30, 2026-06-23 00:31:23, 2026-06-23 00:46:43, 2026-06-23 01:01:29, 2026-06-23 01:16:23, 2026-06-23 01:31:42, 2026-06-23 01:46:17", "cumulative_total": 48.0 }, "geometry": { "type": "Polygon", "coordinates": [ [ [ -72.846680321449327, 46.931967564094315 ], [ -72.853140314054187, 46.934686805883366 ], [ -72.852932700108624, 46.93987864938326 ], [ -72.84626382636884, 46.942351206585627 ], [ -72.839803287017077, 46.939631570470937 ], [ -72.840012168131807, 46.934439771547261 ], [ -72.846680321449327, 46.931967564094315 ] ] ] } },
{ "type": "Feature", "properties": { "hex_id": 638113, "centroid_lon": -72.845847099640523, "centroid_lat": 46.952734827321109, "occurrences_today": 8, "datetimes_today": "2026-06-23 00:01:15, 2026-06-23 00:16:30, 2026-06-23 00:31:23, 2026-06-23 00:46:43, 2026-06-23 01:01:29, 2026-06-23 01:16:23, 2026-06-23 01:31:42, 2026-06-23 01:46:17", "cumulative_total": 48.0 }, "geometry": { "type": "Polygon", "coordinates": [ [ [ -72.846055491970745, 46.947543019672942 ], [ -72.852517299019212, 46.950262320079119 ], [ -72.852309511835116, 46.955454147274679 ], [ -72.845638649357966, 46.957926629529943 ], [ -72.839176295125796, 46.955206934582435 ], [ -72.839385350534315, 46.950015151988744 ], [ -72.846055491970745, 46.947543019672942 ] ] ] } },
{ "type": "Feature", "properties": { "hex_id": 638718, "centroid_lon": -72.842722346743855, "centroid_lat": 46.866945890306262, "occurrences_today": 9, "datetimes_today": "2026-06-23 00:01:15, 2026-06-23 00:16:30, 2026-06-23 00:31:23, 2026-06-23 00:46:43, 2026-06-23 01:01:29, 2026-06-23 01:16:23, 2026-06-23 01:31:42, 2026-06-23 01:46:17, 2026-06-23 02:01:15", "cumulative_total": 49.0 }, "geometry": { "type": "Polygon", "coordinates": [ [ [ -72.842930416890354, 46.861754015199949 ], [ -72.849381904182934, 46.864473357714139 ], [ -72.849174436350737, 46.869665252364662 ], [ -72.842514218801938, 46.872137759972276 ], [ -72.836062187000493, 46.869418024043526 ], [ -72.836270917236618, 46.864226173989238 ], [ -72.842930416890354, 46.861754015199949 ] ] ] } },
{ "type": "Feature", "properties": { "hex_id": 638719, "centroid_lon": -72.842097789451515, "centroid_lat": 46.882521482982582, "occurrences_today": 8, "datetimes_today": "2026-06-23 00:01:15, 2026-06-23 00:16:30, 2026-06-23 00:31:23, 2026-06-23 00:46:43, 2026-06-23 01:01:29, 2026-06-23 01:16:23, 2026-06-23 01:31:42, 2026-06-23 01:46:17", "cumulative_total": 48.0 }, "geometry": { "type": "Polygon", "coordinates": [ [ [ -72.842306033044537, 46.877329624197785 ], [ -72.848759327774943, 46.880049025357067 ], [ -72.848551686991229, 46.885240903698545 ], [ -72.841889488002778, 46.887713336326478 ], [ -72.83543564832884, 46.884993541537497 ], [ -72.835644552566777, 46.879801707817855 ], [ -72.842306033044537, 46.877329624197785 ] ] ] } },
{ "type": "Feature", "properties": { "hex_id": 638720, "centroid_lon": -72.841472711457584, "centroid_lat": 46.898097026690714, "occurrences_today": 8, "datetimes_today": "2026-06-23 00:01:15, 2026-06-23 00:16:30, 2026-06-23 00:31:23, 2026-06-23 00:46:43, 2026-06-23 01:01:29, 2026-06-23 01:16:23, 2026-06-23 01:31:42, 2026-06-23 01:46:17", "cumulative_total": 48.0 }, "geometry": { "type": "Polygon", "coordinates": [ [ [ -72.841681128678175, 46.892905184229264 ], [ -72.84813623233191, 46.89562464407107 ], [ -72.847928418416132, 46.900816506101712 ], [ -72.841264236320839, 46.903288863710664 ], [ -72.834808587288506, 46.900569010023865 ], [ -72.835017665709913, 46.895377192640701 ], [ -72.841681128678175, 46.892905184229264 ] ] ] } },
{ "type": "Feature", "properties": { "hex_id": 638721, "centroid_lon": -72.840847112218285, "centroid_lat": 46.913672521425234, "occurrences_today": 8, "datetimes_today": "2026-06-23 00:01:15, 2026-06-23 00:16:30, 2026-06-23 00:31:23, 2026-06-23 00:46:43, 2026-06-23 01:01:29, 2026-06-23 01:16:23, 2026-06-23 01:31:42, 2026-06-23 01:46:17", "cumulative_total": 48.0 }, "geometry": { "type": "Polygon", "coordinates": [ [ [ -72.841055703247804, 46.908480695288915 ], [ -72.84751261731185, 46.911200213850776 ], [ -72.847304630083158, 46.916392059568793 ], [ -72.840638463212116, 46.918864342119427 ], [ -72.834181003333995, 46.91614442949713 ], [ -72.834390256120784, 46.910952628452286 ], [ -72.841055703247804, 46.908480695288915 ] ] ] } },
{ "type": "Feature", "properties": { "hex_id": 638722, "centroid_lon": -72.840220991189099, "centroid_lat": 46.92924796718065, "occurrences_today": 8, "datetimes_today": "2026-06-23 00:01:15, 2026-06-23 00:16:30, 2026-06-23 00:31:23, 2026-06-23 00:46:43, 2026-06-23 01:01:29, 2026-06-23 01:16:23, 2026-06-23 01:31:42, 2026-06-23 01:46:17", "cumulative_total": 48.0 }, "geometry": { "type": "Polygon", "coordinates": [ [ [ -72.840429756209133, 46.924056157371297 ], [ -72.846888482172034, 46.926775734690764 ], [ -72.846680321449327, 46.931967564094315 ], [ -72.840012168131807, 46.934439771547261 ], [ -72.833552895918942, 46.931719799951807 ], [ -72.833762323253325, 46.926528015247101 ], [ -72.840429756209133, 46.924056157371297 ] ] ] } },
{ "type": "Feature", "properties": { "hex_id": 638723, "centroid_lon": -72.839594347824658, "centroid_lat": 46.944823363951507, "occurrences_today": 8, "datetimes_today": "2026-06-23 00:01:15, 2026-06-23 00:16:30, 2026-06-23 00:31:23, 2026-06-23 00:46:43, 2026-06-23 01:01:29, 2026-06-23 01:16:23, 2026-06-23 01:31:42, 2026-06-23 01:46:17", "cumulative_total": 48.0 }, "geometry": { "type": "Polygon", "coordinates": [ [ [ -72.839803287017077, 46.939631570470937 ], [ -72.84626382636884, 46.942351206585627 ], [ -72.846055491970745, 46.947543019672942 ], [ -72.839385350534315, 46.950015151988744 ], [ -72.832924264496256, 46.947295121382403 ], [ -72.833133866560686, 46.942103353019675 ], [ -72.839803287017077, 46.939631570470937 ] ] ] } },
{ "type": "Feature", "properties": { "hex_id": 639328, "centroid_lon": -72.836479589512479, "centroid_lat": 46.859034318490501, "occurrences_today": 9, "datetimes_today": "2026-06-23 00:01:15, 2026-06-23 00:16:30, 2026-06-23 00:31:23, 2026-06-23 00:46:43, 2026-06-23 01:01:29, 2026-06-23 01:16:23, 2026-06-23 01:31:42, 2026-06-23 01:46:17, 2026-06-23 02:01:15", "cumulative_total": 49.0 }, "geometry": { "type": "Polygon", "coordinates": [ [ [ -72.836688203848212, 46.853842457547451 ], [ -72.843138429261572, 46.856562134653529 ], [ -72.842930416890354, 46.861754015199949 ], [ -72.836270917236618, 46.864226173989238 ], [ -72.829820147808945, 46.861506103518145 ], [ -72.830029422029185, 46.856314267690301 ], [ -72.836688203848212, 46.853842457547451 ] ] ] } },
{ "type": "Feature", "properties": { "hex_id": 639329, "centroid_lon": -72.835853398783939, "centroid_lat": 46.874609868653124, "occurrences_today": 8, "datetimes_today": "2026-06-23 00:01:15, 2026-06-23 00:16:30, 2026-06-23 00:31:23, 2026-06-23 00:46:43, 2026-06-23 01:01:29, 2026-06-23 01:16:23, 2026-06-23 01:31:42, 2026-06-23 01:46:17", "cumulative_total": 48.0 }, "geometry": { "type": "Polygon", "coordinates": [ [ [ -72.836062187000493, 46.869418024043526 ], [ -72.842514218801938, 46.872137759972276 ], [ -72.842306033044537, 46.877329624197785 ], [ -72.835644552566777, 46.879801707817855 ], [ -72.829191976316864, 46.877081578308946 ], [ -72.829401424973, 46.871889758827685 ], [ -72.836062187000493, 46.869418024043526 ] ] ] } },
{ "type": "Feature", "properties": { "hex_id": 639330, "centroid_lon": -72.83522668604995, "centroid_lat": 46.890185369811839, "occurrences_today": 8, "datetimes_today": "2026-06-23 00:01:15, 2026-06-23 00:16:30, 2026-06-23 00:31:23, 2026-06-23 00:46:43, 2026-06-23 01:01:29, 2026-06-23 01:16:23, 2026-06-23 01:31:42, 2026-06-23 01:46:17", "cumulative_total": 48.0 }, "geometry": { "type": "Polygon", "coordinates": [ [ [ -72.83543564832884, 46.884993541537497 ], [ -72.841889488002778, 46.887713336326478 ], [ -72.841681128678175, 46.892905184229264 ], [ -72.835017665709913, 46.895377192640701 ], [ -72.828563281152952, 46.892657004056311 ], [ -72.828772904427069, 46.887465200923465 ], [ -72.83543564832884, 46.884993541537497 ] ] ] } },
{ "type": "Feature", "properties": { "hex_id": 639331, "centroid_lon": -72.834599450765538, "centroid_lat": 46.905760821961117, "occurrences_today": 8, "datetimes_today": "2026-06-23 00:01:15, 2026-06-23 00:16:30, 2026-06-23 00:31:23, 2026-06-23 00:46:43, 2026-06-23 01:01:29, 2026-06-23 01:16:23, 2026-06-23 01:31:42, 2026-06-23 01:46:17", "cumulative_total": 48.0 }, "geometry": { "type": "Polygon", "coordinates": [ [ [ -72.834808587288506, 46.900569010023865 ], [ -72.841264236320839, 46.903288863710664 ], [ -72.841055703247804, 46.908480695288915 ], [ -72.834390256120784, 46.910952628452286 ], [ -72.827934061770435, 46.908232380754676 ], [ -72.8281438598449, 46.903040593972108 ], [ -72.834808587288506, 46.900569010023865 ] ] ] } },
{ "type": "Feature", "properties": { "hex_id": 639332, "centroid_lon": -72.833971692384921, "centroid_lat": 46.92133622509548, "occurrences_today": 8, "datetimes_today": "2026-06-23 00:01:15, 2026-06-23 00:16:30, 2026-06-23 00:31:23, 2026-06-23 00:46:43, 2026-06-23 01:01:29, 2026-06-23 01:16:23, 2026-06-23 01:31:42, 2026-06-23 01:46:17", "cumulative_total": 48.0 }, "geometry": { "type": "Polygon", "coordinates": [ [ [ -72.834181003333995, 46.91614442949713 ], [ -72.840638463212116, 46.918864342119427 ], [ -72.840429756209133, 46.924056157371297 ], [ -72.833762323253325, 46.926528015247101 ], [ -72.827304317621781, 46.923807708398513 ], [ -72.827514290679176, 46.918615937968077 ], [ -72.834181003333995, 46.91614442949713 ] ] ] } },
{ "type": "Feature", "properties": { "hex_id": 639333, "centroid_lon": -72.833343410361493, "centroid_lat": 46.936911579209408, "occurrences_today": 8, "datetimes_today": "2026-06-23 00:01:15, 2026-06-23 00:16:30, 2026-06-23 00:31:23, 2026-06-23 00:46:43, 2026-06-23 01:01:29, 2026-06-23 01:16:23, 2026-06-23 01:31:42, 2026-06-23 01:46:17", "cumulative_total": 48.0 }, "geometry": { "type": "Polygon", "coordinates": [ [ [ -72.833552895918942, 46.931719799951807 ], [ -72.840012168131807, 46.934439771547261 ], [ -72.839803287017077, 46.939631570470937 ], [ -72.833133866560686, 46.942103353019675 ], [ -72.826674048158594, 46.93938298698226 ], [ -72.826884196381826, 46.934191232905803 ], [ -72.833552895918942, 46.931719799951807 ] ] ] } },
{ "type": "Feature", "properties": { "hex_id": 639939, "centroid_lon": -72.829610815463624, "centroid_lat": 46.866697933897356, "occurrences_today": 9, "datetimes_today": "2026-06-23 00:01:15, 2026-06-23 00:16:30, 2026-06-23 00:31:23, 2026-06-23 00:46:43, 2026-06-23 01:01:29, 2026-06-23 01:16:23, 2026-06-23 01:31:42, 2026-06-23 01:46:17, 2026-06-23 02:01:15", "cumulative_total": 49.0 }, "geometry": { "type": "Polygon", "coordinates": [ [ [ -72.829820147808945, 46.861506103518145 ], [ -72.836270917236618, 46.864226173989238 ], [ -72.836062187000493, 46.869418024043526 ], [ -72.829401424973, 46.871889758827685 ], [ -72.822950111591538, 46.869169294826023 ], [ -72.823160104171137, 46.863977489638287 ], [ -72.829820147808945, 46.861506103518145 ] ] ] } },
{ "type": "Feature", "properties": { "hex_id": 639940, "centroid_lon": -72.828982469474951, "centroid_lat": 46.882273392340942, "occurrences_today": 8, "datetimes_today": "2026-06-23 00:01:15, 2026-06-23 00:16:30, 2026-06-23 00:31:23, 2026-06-23 00:46:43, 2026-06-23 01:01:29, 2026-06-23 01:16:23, 2026-06-23 01:31:42, 2026-06-23 01:46:17", "cumulative_total": 48.0 }, "geometry": { "type": "Polygon", "coordinates": [ [ [ -72.829191976316864, 46.877081578308946 ], [ -72.835644552566777, 46.879801707817855 ], [ -72.83543564832884, 46.884993541537497 ], [ -72.828772904427069, 46.887465200923465 ], [ -72.822319783789311, 46.884744677668792 ], [ -72.822529951420904, 46.879552888841474 ], [ -72.829191976316864, 46.877081578308946 ] ] ] } },
{ "type": "Feature", "properties": { "hex_id": 639941, "centroid_lon": -72.828353599632308, "centroid_lat": 46.897848801739251, "occurrences_today": 8, "datetimes_today": "2026-06-23 00:01:15, 2026-06-23 00:16:30, 2026-06-23 00:31:23, 2026-06-23 00:46:43, 2026-06-23 01:01:29, 2026-06-23 01:16:23, 2026-06-23 01:31:42, 2026-06-23 01:46:17", "cumulative_total": 48.0 }, "geometry": { "type": "Polygon", "coordinates": [ [ [ -72.828563281152952, 46.892657004056311 ], [ -72.835017665709913, 46.895377192640701 ], [ -72.834808587288506, 46.900569010023865 ], [ -72.8281438598449, 46.903040593972108 ], [ -72.821688930465612, 46.900320011426587 ], [ -72.821899273331979, 46.895128238961561 ], [ -72.828563281152952, 46.892657004056311 ] ] ] } },
{ "type": "Feature", "properties": { "hex_id": 639942, "centroid_lon": -72.827724205388634, "centroid_lat": 46.913424162086741, "occurrences_today": 8, "datetimes_today": "2026-06-23 00:01:15, 2026-06-23 00:16:30, 2026-06-23 00:31:23, 2026-06-23 00:46:43, 2026-06-23 01:01:29, 2026-06-23 01:16:23, 2026-06-23 01:31:42, 2026-06-23 01:46:17", "cumulative_total": 48.0 }, "geometry": { "type": "Polygon", "coordinates": [ [ [ -72.827934061770435, 46.908232380754676 ], [ -72.834390256120784, 46.910952628452286 ], [ -72.834181003333995, 46.91614442949713 ], [ -72.827514290679176, 46.918615937968077 ], [ -72.821057551071618, 46.915895296093858 ], [ -72.821268069355781, 46.910703539992952 ], [ -72.827934061770435, 46.908232380754676 ] ] ] } },
{ "type": "Feature", "properties": { "hex_id": 639943, "centroid_lon": -72.8270942861961, "centroid_lat": 46.928999473377822, "occurrences_today": 8, "datetimes_today": "2026-06-23 00:01:15, 2026-06-23 00:16:30, 2026-06-23 00:31:23, 2026-06-23 00:46:43, 2026-06-23 01:01:29, 2026-06-23 01:16:23, 2026-06-23 01:31:42, 2026-06-23 01:46:17", "cumulative_total": 48.0 }, "geometry": { "type": "Polygon", "coordinates": [ [ [ -72.827304317621781, 46.923807708398513 ], [ -72.833762323253325, 46.926528015247101 ], [ -72.833552895918942, 46.931719799951807 ], [ -72.826884196381826, 46.934191232905803 ], [ -72.820425645057753, 46.931470531664978 ], [ -72.82063633894299, 46.926278791930088 ], [ -72.827304317621781, 46.923807708398513 ] ] ] } },
{ "type": "Feature", "properties": { "hex_id": 640549, "centroid_lon": -72.823370038440629, "centroid_lat": 46.858785678997528, "occurrences_today": 9, "datetimes_today": "2026-06-23 00:01:15, 2026-06-23 00:16:30, 2026-06-23 00:31:23, 2026-06-23 00:46:43, 2026-06-23 01:01:29, 2026-06-23 01:16:23, 2026-06-23 01:31:42, 2026-06-23 01:46:17, 2026-06-23 02:01:15", "cumulative_total": 49.0 }, "geometry": { "type": "Polygon", "coordinates": [ [ [ -72.823579914420307, 46.853593862903885 ], [ -72.830029422029185, 46.856314267690301 ], [ -72.829820147808945, 46.861506103518145 ], [ -72.823160104171137, 46.863977489638287 ], [ -72.816710053102781, 46.861256691370947 ], [ -72.816920589111461, 46.856064900531891 ], [ -72.823579914420307, 46.853593862903885 ] ] ] } },
{ "type": "Feature", "properties": { "hex_id": 640550, "centroid_lon": -72.822740060681554, "centroid_lat": 46.874361094560484, "occurrences_today": 8, "datetimes_today": "2026-06-23 00:01:15, 2026-06-23 00:16:30, 2026-06-23 00:31:23, 2026-06-23 00:46:43, 2026-06-23 01:01:29, 2026-06-23 01:16:23, 2026-06-23 01:31:42, 2026-06-23 01:46:17", "cumulative_total": 48.0 }, "geometry": { "type": "Polygon", "coordinates": [ [ [ -72.822950111591538, 46.869169294826023 ], [ -72.829401424973, 46.871889758827685 ], [ -72.829191976316864, 46.877081578308946 ], [ -72.822529951420904, 46.879552888841474 ], [ -72.816078094146434, 46.876832031143685 ], [ -72.81628880564061, 46.871640256677047 ], [ -72.822950111591538, 46.869169294826023 ] ] ] } },
{ "type": "Feature", "properties": { "hex_id": 640551, "centroid_lon": -72.822109557766439, "centroid_lat": 46.889936461042211, "occurrences_today": 8, "datetimes_today": "2026-06-23 00:01:15, 2026-06-23 00:16:30, 2026-06-23 00:31:23, 2026-06-23 00:46:43, 2026-06-23 01:01:29, 2026-06-23 01:16:23, 2026-06-23 01:31:42, 2026-06-23 01:46:17", "cumulative_total": 48.0 }, "geometry": { "type": "Polygon", "coordinates": [ [ [ -72.822319783789311, 46.884744677668792 ], [ -72.828772904427069, 46.887465200923465 ], [ -72.828563281152952, 46.892657004056311 ], [ -72.821899273331979, 46.895128238961561 ], [ -72.815445608367213, 46.892407321795439 ], [ -72.815656495530106, 46.88721556370308 ], [ -72.822319783789311, 46.884744677668792 ] ] ] } },
{ "type": "Feature", "properties": { "hex_id": 640552, "centroid_lon": -72.821478529146987, "centroid_lat": 46.90551177843713, "occurrences_today": 8, "datetimes_today": "2026-06-23 00:01:15, 2026-06-23 00:16:30, 2026-06-23 00:31:23, 2026-06-23 00:46:43, 2026-06-23 01:01:29, 2026-06-23 01:16:23, 2026-06-23 01:31:42, 2026-06-23 01:46:17", "cumulative_total": 48.0 }, "geometry": { "type": "Polygon", "coordinates": [ [ [ -72.821688930465612, 46.900320011426587 ], [ -72.8281438598449, 46.903040593972108 ], [ -72.827934061770435, 46.908232380754676 ], [ -72.821268069355781, 46.910703539992952 ], [ -72.814812595215102, 46.907982563320537 ], [ -72.815023658230118, 46.902790821604356 ], [ -72.821688930465612, 46.900320011426587 ] ] ] } },
{ "type": "Feature", "properties": { "hex_id": 640553, "centroid_lon": -72.820846974274147, "centroid_lat": 46.921087046739643, "occurrences_today": 8, "datetimes_today": "2026-06-23 00:01:15, 2026-06-23 00:16:30, 2026-06-23 00:31:23, 2026-06-23 00:46:43, 2026-06-23 01:01:29, 2026-06-23 01:16:23, 2026-06-23 01:31:42, 2026-06-23 01:46:17", "cumulative_total": 48.0 }, "geometry": { "type": "Polygon", "coordinates": [ [ [ -72.821057551071618, 46.915895296093858 ], [ -72.827514290679176, 46.918615937968077 ], [ -72.827304317621781, 46.923807708398513 ], [ -72.82063633894299, 46.926278791930088 ], [ -72.814179054139245, 46.923557755713396 ], [ -72.814390293190087, 46.918366030375267 ], [ -72.821057551071618, 46.915895296093858 ] ] ] } },
{ "type": "Feature", "properties": { "hex_id": 641160, "centroid_lon": -72.81649945861929, "centroid_lat": 46.866448476752744, "occurrences_today": 9, "datetimes_today": "2026-06-23 00:01:15, 2026-06-23 00:16:30, 2026-06-23 00:31:23, 2026-06-23 00:46:43, 2026-06-23 01:01:29, 2026-06-23 01:16:23, 2026-06-23 01:31:42, 2026-06-23 01:46:17, 2026-06-23 02:01:15", "cumulative_total": 49.0 }, "geometry": { "type": "Polygon", "coordinates": [ [ [ -72.816710053102781, 46.861256691370947 ], [ -72.823160104171137, 46.863977489638287 ], [ -72.822950111591538, 46.869169294826023 ], [ -72.81628880564061, 46.871640256677047 ], [ -72.809838211173712, 46.86891906476324 ], [ -72.810049466035949, 46.86372730471237 ], [ -72.816710053102781, 46.861256691370947 ] ] ] } },
{ "type": "Feature", "properties": { "hex_id": 641161, "centroid_lon": -72.815867324116383, "centroid_lat": 46.882023800152425, "occurrences_today": 8, "datetimes_today": "2026-06-23 00:01:15, 2026-06-23 00:16:30, 2026-06-23 00:31:23, 2026-06-23 00:46:43, 2026-06-23 01:01:29, 2026-06-23 01:16:23, 2026-06-23 01:31:42, 2026-06-23 01:46:17", "cumulative_total": 48.0 }, "geometry": { "type": "Polygon", "coordinates": [ [ [ -72.816078094146434, 46.876832031143685 ], [ -72.822529951420904, 46.879552888841474 ], [ -72.822319783789311, 46.884744677668792 ], [ -72.815656495530106, 46.88721556370308 ], [ -72.809204094423578, 46.884494312143559 ], [ -72.809415525387934, 46.879302568479034 ], [ -72.816078094146434, 46.876832031143685 ] ] ] } },
{ "type": "Feature", "properties": { "hex_id": 641162, "centroid_lon": -72.815234662607338, "centroid_lat": 46.897599074429245, "occurrences_today": 8, "datetimes_today": "2026-06-23 00:01:15, 2026-06-23 00:16:30, 2026-06-23 00:31:23, 2026-06-23 00:46:43, 2026-06-23 01:01:29, 2026-06-23 01:16:23, 2026-06-23 01:31:42, 2026-06-23 01:46:17", "cumulative_total": 48.0 }, "geometry": { "type": "Polygon", "coordinates": [ [ [ -72.815445608367213, 46.892407321795439 ], [ -72.821899273331979, 46.895128238961561 ], [ -72.821688930465612, 46.900320011426587 ], [ -72.815023658230118, 46.902790821604356 ], [ -72.808569448999435, 46.900069510361099 ], [ -72.808781056249771, 46.894877783084809 ], [ -72.815445608367213, 46.892407321795439 ] ] ] } },
{ "type": "Feature", "properties": { "hex_id": 641770, "centroid_lon": -72.810260662238292, "centroid_lat": 46.858535539199835, "occurrences_today": 9, "datetimes_today": "2026-06-23 00:01:15, 2026-06-23 00:16:30, 2026-06-23 00:31:23, 2026-06-23 00:46:43, 2026-06-23 01:01:29, 2026-06-23 01:16:23, 2026-06-23 01:31:42, 2026-06-23 01:46:17, 2026-06-23 02:01:15", "cumulative_total": 49.0 }, "geometry": { "type": "Polygon", "coordinates": [ [ [ -72.810471799801121, 46.853343768225798 ], [ -72.816920589111461, 46.856064900531891 ], [ -72.816710053102781, 46.861256691370947 ], [ -72.810049466035949, 46.86372730471237 ], [ -72.803600133821135, 46.861005778809549 ], [ -72.803811931557263, 46.855814033229521 ], [ -72.810471799801121, 46.853343768225798 ] ] ] } },
{ "type": "Feature", "properties": { "hex_id": 641771, "centroid_lon": -72.809626897631176, "centroid_lat": 46.87411081935219, "occurrences_today": 8, "datetimes_today": "2026-06-23 00:01:15, 2026-06-23 00:16:30, 2026-06-23 00:31:23, 2026-06-23 00:46:43, 2026-06-23 01:01:29, 2026-06-23 01:16:23, 2026-06-23 01:31:42, 2026-06-23 01:46:17", "cumulative_total": 48.0 }, "geometry": { "type": "Polygon", "coordinates": [ [ [ -72.809838211173712, 46.86891906476324 ], [ -72.81628880564061, 46.871640256677047 ], [ -72.816078094146434, 46.876832031143685 ], [ -72.809415525387934, 46.879302568479034 ], [ -72.802964387583586, 46.876580982753239 ], [ -72.803176361854767, 46.871389253571621 ], [ -72.809838211173712, 46.86891906476324 ] ] ] } },
{ "type": "Feature", "properties": { "hex_id": 641772, "centroid_lon": -72.808992604717659, "centroid_lat": 46.889686050345546, "occurrences_today": 8, "datetimes_today": "2026-06-23 00:01:15, 2026-06-23 00:16:30, 2026-06-23 00:31:23, 2026-06-23 00:46:43, 2026-06-23 01:01:29, 2026-06-23 01:16:23, 2026-06-23 01:31:42, 2026-06-23 01:46:17", "cumulative_total": 48.0 }, "geometry": { "type": "Polygon", "coordinates": [ [ [ -72.809204094423578, 46.884494312143559 ], [ -72.815656495530106, 46.88721556370308 ], [ -72.815445608367213, 46.892407321795439 ], [ -72.808781056249771, 46.894877783084809 ], [ -72.802328111372418, 46.892156137497928 ], [ -72.802540262362911, 46.886964424716602 ], [ -72.809204094423578, 46.884494312143559 ] ] ] } },
{ "type": "Feature", "properties": { "hex_id": 642381, "centroid_lon": -72.803388277260467, "centroid_lat": 46.866197518923649, "occurrences_today": 9, "datetimes_today": "2026-06-23 00:01:15, 2026-06-23 00:16:30, 2026-06-23 00:31:23, 2026-06-23 00:46:43, 2026-06-23 01:01:29, 2026-06-23 01:16:23, 2026-06-23 01:31:42, 2026-06-23 01:46:17, 2026-06-23 02:01:15", "cumulative_total": 49.0 }, "geometry": { "type": "Polygon", "coordinates": [ [ [ -72.803600133821135, 46.861005778809549 ], [ -72.810049466035949, 46.86372730471237 ], [ -72.809838211173712, 46.86891906476324 ], [ -72.803176361854767, 46.871389253571621 ], [ -72.796726486796757, 46.868667333906558 ], [ -72.796939003880439, 46.863475619262857 ], [ -72.803600133821135, 46.861005778809549 ] ] ] } },
{ "type": "Feature", "properties": { "hex_id": 642382, "centroid_lon": -72.80275235442646, "centroid_lat": 46.88177270646829, "occurrences_today": 8, "datetimes_today": "2026-06-23 00:01:15, 2026-06-23 00:16:30, 2026-06-23 00:31:23, 2026-06-23 00:46:43, 2026-06-23 01:01:29, 2026-06-23 01:16:23, 2026-06-23 01:31:42, 2026-06-23 01:46:17", "cumulative_total": 48.0 }, "geometry": { "type": "Polygon", "coordinates": [ [ [ -72.802964387583586, 46.876580982753239 ], [ -72.809415525387934, 46.879302568479034 ], [ -72.809204094423578, 46.884494312143559 ], [ -72.802540262362911, 46.886964424716602 ], [ -72.796088581282476, 46.88424244501325 ], [ -72.796301275518317, 46.879050746781957 ], [ -72.802964387583586, 46.876580982753239 ] ] ] } },
{ "type": "Feature", "properties": { "hex_id": 642991, "centroid_lon": -72.797151461954456, "centroid_lat": 46.858283899148795, "occurrences_today": 9, "datetimes_today": "2026-06-23 00:01:15, 2026-06-23 00:16:30, 2026-06-23 00:31:23, 2026-06-23 00:46:43, 2026-06-23 01:01:29, 2026-06-23 01:16:23, 2026-06-23 01:31:42, 2026-06-23 01:46:17, 2026-06-23 02:01:15", "cumulative_total": 49.0 }, "geometry": { "type": "Polygon", "coordinates": [ [ [ -72.797363861039315, 46.853092173564555 ], [ -72.803811931557263, 46.855814033229521 ], [ -72.803600133821135, 46.861005778809549 ], [ -72.796939003880439, 46.863475619262857 ], [ -72.790490391013165, 46.860753365885465 ], [ -72.790703450415421, 46.855561665834671 ], [ -72.797363861039315, 46.853092173564555 ] ] ] } },
{ "type": "Feature", "properties": { "hex_id": 642992, "centroid_lon": -72.79651391068289, "centroid_lat": 46.873859043079655, "occurrences_today": 8, "datetimes_today": "2026-06-23 00:01:15, 2026-06-23 00:16:30, 2026-06-23 00:31:23, 2026-06-23 00:46:43, 2026-06-23 01:01:29, 2026-06-23 01:16:23, 2026-06-23 01:31:42, 2026-06-23 01:46:17", "cumulative_total": 48.0 }, "geometry": { "type": "Polygon", "coordinates": [ [ [ -72.796726486796757, 46.868667333906558 ], [ -72.803176361854767, 46.871389253571621 ], [ -72.802964387583586, 46.876580982753239 ], [ -72.796301275518317, 46.879050746781957 ], [ -72.789850857678587, 46.876328433189173 ], [ -72.790064094665325, 46.871136749562922 ], [ -72.796726486796757, 46.868667333906558 ] ] ] } },
{ "type": "Feature", "properties": { "hex_id": 643602, "centroid_lon": -72.790277272436654, "centroid_lat": 46.865945060461627, "occurrences_today": 9, "datetimes_today": "2026-06-23 00:01:15, 2026-06-23 00:16:30, 2026-06-23 00:31:23, 2026-06-23 00:46:43, 2026-06-23 01:01:29, 2026-06-23 01:16:23, 2026-06-23 01:31:42, 2026-06-23 01:46:17, 2026-06-23 02:01:15", "cumulative_total": 49.0 }, "geometry": { "type": "Polygon", "coordinates": [ [ [ -72.790490391013165, 46.860753365885465 ], [ -72.796939003880439, 46.863475619262857 ], [ -72.796726486796757, 46.868667333906558 ], [ -72.790064094665325, 46.871136749562922 ], [ -72.783614939510343, 46.868414102307661 ], [ -72.783828718753924, 46.863222433341399 ], [ -72.790490391013165, 46.860753365885465 ] ] ] } },
{ "type": "Feature", "properties": { "hex_id": 650920, "centroid_lon": -72.716894686168956, "centroid_lat": 46.739803297902398, "occurrences_today": 4, "datetimes_today": "2026-06-23 02:16:25, 2026-06-23 02:31:45, 2026-06-23 02:46:16, 2026-06-23 03:01:30", "cumulative_total": 11.0 }, "geometry": { "type": "Polygon", "coordinates": [ [ [ -72.71711391086464, 46.734611749622054 ], [ -72.723543840264369, 46.737337865338517 ], [ -72.723325211900303, 46.742529434365267 ], [ -72.716675400688587, 46.744994840660169 ], [ -72.710244935752428, 46.742268332095726 ], [ -72.710464817543368, 46.737076810151542 ], [ -72.71711391086464, 46.734611749622054 ] ] ] } },
{ "type": "Feature", "properties": { "hex_id": 652141, "centroid_lon": -72.703815128084884, "centroid_lat": 46.739541472284714, "occurrences_today": 4, "datetimes_today": "2026-06-23 02:16:25, 2026-06-23 02:31:45, 2026-06-23 02:46:16, 2026-06-23 03:01:30", "cumulative_total": 11.0 }, "geometry": { "type": "Polygon", "coordinates": [ [ [ -72.70403560600252, 46.734349971216901 ], [ -72.710464817543368, 46.737076810151542 ], [ -72.710244935752428, 46.742268332095726 ], [ -72.703594589035859, 46.744732967820951 ], [ -72.697164842510304, 46.742005735924003 ], [ -72.697385977664808, 46.736814261331318 ], [ -72.70403560600252, 46.734349971216901 ] ] ] } },
{ "type": "Feature", "properties": { "hex_id": 652751, "centroid_lon": -72.69760705152521, "centroid_lat": 46.731622781202688, "occurrences_today": 4, "datetimes_today": "2026-06-23 02:16:25, 2026-06-23 02:31:45, 2026-06-23 02:46:16, 2026-06-23 03:01:30", "cumulative_total": 11.0 }, "geometry": { "type": "Polygon", "coordinates": [ [ [ -72.697828064112741, 46.72643129553834 ], [ -72.704256022809943, 46.72915846461779 ], [ -72.70403560600252, 46.734349971216901 ], [ -72.697385977664808, 46.736814261331318 ], [ -72.690957484470999, 46.734086699339748 ], [ -72.691179154090278, 46.728895240213042 ], [ -72.697828064112741, 46.72643129553834 ] ] ] } },
{ "type": "Feature", "properties": { "hex_id": 653362, "centroid_lon": -72.690735753394947, "centroid_lat": 46.739278152926126, "occurrences_today": 4, "datetimes_today": "2026-06-23 02:16:25, 2026-06-23 02:31:45, 2026-06-23 02:46:16, 2026-06-23 03:01:30", "cumulative_total": 11.0 }, "geometry": { "type": "Polygon", "coordinates": [ [ [ -72.690957484470999, 46.734086699339748 ], [ -72.697385977664808, 46.736814261331318 ], [ -72.697164842510304, 46.742005735924003 ], [ -72.690513960840832, 46.744469600971897 ], [ -72.684084933214208, 46.741741645903815 ], [ -72.684307321668555, 46.736550218931527 ], [ -72.690957484470999, 46.734086699339748 ] ] ] } },
{ "type": "Feature", "properties": { "hex_id": 653972, "centroid_lon": -72.684529648482197, "centroid_lat": 46.731358786414241, "occurrences_today": 4, "datetimes_today": "2026-06-23 02:16:25, 2026-06-23 02:31:45, 2026-06-23 02:46:16, 2026-06-23 03:01:30", "cumulative_total": 11.0 }, "geometry": { "type": "Polygon", "coordinates": [ [ [ -72.684751913676465, 46.726167348352178 ], [ -72.691179154090278, 46.728895240213042 ], [ -72.690957484470999, 46.734086699339748 ], [ -72.684307321668555, 46.736550218931527 ], [ -72.677879547309786, 46.733821934044443 ], [ -72.678102469677057, 46.728630522658946 ], [ -72.684751913676465, 46.726167348352178 ] ] ] } },
{ "type": "Feature", "properties": { "hex_id": 654583, "centroid_lon": -72.677656563139195, "centroid_lat": 46.739013339880508, "occurrences_today": 4, "datetimes_today": "2026-06-23 02:16:25, 2026-06-23 02:31:45, 2026-06-23 02:46:16, 2026-06-23 03:01:30", "cumulative_total": 11.0 }, "geometry": { "type": "Polygon", "coordinates": [ [ [ -72.677879547309786, 46.733821934044443 ], [ -72.684307321668555, 46.736550218931527 ], [ -72.684084933214208, 46.741741645903815 ], [ -72.677433517143896, 46.744204740166872 ], [ -72.671005208904305, 46.741476062089191 ], [ -72.671228850594417, 46.736284683006197 ], [ -72.677879547309786, 46.733821934044443 ] ] ] } },
{ "type": "Feature", "properties": { "hex_id": 655193, "centroid_lon": -72.671452430297236, "centroid_lat": 46.731093298369089, "occurrences_today": 4, "datetimes_today": "2026-06-23 02:16:25, 2026-06-23 02:31:45, 2026-06-23 02:46:16, 2026-06-23 03:01:30", "cumulative_total": 11.0 }, "geometry": { "type": "Polygon", "coordinates": [ [ [ -72.671675948034249, 46.725901908178088 ], [ -72.678102469677057, 46.728630522658946 ], [ -72.677879547309786, 46.733821934044443 ], [ -72.671228850594417, 46.736284683006197 ], [ -72.664801795558432, 46.733555675385134 ], [ -72.665025970609506, 46.72836431200966 ], [ -72.671675948034249, 46.725901908178088 ] ] ] } },
{ "type": "Feature", "properties": { "hex_id": 655803, "centroid_lon": -72.665250083532328, "centroid_lat": 46.723172943075845, "occurrences_today": 4, "datetimes_today": "2026-06-23 02:16:25, 2026-06-23 02:31:45, 2026-06-23 02:46:16, 2026-06-23 03:01:30", "cumulative_total": 22.0 }, "geometry": { "type": "Polygon", "coordinates": [ [ [ -72.665474134348386, 46.71798156858398 ], [ -72.671899403826899, 46.720710512433463 ], [ -72.671675948034249, 46.725901908178088 ], [ -72.665025970609506, 46.72836431200966 ], [ -72.658600168225092, 46.725634975070385 ], [ -72.658824876149808, 46.720443627456426 ], [ -72.665474134348386, 46.71798156858398 ] ] ] } },
{ "type": "Feature", "properties": { "hex_id": 655804, "centroid_lon": -72.66457755835755, "centroid_lat": 46.738747033202024, "occurrences_today": 4, "datetimes_today": "2026-06-23 02:16:25, 2026-06-23 02:31:45, 2026-06-23 02:46:16, 2026-06-23 03:01:30", "cumulative_total": 11.0 }, "geometry": { "type": "Polygon", "coordinates": [ [ [ -72.664801795558432, 46.733555675385134 ], [ -72.671228850594417, 46.736284683006197 ], [ -72.671005208904305, 46.741476062089191 ], [ -72.664353258985344, 46.743938385460091 ], [ -72.657925670620685, 46.741208984534452 ], [ -72.658150565482117, 46.73601765360965 ], [ -72.664801795558432, 46.733555675385134 ] ] ] } },
{ "type": "Feature", "properties": { "hex_id": 656414, "centroid_lon": -72.658375398009724, "centroid_lat": 46.73082631712154, "occurrences_today": 4, "datetimes_today": "2026-06-23 02:16:25, 2026-06-23 02:31:45, 2026-06-23 02:46:16, 2026-06-23 03:01:30", "cumulative_total": 11.0 }, "geometry": { "type": "Polygon", "coordinates": [ [ [ -72.658600168225092, 46.725634975070385 ], [ -72.665025970609506, 46.72836431200966 ], [ -72.664801795558432, 46.733555675385134 ], [ -72.658150565482117, 46.73601765360965 ], [ -72.651724230256448, 46.733287923416285 ], [ -72.651949657926764, 46.728096608319625 ], [ -72.658600168225092, 46.725634975070385 ] ] ] } },
{ "type": "Feature", "properties": { "hex_id": 657024, "centroid_lon": -72.652175023122453, "centroid_lat": 46.722905287655436, "occurrences_today": 4, "datetimes_today": "2026-06-23 02:16:25, 2026-06-23 02:31:45, 2026-06-23 02:46:16, 2026-06-23 03:01:30", "cumulative_total": 11.0 }, "geometry": { "type": "Polygon", "coordinates": [ [ [ -72.652400325865159, 46.717713961423989 ], [ -72.658824876149808, 46.720443627456426 ], [ -72.658600168225092, 46.725634975070385 ], [ -72.651949657926764, 46.728096608319625 ], [ -72.645524575287908, 46.725366549083617 ], [ -72.645750535279987, 46.720175249869044 ], [ -72.652400325865159, 46.717713961423989 ] ] ] } },
{ "type": "Feature", "properties": { "hex_id": 657025, "centroid_lon": -72.651498740089878, "centroid_lat": 46.738479232945174, "occurrences_today": 4, "datetimes_today": "2026-06-23 02:16:25, 2026-06-23 02:31:45, 2026-06-23 02:46:16, 2026-06-23 03:01:30", "cumulative_total": 11.0 }, "geometry": { "type": "Polygon", "coordinates": [ [ [ -72.651724230256448, 46.733287923416285 ], [ -72.658150565482117, 46.73601765360965 ], [ -72.657925670620685, 46.741208984534452 ], [ -72.651273187405394, 46.743670536906023 ], [ -72.644846319403328, 46.740940413294268 ], [ -72.645072467371278, 46.735749130796485 ], [ -72.651724230256448, 46.733287923416285 ] ] ] } },
{ "type": "Feature", "properties": { "hex_id": 657635, "centroid_lon": -72.645298552658915, "centroid_lat": 46.730557842726185, "occurrences_today": 4, "datetimes_today": "2026-06-23 02:16:25, 2026-06-23 02:31:45, 2026-06-23 02:46:16, 2026-06-23 03:01:30", "cumulative_total": 11.0 }, "geometry": { "type": "Polygon", "coordinates": [ [ [ -72.645524575287908, 46.725366549083617 ], [ -72.651949657926764, 46.728096608319625 ], [ -72.651724230256448, 46.733287923416285 ], [ -72.645072467371278, 46.735749130796485 ], [ -72.63864685244323, 46.733018678192643 ], [ -72.638873532667844, 46.727827411643581 ], [ -72.645524575287908, 46.725366549083617 ] ] ] } },
{ "type": "Feature", "properties": { "hex_id": 658245, "centroid_lon": -72.639100150071528, "centroid_lat": 46.722636139517732, "occurrences_today": 4, "datetimes_today": "2026-06-23 02:16:25, 2026-06-23 02:31:45, 2026-06-23 02:46:16, 2026-06-23 03:01:30", "cumulative_total": 11.0 }, "geometry": { "type": "Polygon", "coordinates": [ [ [ -72.639326704676023, 46.717444861815395 ], [ -72.645750535279987, 46.720175249869044 ], [ -72.645524575287908, 46.725366549083617 ], [ -72.638873532667844, 46.727827411643581 ], [ -72.632449170261509, 46.725096630272695 ], [ -72.632676382255895, 46.719905379726185 ], [ -72.639326704676023, 46.717444861815395 ] ] ] } },
{ "type": "Feature", "properties": { "hex_id": 658246, "centroid_lon": -72.638420109375929, "centroid_lat": 46.738209939164705, "occurrences_today": 4, "datetimes_today": "2026-06-23 02:16:25, 2026-06-23 02:31:45, 2026-06-23 02:46:16, 2026-06-23 03:01:30", "cumulative_total": 11.0 }, "geometry": { "type": "Polygon", "coordinates": [ [ [ -72.63864685244323, 46.733018678192643 ], [ -72.645072467371278, 46.735749130796485 ], [ -72.644846319403328, 46.740940413294268 ], [ -72.638193303444154, 46.743401194559496 ], [ -72.631767156292099, 46.740670348423549 ], [ -72.631994557301439, 46.735479114621633 ], [ -72.63864685244323, 46.733018678192643 ] ] ] } },
{ "type": "Feature", "properties": { "hex_id": 658856, "centroid_lon": -72.632221895283976, "centroid_lat": 46.730287875237941, "occurrences_today": 4, "datetimes_today": "2026-06-23 02:16:25, 2026-06-23 02:31:45, 2026-06-23 02:46:16, 2026-06-23 03:01:30", "cumulative_total": 11.0 }, "geometry": { "type": "Polygon", "coordinates": [ [ [ -72.632449170261509, 46.725096630272695 ], [ -72.638873532667844, 46.727827411643581 ], [ -72.63864685244323, 46.733018678192643 ], [ -72.631994557301439, 46.735479114621633 ], [ -72.625569663158075, 46.732747939769304 ], [ -72.625797595871717, 46.72755672203656 ], [ -72.632449170261509, 46.725096630272695 ] ] ] } },
{ "type": "Feature", "properties": { "hex_id": 659466, "centroid_lon": -72.626025465418124, "centroid_lat": 46.722365498717771, "occurrences_today": 4, "datetimes_today": "2026-06-23 02:16:25, 2026-06-23 02:31:45, 2026-06-23 02:46:16, 2026-06-23 03:01:30", "cumulative_total": 11.0 }, "geometry": { "type": "Polygon", "coordinates": [ [ [ -72.626253271819209, 46.717174269813192 ], [ -72.632676382255895, 46.719905379726185 ], [ -72.632449170261509, 46.725096630272695 ], [ -72.625797595871717, 46.72755672203656 ], [ -72.619373954184596, 46.7248252186928 ], [ -72.619602418115861, 46.719634017083017 ], [ -72.626253271819209, 46.717174269813192 ] ] ] } },
{ "type": "Feature", "properties": { "hex_id": 659467, "centroid_lon": -72.625341667255341, "centroid_lat": 46.737939151915739, "occurrences_today": 4, "datetimes_today": "2026-06-23 02:16:25, 2026-06-23 02:31:45, 2026-06-23 02:46:16, 2026-06-23 03:01:30", "cumulative_total": 15.0 }, "geometry": { "type": "Polygon", "coordinates": [ [ [ -72.625569663158075, 46.732747939769304 ], [ -72.631994557301439, 46.735479114621633 ], [ -72.631767156292099, 46.740670348423549 ], [ -72.625113608141632, 46.74313035847559 ], [ -72.618688182326807, 46.740398789977554 ], [ -72.618916836312025, 46.735207605140332 ], [ -72.625569663158075, 46.732747939769304 ] ] ] } },
{ "type": "Feature", "properties": { "hex_id": 660077, "centroid_lon": -72.619145426923964, "centroid_lat": 46.73001641471199, "occurrences_today": 4, "datetimes_today": "2026-06-23 02:16:25, 2026-06-23 02:31:45, 2026-06-23 02:46:16, 2026-06-23 03:01:30", "cumulative_total": 11.0 }, "geometry": { "type": "Polygon", "coordinates": [ [ [ -72.619373954184596, 46.7248252186928 ], [ -72.625797595871717, 46.72755672203656 ], [ -72.625569663158075, 46.732747939769304 ], [ -72.618916836312025, 46.735207605140332 ], [ -72.612492663440193, 46.732475708201605 ], [ -72.612721848577195, 46.727284539553942 ], [ -72.619373954184596, 46.7248252186928 ] ] ] } },
{ "type": "Feature", "properties": { "hex_id": 660687, "centroid_lon": -72.612950970200743, "centroid_lat": 46.722093365310876, "occurrences_today": 4, "datetimes_today": "2026-06-23 02:16:25, 2026-06-23 02:31:45, 2026-06-23 02:46:16, 2026-06-23 03:01:30", "cumulative_total": 11.0 }, "geometry": { "type": "Polygon", "coordinates": [ [ [ -72.613180028332806, 46.716902185472698 ], [ -72.619602418115861, 46.719634017083017 ], [ -72.619373954184596, 46.7248252186928 ], [ -72.612721848577195, 46.727284539553942 ], [ -72.606298928095811, 46.724552314399439 ], [ -72.606528643898173, 46.719361161995046 ], [ -72.613180028332806, 46.716902185472698 ] ] ] } },
{ "type": "Feature", "properties": { "hex_id": 660688, "centroid_lon": -72.612263414767725, "centroid_lat": 46.737666871253623, "occurrences_today": 4, "datetimes_today": "2026-06-23 02:16:25, 2026-06-23 02:31:45, 2026-06-23 02:46:16, 2026-06-23 03:01:30", "cumulative_total": 11.0 }, "geometry": { "type": "Polygon", "coordinates": [ [ [ -72.612492663440193, 46.732475708201605 ], [ -72.618916836312025, 46.735207605140332 ], [ -72.618688182326807, 46.740398789977554 ], [ -72.612034102537777, 46.742858028709719 ], [ -72.605609398547173, 46.740125738011841 ], [ -72.605839305442359, 46.734934602408103 ], [ -72.612492663440193, 46.732475708201605 ] ] ] } },
{ "type": "Feature", "properties": { "hex_id": 661298, "centroid_lon": -72.606069148617877, "centroid_lat": 46.729743461203881, "occurrences_today": 4, "datetimes_today": "2026-06-23 02:16:25, 2026-06-23 02:31:45, 2026-06-23 02:46:16, 2026-06-23 03:01:30", "cumulative_total": 11.0 }, "geometry": { "type": "Polygon", "coordinates": [ [ [ -72.606298928095811, 46.724552314399439 ], [ -72.612721848577195, 46.727284539553942 ], [ -72.612492663440193, 46.732475708201605 ], [ -72.605839305442359, 46.734934602408103 ], [ -72.599415854328697, 46.732201983545259 ], [ -72.599646291823063, 46.727010864251376 ], [ -72.606298928095811, 46.724552314399439 ] ] ] } },
{ "type": "Feature", "properties": { "hex_id": 661908, "centroid_lon": -72.599876665457771, "centroid_lat": 46.721819739352703, "occurrences_today": 4, "datetimes_today": "2026-06-23 02:16:25, 2026-06-23 02:31:45, 2026-06-23 02:46:16, 2026-06-23 03:01:30", "cumulative_total": 11.0 }, "geometry": { "type": "Polygon", "coordinates": [ [ [ -72.600106975254889, 46.716628608849526 ], [ -72.606528643898173, 46.719361161995046 ], [ -72.606298928095811, 46.724552314399439 ], [ -72.599646291823063, 46.727010864251376 ], [ -72.593224093033655, 46.724277917448397 ], [ -72.593455060641006, 46.719086814518022 ], [ -72.600106975254889, 46.716628608849526 ] ] ] } },
{ "type": "Feature", "properties": { "hex_id": 661909, "centroid_lon": -72.599185352952517, "centroid_lat": 46.737393097234097, "occurrences_today": 4, "datetimes_today": "2026-06-23 02:16:25, 2026-06-23 02:31:45, 2026-06-23 02:46:16, 2026-06-23 03:01:30", "cumulative_total": 11.0 }, "geometry": { "type": "Polygon", "coordinates": [ [ [ -72.599415854328697, 46.732201983545259 ], [ -72.605839305442359, 46.734934602408103 ], [ -72.605609398547173, 46.740125738011841 ], [ -72.598954787672398, 46.742584205317598 ], [ -72.592530805992752, 46.739851192582243 ], [ -72.592761965731711, 46.734660106480781 ], [ -72.599415854328697, 46.732201983545259 ] ] ] } },
{ "type": "Feature", "properties": { "hex_id": 662519, "centroid_lon": -72.592993061404613, "centroid_lat": 46.729469014769407, "occurrences_today": 4, "datetimes_today": "2026-06-23 02:16:25, 2026-06-23 02:31:45, 2026-06-23 02:46:16, 2026-06-23 03:01:30", "cumulative_total": 11.0 }, "geometry": { "type": "Polygon", "coordinates": [ [ [ -72.593224093033655, 46.724277917448397 ], [ -72.599646291823063, 46.727010864251376 ], [ -72.599415854328697, 46.732201983545259 ], [ -72.592761965731711, 46.734660106480781 ], [ -72.586339236862585, 46.731926765856215 ], [ -72.586570926647994, 46.726735696184811 ], [ -72.593224093033655, 46.724277917448397 ] ] ] } },
{ "type": "Feature", "properties": { "hex_id": 663130, "centroid_lon": -72.586107482849087, "centroid_lat": 46.73711782991311, "occurrences_today": 4, "datetimes_today": "2026-06-23 02:16:25, 2026-06-23 02:31:45, 2026-06-23 02:46:16, 2026-06-23 03:01:30", "cumulative_total": 11.0 }, "geometry": { "type": "Polygon", "coordinates": [ [ [ -72.586339236862585, 46.731926765856215 ], [ -72.592761965731711, 46.734660106480781 ], [ -72.592530805992752, 46.739851192582243 ], [ -72.585875664585231, 46.742308888355232 ], [ -72.579452405703066, 46.73957515374493 ], [ -72.579684818219221, 46.734384117414514 ], [ -72.586339236862585, 46.731926765856215 ] ] ] } },
{ "type": "Feature", "properties": { "hex_id": 663740, "centroid_lon": -72.579917166322957, "centroid_lat": 46.7291930754647, "occurrences_today": 4, "datetimes_today": "2026-06-23 02:16:25, 2026-06-23 02:31:45, 2026-06-23 02:46:16, 2026-06-23 03:01:30", "cumulative_total": 11.0 }, "geometry": { "type": "Polygon", "coordinates": [ [ [ -72.580149450036586, 46.724002027895786 ], [ -72.586570926647994, 46.726735696184811 ], [ -72.586339236862585, 46.731926765856215 ], [ -72.579684818219221, 46.734384117414514 ], [ -72.573262812080813, 46.731650055190748 ], [ -72.573495754090501, 46.726459035410528 ], [ -72.580149450036586, 46.724002027895786 ] ] ] } },
{ "type": "Feature", "properties": { "hex_id": 664351, "centroid_lon": -72.573029805496745, "centroid_lat": 46.736841069346994, "occurrences_today": 4, "datetimes_today": "2026-06-23 02:16:25, 2026-06-23 02:31:45, 2026-06-23 02:46:16, 2026-06-23 03:01:30", "cumulative_total": 11.0 }, "geometry": { "type": "Polygon", "coordinates": [ [ [ -72.573262812080813, 46.731650055190748 ], [ -72.579684818219221, 46.734384117414514 ], [ -72.579452405703066, 46.73957515374493 ], [ -72.572796734315915, 46.742032077878946 ], [ -72.56637419871754, 46.739297621556375 ], [ -72.566607863943915, 46.734106635265739 ], [ -72.573262812080813, 46.731650055190748 ] ] ] } },
{ "type": "Feature", "properties": { "hex_id": 56435, "centroid_lon": -79.265385053877736, "centroid_lat": 48.896564971150255, "occurrences_today": 5, "datetimes_today": "2026-06-23 00:01:15, 2026-06-23 00:16:30, 2026-06-23 00:31:23, 2026-06-23 00:46:43, 2026-06-23 01:01:29", "cumulative_total": 29.0 }, "geometry": { "type": "Polygon", "coordinates": [ [ [ -79.264943643276325, 48.89138565544674 ], [ -79.271966871104922, 48.893723054991824 ], [ -79.272409043603602, 48.898902321139389 ], [ -79.265826590513655, 48.901744279205396 ], [ -79.258802474730189, 48.899406530739348 ], [ -79.258361700037668, 48.894227173200107 ], [ -79.264943643276325, 48.89138565544674 ] ] ] } },
{ "type": "Feature", "properties": { "hex_id": 665572, "centroid_lon": -72.559952321934645, "centroid_lat": 46.736562815592343, "occurrences_today": 4, "datetimes_today": "2026-06-23 02:16:25, 2026-06-23 02:31:45, 2026-06-23 02:46:16, 2026-06-23 03:01:30", "cumulative_total": 18.0 }, "geometry": { "type": "Polygon", "coordinates": [ [ [ -72.56018658102218, 46.731371851605473 ], [ -72.566607863943915, 46.734106635265739 ], [ -72.56637419871754, 46.739297621556375 ], [ -72.559717997904002, 46.741753773945383 ], [ -72.553296186075471, 46.739018596073322 ], [ -72.553531103944778, 46.733827660091201 ], [ -72.56018658102218, 46.731371851605473 ] ] ] } },
{ "type": "Feature", "properties": { "hex_id": 793278, "centroid_lon": -71.06674249190165, "centroid_lat": 48.433004014816852, "occurrences_today": 6, "datetimes_today": "2026-06-23 00:31:23, 2026-06-23 00:46:43, 2026-06-23 01:01:29, 2026-06-23 01:46:17, 2026-06-23 02:01:15, 2026-06-23 02:16:25", "cumulative_total": 43.0 }, "geometry": { "type": "Polygon", "coordinates": [ [ [ -71.067143011216075, 48.427822125933304 ], [ -71.073686100341888, 48.430643708675163 ], [ -71.073286206725726, 48.435825635715176 ], [ -71.06634185899604, 48.43818589652286 ], [ -71.059798257783669, 48.435363883013167 ], [ -71.060199516346458, 48.430182039534415 ], [ -71.067143011216075, 48.427822125933304 ] ] ] } },
{ "type": "Feature", "properties": { "hex_id": 478718, "centroid_lon": -74.567537307184395, "centroid_lat": 46.122663295313345, "occurrences_today": 17, "datetimes_today": "2026-06-23 00:01:15, 2026-06-23 00:16:30, 2026-06-23 00:31:23, 2026-06-23 00:46:43, 2026-06-23 01:01:29, 2026-06-23 01:16:23, 2026-06-23 01:31:42, 2026-06-23 01:46:17, 2026-06-23 02:01:15, 2026-06-23 02:16:25, 2026-06-23 02:31:45, 2026-06-23 02:46:16, 2026-06-23 03:01:30, 2026-06-23 03:16:31, 2026-06-23 03:31:38, 2026-06-23 03:46:19, 2026-06-23 04:01:22", "cumulative_total": 124.0 }, "geometry": { "type": "Polygon", "coordinates": [ [ [ -74.567577958169736, 46.117467201864642 ], [ -74.574028717472672, 46.120089547218036 ], [ -74.573988669234367, 46.125285642661773 ], [ -74.567496645009427, 46.127859383989509 ], [ -74.561045294150986, 46.125236671447801 ], [ -74.561086559069167, 46.120040584832758 ], [ -74.567577958169736, 46.117467201864642 ] ] ] } },
{ "type": "Feature", "properties": { "hex_id": 667990, "centroid_lon": -72.550678577286007, "centroid_lat": 46.362245272545664, "occurrences_today": 1, "datetimes_today": "2026-06-23 03:01:30", "cumulative_total": 19.0 }, "geometry": { "type": "Polygon", "coordinates": [ [ [ -72.550910674455423, 46.357054003429568 ], [ -72.557288203034233, 46.359788617161392 ], [ -72.557056687802813, 46.364979908507259 ], [ -72.550446416089471, 46.367436536029167 ], [ -72.544068369610741, 46.364701532992001 ], [ -72.544301112723318, 46.359510291804462 ], [ -72.550910674455423, 46.357054003429568 ] ] ] } },
{ "type": "Feature", "properties": { "hex_id": 569049, "centroid_lon": -73.618861310463544, "centroid_lat": 45.756581202087311, "occurrences_today": 12, "datetimes_today": "2026-06-23 00:01:15, 2026-06-23 00:16:30, 2026-06-23 00:31:23, 2026-06-23 00:46:43, 2026-06-23 01:01:29, 2026-06-23 01:16:23, 2026-06-23 01:31:42, 2026-06-23 01:46:17, 2026-06-23 02:01:15, 2026-06-23 02:16:25, 2026-06-23 02:31:45, 2026-06-23 02:46:16", "cumulative_total": 208.0 }, "geometry": { "type": "Polygon", "coordinates": [ [ [ -73.618989478236344, 45.751386138022994 ], [ -73.625352361456706, 45.754061190885878 ], [ -73.625224772194429, 45.759256266407441 ], [ -73.618733107581562, 45.76177626112721 ], [ -73.612369680965813, 45.759100836581482 ], [ -73.612498462346451, 45.7539057890639 ], [ -73.618989478236344, 45.751386138022994 ] ] ] } },
{ "type": "Feature", "properties": { "hex_id": 664349, "centroid_lon": -72.574426876832419, "centroid_lat": 46.705694900055143, "occurrences_today": 4, "datetimes_today": "2026-06-23 02:16:25, 2026-06-23 02:31:45, 2026-06-23 02:46:16, 2026-06-23 03:01:30", "cumulative_total": 5.0 }, "geometry": { "type": "Polygon", "coordinates": [ [ [ -72.574659496305358, 46.700503852159052 ], [ -72.581077941435851, 46.703237781434531 ], [ -72.580845915059783, 46.708428851477137 ], [ -72.574194192896798, 46.710885942328609 ], [ -72.567775219143286, 46.708151619384481 ], [ -72.568008496153467, 46.70296059932457 ], [ -72.574659496305358, 46.700503852159052 ] ] ] } },
{ "type": "Feature", "properties": { "hex_id": 664959, "centroid_lon": -72.568241708539304, "centroid_lat": 46.697769573637395, "occurrences_today": 4, "datetimes_today": "2026-06-23 02:16:25, 2026-06-23 02:31:45, 2026-06-23 02:46:16, 2026-06-23 03:01:30", "cumulative_total": 5.0 }, "geometry": { "type": "Polygon", "coordinates": [ [ [ -72.568474856323178, 46.692578542323275 ], [ -72.574892051337898, 46.695312798640593 ], [ -72.574659496305358, 46.700503852159052 ], [ -72.568008496153467, 46.70296059932457 ], [ -72.561590773000574, 46.70022594938964 ], [ -72.561824578115392, 46.695034945973802 ], [ -72.568474856323178, 46.692578542323275 ] ] ] } },
{ "type": "Feature", "properties": { "hex_id": 664960, "centroid_lon": -72.567541877486391, "centroid_lat": 46.713342633816879, "occurrences_today": 4, "datetimes_today": "2026-06-23 02:16:25, 2026-06-23 02:31:45, 2026-06-23 02:46:16, 2026-06-23 03:01:30", "cumulative_total": 5.0 }, "geometry": { "type": "Polygon", "coordinates": [ [ [ -72.567775219143286, 46.708151619384481 ], [ -72.574194192896798, 46.710885942328609 ], [ -72.57396144447614, 46.716076978979174 ], [ -72.567308471160388, 46.71853364262148 ], [ -72.560888968850918, 46.715798925844759 ], [ -72.561122968390762, 46.710607939325392 ], [ -72.567775219143286, 46.708151619384481 ] ] ] } },
{ "type": "Feature", "properties": { "hex_id": 665568, "centroid_lon": -72.562759151163561, "centroid_lat": 46.674270875997202, "occurrences_today": 4, "datetimes_today": "2026-06-23 02:16:25, 2026-06-23 02:31:45, 2026-06-23 02:46:16, 2026-06-23 03:01:30", "cumulative_total": 5.0 }, "geometry": { "type": "Polygon", "coordinates": [ [ [ -72.562992632684754, 46.669079844426143 ], [ -72.569406801885606, 46.671814360802529 ], [ -72.569173912286303, 46.677005414621789 ], [ -72.5625256049684, 46.679461901937806 ], [ -72.556110908530798, 46.676726992209709 ], [ -72.556345046625481, 46.671535988584282 ], [ -72.562992632684754, 46.669079844426143 ] ] ] } },
{ "type": "Feature", "properties": { "hex_id": 665569, "centroid_lon": -72.562058318466697, "centroid_lat": 46.689843936926366, "occurrences_today": 4, "datetimes_today": "2026-06-23 02:16:25, 2026-06-23 02:31:45, 2026-06-23 02:46:16, 2026-06-23 03:01:30", "cumulative_total": 8.0 }, "geometry": { "type": "Polygon", "coordinates": [ [ [ -72.562291994076901, 46.684652922247601 ], [ -72.5687079395274, 46.687387505382446 ], [ -72.568474856323178, 46.692578542323275 ], [ -72.561824578115392, 46.695034945973802 ], [ -72.55540810501121, 46.692299969272419 ], [ -72.555642437746116, 46.687108982554051 ], [ -72.562291994076901, 46.684652922247601 ] ] ] } },
{ "type": "Feature", "properties": { "hex_id": 665570, "centroid_lon": -72.561356903099849, "centroid_lat": 46.705416947173596, "occurrences_today": 4, "datetimes_today": "2026-06-23 02:16:25, 2026-06-23 02:31:45, 2026-06-23 02:46:16, 2026-06-23 03:01:30", "cumulative_total": 8.0 }, "geometry": { "type": "Polygon", "coordinates": [ [ [ -72.561590773000574, 46.70022594938964 ], [ -72.568008496153467, 46.70296059932457 ], [ -72.567775219143286, 46.708151619384481 ], [ -72.561122968390762, 46.710607939325392 ], [ -72.554704717166899, 46.707872895608958 ], [ -72.554939244744077, 46.702681925800142 ], [ -72.561590773000574, 46.70022594938964 ] ] ] } },
{ "type": "Feature", "properties": { "hex_id": 666178, "centroid_lon": -72.556579119884972, "centroid_lat": 46.666344979323725, "occurrences_today": 4, "datetimes_today": "2026-06-23 02:16:25, 2026-06-23 02:31:45, 2026-06-23 02:46:16, 2026-06-23 03:01:30", "cumulative_total": 19.0 }, "geometry": { "type": "Polygon", "coordinates": [ [ [ -72.556813128331655, 46.66115396442833 ], [ -72.563226049554345, 46.663888807224872 ], [ -72.562992632684754, 46.669079844426143 ], [ -72.556345046625481, 46.671535988584282 ], [ -72.549931598649707, 46.668800752487059 ], [ -72.550166263463851, 46.663609765599354 ], [ -72.556813128331655, 46.66115396442833 ] ] ] } },
{ "type": "Feature", "properties": { "hex_id": 666179, "centroid_lon": -72.555876705578484, "centroid_lat": 46.681917990199722, "occurrences_today": 4, "datetimes_today": "2026-06-23 02:16:25, 2026-06-23 02:31:45, 2026-06-23 02:46:16, 2026-06-23 03:01:30", "cumulative_total": 8.0 }, "geometry": { "type": "Polygon", "coordinates": [ [ [ -72.556110908530798, 46.676726992209709 ], [ -72.5625256049684, 46.679461901937806 ], [ -72.562291994076901, 46.684652922247601 ], [ -72.555642437746116, 46.687108982554051 ], [ -72.54922721413898, 46.68437367931049 ], [ -72.549462074009739, 46.679182709342932 ], [ -72.556110908530798, 46.676726992209709 ] ] ] } },
{ "type": "Feature", "properties": { "hex_id": 666180, "centroid_lon": -72.555173707351372, "centroid_lat": 46.697490950354535, "occurrences_today": 4, "datetimes_today": "2026-06-23 02:16:25, 2026-06-23 02:31:45, 2026-06-23 02:46:16, 2026-06-23 03:01:30", "cumulative_total": 8.0 }, "geometry": { "type": "Polygon", "coordinates": [ [ [ -72.55540810501121, 46.692299969272419 ], [ -72.561824578115392, 46.695034945973802 ], [ -72.561590773000574, 46.70022594938964 ], [ -72.554939244744077, 46.702681925800142 ], [ -72.548522244053544, 46.699946555368399 ], [ -72.548757299183393, 46.694755602323504 ], [ -72.55540810501121, 46.692299969272419 ] ] ] } },
{ "type": "Feature", "properties": { "hex_id": 666181, "centroid_lon": -72.554470124597302, "centroid_lat": 46.713063859780675, "occurrences_today": 4, "datetimes_today": "2026-06-23 02:16:25, 2026-06-23 02:31:45, 2026-06-23 02:46:16, 2026-06-23 03:01:30", "cumulative_total": 8.0 }, "geometry": { "type": "Polygon", "coordinates": [ [ [ -72.554704717166899, 46.707872895608958 ], [ -72.561122968390762, 46.710607939325392 ], [ -72.560888968850918, 46.715798925844759 ], [ -72.554235467012802, 46.718254818315039 ], [ -72.547816687785343, 46.71551938065317 ], [ -72.548051938377057, 46.710328444533516 ], [ -72.554704717166899, 46.707872895608958 ] ] ] } },
{ "type": "Feature", "properties": { "hex_id": 666182, "centroid_lon": -72.553765956709057, "centroid_lat": 46.72863671847059, "occurrences_today": 4, "datetimes_today": "2026-06-23 02:16:25, 2026-06-23 02:31:45, 2026-06-23 02:46:16, 2026-06-23 03:01:30", "cumulative_total": 5.0 }, "geometry": { "type": "Polygon", "coordinates": [ [ [ -72.554000744390905, 46.723445771211765 ], [ -72.560420775189073, 46.726180881985087 ], [ -72.56018658102218, 46.731371851605473 ], [ -72.553531103944778, 46.733827660091201 ], [ -72.547110544725399, 46.731092155157278 ], [ -72.54734599098208, 46.725901235965345 ], [ -72.554000744390905, 46.723445771211765 ] ] ] } },
{ "type": "Feature", "properties": { "hex_id": 666789, "centroid_lon": -72.549696868839149, "centroid_lat": 46.673991733735015, "occurrences_today": 4, "datetimes_today": "2026-06-23 02:16:25, 2026-06-23 02:31:45, 2026-06-23 02:46:16, 2026-06-23 03:01:30", "cumulative_total": 19.0 }, "geometry": { "type": "Polygon", "coordinates": [ [ [ -72.549931598649707, 46.668800752487059 ], [ -72.556345046625481, 46.671535988584282 ], [ -72.556110908530798, 46.676726992209709 ], [ -72.549462074009739, 46.679182709342932 ], [ -72.543048099348184, 46.676447079781362 ], [ -72.543283485870973, 46.671256126617877 ], [ -72.549931598649707, 46.668800752487059 ] ] ] } },
{ "type": "Feature", "properties": { "hex_id": 666790, "centroid_lon": -72.548992289204364, "centroid_lat": 46.689564643637446, "occurrences_today": 4, "datetimes_today": "2026-06-23 02:16:25, 2026-06-23 02:31:45, 2026-06-23 02:46:16, 2026-06-23 03:01:30", "cumulative_total": 8.0 }, "geometry": { "type": "Polygon", "coordinates": [ [ [ -72.54922721413898, 46.68437367931049 ], [ -72.555642437746116, 46.687108982554051 ], [ -72.55540810501121, 46.692299969272419 ], [ -72.548757299183393, 46.694755602323504 ], [ -72.542341548474141, 46.692019905400713 ], [ -72.542577130672328, 46.686828969173064 ], [ -72.54922721413898, 46.68437367931049 ] ] ] } },
{ "type": "Feature", "properties": { "hex_id": 666791, "centroid_lon": -72.548287123792278, "centroid_lat": 46.705137502771827, "occurrences_today": 4, "datetimes_today": "2026-06-23 02:16:25, 2026-06-23 02:31:45, 2026-06-23 02:46:16, 2026-06-23 03:01:30", "cumulative_total": 8.0 }, "geometry": { "type": "Polygon", "coordinates": [ [ [ -72.548522244053544, 46.699946555368399 ], [ -72.554939244744077, 46.702681925800142 ], [ -72.554704717166899, 46.707872895608958 ], [ -72.548051938377057, 46.710328444533516 ], [ -72.541634410167674, 46.707592680207505 ], [ -72.541870188244417, 46.702401760918214 ], [ -72.548522244053544, 46.699946555368399 ] ] ] } },
{ "type": "Feature", "properties": { "hex_id": 666792, "centroid_lon": -72.547581371994525, "centroid_lat": 46.72071031113056, "occurrences_today": 4, "datetimes_today": "2026-06-23 02:16:25, 2026-06-23 02:31:45, 2026-06-23 02:46:16, 2026-06-23 03:01:30", "cumulative_total": 8.0 }, "geometry": { "type": "Polygon", "coordinates": [ [ [ -72.547816687785343, 46.71551938065317 ], [ -72.554235467012802, 46.718254818315039 ], [ -72.554000744390905, 46.723445771211765 ], [ -72.54734599098208, 46.725901235965345 ], [ -72.540926683818654, 46.723165404194113 ], [ -72.541162657977424, 46.717974501845724 ], [ -72.547816687785343, 46.71551938065317 ] ] ] } },
{ "type": "Feature", "properties": { "hex_id": 694779, "centroid_lon": -72.320074293196029, "centroid_lat": 45.218993696618, "occurrences_today": 17, "datetimes_today": "2026-06-23 00:01:15, 2026-06-23 00:16:30, 2026-06-23 00:31:23, 2026-06-23 00:46:43, 2026-06-23 01:01:29, 2026-06-23 01:16:23, 2026-06-23 01:31:42, 2026-06-23 01:46:17, 2026-06-23 02:01:15, 2026-06-23 02:16:25, 2026-06-23 02:31:45, 2026-06-23 02:46:16, 2026-06-23 03:01:30, 2026-06-23 03:16:31, 2026-06-23 03:31:38, 2026-06-23 03:46:19, 2026-06-23 04:01:22", "cumulative_total": 82.0 }, "geometry": { "type": "Polygon", "coordinates": [ [ [ -72.320318305491881, 45.213802322193004 ], [ -72.326557319038116, 45.216547191992603 ], [ -72.326313851167995, 45.221738590386835 ], [ -72.319830214541369, 45.224185065270589 ], [ -72.313590722939225, 45.22143981899162 ], [ -72.31383534599756, 45.216248474371746 ], [ -72.320318305491881, 45.213802322193004 ] ] ] } },
{ "type": "Feature", "properties": { "hex_id": 643028, "centroid_lon": -72.773203749702148, "centroid_lat": 47.434531387944311, "occurrences_today": 2, "datetimes_today": "2026-06-23 00:01:15, 2026-06-23 00:16:30", "cumulative_total": 22.0 }, "geometry": { "type": "Polygon", "coordinates": [ [ [ -72.773422824041532, 47.429340270846645 ], [ -72.779938661619909, 47.43206437630964 ], [ -72.779720207244793, 47.437255513884146 ], [ -72.77298461403484, 47.439722499548246 ], [ -72.766468217830962, 47.436997992318567 ], [ -72.766687973440881, 47.43180690126043 ], [ -72.773422824041532, 47.429340270846645 ] ] ] } },
{ "type": "Feature", "properties": { "hex_id": 668600, "centroid_lon": -72.544533791650878, "centroid_lat": 46.354319044979732, "occurrences_today": 1, "datetimes_today": "2026-06-23 03:01:30", "cumulative_total": 110.0 }, "geometry": { "type": "Polygon", "coordinates": [ [ [ -72.544766406415462, 46.349127792518139 ], [ -72.55114270761969, 46.351862728681148 ], [ -72.550910674455423, 46.357054003429568 ], [ -72.544301112723318, 46.359510291804462 ], [ -72.537924294092775, 46.35677496638661 ], [ -72.538157554598627, 46.351583741914872 ], [ -72.544766406415462, 46.349127792518139 ] ] ] } },
{ "type": "Feature", "properties": { "hex_id": 791927, "centroid_lon": -71.227698876676001, "centroid_lat": 46.411960579053684, "occurrences_today": 8, "datetimes_today": "2026-06-23 02:16:25, 2026-06-23 02:31:45, 2026-06-23 02:46:16, 2026-06-23 03:01:30, 2026-06-23 03:16:31, 2026-06-23 03:31:38, 2026-06-23 03:46:19, 2026-06-23 04:01:22", "cumulative_total": 42.0 }, "geometry": { "type": "Polygon", "coordinates": [ [ [ -71.228056810756016, 46.406775875205064 ], [ -71.234369172902902, 46.409582460504467 ], [ -71.234011801972713, 46.414767199488331 ], [ -71.227340843915428, 46.417145276047705 ], [ -71.221028017316172, 46.414338289567773 ], [ -71.221386613192749, 46.409153627774685 ], [ -71.228056810756016, 46.406775875205064 ] ] ] } },
{ "type": "Feature", "properties": { "hex_id": 796202, "centroid_lon": -71.180628367467847, "centroid_lat": 46.433780379689331, "occurrences_today": 4, "datetimes_today": "2026-06-23 03:16:31, 2026-06-23 03:31:38, 2026-06-23 03:46:19, 2026-06-23 04:01:22", "cumulative_total": 38.0 }, "geometry": { "type": "Polygon", "coordinates": [ [ [ -71.180991037266196, 46.428595978678182 ], [ -71.187303267798583, 46.431405161853057 ], [ -71.186941161062776, 46.436589598466348 ], [ -71.180265597660366, 46.438964773791469 ], [ -71.173952904091706, 46.436155188762598 ], [ -71.174316236927453, 46.43097083032832 ], [ -71.180991037266196, 46.428595978678182 ] ] ] } },
{ "type": "Feature", "properties": { "hex_id": 652747, "centroid_lon": -72.700255164626711, "centroid_lat": 46.669324587943123, "occurrences_today": 4, "datetimes_today": "2026-06-23 02:16:25, 2026-06-23 02:31:45, 2026-06-23 02:46:16, 2026-06-23 03:01:30", "cumulative_total": 60.0 }, "geometry": { "type": "Polygon", "coordinates": [ [ [ -72.700475443591799, 46.664133035869156 ], [ -72.7068962655962, 46.666859954073381 ], [ -72.706676580463423, 46.672051527029545 ], [ -72.700034824642685, 46.6745161344843 ], [ -72.693613469835455, 46.671788824225487 ], [ -72.693834403630689, 46.666597298633512 ], [ -72.700475443591799, 46.664133035869156 ] ] ] } },
{ "type": "Feature", "properties": { "hex_id": 653357, "centroid_lon": -72.694055276245038, "centroid_lat": 46.66140576750432, "occurrences_today": 4, "datetimes_today": "2026-06-23 02:16:25, 2026-06-23 02:31:45, 2026-06-23 02:46:16, 2026-06-23 03:01:30", "cumulative_total": 60.0 }, "geometry": { "type": "Polygon", "coordinates": [ [ [ -72.694276087699663, 46.656214230838174 ], [ -72.700695661559052, 46.658941478262584 ], [ -72.700475443591799, 46.664133035869156 ], [ -72.693834403630689, 46.666597298633512 ], [ -72.687414297454239, 46.663869659204614 ], [ -72.6876357635348, 46.658678149082817 ], [ -72.694276087699663, 46.656214230838174 ] ] ] } },
{ "type": "Feature", "properties": { "hex_id": 653968, "centroid_lon": -72.68719277003089, "centroid_lat": 46.669061163784811, "occurrences_today": 4, "datetimes_today": "2026-06-23 02:16:25, 2026-06-23 02:31:45, 2026-06-23 02:46:16, 2026-06-23 03:01:30", "cumulative_total": 37.0 }, "geometry": { "type": "Polygon", "coordinates": [ [ [ -72.687414297454239, 46.663869659204614 ], [ -72.693834403630689, 46.666597298633512 ], [ -72.693613469835455, 46.671788824225487 ], [ -72.68697118124355, 46.674252662823186 ], [ -72.680550542813592, 46.671524631225815 ], [ -72.680772725207802, 46.666333153266223 ], [ -72.687414297454239, 46.663869659204614 ] ] ] } },
{ "type": "Feature", "properties": { "hex_id": 654578, "centroid_lon": -72.68099484607616, "centroid_lat": 46.661141669760397, "occurrences_today": 4, "datetimes_today": "2026-06-23 02:16:25, 2026-06-23 02:31:45, 2026-06-23 02:46:16, 2026-06-23 03:01:30", "cumulative_total": 29.0 }, "geometry": { "type": "Polygon", "coordinates": [ [ [ -72.681216905439939, 46.655950180708558 ], [ -72.6876357635348, 46.658678149082817 ], [ -72.687414297454239, 46.663869659204614 ], [ -72.680772725207802, 46.666333153266223 ], [ -72.674353335344975, 46.663604792773683 ], [ -72.674576049475263, 46.658413330404777 ], [ -72.681216905439939, 46.655950180708558 ] ] ] } },
{ "type": "Feature", "properties": { "hex_id": 655189, "centroid_lon": -72.674130559527029, "centroid_lat": 46.668796249591914, "occurrences_today": 4, "datetimes_today": "2026-06-23 02:16:25, 2026-06-23 02:31:45, 2026-06-23 02:46:16, 2026-06-23 03:01:30", "cumulative_total": 29.0 }, "geometry": { "type": "Polygon", "coordinates": [ [ [ -72.674353335344975, 46.663604792773683 ], [ -72.680772725207802, 46.666333153266223 ], [ -72.680550542813592, 46.671524631225815 ], [ -72.673907722000052, 46.67398770085925 ], [ -72.66748780043315, 46.671258948084443 ], [ -72.667711231362517, 46.666067518025457 ], [ -72.674353335344975, 46.663604792773683 ] ] ] } },
{ "type": "Feature", "properties": { "hex_id": 534867, "centroid_lon": -73.977114387115947, "centroid_lat": 45.853888577524764, "occurrences_today": 5, "datetimes_today": "2026-06-23 00:01:15, 2026-06-23 00:16:30, 2026-06-23 00:31:23, 2026-06-23 00:46:43, 2026-06-23 01:01:29", "cumulative_total": 98.0 }, "geometry": { "type": "Polygon", "coordinates": [ [ [ -73.977209636175587, 45.848692919690144 ], [ -73.983601018609846, 45.851348210552132 ], [ -73.98350635593286, 45.856543876294033 ], [ -73.977019111929778, 45.859084230460049 ], [ -73.970627169243855, 45.856428570070484 ], [ -73.970723030803811, 45.851232925107823 ], [ -73.977209636175587, 45.848692919690144 ] ] ] } },
{ "type": "Feature", "properties": { "hex_id": 536088, "centroid_lon": -73.964235839222596, "centroid_lat": 45.853772556069337, "occurrences_today": 5, "datetimes_today": "2026-06-23 00:01:15, 2026-06-23 00:16:30, 2026-06-23 00:31:23, 2026-06-23 00:46:43, 2026-06-23 01:01:29", "cumulative_total": 75.0 }, "geometry": { "type": "Polygon", "coordinates": [ [ [ -73.964332286987556, 45.848576919142758 ], [ -73.970723030803811, 45.851232925107823 ], [ -73.970627169243855, 45.856428570070484 ], [ -73.964139365002424, 45.858968188092717 ], [ -73.957748061440839, 45.856311812478033 ], [ -73.957845121857048, 45.851116188556077 ], [ -73.964332286987556, 45.848576919142758 ] ] ] } },
{ "type": "Feature", "properties": { "hex_id": 782842, "centroid_lon": -71.246885766241945, "centroid_lat": 47.542771574959112, "occurrences_today": 4, "datetimes_today": "2026-06-23 03:16:31, 2026-06-23 03:31:38, 2026-06-23 03:46:19, 2026-06-23 04:01:22", "cumulative_total": 106.0 }, "geometry": { "type": "Polygon", "coordinates": [ [ [ -71.247256230848947, 47.537587783963524 ], [ -71.253700775812305, 47.540396739147113 ], [ -71.253330910147866, 47.54558056586329 ], [ -71.246515197912117, 47.54795535905069 ], [ -71.240070157747382, 47.545145987313632 ], [ -71.240441324983124, 47.539962239011146 ], [ -71.247256230848947, 47.537587783963524 ] ] ] } },
{ "type": "Feature", "properties": { "hex_id": 783452, "centroid_lon": -71.240812388333282, "centroid_lat": 47.534778483797368, "occurrences_today": 4, "datetimes_today": "2026-06-23 03:16:31, 2026-06-23 03:31:38, 2026-06-23 03:46:19, 2026-06-23 04:01:22", "cumulative_total": 106.0 }, "geometry": { "type": "Polygon", "coordinates": [ [ [ -71.241183347834578, 47.52959472167305 ], [ -71.247626591769702, 47.532403986064679 ], [ -71.247256230848947, 47.537587783963524 ], [ -71.240441324983124, 47.539962239011146 ], [ -71.233997586334681, 47.537152558128163 ], [ -71.234369248228688, 47.531968838757379 ], [ -71.241183347834578, 47.52959472167305 ] ] ] } },
{ "type": "Feature", "properties": { "hex_id": 1383084, "centroid_lon": -64.411789730034741, "centroid_lat": 48.993848970024693, "occurrences_today": 2, "datetimes_today": "2026-06-23 00:01:15, 2026-06-23 00:16:30", "cumulative_total": 27.0 }, "geometry": { "type": "Polygon", "coordinates": [ [ [ -64.412884010401726, 48.988743871636053 ], [ -64.419055295837012, 48.991919874525713 ], [ -64.417961523847964, 48.997025073001936 ], [ -64.410695141222931, 48.998954045666622 ], [ -64.404523655909856, 48.995777562917183 ], [ -64.405618752988943, 48.990672587427255 ], [ -64.412884010401726, 48.988743871636053 ] ] ] } },
{ "type": "Feature", "properties": { "hex_id": 580669, "centroid_lon": -73.488095948314069, "centroid_lat": 46.074509114373534, "occurrences_today": 2, "datetimes_today": "2026-06-23 03:46:19, 2026-06-23 04:01:22", "cumulative_total": 101.0 }, "geometry": { "type": "Polygon", "coordinates": [ [ [ -73.488237812032139, 46.069314640382657 ], [ -73.494630279142143, 46.071997204860807 ], [ -73.494489001939087, 46.077191691691176 ], [ -73.487954045582811, 46.079703583283369 ], [ -73.481561030977602, 46.077020641806449 ], [ -73.481703520210601, 46.07182618580191 ], [ -73.488237812032139, 46.069314640382657 ] ] ] } },
{ "type": "Feature", "properties": { "hex_id": 651527, "centroid_lon": -72.712660286821588, "centroid_lat": 46.685161286767809, "occurrences_today": 4, "datetimes_today": "2026-06-23 02:16:25, 2026-06-23 02:31:45, 2026-06-23 02:46:16, 2026-06-23 03:01:30", "cumulative_total": 41.0 }, "geometry": { "type": "Polygon", "coordinates": [ [ [ -72.712879499349654, 46.679969704040481 ], [ -72.719302819291528, 46.682695963129888 ], [ -72.71908420128625, 46.68788756662282 ], [ -72.712441013556671, 46.690352863970595 ], [ -72.706017159839362, 46.687626212726471 ], [ -72.706237027606051, 46.682434656356357 ], [ -72.712879499349654, 46.679969704040481 ] ] ] } },
{ "type": "Feature", "properties": { "hex_id": 792667, "centroid_lon": -71.074085880579602, "centroid_lat": 48.42546177446647, "occurrences_today": 6, "datetimes_today": "2026-06-23 00:31:23, 2026-06-23 00:46:43, 2026-06-23 01:01:29, 2026-06-23 01:46:17, 2026-06-23 02:01:15, 2026-06-23 02:16:25", "cumulative_total": 73.0 }, "geometry": { "type": "Polygon", "coordinates": [ [ [ -71.074485547479881, 48.420279833089936 ], [ -71.081028124396013, 48.423100985234441 ], [ -71.080629083063343, 48.428282964688698 ], [ -71.073686100341888, 48.430643708675163 ], [ -71.067143011216075, 48.427822125933304 ], [ -71.067543416980428, 48.422640229873082 ], [ -71.074485547479881, 48.420279833089936 ] ] ] } },
{ "type": "Feature", "properties": { "hex_id": 660071, "centroid_lon": -72.623249246079055, "centroid_lat": 46.636574031220661, "occurrences_today": 4, "datetimes_today": "2026-06-23 02:16:25, 2026-06-23 02:31:45, 2026-06-23 02:46:16, 2026-06-23 03:01:30", "cumulative_total": 20.0 }, "geometry": { "type": "Polygon", "coordinates": [ [ [ -72.623476636756777, 46.631382734610966 ], [ -72.629889604275135, 46.634113847884294 ], [ -72.629662805233792, 46.639305166126213 ], [ -72.623021792443254, 46.641765322244218 ], [ -72.616608296257482, 46.639033816663414 ], [ -72.616836341507906, 46.633842547338965 ], [ -72.623476636756777, 46.631382734610966 ] ] ] } },
{ "type": "Feature", "properties": { "hex_id": 661292, "centroid_lon": -72.61019545481652, "centroid_lat": 46.636301962148018, "occurrences_today": 4, "datetimes_today": "2026-06-23 02:16:25, 2026-06-23 02:31:45, 2026-06-23 02:46:16, 2026-06-23 03:01:30", "cumulative_total": 31.0 }, "geometry": { "type": "Polygon", "coordinates": [ [ [ -72.610424091498572, 46.631110714585034 ], [ -72.616836341507906, 46.633842547338965 ], [ -72.616608296257482, 46.639033816663414 ], [ -72.6099667548322, 46.641493204115555 ], [ -72.603553976704418, 46.638760978941086 ], [ -72.603783268098496, 46.633569758801897 ], [ -72.610424091498572, 46.631110714585034 ] ] ] } },
{ "type": "Feature", "properties": { "hex_id": 649696, "centroid_lon": -72.731933996046834, "centroid_lat": 46.693339074247582, "occurrences_today": 4, "datetimes_today": "2026-06-23 02:16:25, 2026-06-23 02:31:45, 2026-06-23 02:46:16, 2026-06-23 03:01:30", "cumulative_total": 37.0 }, "geometry": { "type": "Polygon", "coordinates": [ [ [ -72.732151424456873, 46.688147429411529 ], [ -72.738576709722167, 46.690872636395802 ], [ -72.738359876384564, 46.696064301809336 ], [ -72.731716507386906, 46.698530713572119 ], [ -72.725290687309482, 46.695805114497425 ], [ -72.725508771021012, 46.690613495817431 ], [ -72.732151424456873, 46.688147429411529 ] ] ] } },
{ "type": "Feature", "properties": { "hex_id": 650306, "centroid_lon": -72.725726794320295, "centroid_lat": 46.685421871621564, "occurrences_today": 4, "datetimes_today": "2026-06-23 02:16:25, 2026-06-23 02:31:45, 2026-06-23 02:46:16, 2026-06-23 03:01:30", "cumulative_total": 37.0 }, "geometry": { "type": "Polygon", "coordinates": [ [ [ -72.725944757228206, 46.680230241910088 ], [ -72.732368792637899, 46.682955779064187 ], [ -72.732151424456873, 46.688147429411529 ], [ -72.725508771021012, 46.690613495817431 ], [ -72.71908420128625, 46.68788756662282 ], [ -72.719302819291528, 46.682695963129888 ], [ -72.725944757228206, 46.680230241910088 ] ] ] } },
{ "type": "Feature", "properties": { "hex_id": 650917, "centroid_lon": -72.718865522706366, "centroid_lat": 46.693079164595574, "occurrences_today": 4, "datetimes_today": "2026-06-23 02:16:25, 2026-06-23 02:31:45, 2026-06-23 02:46:16, 2026-06-23 03:01:30", "cumulative_total": 31.0 }, "geometry": { "type": "Polygon", "coordinates": [ [ [ -72.71908420128625, 46.68788756662282 ], [ -72.725508771021012, 46.690613495817431 ], [ -72.725290687309482, 46.695805114497425 ], [ -72.718646783530971, 46.698270757047887 ], [ -72.712221679533883, 46.695544435648578 ], [ -72.712441013556671, 46.690352863970595 ], [ -72.71908420128625, 46.68788756662282 ] ] ] } },
{ "type": "Feature", "properties": { "hex_id": 653969, "centroid_lon": -72.686527819492014, "centroid_lat": 46.684635644273442, "occurrences_today": 4, "datetimes_today": "2026-06-23 02:16:25, 2026-06-23 02:31:45, 2026-06-23 02:46:16, 2026-06-23 03:01:30", "cumulative_total": 6.0 }, "geometry": { "type": "Polygon", "coordinates": [ [ [ -72.686749531071015, 46.679444156319477 ], [ -72.693171418617666, 46.68217185879692 ], [ -72.692950301152763, 46.687363367775852 ], [ -72.686306046485342, 46.68982712668484 ], [ -72.679883626262907, 46.687099031824673 ], [ -72.680105993362446, 46.681907570505281 ], [ -72.686749531071015, 46.679444156319477 ] ] ] } },
{ "type": "Feature", "properties": { "hex_id": 659462, "centroid_lon": -72.628754980882789, "centroid_lat": 46.660070383274906, "occurrences_today": 4, "datetimes_today": "2026-06-23 02:16:25, 2026-06-23 02:31:45, 2026-06-23 02:46:16, 2026-06-23 03:01:30", "cumulative_total": 6.0 }, "geometry": { "type": "Polygon", "coordinates": [ [ [ -72.628982031241804, 46.654879087361095 ], [ -72.635398021427818, 46.657609937923034 ], [ -72.63517156353366, 46.662801255424668 ], [ -72.628527867640059, 46.665261673606047 ], [ -72.622111347883788, 46.662530430471826 ], [ -72.622339053569632, 46.657339161795434 ], [ -72.628982031241804, 46.654879087361095 ] ] ] } },
{ "type": "Feature", "properties": { "hex_id": 654582, "centroid_lon": -72.678325330262453, "centroid_lat": 46.72343910572426, "occurrences_today": 4, "datetimes_today": "2026-06-23 02:16:25, 2026-06-23 02:31:45, 2026-06-23 02:46:16, 2026-06-23 03:01:30", "cumulative_total": 15.0 }, "geometry": { "type": "Polygon", "coordinates": [ [ [ -72.678548129087361, 46.718247683240619 ], [ -72.684974117272702, 46.720975904745586 ], [ -72.684751913676465, 46.726167348352178 ], [ -72.678102469677057, 46.728630522658946 ], [ -72.671675948034249, 46.725901908178088 ], [ -72.671899403826899, 46.720710512433463 ], [ -72.678548129087361, 46.718247683240619 ] ] ] } },
{ "type": "Feature", "properties": { "hex_id": 655192, "centroid_lon": -72.672122797696645, "centroid_lat": 46.715519111135457, "occurrences_today": 4, "datetimes_today": "2026-06-23 02:16:25, 2026-06-23 02:31:45, 2026-06-23 02:46:16, 2026-06-23 03:01:30", "cumulative_total": 15.0 }, "geometry": { "type": "Polygon", "coordinates": [ [ [ -72.672346129664916, 46.71032770428431 ], [ -72.678770866173139, 46.713056255208286 ], [ -72.678548129087361, 46.718247683240619 ], [ -72.671899403826899, 46.720710512433463 ], [ -72.665474134348386, 46.71798156858398 ], [ -72.665698123079181, 46.71279018853425 ], [ -72.672346129664916, 46.71032770428431 ] ] ] } },
{ "type": "Feature", "properties": { "hex_id": 655802, "centroid_lon": -72.665922049746214, "centroid_lat": 46.707598802926967, "occurrences_today": 4, "datetimes_today": "2026-06-23 02:16:25, 2026-06-23 02:31:45, 2026-06-23 02:46:16, 2026-06-23 03:01:30", "cumulative_total": 15.0 }, "geometry": { "type": "Polygon", "coordinates": [ [ [ -72.666145914370972, 46.70240741176233 ], [ -72.672569399753129, 46.705136291880279 ], [ -72.672346129664916, 46.71032770428431 ], [ -72.665698123079181, 46.71279018853425 ], [ -72.659274105213512, 46.710060915541163 ], [ -72.659498626395603, 46.704869551240336 ], [ -72.666145914370972, 46.70240741176233 ] ] ] } },
{ "type": "Feature", "properties": { "hex_id": 656412, "centroid_lon": -72.659723085373244, "centroid_lat": 46.699678181377713, "occurrences_today": 4, "datetimes_today": "2026-06-23 02:16:25, 2026-06-23 02:31:45, 2026-06-23 02:46:16, 2026-06-23 03:01:30", "cumulative_total": 15.0 }, "geometry": { "type": "Polygon", "coordinates": [ [ [ -72.659947482167951, 46.694486805953574 ], [ -72.666369716974913, 46.697216015040595 ], [ -72.666145914370972, 46.70240741176233 ], [ -72.659498626395603, 46.704869551240336 ], [ -72.653075859591567, 46.702139949328583 ], [ -72.653300912738445, 46.696948600830595 ], [ -72.659947482167951, 46.694486805953574 ] ] ] } },
{ "type": "Feature", "properties": { "hex_id": 656413, "centroid_lon": -72.659049521805429, "centroid_lat": 46.715252274279941, "occurrences_today": 4, "datetimes_today": "2026-06-23 02:16:25, 2026-06-23 02:31:45, 2026-06-23 02:46:16, 2026-06-23 03:01:30", "cumulative_total": 15.0 }, "geometry": { "type": "Polygon", "coordinates": [ [ [ -72.659274105213512, 46.710060915541163 ], [ -72.665698123079181, 46.71279018853425 ], [ -72.665474134348386, 46.71798156858398 ], [ -72.658824876149808, 46.720443627456426 ], [ -72.652400325865159, 46.717713961423989 ], [ -72.652625566176511, 46.712522629625539 ], [ -72.659274105213512, 46.710060915541163 ] ] ] } },
{ "type": "Feature", "properties": { "hex_id": 657022, "centroid_lon": -72.653525903540356, "centroid_lat": 46.691757246766606, "occurrences_today": 4, "datetimes_today": "2026-06-23 02:16:25, 2026-06-23 02:31:45, 2026-06-23 02:46:16, 2026-06-23 03:01:30", "cumulative_total": 15.0 }, "geometry": { "type": "Polygon", "coordinates": [ [ [ -72.653750832018829, 46.686565887136858 ], [ -72.660171816801238, 46.68929542496813 ], [ -72.659947482167951, 46.694486805953574 ], [ -72.653300912738445, 46.696948600830595 ], [ -72.646879396445044, 46.694218670225027 ], [ -72.647104981070569, 46.689027337583767 ], [ -72.653750832018829, 46.686565887136858 ] ] ] } },
{ "type": "Feature", "properties": { "hex_id": 657023, "centroid_lon": -72.652850744078123, "centroid_lat": 46.707331292260321, "occurrences_today": 4, "datetimes_today": "2026-06-23 02:16:25, 2026-06-23 02:31:45, 2026-06-23 02:46:16, 2026-06-23 03:01:30", "cumulative_total": 15.0 }, "geometry": { "type": "Polygon", "coordinates": [ [ [ -72.653075859591567, 46.702139949328583 ], [ -72.659498626395603, 46.704869551240336 ], [ -72.659274105213512, 46.710060915541163 ], [ -72.652625566176511, 46.712522629625539 ], [ -72.646202267440074, 46.709792634724906 ], [ -72.646428039651425, 46.704601318795852 ], [ -72.653075859591567, 46.702139949328583 ] ] ] } },
{ "type": "Feature", "properties": { "hex_id": 657632, "centroid_lon": -72.647330503210753, "centroid_lat": 46.683835999372278, "occurrences_today": 4, "datetimes_today": "2026-06-23 02:16:25, 2026-06-23 02:31:45, 2026-06-23 02:46:16, 2026-06-23 03:01:30", "cumulative_total": 15.0 }, "geometry": { "type": "Polygon", "coordinates": [ [ [ -72.647555962887211, 46.678644655590823 ], [ -72.653975698195453, 46.681374521941621 ], [ -72.653750832018829, 46.686565887136858 ], [ -72.647104981070569, 46.689027337583767 ], [ -72.640684714737034, 46.686297078509135 ], [ -72.640910830355438, 46.681105761778454 ], [ -72.647555962887211, 46.678644655590823 ] ] ] } },
{ "type": "Feature", "properties": { "hex_id": 657633, "centroid_lon": -72.646653749312534, "centroid_lat": 46.699409997295803, "occurrences_today": 4, "datetimes_today": "2026-06-23 02:16:25, 2026-06-23 02:31:45, 2026-06-23 02:46:16, 2026-06-23 03:01:30", "cumulative_total": 15.0 }, "geometry": { "type": "Polygon", "coordinates": [ [ [ -72.646879396445044, 46.694218670225027 ], [ -72.653300912738445, 46.696948600830595 ], [ -72.653075859591567, 46.702139949328583 ], [ -72.646428039651425, 46.704601318795852 ], [ -72.640005991911821, 46.70187099525193 ], [ -72.640232295536904, 46.696679695246132 ], [ -72.646879396445044, 46.694218670225027 ] ] ] } },
{ "type": "Feature", "properties": { "hex_id": 657634, "centroid_lon": -72.645976432656809, "centroid_lat": 46.714983945082729, "occurrences_today": 4, "datetimes_today": "2026-06-23 02:16:25, 2026-06-23 02:31:45, 2026-06-23 02:46:16, 2026-06-23 03:01:30", "cumulative_total": 15.0 }, "geometry": { "type": "Polygon", "coordinates": [ [ [ -72.646202267440074, 46.709792634724906 ], [ -72.652625566176511, 46.712522629625539 ], [ -72.652400325865159, 46.717713961423989 ], [ -72.645750535279987, 46.720175249869044 ], [ -72.639326704676023, 46.717444861815395 ], [ -72.639553196503101, 46.71225357853681 ], [ -72.646202267440074, 46.709792634724906 ] ] ] } },
{ "type": "Feature", "properties": { "hex_id": 658242, "centroid_lon": -72.641136883348281, "centroid_lat": 46.675914439473303, "occurrences_today": 4, "datetimes_today": "2026-06-23 02:16:25, 2026-06-23 02:31:45, 2026-06-23 02:46:16, 2026-06-23 03:01:30", "cumulative_total": 15.0 }, "geometry": { "type": "Polygon", "coordinates": [ [ [ -72.641362873737236, 46.670723111593958 ], [ -72.647781360121527, 46.673453306239651 ], [ -72.647555962887211, 46.678644655590823 ], [ -72.640910830355438, 46.681105761778454 ], [ -72.634491813431225, 46.678375174459433 ], [ -72.634718459557064, 46.673183873693098 ], [ -72.641362873737236, 46.670723111593958 ] ] ] } },
{ "type": "Feature", "properties": { "hex_id": 658243, "centroid_lon": -72.640458536471428, "centroid_lat": 46.691488389665118, "occurrences_today": 4, "datetimes_today": "2026-06-23 02:16:25, 2026-06-23 02:31:45, 2026-06-23 02:46:16, 2026-06-23 03:01:30", "cumulative_total": 15.0 }, "geometry": { "type": "Polygon", "coordinates": [ [ [ -72.640684714737034, 46.686297078509135 ], [ -72.647104981070569, 46.689027337583767 ], [ -72.646879396445044, 46.694218670225027 ], [ -72.640232295536904, 46.696679695246132 ], [ -72.633811498243034, 46.693949043283659 ], [ -72.634038332795939, 46.688757759254962 ], [ -72.640684714737034, 46.686297078509135 ] ] ] } },
{ "type": "Feature", "properties": { "hex_id": 658244, "centroid_lon": -72.639779625574462, "centroid_lat": 46.707062289682241, "occurrences_today": 4, "datetimes_today": "2026-06-23 02:16:25, 2026-06-23 02:31:45, 2026-06-23 02:46:16, 2026-06-23 03:01:30", "cumulative_total": 15.0 }, "geometry": { "type": "Polygon", "coordinates": [ [ [ -72.640005991911821, 46.70187099525193 ], [ -72.646428039651425, 46.704601318795852 ], [ -72.646202267440074, 46.709792634724906 ], [ -72.639553196503101, 46.71225357853681 ], [ -72.633130617382321, 46.709522861890413 ], [ -72.633357640557989, 46.704331594601648 ], [ -72.640005991911821, 46.70187099525193 ] ] ] } },
{ "type": "Feature", "properties": { "hex_id": 658853, "centroid_lon": -72.634265104518093, "centroid_lat": 46.683566469646799, "occurrences_today": 4, "datetimes_today": "2026-06-23 02:16:25, 2026-06-23 02:31:45, 2026-06-23 02:46:16, 2026-06-23 03:01:30", "cumulative_total": 15.0 }, "geometry": { "type": "Polygon", "coordinates": [ [ [ -72.634491813431225, 46.678375174459433 ], [ -72.640910830355438, 46.681105761778454 ], [ -72.640684714737034, 46.686297078509135 ], [ -72.634038332795939, 46.688757759254962 ], [ -72.627618785396876, 46.686026779098654 ], [ -72.627846150392031, 46.680835511100817 ], [ -72.634491813431225, 46.678375174459433 ] ] ] } },
{ "type": "Feature", "properties": { "hex_id": 658854, "centroid_lon": -72.633584600837636, "centroid_lat": 46.699140321732649, "occurrences_today": 4, "datetimes_today": "2026-06-23 02:16:25, 2026-06-23 02:31:45, 2026-06-23 02:46:16, 2026-06-23 03:01:30", "cumulative_total": 15.0 }, "geometry": { "type": "Polygon", "coordinates": [ [ [ -72.633811498243034, 46.693949043283659 ], [ -72.640232295536904, 46.696679695246132 ], [ -72.640005991911821, 46.70187099525193 ], [ -72.633357640557989, 46.704331594601648 ], [ -72.626936312368926, 46.701600549587312 ], [ -72.627163866407116, 46.696409298342161 ], [ -72.633811498243034, 46.693949043283659 ] ] ] } },
{ "type": "Feature", "properties": { "hex_id": 659463, "centroid_lon": -72.628073452416444, "centroid_lat": 46.675644237519251, "occurrences_today": 4, "datetimes_today": "2026-06-23 02:16:25, 2026-06-23 02:31:45, 2026-06-23 02:46:16, 2026-06-23 03:01:30", "cumulative_total": 15.0 }, "geometry": { "type": "Polygon", "coordinates": [ [ [ -72.628300691491873, 46.67045295835424 ], [ -72.634718459557064, 46.673183873693098 ], [ -72.634491813431225, 46.678375174459433 ], [ -72.627846150392031, 46.680835511100817 ], [ -72.621427852337135, 46.678104202975248 ], [ -72.621655747289353, 46.672912951061981 ], [ -72.628300691491873, 46.67045295835424 ] ] ] } },
{ "type": "Feature", "properties": { "hex_id": 659464, "centroid_lon": -72.627391357409167, "centroid_lat": 46.691218041512528, "occurrences_today": 4, "datetimes_today": "2026-06-23 02:16:25, 2026-06-23 02:31:45, 2026-06-23 02:46:16, 2026-06-23 03:01:30", "cumulative_total": 15.0 }, "geometry": { "type": "Polygon", "coordinates": [ [ [ -72.627618785396876, 46.686026779098654 ], [ -72.634038332795939, 46.688757759254962 ], [ -72.633811498243034, 46.693949043283659 ], [ -72.627163866407116, 46.696409298342161 ], [ -72.620743788598503, 46.693677925184581 ], [ -72.620971873013559, 46.688486690036804 ], [ -72.627618785396876, 46.686026779098654 ] ] ] } },
{ "type": "Feature", "properties": { "hex_id": 659465, "centroid_lon": -72.626708695272754, "centroid_lat": 46.70679179524771, "occurrences_today": 4, "datetimes_today": "2026-06-23 02:16:25, 2026-06-23 02:31:45, 2026-06-23 02:46:16, 2026-06-23 03:01:30", "cumulative_total": 15.0 }, "geometry": { "type": "Polygon", "coordinates": [ [ [ -72.626936312368926, 46.701600549587312 ], [ -72.633357640557989, 46.704331594601648 ], [ -72.633130617382321, 46.709522861890413 ], [ -72.6264810150968, 46.71198303532308 ], [ -72.620059156077929, 46.709251597092802 ], [ -72.620287430152572, 46.704060378712832 ], [ -72.626936312368926, 46.701600549587312 ] ] ] } },
{ "type": "Feature", "properties": { "hex_id": 660073, "centroid_lon": -72.621883579130952, "centroid_lat": 46.667721693560743, "occurrences_today": 4, "datetimes_today": "2026-06-23 02:16:25, 2026-06-23 02:31:45, 2026-06-23 02:46:16, 2026-06-23 03:01:30", "cumulative_total": 15.0 }, "geometry": { "type": "Polygon", "coordinates": [ [ [ -72.622111347883788, 46.662530430471826 ], [ -72.628527867640059, 46.665261673606047 ], [ -72.628300691491873, 46.67045295835424 ], [ -72.621655747289353, 46.672912951061981 ], [ -72.615238698028136, 46.670181315191648 ], [ -72.615467122452571, 46.664990079416647 ], [ -72.622111347883788, 46.662530430471826 ] ] ] } },
{ "type": "Feature", "properties": { "hex_id": 660074, "centroid_lon": -72.621199894252484, "centroid_lat": 46.683295449300267, "occurrences_today": 4, "datetimes_today": "2026-06-23 02:16:25, 2026-06-23 02:31:45, 2026-06-23 02:46:16, 2026-06-23 03:01:30", "cumulative_total": 15.0 }, "geometry": { "type": "Polygon", "coordinates": [ [ [ -72.621427852337135, 46.678104202975248 ], [ -72.627846150392031, 46.680835511100817 ], [ -72.627618785396876, 46.686026779098654 ], [ -72.620971873013559, 46.688486690036804 ], [ -72.614553045034356, 46.685754988960603 ], [ -72.61478165934092, 46.680563769963889 ], [ -72.621427852337135, 46.678104202975248 ] ] ] } },
{ "type": "Feature", "properties": { "hex_id": 660075, "centroid_lon": -72.620515640985474, "centroid_lat": 46.698869154743342, "occurrences_today": 4, "datetimes_today": "2026-06-23 02:16:25, 2026-06-23 02:31:45, 2026-06-23 02:46:16, 2026-06-23 03:01:30", "cumulative_total": 15.0 }, "geometry": { "type": "Polygon", "coordinates": [ [ [ -72.620743788598503, 46.693677925184581 ], [ -72.627163866407116, 46.696409298342161 ], [ -72.626936312368926, 46.701600549587312 ], [ -72.620287430152572, 46.704060378712832 ], [ -72.613866821999906, 46.701328612389993 ], [ -72.614095626385762, 46.696137410173925 ], [ -72.620743788598503, 46.693677925184581 ] ] ] } },
{ "type": "Feature", "properties": { "hex_id": 660683, "centroid_lon": -72.615695483626709, "centroid_lat": 46.659798838049433, "occurrences_today": 4, "datetimes_today": "2026-06-23 02:16:25, 2026-06-23 02:31:45, 2026-06-23 02:46:16, 2026-06-23 03:01:30", "cumulative_total": 15.0 }, "geometry": { "type": "Polygon", "coordinates": [ [ [ -72.61592378157242, 46.654607591090219 ], [ -72.622339053569632, 46.657339161795434 ], [ -72.622111347883788, 46.662530430471826 ], [ -72.615467122452571, 46.664990079416647 ], [ -72.609051321434848, 46.662258116025953 ], [ -72.609280274846981, 46.657066896442842 ], [ -72.61592378157242, 46.654607591090219 ] ] ] } },
{ "type": "Feature", "properties": { "hex_id": 660684, "centroid_lon": -72.615010210331562, "centroid_lat": 46.675372545374145, "occurrences_today": 8, "datetimes_today": "2026-06-23 02:16:25, 2026-06-23 02:31:45, 2026-06-23 02:46:16, 2026-06-23 03:01:30, 2026-06-23 03:16:31, 2026-06-23 03:31:38, 2026-06-23 03:46:19, 2026-06-23 04:01:22", "cumulative_total": 19.0 }, "geometry": { "type": "Polygon", "coordinates": [ [ [ -72.615238698028136, 46.670181315191648 ], [ -72.621655747289353, 46.672912951061981 ], [ -72.621427852337135, 46.678104202975248 ], [ -72.61478165934092, 46.680563769963889 ], [ -72.608364080640328, 46.6778317411936 ], [ -72.608593224353442, 46.672640538401595 ], [ -72.615238698028136, 46.670181315191648 ] ] ] } },
{ "type": "Feature", "properties": { "hex_id": 660685, "centroid_lon": -72.614324367389926, "centroid_lat": 46.690946202364032, "occurrences_today": 4, "datetimes_today": "2026-06-23 02:16:25, 2026-06-23 02:31:45, 2026-06-23 02:46:16, 2026-06-23 03:01:30", "cumulative_total": 15.0 }, "geometry": { "type": "Polygon", "coordinates": [ [ [ -72.614553045034356, 46.685754988960603 ], [ -72.620971873013559, 46.688486690036804 ], [ -72.620743788598503, 46.693677925184581 ], [ -72.614095626385762, 46.696137410173925 ], [ -72.60767626854792, 46.693405315983163 ], [ -72.60790560275953, 46.688214129984644 ], [ -72.614553045034356, 46.685754988960603 ] ] ] } },
{ "type": "Feature", "properties": { "hex_id": 661294, "centroid_lon": -72.608822304610968, "centroid_lat": 46.667449330012289, "occurrences_today": 8, "datetimes_today": "2026-06-23 02:16:25, 2026-06-23 02:31:45, 2026-06-23 02:46:16, 2026-06-23 03:01:30, 2026-06-23 03:16:31, 2026-06-23 03:31:38, 2026-06-23 03:46:19, 2026-06-23 04:01:22", "cumulative_total": 19.0 }, "geometry": { "type": "Polygon", "coordinates": [ [ [ -72.609051321434848, 46.662258116025953 ], [ -72.615467122452571, 46.664990079416647 ], [ -72.615238698028136, 46.670181315191648 ], [ -72.608593224353442, 46.672640538401595 ], [ -72.602176894380889, 46.66990818216162 ], [ -72.602406567015933, 46.664716995627941 ], [ -72.609051321434848, 46.662258116025953 ] ] ] } },
{ "type": "Feature", "properties": { "hex_id": 661295, "centroid_lon": -72.608134873449671, "centroid_lat": 46.683022938388028, "occurrences_today": 4, "datetimes_today": "2026-06-23 02:16:25, 2026-06-23 02:31:45, 2026-06-23 02:46:16, 2026-06-23 03:01:30", "cumulative_total": 15.0 }, "geometry": { "type": "Polygon", "coordinates": [ [ [ -72.608364080640328, 46.6778317411936 ], [ -72.61478165934092, 46.680563769963889 ], [ -72.614553045034356, 46.685754988960603 ], [ -72.60790560275953, 46.688214129984644 ], [ -72.60148749468533, 46.685481708150512 ], [ -72.601717358237593, 46.680290538423179 ], [ -72.608364080640328, 46.6778317411936 ] ] ] } },
{ "type": "Feature", "properties": { "hex_id": 661904, "centroid_lon": -72.602636176055896, "centroid_lat": 46.659525803492677, "occurrences_today": 8, "datetimes_today": "2026-06-23 02:16:25, 2026-06-23 02:31:45, 2026-06-23 02:46:16, 2026-06-23 03:01:30, 2026-06-23 03:16:31, 2026-06-23 03:31:38, 2026-06-23 03:46:19, 2026-06-23 04:01:22", "cumulative_total": 19.0 }, "geometry": { "type": "Polygon", "coordinates": [ [ [ -72.602865721522747, 46.654334605756091 ], [ -72.609280274846981, 46.657066896442842 ], [ -72.609051321434848, 46.662258116025953 ], [ -72.602406567015933, 46.664716995627941 ], [ -72.595991485221063, 46.661984312142636 ], [ -72.596221686293759, 46.656793141920822 ], [ -72.602865721522747, 46.654334605756091 ] ] ] } },
{ "type": "Feature", "properties": { "hex_id": 661905, "centroid_lon": -72.60194715812878, "centroid_lat": 46.675099363093452, "occurrences_today": 4, "datetimes_today": "2026-06-23 02:16:25, 2026-06-23 02:31:45, 2026-06-23 02:46:16, 2026-06-23 03:01:30", "cumulative_total": 15.0 }, "geometry": { "type": "Polygon", "coordinates": [ [ [ -72.602176894380889, 46.66990818216162 ], [ -72.608593224353442, 46.672640538401595 ], [ -72.608364080640328, 46.6778317411936 ], [ -72.601717358237593, 46.680290538423179 ], [ -72.595300499376137, 46.67755778917013 ], [ -72.595530891784307, 46.672366635767553 ], [ -72.602176894380889, 46.66990818216162 ] ] ] } },
{ "type": "Feature", "properties": { "hex_id": 661906, "centroid_lon": -72.601257567449963, "centroid_lat": 46.690672872275201, "occurrences_today": 4, "datetimes_today": "2026-06-23 02:16:25, 2026-06-23 02:31:45, 2026-06-23 02:46:16, 2026-06-23 03:01:30", "cumulative_total": 15.0 }, "geometry": { "type": "Polygon", "coordinates": [ [ [ -72.60148749468533, 46.685481708150512 ], [ -72.60790560275953, 46.688214129984644 ], [ -72.60767626854792, 46.693405315983163 ], [ -72.601027576509438, 46.695864030796962 ], [ -72.594608939127667, 46.693131215735086 ], [ -72.594839523069908, 46.687940079154167 ], [ -72.60148749468533, 46.685481708150512 ] ] ] } },
{ "type": "Feature", "properties": { "hex_id": 662514, "centroid_lon": -72.596451823632052, "centroid_lat": 46.651601966093139, "occurrences_today": 4, "datetimes_today": "2026-06-23 02:16:25, 2026-06-23 02:31:45, 2026-06-23 02:46:16, 2026-06-23 03:01:30", "cumulative_total": 18.0 }, "geometry": { "type": "Polygon", "coordinates": [ [ [ -72.596681897257966, 46.646410784659842 ], [ -72.6030952034385, 46.649143402418453 ], [ -72.602865721522747, 46.654334605756091 ], [ -72.596221686293759, 46.656793141920822 ], [ -72.589807852126455, 46.654060131414418 ], [ -72.590038581152896, 46.648868977557981 ], [ -72.596681897257966, 46.646410784659842 ] ] ] } },
{ "type": "Feature", "properties": { "hex_id": 662515, "centroid_lon": -72.595761220391921, "centroid_lat": 46.667175476758302, "occurrences_today": 8, "datetimes_today": "2026-06-23 02:16:25, 2026-06-23 02:31:45, 2026-06-23 02:46:16, 2026-06-23 03:01:30, 2026-06-23 03:16:31, 2026-06-23 03:31:38, 2026-06-23 03:46:19, 2026-06-23 04:01:22", "cumulative_total": 19.0 }, "geometry": { "type": "Polygon", "coordinates": [ [ [ -72.595991485221063, 46.661984312142636 ], [ -72.602406567015933, 46.664716995627941 ], [ -72.602176894380889, 46.66990818216162 ], [ -72.595530891784307, 46.672366635767553 ], [ -72.589115281584839, 46.669633559319941 ], [ -72.58934620236451, 46.664442422295664 ], [ -72.595991485221063, 46.661984312142636 ] ] ] } },
{ "type": "Feature", "properties": { "hex_id": 662516, "centroid_lon": -72.595070043145355, "centroid_lat": 46.682748936965751, "occurrences_today": 4, "datetimes_today": "2026-06-23 02:16:25, 2026-06-23 02:31:45, 2026-06-23 02:46:16, 2026-06-23 03:01:30", "cumulative_total": 15.0 }, "geometry": { "type": "Polygon", "coordinates": [ [ [ -72.595300499376137, 46.67755778917013 ], [ -72.601717358237593, 46.680290538423179 ], [ -72.60148749468533, 46.685481708150512 ], [ -72.594839523069908, 46.687940079154167 ], [ -72.588422135385656, 46.685206936724185 ], [ -72.588653248117538, 46.680015816534478 ], [ -72.595300499376137, 46.67755778917013 ] ] ] } },
{ "type": "Feature", "properties": { "hex_id": 663125, "centroid_lon": -72.589577059204345, "centroid_lat": 46.659251279660396, "occurrences_today": 8, "datetimes_today": "2026-06-23 02:16:25, 2026-06-23 02:31:45, 2026-06-23 02:46:16, 2026-06-23 03:01:30, 2026-06-23 03:16:31, 2026-06-23 03:31:38, 2026-06-23 03:46:19, 2026-06-23 04:01:22", "cumulative_total": 19.0 }, "geometry": { "type": "Polygon", "coordinates": [ [ [ -72.589807852126455, 46.654060131414418 ], [ -72.596221686293759, 46.656793141920822 ], [ -72.595991485221063, 46.661984312142636 ], [ -72.58934620236451, 46.664442422295664 ], [ -72.582931840276586, 46.661709018877758 ], [ -72.583163288943723, 46.656517898285237 ], [ -72.589807852126455, 46.654060131414418 ] ] ] } },
{ "type": "Feature", "properties": { "hex_id": 663126, "centroid_lon": -72.588884296843219, "centroid_lat": 46.674824690732969, "occurrences_today": 4, "datetimes_today": "2026-06-23 02:16:25, 2026-06-23 02:31:45, 2026-06-23 02:46:16, 2026-06-23 03:01:30", "cumulative_total": 15.0 }, "geometry": { "type": "Polygon", "coordinates": [ [ [ -72.589115281584839, 46.669633559319941 ], [ -72.595530891784307, 46.672366635767553 ], [ -72.595300499376137, 46.67755778917013 ], [ -72.588653248117538, 46.680015816534478 ], [ -72.582237109579751, 46.67728234696078 ], [ -72.582468750616755, 46.672091243215789 ], [ -72.589115281584839, 46.669633559319941 ] ] ] } },
{ "type": "Feature", "properties": { "hex_id": 663735, "centroid_lon": -72.583394673531899, "centroid_lat": 46.651326772077439, "occurrences_today": 8, "datetimes_today": "2026-06-23 02:16:25, 2026-06-23 02:31:45, 2026-06-23 02:46:16, 2026-06-23 03:01:30, 2026-06-23 03:16:31, 2026-06-23 03:31:38, 2026-06-23 03:46:19, 2026-06-23 04:01:22", "cumulative_total": 19.0 }, "geometry": { "type": "Polygon", "coordinates": [ [ [ -72.58362599406324, 46.646135640254606 ], [ -72.590038581152896, 46.648868977557981 ], [ -72.589807852126455, 46.654060131414418 ], [ -72.583163288943723, 46.656517898285237 ], [ -72.576750174417072, 46.653784168121192 ], [ -72.576982150488007, 46.648593064013895 ], [ -72.58362599406324, 46.646135640254606 ] ] ] } },
{ "type": "Feature", "properties": { "hex_id": 663736, "centroid_lon": -72.582700327508306, "centroid_lat": 46.666900133854689, "occurrences_today": 4, "datetimes_today": "2026-06-23 02:16:25, 2026-06-23 02:31:45, 2026-06-23 02:46:16, 2026-06-23 03:01:30", "cumulative_total": 15.0 }, "geometry": { "type": "Polygon", "coordinates": [ [ [ -72.582931840276586, 46.661709018877758 ], [ -72.58934620236451, 46.664442422295664 ], [ -72.589115281584839, 46.669633559319941 ], [ -72.582468750616755, 46.672091243215789 ], [ -72.57605386067462, 46.669357446722657 ], [ -72.576286029532596, 46.664166359475857 ], [ -72.582931840276586, 46.661709018877758 ] ] ] } },
{ "type": "Feature", "properties": { "hex_id": 664345, "centroid_lon": -72.577214062341, "centroid_lat": 46.643401954286993, "occurrences_today": 8, "datetimes_today": "2026-06-23 02:16:25, 2026-06-23 02:31:45, 2026-06-23 02:46:16, 2026-06-23 03:01:30, 2026-06-23 03:16:31, 2026-06-23 03:31:38, 2026-06-23 03:46:19, 2026-06-23 04:01:22", "cumulative_total": 19.0 }, "geometry": { "type": "Polygon", "coordinates": [ [ [ -72.577445909998232, 46.638210838940736 ], [ -72.583857250559902, 46.640944502817028 ], [ -72.58362599406324, 46.646135640254606 ], [ -72.576982150488007, 46.648593064013895 ], [ -72.570570282972596, 46.6458590073278 ], [ -72.570802785963991, 46.64066791975911 ], [ -72.577445909998232, 46.638210838940736 ] ] ] } },
{ "type": "Feature", "properties": { "hex_id": 664346, "centroid_lon": -72.576518134105996, "centroid_lat": 46.658975266608614, "occurrences_today": 4, "datetimes_today": "2026-06-23 02:16:25, 2026-06-23 02:31:45, 2026-06-23 02:46:16, 2026-06-23 03:01:30", "cumulative_total": 15.0 }, "geometry": { "type": "Polygon", "coordinates": [ [ [ -72.576750174417072, 46.653784168121192 ], [ -72.583163288943723, 46.656517898285237 ], [ -72.582931840276586, 46.661709018877758 ], [ -72.576286029532596, 46.664166359475857 ], [ -72.569872387635456, 46.661432236287489 ], [ -72.570105083830583, 46.656241165592263 ], [ -72.576750174417072, 46.653784168121192 ] ] ] } },
{ "type": "Feature", "properties": { "hex_id": 664956, "centroid_lon": -72.570337715602207, "centroid_lat": 46.651050089272282, "occurrences_today": 8, "datetimes_today": "2026-06-23 02:16:25, 2026-06-23 02:31:45, 2026-06-23 02:46:16, 2026-06-23 03:01:30, 2026-06-23 03:16:31, 2026-06-23 03:31:38, 2026-06-23 03:46:19, 2026-06-23 04:01:22", "cumulative_total": 19.0 }, "geometry": { "type": "Polygon", "coordinates": [ [ [ -72.570570282972596, 46.6458590073278 ], [ -72.576982150488007, 46.648593064013895 ], [ -72.576750174417072, 46.653784168121192 ], [ -72.570105083830583, 46.656241165592263 ], [ -72.563692689428095, 46.653506715932757 ], [ -72.563925912476918, 46.648315661842481 ], [ -72.570570282972596, 46.6458590073278 ] ] ] } },
{ "type": "Feature", "properties": { "hex_id": 665566, "centroid_lon": -72.56415907096347, "centroid_lat": 46.643124602123123, "occurrences_today": 8, "datetimes_today": "2026-06-23 02:16:25, 2026-06-23 02:31:45, 2026-06-23 02:46:16, 2026-06-23 03:01:30, 2026-06-23 03:16:31, 2026-06-23 03:31:38, 2026-06-23 03:46:19, 2026-06-23 04:01:22", "cumulative_total": 19.0 }, "geometry": { "type": "Polygon", "coordinates": [ [ [ -72.564392164910032, 46.637933536774916 ], [ -72.570802785963991, 46.64066791975911 ], [ -72.570570282972596, 46.6458590073278 ], [ -72.563925912476918, 46.648315661842481 ], [ -72.557514765018908, 46.645580885935843 ], [ -72.55774851443833, 46.640389848503858 ], [ -72.564392164910032, 46.637933536774916 ] ] ] } },
{ "type": "Feature", "properties": { "hex_id": 821967, "centroid_lon": -70.755717498739727, "centroid_lat": 48.351789869096514, "occurrences_today": 17, "datetimes_today": "2026-06-23 00:01:15, 2026-06-23 00:16:30, 2026-06-23 00:31:23, 2026-06-23 00:46:43, 2026-06-23 01:01:29, 2026-06-23 01:16:23, 2026-06-23 01:31:42, 2026-06-23 01:46:17, 2026-06-23 02:01:15, 2026-06-23 02:16:25, 2026-06-23 02:31:45, 2026-06-23 02:46:16, 2026-06-23 03:01:30, 2026-06-23 03:16:31, 2026-06-23 03:31:38, 2026-06-23 03:46:19, 2026-06-23 04:01:22", "cumulative_total": 36.0 }, "geometry": { "type": "Polygon", "coordinates": [ [ [ -70.756148403988021, 48.346609919683573 ], [ -70.762662967642228, 48.349448445105644 ], [ -70.762232679799865, 48.354628435685996 ], [ -70.75528647148009, 48.35696981093389 ], [ -70.748771412453308, 48.354130853391446 ], [ -70.749203057074837, 48.348950952791817 ], [ -70.756148403988021, 48.346609919683573 ] ] ] } },
{ "type": "Feature", "properties": { "hex_id": 823188, "centroid_lon": -70.742257092990286, "centroid_lat": 48.35129154618452, "occurrences_today": 17, "datetimes_today": "2026-06-23 00:01:15, 2026-06-23 00:16:30, 2026-06-23 00:31:23, 2026-06-23 00:46:43, 2026-06-23 01:01:29, 2026-06-23 01:16:23, 2026-06-23 01:31:42, 2026-06-23 01:46:17, 2026-06-23 02:01:15, 2026-06-23 02:16:25, 2026-06-23 02:31:45, 2026-06-23 02:46:16, 2026-06-23 03:01:30, 2026-06-23 03:16:31, 2026-06-23 03:31:38, 2026-06-23 03:46:19, 2026-06-23 04:01:22", "cumulative_total": 48.0 }, "geometry": { "type": "Polygon", "coordinates": [ [ [ -70.742689354761168, 48.346111686884434 ], [ -70.749203057074837, 48.348950952791817 ], [ -70.748771412453308, 48.354130853391446 ], [ -70.741824708827011, 48.356471397890914 ], [ -70.735310511778422, 48.353631699762147 ], [ -70.735743513046899, 48.348451889425625 ], [ -70.742689354761168, 48.346111686884434 ] ] ] } },
{ "type": "Feature", "properties": { "hex_id": 824409, "centroid_lon": -70.72879705441791, "centroid_lat": 48.350791652132209, "occurrences_today": 17, "datetimes_today": "2026-06-23 00:01:15, 2026-06-23 00:16:30, 2026-06-23 00:31:23, 2026-06-23 00:46:43, 2026-06-23 01:01:29, 2026-06-23 01:16:23, 2026-06-23 01:31:42, 2026-06-23 01:46:17, 2026-06-23 02:01:15, 2026-06-23 02:16:25, 2026-06-23 02:31:45, 2026-06-23 02:46:16, 2026-06-23 03:01:30, 2026-06-23 03:16:31, 2026-06-23 03:31:38, 2026-06-23 03:46:19, 2026-06-23 04:01:22", "cumulative_total": 45.0 }, "geometry": { "type": "Polygon", "coordinates": [ [ [ -70.729230672578964, 48.345611883227349 ], [ -70.735743513046899, 48.348451889425625 ], [ -70.735310511778422, 48.353631699762147 ], [ -70.728363313483499, 48.355971413425237 ], [ -70.72184997891847, 48.353130974904715 ], [ -70.722284336701193, 48.347951255113678 ], [ -70.729230672578964, 48.345611883227349 ] ] ] } },
{ "type": "Feature", "properties": { "hex_id": 825019, "centroid_lon": -70.722718571542288, "centroid_lat": 48.342771527702205, "occurrences_today": 17, "datetimes_today": "2026-06-23 00:01:15, 2026-06-23 00:16:30, 2026-06-23 00:31:23, 2026-06-23 00:46:43, 2026-06-23 01:01:29, 2026-06-23 01:16:23, 2026-06-23 01:31:42, 2026-06-23 01:46:17, 2026-06-23 02:01:15, 2026-06-23 02:16:25, 2026-06-23 02:31:45, 2026-06-23 02:46:16, 2026-06-23 03:01:30, 2026-06-23 03:16:31, 2026-06-23 03:31:38, 2026-06-23 03:46:19, 2026-06-23 04:01:22", "cumulative_total": 36.0 }, "geometry": { "type": "Polygon", "coordinates": [ [ [ -70.723152683486092, 48.337591792671326 ], [ -70.72966416801097, 48.34043210671166 ], [ -70.729230672578964, 48.345611883227349 ], [ -70.722284336701193, 48.347951255113678 ], [ -70.715772358583976, 48.345110508819069 ], [ -70.716207209892559, 48.3399308229627 ], [ -70.723152683486092, 48.337591792671326 ] ] ] } },
{ "type": "Feature", "properties": { "hex_id": 825630, "centroid_lon": -70.715337384165565, "centroid_lat": 48.350290187046404, "occurrences_today": 17, "datetimes_today": "2026-06-23 00:01:15, 2026-06-23 00:16:30, 2026-06-23 00:31:23, 2026-06-23 00:46:43, 2026-06-23 01:01:29, 2026-06-23 01:16:23, 2026-06-23 01:31:42, 2026-06-23 01:46:17, 2026-06-23 02:01:15, 2026-06-23 02:16:25, 2026-06-23 02:31:45, 2026-06-23 02:46:16, 2026-06-23 03:01:30, 2026-06-23 03:16:31, 2026-06-23 03:31:38, 2026-06-23 03:46:19, 2026-06-23 04:01:22", "cumulative_total": 36.0 }, "geometry": { "type": "Polygon", "coordinates": [ [ [ -70.715772358583976, 48.345110508819069 ], [ -70.722284336701193, 48.347951255113678 ], [ -70.72184997891847, 48.353130974904715 ], [ -70.714902286592888, 48.355469857643676 ], [ -70.708389815016432, 48.352628678926102 ], [ -70.708825529180373, 48.347449049962854 ], [ -70.715772358583976, 48.345110508819069 ] ] ] } },
{ "type": "Feature", "properties": { "hex_id": 657019, "centroid_lon": -72.655548018788622, "centroid_lat": 46.645034809762215, "occurrences_today": 4, "datetimes_today": "2026-06-23 02:16:25, 2026-06-23 02:31:45, 2026-06-23 02:46:16, 2026-06-23 03:01:30", "cumulative_total": 21.0 }, "geometry": { "type": "Polygon", "coordinates": [ [ [ -72.655772387325257, 46.639843400052079 ], [ -72.662188034781863, 46.642572745882653 ], [ -72.661964258634882, 46.647764176908382 ], [ -72.655323588122229, 46.650226213908851 ], [ -72.648907410416456, 46.647496475946944 ], [ -72.649132433451044, 46.642305093182827 ], [ -72.655772387325257, 46.639843400052079 ] ] ] } },
{ "type": "Feature", "properties": { "hex_id": 658239, "centroid_lon": -72.643168545704029, "centroid_lat": 46.629192287918862, "occurrences_today": 4, "datetimes_today": "2026-06-23 02:16:25, 2026-06-23 02:31:45, 2026-06-23 02:46:16, 2026-06-23 03:01:30", "cumulative_total": 53.0 }, "geometry": { "type": "Polygon", "coordinates": [ [ [ -72.643393973630751, 46.62400090988325 ], [ -72.649807128893599, 46.626730911483861 ], [ -72.649582292668086, 46.631922310951026 ], [ -72.642943055367837, 46.634383660382568 ], [ -72.636529370824007, 46.631653266751364 ], [ -72.636755452839878, 46.626461915786102 ], [ -72.643393973630751, 46.62400090988325 ] ] ] } },
{ "type": "Feature", "properties": { "hex_id": 659460, "centroid_lon": -72.630116340541335, "centroid_lat": 46.628922524061018, "occurrences_today": 4, "datetimes_today": "2026-06-23 02:16:25, 2026-06-23 02:31:45, 2026-06-23 02:46:16, 2026-06-23 03:01:30", "cumulative_total": 7.0 }, "geometry": { "type": "Polygon", "coordinates": [ [ [ -72.630343014054034, 46.623731194656592 ], [ -72.636755452839878, 46.626461915786102 ], [ -72.636529370824007, 46.631653266751364 ], [ -72.629889604275135, 46.634113847884294 ], [ -72.623476636756777, 46.631382734610966 ], [ -72.623703964498148, 46.626191432415396 ], [ -72.630343014054034, 46.623731194656592 ] ] ] } },
{ "type": "Feature", "properties": { "hex_id": 660682, "centroid_lon": -72.616380187865971, "centroid_lat": 46.644225080396957, "occurrences_today": 4, "datetimes_today": "2026-06-23 02:16:25, 2026-06-23 02:31:45, 2026-06-23 02:46:16, 2026-06-23 03:01:30", "cumulative_total": 7.0 }, "geometry": { "type": "Polygon", "coordinates": [ [ [ -72.616608296257482, 46.639033816663414 ], [ -72.623021792443254, 46.641765322244218 ], [ -72.622794275827587, 46.646956607681368 ], [ -72.61615201631156, 46.649416338539304 ], [ -72.609737991523772, 46.64668444048737 ], [ -72.6099667548322, 46.641493204115555 ], [ -72.616608296257482, 46.639033816663414 ] ] ] } },
{ "type": "Feature", "properties": { "hex_id": 661903, "centroid_lon": -72.603324621825053, "centroid_lat": 46.64395219348004, "occurrences_today": 4, "datetimes_today": "2026-06-23 02:16:25, 2026-06-23 02:31:45, 2026-06-23 02:46:16, 2026-06-23 03:01:30", "cumulative_total": 7.0 }, "geometry": { "type": "Polygon", "coordinates": [ [ [ -72.603553976704418, 46.638760978941086 ], [ -72.6099667548322, 46.641493204115555 ], [ -72.609737991523772, 46.64668444048737 ], [ -72.6030952034385, 46.649143402418453 ], [ -72.596681897257966, 46.646410784659842 ], [ -72.596911907193515, 46.641219597621223 ], [ -72.603553976704418, 46.638760978941086 ] ] ] } },
{ "type": "Feature", "properties": { "hex_id": 663124, "centroid_lon": -72.590269246305795, "centroid_lat": 46.64367781809139, "occurrences_today": 4, "datetimes_today": "2026-06-23 02:16:25, 2026-06-23 02:31:45, 2026-06-23 02:46:16, 2026-06-23 03:01:30", "cumulative_total": 7.0 }, "geometry": { "type": "Polygon", "coordinates": [ [ [ -72.590499847607163, 46.638486653014887 ], [ -72.596911907193515, 46.641219597621223 ], [ -72.596681897257966, 46.646410784659842 ], [ -72.590038581152896, 46.648868977557981 ], [ -72.58362599406324, 46.646135640254606 ], [ -72.583857250559902, 46.640944502817028 ], [ -72.590499847607163, 46.638486653014887 ] ] ] } },
{ "type": "Feature", "properties": { "hex_id": 663734, "centroid_lon": -72.584088443043981, "centroid_lat": 46.635753359764962, "occurrences_today": 4, "datetimes_today": "2026-06-23 02:16:25, 2026-06-23 02:31:45, 2026-06-23 02:46:16, 2026-06-23 03:01:30", "cumulative_total": 7.0 }, "geometry": { "type": "Polygon", "coordinates": [ [ [ -72.584319571537605, 46.630562211098713 ], [ -72.590730385079112, 46.633295482328748 ], [ -72.590499847607163, 46.638486653014887 ], [ -72.583857250559902, 46.640944502817028 ], [ -72.577445909998232, 46.638210838940736 ], [ -72.577677693481903, 46.633019717975422 ], [ -72.584319571537605, 46.630562211098713 ] ] ] } },
{ "type": "Feature", "properties": { "hex_id": 739952, "centroid_lon": -71.852919382713822, "centroid_lat": 45.14470068941079, "occurrences_today": 6, "datetimes_today": "2026-06-23 02:46:16, 2026-06-23 03:01:30, 2026-06-23 03:16:31, 2026-06-23 03:31:38, 2026-06-23 03:46:19, 2026-06-23 04:01:22", "cumulative_total": 53.0 }, "geometry": { "type": "Polygon", "coordinates": [ [ [ -71.853205150178681, 45.139511404415131 ], [ -71.859412385358937, 45.142281018272705 ], [ -71.859127153494967, 45.147470331674953 ], [ -71.852633537634617, 45.149889968250228 ], [ -71.846425844480677, 45.14711997492109 ], [ -71.846712225135022, 45.141930724551358 ], [ -71.853205150178681, 45.139511404415131 ] ] ] } },
{ "type": "Feature", "properties": { "hex_id": 654577, "centroid_lon": -72.681660839738697, "centroid_lat": 46.645567185967899, "occurrences_today": 4, "datetimes_today": "2026-06-23 02:16:25, 2026-06-23 02:31:45, 2026-06-23 02:46:16, 2026-06-23 03:01:30", "cumulative_total": 12.0 }, "geometry": { "type": "Polygon", "coordinates": [ [ [ -72.681882714716195, 46.640375680279547 ], [ -72.68829979393189, 46.643103585470328 ], [ -72.688078511752451, 46.648295112215422 ], [ -72.681438903320355, 46.650758686110983 ], [ -72.675021292758061, 46.648030389015972 ], [ -72.675243821953217, 46.642838909996591 ], [ -72.681882714716195, 46.640375680279547 ] ] ] } },
{ "type": "Feature", "properties": { "hex_id": 646646, "centroid_lon": -72.76299680322748, "centroid_lat": 46.732920354415221, "occurrences_today": 4, "datetimes_today": "2026-06-23 02:16:25, 2026-06-23 02:31:45, 2026-06-23 02:46:16, 2026-06-23 03:01:30", "cumulative_total": 35.0 }, "geometry": { "type": "Polygon", "coordinates": [ [ [ -72.763211551833578, 46.727728634771957 ], [ -72.769643094625494, 46.730452187528087 ], [ -72.769428942822557, 46.735643927456202 ], [ -72.76278199508134, 46.738112068567332 ], [ -72.75634991503658, 46.735388123471502 ], [ -72.756565319965247, 46.730196429671409 ], [ -72.763211551833578, 46.727728634771957 ] ] ] } },
{ "type": "Feature", "properties": { "hex_id": 647256, "centroid_lon": -72.756780665190931, "centroid_lat": 46.725004730375879, "occurrences_today": 4, "datetimes_today": "2026-06-23 02:16:25, 2026-06-23 02:31:45, 2026-06-23 02:46:16, 2026-06-23 03:01:30", "cumulative_total": 35.0 }, "geometry": { "type": "Polygon", "coordinates": [ [ [ -72.756995950734307, 46.719813025585132 ], [ -72.763426240920325, 46.722536909637753 ], [ -72.763211551833578, 46.727728634771957 ], [ -72.756565319965247, 46.730196429671409 ], [ -72.750134493015238, 46.727472153328918 ], [ -72.750350434676889, 46.722280474443977 ], [ -72.756995950734307, 46.719813025585132 ] ] ] } },
{ "type": "Feature", "properties": { "hex_id": 647866, "centroid_lon": -72.750566316493391, "centroid_lat": 46.717088790059549, "occurrences_today": 4, "datetimes_today": "2026-06-23 02:16:25, 2026-06-23 02:31:45, 2026-06-23 02:46:16, 2026-06-23 03:01:30", "cumulative_total": 35.0 }, "geometry": { "type": "Polygon", "coordinates": [ [ [ -72.750782138485434, 46.711897100175847 ], [ -72.757211176616053, 46.714621315299411 ], [ -72.756995950734307, 46.719813025585132 ], [ -72.750350434676889, 46.722280474443977 ], [ -72.743920860270762, 46.719555867080345 ], [ -72.744137338176856, 46.714364203165061 ], [ -72.750782138485434, 46.711897100175847 ] ] ] } },
{ "type": "Feature", "properties": { "hex_id": 648476, "centroid_lon": -72.744353756095762, "centroid_lat": 46.709172533746198, "occurrences_today": 4, "datetimes_today": "2026-06-23 02:16:25, 2026-06-23 02:31:45, 2026-06-23 02:46:16, 2026-06-23 03:01:30", "cumulative_total": 35.0 }, "geometry": { "type": "Polygon", "coordinates": [ [ [ -72.74457011404823, 46.703980858823975 ], [ -72.750997900673752, 46.706705404793077 ], [ -72.750782138485434, 46.711897100175847 ], [ -72.744137338176856, 46.714364203165061 ], [ -72.737709015763983, 46.711639265005758 ], [ -72.737926029426291, 46.706447616114531 ], [ -72.74457011404823, 46.703980858823975 ] ] ] } },
{ "type": "Feature", "properties": { "hex_id": 649086, "centroid_lon": -72.738142982959545, "centroid_lat": 46.701255961715631, "occurrences_today": 4, "datetimes_today": "2026-06-23 02:16:25, 2026-06-23 02:31:45, 2026-06-23 02:46:16, 2026-06-23 03:01:30", "cumulative_total": 35.0 }, "geometry": { "type": "Polygon", "coordinates": [ [ [ -72.738359876384564, 46.696064301809336 ], [ -72.744786412055035, 46.698789178398634 ], [ -72.74457011404823, 46.703980858823975 ], [ -72.737926029426291, 46.706447616114531 ], [ -72.731498958456228, 46.703722347384911 ], [ -72.731716507386906, 46.698530713572119 ], [ -72.738359876384564, 46.696064301809336 ] ] ] } },
{ "type": "Feature", "properties": { "hex_id": 650916, "centroid_lon": -72.719521376743174, "centroid_lat": 46.677504354116977, "occurrences_today": 4, "datetimes_today": "2026-06-23 02:16:25, 2026-06-23 02:31:45, 2026-06-23 02:46:16, 2026-06-23 03:01:30", "cumulative_total": 35.0 }, "geometry": { "type": "Polygon", "coordinates": [ [ [ -72.719739873662135, 46.672312739584342 ], [ -72.726162659765635, 46.675038606683223 ], [ -72.725944757228206, 46.680230241910088 ], [ -72.719302819291528, 46.682695963129888 ], [ -72.712879499349654, 46.679969704040481 ], [ -72.7130986511619, 46.674778115788818 ], [ -72.719739873662135, 46.672312739584342 ] ] ] } },
{ "type": "Feature", "properties": { "hex_id": 651526, "centroid_lon": -72.713317742279301, "centroid_lat": 46.669586522013084, "occurrences_today": 4, "datetimes_today": "2026-06-23 02:16:25, 2026-06-23 02:31:45, 2026-06-23 02:46:16, 2026-06-23 03:01:30", "cumulative_total": 35.0 }, "geometry": { "type": "Polygon", "coordinates": [ [ [ -72.713536772722861, 46.66439492271352 ], [ -72.71995831006933, 46.667121119532226 ], [ -72.719739873662135, 46.672312739584342 ], [ -72.7130986511619, 46.674778115788818 ], [ -72.706676580463423, 46.672051527029545 ], [ -72.7068962655962, 46.666859954073381 ], [ -72.713536772722861, 46.66439492271352 ] ] ] } },
{ "type": "Feature", "properties": { "hex_id": 652137, "centroid_lon": -72.706456834473727, "centroid_lat": 46.677243094457282, "occurrences_today": 4, "datetimes_today": "2026-06-23 02:16:25, 2026-06-23 02:31:45, 2026-06-23 02:46:16, 2026-06-23 03:01:30", "cumulative_total": 35.0 }, "geometry": { "type": "Polygon", "coordinates": [ [ [ -72.706676580463423, 46.672051527029545 ], [ -72.7130986511619, 46.674778115788818 ], [ -72.712879499349654, 46.679969704040481 ], [ -72.706237027606051, 46.682434656356357 ], [ -72.699814423618605, 46.67970767549243 ], [ -72.700034824642685, 46.6745161344843 ], [ -72.706676580463423, 46.672051527029545 ] ] ] } },
{ "type": "Feature", "properties": { "hex_id": 652746, "centroid_lon": -72.700915818549561, "centroid_lat": 46.653749915123704, "occurrences_today": 4, "datetimes_today": "2026-06-23 02:16:25, 2026-06-23 02:31:45, 2026-06-23 02:46:16, 2026-06-23 03:01:30", "cumulative_total": 39.0 }, "geometry": { "type": "Polygon", "coordinates": [ [ [ -72.701135914584398, 46.64855834645271 ], [ -72.707554956063404, 46.651285202036604 ], [ -72.707335453375165, 46.656476791576651 ], [ -72.700695661559052, 46.658941478262584 ], [ -72.694276087699663, 46.656214230838174 ], [ -72.694496838015695, 46.651022688635322 ], [ -72.701135914584398, 46.64855834645271 ] ] ] } },
{ "type": "Feature", "properties": { "hex_id": 653356, "centroid_lon": -72.694717527214252, "centroid_lat": 46.645831140896014, "occurrences_today": 4, "datetimes_today": "2026-06-23 02:16:25, 2026-06-23 02:31:45, 2026-06-23 02:46:16, 2026-06-23 03:01:30", "cumulative_total": 35.0 }, "geometry": { "type": "Polygon", "coordinates": [ [ [ -72.694938155316464, 46.640639587620456 ], [ -72.701355949684611, 46.643366772249877 ], [ -72.701135914584398, 46.64855834645271 ], [ -72.694496838015695, 46.651022688635322 ], [ -72.688078511752451, 46.648295112215422 ], [ -72.68829979393189, 46.643103585470328 ], [ -72.694938155316464, 46.640639587620456 ] ] ] } },
{ "type": "Feature", "properties": { "hex_id": 653967, "centroid_lon": -72.687857168293817, "centroid_lat": 46.653486633419675, "occurrences_today": 4, "datetimes_today": "2026-06-23 02:16:25, 2026-06-23 02:31:45, 2026-06-23 02:46:16, 2026-06-23 03:01:30", "cumulative_total": 35.0 }, "geometry": { "type": "Polygon", "coordinates": [ [ [ -72.688078511752451, 46.648295112215422 ], [ -72.694496838015695, 46.651022688635322 ], [ -72.694276087699663, 46.656214230838174 ], [ -72.6876357635348, 46.658678149082817 ], [ -72.681216905439939, 46.655950180708558 ], [ -72.681438903320355, 46.650758686110983 ], [ -72.688078511752451, 46.648295112215422 ] ] ] } },
{ "type": "Feature", "properties": { "hex_id": 643638, "centroid_lon": -72.76690766755199, "centroid_lat": 47.426615804704142, "occurrences_today": 17, "datetimes_today": "2026-06-23 00:01:15, 2026-06-23 00:16:30, 2026-06-23 00:31:23, 2026-06-23 00:46:43, 2026-06-23 01:01:29, 2026-06-23 01:16:23, 2026-06-23 01:31:42, 2026-06-23 01:46:17, 2026-06-23 02:01:15, 2026-06-23 02:16:25, 2026-06-23 02:31:45, 2026-06-23 02:46:16, 2026-06-23 03:01:30, 2026-06-23 03:16:31, 2026-06-23 03:31:38, 2026-06-23 03:46:19, 2026-06-23 04:01:22", "cumulative_total": 28.0 }, "geometry": { "type": "Polygon", "coordinates": [ [ [ -72.767127300186004, 47.421424702649865 ], [ -72.773641837074607, 47.424149148255474 ], [ -72.773422824041532, 47.429340270846645 ], [ -72.766687973440881, 47.43180690126043 ], [ -72.760172878439306, 47.429082053939339 ], [ -72.760393192129655, 47.423890977988897 ], [ -72.767127300186004, 47.421424702649865 ] ] ] } },
{ "type": "Feature", "properties": { "hex_id": 644248, "centroid_lon": -72.760613444172179, "centroid_lat": 47.418699896536019, "occurrences_today": 2, "datetimes_today": "2026-06-23 00:01:15, 2026-06-23 00:16:30", "cumulative_total": 13.0 }, "geometry": { "type": "Polygon", "coordinates": [ [ [ -72.760833634588622, 47.413508809580975 ], [ -72.767346871364609, 47.416233595097864 ], [ -72.767127300186004, 47.421424702649865 ], [ -72.760393192129655, 47.423890977988897 ], [ -72.753879397752783, 47.421165790807763 ], [ -72.754100269011403, 47.41597473002075 ], [ -72.760833634588622, 47.413508809580975 ] ] ] } },
{ "type": "Feature", "properties": { "hex_id": 664348, "centroid_lon": -72.575124541952334, "centroid_lat": 46.690121739500071, "occurrences_today": 4, "datetimes_today": "2026-06-23 02:16:25, 2026-06-23 02:31:45, 2026-06-23 02:46:16, 2026-06-23 03:01:30", "cumulative_total": 7.0 }, "geometry": { "type": "Polygon", "coordinates": [ [ [ -72.575356968170965, 46.684930674737743 ], [ -72.581773634980564, 46.687664537601343 ], [ -72.581541801374016, 46.692855624496367 ], [ -72.574892051337898, 46.695312798640593 ], [ -72.568474856323178, 46.692578542323275 ], [ -72.5687079395274, 46.687387505382446 ], [ -72.575356968170965, 46.684930674737743 ] ] ] } },
{ "type": "Feature", "properties": { "hex_id": 781622, "centroid_lon": -71.25903791346424, "centroid_lat": 47.558756915696904, "occurrences_today": 4, "datetimes_today": "2026-06-23 03:16:31, 2026-06-23 03:31:38, 2026-06-23 03:46:19, 2026-06-23 04:01:22", "cumulative_total": 100.0 }, "geometry": { "type": "Polygon", "coordinates": [ [ [ -71.259407386817713, 47.55357306710102 ], [ -71.265854535631775, 47.556381403196738 ], [ -71.265485661945533, 47.561565287405237 ], [ -71.258668336640469, 47.56394075740188 ], [ -71.252220691647764, 47.561132004628547 ], [ -71.252590868102189, 47.555948198604739 ], [ -71.259407386817713, 47.55357306710102 ] ] ] } },
{ "type": "Feature", "properties": { "hex_id": 781623, "centroid_lon": -71.257928872435684, "centroid_lat": 47.574308420136092, "occurrences_today": 4, "datetimes_today": "2026-06-23 03:16:31, 2026-06-23 03:31:38, 2026-06-23 03:46:19, 2026-06-23 04:01:22", "cumulative_total": 100.0 }, "geometry": { "type": "Polygon", "coordinates": [ [ [ -71.258298656309819, 47.569124592215196 ], [ -71.26474760461474, 47.571933035170552 ], [ -71.264378420897131, 47.577116898725883 ], [ -71.257558984981486, 47.579492241163862 ], [ -71.251109540118435, 47.576683381303305 ], [ -71.251480027692537, 47.571499595978565 ], [ -71.258298656309819, 47.569124592215196 ] ] ] } },
{ "type": "Feature", "properties": { "hex_id": 781624, "centroid_lon": -71.256818899186257, "centroid_lat": 47.589859862537004, "occurrences_today": 4, "datetimes_today": "2026-06-23 03:16:31, 2026-06-23 03:31:38, 2026-06-23 03:46:19, 2026-06-23 04:01:22", "cumulative_total": 100.0 }, "geometry": { "type": "Polygon", "coordinates": [ [ [ -71.257188993910546, 47.584676055297756 ], [ -71.263639743174693, 47.587484605178211 ], [ -71.263270249096678, 47.592668448073731 ], [ -71.256448700771898, 47.595043662880897 ], [ -71.249997454569851, 47.592234695867482 ], [ -71.250368253593805, 47.587050931248498 ], [ -71.257188993910546, 47.584676055297756 ] ] ] } },
{ "type": "Feature", "properties": { "hex_id": 781625, "centroid_lon": -71.255707992726357, "centroid_lat": 47.605411242879654, "occurrences_today": 4, "datetimes_today": "2026-06-23 03:16:31, 2026-06-23 03:31:38, 2026-06-23 03:46:19, 2026-06-23 04:01:22", "cumulative_total": 100.0 }, "geometry": { "type": "Polygon", "coordinates": [ [ [ -71.256078398630848, 47.600227456328696 ], [ -71.262530950324035, 47.603036113199821 ], [ -71.262161145556121, 47.608219935428892 ], [ -71.255337483021719, 47.610595022532998 ], [ -71.248884434010478, 47.607785948301043 ], [ -71.249255544814943, 47.602602204394501 ], [ -71.256078398630848, 47.600227456328696 ] ] ] } },
{ "type": "Feature", "properties": { "hex_id": 781626, "centroid_lon": -71.25459615206502, "centroid_lat": 47.620962561143955, "occurrences_today": 4, "datetimes_today": "2026-06-23 03:16:31, 2026-06-23 03:31:38, 2026-06-23 03:46:19, 2026-06-23 04:01:22", "cumulative_total": 100.0 }, "geometry": { "type": "Polygon", "coordinates": [ [ [ -71.254966869480199, 47.615778795288016 ], [ -71.261421225073732, 47.61858755921542 ], [ -71.261051109285887, 47.623771360771379 ], [ -71.25422533073943, 47.626146320100084 ], [ -71.247770477447375, 47.623337138583814 ], [ -71.248141900363507, 47.618153415396449 ], [ -71.254966869480199, 47.615778795288016 ] ] ] } },
{ "type": "Feature", "properties": { "hex_id": 781627, "centroid_lon": -71.253483376209758, "centroid_lat": 47.636513817309933, "occurrences_today": 4, "datetimes_today": "2026-06-23 03:16:31, 2026-06-23 03:31:38, 2026-06-23 03:46:19, 2026-06-23 04:01:22", "cumulative_total": 100.0 }, "geometry": { "type": "Polygon", "coordinates": [ [ [ -71.253854405466612, 47.631330072155656 ], [ -71.260310566433276, 47.634138943205052 ], [ -71.259940139295011, 47.639322724081261 ], [ -71.253112242932048, 47.641697555562146 ], [ -71.246655583886096, 47.638888266695716 ], [ -71.247027319245532, 47.633704564234208 ], [ -71.253854405466612, 47.631330072155656 ] ] ] } },
{ "type": "Feature", "properties": { "hex_id": 781628, "centroid_lon": -71.25236966416665, "centroid_lat": 47.652065011357486, "occurrences_today": 4, "datetimes_today": "2026-06-23 03:16:31, 2026-06-23 03:31:38, 2026-06-23 03:46:19, 2026-06-23 04:01:22", "cumulative_total": 100.0 }, "geometry": { "type": "Polygon", "coordinates": [ [ [ -71.252741005596633, 47.646881286911587 ], [ -71.259198973410705, 47.649690265148735 ], [ -71.258828234591022, 47.654874025338522 ], [ -71.251998218605181, 47.657248728899113 ], [ -71.245539752330714, 47.654439332616604 ], [ -71.245911800465606, 47.649255650887667 ], [ -71.252741005596633, 47.646881286911587 ] ] ] } },
{ "type": "Feature", "properties": { "hex_id": 781629, "centroid_lon": -71.251255014940241, "centroid_lat": 47.667616143266521, "occurrences_today": 4, "datetimes_today": "2026-06-23 03:16:31, 2026-06-23 03:31:38, 2026-06-23 03:46:19, 2026-06-23 04:01:22", "cumulative_total": 100.0 }, "geometry": { "type": "Polygon", "coordinates": [ [ [ -71.25162666887536, 47.662432439535692 ], [ -71.258086445012552, 47.66524152502646 ], [ -71.257715394180011, 47.670425264523146 ], [ -71.250883256762904, 47.672799840090853 ], [ -71.244422981783842, 47.669990336326265 ], [ -71.244795343026823, 47.664806675336642 ], [ -71.25162666887536, 47.662432439535692 ] ] ] } },
{ "type": "Feature", "properties": { "hex_id": 782231, "centroid_lon": -71.254070537953268, "centroid_lat": 47.535212905534969, "occurrences_today": 4, "datetimes_today": "2026-06-23 03:16:31, 2026-06-23 03:31:38, 2026-06-23 03:46:19, 2026-06-23 04:01:22", "cumulative_total": 100.0 }, "geometry": { "type": "Polygon", "coordinates": [ [ [ -71.254440196607305, 47.530029065027584 ], [ -71.260884246259508, 47.532837603823026 ], [ -71.260515186421827, 47.538021479975214 ], [ -71.253700775812305, 47.540396739147113 ], [ -71.247256230848947, 47.537587783963524 ], [ -71.247626591769702, 47.532403986064679 ], [ -71.254440196607305, 47.530029065027584 ] ] ] } },
{ "type": "Feature", "properties": { "hex_id": 782232, "centroid_lon": -71.252960940923359, "centroid_lat": 47.55076438568274, "occurrences_today": 4, "datetimes_today": "2026-06-23 03:16:31, 2026-06-23 03:31:38, 2026-06-23 03:46:19, 2026-06-23 04:01:22", "cumulative_total": 100.0 }, "geometry": { "type": "Polygon", "coordinates": [ [ [ -71.253330910147866, 47.54558056586329 ], [ -71.259776756737438, 47.548389211614946 ], [ -71.259407386817713, 47.55357306710102 ], [ -71.252590868102189, 47.555948198604739 ], [ -71.2461445258228, 47.553139136237533 ], [ -71.246515197912117, 47.54795535905069 ], [ -71.253330910147866, 47.54558056586329 ] ] ] } },
{ "type": "Feature", "properties": { "hex_id": 782233, "centroid_lon": -71.251850411523435, "centroid_lat": 47.566315803753398, "occurrences_today": 4, "datetimes_today": "2026-06-23 03:16:31, 2026-06-23 03:31:38, 2026-06-23 03:46:19, 2026-06-23 04:01:22", "cumulative_total": 100.0 }, "geometry": { "type": "Polygon", "coordinates": [ [ [ -71.252220691647764, 47.561132004628547 ], [ -71.258668336640469, 47.56394075740188 ], [ -71.258298656309819, 47.569124592215196 ], [ -71.251480027692537, 47.571499595978565 ], [ -71.245031886631025, 47.568690426362117 ], [ -71.245402870218939, 47.563506669893989 ], [ -71.252220691647764, 47.561132004628547 ] ] ] } },
{ "type": "Feature", "properties": { "hex_id": 782234, "centroid_lon": -71.250738948764422, "centroid_lat": 47.581867159726862, "occurrences_today": 4, "datetimes_today": "2026-06-23 03:16:31, 2026-06-23 03:31:38, 2026-06-23 03:46:19, 2026-06-23 04:01:22", "cumulative_total": 100.0 }, "geometry": { "type": "Polygon", "coordinates": [ [ [ -71.251109540118435, 47.576683381303305 ], [ -71.257558984981486, 47.579492241163862 ], [ -71.257188993910546, 47.584676055297756 ], [ -71.250368253593805, 47.587050931248498 ], [ -71.243918312282645, 47.584241654317147 ], [ -71.244289607699642, 47.579057918574442 ], [ -71.251109540118435, 47.576683381303305 ] ] ] } },
{ "type": "Feature", "properties": { "hex_id": 782235, "centroid_lon": -71.249626551655822, "centroid_lat": 47.597418453583074, "occurrences_today": 4, "datetimes_today": "2026-06-23 03:16:31, 2026-06-23 03:31:38, 2026-06-23 03:46:19, 2026-06-23 04:01:22", "cumulative_total": 100.0 }, "geometry": { "type": "Polygon", "coordinates": [ [ [ -71.249997454569851, 47.592234695867482 ], [ -71.256448700771898, 47.595043662880897 ], [ -71.256078398630848, 47.600227456328696 ], [ -71.249255544814943, 47.602602204394501 ], [ -71.242803801785143, 47.599792820082463 ], [ -71.243175409362195, 47.594609105071896 ], [ -71.249997454569851, 47.592234695867482 ] ] ] } },
{ "type": "Feature", "properties": { "hex_id": 782236, "centroid_lon": -71.248513219205606, "centroid_lat": 47.61296968530192, "occurrences_today": 4, "datetimes_today": "2026-06-23 03:16:31, 2026-06-23 03:31:38, 2026-06-23 03:46:19, 2026-06-23 04:01:22", "cumulative_total": 100.0 }, "geometry": { "type": "Polygon", "coordinates": [ [ [ -71.248884434010478, 47.607785948301043 ], [ -71.255337483021719, 47.610595022532998 ], [ -71.254966869480199, 47.615778795288016 ], [ -71.248141900363507, 47.618153415396449 ], [ -71.241688354144557, 47.615343923637873 ], [ -71.242060274213159, 47.610160229366201 ], [ -71.248884434010478, 47.607785948301043 ] ] ] } },
{ "type": "Feature", "properties": { "hex_id": 782237, "centroid_lon": -71.247398950420333, "centroid_lat": 47.628520854863311, "occurrences_today": 4, "datetimes_today": "2026-06-23 03:16:31, 2026-06-23 03:31:38, 2026-06-23 03:46:19, 2026-06-23 04:01:22", "cumulative_total": 100.0 }, "geometry": { "type": "Polygon", "coordinates": [ [ [ -71.247770477447375, 47.623337138583814 ], [ -71.25422533073943, 47.626146320100084 ], [ -71.253854405466612, 47.631330072155656 ], [ -71.247027319245532, 47.633704564234208 ], [ -71.240571968365458, 47.630894964963218 ], [ -71.240944201257619, 47.625711291437128 ], [ -71.247770477447375, 47.623337138583814 ] ] ] } },
{ "type": "Feature", "properties": { "hex_id": 782238, "centroid_lon": -71.246283744305074, "centroid_lat": 47.644071962247118, "occurrences_today": 4, "datetimes_today": "2026-06-23 03:16:31, 2026-06-23 03:31:38, 2026-06-23 03:46:19, 2026-06-23 04:01:22", "cumulative_total": 100.0 }, "geometry": { "type": "Polygon", "coordinates": [ [ [ -71.246655583886096, 47.638888266695716 ], [ -71.253112242932048, 47.641697555562146 ], [ -71.252741005596633, 47.646881286911587 ], [ -71.245911800465606, 47.649255650887667 ], [ -71.239454643450983, 47.646445944038248 ], [ -71.239827189499124, 47.641262291264518 ], [ -71.246655583886096, 47.638888266695716 ] ] ] } },
{ "type": "Feature", "properties": { "hex_id": 782239, "centroid_lon": -71.245167599863436, "centroid_lat": 47.659623007433183, "occurrences_today": 4, "datetimes_today": "2026-06-23 03:16:31, 2026-06-23 03:31:38, 2026-06-23 03:46:19, 2026-06-23 04:01:22", "cumulative_total": 100.0 }, "geometry": { "type": "Polygon", "coordinates": [ [ [ -71.245539752330714, 47.654439332616604 ], [ -71.251998218605181, 47.657248728899113 ], [ -71.25162666887536, 47.662432439535692 ], [ -71.244795343026823, 47.664806675336642 ], [ -71.238336378402735, 47.661996860842734 ], [ -71.238709237939815, 47.656813228828106 ], [ -71.245539752330714, 47.654439332616604 ] ] ] } },
{ "type": "Feature", "properties": { "hex_id": 782240, "centroid_lon": -71.244050516097516, "centroid_lat": 47.675173990401305, "occurrences_today": 4, "datetimes_today": "2026-06-23 03:16:31, 2026-06-23 03:31:38, 2026-06-23 03:46:19, 2026-06-23 04:01:22", "cumulative_total": 100.0 }, "geometry": { "type": "Polygon", "coordinates": [ [ [ -71.244422981783842, 47.669990336326265 ], [ -71.250883256762904, 47.672799840090853 ], [ -71.250511394306386, 47.677983530007921 ], [ -71.243677945930813, 47.680357637560988 ], [ -71.237217172220866, 47.67754771535644 ], [ -71.237590345580344, 47.672364104107658 ], [ -71.244422981783842, 47.669990336326265 ] ] ] } },
{ "type": "Feature", "properties": { "hex_id": 782241, "centroid_lon": -71.242932492007995, "centroid_lat": 47.690724911131305, "occurrences_today": 4, "datetimes_today": "2026-06-23 03:16:31, 2026-06-23 03:31:38, 2026-06-23 03:46:19, 2026-06-23 04:01:22", "cumulative_total": 100.0 }, "geometry": { "type": "Polygon", "coordinates": [ [ [ -71.243305271246655, 47.685541277804568 ], [ -71.249767356407844, 47.688350889117309 ], [ -71.249395180891824, 47.69353455830813 ], [ -71.242559608177743, 47.695908537540454 ], [ -71.236097023904051, 47.693098507559064 ], [ -71.236470511419853, 47.687914917082907 ], [ -71.243305271246655, 47.685541277804568 ] ] ] } },
{ "type": "Feature", "properties": { "hex_id": 782839, "centroid_lon": -71.250216218074357, "centroid_lat": 47.49611720754411, "occurrences_today": 4, "datetimes_today": "2026-06-23 03:16:31, 2026-06-23 03:31:38, 2026-06-23 03:46:19, 2026-06-23 04:01:22", "cumulative_total": 100.0 }, "geometry": { "type": "Polygon", "coordinates": [ [ [ -71.250585750821998, 47.490933354446007 ], [ -71.25702491261903, 47.493741988471676 ], [ -71.256655977351272, 47.498925877224941 ], [ -71.249846581932914, 47.501301053744918 ], [ -71.243406926068033, 47.498492003847396 ], [ -71.243777159652879, 47.49330819337014 ], [ -71.250585750821998, 47.490933354446007 ] ] ] } },
{ "type": "Feature", "properties": { "hex_id": 782840, "centroid_lon": -71.249106999322635, "centroid_lat": 47.511668725451635, "occurrences_today": 4, "datetimes_today": "2026-06-23 03:16:31, 2026-06-23 03:31:38, 2026-06-23 03:46:19, 2026-06-23 04:01:22", "cumulative_total": 100.0 }, "geometry": { "type": "Polygon", "coordinates": [ [ [ -71.249476842361162, 47.506484893047663 ], [ -71.25591779708482, 47.509293634060569 ], [ -71.255548552013224, 47.514477502141474 ], [ -71.248737052780754, 47.516852550956052 ], [ -71.242295603611765, 47.51404339384424 ], [ -71.242666148084041, 47.508859604085195 ], [ -71.249476842361162, 47.506484893047663 ] ] ] } },
{ "type": "Feature", "properties": { "hex_id": 782841, "centroid_lon": -71.247996849040874, "centroid_lat": 47.527220181263317, "occurrences_today": 4, "datetimes_today": "2026-06-23 03:16:31, 2026-06-23 03:31:38, 2026-06-23 03:46:19, 2026-06-23 04:01:22", "cumulative_total": 100.0 }, "geometry": { "type": "Polygon", "coordinates": [ [ [ -71.248367002699027, 47.52203636956019 ], [ -71.254809751810967, 47.52484521762571 ], [ -71.254440196607305, 47.530029065027584 ], [ -71.247626591769702, 47.532403986064679 ], [ -71.241183347834578, 47.52959472167305 ], [ -71.241554203523648, 47.524410952638924 ], [ -71.248367002699027, 47.52203636956019 ] ] ] } },
{ "type": "Feature", "properties": { "hex_id": 782843, "centroid_lon": -71.2457737499373, "centroid_lat": 47.558322906518882, "occurrences_today": 4, "datetimes_today": "2026-06-23 03:16:31, 2026-06-23 03:31:38, 2026-06-23 03:46:19, 2026-06-23 04:01:22", "cumulative_total": 100.0 }, "geometry": { "type": "Polygon", "coordinates": [ [ [ -71.2461445258228, 47.553139136237533 ], [ -71.252590868102189, 47.555948198604739 ], [ -71.252220691647764, 47.561132004628547 ], [ -71.245402870218939, 47.563506669893989 ], [ -71.238956032359681, 47.56069719074582 ], [ -71.23932751147241, 47.555513463181718 ], [ -71.2461445258228, 47.553139136237533 ] ] ] } },
{ "type": "Feature", "properties": { "hex_id": 782844, "centroid_lon": -71.244660799136852, "centroid_lat": 47.573874175922512, "occurrences_today": 4, "datetimes_today": "2026-06-23 03:16:31, 2026-06-23 03:31:38, 2026-06-23 03:46:19, 2026-06-23 04:01:22", "cumulative_total": 100.0 }, "geometry": { "type": "Polygon", "coordinates": [ [ [ -71.245031886631025, 47.568690426362117 ], [ -71.251480027692537, 47.571499595978565 ], [ -71.251109540118435, 47.576683381303305 ], [ -71.244289607699642, 47.579057918574442 ], [ -71.237840970679443, 47.576248331949408 ], [ -71.238212761999989, 47.571064625130418 ], [ -71.245031886631025, 47.568690426362117 ] ] ] } },
{ "type": "Feature", "properties": { "hex_id": 782845, "centroid_lon": -71.243546912849098, "centroid_lat": 47.58942538314988, "occurrences_today": 4, "datetimes_today": "2026-06-23 03:16:31, 2026-06-23 03:31:38, 2026-06-23 03:46:19, 2026-06-23 04:01:22", "cumulative_total": 100.0 }, "geometry": { "type": "Polygon", "coordinates": [ [ [ -71.243918312282645, 47.584241654317147 ], [ -71.250368253593805, 47.587050931248498 ], [ -71.249997454569851, 47.592234695867482 ], [ -71.243175409362195, 47.594609105071896 ], [ -71.236724971713215, 47.591799410904159 ], [ -71.237097075572905, 47.586615724837031 ], [ -71.243918312282645, 47.584241654317147 ] ] ] } },
{ "type": "Feature", "properties": { "hex_id": 782846, "centroid_lon": -71.242432090081081, "centroid_lat": 47.604976528180828, "occurrences_today": 4, "datetimes_today": "2026-06-23 03:16:31, 2026-06-23 03:31:38, 2026-06-23 03:46:19, 2026-06-23 04:01:22", "cumulative_total": 100.0 }, "geometry": { "type": "Polygon", "coordinates": [ [ [ -71.242803801785143, 47.599792820082463 ], [ -71.249255544814943, 47.602602204394501 ], [ -71.248884434010478, 47.607785948301043 ], [ -71.242060274213159, 47.610160229366201 ], [ -71.23560803446604, 47.60735042758985 ], [ -71.235980451196667, 47.602166762281321 ], [ -71.242803801785143, 47.599792820082463 ] ] ] } },
{ "type": "Feature", "properties": { "hex_id": 782847, "centroid_lon": -71.241316329838341, "centroid_lat": 47.620527610995104, "occurrences_today": 4, "datetimes_today": "2026-06-23 03:16:31, 2026-06-23 03:31:38, 2026-06-23 03:46:19, 2026-06-23 04:01:22", "cumulative_total": 100.0 }, "geometry": { "type": "Polygon", "coordinates": [ [ [ -71.241688354144557, 47.615343923637873 ], [ -71.248141900363507, 47.618153415396449 ], [ -71.247770477447375, 47.623337138583814 ], [ -71.240944201257619, 47.625711291437128 ], [ -71.234490157941522, 47.622901381986189 ], [ -71.234862887875408, 47.617717737443044 ], [ -71.241688354144557, 47.615343923637873 ] ] ] } },
{ "type": "Feature", "properties": { "hex_id": 782848, "centroid_lon": -71.240199631124952, "centroid_lat": 47.636078631572602, "occurrences_today": 4, "datetimes_today": "2026-06-23 03:16:31, 2026-06-23 03:31:38, 2026-06-23 03:46:19, 2026-06-23 04:01:22", "cumulative_total": 100.0 }, "geometry": { "type": "Polygon", "coordinates": [ [ [ -71.240571968365458, 47.630894964963218 ], [ -71.247027319245532, 47.633704564234208 ], [ -71.246655583886096, 47.638888266695716 ], [ -71.239827189499124, 47.641262291264518 ], [ -71.23337134114179, 47.638452274072918 ], [ -71.233744384611725, 47.633268650301886 ], [ -71.240571968365458, 47.630894964963218 ] ] ] } },
{ "type": "Feature", "properties": { "hex_id": 782849, "centroid_lon": -71.239081992943554, "centroid_lat": 47.651629589893034, "occurrences_today": 4, "datetimes_today": "2026-06-23 03:16:31, 2026-06-23 03:31:38, 2026-06-23 03:46:19, 2026-06-23 04:01:22", "cumulative_total": 100.0 }, "geometry": { "type": "Polygon", "coordinates": [ [ [ -71.239454643450983, 47.646445944038248 ], [ -71.245911800465606, 47.649255650887667 ], [ -71.245539752330714, 47.654439332616604 ], [ -71.238709237939815, 47.656813228828106 ], [ -71.23225158306748, 47.65400310382973 ], [ -71.232624940406737, 47.64881950083759 ], [ -71.239454643450983, 47.646445944038248 ] ] ] } },
{ "type": "Feature", "properties": { "hex_id": 782850, "centroid_lon": -71.237963414295265, "centroid_lat": 47.66718048593615, "occurrences_today": 4, "datetimes_today": "2026-06-23 03:16:31, 2026-06-23 03:31:38, 2026-06-23 03:46:19, 2026-06-23 04:01:22", "cumulative_total": 100.0 }, "geometry": { "type": "Polygon", "coordinates": [ [ [ -71.238336378402735, 47.661996860842734 ], [ -71.244795343026823, 47.664806675336642 ], [ -71.244422981783842, 47.669990336326265 ], [ -71.237590345580344, 47.672364104107658 ], [ -71.23113088271775, 47.669553871236275 ], [ -71.231504554260098, 47.664370289029819 ], [ -71.238336378402735, 47.661996860842734 ] ] ] } },
{ "type": "Feature", "properties": { "hex_id": 782851, "centroid_lon": -71.236843894179756, "centroid_lat": 47.682731319681764, "occurrences_today": 4, "datetimes_today": "2026-06-23 03:16:31, 2026-06-23 03:31:38, 2026-06-23 03:46:19, 2026-06-23 04:01:22", "cumulative_total": 100.0 }, "geometry": { "type": "Polygon", "coordinates": [ [ [ -71.237217172220866, 47.67754771535644 ], [ -71.243677945930813, 47.680357637560988 ], [ -71.243305271246655, 47.685541277804568 ], [ -71.236470511419853, 47.687914917082907 ], [ -71.230009239090279, 47.685104576272231 ], [ -71.230383225170016, 47.67992101485823 ], [ -71.237217172220866, 47.67754771535644 ] ] ] } },
{ "type": "Feature", "properties": { "hex_id": 782852, "centroid_lon": -71.235723431595176, "centroid_lat": 47.698282091109526, "occurrences_today": 4, "datetimes_today": "2026-06-23 03:16:31, 2026-06-23 03:31:38, 2026-06-23 03:46:19, 2026-06-23 04:01:22", "cumulative_total": 100.0 }, "geometry": { "type": "Polygon", "coordinates": [ [ [ -71.236097023904051, 47.693098507559064 ], [ -71.242559608177743, 47.695908537540454 ], [ -71.24218661971878, 47.701092157031269 ], [ -71.235349734456037, 47.703465667733532 ], [ -71.22888665118127, 47.700655218917213 ], [ -71.229260952133131, 47.695471678302468 ], [ -71.236097023904051, 47.693098507559064 ] ] ] } },
{ "type": "Feature", "properties": { "hex_id": 783449, "centroid_lon": -71.244147289681706, "centroid_lat": 47.488124375988299, "occurrences_today": 4, "datetimes_today": "2026-06-23 03:16:31, 2026-06-23 03:31:38, 2026-06-23 03:46:19, 2026-06-23 04:01:22", "cumulative_total": 100.0 }, "geometry": { "type": "Polygon", "coordinates": [ [ [ -71.244517316191008, 47.48294055170264 ], [ -71.250955180212301, 47.485749494451319 ], [ -71.250585750821998, 47.490933354446007 ], [ -71.243777159652879, 47.49330819337014 ], [ -71.23733880205036, 47.490498834811582 ], [ -71.237709529161663, 47.485315053207124 ], [ -71.244517316191008, 47.48294055170264 ] ] ] } },
{ "type": "Feature", "properties": { "hex_id": 783450, "centroid_lon": -71.243036588890604, "centroid_lat": 47.503675807419327, "occurrences_today": 4, "datetimes_today": "2026-06-23 03:16:31, 2026-06-23 03:31:38, 2026-06-23 03:46:19, 2026-06-23 04:01:22", "cumulative_total": 100.0 }, "geometry": { "type": "Polygon", "coordinates": [ [ [ -71.243406926068033, 47.498492003847396 ], [ -71.249846581932914, 47.501301053744918 ], [ -71.249476842361162, 47.506484893047663 ], [ -71.242666148084041, 47.508859604085195 ], [ -71.236225998260906, 47.506050138150762 ], [ -71.236597036636581, 47.500866377284154 ], [ -71.243406926068033, 47.498492003847396 ] ] ] } },
{ "type": "Feature", "properties": { "hex_id": 783451, "centroid_lon": -71.24192495543717, "centroid_lat": 47.51922717669575, "occurrences_today": 4, "datetimes_today": "2026-06-23 03:16:31, 2026-06-23 03:31:38, 2026-06-23 03:46:19, 2026-06-23 04:01:22", "cumulative_total": 100.0 }, "geometry": { "type": "Polygon", "coordinates": [ [ [ -71.242295603611765, 47.51404339384424 ], [ -71.248737052780754, 47.516852550956052 ], [ -71.248367002699027, 47.52203636956019 ], [ -71.241554203523648, 47.524410952638924 ], [ -71.235112260019022, 47.521601379263039 ], [ -71.23548360998879, 47.516417639140975 ], [ -71.242295603611765, 47.51404339384424 ] ] ] } },
{ "type": "Feature", "properties": { "hex_id": 783453, "centroid_lon": -71.239698886589395, "centroid_lat": 47.550329728704071, "occurrences_today": 4, "datetimes_today": "2026-06-23 03:16:31, 2026-06-23 03:31:38, 2026-06-23 03:46:19, 2026-06-23 04:01:22", "cumulative_total": 100.0 }, "geometry": { "type": "Polygon", "coordinates": [ [ [ -71.240070157747382, 47.545145987313632 ], [ -71.246515197912117, 47.54795535905069 ], [ -71.2461445258228, 47.553139136237533 ], [ -71.23932751147241, 47.555513463181718 ], [ -71.232881976216362, 47.552703674725841 ], [ -71.233253950365281, 47.547519976113136 ], [ -71.240070157747382, 47.545145987313632 ] ] ] } },
{ "type": "Feature", "properties": { "hex_id": 783454, "centroid_lon": -71.238584449214471, "centroid_lat": 47.565880911395631, "occurrences_today": 4, "datetimes_today": "2026-06-23 03:16:31, 2026-06-23 03:31:38, 2026-06-23 03:46:19, 2026-06-23 04:01:22", "cumulative_total": 100.0 }, "geometry": { "type": "Polygon", "coordinates": [ [ [ -71.238956032359681, 47.56069719074582 ], [ -71.245402870218939, 47.563506669893989 ], [ -71.245031886631025, 47.568690426362117 ], [ -71.238212761999989, 47.571064625130418 ], [ -71.231765428671082, 47.568254729035843 ], [ -71.232137715406083, 47.563071051187947 ], [ -71.238956032359681, 47.56069719074582 ] ] ] } },
{ "type": "Feature", "properties": { "hex_id": 783455, "centroid_lon": -71.237469075216026, "centroid_lat": 47.581432031851854, "occurrences_today": 4, "datetimes_today": "2026-06-23 03:16:31, 2026-06-23 03:31:38, 2026-06-23 03:46:19, 2026-06-23 04:01:22", "cumulative_total": 100.0 }, "geometry": { "type": "Polygon", "coordinates": [ [ [ -71.237840970679443, 47.576248331949408 ], [ -71.244289607699642, 47.579057918574442 ], [ -71.243918312282645, 47.584241654317147 ], [ -71.237097075572905, 47.586615724837031 ], [ -71.230647942704394, 47.583805721037855 ], [ -71.231020542357115, 47.578622063961539 ], [ -71.237840970679443, 47.576248331949408 ] ] ] } },
{ "type": "Feature", "properties": { "hex_id": 783456, "centroid_lon": -71.236352763600095, "centroid_lat": 47.596983090052518, "occurrences_today": 4, "datetimes_today": "2026-06-23 03:16:31, 2026-06-23 03:31:38, 2026-06-23 03:46:19, 2026-06-23 04:01:22", "cumulative_total": 100.0 }, "geometry": { "type": "Polygon", "coordinates": [ [ [ -71.236724971713215, 47.591799410904159 ], [ -71.243175409362195, 47.594609105071896 ], [ -71.242803801785143, 47.599792820082463 ], [ -71.235980451196667, 47.602166762281321 ], [ -71.229529517320387, 47.59935665071157 ], [ -71.229902430222978, 47.594173014413606 ], [ -71.236724971713215, 47.591799410904159 ] ] ] } },
{ "type": "Feature", "properties": { "hex_id": 783457, "centroid_lon": -71.235235513371265, "centroid_lat": 47.612534085977323, "occurrences_today": 4, "datetimes_today": "2026-06-23 03:16:31, 2026-06-23 03:31:38, 2026-06-23 03:46:19, 2026-06-23 04:01:22", "cumulative_total": 100.0 }, "geometry": { "type": "Polygon", "coordinates": [ [ [ -71.23560803446604, 47.60735042758985 ], [ -71.242060274213159, 47.610160229366201 ], [ -71.241688354144557, 47.615343923637873 ], [ -71.234862887875408, 47.617717737443044 ], [ -71.228410151521686, 47.614907518036645 ], [ -71.228783378006739, 47.609723902523839 ], [ -71.23560803446604, 47.60735042758985 ] ] ] } },
{ "type": "Feature", "properties": { "hex_id": 783458, "centroid_lon": -71.234117323532629, "centroid_lat": 47.628085019606054, "occurrences_today": 4, "datetimes_today": "2026-06-23 03:16:31, 2026-06-23 03:31:38, 2026-06-23 03:46:19, 2026-06-23 04:01:22", "cumulative_total": 100.0 }, "geometry": { "type": "Polygon", "coordinates": [ [ [ -71.234490157941522, 47.622901381986189 ], [ -71.240944201257619, 47.625711291437128 ], [ -71.240571968365458, 47.630894964963218 ], [ -71.233744384611725, 47.633268650301886 ], [ -71.227289844309396, 47.630458322992752 ], [ -71.227663384710056, 47.625274728271847 ], [ -71.234490157941522, 47.622901381986189 ] ] ] } },
{ "type": "Feature", "properties": { "hex_id": 783459, "centroid_lon": -71.23299819308582, "centroid_lat": 47.643635890918404, "occurrences_today": 4, "datetimes_today": "2026-06-23 03:16:31, 2026-06-23 03:31:38, 2026-06-23 03:46:19, 2026-06-23 04:01:22", "cumulative_total": 100.0 }, "geometry": { "type": "Polygon", "coordinates": [ [ [ -71.23337134114179, 47.638452274072918 ], [ -71.239827189499124, 47.641262291264518 ], [ -71.239454643450983, 47.646445944038248 ], [ -71.232624940406737, 47.64881950083759 ], [ -71.226168594683202, 47.64600906555949 ], [ -71.226542449333067, 47.640825491637315 ], [ -71.23337134114179, 47.638452274072918 ] ] ] } },
{ "type": "Feature", "properties": { "hex_id": 783460, "centroid_lon": -71.231878121030974, "centroid_lat": 47.659186699894057, "occurrences_today": 4, "datetimes_today": "2026-06-23 03:16:31, 2026-06-23 03:31:38, 2026-06-23 03:46:19, 2026-06-23 04:01:22", "cumulative_total": 100.0 }, "geometry": { "type": "Polygon", "coordinates": [ [ [ -71.23225158306748, 47.65400310382973 ], [ -71.238709237939815, 47.656813228828106 ], [ -71.238336378402735, 47.661996860842734 ], [ -71.231504554260098, 47.664370289029819 ], [ -71.225046401641265, 47.66155974571646 ], [ -71.225420570874448, 47.656376192599829 ], [ -71.23225158306748, 47.65400310382973 ] ] ] } },
{ "type": "Feature", "properties": { "hex_id": 783461, "centroid_lon": -71.230757106366767, "centroid_lat": 47.674737446512665, "occurrences_today": 4, "datetimes_today": "2026-06-23 03:16:31, 2026-06-23 03:31:38, 2026-06-23 03:46:19, 2026-06-23 04:01:22", "cumulative_total": 100.0 }, "geometry": { "type": "Polygon", "coordinates": [ [ [ -71.23113088271775, 47.669553871236275 ], [ -71.237590345580344, 47.672364104107658 ], [ -71.237217172220866, 47.67754771535644 ], [ -71.230383225170016, 47.67992101485823 ], [ -71.223923264180286, 47.677110363443283 ], [ -71.224297748331395, 47.671926831138947 ], [ -71.23113088271775, 47.669553871236275 ] ] ] } },
{ "type": "Feature", "properties": { "hex_id": 784058, "centroid_lon": -71.239191401156276, "centroid_lat": 47.464579857685735, "occurrences_today": 4, "datetimes_today": "2026-06-23 03:16:31, 2026-06-23 03:31:38, 2026-06-23 03:46:19, 2026-06-23 04:01:22", "cumulative_total": 94.0 }, "geometry": { "type": "Polygon", "coordinates": [ [ [ -71.239561610224953, 47.459396041533211 ], [ -71.245996387763014, 47.46220518553659 ], [ -71.245626774966851, 47.467389037430131 ], [ -71.238821088552143, 47.469763666930135 ], [ -71.232385818295285, 47.466954107405677 ], [ -71.232756727135467, 47.46177033397062 ], [ -71.239561610224953, 47.459396041533211 ] ] ] } },
{ "type": "Feature", "properties": { "hex_id": 784059, "centroid_lon": -71.238080152591365, "centroid_lat": 47.480131264691579, "occurrences_today": 4, "datetimes_today": "2026-06-23 03:16:31, 2026-06-23 03:31:38, 2026-06-23 03:46:19, 2026-06-23 04:01:22", "cumulative_total": 46.0 }, "geometry": { "type": "Polygon", "coordinates": [ [ [ -71.238450672376004, 47.474947469265658 ], [ -71.24488723921732, 47.477756720513909 ], [ -71.244517316191008, 47.48294055170264 ], [ -71.237709529161663, 47.485315053207124 ], [ -71.231272469225331, 47.482505386210967 ], [ -71.231643689376824, 47.477321633526607 ], [ -71.238450672376004, 47.474947469265658 ] ] ] } },
{ "type": "Feature", "properties": { "hex_id": 784060, "centroid_lon": -71.236967971220864, "centroid_lat": 47.495682609504158, "occurrences_today": 4, "datetimes_today": "2026-06-23 03:16:31, 2026-06-23 03:31:38, 2026-06-23 03:46:19, 2026-06-23 04:01:22", "cumulative_total": 100.0 }, "geometry": { "type": "Polygon", "coordinates": [ [ [ -71.23733880205036, 47.490498834811582 ], [ -71.243777159652879, 47.49330819337014 ], [ -71.243406926068033, 47.498492003847396 ], [ -71.236597036636581, 47.500866377284154 ], [ -71.230158185562502, 47.498056602750701 ], [ -71.230529717354827, 47.492872870823774 ], [ -71.23733880205036, 47.490498834811582 ] ] ] } },
{ "type": "Feature", "properties": { "hex_id": 784061, "centroid_lon": -71.235854856057188, "centroid_lat": 47.511233892103313, "occurrences_today": 4, "datetimes_today": "2026-06-23 03:16:31, 2026-06-23 03:31:38, 2026-06-23 03:46:19, 2026-06-23 04:01:22", "cumulative_total": 100.0 }, "geometry": { "type": "Polygon", "coordinates": [ [ [ -71.236225998260906, 47.506050138150762 ], [ -71.242666148084041, 47.508859604085195 ], [ -71.242295603611765, 47.51404339384424 ], [ -71.23548360998879, 47.516417639140975 ], [ -71.229042966317223, 47.513607757004564 ], [ -71.229414810080399, 47.508424045841849 ], [ -71.236225998260906, 47.506050138150762 ] ] ] } },
{ "type": "Feature", "properties": { "hex_id": 784062, "centroid_lon": -71.234740806111233, "centroid_lat": 47.526785112468765, "occurrences_today": 4, "datetimes_today": "2026-06-23 03:16:31, 2026-06-23 03:31:38, 2026-06-23 03:46:19, 2026-06-23 04:01:22", "cumulative_total": 100.0 }, "geometry": { "type": "Polygon", "coordinates": [ [ [ -71.235112260019022, 47.521601379263039 ], [ -71.241554203523648, 47.524410952638924 ], [ -71.241183347834578, 47.52959472167305 ], [ -71.234369248228688, 47.531968838757379 ], [ -71.227926810498445, 47.529158848952278 ], [ -71.228298966562988, 47.523975158560532 ], [ -71.235112260019022, 47.521601379263039 ] ] ] } },
{ "type": "Feature", "properties": { "hex_id": 784063, "centroid_lon": -71.233625820392476, "centroid_lat": 47.542336270580329, "occurrences_today": 4, "datetimes_today": "2026-06-23 03:16:31, 2026-06-23 03:31:38, 2026-06-23 03:46:19, 2026-06-23 04:01:22", "cumulative_total": 100.0 }, "geometry": { "type": "Polygon", "coordinates": [ [ [ -71.233997586334681, 47.537152558128163 ], [ -71.240441324983124, 47.539962239011146 ], [ -71.240070157747382, 47.545145987313632 ], [ -71.233253950365281, 47.547519976113136 ], [ -71.22680971711371, 47.544709878573499 ], [ -71.227182185810605, 47.539526208959515 ], [ -71.233997586334681, 47.537152558128163 ] ] ] } },
{ "type": "Feature", "properties": { "hex_id": 784065, "centroid_lon": -71.231393037667047, "centroid_lat": 47.573438399960615, "occurrences_today": 4, "datetimes_today": "2026-06-23 03:16:31, 2026-06-23 03:31:38, 2026-06-23 03:46:19, 2026-06-23 04:01:22", "cumulative_total": 100.0 }, "geometry": { "type": "Polygon", "coordinates": [ [ [ -71.231765428671082, 47.568254729035843 ], [ -71.238212761999989, 47.571064625130418 ], [ -71.237840970679443, 47.576248331949408 ], [ -71.231020542357115, 47.578622063961539 ], [ -71.224572713669062, 47.575811750755108 ], [ -71.224945808625606, 47.57062812271699 ], [ -71.231765428671082, 47.568254729035843 ] ] ] } },
{ "type": "Feature", "properties": { "hex_id": 784066, "centroid_lon": -71.230275238671993, "centroid_lat": 47.588989371188795, "occurrences_today": 4, "datetimes_today": "2026-06-23 03:16:31, 2026-06-23 03:31:38, 2026-06-23 03:46:19, 2026-06-23 04:01:22", "cumulative_total": 100.0 }, "geometry": { "type": "Polygon", "coordinates": [ [ [ -71.230647942704394, 47.583805721037855 ], [ -71.237097075572905, 47.586615724837031 ], [ -71.236724971713215, 47.591799410904159 ], [ -71.229902430222978, 47.594173014413606 ], [ -71.22345280161683, 47.591362593274759 ], [ -71.223826210201636, 47.586178986034753 ], [ -71.230647942704394, 47.583805721037855 ] ] ] } },
{ "type": "Feature", "properties": { "hex_id": 784067, "centroid_lon": -71.229156499927313, "centroid_lat": 47.604540280081899, "occurrences_today": 4, "datetimes_today": "2026-06-23 03:16:31, 2026-06-23 03:31:38, 2026-06-23 03:46:19, 2026-06-23 04:01:22", "cumulative_total": 100.0 }, "geometry": { "type": "Polygon", "coordinates": [ [ [ -71.229529517320387, 47.59935665071157 ], [ -71.235980451196667, 47.602166762281321 ], [ -71.23560803446604, 47.60735042758985 ], [ -71.228783378006739, 47.609723902523839 ], [ -71.222331948013988, 47.606913373386433 ], [ -71.222705670560032, 47.60172978695136 ], [ -71.229529517320387, 47.59935665071157 ] ] ] } },
{ "type": "Feature", "properties": { "hex_id": 784068, "centroid_lon": -71.228036820435122, "centroid_lat": 47.62009112661957, "occurrences_today": 4, "datetimes_today": "2026-06-23 03:16:31, 2026-06-23 03:31:38, 2026-06-23 03:46:19, 2026-06-23 04:01:22", "cumulative_total": 100.0 }, "geometry": { "type": "Polygon", "coordinates": [ [ [ -71.228410151521686, 47.614907518036645 ], [ -71.234862887875408, 47.617717737443044 ], [ -71.234490157941522, 47.622901381986189 ], [ -71.227663384710056, 47.625274728271847 ], [ -71.221210151860703, 47.622464091069695 ], [ -71.221584188701414, 47.617280525446368 ], [ -71.228410151521686, 47.614907518036645 ] ] ] } },
{ "type": "Feature", "properties": { "hex_id": 784069, "centroid_lon": -71.226916199196097, "centroid_lat": 47.63564191078148, "occurrences_today": 4, "datetimes_today": "2026-06-23 03:16:31, 2026-06-23 03:31:38, 2026-06-23 03:46:19, 2026-06-23 04:01:22", "cumulative_total": 100.0 }, "geometry": { "type": "Polygon", "coordinates": [ [ [ -71.227289844309396, 47.630458322992752 ], [ -71.233744384611725, 47.633268650301886 ], [ -71.23337134114179, 47.638452274072918 ], [ -71.226542449333067, 47.640825491637315 ], [ -71.22008741215565, 47.638014746304137 ], [ -71.220461763624954, 47.63283120149935 ], [ -71.227289844309396, 47.630458322992752 ] ] ] } },
{ "type": "Feature", "properties": { "hex_id": 784070, "centroid_lon": -71.225794635209368, "centroid_lat": 47.651192632547243, "occurrences_today": 4, "datetimes_today": "2026-06-23 03:16:31, 2026-06-23 03:31:38, 2026-06-23 03:46:19, 2026-06-23 04:01:22", "cumulative_total": 100.0 }, "geometry": { "type": "Polygon", "coordinates": [ [ [ -71.226168594683202, 47.64600906555949 ], [ -71.232624940406737, 47.64881950083759 ], [ -71.23225158306748, 47.65400310382973 ], [ -71.225420570874448, 47.656376192599829 ], [ -71.218963727896011, 47.653565339069281 ], [ -71.219338394328361, 47.648381815089856 ], [ -71.226168594683202, 47.64600906555949 ] ] ] } },
{ "type": "Feature", "properties": { "hex_id": 784668, "centroid_lon": -71.233127532278331, "centroid_lat": 47.456586553620156, "occurrences_today": 4, "datetimes_today": "2026-06-23 03:16:31, 2026-06-23 03:31:38, 2026-06-23 03:46:19, 2026-06-23 04:01:22", "cumulative_total": 94.0 }, "geometry": { "type": "Polygon", "coordinates": [ [ [ -71.233498233760457, 47.451402766355059 ], [ -71.23993171579464, 47.45421221847333 ], [ -71.239561610224953, 47.459396041533211 ], [ -71.232756727135467, 47.46177033397062 ], [ -71.226322752867844, 47.458960466393179 ], [ -71.22669415388664, 47.453776721905811 ], [ -71.233498233760457, 47.451402766355059 ] ] ] } },
{ "type": "Feature", "properties": { "hex_id": 784669, "centroid_lon": -71.232014805721278, "centroid_lat": 47.472137873924595, "occurrences_today": 4, "datetimes_today": "2026-06-23 03:16:31, 2026-06-23 03:31:38, 2026-06-23 03:46:19, 2026-06-23 04:01:22", "cumulative_total": 46.0 }, "geometry": { "type": "Polygon", "coordinates": [ [ [ -71.232385818295285, 47.466954107405677 ], [ -71.238821088552143, 47.469763666930135 ], [ -71.238450672376004, 47.474947469265658 ], [ -71.231643689376824, 47.477321633526607 ], [ -71.225207926510819, 47.474511658316217 ], [ -71.225579639216562, 47.46932793459915 ], [ -71.232385818295285, 47.466954107405677 ] ] ] } },
{ "type": "Feature", "properties": { "hex_id": 784670, "centroid_lon": -71.23090114523022, "centroid_lat": 47.487689131976943, "occurrences_today": 4, "datetimes_today": "2026-06-23 03:16:31, 2026-06-23 03:31:38, 2026-06-23 03:46:19, 2026-06-23 04:01:22", "cumulative_total": 46.0 }, "geometry": { "type": "Polygon", "coordinates": [ [ [ -71.231272469225331, 47.482505386210967 ], [ -71.237709529161663, 47.485315053207124 ], [ -71.23733880205036, 47.490498834811582 ], [ -71.230529717354827, 47.492872870823774 ], [ -71.224092164433287, 47.490062787914781 ], [ -71.224464189155853, 47.484879084974786 ], [ -71.231272469225331, 47.482505386210967 ] ] ] } },
{ "type": "Feature", "properties": { "hex_id": 784671, "centroid_lon": -71.229786549816581, "centroid_lat": 47.503240327756963, "occurrences_today": 4, "datetimes_today": "2026-06-23 03:16:31, 2026-06-23 03:31:38, 2026-06-23 03:46:19, 2026-06-23 04:01:22", "cumulative_total": 100.0 }, "geometry": { "type": "Polygon", "coordinates": [ [ [ -71.230158185562502, 47.498056602750701 ], [ -71.236597036636581, 47.500866377284154 ], [ -71.236225998260906, 47.506050138150762 ], [ -71.229414810080399, 47.508424045841849 ], [ -71.222975465644708, 47.505613855168498 ], [ -71.223347802714443, 47.50043017301239 ], [ -71.230158185562502, 47.498056602750701 ] ] ] } },
{ "type": "Feature", "properties": { "hex_id": 784672, "centroid_lon": -71.228671018490331, "centroid_lat": 47.518791461244398, "occurrences_today": 4, "datetimes_today": "2026-06-23 03:16:31, 2026-06-23 03:31:38, 2026-06-23 03:46:19, 2026-06-23 04:01:22", "cumulative_total": 100.0 }, "geometry": { "type": "Polygon", "coordinates": [ [ [ -71.229042966317223, 47.513607757004564 ], [ -71.23548360998879, 47.516417639140975 ], [ -71.235112260019022, 47.521601379263039 ], [ -71.228298966562988, 47.523975158560532 ], [ -71.221857829153123, 47.52116486005702 ], [ -71.22223047890084, 47.515981198691584 ], [ -71.229042966317223, 47.513607757004564 ] ] ] } },
{ "type": "Feature", "properties": { "hex_id": 784673, "centroid_lon": -71.227554550259924, "centroid_lat": 47.534342532418862, "occurrences_today": 4, "datetimes_today": "2026-06-23 03:16:31, 2026-06-23 03:31:38, 2026-06-23 03:46:19, 2026-06-23 04:01:22", "cumulative_total": 100.0 }, "geometry": { "type": "Polygon", "coordinates": [ [ [ -71.227926810498445, 47.529158848952278 ], [ -71.234369248228688, 47.531968838757379 ], [ -71.233997586334681, 47.537152558128163 ], [ -71.227182185810605, 47.539526208959515 ], [ -71.220739253965036, 47.536715802559961 ], [ -71.221112216722062, 47.531532161991976 ], [ -71.227926810498445, 47.529158848952278 ] ] ] } },
{ "type": "Feature", "properties": { "hex_id": 784674, "centroid_lon": -71.22643714413239, "centroid_lat": 47.549893541260069, "occurrences_today": 4, "datetimes_today": "2026-06-23 03:16:31, 2026-06-23 03:31:38, 2026-06-23 03:46:19, 2026-06-23 04:01:22", "cumulative_total": 100.0 }, "geometry": { "type": "Polygon", "coordinates": [ [ [ -71.22680971711371, 47.544709878573499 ], [ -71.233253950365281, 47.547519976113136 ], [ -71.232881976216362, 47.552703674725841 ], [ -71.226064466829797, 47.555077197018448 ], [ -71.21961973908553, 47.552266682656885 ], [ -71.219993015183661, 47.547083062893179 ], [ -71.22680971711371, 47.544709878573499 ] ] ] } },
{ "type": "Feature", "properties": { "hex_id": 784675, "centroid_lon": -71.225318799113296, "centroid_lat": 47.565444487747655, "occurrences_today": 4, "datetimes_today": "2026-06-23 03:16:31, 2026-06-23 03:31:38, 2026-06-23 03:46:19, 2026-06-23 04:01:22", "cumulative_total": 100.0 }, "geometry": { "type": "Polygon", "coordinates": [ [ [ -71.225691685169068, 47.560260845847907 ], [ -71.232137715406083, 47.563071051187947 ], [ -71.231765428671082, 47.568254729035843 ], [ -71.224945808625606, 47.57062812271699 ], [ -71.218499283518213, 47.567817500327379 ], [ -71.218872873289754, 47.562633901374738 ], [ -71.225691685169068, 47.560260845847907 ] ] ] } },
{ "type": "Feature", "properties": { "hex_id": 784676, "centroid_lon": -71.224199514206717, "centroid_lat": 47.580995371861285, "occurrences_today": 4, "datetimes_today": "2026-06-23 03:16:31, 2026-06-23 03:31:38, 2026-06-23 03:46:19, 2026-06-23 04:01:22", "cumulative_total": 100.0 }, "geometry": { "type": "Polygon", "coordinates": [ [ [ -71.224572713669062, 47.575811750755108 ], [ -71.231020542357115, 47.578622063961539 ], [ -71.230647942704394, 47.583805721037855 ], [ -71.223826210201636, 47.586178986034753 ], [ -71.217377886265211, 47.58336825555098 ], [ -71.217751790042939, 47.578184677416253 ], [ -71.224572713669062, 47.575811750755108 ] ] ] } },
{ "type": "Feature", "properties": { "hex_id": 784677, "centroid_lon": -71.223079288415292, "centroid_lat": 47.596546193580537, "occurrences_today": 4, "datetimes_today": "2026-06-23 03:16:31, 2026-06-23 03:31:38, 2026-06-23 03:46:19, 2026-06-23 04:01:22", "cumulative_total": 100.0 }, "geometry": { "type": "Polygon", "coordinates": [ [ [ -71.22345280161683, 47.591362593274759 ], [ -71.229902430222978, 47.594173014413606 ], [ -71.229529517320387, 47.59935665071157 ], [ -71.222705670560032, 47.60172978695136 ], [ -71.216255546327176, 47.598918948307222 ], [ -71.216629764444377, 47.593735390997224 ], [ -71.22345280161683, 47.591362593274759 ] ] ] } },
{ "type": "Feature", "properties": { "hex_id": 784678, "centroid_lon": -71.22195812074014, "centroid_lat": 47.612096952885004, "occurrences_today": 4, "datetimes_today": "2026-06-23 03:16:31, 2026-06-23 03:31:38, 2026-06-23 03:46:19, 2026-06-23 04:01:22", "cumulative_total": 100.0 }, "geometry": { "type": "Polygon", "coordinates": [ [ [ -71.222331948013988, 47.606913373386433 ], [ -71.228783378006739, 47.609723902523839 ], [ -71.228410151521686, 47.614907518036645 ], [ -71.221584188701414, 47.617280525446368 ], [ -71.215132262703278, 47.614469578575616 ], [ -71.215506795493738, 47.609286042097189 ], [ -71.222331948013988, 47.606913373386433 ] ] ] } },
{ "type": "Feature", "properties": { "hex_id": 784679, "centroid_lon": -71.220836010180932, "centroid_lat": 47.627647649754273, "occurrences_today": 4, "datetimes_today": "2026-06-23 03:16:31, 2026-06-23 03:31:38, 2026-06-23 03:46:19, 2026-06-23 04:01:22", "cumulative_total": 46.0 }, "geometry": { "type": "Polygon", "coordinates": [ [ [ -71.221210151860703, 47.622464091069695 ], [ -71.227663384710056, 47.625274728271847 ], [ -71.227289844309396, 47.630458322992752 ], [ -71.220461763624954, 47.63283120149935 ], [ -71.214008034391242, 47.630020146335646 ], [ -71.214382882189199, 47.624836630695611 ], [ -71.221210151860703, 47.622464091069695 ] ] ] } },
{ "type": "Feature", "properties": { "hex_id": 785277, "centroid_lon": -71.228178720103074, "centroid_lat": 47.433041674744501, "occurrences_today": 4, "datetimes_today": "2026-06-23 03:16:31, 2026-06-23 03:31:38, 2026-06-23 03:46:19, 2026-06-23 04:01:22", "cumulative_total": 81.0 }, "geometry": { "type": "Polygon", "coordinates": [ [ [ -71.228549602375267, 47.427857895654995 ], [ -71.234980003811685, 47.4306675481632 ], [ -71.234609716607494, 47.435851363079372 ], [ -71.227807734154638, 47.438225446915091 ], [ -71.221376841344721, 47.435415379236296 ], [ -71.221748422324623, 47.430231642960607 ], [ -71.228549602375267, 47.427857895654995 ] ] ] } },
{ "type": "Feature", "properties": { "hex_id": 785278, "centroid_lon": -71.227065451082979, "centroid_lat": 47.448592970496492, "occurrences_today": 4, "datetimes_today": "2026-06-23 03:16:31, 2026-06-23 03:31:38, 2026-06-23 03:46:19, 2026-06-23 04:01:22", "cumulative_total": 94.0 }, "geometry": { "type": "Polygon", "coordinates": [ [ [ -71.227436644493466, 47.443409212166017 ], [ -71.233868831618352, 47.446218972176069 ], [ -71.233498233760457, 47.451402766355059 ], [ -71.22669415388664, 47.453776721905811 ], [ -71.220261475013302, 47.45096654649857 ], [ -71.220633367725654, 47.445782831006028 ], [ -71.227436644493466, 47.443409212166017 ] ] ] } },
{ "type": "Feature", "properties": { "hex_id": 785279, "centroid_lon": -71.225951247990025, "centroid_lat": 47.464144203957886, "occurrences_today": 4, "datetimes_today": "2026-06-23 03:16:31, 2026-06-23 03:31:38, 2026-06-23 03:46:19, 2026-06-23 04:01:22", "cumulative_total": 94.0 }, "geometry": { "type": "Polygon", "coordinates": [ [ [ -71.226322752867844, 47.458960466393179 ], [ -71.232756727135467, 47.46177033397062 ], [ -71.232385818295285, 47.466954107405677 ], [ -71.225579639216562, 47.46932793459915 ], [ -71.219145172825279, 47.466517651397822 ], [ -71.219517377599757, 47.461333956695221 ], [ -71.226322752867844, 47.458960466393179 ] ] ] } },
{ "type": "Feature", "properties": { "hex_id": 785280, "centroid_lon": -71.224836109836147, "centroid_lat": 47.479695375108363, "occurrences_today": 4, "datetimes_today": "2026-06-23 03:16:31, 2026-06-23 03:31:38, 2026-06-23 03:46:19, 2026-06-23 04:01:22", "cumulative_total": 46.0 }, "geometry": { "type": "Polygon", "coordinates": [ [ [ -71.225207926510819, 47.474511658316217 ], [ -71.231643689376824, 47.477321633526607 ], [ -71.231272469225331, 47.482505386210967 ], [ -71.224464189155853, 47.484879084974786 ], [ -71.21802793379058, 47.482068693913625 ], [ -71.21840045095739, 47.476885020007792 ], [ -71.225207926510819, 47.474511658316217 ] ] ] } },
{ "type": "Feature", "properties": { "hex_id": 785281, "centroid_lon": -71.223720035631729, "centroid_lat": 47.495246483927566, "occurrences_today": 4, "datetimes_today": "2026-06-23 03:16:31, 2026-06-23 03:31:38, 2026-06-23 03:46:19, 2026-06-23 04:01:22", "cumulative_total": 46.0 }, "geometry": { "type": "Polygon", "coordinates": [ [ [ -71.224092164433287, 47.490062787914781 ], [ -71.230529717354827, 47.492872870823774 ], [ -71.230158185562502, 47.498056602750701 ], [ -71.223347802714443, 47.50043017301239 ], [ -71.216909756917744, 47.497619674025614 ], [ -71.217282586807528, 47.492436020923307 ], [ -71.224092164433287, 47.490062787914781 ] ] ] } },
{ "type": "Feature", "properties": { "hex_id": 785282, "centroid_lon": -71.222603024385762, "centroid_lat": 47.510797530395159, "occurrences_today": 4, "datetimes_today": "2026-06-23 03:16:31, 2026-06-23 03:31:38, 2026-06-23 03:46:19, 2026-06-23 04:01:22", "cumulative_total": 100.0 }, "geometry": { "type": "Polygon", "coordinates": [ [ [ -71.222975465644708, 47.505613855168498 ], [ -71.229414810080399, 47.508424045841849 ], [ -71.229042966317223, 47.513607757004564 ], [ -71.22223047890084, 47.515981198691584 ], [ -71.215790641213772, 47.513170591713305 ], [ -71.2161637841577, 47.507986959421359 ], [ -71.222975465644708, 47.505613855168498 ] ] ] } },
{ "type": "Feature", "properties": { "hex_id": 785283, "centroid_lon": -71.221485075105804, "centroid_lat": 47.526348514490735, "occurrences_today": 4, "datetimes_today": "2026-06-23 03:16:31, 2026-06-23 03:31:38, 2026-06-23 03:46:19, 2026-06-23 04:01:22", "cumulative_total": 100.0 }, "geometry": { "type": "Polygon", "coordinates": [ [ [ -71.221857829153123, 47.52116486005702 ], [ -71.228298966562988, 47.523975158560532 ], [ -71.227926810498445, 47.529158848952278 ], [ -71.221112216722062, 47.531532161991976 ], [ -71.21467058568426, 47.528721446956247 ], [ -71.215044042013943, 47.523537835481491 ], [ -71.221857829153123, 47.52116486005702 ] ] ] } },
{ "type": "Feature", "properties": { "hex_id": 785284, "centroid_lon": -71.220366186797861, "centroid_lat": 47.541899436193958, "occurrences_today": 4, "datetimes_today": "2026-06-23 03:16:31, 2026-06-23 03:31:38, 2026-06-23 03:46:19, 2026-06-23 04:01:22", "cumulative_total": 100.0 }, "geometry": { "type": "Polygon", "coordinates": [ [ [ -71.220739253965036, 47.536715802559961 ], [ -71.227182185810605, 47.539526208959515 ], [ -71.22680971711371, 47.544709878573499 ], [ -71.219993015183661, 47.547083062893179 ], [ -71.213549589333283, 47.544272239733949 ], [ -71.213923359380857, 47.539088649083226 ], [ -71.220739253965036, 47.536715802559961 ] ] ] } },
{ "type": "Feature", "properties": { "hex_id": 785285, "centroid_lon": -71.219246358466535, "centroid_lat": 47.557450295484323, "occurrences_today": 4, "datetimes_today": "2026-06-23 03:16:31, 2026-06-23 03:31:38, 2026-06-23 03:46:19, 2026-06-23 04:01:22", "cumulative_total": 100.0 }, "geometry": { "type": "Polygon", "coordinates": [ [ [ -71.21961973908553, 47.552266682656885 ], [ -71.226064466829797, 47.555077197018448 ], [ -71.225691685169068, 47.560260845847907 ], [ -71.218872873289754, 47.562633901374738 ], [ -71.212427651163495, 47.559822970025934 ], [ -71.212801735261593, 47.554639400206071 ], [ -71.21961973908553, 47.552266682656885 ] ] ] } },
{ "type": "Feature", "properties": { "hex_id": 785286, "centroid_lon": -71.218125589114933, "centroid_lat": 47.57300109234145, "occurrences_today": 4, "datetimes_today": "2026-06-23 03:16:31, 2026-06-23 03:31:38, 2026-06-23 03:46:19, 2026-06-23 04:01:22", "cumulative_total": 100.0 }, "geometry": { "type": "Polygon", "coordinates": [ [ [ -71.218499283518213, 47.567817500327379 ], [ -71.224945808625606, 47.57062812271699 ], [ -71.224572713669062, 47.575811750755108 ], [ -71.217751790042939, 47.578184677416253 ], [ -71.211304770176042, 47.575373637811666 ], [ -71.211679168657767, 47.570190088829492 ], [ -71.218499283518213, 47.567817500327379 ] ] ] } },
{ "type": "Feature", "properties": { "hex_id": 785287, "centroid_lon": -71.217003877744702, "centroid_lat": 47.588551826744883, "occurrences_today": 4, "datetimes_today": "2026-06-23 03:16:31, 2026-06-23 03:31:38, 2026-06-23 03:46:19, 2026-06-23 04:01:22", "cumulative_total": 46.0 }, "geometry": { "type": "Polygon", "coordinates": [ [ [ -71.217377886265211, 47.58336825555098 ], [ -71.223826210201636, 47.586178986034753 ], [ -71.22345280161683, 47.591362593274759 ], [ -71.216629764444377, 47.593735390997224 ], [ -71.210180945370595, 47.590924243070596 ], [ -71.210555658569547, 47.585740714932975 ], [ -71.217377886265211, 47.58336825555098 ] ] ] } },
{ "type": "Feature", "properties": { "hex_id": 785288, "centroid_lon": -71.215881223355993, "centroid_lat": 47.604102498674145, "occurrences_today": 4, "datetimes_today": "2026-06-23 03:16:31, 2026-06-23 03:31:38, 2026-06-23 03:46:19, 2026-06-23 04:01:22", "cumulative_total": 46.0 }, "geometry": { "type": "Polygon", "coordinates": [ [ [ -71.216255546327176, 47.598918948307222 ], [ -71.222705670560032, 47.60172978695136 ], [ -71.222331948013988, 47.606913373386433 ], [ -71.215506795493738, 47.609286042097189 ], [ -71.209056175745374, 47.606474785782204 ], [ -71.209431203995649, 47.601291278495971 ], [ -71.216255546327176, 47.598918948307222 ] ] ] } },
{ "type": "Feature", "properties": { "hex_id": 785887, "centroid_lon": -71.222119899466904, "centroid_lat": 47.425047899758717, "occurrences_today": 4, "datetimes_today": "2026-06-23 03:16:31, 2026-06-23 03:31:38, 2026-06-23 03:46:19, 2026-06-23 04:01:22", "cumulative_total": 81.0 }, "geometry": { "type": "Polygon", "coordinates": [ [ [ -71.222491272808099, 47.419864149631366 ], [ -71.228920381007725, 47.422674109647311 ], [ -71.228549602375267, 47.427857895654995 ], [ -71.221748422324623, 47.430231642960607 ], [ -71.215318823235606, 47.427421267835996 ], [ -71.215690895050059, 47.422237560582644 ], [ -71.222491272808099, 47.419864149631366 ] ] ] } },
{ "type": "Feature", "properties": { "hex_id": 785888, "centroid_lon": -71.221005156490591, "centroid_lat": 47.440599108585026, "occurrences_today": 4, "datetimes_today": "2026-06-23 03:16:31, 2026-06-23 03:31:38, 2026-06-23 03:46:19, 2026-06-23 04:01:22", "cumulative_total": 94.0 }, "geometry": { "type": "Polygon", "coordinates": [ [ [ -71.221376841344721, 47.435415379236296 ], [ -71.227807734154638, 47.438225446915091 ], [ -71.227436644493466, 47.443409212166017 ], [ -71.220633367725654, 47.445782831006028 ], [ -71.21420198365189, 47.442972347992026 ], [ -71.214574367573164, 47.437788661541447 ], [ -71.221376841344721, 47.435415379236296 ] ] ] } },
{ "type": "Feature", "properties": { "hex_id": 785889, "centroid_lon": -71.219889478316873, "centroid_lat": 47.456150255061885, "occurrences_today": 4, "datetimes_today": "2026-06-23 03:16:31, 2026-06-23 03:31:38, 2026-06-23 03:46:19, 2026-06-23 04:01:22", "cumulative_total": 94.0 }, "geometry": { "type": "Polygon", "coordinates": [ [ [ -71.220261475013302, 47.45096654649857 ], [ -71.22669415388664, 47.453776721905811 ], [ -71.226322752867844, 47.458960466393179 ], [ -71.219517377599757, 47.461333956695221 ], [ -71.213084207087832, 47.458523365726094 ], [ -71.213456903445916, 47.45333970008511 ], [ -71.220261475013302, 47.45096654649857 ] ] ] } },
{ "type": "Feature", "properties": { "hex_id": 785890, "centroid_lon": -71.218772863956715, "centroid_lat": 47.471701339168931, "occurrences_today": 4, "datetimes_today": "2026-06-23 03:16:31, 2026-06-23 03:31:38, 2026-06-23 03:46:19, 2026-06-23 04:01:22", "cumulative_total": 46.0 }, "geometry": { "type": "Polygon", "coordinates": [ [ [ -71.219145172825279, 47.466517651397822 ], [ -71.225579639216562, 47.46932793459915 ], [ -71.225207926510819, 47.474511658316217 ], [ -71.21840045095739, 47.476885020007792 ], [ -71.211965492552409, 47.47407432101776 ], [ -71.21233850167782, 47.468890676193197 ], [ -71.219145172825279, 47.466517651397822 ] ] ] } },
{ "type": "Feature", "properties": { "hex_id": 785891, "centroid_lon": -71.217655312419552, "centroid_lat": 47.487252360885734, "occurrences_today": 4, "datetimes_today": "2026-06-23 03:16:31, 2026-06-23 03:31:38, 2026-06-23 03:46:19, 2026-06-23 04:01:22", "cumulative_total": 46.0 }, "geometry": { "type": "Polygon", "coordinates": [ [ [ -71.21802793379058, 47.482068693913625 ], [ -71.224464189155853, 47.484879084974786 ], [ -71.224092164433287, 47.490062787914781 ], [ -71.217282586807528, 47.492436020923307 ], [ -71.21084583905315, 47.489625213846509 ], [ -71.211219161276873, 47.484441589845176 ], [ -71.21802793379058, 47.482068693913625 ] ] ] } },
{ "type": "Feature", "properties": { "hex_id": 785892, "centroid_lon": -71.216536822713394, "centroid_lat": 47.50280332019188, "occurrences_today": 4, "datetimes_today": "2026-06-23 03:16:31, 2026-06-23 03:31:38, 2026-06-23 03:46:19, 2026-06-23 04:01:22", "cumulative_total": 46.0 }, "geometry": { "type": "Polygon", "coordinates": [ [ [ -71.216909756917744, 47.497619674025614 ], [ -71.223347802714443, 47.50043017301239 ], [ -71.222975465644708, 47.505613855168498 ], [ -71.2161637841577, 47.507986959421359 ], [ -71.209725245596147, 47.505176044191835 ], [ -71.21009888124965, 47.499992441020609 ], [ -71.216909756917744, 47.497619674025614 ] ] ] } },
{ "type": "Feature", "properties": { "hex_id": 785893, "centroid_lon": -71.215417393844803, "centroid_lat": 47.51835421706695, "occurrences_today": 4, "datetimes_today": "2026-06-23 03:16:31, 2026-06-23 03:31:38, 2026-06-23 03:46:19, 2026-06-23 04:01:22", "cumulative_total": 46.0 }, "geometry": { "type": "Polygon", "coordinates": [ [ [ -71.215790641213772, 47.513170591713305 ], [ -71.22223047890084, 47.515981198691584 ], [ -71.221857829153123, 47.52116486005702 ], [ -71.215044042013943, 47.523537835481491 ], [ -71.208603711185987, 47.520726812033217 ], [ -71.208977660601235, 47.515543229698913 ], [ -71.215790641213772, 47.513170591713305 ] ] ] } },
{ "type": "Feature", "properties": { "hex_id": 785894, "centroid_lon": -71.214297024818876, "centroid_lat": 47.533905051490407, "occurrences_today": 4, "datetimes_today": "2026-06-23 03:16:31, 2026-06-23 03:31:38, 2026-06-23 03:46:19, 2026-06-23 04:01:22", "cumulative_total": 46.0 }, "geometry": { "type": "Polygon", "coordinates": [ [ [ -71.21467058568426, 47.528721446956247 ], [ -71.221112216722062, 47.531532161991976 ], [ -71.220739253965036, 47.536715802559961 ], [ -71.213923359380857, 47.539088649083226 ], [ -71.207481234825792, 47.536277517350101 ], [ -71.207855498335235, 47.531093955859575 ], [ -71.21467058568426, 47.528721446956247 ] ] ] } },
{ "type": "Feature", "properties": { "hex_id": 785895, "centroid_lon": -71.213175714639192, "centroid_lat": 47.549455823441818, "occurrences_today": 4, "datetimes_today": "2026-06-23 03:16:31, 2026-06-23 03:31:38, 2026-06-23 03:46:19, 2026-06-23 04:01:22", "cumulative_total": 46.0 }, "geometry": { "type": "Polygon", "coordinates": [ [ [ -71.213549589333283, 47.544272239733949 ], [ -71.219993015183661, 47.547083062893179 ], [ -71.21961973908553, 47.552266682656885 ], [ -71.212801735261593, 47.554639400206071 ], [ -71.206357815517237, 47.551828160121914 ], [ -71.206732393453834, 47.546644619482045 ], [ -71.213549589333283, 47.544272239733949 ] ] ] } },
{ "type": "Feature", "properties": { "hex_id": 785896, "centroid_lon": -71.212053462307892, "centroid_lat": 47.565006532900654, "occurrences_today": 4, "datetimes_today": "2026-06-23 03:16:31, 2026-06-23 03:31:38, 2026-06-23 03:46:19, 2026-06-23 04:01:22", "cumulative_total": 46.0 }, "geometry": { "type": "Polygon", "coordinates": [ [ [ -71.212427651163495, 47.559822970025934 ], [ -71.218872873289754, 47.562633901374738 ], [ -71.218499283518213, 47.567817500327379 ], [ -71.211679168657767, 47.570190088829492 ], [ -71.205233452260501, 47.567378740328067 ], [ -71.205608344957668, 47.562195220545703 ], [ -71.212427651163495, 47.559822970025934 ] ] ] } },
{ "type": "Feature", "properties": { "hex_id": 785897, "centroid_lon": -71.210930266825656, "centroid_lat": 47.580557179846402, "occurrences_today": 4, "datetimes_today": "2026-06-23 03:16:31, 2026-06-23 03:31:38, 2026-06-23 03:46:19, 2026-06-23 04:01:22", "cumulative_total": 46.0 }, "geometry": { "type": "Polygon", "coordinates": [ [ [ -71.211304770176042, 47.575373637811666 ], [ -71.217751790042939, 47.578184677416253 ], [ -71.217377886265211, 47.58336825555098 ], [ -71.210555658569547, 47.585740714932975 ], [ -71.204108144054302, 47.582929257947974 ], [ -71.204483351845951, 47.577745759029973 ], [ -71.211304770176042, 47.575373637811666 ] ] ] } },
{ "type": "Feature", "properties": { "hex_id": 786497, "centroid_lon": -71.216062862902163, "centroid_lat": 47.417053846396541, "occurrences_today": 4, "datetimes_today": "2026-06-23 03:16:31, 2026-06-23 03:31:38, 2026-06-23 03:46:19, 2026-06-23 04:01:22", "cumulative_total": 81.0 }, "geometry": { "type": "Polygon", "coordinates": [ [ [ -71.216434726828524, 47.411870125278455 ], [ -71.22286254238476, 47.414680392579314 ], [ -71.222491272808099, 47.419864149631366 ], [ -71.215690895050059, 47.422237560582644 ], [ -71.209262589088183, 47.419426878235051 ], [ -71.20963515125338, 47.414243200051075 ], [ -71.216434726828524, 47.411870125278455 ] ] ] } },
{ "type": "Feature", "properties": { "hex_id": 786498, "centroid_lon": -71.214946647422181, "centroid_lat": 47.432604968155836, "occurrences_today": 4, "datetimes_today": "2026-06-23 03:16:31, 2026-06-23 03:31:38, 2026-06-23 03:46:19, 2026-06-23 04:01:22", "cumulative_total": 94.0 }, "geometry": { "type": "Polygon", "coordinates": [ [ [ -71.215318823235606, 47.427421267835996 ], [ -71.221748422324623, 47.430231642960607 ], [ -71.221376841344721, 47.435415379236296 ], [ -71.214574367573164, 47.437788661541447 ], [ -71.208144277704562, 47.43497787114363 ], [ -71.208517152350453, 47.429794213782081 ], [ -71.215318823235606, 47.427421267835996 ] ] ] } },
{ "type": "Feature", "properties": { "hex_id": 786499, "centroid_lon": -71.213829495621709, "centroid_lat": 47.448156027506826, "occurrences_today": 4, "datetimes_today": "2026-06-23 03:16:31, 2026-06-23 03:31:38, 2026-06-23 03:46:19, 2026-06-23 04:01:22", "cumulative_total": 94.0 }, "geometry": { "type": "Polygon", "coordinates": [ [ [ -71.21420198365189, 47.442972347992026 ], [ -71.220633367725654, 47.445782831006028 ], [ -71.220261475013302, 47.45096654649857 ], [ -71.213456903445916, 47.45333970008511 ], [ -71.207025028218297, 47.450528801571281 ], [ -71.207398215675212, 47.445345165038994 ], [ -71.21420198365189, 47.442972347992026 ] ] ] } },
{ "type": "Feature", "properties": { "hex_id": 786500, "centroid_lon": -71.212711406510707, "centroid_lat": 47.463707024429056, "occurrences_today": 4, "datetimes_today": "2026-06-23 03:16:31, 2026-06-23 03:31:38, 2026-06-23 03:46:19, 2026-06-23 04:01:22", "cumulative_total": 46.0 }, "geometry": { "type": "Polygon", "coordinates": [ [ [ -71.213084207087832, 47.458523365726094 ], [ -71.219517377599757, 47.461333956695221 ], [ -71.219145172825279, 47.466517651397822 ], [ -71.21233850167782, 47.468890676193197 ], [ -71.205904839637412, 47.466079669497489 ], [ -71.206278340236167, 47.460896053801292 ], [ -71.213084207087832, 47.458523365726094 ] ] ] } },
{ "type": "Feature", "properties": { "hex_id": 786501, "centroid_lon": -71.211592379097695, "centroid_lat": 47.479257958902018, "occurrences_today": 4, "datetimes_today": "2026-06-23 03:16:31, 2026-06-23 03:31:38, 2026-06-23 03:46:19, 2026-06-23 04:01:22", "cumulative_total": 46.0 }, "geometry": { "type": "Polygon", "coordinates": [ [ [ -71.211965492552409, 47.47407432101776 ], [ -71.21840045095739, 47.476885020007792 ], [ -71.21802793379058, 47.482068693913625 ], [ -71.211219161276873, 47.484441589845176 ], [ -71.204783710968485, 47.48163047490165 ], [ -71.205157525040406, 47.476446880048435 ], [ -71.211965492552409, 47.47407432101776 ] ] ] } },
{ "type": "Feature", "properties": { "hex_id": 786502, "centroid_lon": -71.210472412389691, "centroid_lat": 47.494808830905235, "occurrences_today": 4, "datetimes_today": "2026-06-23 03:16:31, 2026-06-23 03:31:38, 2026-06-23 03:46:19, 2026-06-23 04:01:22", "cumulative_total": 46.0 }, "geometry": { "type": "Polygon", "coordinates": [ [ [ -71.21084583905315, 47.489625213846509 ], [ -71.217282586807528, 47.492436020923307 ], [ -71.216909756917744, 47.497619674025614 ], [ -71.21009888124965, 47.499992441020609 ], [ -71.203661641216627, 47.497181217763249 ], [ -71.204035769093494, 47.491997643759824 ], [ -71.21084583905315, 47.489625213846509 ] ] ] } },
{ "type": "Feature", "properties": { "hex_id": 786503, "centroid_lon": -71.20935150539232, "centroid_lat": 47.510359640418208, "occurrences_today": 4, "datetimes_today": "2026-06-23 03:16:31, 2026-06-23 03:31:38, 2026-06-23 03:46:19, 2026-06-23 04:01:22", "cumulative_total": 46.0 }, "geometry": { "type": "Polygon", "coordinates": [ [ [ -71.209725245596147, 47.505176044191835 ], [ -71.2161637841577, 47.507986959421359 ], [ -71.215790641213772, 47.513170591713305 ], [ -71.208977660601235, 47.515543229698913 ], [ -71.202538629385472, 47.512731898061638 ], [ -71.202913071399564, 47.507548344914916 ], [ -71.209725245596147, 47.505176044191835 ] ] ] } },
{ "type": "Feature", "properties": { "hex_id": 786504, "centroid_lon": -71.208229657109641, "centroid_lat": 47.525910387420353, "occurrences_today": 4, "datetimes_today": "2026-06-23 03:16:31, 2026-06-23 03:31:38, 2026-06-23 03:46:19, 2026-06-23 04:01:22", "cumulative_total": 46.0 }, "geometry": { "type": "Polygon", "coordinates": [ [ [ -71.208603711185987, 47.520726812033217 ], [ -71.215044042013943, 47.523537835481491 ], [ -71.21467058568426, 47.528721446956247 ], [ -71.207855498335235, 47.531093955859575 ], [ -71.201414674477164, 47.528282515776219 ], [ -71.20178943096127, 47.52309898349305 ], [ -71.208603711185987, 47.520726812033217 ] ] ] } },
{ "type": "Feature", "properties": { "hex_id": 786505, "centroid_lon": -71.207106866544322, "centroid_lat": 47.541461071891177, "occurrences_today": 4, "datetimes_today": "2026-06-23 03:16:31, 2026-06-23 03:31:38, 2026-06-23 03:46:19, 2026-06-23 04:01:22", "cumulative_total": 46.0 }, "geometry": { "type": "Polygon", "coordinates": [ [ [ -71.207481234825792, 47.536277517350101 ], [ -71.213923359380857, 47.539088649083226 ], [ -71.213549589333283, 47.544272239733949 ], [ -71.206732393453834, 47.546644619482045 ], [ -71.200289775492422, 47.543833070886343 ], [ -71.200664846779802, 47.538649559473626 ], [ -71.207481234825792, 47.536277517350101 ] ] ] } },
{ "type": "Feature", "properties": { "hex_id": 786506, "centroid_lon": -71.20598313269754, "centroid_lat": 47.557011693810061, "occurrences_today": 4, "datetimes_today": "2026-06-23 03:16:31, 2026-06-23 03:31:38, 2026-06-23 03:46:19, 2026-06-23 04:01:22", "cumulative_total": 46.0 }, "geometry": { "type": "Polygon", "coordinates": [ [ [ -71.206357815517237, 47.551828160121914 ], [ -71.212801735261593, 47.554639400206071 ], [ -71.212427651163495, 47.559822970025934 ], [ -71.205608344957668, 47.562195220545703 ], [ -71.199163931430434, 47.55938356337137 ], [ -71.199539317854843, 47.554200072835982 ], [ -71.206357815517237, 47.551828160121914 ] ] ] } },
{ "type": "Feature", "properties": { "hex_id": 787106, "centroid_lon": -71.211124359411315, "centroid_lat": 47.393508417929965, "occurrences_today": 4, "datetimes_today": "2026-06-23 03:16:31, 2026-06-23 03:31:38, 2026-06-23 03:46:19, 2026-06-23 04:01:22", "cumulative_total": 81.0 }, "geometry": { "type": "Polygon", "coordinates": [ [ [ -71.2114964015081, 47.388324705057158 ], [ -71.217921144007633, 47.391135171501368 ], [ -71.217549695418711, 47.396318920339837 ], [ -71.210752213374036, 47.398692123866518 ], [ -71.204326981325408, 47.39588124266384 ], [ -71.204699720833986, 47.39069757276107 ], [ -71.2114964015081, 47.388324705057158 ] ] ] } },
{ "type": "Feature", "properties": { "hex_id": 787107, "centroid_lon": -71.210007609331669, "centroid_lat": 47.40905951492784, "occurrences_today": 4, "datetimes_today": "2026-06-23 03:16:31, 2026-06-23 03:31:38, 2026-06-23 03:46:19, 2026-06-23 04:01:22", "cumulative_total": 81.0 }, "geometry": { "type": "Polygon", "coordinates": [ [ [ -71.210379963359685, 47.403875822866063 ], [ -71.216806486865693, 47.406686397229137 ], [ -71.216434726828524, 47.411870125278455 ], [ -71.20963515125338, 47.414243200051075 ], [ -71.203208137825129, 47.411432210703246 ], [ -71.203581189857644, 47.406248561635692 ], [ -71.210379963359685, 47.403875822866063 ] ] ] } },
{ "type": "Feature", "properties": { "hex_id": 787108, "centroid_lon": -71.208889922799429, "centroid_lat": 47.424610549478963, "occurrences_today": 4, "datetimes_today": "2026-06-23 03:16:31, 2026-06-23 03:31:38, 2026-06-23 03:46:19, 2026-06-23 04:01:22", "cumulative_total": 94.0 }, "geometry": { "type": "Polygon", "coordinates": [ [ [ -71.209262589088183, 47.419426878235051 ], [ -71.215690895050059, 47.422237560582644 ], [ -71.215318823235606, 47.427421267835996 ], [ -71.208517152350453, 47.429794213782081 ], [ -71.202088356092844, 47.426983116223298 ], [ -71.202461720979443, 47.421799487997816 ], [ -71.209262589088183, 47.419426878235051 ] ] ] } },
{ "type": "Feature", "properties": { "hex_id": 787109, "centroid_lon": -71.207771298825051, "centroid_lat": 47.440161521562857, "occurrences_today": 4, "datetimes_today": "2026-06-23 03:16:31, 2026-06-23 03:31:38, 2026-06-23 03:46:19, 2026-06-23 04:01:22", "cumulative_total": 94.0 }, "geometry": { "type": "Polygon", "coordinates": [ [ [ -71.208144277704562, 47.43497787114363 ], [ -71.214574367573164, 47.437788661541447 ], [ -71.21420198365189, 47.442972347992026 ], [ -71.207398215675212, 47.445345165038994 ], [ -71.200967635137062, 47.442533959203423 ], [ -71.201341313208417, 47.437350351826858 ], [ -71.208144277704562, 47.43497787114363 ] ] ] } },
{ "type": "Feature", "properties": { "hex_id": 787110, "centroid_lon": -71.206651736417541, "centroid_lat": 47.455712431158958, "occurrences_today": 4, "datetimes_today": "2026-06-23 03:16:31, 2026-06-23 03:31:38, 2026-06-23 03:46:19, 2026-06-23 04:01:22", "cumulative_total": 46.0 }, "geometry": { "type": "Polygon", "coordinates": [ [ [ -71.207025028218297, 47.450528801571281 ], [ -71.213456903445916, 47.45333970008511 ], [ -71.213084207087832, 47.458523365726094 ], [ -71.206278340236167, 47.460896053801292 ], [ -71.199845973964884, 47.458084739622983 ], [ -71.200219965552122, 47.452901153102239 ], [ -71.207025028218297, 47.450528801571281 ] ] ] } },
{ "type": "Feature", "properties": { "hex_id": 787111, "centroid_lon": -71.205531234584427, "centroid_lat": 47.471263278246788, "occurrences_today": 4, "datetimes_today": "2026-06-23 03:16:31, 2026-06-23 03:31:38, 2026-06-23 03:46:19, 2026-06-23 04:01:22", "cumulative_total": 46.0 }, "geometry": { "type": "Polygon", "coordinates": [ [ [ -71.205904839637412, 47.466079669497489 ], [ -71.21233850167782, 47.468890676193197 ], [ -71.211965492552409, 47.47407432101776 ], [ -71.205157525040406, 47.476446880048435 ], [ -71.198723371581892, 47.473635457461391 ], [ -71.199097677016638, 47.468451891803319 ], [ -71.205904839637412, 47.466079669497489 ] ] ] } },
{ "type": "Feature", "properties": { "hex_id": 787112, "centroid_lon": -71.204409792331816, "centroid_lat": 47.486814062805699, "occurrences_today": 4, "datetimes_today": "2026-06-23 03:16:31, 2026-06-23 03:31:38, 2026-06-23 03:46:19, 2026-06-23 04:01:22", "cumulative_total": 46.0 }, "geometry": { "type": "Polygon", "coordinates": [ [ [ -71.204783710968485, 47.48163047490165 ], [ -71.211219161276873, 47.484441589845176 ], [ -71.21084583905315, 47.489625213846509 ], [ -71.204035769093494, 47.491997643759824 ], [ -71.197599826992246, 47.489186112697979 ], [ -71.197974446606622, 47.484002567909478 ], [ -71.204783710968485, 47.48163047490165 ] ] ] } },
{ "type": "Feature", "properties": { "hex_id": 787113, "centroid_lon": -71.203287408664295, "centroid_lat": 47.502364784815178, "occurrences_today": 4, "datetimes_today": "2026-06-23 03:16:31, 2026-06-23 03:31:38, 2026-06-23 03:46:19, 2026-06-23 04:01:22", "cumulative_total": 46.0 }, "geometry": { "type": "Polygon", "coordinates": [ [ [ -71.203661641216627, 47.497181217763249 ], [ -71.21009888124965, 47.499992441020609 ], [ -71.209725245596147, 47.505176044191835 ], [ -71.202913071399564, 47.507548344914916 ], [ -71.196475339198585, 47.504736705312077 ], [ -71.196850273325197, 47.499553181400039 ], [ -71.203661641216627, 47.497181217763249 ] ] ] } },
{ "type": "Feature", "properties": { "hex_id": 787114, "centroid_lon": -71.202164082585028, "centroid_lat": 47.517915444254612, "occurrences_today": 4, "datetimes_today": "2026-06-23 03:16:31, 2026-06-23 03:31:38, 2026-06-23 03:46:19, 2026-06-23 04:01:22", "cumulative_total": 46.0 }, "geometry": { "type": "Polygon", "coordinates": [ [ [ -71.202538629385472, 47.512731898061638 ], [ -71.208977660601235, 47.515543229698913 ], [ -71.208603711185987, 47.520726812033217 ], [ -71.20178943096127, 47.52309898349305 ], [ -71.195349907202143, 47.520287235283007 ], [ -71.195725156174092, 47.515103732254339 ], [ -71.202538629385472, 47.512731898061638 ] ] ] } },
{ "type": "Feature", "properties": { "hex_id": 787115, "centroid_lon": -71.20103981309569, "centroid_lat": 47.533466041103338, "occurrences_today": 4, "datetimes_today": "2026-06-23 03:16:31, 2026-06-23 03:31:38, 2026-06-23 03:46:19, 2026-06-23 04:01:22", "cumulative_total": 46.0 }, "geometry": { "type": "Polygon", "coordinates": [ [ [ -71.201414674477164, 47.528282515776219 ], [ -71.207855498335235, 47.531093955859575 ], [ -71.207481234825792, 47.536277517350101 ], [ -71.200664846779802, 47.538649559473626 ], [ -71.194223530002631, 47.535837702590065 ], [ -71.194599094153503, 47.530654220451645 ], [ -71.201414674477164, 47.528282515776219 ] ] ] } },
{ "type": "Feature", "properties": { "hex_id": 787716, "centroid_lon": -71.205072356241217, "centroid_lat": 47.385513895914769, "occurrences_today": 4, "datetimes_today": "2026-06-23 03:16:31, 2026-06-23 03:31:38, 2026-06-23 03:46:19, 2026-06-23 04:01:22", "cumulative_total": 81.0 }, "geometry": { "type": "Polygon", "coordinates": [ [ [ -71.205444887583695, 47.380330212125656 ], [ -71.21186833970097, 47.383140985248879 ], [ -71.2114964015081, 47.388324705057158 ], [ -71.204699720833986, 47.39069757276107 ], [ -71.198275779650132, 47.387886384941325 ], [ -71.198649008170378, 47.382702744182303 ], [ -71.205444887583695, 47.380330212125656 ] ] ] } },
{ "type": "Feature", "properties": { "hex_id": 787717, "centroid_lon": -71.203954137678849, "centroid_lat": 47.401064905622306, "occurrences_today": 4, "datetimes_today": "2026-06-23 03:16:31, 2026-06-23 03:31:38, 2026-06-23 03:46:19, 2026-06-23 04:01:22", "cumulative_total": 81.0 }, "geometry": { "type": "Polygon", "coordinates": [ [ [ -71.204326981325408, 47.39588124266384 ], [ -71.210752213374036, 47.398692123866518 ], [ -71.210379963359685, 47.403875822866063 ], [ -71.203581189857644, 47.406248561635692 ], [ -71.197155468369743, 47.403437265510263 ], [ -71.197529009786521, 47.398253645606076 ], [ -71.204326981325408, 47.39588124266384 ] ] ] } },
{ "type": "Feature", "properties": { "hex_id": 787718, "centroid_lon": -71.202834981544626, "centroid_lat": 47.416615852824194, "occurrences_today": 4, "datetimes_today": "2026-06-23 03:16:31, 2026-06-23 03:31:38, 2026-06-23 03:46:19, 2026-06-23 04:01:22", "cumulative_total": 94.0 }, "geometry": { "type": "Polygon", "coordinates": [ [ [ -71.203208137825129, 47.411432210703246 ], [ -71.20963515125338, 47.414243200051075 ], [ -71.209262589088183, 47.419426878235051 ], [ -71.202461720979443, 47.421799487997816 ], [ -71.196034217738926, 47.418988083500842 ], [ -71.196408072382695, 47.413804484458403 ], [ -71.203208137825129, 47.411432210703246 ] ] ] } },
{ "type": "Feature", "properties": { "hex_id": 787719, "centroid_lon": -71.20171488684808, "centroid_lat": 47.432166737499905, "occurrences_today": 4, "datetimes_today": "2026-06-23 03:16:31, 2026-06-23 03:31:38, 2026-06-23 03:46:19, 2026-06-23 04:01:22", "cumulative_total": 94.0 }, "geometry": { "type": "Polygon", "coordinates": [ [ [ -71.202088356092844, 47.426983116223298 ], [ -71.208517152350453, 47.429794213782081 ], [ -71.208144277704562, 47.43497787114363 ], [ -71.201341313208417, 47.437350351826858 ], [ -71.194912026765223, 47.434538838892422 ], [ -71.195286194966997, 47.429355260718616 ], [ -71.202088356092844, 47.426983116223298 ] ] ] } },
{ "type": "Feature", "properties": { "hex_id": 787720, "centroid_lon": -71.200593852597237, "centroid_lat": 47.447717559628785, "occurrences_today": 4, "datetimes_today": "2026-06-23 03:16:31, 2026-06-23 03:31:38, 2026-06-23 03:46:19, 2026-06-23 04:01:22", "cumulative_total": 46.0 }, "geometry": { "type": "Polygon", "coordinates": [ [ [ -71.200967635137062, 47.442533959203423 ], [ -71.207398215675212, 47.445345165038994 ], [ -71.207025028218297, 47.450528801571281 ], [ -71.200219965552122, 47.452901153102239 ], [ -71.193788894454769, 47.450089531664332 ], [ -71.194163376545973, 47.444905974366051 ], [ -71.200967635137062, 47.442533959203423 ] ] ] } },
{ "type": "Feature", "properties": { "hex_id": 787721, "centroid_lon": -71.199471877798672, "centroid_lat": 47.46326831919027, "occurrences_today": 4, "datetimes_today": "2026-06-23 03:16:31, 2026-06-23 03:31:38, 2026-06-23 03:46:19, 2026-06-23 04:01:22", "cumulative_total": 46.0 }, "geometry": { "type": "Polygon", "coordinates": [ [ [ -71.199845973964884, 47.458084739622983 ], [ -71.206278340236167, 47.460896053801292 ], [ -71.205904839637412, 47.466079669497489 ], [ -71.199097677016638, 47.468451891803319 ], [ -71.19266481981218, 47.465640161795896 ], [ -71.193039616124764, 47.460456625380026 ], [ -71.199845973964884, 47.458084739622983 ] ] ] } },
{ "type": "Feature", "properties": { "hex_id": 787722, "centroid_lon": -71.198348961457526, "centroid_lat": 47.478819016163705, "occurrences_today": 4, "datetimes_today": "2026-06-23 03:16:31, 2026-06-23 03:31:38, 2026-06-23 03:46:19, 2026-06-23 04:01:22", "cumulative_total": 46.0 }, "geometry": { "type": "Polygon", "coordinates": [ [ [ -71.198723371581892, 47.473635457461391 ], [ -71.205157525040406, 47.476446880048435 ], [ -71.204783710968485, 47.48163047490165 ], [ -71.197974446606622, 47.484002567909478 ], [ -71.191539801840648, 47.481190729266345 ], [ -71.191914912707077, 47.47600721373982 ], [ -71.198723371581892, 47.473635457461391 ] ] ] } },
{ "type": "Feature", "properties": { "hex_id": 787723, "centroid_lon": -71.19722510257742, "centroid_lat": 47.494369650528419, "occurrences_today": 4, "datetimes_today": "2026-06-23 03:16:31, 2026-06-23 03:31:38, 2026-06-23 03:46:19, 2026-06-23 04:01:22", "cumulative_total": 46.0 }, "geometry": { "type": "Polygon", "coordinates": [ [ [ -71.197599826992246, 47.489186112697979 ], [ -71.204035769093494, 47.491997643759824 ], [ -71.203661641216627, 47.497181217763249 ], [ -71.196850273325197, 47.499553181400039 ], [ -71.190413839541904, 47.496741234055001 ], [ -71.190789265295081, 47.491557739424707 ], [ -71.197599826992246, 47.489186112697979 ] ] ] } },
{ "type": "Feature", "properties": { "hex_id": 788325, "centroid_lon": -71.200140880362852, "centroid_lat": 47.36196811165285, "occurrences_today": 4, "datetimes_today": "2026-06-23 03:16:31, 2026-06-23 03:31:38, 2026-06-23 03:46:19, 2026-06-23 04:01:22", "cumulative_total": 81.0 }, "geometry": { "type": "Polygon", "coordinates": [ [ [ -71.20051358812195, 47.356784436150988 ], [ -71.206933973037806, 47.359595407556583 ], [ -71.206561857588525, 47.364779119109222 ], [ -71.199768068524747, 47.367151780207692 ], [ -71.193347195396356, 47.364340394393558 ], [ -71.193720599507714, 47.35915676195755 ], [ -71.20051358812195, 47.356784436150988 ] ] ] } },
{ "type": "Feature", "properties": { "hex_id": 788326, "centroid_lon": -71.199022132465132, "centroid_lat": 47.377519096473151, "occurrences_today": 4, "datetimes_today": "2026-06-23 03:16:31, 2026-06-23 03:31:38, 2026-06-23 03:46:19, 2026-06-23 04:01:22", "cumulative_total": 81.0 }, "geometry": { "type": "Polygon", "coordinates": [ [ [ -71.199395152571029, 47.372335441814705 ], [ -71.205817314898013, 47.375146521394527 ], [ -71.205444887583695, 47.380330212125656 ], [ -71.198649008170378, 47.382702744182303 ], [ -71.19222635725896, 47.379891249967912 ], [ -71.192600074308643, 47.374707638399514 ], [ -71.199395152571029, 47.372335441814705 ] ] ] } },
{ "type": "Feature", "properties": { "hex_id": 788327, "centroid_lon": -71.197902446867744, "centroid_lat": 47.393070018749519, "occurrences_today": 4, "datetimes_today": "2026-06-23 03:16:31, 2026-06-23 03:31:38, 2026-06-23 03:46:19, 2026-06-23 04:01:22", "cumulative_total": 81.0 }, "geometry": { "type": "Polygon", "coordinates": [ [ [ -71.198275779650132, 47.387886384941325 ], [ -71.204699720833986, 47.39069757276107 ], [ -71.204326981325408, 47.39588124266384 ], [ -71.197529009786521, 47.398253645606076 ], [ -71.191104579646037, 47.395442042925588 ], [ -71.191478609964392, 47.390258452231713 ], [ -71.198275779650132, 47.387886384941325 ] ] ] } },
{ "type": "Feature", "properties": { "hex_id": 788328, "centroid_lon": -71.196781822580732, "centroid_lat": 47.408620878461285, "occurrences_today": 4, "datetimes_today": "2026-06-23 03:16:31, 2026-06-23 03:31:38, 2026-06-23 03:46:19, 2026-06-23 04:01:22", "cumulative_total": 94.0 }, "geometry": { "type": "Polygon", "coordinates": [ [ [ -71.197155468369743, 47.403437265510263 ], [ -71.203581189857644, 47.406248561635692 ], [ -71.203208137825129, 47.411432210703246 ], [ -71.196408072382695, 47.413804484458403 ], [ -71.189981861565684, 47.410992773245887 ], [ -71.190356205483468, 47.405809203433435 ], [ -71.197155468369743, 47.403437265510263 ] ] ] } },
{ "type": "Feature", "properties": { "hex_id": 788329, "centroid_lon": -71.195660258612619, "centroid_lat": 47.424171675587836, "occurrences_today": 4, "datetimes_today": "2026-06-23 03:16:31, 2026-06-23 03:31:38, 2026-06-23 03:46:19, 2026-06-23 04:01:22", "cumulative_total": 94.0 }, "geometry": { "type": "Polygon", "coordinates": [ [ [ -71.196034217738926, 47.418988083500842 ], [ -71.202461720979443, 47.421799487997816 ], [ -71.202088356092844, 47.426983116223298 ], [ -71.195286194966997, 47.429355260718616 ], [ -71.188858202024491, 47.426543440908077 ], [ -71.18923285987303, 47.421359891983975 ], [ -71.196034217738926, 47.418988083500842 ] ] ] } },
{ "type": "Feature", "properties": { "hex_id": 788330, "centroid_lon": -71.194537753970494, "centroid_lat": 47.439722410108487, "occurrences_today": 4, "datetimes_today": "2026-06-23 03:16:31, 2026-06-23 03:31:38, 2026-06-23 03:46:19, 2026-06-23 04:01:22", "cumulative_total": 46.0 }, "geometry": { "type": "Polygon", "coordinates": [ [ [ -71.194912026765223, 47.434538838892422 ], [ -71.201341313208417, 47.437350351826858 ], [ -71.200967635137062, 47.442533959203423 ], [ -71.194163376545973, 47.444905974366051 ], [ -71.187733600027642, 47.442094045891437 ], [ -71.188108572138702, 47.436910517862579 ], [ -71.194912026765223, 47.434538838892422 ] ] ] } },
{ "type": "Feature", "properties": { "hex_id": 788331, "centroid_lon": -71.193414307659992, "centroid_lat": 47.455273082002584, "occurrences_today": 4, "datetimes_today": "2026-06-23 03:16:31, 2026-06-23 03:31:38, 2026-06-23 03:46:19, 2026-06-23 04:01:22", "cumulative_total": 46.0 }, "geometry": { "type": "Polygon", "coordinates": [ [ [ -71.193788894454769, 47.450089531664332 ], [ -71.200219965552122, 47.452901153102239 ], [ -71.199845973964884, 47.458084739622983 ], [ -71.193039616124764, 47.460456625380026 ], [ -71.186608054578812, 47.457644588175178 ], [ -71.186983341284645, 47.452461081048504 ], [ -71.193788894454769, 47.450089531664332 ] ] ] } },
{ "type": "Feature", "properties": { "hex_id": 788332, "centroid_lon": -71.192289918685262, "centroid_lat": 47.470823691249414, "occurrences_today": 4, "datetimes_today": "2026-06-23 03:16:31, 2026-06-23 03:31:38, 2026-06-23 03:46:19, 2026-06-23 04:01:22", "cumulative_total": 46.0 }, "geometry": { "type": "Polygon", "coordinates": [ [ [ -71.19266481981218, 47.465640161795896 ], [ -71.199097677016638, 47.468451891803319 ], [ -71.198723371581892, 47.473635457461391 ], [ -71.191914912707077, 47.47600721373982 ], [ -71.185481564680202, 47.473195067738537 ], [ -71.185857166313582, 47.468011581520969 ], [ -71.19266481981218, 47.465640161795896 ] ] ] } },
{ "type": "Feature", "properties": { "hex_id": 788935, "centroid_lon": -71.194093899379624, "centroid_lat": 47.35397312256719, "occurrences_today": 4, "datetimes_today": "2026-06-23 03:16:31, 2026-06-23 03:31:38, 2026-06-23 03:46:19, 2026-06-23 04:01:22", "cumulative_total": 92.0 }, "geometry": { "type": "Polygon", "coordinates": [ [ [ -71.194467095048694, 47.348789476223224 ], [ -71.200886191838663, 47.351600753702833 ], [ -71.20051358812195, 47.356784436150988 ], [ -71.193720599507714, 47.35915676195755 ], [ -71.187301014986517, 47.356345070131347 ], [ -71.187674906774177, 47.351161466913176 ], [ -71.194467095048694, 47.348789476223224 ] ] ] } },
{ "type": "Feature", "properties": { "hex_id": 788936, "centroid_lon": -71.192973687008887, "centroid_lat": 47.36952401987449, "occurrences_today": 4, "datetimes_today": "2026-06-23 03:16:31, 2026-06-23 03:31:38, 2026-06-23 03:46:19, 2026-06-23 04:01:22", "cumulative_total": 81.0 }, "geometry": { "type": "Polygon", "coordinates": [ [ [ -71.193347195396356, 47.364340394393558 ], [ -71.199768068524747, 47.367151780207692 ], [ -71.199395152571029, 47.372335441814705 ], [ -71.192600074308643, 47.374707638399514 ], [ -71.186178713077609, 47.371895838012819 ], [ -71.186552918174939, 47.366712255681939 ], [ -71.193347195396356, 47.364340394393558 ] ] ] } },
{ "type": "Feature", "properties": { "hex_id": 788937, "centroid_lon": -71.191852535823102, "centroid_lat": 47.38507485457891, "occurrences_today": 4, "datetimes_today": "2026-06-23 03:16:31, 2026-06-23 03:31:38, 2026-06-23 03:46:19, 2026-06-23 04:01:22", "cumulative_total": 81.0 }, "geometry": { "type": "Polygon", "coordinates": [ [ [ -71.19222635725896, 47.379891249967912 ], [ -71.198649008170378, 47.382702744182303 ], [ -71.198275779650132, 47.387886384941325 ], [ -71.191478609964392, 47.390258452231713 ], [ -71.185055470578604, 47.387446543218608 ], [ -71.185429989316205, 47.382262981781928 ], [ -71.19222635725896, 47.379891249967912 ] ] ] } },
{ "type": "Feature", "properties": { "hex_id": 788938, "centroid_lon": -71.190730444831331, "centroid_lat": 47.400625626659753, "occurrences_today": 4, "datetimes_today": "2026-06-23 03:16:31, 2026-06-23 03:31:38, 2026-06-23 03:46:19, 2026-06-23 04:01:22", "cumulative_total": 81.0 }, "geometry": { "type": "Polygon", "coordinates": [ [ [ -71.191104579646037, 47.395442042925588 ], [ -71.197529009786521, 47.398253645606076 ], [ -71.197155468369743, 47.403437265510263 ], [ -71.190356205483468, 47.405809203433435 ], [ -71.183931286496588, 47.402997185727941 ], [ -71.184306119205601, 47.397813645192386 ], [ -71.191104579646037, 47.395442042925588 ] ] ] } },
{ "type": "Feature", "properties": { "hex_id": 788939, "centroid_lon": -71.189607413041145, "centroid_lat": 47.416176336096314, "occurrences_today": 4, "datetimes_today": "2026-06-23 03:16:31, 2026-06-23 03:31:38, 2026-06-23 03:46:19, 2026-06-23 04:01:22", "cumulative_total": 94.0 }, "geometry": { "type": "Polygon", "coordinates": [ [ [ -71.189981861565684, 47.410992773245887 ], [ -71.196408072382695, 47.413804484458403 ], [ -71.196034217738926, 47.418988083500842 ], [ -71.18923285987303, 47.421359891983975 ], [ -71.182806159837241, 47.418547765520032 ], [ -71.183181306849278, 47.413364245892531 ], [ -71.189981861565684, 47.410992773245887 ] ] ] } },
{ "type": "Feature", "properties": { "hex_id": 788940, "centroid_lon": -71.188483439458679, "centroid_lat": 47.431726982867879, "occurrences_today": 4, "datetimes_today": "2026-06-23 03:16:31, 2026-06-23 03:31:38, 2026-06-23 03:46:19, 2026-06-23 04:01:22", "cumulative_total": 46.0 }, "geometry": { "type": "Polygon", "coordinates": [ [ [ -71.188858202024491, 47.426543440908077 ], [ -71.195286194966997, 47.429355260718616 ], [ -71.194912026765223, 47.434538838892422 ], [ -71.188108572138702, 47.436910517862579 ], [ -71.181680089604768, 47.434098282574055 ], [ -71.182055551251921, 47.428914783861565 ], [ -71.188858202024491, 47.426543440908077 ] ] ] } },
{ "type": "Feature", "properties": { "hex_id": 788941, "centroid_lon": -71.187358523088605, "centroid_lat": 47.447277566953659, "occurrences_today": 4, "datetimes_today": "2026-06-23 03:16:31, 2026-06-23 03:31:38, 2026-06-23 03:46:19, 2026-06-23 04:01:22", "cumulative_total": 46.0 }, "geometry": { "type": "Polygon", "coordinates": [ [ [ -71.187733600027642, 47.442094045891437 ], [ -71.194163376545973, 47.444905974366051 ], [ -71.193788894454769, 47.450089531664332 ], [ -71.186983341284645, 47.452461081048504 ], [ -71.180553074801892, 47.449648736869186 ], [ -71.180928851416738, 47.444465259078633 ], [ -71.187733600027642, 47.442094045891437 ] ] ] } },
{ "type": "Feature", "properties": { "hex_id": 789545, "centroid_lon": -71.188048694198699, "centroid_lat": 47.34597785673413, "occurrences_today": 4, "datetimes_today": "2026-06-23 03:16:31, 2026-06-23 03:31:38, 2026-06-23 03:46:19, 2026-06-23 04:01:22", "cumulative_total": 92.0 }, "geometry": { "type": "Polygon", "coordinates": [ [ [ -71.188422377296703, 47.340794239594963 ], [ -71.194840186551559, 47.34360582292647 ], [ -71.194467095048694, 47.348789476223224 ], [ -71.187674906774177, 47.351161466913176 ], [ -71.181256610269003, 47.34834946929702 ], [ -71.181630989252014, 47.343165895343503 ], [ -71.188422377296703, 47.340794239594963 ] ] ] } },
{ "type": "Feature", "properties": { "hex_id": 789546, "centroid_lon": -71.186927018798997, "centroid_lat": 47.361528666387855, "occurrences_today": 4, "datetimes_today": "2026-06-23 03:16:31, 2026-06-23 03:31:38, 2026-06-23 03:46:19, 2026-06-23 04:01:22", "cumulative_total": 92.0 }, "geometry": { "type": "Polygon", "coordinates": [ [ [ -71.187301014986517, 47.356345070131347 ], [ -71.193720599507714, 47.35915676195755 ], [ -71.193347195396356, 47.364340394393558 ], [ -71.186552918174939, 47.366712255681939 ], [ -71.180132846032478, 47.363900149345149 ], [ -71.180507538695991, 47.358716596298599 ], [ -71.187301014986517, 47.356345070131347 ] ] ] } },
{ "type": "Feature", "properties": { "hex_id": 789547, "centroid_lon": -71.185804403470286, "centroid_lat": 47.377079413379725, "occurrences_today": 4, "datetimes_today": "2026-06-23 03:16:31, 2026-06-23 03:31:38, 2026-06-23 03:46:19, 2026-06-23 04:01:22", "cumulative_total": 81.0 }, "geometry": { "type": "Polygon", "coordinates": [ [ [ -71.186178713077609, 47.371895838012819 ], [ -71.192600074308643, 47.374707638399514 ], [ -71.19222635725896, 47.379891249967912 ], [ -71.185429989316205, 47.382262981781928 ], [ -71.179008140092677, 47.379450766658543 ], [ -71.179383146767634, 47.374267234525888 ], [ -71.186178713077609, 47.371895838012819 ] ] ] } },
{ "type": "Feature", "properties": { "hex_id": 789548, "centroid_lon": -71.184680847220662, "centroid_lat": 47.392630097689015, "occurrences_today": 4, "datetimes_today": "2026-06-23 03:16:31, 2026-06-23 03:31:38, 2026-06-23 03:46:19, 2026-06-23 04:01:22", "cumulative_total": 81.0 }, "geometry": { "type": "Polygon", "coordinates": [ [ [ -71.185055470578604, 47.387446543218608 ], [ -71.191478609964392, 47.390258452231713 ], [ -71.191104579646037, 47.395442042925588 ], [ -71.184306119205601, 47.397813645192386 ], [ -71.177882491455776, 47.39500132121637 ], [ -71.178257812473618, 47.389817810004551 ], [ -71.185055470578604, 47.387446543218608 ] ] ] } },
{ "type": "Feature", "properties": { "hex_id": 789549, "centroid_lon": -71.183556349056772, "centroid_lat": 47.408180719294911, "occurrences_today": 4, "datetimes_today": "2026-06-23 03:16:31, 2026-06-23 03:31:38, 2026-06-23 03:46:19, 2026-06-23 04:01:22", "cumulative_total": 46.0 }, "geometry": { "type": "Polygon", "coordinates": [ [ [ -71.183931286496588, 47.402997185727941 ], [ -71.190356205483468, 47.405809203433435 ], [ -71.189981861565684, 47.410992773245887 ], [ -71.183181306849278, 47.413364245892531 ], [ -71.176755899126462, 47.410551812997745 ], [ -71.177131534819097, 47.405368322713734 ], [ -71.183931286496588, 47.402997185727941 ] ] ] } },
{ "type": "Feature", "properties": { "hex_id": 789550, "centroid_lon": -71.182430907983758, "centroid_lat": 47.423731278176618, "occurrences_today": 4, "datetimes_today": "2026-06-23 03:16:31, 2026-06-23 03:31:38, 2026-06-23 03:46:19, 2026-06-23 04:01:22", "cumulative_total": 46.0 }, "geometry": { "type": "Polygon", "coordinates": [ [ [ -71.182806159837241, 47.418547765520032 ], [ -71.18923285987303, 47.421359891983975 ], [ -71.188858202024491, 47.426543440908077 ], [ -71.182055551251921, 47.428914783861565 ], [ -71.175628362108, 47.426102241981802 ], [ -71.176004312807876, 47.420918772632561 ], [ -71.182806159837241, 47.418547765520032 ] ] ] } },
{ "type": "Feature", "properties": { "hex_id": 790154, "centroid_lon": -71.183127460683878, "centroid_lat": 47.322431529862797, "occurrences_today": 4, "datetimes_today": "2026-06-23 03:16:31, 2026-06-23 03:31:38, 2026-06-23 03:46:19, 2026-06-23 04:01:22", "cumulative_total": 92.0 }, "geometry": { "type": "Polygon", "coordinates": [ [ [ -71.183501317600175, 47.317247921079797 ], [ -71.189916067156474, 47.320059701452351 ], [ -71.189542800998154, 47.325243346424337 ], [ -71.182753499427577, 47.327615131681441 ], [ -71.176338263471635, 47.324802937311965 ], [ -71.176712815449292, 47.319619371750228 ], [ -71.183501317600175, 47.317247921079797 ] ] ] } },
{ "type": "Feature", "properties": { "hex_id": 790155, "centroid_lon": -71.182005263748295, "centroid_lat": 47.337982314422582, "occurrences_today": 4, "datetimes_today": "2026-06-23 03:16:31, 2026-06-23 03:31:38, 2026-06-23 03:46:19, 2026-06-23 04:01:22", "cumulative_total": 92.0 }, "geometry": { "type": "Polygon", "coordinates": [ [ [ -71.182379433794594, 47.332798726534961 ], [ -71.188795956104869, 47.335610615496421 ], [ -71.188422377296703, 47.340794239594963 ], [ -71.181630989252014, 47.343165895343503 ], [ -71.175213980171961, 47.340353592159389 ], [ -71.175588845869697, 47.33517004751733 ], [ -71.182379433794594, 47.332798726534961 ] ] ] } },
{ "type": "Feature", "properties": { "hex_id": 790156, "centroid_lon": -71.180882126762569, "centroid_lat": 47.353533036282307, "occurrences_today": 4, "datetimes_today": "2026-06-23 03:16:31, 2026-06-23 03:31:38, 2026-06-23 03:46:19, 2026-06-23 04:01:22", "cumulative_total": 92.0 }, "geometry": { "type": "Polygon", "coordinates": [ [ [ -71.181256610269003, 47.34834946929702 ], [ -71.187674906774177, 47.351161466913176 ], [ -71.187301014986517, 47.356345070131347 ], [ -71.180507538695991, 47.358716596298599 ], [ -71.17408875505059, 47.35590418423385 ], [ -71.174463934799178, 47.350720660518419 ], [ -71.181256610269003, 47.34834946929702 ] ] ] } },
{ "type": "Feature", "properties": { "hex_id": 790157, "centroid_lon": -71.179758048735295, "centroid_lat": 47.369083695421168, "occurrences_today": 4, "datetimes_today": "2026-06-23 03:16:31, 2026-06-23 03:31:38, 2026-06-23 03:46:19, 2026-06-23 04:01:22", "cumulative_total": 81.0 }, "geometry": { "type": "Polygon", "coordinates": [ [ [ -71.180132846032478, 47.363900149345149 ], [ -71.186552918174939, 47.366712255681939 ], [ -71.186178713077609, 47.371895838012819 ], [ -71.179383146767634, 47.374267234525888 ], [ -71.172962587114199, 47.371454713514481 ], [ -71.173338081244921, 47.366271210732663 ], [ -71.180132846032478, 47.363900149345149 ] ] ] } },
{ "type": "Feature", "properties": { "hex_id": 790158, "centroid_lon": -71.178633028673616, "centroid_lat": 47.384634291818358, "occurrences_today": 4, "datetimes_today": "2026-06-23 03:16:31, 2026-06-23 03:31:38, 2026-06-23 03:46:19, 2026-06-23 04:01:22", "cumulative_total": 81.0 }, "geometry": { "type": "Polygon", "coordinates": [ [ [ -71.179008140092677, 47.379450766658543 ], [ -71.185429989316205, 47.382262981781928 ], [ -71.185055470578604, 47.387446543218608 ], [ -71.178257812473618, 47.389817810004551 ], [ -71.171835475368013, 47.38700517998037 ], [ -71.172211284212622, 47.38182169813912 ], [ -71.179008140092677, 47.379450766658543 ] ] ] } },
{ "type": "Feature", "properties": { "hex_id": 790159, "centroid_lon": -71.177507065583242, "centroid_lat": 47.40018482545301, "occurrences_today": 4, "datetimes_today": "2026-06-23 03:16:31, 2026-06-23 03:31:38, 2026-06-23 03:46:19, 2026-06-23 04:01:22", "cumulative_total": 46.0 }, "geometry": { "type": "Polygon", "coordinates": [ [ [ -71.177882491455776, 47.39500132121637 ], [ -71.184306119205601, 47.397813645192386 ], [ -71.183931286496588, 47.402997185727941 ], [ -71.177131534819097, 47.405368322713734 ], [ -71.170707418815809, 47.402555583610599 ], [ -71.171083542706555, 47.397372122716888 ], [ -71.177882491455776, 47.39500132121637 ] ] ] } },
{ "type": "Feature", "properties": { "hex_id": 790765, "centroid_lon": -71.175963606957339, "centroid_lat": 47.329986495901267, "occurrences_today": 4, "datetimes_today": "2026-06-23 03:16:31, 2026-06-23 03:31:38, 2026-06-23 03:46:19, 2026-06-23 04:01:22", "cumulative_total": 92.0 }, "geometry": { "type": "Polygon", "coordinates": [ [ [ -71.176338263471635, 47.324802937311965 ], [ -71.182753499427577, 47.327615131681441 ], [ -71.182379433794594, 47.332798726534961 ], [ -71.175588845869697, 47.33517004751733 ], [ -71.169173123624162, 47.33235743898716 ], [ -71.169548475556397, 47.327173923703242 ], [ -71.176338263471635, 47.324802937311965 ] ] ] } },
{ "type": "Feature", "properties": { "hex_id": 790766, "centroid_lon": -71.17483900982738, "centroid_lat": 47.345537129826681, "occurrences_today": 4, "datetimes_today": "2026-06-23 03:16:31, 2026-06-23 03:31:38, 2026-06-23 03:46:19, 2026-06-23 04:01:22", "cumulative_total": 92.0 }, "geometry": { "type": "Polygon", "coordinates": [ [ [ -71.175213980171961, 47.340353592159389 ], [ -71.181630989252014, 47.343165895343503 ], [ -71.181256610269003, 47.34834946929702 ], [ -71.174463934799178, 47.350720660518419 ], [ -71.168046439059566, 47.347907942947757 ], [ -71.16842210541256, 47.342724448610184 ], [ -71.175213980171961, 47.340353592159389 ] ] ] } },
{ "type": "Feature", "properties": { "hex_id": 790767, "centroid_lon": -71.173713470544769, "centroid_lat": 47.361087700972192, "occurrences_today": 4, "datetimes_today": "2026-06-23 03:16:31, 2026-06-23 03:31:38, 2026-06-23 03:46:19, 2026-06-23 04:01:22", "cumulative_total": 81.0 }, "geometry": { "type": "Polygon", "coordinates": [ [ [ -71.17408875505059, 47.35590418423385 ], [ -71.180507538695991, 47.358716596298599 ], [ -71.180132846032478, 47.363900149345149 ], [ -71.173338081244921, 47.366271210732663 ], [ -71.166918810569655, 47.363458384055384 ], [ -71.167294791674976, 47.358274910671128 ], [ -71.17408875505059, 47.35590418423385 ] ] ] } },
{ "type": "Feature", "properties": { "hex_id": 790768, "centroid_lon": -71.172586988115725, "centroid_lat": 47.376638209316887, "occurrences_today": 4, "datetimes_today": "2026-06-23 03:16:31, 2026-06-23 03:31:38, 2026-06-23 03:46:19, 2026-06-23 04:01:22", "cumulative_total": 46.0 }, "geometry": { "type": "Polygon", "coordinates": [ [ [ -71.172962587114199, 47.371454713514481 ], [ -71.179383146767634, 47.374267234525888 ], [ -71.179008140092677, 47.379450766658543 ], [ -71.172211284212622, 47.38182169813912 ], [ -71.165790237158731, 47.379008762289054 ], [ -71.166166533348459, 47.373825309865126 ], [ -71.172962587114199, 47.371454713514481 ] ] ] } },
{ "type": "Feature", "properties": { "hex_id": 791375, "centroid_lon": -71.169923722755328, "centroid_lat": 47.321990401438775, "occurrences_today": 4, "datetimes_today": "2026-06-23 03:16:31, 2026-06-23 03:31:38, 2026-06-23 03:46:19, 2026-06-23 04:01:22", "cumulative_total": 92.0 }, "geometry": { "type": "Polygon", "coordinates": [ [ [ -71.170298865257706, 47.316806872194519 ], [ -71.176712815449292, 47.319619371750228 ], [ -71.176338263471635, 47.324802937311965 ], [ -71.169548475556397, 47.327173923703242 ], [ -71.163134039555018, 47.324361010048854 ], [ -71.163509877241907, 47.319177524169795 ], [ -71.170298865257706, 47.316806872194519 ] ] ] } },
{ "type": "Feature", "properties": { "hex_id": 791376, "centroid_lon": -71.168797666921805, "centroid_lat": 47.337540947289739, "occurrences_today": 4, "datetimes_today": "2026-06-23 03:16:31, 2026-06-23 03:31:38, 2026-06-23 03:46:19, 2026-06-23 04:01:22", "cumulative_total": 92.0 }, "geometry": { "type": "Polygon", "coordinates": [ [ [ -71.169173123624162, 47.33235743898716 ], [ -71.175588845869697, 47.33517004751733 ], [ -71.175213980171961, 47.340353592159389 ], [ -71.16842210541256, 47.342724448610184 ], [ -71.162005896987736, 47.339911425755531 ], [ -71.162382049464782, 47.334727960842514 ], [ -71.169173123624162, 47.33235743898716 ] ] ] } },
{ "type": "Feature", "properties": { "hex_id": 791377, "centroid_lon": -71.167670667825988, "centroid_lat": 47.353091430301681, "occurrences_today": 4, "datetimes_today": "2026-06-23 03:16:31, 2026-06-23 03:31:38, 2026-06-23 03:46:19, 2026-06-23 04:01:22", "cumulative_total": 81.0 }, "geometry": { "type": "Polygon", "coordinates": [ [ [ -71.168046439059566, 47.347907942947757 ], [ -71.174463934799178, 47.350720660518419 ], [ -71.17408875505059, 47.35590418423385 ], [ -71.167294791674976, 47.358274910671128 ], [ -71.160876809386266, 47.35546177855003 ], [ -71.161253276985377, 47.350278334610067 ], [ -71.168046439059566, 47.347907942947757 ] ] ] } },
{ "type": "Feature", "properties": { "hex_id": 718671, "centroid_lon": -72.003768304835162, "centroid_lat": 46.497308109606323, "occurrences_today": 7, "datetimes_today": "2026-06-23 00:01:15, 2026-06-23 00:16:30, 2026-06-23 00:31:23, 2026-06-23 00:46:43, 2026-06-23 01:01:29, 2026-06-23 01:16:23, 2026-06-23 01:31:42", "cumulative_total": 20.0 }, "geometry": { "type": "Polygon", "coordinates": [ [ [ -72.004053525266656, 46.49211932293295 ], [ -72.010417599125532, 46.494884121040016 ], [ -72.01013295655703, 46.500072935376046 ], [ -72.003483005619017, 46.502496890200781 ], [ -71.997118432695345, 46.499731696227634 ], [ -71.997404309747395, 46.494542943362106 ], [ -72.004053525266656, 46.49211932293295 ] ] ] } },
{ "type": "Feature", "properties": { "hex_id": 719282, "centroid_lon": -71.996832476675237, "centroid_lat": 46.504920443008238, "occurrences_today": 7, "datetimes_today": "2026-06-23 00:01:15, 2026-06-23 00:16:30, 2026-06-23 00:31:23, 2026-06-23 00:46:43, 2026-06-23 01:01:29, 2026-06-23 01:16:23, 2026-06-23 01:31:42", "cumulative_total": 20.0 }, "geometry": { "type": "Polygon", "coordinates": [ [ [ -71.997118432695345, 46.499731696227634 ], [ -72.003483005619017, 46.502496890200781 ], [ -72.003197627591121, 46.507685664715915 ], [ -71.996546441659902, 46.510109183703449 ], [ -71.990181369752847, 46.507343593702998 ], [ -71.990467982733207, 46.502154880808611 ], [ -71.997118432695345, 46.499731696227634 ] ] ] } },
{ "type": "Feature", "properties": { "hex_id": 719892, "centroid_lon": -71.990754516562049, "centroid_lat": 46.496966161823252, "occurrences_today": 7, "datetimes_today": "2026-06-23 00:01:15, 2026-06-23 00:16:30, 2026-06-23 00:31:23, 2026-06-23 00:46:43, 2026-06-23 01:01:29, 2026-06-23 01:16:23, 2026-06-23 01:31:42", "cumulative_total": 20.0 }, "geometry": { "type": "Polygon", "coordinates": [ [ [ -71.9910409712666, 46.491777436747391 ], [ -71.997404309747395, 46.494542943362106 ], [ -71.997118432695345, 46.499731696227634 ], [ -71.990467982733207, 46.502154880808611 ], [ -71.984104145737803, 46.499388978221063 ], [ -71.984391257191945, 46.494200287091644 ], [ -71.9910409712666, 46.491777436747391 ] ] ] } },
{ "type": "Feature", "properties": { "hex_id": 719893, "centroid_lon": -71.989894677593753, "centroid_lat": 46.512532300505974, "occurrences_today": 7, "datetimes_today": "2026-06-23 00:01:15, 2026-06-23 00:16:30, 2026-06-23 00:31:23, 2026-06-23 00:46:43, 2026-06-23 01:01:29, 2026-06-23 01:16:23, 2026-06-23 01:31:42", "cumulative_total": 20.0 }, "geometry": { "type": "Polygon", "coordinates": [ [ [ -71.990181369752847, 46.507343593702998 ], [ -71.996546441659902, 46.510109183703449 ], [ -71.996260327622181, 46.515297918312861 ], [ -71.98960790622867, 46.517721001217083 ], [ -71.98324233541986, 46.51495501502805 ], [ -71.983529684879059, 46.509766342189714 ], [ -71.990181369752847, 46.507343593702998 ] ] ] } },
{ "type": "Feature", "properties": { "hex_id": 721114, "centroid_lon": -71.976877422081131, "centroid_lat": 46.512188688373016, "occurrences_today": 7, "datetimes_today": "2026-06-23 00:01:15, 2026-06-23 00:16:30, 2026-06-23 00:31:23, 2026-06-23 00:46:43, 2026-06-23 01:01:29, 2026-06-23 01:16:23, 2026-06-23 01:31:42", "cumulative_total": 20.0 }, "geometry": { "type": "Polygon", "coordinates": [ [ [ -71.9771653494508, 46.507000043468139 ], [ -71.983529684879059, 46.509766342189714 ], [ -71.98324233541986, 46.51495501502805 ], [ -71.976589415165506, 46.517377327174337 ], [ -71.97022458138639, 46.514610632157527 ], [ -71.970513166185114, 46.509422021356009 ], [ -71.9771653494508, 46.507000043468139 ] ] ] } },
{ "type": "Feature", "properties": { "hex_id": 1119910, "centroid_lon": -67.441460483757027, "centroid_lat": 48.477433283039545, "occurrences_today": 2, "datetimes_today": "2026-06-23 00:16:30, 2026-06-23 00:31:23", "cumulative_total": 2.0 }, "geometry": { "type": "Polygon", "coordinates": [ [ [ -67.442229739962883, 48.472284371081692 ], [ -67.44855150116264, 48.47530159641434 ], [ -67.447782803266676, 48.480450581122575 ], [ -67.44069101062324, 48.482582181205565 ], [ -67.43436890808043, 48.479564498738455 ], [ -67.435138939446318, 48.474415673390332 ], [ -67.442229739962883, 48.472284371081692 ] ] ] } },
{ "type": "Feature", "properties": { "hex_id": 1141274, "centroid_lon": -67.215140297504917, "centroid_lat": 48.40765630578786, "occurrences_today": 10, "datetimes_today": "2026-06-23 01:46:17, 2026-06-23 02:01:15, 2026-06-23 02:16:25, 2026-06-23 02:31:45, 2026-06-23 02:46:16, 2026-06-23 03:01:30, 2026-06-23 03:16:31, 2026-06-23 03:31:38, 2026-06-23 03:46:19, 2026-06-23 04:01:22", "cumulative_total": 10.0 }, "geometry": { "type": "Polygon", "coordinates": [ [ [ -67.215930510124522, 48.402510073648763 ], [ -67.222229050597875, 48.405538656415573 ], [ -67.221439389531952, 48.410684963258916 ], [ -67.214349862402372, 48.41280252360886 ], [ -67.208050992898038, 48.409773483432993 ], [ -67.208841979474698, 48.404627340383293 ], [ -67.215930510124522, 48.402510073648763 ] ] ] } },
{ "type": "Feature", "properties": { "hex_id": 1141885, "centroid_lon": -67.207259783617161, "centroid_lat": 48.414919612146512, "occurrences_today": 10, "datetimes_today": "2026-06-23 01:46:17, 2026-06-23 02:01:15, 2026-06-23 02:16:25, 2026-06-23 02:31:45, 2026-06-23 02:46:16, 2026-06-23 03:01:30, 2026-06-23 03:16:31, 2026-06-23 03:31:38, 2026-06-23 03:46:19, 2026-06-23 04:01:22", "cumulative_total": 10.0 }, "geometry": { "type": "Polygon", "coordinates": [ [ [ -67.208050992898038, 48.409773483432993 ], [ -67.214349862402372, 48.41280252360886 ], [ -67.213559204737365, 48.417948727108175 ], [ -67.206468351552431, 48.420065726520299 ], [ -67.200169153255928, 48.417036228781399 ], [ -67.200961136856833, 48.411890189260461 ], [ -67.208050992898038, 48.409773483432993 ] ] ] } },
{ "type": "Feature", "properties": { "hex_id": 1142495, "centroid_lon": -67.201752897532202, "centroid_lat": 48.406744135385317, "occurrences_today": 10, "datetimes_today": "2026-06-23 01:46:17, 2026-06-23 02:01:15, 2026-06-23 02:16:25, 2026-06-23 02:31:45, 2026-06-23 02:46:16, 2026-06-23 03:01:30, 2026-06-23 03:16:31, 2026-06-23 03:31:38, 2026-06-23 03:46:19, 2026-06-23 04:01:22", "cumulative_total": 10.0 }, "geometry": { "type": "Polygon", "coordinates": [ [ [ -67.202544435361759, 48.401598067159483 ], [ -67.208841979474698, 48.404627340383293 ], [ -67.208050992898038, 48.409773483432993 ], [ -67.200961136856833, 48.411890189260461 ], [ -67.194663264376629, 48.408860458564298 ], [ -67.195455576225214, 48.403714479580039 ], [ -67.202544435361759, 48.401598067159483 ] ] ] } },
{ "type": "Feature", "properties": { "hex_id": 647257, "centroid_lon": -72.756134450384238, "centroid_lat": 46.740579811775945, "occurrences_today": 4, "datetimes_today": "2026-06-23 02:16:25, 2026-06-23 02:31:45, 2026-06-23 02:46:16, 2026-06-23 03:01:30", "cumulative_total": 4.0 }, "geometry": { "type": "Polygon", "coordinates": [ [ [ -72.75634991503658, 46.735388123471502 ], [ -72.76278199508134, 46.738112068567332 ], [ -72.762567127374595, 46.743303777228057 ], [ -72.755918925987544, 46.745771494584481 ], [ -72.749486308751898, 46.743047156984389 ], [ -72.749702430073484, 46.737855494599351 ], [ -72.75634991503658, 46.735388123471502 ] ] ] } },
{ "type": "Feature", "properties": { "hex_id": 647867, "centroid_lon": -72.749918491487676, "centroid_lat": 46.732663826714109, "occurrences_today": 4, "datetimes_today": "2026-06-23 02:16:25, 2026-06-23 02:31:45, 2026-06-23 02:46:16, 2026-06-23 03:01:30", "cumulative_total": 4.0 }, "geometry": { "type": "Polygon", "coordinates": [ [ [ -72.750134493015238, 46.727472153328918 ], [ -72.756565319965247, 46.730196429671409 ], [ -72.75634991503658, 46.735388123471502 ], [ -72.749702430073484, 46.737855494599351 ], [ -72.743271066421585, 46.735130825802436 ], [ -72.743487724413924, 46.729939178399263 ], [ -72.750134493015238, 46.727472153328918 ] ] ] } },
{ "type": "Feature", "properties": { "hex_id": 648477, "centroid_lon": -72.74370432235672, "centroid_lat": 46.724747525491821, "occurrences_today": 4, "datetimes_today": "2026-06-23 02:16:25, 2026-06-23 02:31:45, 2026-06-23 02:46:16, 2026-06-23 03:01:30", "cumulative_total": 4.0 }, "geometry": { "type": "Polygon", "coordinates": [ [ [ -72.743920860270762, 46.719555867080345 ], [ -72.750350434676889, 46.722280474443977 ], [ -72.750134493015238, 46.727472153328918 ], [ -72.743487724413924, 46.729939178399263 ], [ -72.737057613794562, 46.727214178631115 ], [ -72.737274807968959, 46.722022546264277 ], [ -72.743920860270762, 46.719555867080345 ] ] ] } },
{ "type": "Feature", "properties": { "hex_id": 648478, "centroid_lon": -72.743054348358896, "centroid_lat": 46.740322467701112, "occurrences_today": 4, "datetimes_today": "2026-06-23 02:16:25, 2026-06-23 02:31:45, 2026-06-23 02:46:16, 2026-06-23 03:01:30", "cumulative_total": 4.0 }, "geometry": { "type": "Polygon", "coordinates": [ [ [ -72.743271066421585, 46.735130825802436 ], [ -72.749702430073484, 46.737855494599351 ], [ -72.749486308751898, 46.743047156984389 ], [ -72.742837570205054, 46.745514104095065 ], [ -72.736405669913623, 46.742789042679185 ], [ -72.736623044787748, 46.737597426838811 ], [ -72.743271066421585, 46.735130825802436 ] ] ] } },
{ "type": "Feature", "properties": { "hex_id": 649087, "centroid_lon": -72.737491941951816, "centroid_lat": 46.716830908389078, "occurrences_today": 4, "datetimes_today": "2026-06-23 02:16:25, 2026-06-23 02:31:45, 2026-06-23 02:46:16, 2026-06-23 03:01:30", "cumulative_total": 4.0 }, "geometry": { "type": "Polygon", "coordinates": [ [ [ -72.737709015763983, 46.711639265005758 ], [ -72.744137338176856, 46.714364203165061 ], [ -72.743920860270762, 46.719555867080345 ], [ -72.737274807968959, 46.722022546264277 ], [ -72.730845949831107, 46.719297215750359 ], [ -72.731063679699218, 46.714105598474255 ], [ -72.737709015763983, 46.711639265005758 ] ] ] } },
{ "type": "Feature", "properties": { "hex_id": 649088, "centroid_lon": -72.736840359407765, "centroid_lat": 46.732405805489378, "occurrences_today": 4, "datetimes_today": "2026-06-23 02:16:25, 2026-06-23 02:31:45, 2026-06-23 02:46:16, 2026-06-23 03:01:30", "cumulative_total": 4.0 }, "geometry": { "type": "Polygon", "coordinates": [ [ [ -72.737057613794562, 46.727214178631115 ], [ -72.743487724413924, 46.729939178399263 ], [ -72.743271066421585, 46.735130825802436 ], [ -72.736623044787748, 46.737597426838811 ], [ -72.730192398017621, 46.734872034501642 ], [ -72.730410309011219, 46.729680433764287 ], [ -72.737057613794562, 46.727214178631115 ] ] ] } },
{ "type": "Feature", "properties": { "hex_id": 649697, "centroid_lon": -72.731281349233953, "centroid_lat": 46.708913975685697, "occurrences_today": 4, "datetimes_today": "2026-06-23 02:16:25, 2026-06-23 02:31:45, 2026-06-23 02:46:16, 2026-06-23 03:01:30", "cumulative_total": 4.0 }, "geometry": { "type": "Polygon", "coordinates": [ [ [ -72.731498958456228, 46.703722347384911 ], [ -72.737926029426291, 46.706447616114531 ], [ -72.737709015763983, 46.711639265005758 ], [ -72.731063679699218, 46.714105598474255 ], [ -72.724636073492107, 46.711379937439943 ], [ -72.724854338565933, 46.706188335308923 ], [ -72.731498958456228, 46.703722347384911 ] ] ] } },
{ "type": "Feature", "properties": { "hex_id": 649698, "centroid_lon": -72.730628159608742, "centroid_lat": 46.724488827513774, "occurrences_today": 4, "datetimes_today": "2026-06-23 02:16:25, 2026-06-23 02:31:45, 2026-06-23 02:46:16, 2026-06-23 03:01:30", "cumulative_total": 4.0 }, "geometry": { "type": "Polygon", "coordinates": [ [ [ -72.730845949831107, 46.719297215750359 ], [ -72.737274807968959, 46.722022546264277 ], [ -72.737057613794562, 46.727214178631115 ], [ -72.730410309011219, 46.729680433764287 ], [ -72.723980915211015, 46.726954710731341 ], [ -72.724199361835588, 46.721763125151384 ], [ -72.730845949831107, 46.719297215750359 ] ] ] } },
{ "type": "Feature", "properties": { "hex_id": 649699, "centroid_lon": -72.729974426607029, "centroid_lat": 46.740063629725626, "occurrences_today": 4, "datetimes_today": "2026-06-23 02:16:25, 2026-06-23 02:31:45, 2026-06-23 02:46:16, 2026-06-23 03:01:30", "cumulative_total": 4.0 }, "geometry": { "type": "Polygon", "coordinates": [ [ [ -72.730192398017621, 46.734872034501642 ], [ -72.736623044787748, 46.737597426838811 ], [ -72.736405669913623, 46.742789042679185 ], [ -72.729756394758496, 46.745255219435968 ], [ -72.723325211900303, 46.742529434365267 ], [ -72.723543840264369, 46.737337865338517 ], [ -72.730192398017621, 46.734872034501642 ] ] ] } },
{ "type": "Feature", "properties": { "hex_id": 650307, "centroid_lon": -72.725072543164757, "centroid_lat": 46.700996727661327, "occurrences_today": 4, "datetimes_today": "2026-06-23 02:16:25, 2026-06-23 02:31:45, 2026-06-23 02:46:16, 2026-06-23 03:01:30", "cumulative_total": 4.0 }, "geometry": { "type": "Polygon", "coordinates": [ [ [ -72.725290687309482, 46.695805114497425 ], [ -72.731716507386906, 46.698530713572119 ], [ -72.731498958456228, 46.703722347384911 ], [ -72.724854338565933, 46.706188335308923 ], [ -72.718427983739019, 46.703462343979531 ], [ -72.718646783530971, 46.698270757047887 ], [ -72.725290687309482, 46.695805114497425 ] ] ] } },
{ "type": "Feature", "properties": { "hex_id": 650308, "centroid_lon": -72.724417747922303, "centroid_lat": 46.716571534054182, "occurrences_today": 4, "datetimes_today": "2026-06-23 02:16:25, 2026-06-23 02:31:45, 2026-06-23 02:46:16, 2026-06-23 03:01:30", "cumulative_total": 4.0 }, "geometry": { "type": "Polygon", "coordinates": [ [ [ -72.724636073492107, 46.711379937439943 ], [ -72.731063679699218, 46.714105598474255 ], [ -72.730845949831107, 46.719297215750359 ], [ -72.724199361835588, 46.721763125151384 ], [ -72.717771220454196, 46.719037071648046 ], [ -72.717990202221642, 46.713845501279849 ], [ -72.724636073492107, 46.711379937439943 ] ] ] } },
{ "type": "Feature", "properties": { "hex_id": 650309, "centroid_lon": -72.723762408027596, "centroid_lat": 46.732146290793793, "occurrences_today": 4, "datetimes_today": "2026-06-23 02:16:25, 2026-06-23 02:31:45, 2026-06-23 02:46:16, 2026-06-23 03:01:30", "cumulative_total": 4.0 }, "geometry": { "type": "Polygon", "coordinates": [ [ [ -72.723980915211015, 46.726954710731341 ], [ -72.730410309011219, 46.729680433764287 ], [ -72.730192398017621, 46.734872034501642 ], [ -72.723543840264369, 46.737337865338517 ], [ -72.71711391086464, 46.734611749622054 ], [ -72.717333074796713, 46.729420195819387 ], [ -72.723980915211015, 46.726954710731341 ] ] ] } },
{ "type": "Feature", "properties": { "hex_id": 650918, "centroid_lon": -72.718209123309563, "centroid_lat": 46.708653925390259, "occurrences_today": 4, "datetimes_today": "2026-06-23 02:16:25, 2026-06-23 02:31:45, 2026-06-23 02:46:16, 2026-06-23 03:01:30", "cumulative_total": 4.0 }, "geometry": { "type": "Polygon", "coordinates": [ [ [ -72.718427983739019, 46.703462343979531 ], [ -72.724854338565933, 46.706188335308923 ], [ -72.724636073492107, 46.711379937439943 ], [ -72.717990202221642, 46.713845501279849 ], [ -72.711563312708108, 46.711119117531432 ], [ -72.711782829130655, 46.705927562429231 ], [ -72.718427983739019, 46.703462343979531 ] ] ] } },
{ "type": "Feature", "properties": { "hex_id": 650919, "centroid_lon": -72.717552177986221, "centroid_lat": 46.724228636494644, "occurrences_today": 4, "datetimes_today": "2026-06-23 02:16:25, 2026-06-23 02:31:45, 2026-06-23 02:46:16, 2026-06-23 03:01:30", "cumulative_total": 4.0 }, "geometry": { "type": "Polygon", "coordinates": [ [ [ -72.717771220454196, 46.719037071648046 ], [ -72.724199361835588, 46.721763125151384 ], [ -72.723980915211015, 46.726954710731341 ], [ -72.717333074796713, 46.729420195819387 ], [ -72.710904398303981, 46.726693749682632 ], [ -72.711124097315832, 46.721502211158359 ], [ -72.717771220454196, 46.719037071648046 ] ] ] } },
{ "type": "Feature", "properties": { "hex_id": 651528, "centroid_lon": -72.712002284732236, "centroid_lat": 46.700736001801538, "occurrences_today": 4, "datetimes_today": "2026-06-23 02:16:25, 2026-06-23 02:31:45, 2026-06-23 02:46:16, 2026-06-23 03:01:30", "cumulative_total": 4.0 }, "geometry": { "type": "Polygon", "coordinates": [ [ [ -72.712221679533883, 46.695544435648578 ], [ -72.718646783530971, 46.698270757047887 ], [ -72.718427983739019, 46.703462343979531 ], [ -72.711782829130655, 46.705927562429231 ], [ -72.705357190934308, 46.703200848660991 ], [ -72.70557724152458, 46.698009308879037 ], [ -72.712221679533883, 46.695544435648578 ] ] ] } },
{ "type": "Feature", "properties": { "hex_id": 651529, "centroid_lon": -72.711343735443521, "centroid_lat": 46.716310667107891, "occurrences_today": 4, "datetimes_today": "2026-06-23 02:16:25, 2026-06-23 02:31:45, 2026-06-23 02:46:16, 2026-06-23 03:01:30", "cumulative_total": 4.0 }, "geometry": { "type": "Polygon", "coordinates": [ [ [ -72.711563312708108, 46.711119117531432 ], [ -72.717990202221642, 46.713845501279849 ], [ -72.717771220454196, 46.719037071648046 ], [ -72.711124097315832, 46.721502211158359 ], [ -72.704696673178816, 46.718775434826604 ], [ -72.704916906782557, 46.713583911635006 ], [ -72.711563312708108, 46.711119117531432 ] ] ] } },
{ "type": "Feature", "properties": { "hex_id": 651530, "centroid_lon": -72.710684638386866, "centroid_lat": 46.731885282680437, "occurrences_today": 4, "datetimes_today": "2026-06-23 02:16:25, 2026-06-23 02:31:45, 2026-06-23 02:46:16, 2026-06-23 03:01:30", "cumulative_total": 4.0 }, "geometry": { "type": "Polygon", "coordinates": [ [ [ -72.710904398303981, 46.726693749682632 ], [ -72.717333074796713, 46.729420195819387 ], [ -72.71711391086464, 46.734611749622054 ], [ -72.710464817543368, 46.737076810151542 ], [ -72.70403560600252, 46.734349971216901 ], [ -72.704256022809943, 46.72915846461779 ], [ -72.710904398303981, 46.726693749682632 ] ] ] } },
{ "type": "Feature", "properties": { "hex_id": 652138, "centroid_lon": -72.705797231152559, "centroid_lat": 46.692817763567454, "occurrences_today": 4, "datetimes_today": "2026-06-23 02:16:25, 2026-06-23 02:31:45, 2026-06-23 02:46:16, 2026-06-23 03:01:30", "cumulative_total": 4.0 }, "geometry": { "type": "Polygon", "coordinates": [ [ [ -72.706017159839362, 46.687626212726471 ], [ -72.712441013556671, 46.690352863970595 ], [ -72.712221679533883, 46.695544435648578 ], [ -72.70557724152458, 46.698009308879037 ], [ -72.699152854094962, 46.695282265316052 ], [ -72.699373438365882, 46.690090740908545 ], [ -72.706017159839362, 46.687626212726471 ] ] ] } },
{ "type": "Feature", "properties": { "hex_id": 652139, "centroid_lon": -72.705137079360682, "centroid_lat": 46.708392382913054, "occurrences_today": 4, "datetimes_today": "2026-06-23 02:16:25, 2026-06-23 02:31:45, 2026-06-23 02:46:16, 2026-06-23 03:01:30", "cumulative_total": 4.0 }, "geometry": { "type": "Polygon", "coordinates": [ [ [ -72.705357190934308, 46.703200848660991 ], [ -72.711782829130655, 46.705927562429231 ], [ -72.711563312708108, 46.711119117531432 ], [ -72.704916906782557, 46.713583911635006 ], [ -72.698490734450175, 46.710856805333535 ], [ -72.698711502158275, 46.705665297528782 ], [ -72.705357190934308, 46.703200848660991 ] ] ] } },
{ "type": "Feature", "properties": { "hex_id": 652140, "centroid_lon": -72.704476378528312, "centroid_lat": 46.723966952487622, "occurrences_today": 4, "datetimes_today": "2026-06-23 02:16:25, 2026-06-23 02:31:45, 2026-06-23 02:46:16, 2026-06-23 03:01:30", "cumulative_total": 4.0 }, "geometry": { "type": "Polygon", "coordinates": [ [ [ -72.704696673178816, 46.718775434826604 ], [ -72.711124097315832, 46.721502211158359 ], [ -72.710904398303981, 46.726693749682632 ], [ -72.704256022809943, 46.72915846461779 ], [ -72.697828064112741, 46.72643129553834 ], [ -72.698049015448603, 46.721239804338538 ], [ -72.704696673178816, 46.718775434826604 ] ] ] } },
{ "type": "Feature", "properties": { "hex_id": 652748, "centroid_lon": -72.699593961533381, "centroid_lat": 46.684899210967259, "occurrences_today": 4, "datetimes_today": "2026-06-23 02:16:25, 2026-06-23 02:31:45, 2026-06-23 02:46:16, 2026-06-23 03:01:30", "cumulative_total": 4.0 }, "geometry": { "type": "Polygon", "coordinates": [ [ [ -72.699814423618605, 46.67970767549243 ], [ -72.706237027606051, 46.682434656356357 ], [ -72.706017159839362, 46.687626212726471 ], [ -72.699373438365882, 46.690090740908545 ], [ -72.692950301152763, 46.687363367775852 ], [ -72.693171418617666, 46.68217185879692 ], [ -72.699814423618605, 46.67970767549243 ] ] ] } },
{ "type": "Feature", "properties": { "hex_id": 652749, "centroid_lon": -72.698932208699489, "centroid_lat": 46.700473784189541, "occurrences_today": 4, "datetimes_today": "2026-06-23 02:16:25, 2026-06-23 02:31:45, 2026-06-23 02:46:16, 2026-06-23 03:01:30", "cumulative_total": 4.0 }, "geometry": { "type": "Polygon", "coordinates": [ [ [ -72.699152854094962, 46.695282265316052 ], [ -72.70557724152458, 46.698009308879037 ], [ -72.705357190934308, 46.703200848660991 ], [ -72.698711502158275, 46.705665297528782 ], [ -72.692286581079728, 46.702937861482724 ], [ -72.69250788240501, 46.697746369119002 ], [ -72.699152854094962, 46.695282265316052 ] ] ] } },
{ "type": "Feature", "properties": { "hex_id": 652750, "centroid_lon": -72.698269905554014, "centroid_lat": 46.716048307603522, "occurrences_today": 4, "datetimes_today": "2026-06-23 02:16:25, 2026-06-23 02:31:45, 2026-06-23 02:46:16, 2026-06-23 03:01:30", "cumulative_total": 4.0 }, "geometry": { "type": "Polygon", "coordinates": [ [ [ -72.698490734450175, 46.710856805333535 ], [ -72.704916906782557, 46.713583911635006 ], [ -72.704696673178816, 46.718775434826604 ], [ -72.698049015448603, 46.721239804338538 ], [ -72.691622309043666, 46.718512305339537 ], [ -72.691843794420308, 46.713320829593229 ], [ -72.698490734450175, 46.710856805333535 ] ] ] } },
{ "type": "Feature", "properties": { "hex_id": 653358, "centroid_lon": -72.693392474838163, "centroid_lat": 46.67698034428004, "occurrences_today": 4, "datetimes_today": "2026-06-23 02:16:25, 2026-06-23 02:31:45, 2026-06-23 02:46:16, 2026-06-23 03:01:30", "cumulative_total": 4.0 }, "geometry": { "type": "Polygon", "coordinates": [ [ [ -72.693613469835455, 46.671788824225487 ], [ -72.700034824642685, 46.6745161344843 ], [ -72.699814423618605, 46.67970767549243 ], [ -72.693171418617666, 46.68217185879692 ], [ -72.686749531071015, 46.679444156319477 ], [ -72.68697118124355, 46.674252662823186 ], [ -72.693613469835455, 46.671788824225487 ] ] ] } },
{ "type": "Feature", "properties": { "hex_id": 653359, "centroid_lon": -72.692729122422278, "centroid_lat": 46.692554871216643, "occurrences_today": 4, "datetimes_today": "2026-06-23 02:16:25, 2026-06-23 02:31:45, 2026-06-23 02:46:16, 2026-06-23 03:01:30", "cumulative_total": 4.0 }, "geometry": { "type": "Polygon", "coordinates": [ [ [ -72.692950301152763, 46.687363367775852 ], [ -72.699373438365882, 46.690090740908545 ], [ -72.699152854094962, 46.695282265316052 ], [ -72.69250788240501, 46.697746369119002 ], [ -72.686084212029712, 46.695018603553414 ], [ -72.686306046485342, 46.68982712668484 ], [ -72.692950301152763, 46.687363367775852 ] ] ] } },
{ "type": "Feature", "properties": { "hex_id": 653360, "centroid_lon": -72.692065218425242, "centroid_lat": 46.708129348307551, "occurrences_today": 4, "datetimes_today": "2026-06-23 02:16:25, 2026-06-23 02:31:45, 2026-06-23 02:46:16, 2026-06-23 03:01:30", "cumulative_total": 4.0 }, "geometry": { "type": "Polygon", "coordinates": [ [ [ -72.692286581079728, 46.702937861482724 ], [ -72.698711502158275, 46.705665297528782 ], [ -72.698490734450175, 46.710856805333535 ], [ -72.691843794420308, 46.713320829593229 ], [ -72.685418339756438, 46.710593000899841 ], [ -72.685640358686541, 46.705401540661157 ], [ -72.692286581079728, 46.702937861482724 ] ] ] } },
{ "type": "Feature", "properties": { "hex_id": 653361, "centroid_lon": -72.691400762274071, "centroid_lat": 46.72370377554622, "occurrences_today": 4, "datetimes_today": "2026-06-23 02:16:25, 2026-06-23 02:31:45, 2026-06-23 02:46:16, 2026-06-23 03:01:30", "cumulative_total": 4.0 }, "geometry": { "type": "Polygon", "coordinates": [ [ [ -72.691622309043666, 46.718512305339537 ], [ -72.698049015448603, 46.721239804338538 ], [ -72.697828064112741, 46.72643129553834 ], [ -72.691179154090278, 46.728895240213042 ], [ -72.684751913676465, 46.726167348352178 ], [ -72.684974117272702, 46.720975904745586 ], [ -72.691622309043666, 46.718512305339537 ] ] ] } },
{ "type": "Feature", "properties": { "hex_id": 653966, "centroid_lon": -72.688521014853322, "centroid_lat": 46.637912053184614, "occurrences_today": 4, "datetimes_today": "2026-06-23 02:16:25, 2026-06-23 02:31:45, 2026-06-23 02:46:16, 2026-06-23 03:01:30", "cumulative_total": 4.0 }, "geometry": { "type": "Polygon", "coordinates": [ [ [ -72.688742174537893, 46.632720515358528 ], [ -72.695158722343436, 46.635448028808923 ], [ -72.694938155316464, 46.640639587620456 ], [ -72.68829979393189, 46.643103585470328 ], [ -72.681882714716195, 46.640375680279547 ], [ -72.682104528274053, 46.635184169046191 ], [ -72.688742174537893, 46.632720515358528 ] ] ] } },
{ "type": "Feature", "properties": { "hex_id": 653970, "centroid_lon": -72.685862316103879, "centroid_lat": 46.700210074878939, "occurrences_today": 4, "datetimes_today": "2026-06-23 02:16:25, 2026-06-23 02:31:45, 2026-06-23 02:46:16, 2026-06-23 03:01:30", "cumulative_total": 4.0 }, "geometry": { "type": "Polygon", "coordinates": [ [ [ -72.686084212029712, 46.695018603553414 ], [ -72.69250788240501, 46.697746369119002 ], [ -72.692286581079728, 46.702937861482724 ], [ -72.685640358686541, 46.705401540661157 ], [ -72.679216155212814, 46.702673382498489 ], [ -72.679438707209428, 46.697481937821514 ], [ -72.686084212029712, 46.695018603553414 ] ] ] } },
{ "type": "Feature", "properties": { "hex_id": 653971, "centroid_lon": -72.685196259292269, "centroid_lat": 46.715784455594736, "occurrences_today": 4, "datetimes_today": "2026-06-23 02:16:25, 2026-06-23 02:31:45, 2026-06-23 02:46:16, 2026-06-23 03:01:30", "cumulative_total": 4.0 }, "geometry": { "type": "Polygon", "coordinates": [ [ [ -72.685418339756438, 46.710593000899841 ], [ -72.691843794420308, 46.713320829593229 ], [ -72.691622309043666, 46.718512305339537 ], [ -72.684974117272702, 46.720975904745586 ], [ -72.678548129087361, 46.718247683240619 ], [ -72.678770866173139, 46.713056255208286 ], [ -72.685418339756438, 46.710593000899841 ] ] ] } },
{ "type": "Feature", "properties": { "hex_id": 654579, "centroid_lon": -72.680328298872226, "centroid_lat": 46.67671610363891, "occurrences_today": 4, "datetimes_today": "2026-06-23 02:16:25, 2026-06-23 02:31:45, 2026-06-23 02:46:16, 2026-06-23 03:01:30", "cumulative_total": 4.0 }, "geometry": { "type": "Polygon", "coordinates": [ [ [ -72.680550542813592, 46.671524631225815 ], [ -72.68697118124355, 46.674252662823186 ], [ -72.686749531071015, 46.679444156319477 ], [ -72.680105993362446, 46.681907570505281 ], [ -72.673684822742743, 46.679179146575422 ], [ -72.673907722000052, 46.67398770085925 ], [ -72.680550542813592, 46.671524631225815 ] ] ] } },
{ "type": "Feature", "properties": { "hex_id": 654580, "centroid_lon": -72.679661197552349, "centroid_lat": 46.692290487596821, "occurrences_today": 4, "datetimes_today": "2026-06-23 02:16:25, 2026-06-23 02:31:45, 2026-06-23 02:46:16, 2026-06-23 03:01:30", "cumulative_total": 4.0 }, "geometry": { "type": "Polygon", "coordinates": [ [ [ -72.679883626262907, 46.687099031824673 ], [ -72.686306046485342, 46.68982712668484 ], [ -72.686084212029712, 46.695018603553414 ], [ -72.679438707209428, 46.697481937821514 ], [ -72.673015754375086, 46.694753450414524 ], [ -72.673238838951633, 46.689562021353318 ], [ -72.679883626262907, 46.687099031824673 ] ] ] } },
{ "type": "Feature", "properties": { "hex_id": 654581, "centroid_lon": -72.678993541541161, "centroid_lat": 46.707864821627496, "occurrences_today": 4, "datetimes_today": "2026-06-23 02:16:25, 2026-06-23 02:31:45, 2026-06-23 02:46:16, 2026-06-23 03:01:30", "cumulative_total": 4.0 }, "geometry": { "type": "Polygon", "coordinates": [ [ [ -72.679216155212814, 46.702673382498489 ], [ -72.685640358686541, 46.705401540661157 ], [ -72.685418339756438, 46.710593000899841 ], [ -72.678770866173139, 46.713056255208286 ], [ -72.672346129664916, 46.71032770428431 ], [ -72.672569399753129, 46.705136291880279 ], [ -72.679216155212814, 46.702673382498489 ] ] ] } },
{ "type": "Feature", "properties": { "hex_id": 655187, "centroid_lon": -72.675466289545923, "centroid_lat": 46.637647425427502, "occurrences_today": 4, "datetimes_today": "2026-06-23 02:16:25, 2026-06-23 02:31:45, 2026-06-23 02:46:16, 2026-06-23 03:01:30", "cumulative_total": 4.0 }, "geometry": { "type": "Polygon", "coordinates": [ [ [ -72.675688695557469, 46.632455935309032 ], [ -72.682104528274053, 46.635184169046191 ], [ -72.681882714716195, 46.640375680279547 ], [ -72.675243821953217, 46.642838909996591 ], [ -72.668827458374764, 46.640110284405374 ], [ -72.669050518399871, 46.63491882101809 ], [ -72.675688695557469, 46.632455935309032 ] ] ] } },
{ "type": "Feature", "properties": { "hex_id": 655188, "centroid_lon": -72.674798701939181, "centroid_lat": 46.653221862485466, "occurrences_today": 4, "datetimes_today": "2026-06-23 02:16:25, 2026-06-23 02:31:45, 2026-06-23 02:46:16, 2026-06-23 03:01:30", "cumulative_total": 4.0 }, "geometry": { "type": "Polygon", "coordinates": [ [ [ -72.675021292758061, 46.648030389015972 ], [ -72.681438903320355, 46.650758686110983 ], [ -72.681216905439939, 46.655950180708558 ], [ -72.674576049475263, 46.658413330404777 ], [ -72.668157907630189, 46.655684641241699 ], [ -72.668381153011282, 46.650493194517431 ], [ -72.675021292758061, 46.648030389015972 ] ] ] } },
{ "type": "Feature", "properties": { "hex_id": 655190, "centroid_lon": -72.673461861733713, "centroid_lat": 46.684370586740194, "occurrences_today": 4, "datetimes_today": "2026-06-23 02:16:25, 2026-06-23 02:31:45, 2026-06-23 02:46:16, 2026-06-23 03:01:30", "cumulative_total": 4.0 }, "geometry": { "type": "Polygon", "coordinates": [ [ [ -72.673684822742743, 46.679179146575422 ], [ -72.680105993362446, 46.681907570505281 ], [ -72.679883626262907, 46.687099031824673 ], [ -72.673238838951633, 46.689562021353318 ], [ -72.666817136206177, 46.686833204926906 ], [ -72.667040752876403, 46.681641791535426 ], [ -72.673684822742743, 46.679179146575422 ] ] ] } },
{ "type": "Feature", "properties": { "hex_id": 655191, "centroid_lon": -72.672792607982728, "centroid_lat": 46.699944873923599, "occurrences_today": 4, "datetimes_today": "2026-06-23 02:16:25, 2026-06-23 02:31:45, 2026-06-23 02:46:16, 2026-06-23 03:01:30", "cumulative_total": 4.0 }, "geometry": { "type": "Polygon", "coordinates": [ [ [ -72.673015754375086, 46.694753450414524 ], [ -72.679438707209428, 46.697481937821514 ], [ -72.679216155212814, 46.702673382498489 ], [ -72.672569399753129, 46.705136291880279 ], [ -72.666145914370972, 46.70240741176233 ], [ -72.666369716974913, 46.697216015040595 ], [ -72.673015754375086, 46.694753450414524 ] ] ] } },
{ "type": "Feature", "properties": { "hex_id": 655797, "centroid_lon": -72.669273516682324, "centroid_lat": 46.629727352076962, "occurrences_today": 4, "datetimes_today": "2026-06-23 02:16:25, 2026-06-23 02:31:45, 2026-06-23 02:46:16, 2026-06-23 03:01:30", "cumulative_total": 4.0 }, "geometry": { "type": "Polygon", "coordinates": [ [ [ -72.669496453243482, 46.624535877582204 ], [ -72.675911040009112, 46.627264439641351 ], [ -72.675688695557469, 46.632455935309032 ], [ -72.669050518399871, 46.63491882101809 ], [ -72.662635401256708, 46.632189867155105 ], [ -72.662858991627346, 46.626998419453784 ], [ -72.669496453243482, 46.624535877582204 ] ] ] } },
{ "type": "Feature", "properties": { "hex_id": 655798, "centroid_lon": -72.668604336585688, "centroid_lat": 46.645301742238573, "occurrences_today": 4, "datetimes_today": "2026-06-23 02:16:25, 2026-06-23 02:31:45, 2026-06-23 02:46:16, 2026-06-23 03:01:30", "cumulative_total": 4.0 }, "geometry": { "type": "Polygon", "coordinates": [ [ [ -72.668827458374764, 46.640110284405374 ], [ -72.675243821953217, 46.642838909996591 ], [ -72.675021292758061, 46.648030389015972 ], [ -72.668381153011282, 46.650493194517431 ], [ -72.661964258634882, 46.647764176908382 ], [ -72.662188034781863, 46.642572745882653 ], [ -72.668827458374764, 46.640110284405374 ] ] ] } },
{ "type": "Feature", "properties": { "hex_id": 655799, "centroid_lon": -72.667934600421063, "centroid_lat": 46.660876082411122, "occurrences_today": 4, "datetimes_today": "2026-06-23 02:16:25, 2026-06-23 02:31:45, 2026-06-23 02:46:16, 2026-06-23 03:01:30", "cumulative_total": 4.0 }, "geometry": { "type": "Polygon", "coordinates": [ [ [ -72.668157907630189, 46.655684641241699 ], [ -72.674576049475263, 46.658413330404777 ], [ -72.674353335344975, 46.663604792773683 ], [ -72.667711231362517, 46.666067518025457 ], [ -72.66129255829874, 46.663338436630404 ], [ -72.66151652041475, 46.658147022282506 ], [ -72.668157907630189, 46.655684641241699 ] ] ] } },
{ "type": "Feature", "properties": { "hex_id": 655800, "centroid_lon": -72.667264307611589, "centroid_lat": 46.676450372587844, "occurrences_today": 4, "datetimes_today": "2026-06-23 02:16:25, 2026-06-23 02:31:45, 2026-06-23 02:46:16, 2026-06-23 03:01:30", "cumulative_total": 4.0 }, "geometry": { "type": "Polygon", "coordinates": [ [ [ -72.66748780043315, 46.671258948084443 ], [ -72.673907722000052, 46.67398770085925 ], [ -72.673684822742743, 46.679179146575422 ], [ -72.667040752876403, 46.681641791535426 ], [ -72.660620299669574, 46.678912646314402 ], [ -72.660844447947611, 46.673721248646601 ], [ -72.66748780043315, 46.671258948084443 ] ] ] } },
{ "type": "Feature", "properties": { "hex_id": 655801, "centroid_lon": -72.666593457579495, "centroid_lat": 46.69202461276204, "occurrences_today": 4, "datetimes_today": "2026-06-23 02:16:25, 2026-06-23 02:31:45, 2026-06-23 02:46:16, 2026-06-23 03:01:30", "cumulative_total": 4.0 }, "geometry": { "type": "Polygon", "coordinates": [ [ [ -72.666817136206177, 46.686833204926906 ], [ -72.673238838951633, 46.689562021353318 ], [ -72.673015754375086, 46.694753450414524 ], [ -72.666369716974913, 46.697216015040595 ], [ -72.659947482167951, 46.694486805953574 ], [ -72.660171816801238, 46.68929542496813 ], [ -72.666817136206177, 46.686833204926906 ] ] ] } },
{ "type": "Feature", "properties": { "hex_id": 656409, "centroid_lon": -72.661740420519649, "centroid_lat": 46.65295560237508, "occurrences_today": 4, "datetimes_today": "2026-06-23 02:16:25, 2026-06-23 02:31:45, 2026-06-23 02:46:16, 2026-06-23 03:01:30", "cumulative_total": 4.0 }, "geometry": { "type": "Polygon", "coordinates": [ [ [ -72.661964258634882, 46.647764176908382 ], [ -72.668381153011282, 46.650493194517431 ], [ -72.668157907630189, 46.655684641241699 ], [ -72.66151652041475, 46.658147022282506 ], [ -72.655099095304593, 46.655417612491789 ], [ -72.655323588122229, 46.650226213908851 ], [ -72.661964258634882, 46.647764176908382 ] ] ] } },
{ "type": "Feature", "properties": { "hex_id": 656410, "centroid_lon": -72.661068534150161, "centroid_lat": 46.668529845418512, "occurrences_today": 4, "datetimes_today": "2026-06-23 02:16:25, 2026-06-23 02:31:45, 2026-06-23 02:46:16, 2026-06-23 03:01:30", "cumulative_total": 4.0 }, "geometry": { "type": "Polygon", "coordinates": [ [ [ -72.66129255829874, 46.663338436630404 ], [ -72.667711231362517, 46.666067518025457 ], [ -72.66748780043315, 46.671258948084443 ], [ -72.660844447947611, 46.673721248646601 ], [ -72.654425243729335, 46.670991774855644 ], [ -72.654649923129639, 46.665800392965437 ], [ -72.66129255829874, 46.663338436630404 ] ] ] } },
{ "type": "Feature", "properties": { "hex_id": 656411, "centroid_lon": -72.660396089294622, "centroid_lat": 46.684104038421651, "occurrences_today": 4, "datetimes_today": "2026-06-23 02:16:25, 2026-06-23 02:31:45, 2026-06-23 02:46:16, 2026-06-23 03:01:30", "cumulative_total": 4.0 }, "geometry": { "type": "Polygon", "coordinates": [ [ [ -72.660620299669574, 46.678912646314402 ], [ -72.667040752876403, 46.681641791535426 ], [ -72.666817136206177, 46.686833204926906 ], [ -72.660171816801238, 46.68929542496813 ], [ -72.653750832018829, 46.686565887136858 ], [ -72.653975698195453, 46.681374521941621 ], [ -72.660620299669574, 46.678912646314402 ] ] ] } },
{ "type": "Feature", "properties": { "hex_id": 657020, "centroid_lon": -72.654874540314225, "centroid_lat": 46.660609005510729, "occurrences_today": 4, "datetimes_today": "2026-06-23 02:16:25, 2026-06-23 02:31:45, 2026-06-23 02:46:16, 2026-06-23 03:01:30", "cumulative_total": 4.0 }, "geometry": { "type": "Polygon", "coordinates": [ [ [ -72.655099095304593, 46.655417612491789 ], [ -72.66151652041475, 46.658147022282506 ], [ -72.66129255829874, 46.663338436630404 ], [ -72.654649923129639, 46.665800392965437 ], [ -72.648231967350128, 46.663070590829179 ], [ -72.648457177387542, 46.657879224770376 ], [ -72.655099095304593, 46.655417612491789 ] ] ] } },
{ "type": "Feature", "properties": { "hex_id": 657021, "centroid_lon": -72.654200502091797, "centroid_lat": 46.676183151181121, "occurrences_today": 4, "datetimes_today": "2026-06-23 02:16:25, 2026-06-23 02:31:45, 2026-06-23 02:46:16, 2026-06-23 03:01:30", "cumulative_total": 4.0 }, "geometry": { "type": "Polygon", "coordinates": [ [ [ -72.654425243729335, 46.670991774855644 ], [ -72.660844447947611, 46.673721248646601 ], [ -72.660620299669574, 46.678912646314402 ], [ -72.653975698195453, 46.681374521941621 ], [ -72.647555962887211, 46.678644655590823 ], [ -72.647781360121527, 46.673453306239651 ], [ -72.654425243729335, 46.670991774855644 ] ] ] } },
{ "type": "Feature", "properties": { "hex_id": 657630, "centroid_lon": -72.648682325069146, "centroid_lat": 46.652687853142886, "occurrences_today": 4, "datetimes_today": "2026-06-23 02:16:25, 2026-06-23 02:31:45, 2026-06-23 02:46:16, 2026-06-23 03:01:30", "cumulative_total": 4.0 }, "geometry": { "type": "Polygon", "coordinates": [ [ [ -72.648907410416456, 46.647496475946944 ], [ -72.655323588122229, 46.650226213908851 ], [ -72.655099095304593, 46.655417612491789 ], [ -72.648457177387542, 46.657879224770376 ], [ -72.642040469497147, 46.655149094513312 ], [ -72.642266209686881, 46.649957744339744 ], [ -72.648907410416456, 46.647496475946944 ] ] ] } },
{ "type": "Feature", "properties": { "hex_id": 657631, "centroid_lon": -72.64800669493529, "centroid_lat": 46.66826195131901, "occurrences_today": 4, "datetimes_today": "2026-06-23 02:16:25, 2026-06-23 02:31:45, 2026-06-23 02:46:16, 2026-06-23 03:01:30", "cumulative_total": 4.0 }, "geometry": { "type": "Polygon", "coordinates": [ [ [ -72.648231967350128, 46.663070590829179 ], [ -72.654649923129639, 46.665800392965437 ], [ -72.654425243729335, 46.670991774855644 ], [ -72.647781360121527, 46.673453306239651 ], [ -72.641362873737236, 46.670723111593958 ], [ -72.641588801543946, 46.665531778140682 ], [ -72.648231967350128, 46.663070590829179 ] ] ] } },
{ "type": "Feature", "properties": { "hex_id": 658240, "centroid_lon": -72.642491887380856, "centroid_lat": 46.644766388593261, "occurrences_today": 4, "datetimes_today": "2026-06-23 02:16:25, 2026-06-23 02:31:45, 2026-06-23 02:46:16, 2026-06-23 03:01:30", "cumulative_total": 4.0 }, "geometry": { "type": "Polygon", "coordinates": [ [ [ -72.642717502600647, 46.639575027274105 ], [ -72.649132433451044, 46.642305093182827 ], [ -72.648907410416456, 46.647496475946944 ], [ -72.642266209686881, 46.649957744339744 ], [ -72.635850749136239, 46.6472272861863 ], [ -72.636077018993831, 46.642035951951712 ], [ -72.642717502600647, 46.639575027274105 ] ] ] } },
{ "type": "Feature", "properties": { "hex_id": 658241, "centroid_lon": -72.64181466679004, "centroid_lat": 46.660340439113725, "occurrences_today": 4, "datetimes_today": "2026-06-23 02:16:25, 2026-06-23 02:31:45, 2026-06-23 02:46:16, 2026-06-23 03:01:30", "cumulative_total": 4.0 }, "geometry": { "type": "Polygon", "coordinates": [ [ [ -72.642040469497147, 46.655149094513312 ], [ -72.648457177387542, 46.657879224770376 ], [ -72.648231967350128, 46.663070590829179 ], [ -72.641588801543946, 46.665531778140682 ], [ -72.63517156353366, 46.662801255424668 ], [ -72.635398021427818, 46.657609937923034 ], [ -72.642040469497147, 46.655149094513312 ] ] ] } },
{ "type": "Feature", "properties": { "hex_id": 658850, "centroid_lon": -72.636303226215887, "centroid_lat": 46.636844612139967, "occurrences_today": 4, "datetimes_today": "2026-06-23 02:16:25, 2026-06-23 02:31:45, 2026-06-23 02:46:16, 2026-06-23 03:01:30", "cumulative_total": 4.0 }, "geometry": { "type": "Polygon", "coordinates": [ [ [ -72.636529370824007, 46.631653266751364 ], [ -72.642943055367837, 46.634383660382568 ], [ -72.642717502600647, 46.639575027274105 ], [ -72.636077018993831, 46.642035951951712 ], [ -72.629662805233792, 46.639305166126213 ], [ -72.629889604275135, 46.634113847884294 ], [ -72.636529370824007, 46.631653266751364 ] ] ] } },
{ "type": "Feature", "properties": { "hex_id": 658851, "centroid_lon": -72.635624416621454, "centroid_lat": 46.652418614843498, "occurrences_today": 4, "datetimes_today": "2026-06-23 02:16:25, 2026-06-23 02:31:45, 2026-06-23 02:46:16, 2026-06-23 03:01:30", "cumulative_total": 4.0 }, "geometry": { "type": "Polygon", "coordinates": [ [ [ -72.635850749136239, 46.6472272861863 ], [ -72.642266209686881, 46.649957744339744 ], [ -72.642040469497147, 46.655149094513312 ], [ -72.635398021427818, 46.657609937923034 ], [ -72.628982031241804, 46.654879087361095 ], [ -72.629209018738834, 46.649687785864863 ], [ -72.635850749136239, 46.6472272861863 ] ] ] } },
{ "type": "Feature", "properties": { "hex_id": 658852, "centroid_lon": -72.634945042917309, "centroid_lat": 46.667992567348094, "occurrences_today": 4, "datetimes_today": "2026-06-23 02:16:25, 2026-06-23 02:31:45, 2026-06-23 02:46:16, 2026-06-23 03:01:30", "cumulative_total": 4.0 }, "geometry": { "type": "Polygon", "coordinates": [ [ [ -72.63517156353366, 46.662801255424668 ], [ -72.641588801543946, 46.665531778140682 ], [ -72.641362873737236, 46.670723111593958 ], [ -72.634718459557064, 46.673183873693098 ], [ -72.628300691491873, 46.67045295835424 ], [ -72.628527867640059, 46.665261673606047 ], [ -72.63517156353366, 46.662801255424668 ] ] ] } },
{ "type": "Feature", "properties": { "hex_id": 658855, "centroid_lon": -72.632903531288889, "centroid_lat": 46.714714123598668, "occurrences_today": 4, "datetimes_today": "2026-06-23 02:16:25, 2026-06-23 02:31:45, 2026-06-23 02:46:16, 2026-06-23 03:01:30", "cumulative_total": 4.0 }, "geometry": { "type": "Polygon", "coordinates": [ [ [ -72.633130617382321, 46.709522861890413 ], [ -72.639553196503101, 46.71225357853681 ], [ -72.639326704676023, 46.717444861815395 ], [ -72.632676382255895, 46.719905379726185 ], [ -72.626253271819209, 46.717174269813192 ], [ -72.6264810150968, 46.71198303532308 ], [ -72.633130617382321, 46.709522861890413 ] ] ] } },
{ "type": "Feature", "properties": { "hex_id": 659461, "centroid_lon": -72.629435943395592, "centroid_lat": 46.644496478786486, "occurrences_today": 4, "datetimes_today": "2026-06-23 02:16:25, 2026-06-23 02:31:45, 2026-06-23 02:46:16, 2026-06-23 03:01:30", "cumulative_total": 4.0 }, "geometry": { "type": "Polygon", "coordinates": [ [ [ -72.629662805233792, 46.639305166126213 ], [ -72.636077018993831, 46.642035951951712 ], [ -72.635850749136239, 46.6472272861863 ], [ -72.629209018738834, 46.649687785864863 ], [ -72.622794275827587, 46.646956607681368 ], [ -72.623021792443254, 46.641765322244218 ], [ -72.629662805233792, 46.639305166126213 ] ] ] } },
{ "type": "Feature", "properties": { "hex_id": 660072, "centroid_lon": -72.622566696210313, "centroid_lat": 46.652147887531868, "occurrences_today": 4, "datetimes_today": "2026-06-23 02:16:25, 2026-06-23 02:31:45, 2026-06-23 02:46:16, 2026-06-23 03:01:30", "cumulative_total": 4.0 }, "geometry": { "type": "Polygon", "coordinates": [ [ [ -72.622794275827587, 46.646956607681368 ], [ -72.629209018738834, 46.649687785864863 ], [ -72.628982031241804, 46.654879087361095 ], [ -72.622339053569632, 46.657339161795434 ], [ -72.61592378157242, 46.654607591090219 ], [ -72.61615201631156, 46.649416338539304 ], [ -72.622794275827587, 46.646956607681368 ] ] ] } },
{ "type": "Feature", "properties": { "hex_id": 660076, "centroid_lon": -72.619830818739658, "centroid_lat": 46.714442809882939, "occurrences_today": 4, "datetimes_today": "2026-06-23 02:16:25, 2026-06-23 02:31:45, 2026-06-23 02:46:16, 2026-06-23 03:01:30", "cumulative_total": 4.0 }, "geometry": { "type": "Polygon", "coordinates": [ [ [ -72.620059156077929, 46.709251597092802 ], [ -72.6264810150968, 46.71198303532308 ], [ -72.626253271819209, 46.717174269813192 ], [ -72.619602418115861, 46.719634017083017 ], [ -72.613180028332806, 46.716902185472698 ], [ -72.613409022995384, 46.711711000039642 ], [ -72.620059156077929, 46.709251597092802 ] ] ] } },
{ "type": "Feature", "properties": { "hex_id": 660686, "centroid_lon": -72.613637954210432, "centroid_lat": 46.706519809012001, "occurrences_today": 4, "datetimes_today": "2026-06-23 02:16:25, 2026-06-23 02:31:45, 2026-06-23 02:46:16, 2026-06-23 03:01:30", "cumulative_total": 4.0 }, "geometry": { "type": "Polygon", "coordinates": [ [ [ -72.613866821999906, 46.701328612389993 ], [ -72.620287430152572, 46.704060378712832 ], [ -72.620059156077929, 46.709251597092802 ], [ -72.613409022995384, 46.711711000039642 ], [ -72.606987884564418, 46.708978840387488 ], [ -72.607217409472355, 46.703787671184848 ], [ -72.613866821999906, 46.701328612389993 ] ] ] } },
{ "type": "Feature", "properties": { "hex_id": 661293, "centroid_lon": -72.609509164869323, "centroid_lat": 46.651875671263227, "occurrences_today": 4, "datetimes_today": "2026-06-23 02:16:25, 2026-06-23 02:31:45, 2026-06-23 02:46:16, 2026-06-23 03:01:30", "cumulative_total": 4.0 }, "geometry": { "type": "Polygon", "coordinates": [ [ [ -72.609737991523772, 46.64668444048737 ], [ -72.61615201631156, 46.649416338539304 ], [ -72.61592378157242, 46.654607591090219 ], [ -72.609280274846981, 46.657066896442842 ], [ -72.602865721522747, 46.654334605756091 ], [ -72.6030952034385, 46.649143402418453 ], [ -72.609737991523772, 46.64668444048737 ] ] ] } },
{ "type": "Feature", "properties": { "hex_id": 661296, "centroid_lon": -72.607446870792856, "centroid_lat": 46.698596496383303, "occurrences_today": 4, "datetimes_today": "2026-06-23 02:16:25, 2026-06-23 02:31:45, 2026-06-23 02:46:16, 2026-06-23 03:01:30", "cumulative_total": 4.0 }, "geometry": { "type": "Polygon", "coordinates": [ [ [ -72.60767626854792, 46.693405315983163 ], [ -72.614095626385762, 46.696137410173925 ], [ -72.613866821999906, 46.701328612389993 ], [ -72.607217409472355, 46.703787671184848 ], [ -72.600797521841741, 46.701055183715553 ], [ -72.601027576509438, 46.695864030796962 ], [ -72.60767626854792, 46.693405315983163 ] ] ] } },
{ "type": "Feature", "properties": { "hex_id": 661297, "centroid_lon": -72.606758296047033, "centroid_lat": 46.714170003990972, "occurrences_today": 4, "datetimes_today": "2026-06-23 02:16:25, 2026-06-23 02:31:45, 2026-06-23 02:46:16, 2026-06-23 03:01:30", "cumulative_total": 4.0 }, "geometry": { "type": "Polygon", "coordinates": [ [ [ -72.606987884564418, 46.708978840387488 ], [ -72.613409022995384, 46.711711000039642 ], [ -72.613180028332806, 46.716902185472698 ], [ -72.606528643898173, 46.719361161995046 ], [ -72.600106975254889, 46.716628608849526 ], [ -72.600337221236543, 46.711437472742091 ], [ -72.606987884564418, 46.708978840387488 ] ] ] } },
{ "type": "Feature", "properties": { "hex_id": 661907, "centroid_lon": -72.60056740342479, "centroid_lat": 46.706246331030684, "occurrences_today": 4, "datetimes_today": "2026-06-23 02:16:25, 2026-06-23 02:31:45, 2026-06-23 02:46:16, 2026-06-23 03:01:30", "cumulative_total": 4.0 }, "geometry": { "type": "Polygon", "coordinates": [ [ [ -72.600797521841741, 46.701055183715553 ], [ -72.607217409472355, 46.703787671184848 ], [ -72.606987884564418, 46.708978840387488 ], [ -72.600337221236543, 46.711437472742091 ], [ -72.593916803879253, 46.708704591830255 ], [ -72.594147579554459, 46.703513472073404 ], [ -72.600797521841741, 46.701055183715553 ] ] ] } },
{ "type": "Feature", "properties": { "hex_id": 662517, "centroid_lon": -72.59437829129655, "centroid_lat": 46.698322346708245, "occurrences_today": 4, "datetimes_today": "2026-06-23 02:16:25, 2026-06-23 02:31:45, 2026-06-23 02:46:16, 2026-06-23 03:01:30", "cumulative_total": 4.0 }, "geometry": { "type": "Polygon", "coordinates": [ [ [ -72.594608939127667, 46.693131215735086 ], [ -72.601027576509438, 46.695864030796962 ], [ -72.600797521841741, 46.701055183715553 ], [ -72.594147579554459, 46.703513472073404 ], [ -72.587728412931298, 46.700780263619848 ], [ -72.587959717814684, 46.695589160267133 ], [ -72.594608939127667, 46.693131215735086 ] ] ] } },
{ "type": "Feature", "properties": { "hex_id": 662518, "centroid_lon": -72.59368596424882, "centroid_lat": 46.713895705978558, "occurrences_today": 4, "datetimes_today": "2026-06-23 02:16:25, 2026-06-23 02:31:45, 2026-06-23 02:46:16, 2026-06-23 03:01:30", "cumulative_total": 4.0 }, "geometry": { "type": "Polygon", "coordinates": [ [ [ -72.593916803879253, 46.708704591830255 ], [ -72.600337221236543, 46.711437472742091 ], [ -72.600106975254889, 46.716628608849526 ], [ -72.593455060641006, 46.719086814518022 ], [ -72.587034113623389, 46.716353539999616 ], [ -72.587265610857841, 46.711162453486352 ], [ -72.593916803879253, 46.708704591830255 ] ] ] } },
{ "type": "Feature", "properties": { "hex_id": 663127, "centroid_lon": -72.588190958625404, "centroid_lat": 46.690398051301827, "occurrences_today": 4, "datetimes_today": "2026-06-23 02:16:25, 2026-06-23 02:31:45, 2026-06-23 02:46:16, 2026-06-23 03:01:30", "cumulative_total": 4.0 }, "geometry": { "type": "Polygon", "coordinates": [ [ [ -72.588422135385656, 46.685206936724185 ], [ -72.594839523069908, 46.687940079154167 ], [ -72.594608939127667, 46.693131215735086 ], [ -72.587959717814684, 46.695589160267133 ], [ -72.581541801374016, 46.692855624496367 ], [ -72.581773634980564, 46.687664537601343 ], [ -72.588422135385656, 46.685206936724185 ] ] ] } },
{ "type": "Feature", "properties": { "hex_id": 663128, "centroid_lon": -72.587497043953078, "centroid_lat": 46.70597136135968, "occurrences_today": 4, "datetimes_today": "2026-06-23 02:16:25, 2026-06-23 02:31:45, 2026-06-23 02:46:16, 2026-06-23 03:01:30", "cumulative_total": 4.0 }, "geometry": { "type": "Polygon", "coordinates": [ [ [ -72.587728412931298, 46.700780263619848 ], [ -72.594147579554459, 46.703513472073404 ], [ -72.593916803879253, 46.708704591830255 ], [ -72.587265610857841, 46.711162453486352 ], [ -72.580845915059783, 46.708428851477137 ], [ -72.581077941435851, 46.703237781434531 ], [ -72.587728412931298, 46.700780263619848 ] ] ] } },
{ "type": "Feature", "properties": { "hex_id": 663129, "centroid_lon": -72.58680255222751, "centroid_lat": 46.721544620899174, "occurrences_today": 4, "datetimes_today": "2026-06-23 02:16:25, 2026-06-23 02:31:45, 2026-06-23 02:46:16, 2026-06-23 03:01:30", "cumulative_total": 4.0 }, "geometry": { "type": "Polygon", "coordinates": [ [ [ -72.587034113623389, 46.716353539999616 ], [ -72.593455060641006, 46.719086814518022 ], [ -72.593224093033655, 46.724277917448397 ], [ -72.586570926647994, 46.726735696184811 ], [ -72.580149450036586, 46.724002027895786 ], [ -72.580381669382419, 46.718810974708035 ], [ -72.587034113623389, 46.716353539999616 ] ] ] } },
{ "type": "Feature", "properties": { "hex_id": 663737, "centroid_lon": -72.582005404375096, "centroid_lat": 46.682473445089386, "occurrences_today": 4, "datetimes_today": "2026-06-23 02:16:25, 2026-06-23 02:31:45, 2026-06-23 02:46:16, 2026-06-23 03:01:30", "cumulative_total": 4.0 }, "geometry": { "type": "Polygon", "coordinates": [ [ [ -72.582237109579751, 46.67728234696078 ], [ -72.588653248117538, 46.680015816534478 ], [ -72.588422135385656, 46.685206936724185 ], [ -72.581773634980564, 46.687664537601343 ], [ -72.575356968170965, 46.684930674737743 ], [ -72.575589330016044, 46.679739604353891 ], [ -72.582237109579751, 46.67728234696078 ] ] ] } },
{ "type": "Feature", "properties": { "hex_id": 663738, "centroid_lon": -72.581309903533182, "centroid_lat": 46.698046705774168, "occurrences_today": 4, "datetimes_today": "2026-06-23 02:16:25, 2026-06-23 02:31:45, 2026-06-23 02:46:16, 2026-06-23 03:01:30", "cumulative_total": 4.0 }, "geometry": { "type": "Polygon", "coordinates": [ [ [ -72.581541801374016, 46.692855624496367 ], [ -72.587959717814684, 46.695589160267133 ], [ -72.587728412931298, 46.700780263619848 ], [ -72.581077941435851, 46.703237781434531 ], [ -72.574659496305358, 46.700503852159052 ], [ -72.574892051337898, 46.695312798640593 ], [ -72.581541801374016, 46.692855624496367 ] ] ] } },
{ "type": "Feature", "properties": { "hex_id": 663739, "centroid_lon": -72.580613824382738, "centroid_lat": 46.713619915901731, "occurrences_today": 4, "datetimes_today": "2026-06-23 02:16:25, 2026-06-23 02:31:45, 2026-06-23 02:46:16, 2026-06-23 03:01:30", "cumulative_total": 4.0 }, "geometry": { "type": "Polygon", "coordinates": [ [ [ -72.580845915059783, 46.708428851477137 ], [ -72.587265610857841, 46.711162453486352 ], [ -72.587034113623389, 46.716353539999616 ], [ -72.580381669382419, 46.718810974708035 ], [ -72.57396144447614, 46.716076978979174 ], [ -72.574194192896798, 46.710885942328609 ], [ -72.580845915059783, 46.708428851477137 ] ] ] } },
{ "type": "Feature", "properties": { "hex_id": 664347, "centroid_lon": -72.575821627509839, "centroid_lat": 46.674548528348765, "occurrences_today": 4, "datetimes_today": "2026-06-23 02:16:25, 2026-06-23 02:31:45, 2026-06-23 02:46:16, 2026-06-23 03:01:30", "cumulative_total": 4.0 }, "geometry": { "type": "Polygon", "coordinates": [ [ [ -72.57605386067462, 46.669357446722657 ], [ -72.582468750616755, 46.672091243215789 ], [ -72.582237109579751, 46.67728234696078 ], [ -72.575589330016044, 46.679739604353891 ], [ -72.569173912286303, 46.677005414621789 ], [ -72.569406801885606, 46.671814360802529 ], [ -72.57605386067462, 46.669357446722657 ] ] ] } },
{ "type": "Feature", "properties": { "hex_id": 664955, "centroid_lon": -72.571035224598646, "centroid_lat": 46.635476826566475, "occurrences_today": 4, "datetimes_today": "2026-06-23 02:16:25, 2026-06-23 02:31:45, 2026-06-23 02:46:16, 2026-06-23 03:01:30", "cumulative_total": 4.0 }, "geometry": { "type": "Polygon", "coordinates": [ [ [ -72.571267598898771, 46.63028572775017 ], [ -72.577677693481903, 46.633019717975422 ], [ -72.577445909998232, 46.638210838940736 ], [ -72.570802785963991, 46.64066791975911 ], [ -72.564392164910032, 46.637933536774916 ], [ -72.564625194338916, 46.632742465798167 ], [ -72.571267598898771, 46.63028572775017 ] ] ] } },
{ "type": "Feature", "properties": { "hex_id": 664957, "centroid_lon": -72.569639626994558, "centroid_lat": 46.66662330135766, "occurrences_today": 4, "datetimes_today": "2026-06-23 02:16:25, 2026-06-23 02:31:45, 2026-06-23 02:46:16, 2026-06-23 03:01:30", "cumulative_total": 4.0 }, "geometry": { "type": "Polygon", "coordinates": [ [ [ -72.569872387635456, 46.661432236287489 ], [ -72.576286029532596, 46.664166359475857 ], [ -72.57605386067462, 46.669357446722657 ], [ -72.569406801885606, 46.671814360802529 ], [ -72.562992632684754, 46.669079844426143 ], [ -72.563226049554345, 46.663888807224872 ], [ -72.569872387635456, 46.661432236287489 ] ] ] } },
{ "type": "Feature", "properties": { "hex_id": 664958, "centroid_lon": -72.568940958174338, "centroid_lat": 46.68219646281517, "occurrences_today": 4, "datetimes_today": "2026-06-23 02:16:25, 2026-06-23 02:31:45, 2026-06-23 02:46:16, 2026-06-23 03:01:30", "cumulative_total": 4.0 }, "geometry": { "type": "Polygon", "coordinates": [ [ [ -72.569173912286303, 46.677005414621789 ], [ -72.575589330016044, 46.679739604353891 ], [ -72.575356968170965, 46.684930674737743 ], [ -72.5687079395274, 46.687387505382446 ], [ -72.562291994076901, 46.684652922247601 ], [ -72.5625256049684, 46.679461901937806 ], [ -72.569173912286303, 46.677005414621789 ] ] ] } },
{ "type": "Feature", "properties": { "hex_id": 665567, "centroid_lon": -72.563459401794674, "centroid_lat": 46.658697764393651, "occurrences_today": 4, "datetimes_today": "2026-06-23 02:16:25, 2026-06-23 02:31:45, 2026-06-23 02:46:16, 2026-06-23 03:01:30", "cumulative_total": 4.0 }, "geometry": { "type": "Polygon", "coordinates": [ [ [ -72.563692689428095, 46.653506715932757 ], [ -72.570105083830583, 46.656241165592263 ], [ -72.569872387635456, 46.661432236287489 ], [ -72.563226049554345, 46.663888807224872 ], [ -72.556813128331655, 46.66115396442833 ], [ -72.557047071987938, 46.655962943898366 ], [ -72.563692689428095, 46.653506715932757 ] ] ] } },
{ "type": "Feature", "properties": { "hex_id": 666177, "centroid_lon": -72.557280950876233, "centroid_lat": 46.650771917734112, "occurrences_today": 4, "datetimes_today": "2026-06-23 02:16:25, 2026-06-23 02:31:45, 2026-06-23 02:46:16, 2026-06-23 03:01:30", "cumulative_total": 4.0 }, "geometry": { "type": "Polygon", "coordinates": [ [ [ -72.557514765018908, 46.645580885935843 ], [ -72.563925912476918, 46.648315661842481 ], [ -72.563692689428095, 46.653506715932757 ], [ -72.557047071987938, 46.655962943898366 ], [ -72.550635398192881, 46.653227774905709 ], [ -72.55086986815266, 46.648036771100351 ], [ -72.557514765018908, 46.645580885935843 ] ] ] } }
]
}
