{
"type": "FeatureCollection",
"name": "daily_2026-01-26",
"crs": { "type": "name", "properties": { "name": "urn:ogc:def:crs:OGC:1.3:CRS84" } },
"features": [
{ "type": "Feature", "properties": { "hex_id": 863985, "centroid_lon": -70.437533960658726, "centroid_lat": 46.679329726264818, "occurrences_today": 1, "datetimes_today": "2026-01-26 07:16:41", "cumulative_total": 29.0 }, "geometry": { "type": "Polygon", "coordinates": [ [ [ -70.437970782078011, 46.674150479883167 ], [ -70.444269096887837, 46.67700029827293 ], [ -70.443832833875305, 46.68217958753678 ], [ -70.437097018507245, 46.684508964789934 ], [ -70.430798266043681, 46.681658735380111 ], [ -70.431235766560306, 46.676479539803019 ], [ -70.437970782078011, 46.674150479883167 ] ] ] } },
{ "type": "Feature", "properties": { "hex_id": 368188, "centroid_lon": -75.732798174700719, "centroid_lat": 45.661245439660568, "occurrences_today": 34, "datetimes_today": "2026-01-26 00:02:15, 2026-01-26 00:16:52, 2026-01-26 00:31:49, 2026-01-26 00:46:53, 2026-01-26 00:48:34, 2026-01-26 01:01:39, 2026-01-26 01:16:45, 2026-01-26 01:32:06, 2026-01-26 01:46:54, 2026-01-26 01:56:41, 2026-01-26 02:01:47, 2026-01-26 02:17:07, 2026-01-26 02:32:15, 2026-01-26 02:40:41, 2026-01-26 02:46:51, 2026-01-26 03:01:58, 2026-01-26 03:16:49, 2026-01-26 03:32:04, 2026-01-26 03:46:51, 2026-01-26 03:51:28, 2026-01-26 04:01:47, 2026-01-26 04:17:20, 2026-01-26 04:32:16, 2026-01-26 04:47:13, 2026-01-26 04:49:28, 2026-01-26 05:01:43, 2026-01-26 05:16:43, 2026-01-26 05:32:07, 2026-01-26 05:46:14, 2026-01-26 05:46:52, 2026-01-26 06:01:43, 2026-01-26 06:16:45, 2026-01-26 06:32:11, 2026-01-26 06:33:55", "cumulative_total": 126.0 }, "geometry": { "type": "Polygon", "coordinates": [ [ [ -75.732730392951069, 45.656049202175112 ], [ -75.739181649951831, 45.65860597843438 ], [ -75.739250034541399, 45.663802206055799 ], [ -75.732865975000124, 45.666441672320381 ], [ -75.726414096606547, 45.663884546620196 ], [ -75.726346899153327, 45.658688304161281 ], [ -75.732730392951069, 45.656049202175112 ] ] ] } },
{ "type": "Feature", "properties": { "hex_id": 368798, "centroid_lon": -75.726279720084364, "centroid_lat": 45.653492056878079, "occurrences_today": 3, "datetimes_today": "2026-01-26 06:16:45, 2026-01-26 06:32:11, 2026-01-26 06:33:55", "cumulative_total": 16.0 }, "geometry": { "type": "Polygon", "coordinates": [ [ [ -75.726212559393488, 45.648295804770612 ], [ -75.732662629744922, 45.650852959864011 ], [ -75.732730392951069, 45.656049202175112 ], [ -75.726346899153327, 45.658688304161281 ], [ -75.71989620790545, 45.656130799654342 ], [ -75.719829631357939, 45.650934542639703 ], [ -75.726212559393488, 45.648295804770612 ] ] ] } },
{ "type": "Feature", "properties": { "hex_id": 368799, "centroid_lon": -75.726481312450247, "centroid_lat": 45.669080784254831, "occurrences_today": 34, "datetimes_today": "2026-01-26 00:02:15, 2026-01-26 00:16:52, 2026-01-26 00:31:49, 2026-01-26 00:46:53, 2026-01-26 00:48:34, 2026-01-26 01:01:39, 2026-01-26 01:16:45, 2026-01-26 01:32:06, 2026-01-26 01:46:54, 2026-01-26 01:56:41, 2026-01-26 02:01:47, 2026-01-26 02:17:07, 2026-01-26 02:32:15, 2026-01-26 02:40:41, 2026-01-26 02:46:51, 2026-01-26 03:01:58, 2026-01-26 03:16:49, 2026-01-26 03:32:04, 2026-01-26 03:46:51, 2026-01-26 03:51:28, 2026-01-26 04:01:47, 2026-01-26 04:17:20, 2026-01-26 04:32:16, 2026-01-26 04:47:13, 2026-01-26 04:49:28, 2026-01-26 05:01:43, 2026-01-26 05:16:43, 2026-01-26 05:32:07, 2026-01-26 05:46:14, 2026-01-26 05:46:52, 2026-01-26 06:01:43, 2026-01-26 06:16:45, 2026-01-26 06:32:11, 2026-01-26 06:33:55", "cumulative_total": 126.0 }, "geometry": { "type": "Polygon", "coordinates": [ [ [ -75.726414096606547, 45.663884546620196 ], [ -75.732865975000124, 45.666441672320381 ], [ -75.732933793855523, 45.671637900154579 ], [ -75.726548546690623, 45.674277017065187 ], [ -75.720096046885573, 45.671719541760673 ], [ -75.72002941566312, 45.666523299214823 ], [ -75.726414096606547, 45.663884546620196 ] ] ] } },
{ "type": "Feature", "properties": { "hex_id": 369409, "centroid_lon": -75.719962802671787, "centroid_lat": 45.661327051846058, "occurrences_today": 34, "datetimes_today": "2026-01-26 00:02:15, 2026-01-26 00:16:52, 2026-01-26 00:31:49, 2026-01-26 00:46:53, 2026-01-26 00:48:34, 2026-01-26 01:01:39, 2026-01-26 01:16:45, 2026-01-26 01:32:06, 2026-01-26 01:46:54, 2026-01-26 01:56:41, 2026-01-26 02:01:47, 2026-01-26 02:17:07, 2026-01-26 02:32:15, 2026-01-26 02:40:41, 2026-01-26 02:46:51, 2026-01-26 03:01:58, 2026-01-26 03:16:49, 2026-01-26 03:32:04, 2026-01-26 03:46:51, 2026-01-26 03:51:28, 2026-01-26 04:01:47, 2026-01-26 04:17:20, 2026-01-26 04:32:16, 2026-01-26 04:47:13, 2026-01-26 04:49:28, 2026-01-26 05:01:43, 2026-01-26 05:16:43, 2026-01-26 05:32:07, 2026-01-26 05:46:14, 2026-01-26 05:46:52, 2026-01-26 06:01:43, 2026-01-26 06:16:45, 2026-01-26 06:32:11, 2026-01-26 06:33:55", "cumulative_total": 126.0 }, "geometry": { "type": "Polygon", "coordinates": [ [ [ -75.71989620790545, 45.656130799654342 ], [ -75.726346899153327, 45.658688304161281 ], [ -75.726414096606547, 45.663884546620196 ], [ -75.72002941566312, 45.666523299214823 ], [ -75.713578103500311, 45.663965445130991 ], [ -75.713512093202013, 45.658769188094368 ], [ -75.71989620790545, 45.656130799654342 ] ] ] } },
{ "type": "Feature", "properties": { "hex_id": 370019, "centroid_lon": -75.713446100963253, "centroid_lat": 45.653572926236158, "occurrences_today": 34, "datetimes_today": "2026-01-26 00:02:15, 2026-01-26 00:16:52, 2026-01-26 00:31:49, 2026-01-26 00:46:53, 2026-01-26 00:48:34, 2026-01-26 01:01:39, 2026-01-26 01:16:45, 2026-01-26 01:32:06, 2026-01-26 01:46:54, 2026-01-26 01:56:41, 2026-01-26 02:01:47, 2026-01-26 02:17:07, 2026-01-26 02:32:15, 2026-01-26 02:40:41, 2026-01-26 02:46:51, 2026-01-26 03:01:58, 2026-01-26 03:16:49, 2026-01-26 03:32:04, 2026-01-26 03:46:51, 2026-01-26 03:51:28, 2026-01-26 04:01:47, 2026-01-26 04:17:20, 2026-01-26 04:32:16, 2026-01-26 04:47:13, 2026-01-26 04:49:28, 2026-01-26 05:01:43, 2026-01-26 05:16:43, 2026-01-26 05:32:07, 2026-01-26 05:46:14, 2026-01-26 05:46:52, 2026-01-26 06:01:43, 2026-01-26 06:16:45, 2026-01-26 06:32:11, 2026-01-26 06:33:55", "cumulative_total": 126.0 }, "geometry": { "type": "Polygon", "coordinates": [ [ [ -75.713380126777963, 45.648376659556348 ], [ -75.719829631357939, 45.650934542639703 ], [ -75.71989620790545, 45.656130799654342 ], [ -75.713512093202013, 45.658769188094368 ], [ -75.707061968203305, 45.656210955461589 ], [ -75.706996578332848, 45.651014684003144 ], [ -75.713380126777963, 45.648376659556348 ] ] ] } },
{ "type": "Feature", "properties": { "hex_id": 370020, "centroid_lon": -75.713644131864257, "centroid_lat": 45.669161697346006, "occurrences_today": 31, "datetimes_today": "2026-01-26 00:02:15, 2026-01-26 00:16:52, 2026-01-26 00:31:49, 2026-01-26 00:46:53, 2026-01-26 00:48:34, 2026-01-26 01:01:39, 2026-01-26 01:16:45, 2026-01-26 01:32:06, 2026-01-26 01:46:54, 2026-01-26 01:56:41, 2026-01-26 02:01:47, 2026-01-26 02:17:07, 2026-01-26 02:32:15, 2026-01-26 02:40:41, 2026-01-26 02:46:51, 2026-01-26 03:01:58, 2026-01-26 03:16:49, 2026-01-26 03:32:04, 2026-01-26 03:46:51, 2026-01-26 03:51:28, 2026-01-26 04:01:47, 2026-01-26 04:17:20, 2026-01-26 04:32:16, 2026-01-26 04:47:13, 2026-01-26 04:49:28, 2026-01-26 05:01:43, 2026-01-26 05:16:43, 2026-01-26 05:32:07, 2026-01-26 05:46:14, 2026-01-26 05:46:52, 2026-01-26 06:01:43", "cumulative_total": 123.0 }, "geometry": { "type": "Polygon", "coordinates": [ [ [ -75.713578103500311, 45.663965445130991 ], [ -75.72002941566312, 45.666523299214823 ], [ -75.720096046885573, 45.671719541760673 ], [ -75.713710178299905, 45.67435794473942 ], [ -75.707258245203818, 45.671799740915262 ], [ -75.707192801632758, 45.666603483917648 ], [ -75.713578103500311, 45.663965445130991 ] ] ] } },
{ "type": "Feature", "properties": { "hex_id": 370630, "centroid_lon": -75.707127375967929, "centroid_lat": 45.661407222099776, "occurrences_today": 34, "datetimes_today": "2026-01-26 00:02:15, 2026-01-26 00:16:52, 2026-01-26 00:31:49, 2026-01-26 00:46:53, 2026-01-26 00:48:34, 2026-01-26 01:01:39, 2026-01-26 01:16:45, 2026-01-26 01:32:06, 2026-01-26 01:46:54, 2026-01-26 01:56:41, 2026-01-26 02:01:47, 2026-01-26 02:17:07, 2026-01-26 02:32:15, 2026-01-26 02:40:41, 2026-01-26 02:46:51, 2026-01-26 03:01:58, 2026-01-26 03:16:49, 2026-01-26 03:32:04, 2026-01-26 03:46:51, 2026-01-26 03:51:28, 2026-01-26 04:01:47, 2026-01-26 04:17:20, 2026-01-26 04:32:16, 2026-01-26 04:47:13, 2026-01-26 04:49:28, 2026-01-26 05:01:43, 2026-01-26 05:16:43, 2026-01-26 05:32:07, 2026-01-26 05:46:14, 2026-01-26 05:46:52, 2026-01-26 06:01:43, 2026-01-26 06:16:45, 2026-01-26 06:32:11, 2026-01-26 06:33:55", "cumulative_total": 126.0 }, "geometry": { "type": "Polygon", "coordinates": [ [ [ -75.707061968203305, 45.656210955461589 ], [ -75.713512093202013, 45.658769188094368 ], [ -75.713578103500311, 45.663965445130991 ], [ -75.707192801632758, 45.666603483917648 ], [ -75.700742056197157, 45.66404490157209 ], [ -75.700677233072042, 45.658848630217591 ], [ -75.707061968203305, 45.656210955461589 ] ] ] } },
{ "type": "Feature", "properties": { "hex_id": 370631, "centroid_lon": -75.707323706687149, "centroid_lat": 45.676995993092589, "occurrences_today": 17, "datetimes_today": "2026-01-26 00:02:15, 2026-01-26 00:16:52, 2026-01-26 00:31:49, 2026-01-26 00:46:53, 2026-01-26 00:48:34, 2026-01-26 01:01:39, 2026-01-26 01:16:45, 2026-01-26 01:32:06, 2026-01-26 01:46:54, 2026-01-26 01:56:41, 2026-01-26 02:01:47, 2026-01-26 02:17:07, 2026-01-26 02:32:15, 2026-01-26 02:40:41, 2026-01-26 02:46:51, 2026-01-26 03:01:58, 2026-01-26 03:16:49", "cumulative_total": 109.0 }, "geometry": { "type": "Polygon", "coordinates": [ [ [ -75.707258245203818, 45.671799740915262 ], [ -75.713710178299905, 45.67435794473942 ], [ -75.713776242813395, 45.679554187311204 ], [ -75.70738918608879, 45.682192240449623 ], [ -75.700936632041206, 45.679633686721715 ], [ -75.700871755675749, 45.67443742982416 ], [ -75.707258245203818, 45.671799740915262 ] ] ] } },
{ "type": "Feature", "properties": { "hex_id": 371240, "centroid_lon": -75.700612427681762, "centroid_lat": 45.653652354044119, "occurrences_today": 34, "datetimes_today": "2026-01-26 00:02:15, 2026-01-26 00:16:52, 2026-01-26 00:31:49, 2026-01-26 00:46:53, 2026-01-26 00:48:34, 2026-01-26 01:01:39, 2026-01-26 01:16:45, 2026-01-26 01:32:06, 2026-01-26 01:46:54, 2026-01-26 01:56:41, 2026-01-26 02:01:47, 2026-01-26 02:17:07, 2026-01-26 02:32:15, 2026-01-26 02:40:41, 2026-01-26 02:46:51, 2026-01-26 03:01:58, 2026-01-26 03:16:49, 2026-01-26 03:32:04, 2026-01-26 03:46:51, 2026-01-26 03:51:28, 2026-01-26 04:01:47, 2026-01-26 04:17:20, 2026-01-26 04:32:16, 2026-01-26 04:47:13, 2026-01-26 04:49:28, 2026-01-26 05:01:43, 2026-01-26 05:16:43, 2026-01-26 05:32:07, 2026-01-26 05:46:14, 2026-01-26 05:46:52, 2026-01-26 06:01:43, 2026-01-26 06:16:45, 2026-01-26 06:32:11, 2026-01-26 06:33:55", "cumulative_total": 126.0 }, "geometry": { "type": "Polygon", "coordinates": [ [ [ -75.700547640020304, 45.648456073051676 ], [ -75.706996578332848, 45.651014684003144 ], [ -75.707061968203305, 45.656210955461589 ], [ -75.700677233072042, 45.658848630217591 ], [ -75.694227674818663, 45.656289669580921 ], [ -75.69416347164335, 45.651093383938402 ], [ -75.700547640020304, 45.648456073051676 ] ] ] } },
{ "type": "Feature", "properties": { "hex_id": 371241, "centroid_lon": -75.70080689706306, "centroid_lat": 45.669241168107597, "occurrences_today": 31, "datetimes_today": "2026-01-26 00:02:15, 2026-01-26 00:16:52, 2026-01-26 00:31:49, 2026-01-26 00:46:53, 2026-01-26 00:48:34, 2026-01-26 01:01:39, 2026-01-26 01:16:45, 2026-01-26 01:32:06, 2026-01-26 01:46:54, 2026-01-26 01:56:41, 2026-01-26 02:01:47, 2026-01-26 02:17:07, 2026-01-26 02:32:15, 2026-01-26 02:40:41, 2026-01-26 02:46:51, 2026-01-26 03:01:58, 2026-01-26 03:16:49, 2026-01-26 03:32:04, 2026-01-26 03:46:51, 2026-01-26 03:51:28, 2026-01-26 04:01:47, 2026-01-26 04:17:20, 2026-01-26 04:32:16, 2026-01-26 04:47:13, 2026-01-26 04:49:28, 2026-01-26 05:01:43, 2026-01-26 05:16:43, 2026-01-26 05:32:07, 2026-01-26 05:46:14, 2026-01-26 05:46:52, 2026-01-26 06:01:43", "cumulative_total": 123.0 }, "geometry": { "type": "Polygon", "coordinates": [ [ [ -75.700742056197157, 45.66404490157209 ], [ -75.707192801632758, 45.666603483917648 ], [ -75.707258245203818, 45.671799740915262 ], [ -75.700871755675749, 45.67443742982416 ], [ -75.694420389785236, 45.671878497602407 ], [ -75.694356133883673, 45.666682226412917 ], [ -75.700742056197157, 45.66404490157209 ] ] ] } },
{ "type": "Feature", "properties": { "hex_id": 371850, "centroid_lon": -75.694099286031602, "centroid_lat": 45.645897093478204, "occurrences_today": 34, "datetimes_today": "2026-01-26 00:02:15, 2026-01-26 00:16:52, 2026-01-26 00:31:49, 2026-01-26 00:46:53, 2026-01-26 00:48:34, 2026-01-26 01:01:39, 2026-01-26 01:16:45, 2026-01-26 01:32:06, 2026-01-26 01:46:54, 2026-01-26 01:56:41, 2026-01-26 02:01:47, 2026-01-26 02:17:07, 2026-01-26 02:32:15, 2026-01-26 02:40:41, 2026-01-26 02:46:51, 2026-01-26 03:01:58, 2026-01-26 03:16:49, 2026-01-26 03:32:04, 2026-01-26 03:46:51, 2026-01-26 03:51:28, 2026-01-26 04:01:47, 2026-01-26 04:17:20, 2026-01-26 04:32:16, 2026-01-26 04:47:13, 2026-01-26 04:49:28, 2026-01-26 05:01:43, 2026-01-26 05:16:43, 2026-01-26 05:32:07, 2026-01-26 05:46:14, 2026-01-26 05:46:52, 2026-01-26 06:01:43, 2026-01-26 06:16:45, 2026-01-26 06:32:11, 2026-01-26 06:33:55", "cumulative_total": 126.0 }, "geometry": { "type": "Polygon", "coordinates": [ [ [ -75.694035117977521, 45.640700798200321 ], [ -75.700482870081728, 45.643259787240268 ], [ -75.700547640020304, 45.648456073051676 ], [ -75.69416347164335, 45.651093383938402 ], [ -75.687715100094039, 45.648534045240851 ], [ -75.687651516372711, 45.6433377453791 ], [ -75.694035117977521, 45.640700798200321 ] ] ] } },
{ "type": "Feature", "properties": { "hex_id": 371851, "centroid_lon": -75.694291895563452, "centroid_lat": 45.661485950405762, "occurrences_today": 34, "datetimes_today": "2026-01-26 00:02:15, 2026-01-26 00:16:52, 2026-01-26 00:31:49, 2026-01-26 00:46:53, 2026-01-26 00:48:34, 2026-01-26 01:01:39, 2026-01-26 01:16:45, 2026-01-26 01:32:06, 2026-01-26 01:46:54, 2026-01-26 01:56:41, 2026-01-26 02:01:47, 2026-01-26 02:17:07, 2026-01-26 02:32:15, 2026-01-26 02:40:41, 2026-01-26 02:46:51, 2026-01-26 03:01:58, 2026-01-26 03:16:49, 2026-01-26 03:32:04, 2026-01-26 03:46:51, 2026-01-26 03:51:28, 2026-01-26 04:01:47, 2026-01-26 04:17:20, 2026-01-26 04:32:16, 2026-01-26 04:47:13, 2026-01-26 04:49:28, 2026-01-26 05:01:43, 2026-01-26 05:16:43, 2026-01-26 05:32:07, 2026-01-26 05:46:14, 2026-01-26 05:46:52, 2026-01-26 06:01:43, 2026-01-26 06:16:45, 2026-01-26 06:32:11, 2026-01-26 06:33:55", "cumulative_total": 126.0 }, "geometry": { "type": "Polygon", "coordinates": [ [ [ -75.694227674818663, 45.656289669580921 ], [ -75.700677233072042, 45.658848630217591 ], [ -75.700742056197157, 45.66404490157209 ], [ -75.694356133883673, 45.666682226412917 ], [ -75.68790595567161, 45.664122915927685 ], [ -75.687842319737626, 45.658926630515126 ], [ -75.694227674818663, 45.656289669580921 ] ] ] } },
{ "type": "Feature", "properties": { "hex_id": 371852, "centroid_lon": -75.694484663274068, "centroid_lat": 45.677074763974225, "occurrences_today": 17, "datetimes_today": "2026-01-26 00:02:15, 2026-01-26 00:16:52, 2026-01-26 00:31:49, 2026-01-26 00:46:53, 2026-01-26 00:48:34, 2026-01-26 01:01:39, 2026-01-26 01:16:45, 2026-01-26 01:32:06, 2026-01-26 01:46:54, 2026-01-26 01:56:41, 2026-01-26 02:01:47, 2026-01-26 02:17:07, 2026-01-26 02:32:15, 2026-01-26 02:40:41, 2026-01-26 02:46:51, 2026-01-26 03:01:58, 2026-01-26 03:16:49", "cumulative_total": 109.0 }, "geometry": { "type": "Polygon", "coordinates": [ [ [ -75.694420389785236, 45.671878497602407 ], [ -75.700871755675749, 45.67443742982416 ], [ -75.700936632041206, 45.679633686721715 ], [ -75.69454895435608, 45.682271025528344 ], [ -75.688096967992763, 45.679711743266992 ], [ -75.688033279793316, 45.674515472303618 ], [ -75.694420389785236, 45.671878497602407 ] ] ] } },
{ "type": "Feature", "properties": { "hex_id": 372461, "centroid_lon": -75.68777870121373, "centroid_lat": 45.653730340286188, "occurrences_today": 34, "datetimes_today": "2026-01-26 00:02:15, 2026-01-26 00:16:52, 2026-01-26 00:31:49, 2026-01-26 00:46:53, 2026-01-26 00:48:34, 2026-01-26 01:01:39, 2026-01-26 01:16:45, 2026-01-26 01:32:06, 2026-01-26 01:46:54, 2026-01-26 01:56:41, 2026-01-26 02:01:47, 2026-01-26 02:17:07, 2026-01-26 02:32:15, 2026-01-26 02:40:41, 2026-01-26 02:46:51, 2026-01-26 03:01:58, 2026-01-26 03:16:49, 2026-01-26 03:32:04, 2026-01-26 03:46:51, 2026-01-26 03:51:28, 2026-01-26 04:01:47, 2026-01-26 04:17:20, 2026-01-26 04:32:16, 2026-01-26 04:47:13, 2026-01-26 04:49:28, 2026-01-26 05:01:43, 2026-01-26 05:16:43, 2026-01-26 05:32:07, 2026-01-26 05:46:14, 2026-01-26 05:46:52, 2026-01-26 06:01:43, 2026-01-26 06:16:45, 2026-01-26 06:32:11, 2026-01-26 06:33:55", "cumulative_total": 126.0 }, "geometry": { "type": "Polygon", "coordinates": [ [ [ -75.687715100094039, 45.648534045240851 ], [ -75.69416347164335, 45.651093383938402 ], [ -75.694227674818663, 45.656289669580921 ], [ -75.687842319737626, 45.658926630515126 ], [ -75.681393328725548, 45.656366941996673 ], [ -75.681330312263128, 45.651170642429847 ], [ -75.687715100094039, 45.648534045240851 ] ] ] } },
{ "type": "Feature", "properties": { "hex_id": 372462, "centroid_lon": -75.68796960902155, "centroid_lat": 45.669319196523851, "occurrences_today": 31, "datetimes_today": "2026-01-26 00:02:15, 2026-01-26 00:16:52, 2026-01-26 00:31:49, 2026-01-26 00:46:53, 2026-01-26 00:48:34, 2026-01-26 01:01:39, 2026-01-26 01:16:45, 2026-01-26 01:32:06, 2026-01-26 01:46:54, 2026-01-26 01:56:41, 2026-01-26 02:01:47, 2026-01-26 02:17:07, 2026-01-26 02:32:15, 2026-01-26 02:40:41, 2026-01-26 02:46:51, 2026-01-26 03:01:58, 2026-01-26 03:16:49, 2026-01-26 03:32:04, 2026-01-26 03:46:51, 2026-01-26 03:51:28, 2026-01-26 04:01:47, 2026-01-26 04:17:20, 2026-01-26 04:32:16, 2026-01-26 04:47:13, 2026-01-26 04:49:28, 2026-01-26 05:01:43, 2026-01-26 05:16:43, 2026-01-26 05:32:07, 2026-01-26 05:46:14, 2026-01-26 05:46:52, 2026-01-26 06:01:43", "cumulative_total": 123.0 }, "geometry": { "type": "Polygon", "coordinates": [ [ [ -75.68790595567161, 45.664122915927685 ], [ -75.694356133883673, 45.666682226412917 ], [ -75.694420389785236, 45.671878497602407 ], [ -75.688033279793316, 45.674515472303618 ], [ -75.681582481604863, 45.671955811806441 ], [ -75.681519413390603, 45.66675952668497 ], [ -75.68790595567161, 45.664122915927685 ] ] ] } },
{ "type": "Feature", "properties": { "hex_id": 373071, "centroid_lon": -75.681267313039712, "centroid_lat": 45.645974338047886, "occurrences_today": 34, "datetimes_today": "2026-01-26 00:02:15, 2026-01-26 00:16:52, 2026-01-26 00:31:49, 2026-01-26 00:46:53, 2026-01-26 00:48:34, 2026-01-26 01:01:39, 2026-01-26 01:16:45, 2026-01-26 01:32:06, 2026-01-26 01:46:54, 2026-01-26 01:56:41, 2026-01-26 02:01:47, 2026-01-26 02:17:07, 2026-01-26 02:32:15, 2026-01-26 02:40:41, 2026-01-26 02:46:51, 2026-01-26 03:01:58, 2026-01-26 03:16:49, 2026-01-26 03:32:04, 2026-01-26 03:46:51, 2026-01-26 03:51:28, 2026-01-26 04:01:47, 2026-01-26 04:17:20, 2026-01-26 04:32:16, 2026-01-26 04:47:13, 2026-01-26 04:49:28, 2026-01-26 05:01:43, 2026-01-26 05:16:43, 2026-01-26 05:32:07, 2026-01-26 05:46:14, 2026-01-26 05:46:52, 2026-01-26 06:01:43, 2026-01-26 06:16:45, 2026-01-26 06:32:11, 2026-01-26 06:33:55", "cumulative_total": 126.0 }, "geometry": { "type": "Polygon", "coordinates": [ [ [ -75.681204331049486, 45.640778028850796 ], [ -75.687651516372711, 45.6433377453791 ], [ -75.687715100094039, 45.648534045240851 ], [ -75.681330312263128, 45.651170642429847 ], [ -75.674882507972711, 45.648610576108332 ], [ -75.674820110486195, 45.643414262455948 ], [ -75.681204331049486, 45.640778028850796 ] ] ] } },
{ "type": "Feature", "properties": { "hex_id": 373072, "centroid_lon": -75.681456362432755, "centroid_lat": 45.661563236748393, "occurrences_today": 34, "datetimes_today": "2026-01-26 00:02:15, 2026-01-26 00:16:52, 2026-01-26 00:31:49, 2026-01-26 00:46:53, 2026-01-26 00:48:34, 2026-01-26 01:01:39, 2026-01-26 01:16:45, 2026-01-26 01:32:06, 2026-01-26 01:46:54, 2026-01-26 01:56:41, 2026-01-26 02:01:47, 2026-01-26 02:17:07, 2026-01-26 02:32:15, 2026-01-26 02:40:41, 2026-01-26 02:46:51, 2026-01-26 03:01:58, 2026-01-26 03:16:49, 2026-01-26 03:32:04, 2026-01-26 03:46:51, 2026-01-26 03:51:28, 2026-01-26 04:01:47, 2026-01-26 04:17:20, 2026-01-26 04:32:16, 2026-01-26 04:47:13, 2026-01-26 04:49:28, 2026-01-26 05:01:43, 2026-01-26 05:16:43, 2026-01-26 05:32:07, 2026-01-26 05:46:14, 2026-01-26 05:46:52, 2026-01-26 06:01:43, 2026-01-26 06:16:45, 2026-01-26 06:32:11, 2026-01-26 06:33:55", "cumulative_total": 126.0 }, "geometry": { "type": "Polygon", "coordinates": [ [ [ -75.681393328725548, 45.656366941996673 ], [ -75.687842319737626, 45.658926630515126 ], [ -75.68790595567161, 45.664122915927685 ], [ -75.681519413390603, 45.66675952668497 ], [ -75.675069802898207, 45.66419948818227 ], [ -75.675007354172962, 45.659003188971475 ], [ -75.681393328725548, 45.656366941996673 ] ] ] } },
{ "type": "Feature", "properties": { "hex_id": 373073, "centroid_lon": -75.681645567081375, "centroid_lat": 45.677152092112792, "occurrences_today": 17, "datetimes_today": "2026-01-26 00:02:15, 2026-01-26 00:16:52, 2026-01-26 00:31:49, 2026-01-26 00:46:53, 2026-01-26 00:48:34, 2026-01-26 01:01:39, 2026-01-26 01:16:45, 2026-01-26 01:32:06, 2026-01-26 01:46:54, 2026-01-26 01:56:41, 2026-01-26 02:01:47, 2026-01-26 02:17:07, 2026-01-26 02:32:15, 2026-01-26 02:40:41, 2026-01-26 02:46:51, 2026-01-26 03:01:58, 2026-01-26 03:16:49", "cumulative_total": 109.0 }, "geometry": { "type": "Polygon", "coordinates": [ [ [ -75.681582481604863, 45.671955811806441 ], [ -75.688033279793316, 45.674515472303618 ], [ -75.688096967992763, 45.679711743266992 ], [ -75.681708669825966, 45.682348367604014 ], [ -75.6752572516436, 45.679788356931468 ], [ -75.675194751627771, 45.67459207216227 ], [ -75.681582481604863, 45.671955811806441 ] ] ] } },
{ "type": "Feature", "properties": { "hex_id": 373682, "centroid_lon": -75.674944922533044, "centroid_lat": 45.653806884946839, "occurrences_today": 34, "datetimes_today": "2026-01-26 00:02:15, 2026-01-26 00:16:52, 2026-01-26 00:31:49, 2026-01-26 00:46:53, 2026-01-26 00:48:34, 2026-01-26 01:01:39, 2026-01-26 01:16:45, 2026-01-26 01:32:06, 2026-01-26 01:46:54, 2026-01-26 01:56:41, 2026-01-26 02:01:47, 2026-01-26 02:17:07, 2026-01-26 02:32:15, 2026-01-26 02:40:41, 2026-01-26 02:46:51, 2026-01-26 03:01:58, 2026-01-26 03:16:49, 2026-01-26 03:32:04, 2026-01-26 03:46:51, 2026-01-26 03:51:28, 2026-01-26 04:01:47, 2026-01-26 04:17:20, 2026-01-26 04:32:16, 2026-01-26 04:47:13, 2026-01-26 04:49:28, 2026-01-26 05:01:43, 2026-01-26 05:16:43, 2026-01-26 05:32:07, 2026-01-26 05:46:14, 2026-01-26 05:46:52, 2026-01-26 06:01:43, 2026-01-26 06:16:45, 2026-01-26 06:32:11, 2026-01-26 06:33:55", "cumulative_total": 139.0 }, "geometry": { "type": "Polygon", "coordinates": [ [ [ -75.674882507972711, 45.648610576108332 ], [ -75.681330312263128, 45.651170642429847 ], [ -75.681393328725548, 45.656366941996673 ], [ -75.675007354172962, 45.659003188971475 ], [ -75.668558930898016, 45.656442772693481 ], [ -75.668497101165926, 45.651246459462094 ], [ -75.674882507972711, 45.648610576108332 ] ] ] } },
{ "type": "Feature", "properties": { "hex_id": 373683, "centroid_lon": -75.675132268714563, "centroid_lat": 45.669395782579194, "occurrences_today": 29, "datetimes_today": "2026-01-26 00:02:15, 2026-01-26 00:16:52, 2026-01-26 00:31:49, 2026-01-26 00:46:53, 2026-01-26 00:48:34, 2026-01-26 01:01:39, 2026-01-26 01:16:45, 2026-01-26 01:32:06, 2026-01-26 01:46:54, 2026-01-26 01:56:41, 2026-01-26 02:01:47, 2026-01-26 02:17:07, 2026-01-26 02:32:15, 2026-01-26 02:40:41, 2026-01-26 02:46:51, 2026-01-26 03:01:58, 2026-01-26 03:16:49, 2026-01-26 03:32:04, 2026-01-26 03:46:51, 2026-01-26 03:51:28, 2026-01-26 04:01:47, 2026-01-26 04:17:20, 2026-01-26 04:32:16, 2026-01-26 04:47:13, 2026-01-26 04:49:28, 2026-01-26 05:01:43, 2026-01-26 05:16:43, 2026-01-26 05:32:07, 2026-01-26 05:46:14", "cumulative_total": 121.0 }, "geometry": { "type": "Polygon", "coordinates": [ [ [ -75.675069802898207, 45.66419948818227 ], [ -75.681519413390603, 45.66675952668497 ], [ -75.681582481604863, 45.671955811806441 ], [ -75.675194751627771, 45.67459207216227 ], [ -75.668744521637734, 45.672031683511968 ], [ -75.6686826411282, 45.666835384718418 ], [ -75.675069802898207, 45.66419948818227 ] ] ] } },
{ "type": "Feature", "properties": { "hex_id": 373684, "centroid_lon": -75.675319768767835, "centroid_lat": 45.684984636886817, "occurrences_today": 17, "datetimes_today": "2026-01-26 00:02:15, 2026-01-26 00:16:52, 2026-01-26 00:31:49, 2026-01-26 00:46:53, 2026-01-26 00:48:34, 2026-01-26 01:01:39, 2026-01-26 01:16:45, 2026-01-26 01:32:06, 2026-01-26 01:46:54, 2026-01-26 01:56:41, 2026-01-26 02:01:47, 2026-01-26 02:17:07, 2026-01-26 02:32:15, 2026-01-26 02:40:41, 2026-01-26 02:46:51, 2026-01-26 03:01:58, 2026-01-26 03:16:49", "cumulative_total": 109.0 }, "geometry": { "type": "Polygon", "coordinates": [ [ [ -75.6752572516436, 45.679788356931468 ], [ -75.681708669825966, 45.682348367604014 ], [ -75.681771789844461, 45.687544638280123 ], [ -75.675382303006216, 45.690180912028303 ], [ -75.668930264812531, 45.687620551016956 ], [ -75.668868333474194, 45.682424266661236 ], [ -75.6752572516436, 45.679788356931468 ] ] ] } },
{ "type": "Feature", "properties": { "hex_id": 374292, "centroid_lon": -75.668435288348249, "centroid_lat": 45.646050141418101, "occurrences_today": 34, "datetimes_today": "2026-01-26 00:02:15, 2026-01-26 00:16:52, 2026-01-26 00:31:49, 2026-01-26 00:46:53, 2026-01-26 00:48:34, 2026-01-26 01:01:39, 2026-01-26 01:16:45, 2026-01-26 01:32:06, 2026-01-26 01:46:54, 2026-01-26 01:56:41, 2026-01-26 02:01:47, 2026-01-26 02:17:07, 2026-01-26 02:32:15, 2026-01-26 02:40:41, 2026-01-26 02:46:51, 2026-01-26 03:01:58, 2026-01-26 03:16:49, 2026-01-26 03:32:04, 2026-01-26 03:46:51, 2026-01-26 03:51:28, 2026-01-26 04:01:47, 2026-01-26 04:17:20, 2026-01-26 04:32:16, 2026-01-26 04:47:13, 2026-01-26 04:49:28, 2026-01-26 05:01:43, 2026-01-26 05:16:43, 2026-01-26 05:32:07, 2026-01-26 05:46:14, 2026-01-26 05:46:52, 2026-01-26 06:01:43, 2026-01-26 06:16:45, 2026-01-26 06:32:11, 2026-01-26 06:33:55", "cumulative_total": 139.0 }, "geometry": { "type": "Polygon", "coordinates": [ [ [ -75.668373492439287, 45.640853818561467 ], [ -75.674820110486195, 45.643414262455948 ], [ -75.674882507972711, 45.648610576108332 ], [ -75.668497101165926, 45.651246459462094 ], [ -75.662049864629893, 45.648685665638908 ], [ -75.661988653395468, 45.643489338455581 ], [ -75.668373492439287, 45.640853818561467 ] ] ] } },
{ "type": "Feature", "properties": { "hex_id": 374293, "centroid_lon": -75.668620777550203, "centroid_lat": 45.66163908111227, "occurrences_today": 34, "datetimes_today": "2026-01-26 00:02:15, 2026-01-26 00:16:52, 2026-01-26 00:31:49, 2026-01-26 00:46:53, 2026-01-26 00:48:34, 2026-01-26 01:01:39, 2026-01-26 01:16:45, 2026-01-26 01:32:06, 2026-01-26 01:46:54, 2026-01-26 01:56:41, 2026-01-26 02:01:47, 2026-01-26 02:17:07, 2026-01-26 02:32:15, 2026-01-26 02:40:41, 2026-01-26 02:46:51, 2026-01-26 03:01:58, 2026-01-26 03:16:49, 2026-01-26 03:32:04, 2026-01-26 03:46:51, 2026-01-26 03:51:28, 2026-01-26 04:01:47, 2026-01-26 04:17:20, 2026-01-26 04:32:16, 2026-01-26 04:47:13, 2026-01-26 04:49:28, 2026-01-26 05:01:43, 2026-01-26 05:16:43, 2026-01-26 05:32:07, 2026-01-26 05:46:14, 2026-01-26 05:46:52, 2026-01-26 06:01:43, 2026-01-26 06:16:45, 2026-01-26 06:32:11, 2026-01-26 06:33:55", "cumulative_total": 139.0 }, "geometry": { "type": "Polygon", "coordinates": [ [ [ -75.668558930898016, 45.656442772693481 ], [ -75.675007354172962, 45.659003188971475 ], [ -75.675069802898207, 45.66419948818227 ], [ -75.6686826411282, 45.666835384718418 ], [ -75.662233598851529, 45.664274618320604 ], [ -75.662172337352288, 45.65907830557142 ], [ -75.668558930898016, 45.656442772693481 ] ] ] } },
{ "type": "Feature", "properties": { "hex_id": 374294, "centroid_lon": -75.66880641908449, "centroid_lat": 45.677227977492912, "occurrences_today": 21, "datetimes_today": "2026-01-26 00:02:15, 2026-01-26 00:16:52, 2026-01-26 00:31:49, 2026-01-26 00:46:53, 2026-01-26 00:48:34, 2026-01-26 01:01:39, 2026-01-26 01:16:45, 2026-01-26 01:32:06, 2026-01-26 01:46:54, 2026-01-26 01:56:41, 2026-01-26 02:01:47, 2026-01-26 02:17:07, 2026-01-26 02:32:15, 2026-01-26 02:40:41, 2026-01-26 02:46:51, 2026-01-26 03:01:58, 2026-01-26 03:16:49, 2026-01-26 03:32:04, 2026-01-26 03:46:51, 2026-01-26 03:51:28, 2026-01-26 04:01:47", "cumulative_total": 113.0 }, "geometry": { "type": "Polygon", "coordinates": [ [ [ -75.668744521637734, 45.672031683511968 ], [ -75.675194751627771, 45.67459207216227 ], [ -75.6752572516436, 45.679788356931468 ], [ -75.668868333474194, 45.682424266661236 ], [ -75.662417483969278, 45.679863527699915 ], [ -75.662356172154375, 45.674667229384859 ], [ -75.668744521637734, 45.672031683511968 ] ] ] } },
{ "type": "Feature", "properties": { "hex_id": 374903, "centroid_lon": -75.662111092613614, "centroid_lat": 45.653881988010852, "occurrences_today": 34, "datetimes_today": "2026-01-26 00:02:15, 2026-01-26 00:16:52, 2026-01-26 00:31:49, 2026-01-26 00:46:53, 2026-01-26 00:48:34, 2026-01-26 01:01:39, 2026-01-26 01:16:45, 2026-01-26 01:32:06, 2026-01-26 01:46:54, 2026-01-26 01:56:41, 2026-01-26 02:01:47, 2026-01-26 02:17:07, 2026-01-26 02:32:15, 2026-01-26 02:40:41, 2026-01-26 02:46:51, 2026-01-26 03:01:58, 2026-01-26 03:16:49, 2026-01-26 03:32:04, 2026-01-26 03:46:51, 2026-01-26 03:51:28, 2026-01-26 04:01:47, 2026-01-26 04:17:20, 2026-01-26 04:32:16, 2026-01-26 04:47:13, 2026-01-26 04:49:28, 2026-01-26 05:01:43, 2026-01-26 05:16:43, 2026-01-26 05:32:07, 2026-01-26 05:46:14, 2026-01-26 05:46:52, 2026-01-26 06:01:43, 2026-01-26 06:16:45, 2026-01-26 06:32:11, 2026-01-26 06:33:55", "cumulative_total": 139.0 }, "geometry": { "type": "Polygon", "coordinates": [ [ [ -75.662049864629893, 45.648685665638908 ], [ -75.668497101165926, 45.651246459462094 ], [ -75.668558930898016, 45.656442772693481 ], [ -75.662172337352288, 45.65907830557142 ], [ -75.655724482310134, 45.656517161656268 ], [ -75.655663839325499, 45.651320835020101 ], [ -75.662049864629893, 45.648685665638908 ] ] ] } },
{ "type": "Feature", "properties": { "hex_id": 374904, "centroid_lon": -75.662294877117006, "centroid_lat": 45.66947092625842, "occurrences_today": 29, "datetimes_today": "2026-01-26 00:02:15, 2026-01-26 00:16:52, 2026-01-26 00:31:49, 2026-01-26 00:46:53, 2026-01-26 00:48:34, 2026-01-26 01:01:39, 2026-01-26 01:16:45, 2026-01-26 01:32:06, 2026-01-26 01:46:54, 2026-01-26 01:56:41, 2026-01-26 02:01:47, 2026-01-26 02:17:07, 2026-01-26 02:32:15, 2026-01-26 02:40:41, 2026-01-26 02:46:51, 2026-01-26 03:01:58, 2026-01-26 03:16:49, 2026-01-26 03:32:04, 2026-01-26 03:46:51, 2026-01-26 03:51:28, 2026-01-26 04:01:47, 2026-01-26 04:17:20, 2026-01-26 04:32:16, 2026-01-26 04:47:13, 2026-01-26 04:49:28, 2026-01-26 05:01:43, 2026-01-26 05:16:43, 2026-01-26 05:32:07, 2026-01-26 05:46:14", "cumulative_total": 149.0 }, "geometry": { "type": "Polygon", "coordinates": [ [ [ -75.662233598851529, 45.664274618320604 ], [ -75.6686826411282, 45.666835384718418 ], [ -75.668744521637734, 45.672031683511968 ], [ -75.662356172154375, 45.674667229384859 ], [ -75.655906510858927, 45.672106112703894 ], [ -75.655845818071271, 45.666909800498168 ], [ -75.662233598851529, 45.664274618320604 ] ] ] } },
{ "type": "Feature", "properties": { "hex_id": 374905, "centroid_lon": -75.662478812567372, "centroid_lat": 45.685059821203623, "occurrences_today": 17, "datetimes_today": "2026-01-26 00:02:15, 2026-01-26 00:16:52, 2026-01-26 00:31:49, 2026-01-26 00:46:53, 2026-01-26 00:48:34, 2026-01-26 01:01:39, 2026-01-26 01:16:45, 2026-01-26 01:32:06, 2026-01-26 01:46:54, 2026-01-26 01:56:41, 2026-01-26 02:01:47, 2026-01-26 02:17:07, 2026-01-26 02:32:15, 2026-01-26 02:40:41, 2026-01-26 02:46:51, 2026-01-26 03:01:58, 2026-01-26 03:16:49", "cumulative_total": 137.0 }, "geometry": { "type": "Polygon", "coordinates": [ [ [ -75.662417483969278, 45.679863527699915 ], [ -75.668868333474194, 45.682424266661236 ], [ -75.668930264812531, 45.687620551016956 ], [ -75.662540157954339, 45.690256109895941 ], [ -75.656088688917492, 45.68769502046019 ], [ -75.656027946276438, 45.682498722684905 ], [ -75.662417483969278, 45.679863527699915 ] ] ] } },
{ "type": "Feature", "properties": { "hex_id": 375513, "centroid_lon": -75.655603212930643, "centroid_lat": 45.646124503573752, "occurrences_today": 20, "datetimes_today": "2026-01-26 00:02:15, 2026-01-26 00:16:52, 2026-01-26 00:31:49, 2026-01-26 00:46:53, 2026-01-26 00:48:34, 2026-01-26 01:01:39, 2026-01-26 01:16:45, 2026-01-26 01:32:06, 2026-01-26 01:46:54, 2026-01-26 01:56:41, 2026-01-26 02:01:47, 2026-01-26 02:17:07, 2026-01-26 02:32:15, 2026-01-26 02:40:41, 2026-01-26 02:46:51, 2026-01-26 03:01:58, 2026-01-26 03:16:49, 2026-01-26 03:32:04, 2026-01-26 03:46:51, 2026-01-26 03:51:28", "cumulative_total": 112.0 }, "geometry": { "type": "Polygon", "coordinates": [ [ [ -75.65554260312004, 45.640928167317242 ], [ -75.661988653395468, 45.643489338455581 ], [ -75.662049864629893, 45.648685665638908 ], [ -75.655663839325499, 45.651320835020101 ], [ -75.649217171039226, 45.648759313817663 ], [ -75.64915714607379, 45.643562973363075 ], [ -75.65554260312004, 45.640928167317242 ] ] ] } },
{ "type": "Feature", "properties": { "hex_id": 375514, "centroid_lon": -75.655785141890206, "centroid_lat": 45.661713483482302, "occurrences_today": 34, "datetimes_today": "2026-01-26 00:02:15, 2026-01-26 00:16:52, 2026-01-26 00:31:49, 2026-01-26 00:46:53, 2026-01-26 00:48:34, 2026-01-26 01:01:39, 2026-01-26 01:16:45, 2026-01-26 01:32:06, 2026-01-26 01:46:54, 2026-01-26 01:56:41, 2026-01-26 02:01:47, 2026-01-26 02:17:07, 2026-01-26 02:32:15, 2026-01-26 02:40:41, 2026-01-26 02:46:51, 2026-01-26 03:01:58, 2026-01-26 03:16:49, 2026-01-26 03:32:04, 2026-01-26 03:46:51, 2026-01-26 03:51:28, 2026-01-26 04:01:47, 2026-01-26 04:17:20, 2026-01-26 04:32:16, 2026-01-26 04:47:13, 2026-01-26 04:49:28, 2026-01-26 05:01:43, 2026-01-26 05:16:43, 2026-01-26 05:32:07, 2026-01-26 05:46:14, 2026-01-26 05:46:52, 2026-01-26 06:01:43, 2026-01-26 06:16:45, 2026-01-26 06:32:11, 2026-01-26 06:33:55", "cumulative_total": 139.0 }, "geometry": { "type": "Polygon", "coordinates": [ [ [ -75.655724482310134, 45.656517161656268 ], [ -75.662172337352288, 45.65907830557142 ], [ -75.662233598851529, 45.664274618320604 ], [ -75.655845818071271, 45.666909800498168 ], [ -75.649397344506141, 45.664348306327753 ], [ -75.649337270249859, 45.659151980299995 ], [ -75.655724482310134, 45.656517161656268 ] ] ] } },
{ "type": "Feature", "properties": { "hex_id": 375515, "centroid_lon": -75.655967220258788, "centroid_lat": 45.67730242009948, "occurrences_today": 29, "datetimes_today": "2026-01-26 00:02:15, 2026-01-26 00:16:52, 2026-01-26 00:31:49, 2026-01-26 00:46:53, 2026-01-26 00:48:34, 2026-01-26 01:01:39, 2026-01-26 01:16:45, 2026-01-26 01:32:06, 2026-01-26 01:46:54, 2026-01-26 01:56:41, 2026-01-26 02:01:47, 2026-01-26 02:17:07, 2026-01-26 02:32:15, 2026-01-26 02:40:41, 2026-01-26 02:46:51, 2026-01-26 03:01:58, 2026-01-26 03:16:49, 2026-01-26 03:32:04, 2026-01-26 03:46:51, 2026-01-26 03:51:28, 2026-01-26 04:01:47, 2026-01-26 04:17:20, 2026-01-26 04:32:16, 2026-01-26 04:47:13, 2026-01-26 04:49:28, 2026-01-26 05:01:43, 2026-01-26 05:16:43, 2026-01-26 05:32:07, 2026-01-26 05:46:14", "cumulative_total": 149.0 }, "geometry": { "type": "Polygon", "coordinates": [ [ [ -75.655906510858927, 45.672106112703894 ], [ -75.662356172154375, 45.674667229384859 ], [ -75.662417483969278, 45.679863527699915 ], [ -75.656027946276438, 45.682498722684905 ], [ -75.649577665945344, 45.679937255557377 ], [ -75.649517542348349, 45.674740943956436 ], [ -75.655906510858927, 45.672106112703894 ] ] ] } },
{ "type": "Feature", "properties": { "hex_id": 375516, "centroid_lon": -75.656149448187563, "centroid_lat": 45.692891313425342, "occurrences_today": 17, "datetimes_today": "2026-01-26 00:02:15, 2026-01-26 00:16:52, 2026-01-26 00:31:49, 2026-01-26 00:46:53, 2026-01-26 00:48:34, 2026-01-26 01:01:39, 2026-01-26 01:16:45, 2026-01-26 01:32:06, 2026-01-26 01:46:54, 2026-01-26 01:56:41, 2026-01-26 02:01:47, 2026-01-26 02:17:07, 2026-01-26 02:32:15, 2026-01-26 02:40:41, 2026-01-26 02:46:51, 2026-01-26 03:01:58, 2026-01-26 03:16:49", "cumulative_total": 137.0 }, "geometry": { "type": "Polygon", "coordinates": [ [ [ -75.656088688917492, 45.68769502046019 ], [ -75.662540157954339, 45.690256109895941 ], [ -75.662601520135837, 45.695452393776918 ], [ -75.656210224092248, 45.698087601580355 ], [ -75.649758135506559, 45.695526161506663 ], [ -75.649697962518914, 45.69032986433249 ], [ -75.656088688917492, 45.68769502046019 ] ] ] } },
{ "type": "Feature", "properties": { "hex_id": 376124, "centroid_lon": -75.649277212429411, "centroid_lat": 45.653955649463306, "occurrences_today": 29, "datetimes_today": "2026-01-26 00:02:15, 2026-01-26 00:16:52, 2026-01-26 00:31:49, 2026-01-26 00:46:53, 2026-01-26 00:48:34, 2026-01-26 01:01:39, 2026-01-26 01:16:45, 2026-01-26 01:32:06, 2026-01-26 01:46:54, 2026-01-26 01:56:41, 2026-01-26 02:01:47, 2026-01-26 02:17:07, 2026-01-26 02:32:15, 2026-01-26 02:40:41, 2026-01-26 02:46:51, 2026-01-26 03:01:58, 2026-01-26 03:16:49, 2026-01-26 03:32:04, 2026-01-26 03:46:51, 2026-01-26 03:51:28, 2026-01-26 04:01:47, 2026-01-26 04:17:20, 2026-01-26 04:32:16, 2026-01-26 04:47:13, 2026-01-26 04:49:28, 2026-01-26 05:01:43, 2026-01-26 05:16:43, 2026-01-26 05:32:07, 2026-01-26 05:46:14", "cumulative_total": 134.0 }, "geometry": { "type": "Polygon", "coordinates": [ [ [ -75.649217171039226, 45.648759313817663 ], [ -75.655663839325499, 45.651320835020101 ], [ -75.655724482310134, 45.656517161656268 ], [ -75.649337270249859, 45.659151980299995 ], [ -75.642889983936072, 45.65659010887024 ], [ -75.642830527715617, 45.651393769089033 ], [ -75.649217171039226, 45.648759313817663 ] ] ] } },
{ "type": "Feature", "properties": { "hex_id": 376125, "centroid_lon": -75.649457435203786, "centroid_lat": 45.669544627546564, "occurrences_today": 22, "datetimes_today": "2026-01-26 00:02:15, 2026-01-26 00:16:52, 2026-01-26 00:31:49, 2026-01-26 00:46:53, 2026-01-26 00:48:34, 2026-01-26 01:01:39, 2026-01-26 01:16:45, 2026-01-26 01:32:06, 2026-01-26 01:46:54, 2026-01-26 01:56:41, 2026-01-26 02:01:47, 2026-01-26 02:17:07, 2026-01-26 02:32:15, 2026-01-26 02:40:41, 2026-01-26 02:46:51, 2026-01-26 03:01:58, 2026-01-26 03:16:49, 2026-01-26 03:32:04, 2026-01-26 03:46:51, 2026-01-26 03:51:28, 2026-01-26 04:01:47, 2026-01-26 04:17:20", "cumulative_total": 114.0 }, "geometry": { "type": "Polygon", "coordinates": [ [ [ -75.649397344506141, 45.664348306327753 ], [ -75.655845818071271, 45.666909800498168 ], [ -75.655906510858927, 45.672106112703894 ], [ -75.649517542348349, 45.674740943956436 ], [ -75.643068450243533, 45.672179099367419 ], [ -75.643008945194538, 45.666982774009419 ], [ -75.649397344506141, 45.664348306327753 ] ] ] } },
{ "type": "Feature", "properties": { "hex_id": 376126, "centroid_lon": -75.649637806000342, "centroid_lat": 45.685133562349407, "occurrences_today": 22, "datetimes_today": "2026-01-26 00:02:15, 2026-01-26 00:16:52, 2026-01-26 00:31:49, 2026-01-26 00:46:53, 2026-01-26 00:48:34, 2026-01-26 01:01:39, 2026-01-26 01:16:45, 2026-01-26 01:32:06, 2026-01-26 01:46:54, 2026-01-26 01:56:41, 2026-01-26 02:01:47, 2026-01-26 02:17:07, 2026-01-26 02:32:15, 2026-01-26 02:40:41, 2026-01-26 02:46:51, 2026-01-26 03:01:58, 2026-01-26 03:16:49, 2026-01-26 03:32:04, 2026-01-26 03:46:51, 2026-01-26 03:51:28, 2026-01-26 04:01:47, 2026-01-26 04:17:20", "cumulative_total": 142.0 }, "geometry": { "type": "Polygon", "coordinates": [ [ [ -75.649577665945344, 45.679937255557377 ], [ -75.656027946276438, 45.682498722684905 ], [ -75.656088688917492, 45.68769502046019 ], [ -75.649697962518914, 45.69032986433249 ], [ -75.643247063135433, 45.687768046595011 ], [ -75.643187509208474, 45.682571735660211 ], [ -75.649577665945344, 45.679937255557377 ] ] ] } },
{ "type": "Feature", "properties": { "hex_id": 376734, "centroid_lon": -75.64277108776038, "centroid_lat": 45.64619742450008, "occurrences_today": 20, "datetimes_today": "2026-01-26 00:02:15, 2026-01-26 00:16:52, 2026-01-26 00:31:49, 2026-01-26 00:46:53, 2026-01-26 00:48:34, 2026-01-26 01:01:39, 2026-01-26 01:16:45, 2026-01-26 01:32:06, 2026-01-26 01:46:54, 2026-01-26 01:56:41, 2026-01-26 02:01:47, 2026-01-26 02:17:07, 2026-01-26 02:32:15, 2026-01-26 02:40:41, 2026-01-26 02:46:51, 2026-01-26 03:01:58, 2026-01-26 03:16:49, 2026-01-26 03:32:04, 2026-01-26 03:46:51, 2026-01-26 03:51:28", "cumulative_total": 112.0 }, "geometry": { "type": "Polygon", "coordinates": [ [ [ -75.642711664064876, 45.641001075103368 ], [ -75.64915714607379, 45.643562973363075 ], [ -75.649217171039226, 45.648759313817663 ], [ -75.642830527715617, 45.651393769089033 ], [ -75.636384428174296, 45.648831520629948 ], [ -75.636325589494461, 45.643635167163801 ], [ -75.642711664064876, 45.641001075103368 ] ] ] } },
{ "type": "Feature", "properties": { "hex_id": 376735, "centroid_lon": -75.642949456427218, "centroid_lat": 45.66178644384371, "occurrences_today": 22, "datetimes_today": "2026-01-26 00:02:15, 2026-01-26 00:16:52, 2026-01-26 00:31:49, 2026-01-26 00:46:53, 2026-01-26 00:48:34, 2026-01-26 01:01:39, 2026-01-26 01:16:45, 2026-01-26 01:32:06, 2026-01-26 01:46:54, 2026-01-26 01:56:41, 2026-01-26 02:01:47, 2026-01-26 02:17:07, 2026-01-26 02:32:15, 2026-01-26 02:40:41, 2026-01-26 02:46:51, 2026-01-26 03:01:58, 2026-01-26 03:16:49, 2026-01-26 03:32:04, 2026-01-26 03:46:51, 2026-01-26 03:51:28, 2026-01-26 04:01:47, 2026-01-26 04:17:20", "cumulative_total": 114.0 }, "geometry": { "type": "Polygon", "coordinates": [ [ [ -75.642889983936072, 45.65659010887024 ], [ -75.649337270249859, 45.659151980299995 ], [ -75.649397344506141, 45.664348306327753 ], [ -75.643008945194538, 45.666982774009419 ], [ -75.636561040836668, 45.664420552189043 ], [ -75.63650215383997, 45.659224213142565 ], [ -75.642889983936072, 45.65659010887024 ] ] ] } },
{ "type": "Feature", "properties": { "hex_id": 376736, "centroid_lon": -75.643127971579688, "centroid_lat": 45.677375419917681, "occurrences_today": 22, "datetimes_today": "2026-01-26 00:02:15, 2026-01-26 00:16:52, 2026-01-26 00:31:49, 2026-01-26 00:46:53, 2026-01-26 00:48:34, 2026-01-26 01:01:39, 2026-01-26 01:16:45, 2026-01-26 01:32:06, 2026-01-26 01:46:54, 2026-01-26 01:56:41, 2026-01-26 02:01:47, 2026-01-26 02:17:07, 2026-01-26 02:32:15, 2026-01-26 02:40:41, 2026-01-26 02:46:51, 2026-01-26 03:01:58, 2026-01-26 03:16:49, 2026-01-26 03:32:04, 2026-01-26 03:46:51, 2026-01-26 03:51:28, 2026-01-26 04:01:47, 2026-01-26 04:17:20", "cumulative_total": 114.0 }, "geometry": { "type": "Polygon", "coordinates": [ [ [ -75.643068450243533, 45.672179099367419 ], [ -75.649517542348349, 45.674740943956436 ], [ -75.649577665945344, 45.679937255557377 ], [ -75.643187509208474, 45.682571735660211 ], [ -75.636737798547429, 45.680009540489188 ], [ -75.636678863184969, 45.674813215862351 ], [ -75.643068450243533, 45.672179099367419 ] ] ] } },
{ "type": "Feature", "properties": { "hex_id": 376737, "centroid_lon": -75.643306633366009, "centroid_lat": 45.692964352722079, "occurrences_today": 22, "datetimes_today": "2026-01-26 00:02:15, 2026-01-26 00:16:52, 2026-01-26 00:31:49, 2026-01-26 00:46:53, 2026-01-26 00:48:34, 2026-01-26 01:01:39, 2026-01-26 01:16:45, 2026-01-26 01:32:06, 2026-01-26 01:46:54, 2026-01-26 01:56:41, 2026-01-26 02:01:47, 2026-01-26 02:17:07, 2026-01-26 02:32:15, 2026-01-26 02:40:41, 2026-01-26 02:46:51, 2026-01-26 03:01:58, 2026-01-26 03:16:49, 2026-01-26 03:32:04, 2026-01-26 03:46:51, 2026-01-26 03:51:28, 2026-01-26 04:01:47, 2026-01-26 04:17:20", "cumulative_total": 142.0 }, "geometry": { "type": "Polygon", "coordinates": [ [ [ -75.643247063135433, 45.687768046595011 ], [ -75.649697962518914, 45.69032986433249 ], [ -75.649758135506559, 45.695526161506663 ], [ -75.643366219905744, 45.698160654041459 ], [ -75.636914701453307, 45.69559848553051 ], [ -75.636855717676156, 45.690402175323271 ], [ -75.643247063135433, 45.687768046595011 ] ] ] } },
{ "type": "Feature", "properties": { "hex_id": 377345, "centroid_lon": -75.636443282954332, "centroid_lat": 45.654027869289528, "occurrences_today": 20, "datetimes_today": "2026-01-26 00:02:15, 2026-01-26 00:16:52, 2026-01-26 00:31:49, 2026-01-26 00:46:53, 2026-01-26 00:48:34, 2026-01-26 01:01:39, 2026-01-26 01:16:45, 2026-01-26 01:32:06, 2026-01-26 01:46:54, 2026-01-26 01:56:41, 2026-01-26 02:01:47, 2026-01-26 02:17:07, 2026-01-26 02:32:15, 2026-01-26 02:40:41, 2026-01-26 02:46:51, 2026-01-26 03:01:58, 2026-01-26 03:16:49, 2026-01-26 03:32:04, 2026-01-26 03:46:51, 2026-01-26 03:51:28", "cumulative_total": 112.0 }, "geometry": { "type": "Polygon", "coordinates": [ [ [ -75.636384428174296, 45.648831520629948 ], [ -75.642830527715617, 45.651393769089033 ], [ -75.642889983936072, 45.65659010887024 ], [ -75.63650215383997, 45.659224213142565 ], [ -75.630055436749899, 45.656661614320875 ], [ -75.629997167310094, 45.651465261654415 ], [ -75.636384428174296, 45.648831520629948 ] ] ] } },
{ "type": "Feature", "properties": { "hex_id": 377346, "centroid_lon": -75.636619943949867, "centroid_lat": 45.669616886428962, "occurrences_today": 22, "datetimes_today": "2026-01-26 00:02:15, 2026-01-26 00:16:52, 2026-01-26 00:31:49, 2026-01-26 00:46:53, 2026-01-26 00:48:34, 2026-01-26 01:01:39, 2026-01-26 01:16:45, 2026-01-26 01:32:06, 2026-01-26 01:46:54, 2026-01-26 01:56:41, 2026-01-26 02:01:47, 2026-01-26 02:17:07, 2026-01-26 02:32:15, 2026-01-26 02:40:41, 2026-01-26 02:46:51, 2026-01-26 03:01:58, 2026-01-26 03:16:49, 2026-01-26 03:32:04, 2026-01-26 03:46:51, 2026-01-26 03:51:28, 2026-01-26 04:01:47, 2026-01-26 04:17:20", "cumulative_total": 114.0 }, "geometry": { "type": "Polygon", "coordinates": [ [ [ -75.636561040836668, 45.664420552189043 ], [ -75.643008945194538, 45.666982774009419 ], [ -75.643068450243533, 45.672179099367419 ], [ -75.636678863184969, 45.674813215862351 ], [ -75.630230340766673, 45.672250643488013 ], [ -75.630172023472809, 45.667054305237677 ], [ -75.636561040836668, 45.664420552189043 ] ] ] } },
{ "type": "Feature", "properties": { "hex_id": 377347, "centroid_lon": -75.636796750042677, "centroid_lat": 45.685205860309502, "occurrences_today": 22, "datetimes_today": "2026-01-26 00:02:15, 2026-01-26 00:16:52, 2026-01-26 00:31:49, 2026-01-26 00:46:53, 2026-01-26 00:48:34, 2026-01-26 01:01:39, 2026-01-26 01:16:45, 2026-01-26 01:32:06, 2026-01-26 01:46:54, 2026-01-26 01:56:41, 2026-01-26 02:01:47, 2026-01-26 02:17:07, 2026-01-26 02:32:15, 2026-01-26 02:40:41, 2026-01-26 02:46:51, 2026-01-26 03:01:58, 2026-01-26 03:16:49, 2026-01-26 03:32:04, 2026-01-26 03:46:51, 2026-01-26 03:51:28, 2026-01-26 04:01:47, 2026-01-26 04:17:20", "cumulative_total": 114.0 }, "geometry": { "type": "Polygon", "coordinates": [ [ [ -75.636737798547429, 45.680009540489188 ], [ -75.643187509208474, 45.682571735660211 ], [ -75.643247063135433, 45.687768046595011 ], [ -75.636855717676156, 45.690402175323271 ], [ -75.630405388442441, 45.687839629406866 ], [ -75.630347023246102, 45.682643305572604 ], [ -75.636737798547429, 45.680009540489188 ] ] ] } },
{ "type": "Feature", "properties": { "hex_id": 377955, "centroid_lon": -75.629938913810904, "centroid_lat": 45.646268904182577, "occurrences_today": 20, "datetimes_today": "2026-01-26 00:02:15, 2026-01-26 00:16:52, 2026-01-26 00:31:49, 2026-01-26 00:46:53, 2026-01-26 00:48:34, 2026-01-26 01:01:39, 2026-01-26 01:16:45, 2026-01-26 01:32:06, 2026-01-26 01:46:54, 2026-01-26 01:56:41, 2026-01-26 02:01:47, 2026-01-26 02:17:07, 2026-01-26 02:32:15, 2026-01-26 02:40:41, 2026-01-26 02:46:51, 2026-01-26 03:01:58, 2026-01-26 03:16:49, 2026-01-26 03:32:04, 2026-01-26 03:46:51, 2026-01-26 03:51:28", "cumulative_total": 112.0 }, "geometry": { "type": "Polygon", "coordinates": [ [ [ -75.629880676246941, 45.641072541905324 ], [ -75.636325589494461, 45.643635167163801 ], [ -75.636384428174296, 45.648831520629948 ], [ -75.629997167310094, 45.651465261654415 ], [ -75.623551637008774, 45.648902286061407 ], [ -75.623493984630827, 45.643705919843399 ], [ -75.629880676246941, 45.641072541905324 ] ] ] } },
{ "type": "Feature", "properties": { "hex_id": 377956, "centroid_lon": -75.630113722135675, "centroid_lat": 45.661857962181976, "occurrences_today": 22, "datetimes_today": "2026-01-26 00:02:15, 2026-01-26 00:16:52, 2026-01-26 00:31:49, 2026-01-26 00:46:53, 2026-01-26 00:48:34, 2026-01-26 01:01:39, 2026-01-26 01:16:45, 2026-01-26 01:32:06, 2026-01-26 01:46:54, 2026-01-26 01:56:41, 2026-01-26 02:01:47, 2026-01-26 02:17:07, 2026-01-26 02:32:15, 2026-01-26 02:40:41, 2026-01-26 02:46:51, 2026-01-26 03:01:58, 2026-01-26 03:16:49, 2026-01-26 03:32:04, 2026-01-26 03:46:51, 2026-01-26 03:51:28, 2026-01-26 04:01:47, 2026-01-26 04:17:20", "cumulative_total": 114.0 }, "geometry": { "type": "Polygon", "coordinates": [ [ [ -75.630055436749899, 45.656661614320875 ], [ -75.63650215383997, 45.659224213142565 ], [ -75.636561040836668, 45.664420552189043 ], [ -75.630172023472809, 45.667054305237677 ], [ -75.623724688817759, 45.664491355890107 ], [ -75.623666989096932, 45.659295004084747 ], [ -75.630055436749899, 45.656661614320875 ] ] ] } },
{ "type": "Feature", "properties": { "hex_id": 377957, "centroid_lon": -75.630288674022637, "centroid_lat": 45.677446976932998, "occurrences_today": 22, "datetimes_today": "2026-01-26 00:02:15, 2026-01-26 00:16:52, 2026-01-26 00:31:49, 2026-01-26 00:46:53, 2026-01-26 00:48:34, 2026-01-26 01:01:39, 2026-01-26 01:16:45, 2026-01-26 01:32:06, 2026-01-26 01:46:54, 2026-01-26 01:56:41, 2026-01-26 02:01:47, 2026-01-26 02:17:07, 2026-01-26 02:32:15, 2026-01-26 02:40:41, 2026-01-26 02:46:51, 2026-01-26 03:01:58, 2026-01-26 03:16:49, 2026-01-26 03:32:04, 2026-01-26 03:46:51, 2026-01-26 03:51:28, 2026-01-26 04:01:47, 2026-01-26 04:17:20", "cumulative_total": 114.0 }, "geometry": { "type": "Polygon", "coordinates": [ [ [ -75.630230340766673, 45.672250643488013 ], [ -75.636678863184969, 45.674813215862351 ], [ -75.636737798547429, 45.680009540489188 ], [ -75.630347023246102, 45.682643305572604 ], [ -75.623897882751123, 45.680080382480952 ], [ -75.62384013563954, 45.674884045088199 ], [ -75.630230340766673, 45.672250643488013 ] ] ] } },
{ "type": "Feature", "properties": { "hex_id": 377958, "centroid_lon": -75.630463769617052, "centroid_lat": 45.693035948435764, "occurrences_today": 22, "datetimes_today": "2026-01-26 00:02:15, 2026-01-26 00:16:52, 2026-01-26 00:31:49, 2026-01-26 00:46:53, 2026-01-26 00:48:34, 2026-01-26 01:01:39, 2026-01-26 01:16:45, 2026-01-26 01:32:06, 2026-01-26 01:46:54, 2026-01-26 01:56:41, 2026-01-26 02:01:47, 2026-01-26 02:17:07, 2026-01-26 02:32:15, 2026-01-26 02:40:41, 2026-01-26 02:46:51, 2026-01-26 03:01:58, 2026-01-26 03:16:49, 2026-01-26 03:32:04, 2026-01-26 03:46:51, 2026-01-26 03:51:28, 2026-01-26 04:01:47, 2026-01-26 04:17:20", "cumulative_total": 114.0 }, "geometry": { "type": "Polygon", "coordinates": [ [ [ -75.630405388442441, 45.687839629406866 ], [ -75.636855717676156, 45.690402175323271 ], [ -75.636914701453307, 45.69559848553051 ], [ -75.630522166775322, 45.698232262659332 ], [ -75.624071218952693, 45.695669365834078 ], [ -75.624013424402378, 45.690473042853874 ], [ -75.630405388442441, 45.687839629406866 ] ] ] } },
{ "type": "Feature", "properties": { "hex_id": 378566, "centroid_lon": -75.623609305162375, "centroid_lat": 45.654098647475173, "occurrences_today": 20, "datetimes_today": "2026-01-26 00:02:15, 2026-01-26 00:16:52, 2026-01-26 00:31:49, 2026-01-26 00:46:53, 2026-01-26 00:48:34, 2026-01-26 01:01:39, 2026-01-26 01:16:45, 2026-01-26 01:32:06, 2026-01-26 01:46:54, 2026-01-26 01:56:41, 2026-01-26 02:01:47, 2026-01-26 02:17:07, 2026-01-26 02:32:15, 2026-01-26 02:40:41, 2026-01-26 02:46:51, 2026-01-26 03:01:58, 2026-01-26 03:16:49, 2026-01-26 03:32:04, 2026-01-26 03:46:51, 2026-01-26 03:51:28", "cumulative_total": 112.0 }, "geometry": { "type": "Polygon", "coordinates": [ [ [ -75.623551637008774, 45.648902286061407 ], [ -75.629997167310094, 45.651465261654415 ], [ -75.630055436749899, 45.656661614320875 ], [ -75.623666989096932, 45.659295004084747 ], [ -75.617220841725796, 45.656731677993967 ], [ -75.617163759082771, 45.65153531270203 ], [ -75.623551637008774, 45.648902286061407 ] ] ] } },
{ "type": "Feature", "properties": { "hex_id": 378567, "centroid_lon": -75.623782404330186, "centroid_lat": 45.669687702891245, "occurrences_today": 22, "datetimes_today": "2026-01-26 00:02:15, 2026-01-26 00:16:52, 2026-01-26 00:31:49, 2026-01-26 00:46:53, 2026-01-26 00:48:34, 2026-01-26 01:01:39, 2026-01-26 01:16:45, 2026-01-26 01:32:06, 2026-01-26 01:46:54, 2026-01-26 01:56:41, 2026-01-26 02:01:47, 2026-01-26 02:17:07, 2026-01-26 02:32:15, 2026-01-26 02:40:41, 2026-01-26 02:46:51, 2026-01-26 03:01:58, 2026-01-26 03:16:49, 2026-01-26 03:32:04, 2026-01-26 03:46:51, 2026-01-26 03:51:28, 2026-01-26 04:01:47, 2026-01-26 04:17:20", "cumulative_total": 114.0 }, "geometry": { "type": "Polygon", "coordinates": [ [ [ -75.623724688817759, 45.664491355890107 ], [ -75.630172023472809, 45.667054305237677 ], [ -75.630230340766673, 45.672250643488013 ], [ -75.62384013563954, 45.674884045088199 ], [ -75.617392183403481, 45.672320745051451 ], [ -75.617335053880893, 45.66712439416866 ], [ -75.623724688817759, 45.664491355890107 ] ] ] } },
{ "type": "Feature", "properties": { "hex_id": 378568, "centroid_lon": -75.623955645670307, "centroid_lat": 45.685276715069513, "occurrences_today": 22, "datetimes_today": "2026-01-26 00:02:15, 2026-01-26 00:16:52, 2026-01-26 00:31:49, 2026-01-26 00:46:53, 2026-01-26 00:48:34, 2026-01-26 01:01:39, 2026-01-26 01:16:45, 2026-01-26 01:32:06, 2026-01-26 01:46:54, 2026-01-26 01:56:41, 2026-01-26 02:01:47, 2026-01-26 02:17:07, 2026-01-26 02:32:15, 2026-01-26 02:40:41, 2026-01-26 02:46:51, 2026-01-26 03:01:58, 2026-01-26 03:16:49, 2026-01-26 03:32:04, 2026-01-26 03:46:51, 2026-01-26 03:51:28, 2026-01-26 04:01:47, 2026-01-26 04:17:20", "cumulative_total": 114.0 }, "geometry": { "type": "Polygon", "coordinates": [ [ [ -75.623897882751123, 45.680080382480952 ], [ -75.630347023246102, 45.682643305572604 ], [ -75.630405388442441, 45.687839629406866 ], [ -75.624013424402378, 45.690473042853874 ], [ -75.617563665814657, 45.687909768881511 ], [ -75.617506489365098, 45.682713432407866 ], [ -75.623897882751123, 45.680080382480952 ] ] ] } },
{ "type": "Feature", "properties": { "hex_id": 378569, "centroid_lon": -75.624129029326596, "centroid_lat": 45.70086568401009, "occurrences_today": 22, "datetimes_today": "2026-01-26 00:02:15, 2026-01-26 00:16:52, 2026-01-26 00:31:49, 2026-01-26 00:46:53, 2026-01-26 00:48:34, 2026-01-26 01:01:39, 2026-01-26 01:16:45, 2026-01-26 01:32:06, 2026-01-26 01:46:54, 2026-01-26 01:56:41, 2026-01-26 02:01:47, 2026-01-26 02:17:07, 2026-01-26 02:32:15, 2026-01-26 02:40:41, 2026-01-26 02:46:51, 2026-01-26 03:01:58, 2026-01-26 03:16:49, 2026-01-26 03:32:04, 2026-01-26 03:46:51, 2026-01-26 03:51:28, 2026-01-26 04:01:47, 2026-01-26 04:17:20", "cumulative_total": 114.0 }, "geometry": { "type": "Polygon", "coordinates": [ [ [ -75.624071218952693, 45.695669365834078 ], [ -75.630522166775322, 45.698232262659332 ], [ -75.630580579922622, 45.703428572077556 ], [ -75.624186855529416, 45.706061997381937 ], [ -75.617735289101802, 45.703498749484325 ], [ -75.617678065677737, 45.698302427419748 ], [ -75.624071218952693, 45.695669365834078 ] ] ] } },
{ "type": "Feature", "properties": { "hex_id": 379178, "centroid_lon": -75.617449328563126, "centroid_lat": 45.677517091131172, "occurrences_today": 22, "datetimes_today": "2026-01-26 00:02:15, 2026-01-26 00:16:52, 2026-01-26 00:31:49, 2026-01-26 00:46:53, 2026-01-26 00:48:34, 2026-01-26 01:01:39, 2026-01-26 01:16:45, 2026-01-26 01:32:06, 2026-01-26 01:46:54, 2026-01-26 01:56:41, 2026-01-26 02:01:47, 2026-01-26 02:17:07, 2026-01-26 02:32:15, 2026-01-26 02:40:41, 2026-01-26 02:46:51, 2026-01-26 03:01:58, 2026-01-26 03:16:49, 2026-01-26 03:32:04, 2026-01-26 03:46:51, 2026-01-26 03:51:28, 2026-01-26 04:01:47, 2026-01-26 04:17:20", "cumulative_total": 114.0 }, "geometry": { "type": "Polygon", "coordinates": [ [ [ -75.617392183403481, 45.672320745051451 ], [ -75.62384013563954, 45.674884045088199 ], [ -75.623897882751123, 45.680080382480952 ], [ -75.617506489365098, 45.682713432407866 ], [ -75.611057919532115, 45.680149781518566 ], [ -75.611001360687368, 45.674953431619898 ], [ -75.617392183403481, 45.672320745051451 ] ] ] } },
{ "type": "Feature", "properties": { "hex_id": 379179, "centroid_lon": -75.617620857917117, "centroid_lat": 45.693106100552143, "occurrences_today": 22, "datetimes_today": "2026-01-26 00:02:15, 2026-01-26 00:16:52, 2026-01-26 00:31:49, 2026-01-26 00:46:53, 2026-01-26 00:48:34, 2026-01-26 01:01:39, 2026-01-26 01:16:45, 2026-01-26 01:32:06, 2026-01-26 01:46:54, 2026-01-26 01:56:41, 2026-01-26 02:01:47, 2026-01-26 02:17:07, 2026-01-26 02:32:15, 2026-01-26 02:40:41, 2026-01-26 02:46:51, 2026-01-26 03:01:58, 2026-01-26 03:16:49, 2026-01-26 03:32:04, 2026-01-26 03:46:51, 2026-01-26 03:51:28, 2026-01-26 04:01:47, 2026-01-26 04:17:20", "cumulative_total": 114.0 }, "geometry": { "type": "Polygon", "coordinates": [ [ [ -75.617563665814657, 45.687909768881511 ], [ -75.624013424402378, 45.690473042853874 ], [ -75.624071218952693, 45.695669365834078 ], [ -75.617678065677737, 45.698302427419748 ], [ -75.611227688981344, 45.69573880240322 ], [ -75.611171083673881, 45.690542466910216 ], [ -75.617563665814657, 45.687909768881511 ] ] ] } },
{ "type": "Feature", "properties": { "hex_id": 368173, "centroid_lon": -75.7297662658234, "centroid_lat": 45.427409975506237, "occurrences_today": 6, "datetimes_today": "2026-01-26 01:56:41, 2026-01-26 02:01:47, 2026-01-26 02:17:07, 2026-01-26 02:32:15, 2026-01-26 02:40:41, 2026-01-26 02:46:51", "cumulative_total": 8.0 }, "geometry": { "type": "Polygon", "coordinates": [ [ [ -75.72969931238832, 45.422213520872518 ], [ -75.736123612015547, 45.424770739603765 ], [ -75.73619116089921, 45.429967184434595 ], [ -75.729833237529874, 45.432606425314596 ], [ -75.723408324179601, 45.430048859992297 ], [ -75.723341947927821, 45.424852400445488 ], [ -75.72969931238832, 45.422213520872518 ] ] ] } },
{ "type": "Feature", "properties": { "hex_id": 567199, "centroid_lon": -73.645105222858675, "centroid_lat": 45.468476743721929, "occurrences_today": 36, "datetimes_today": "2026-01-26 00:02:15, 2026-01-26 00:16:52, 2026-01-26 00:31:49, 2026-01-26 00:46:53, 2026-01-26 00:48:34, 2026-01-26 01:01:39, 2026-01-26 01:16:45, 2026-01-26 01:32:06, 2026-01-26 01:46:54, 2026-01-26 01:56:41, 2026-01-26 02:01:47, 2026-01-26 02:17:07, 2026-01-26 02:32:15, 2026-01-26 02:40:41, 2026-01-26 02:46:51, 2026-01-26 03:01:58, 2026-01-26 03:16:49, 2026-01-26 03:32:04, 2026-01-26 03:46:51, 2026-01-26 03:51:28, 2026-01-26 04:01:47, 2026-01-26 04:17:20, 2026-01-26 04:32:16, 2026-01-26 04:47:13, 2026-01-26 04:49:28, 2026-01-26 05:01:43, 2026-01-26 05:16:43, 2026-01-26 05:32:07, 2026-01-26 05:46:14, 2026-01-26 05:46:52, 2026-01-26 06:01:43, 2026-01-26 06:16:45, 2026-01-26 06:32:11, 2026-01-26 06:33:55, 2026-01-26 06:46:39, 2026-01-26 07:01:49", "cumulative_total": 223.0 }, "geometry": { "type": "Polygon", "coordinates": [ [ [ -73.6452296994336, 45.463281359633463 ], [ -73.651561677548742, 45.465954727716088 ], [ -73.65143777110525, 45.471150122933118 ], [ -73.644980712304474, 45.473672122797765 ], [ -73.638648198042844, 45.470998386941233 ], [ -73.63877327871711, 45.465803019058377 ], [ -73.6452296994336, 45.463281359633463 ] ] ] } },
{ "type": "Feature", "properties": { "hex_id": 568420, "centroid_lon": -73.632316288040656, "centroid_lat": 45.468324305668915, "occurrences_today": 38, "datetimes_today": "2026-01-26 00:02:15, 2026-01-26 00:16:52, 2026-01-26 00:31:49, 2026-01-26 00:46:53, 2026-01-26 00:48:34, 2026-01-26 01:01:39, 2026-01-26 01:16:45, 2026-01-26 01:32:06, 2026-01-26 01:46:54, 2026-01-26 01:56:41, 2026-01-26 02:01:47, 2026-01-26 02:17:07, 2026-01-26 02:32:15, 2026-01-26 02:40:41, 2026-01-26 02:46:51, 2026-01-26 03:01:58, 2026-01-26 03:16:49, 2026-01-26 03:32:04, 2026-01-26 03:46:51, 2026-01-26 03:51:28, 2026-01-26 04:01:47, 2026-01-26 04:17:20, 2026-01-26 04:32:16, 2026-01-26 04:47:13, 2026-01-26 04:49:28, 2026-01-26 05:01:43, 2026-01-26 05:16:43, 2026-01-26 05:32:07, 2026-01-26 05:46:14, 2026-01-26 05:46:52, 2026-01-26 06:01:43, 2026-01-26 06:16:45, 2026-01-26 06:32:11, 2026-01-26 06:33:55, 2026-01-26 06:46:39, 2026-01-26 07:01:49, 2026-01-26 07:16:41, 2026-01-26 07:31:48", "cumulative_total": 223.0 }, "geometry": { "type": "Polygon", "coordinates": [ [ [ -73.632441938669132, 45.463128949041 ], [ -73.63877327871711, 45.465803019058377 ], [ -73.638648198042844, 45.470998386941233 ], [ -73.63219060311269, 45.473519657279198 ], [ -73.625858727415746, 45.470845219370325 ], [ -73.625984982286454, 45.465649879079393 ], [ -73.632441938669132, 45.463128949041 ] ] ] } },
{ "type": "Feature", "properties": { "hex_id": 569030, "centroid_lon": -73.626111202703299, "centroid_lat": 45.460454533768321, "occurrences_today": 36, "datetimes_today": "2026-01-26 00:02:15, 2026-01-26 00:16:52, 2026-01-26 00:31:49, 2026-01-26 00:46:53, 2026-01-26 00:48:34, 2026-01-26 01:01:39, 2026-01-26 01:16:45, 2026-01-26 01:32:06, 2026-01-26 01:46:54, 2026-01-26 01:56:41, 2026-01-26 02:01:47, 2026-01-26 02:17:07, 2026-01-26 02:32:15, 2026-01-26 02:40:41, 2026-01-26 02:46:51, 2026-01-26 03:01:58, 2026-01-26 03:16:49, 2026-01-26 03:32:04, 2026-01-26 03:46:51, 2026-01-26 03:51:28, 2026-01-26 04:01:47, 2026-01-26 04:17:20, 2026-01-26 04:32:16, 2026-01-26 04:47:13, 2026-01-26 04:49:28, 2026-01-26 05:01:43, 2026-01-26 05:16:43, 2026-01-26 05:32:07, 2026-01-26 05:46:14, 2026-01-26 05:46:52, 2026-01-26 06:01:43, 2026-01-26 06:16:45, 2026-01-26 06:32:11, 2026-01-26 06:33:55, 2026-01-26 06:46:39, 2026-01-26 07:01:49", "cumulative_total": 221.0 }, "geometry": { "type": "Polygon", "coordinates": [ [ [ -73.626237388677865, 45.455259183437214 ], [ -73.632567555009601, 45.457933587395495 ], [ -73.632441938669132, 45.463128949041 ], [ -73.625984982286454, 45.465649879079393 ], [ -73.619654280768671, 45.46297510727122 ], [ -73.619781070808074, 45.457779773338935 ], [ -73.626237388677865, 45.455259183437214 ] ] ] } },
{ "type": "Feature", "properties": { "hex_id": 569641, "centroid_lon": -73.619527456121148, "centroid_lat": 45.468170436180877, "occurrences_today": 38, "datetimes_today": "2026-01-26 00:02:15, 2026-01-26 00:16:52, 2026-01-26 00:31:49, 2026-01-26 00:46:53, 2026-01-26 00:48:34, 2026-01-26 01:01:39, 2026-01-26 01:16:45, 2026-01-26 01:32:06, 2026-01-26 01:46:54, 2026-01-26 01:56:41, 2026-01-26 02:01:47, 2026-01-26 02:17:07, 2026-01-26 02:32:15, 2026-01-26 02:40:41, 2026-01-26 02:46:51, 2026-01-26 03:01:58, 2026-01-26 03:16:49, 2026-01-26 03:32:04, 2026-01-26 03:46:51, 2026-01-26 03:51:28, 2026-01-26 04:01:47, 2026-01-26 04:17:20, 2026-01-26 04:32:16, 2026-01-26 04:47:13, 2026-01-26 04:49:28, 2026-01-26 05:01:43, 2026-01-26 05:16:43, 2026-01-26 05:32:07, 2026-01-26 05:46:14, 2026-01-26 05:46:52, 2026-01-26 06:01:43, 2026-01-26 06:16:45, 2026-01-26 06:32:11, 2026-01-26 06:33:55, 2026-01-26 06:46:39, 2026-01-26 07:01:49, 2026-01-26 07:16:41, 2026-01-26 07:31:48", "cumulative_total": 223.0 }, "geometry": { "type": "Polygon", "coordinates": [ [ [ -73.619654280768671, 45.46297510727122 ], [ -73.625984982286454, 45.465649879079393 ], [ -73.625858727415746, 45.470845219370325 ], [ -73.619400596853893, 45.473365760067843 ], [ -73.613069360184824, 45.4706906202507 ], [ -73.613196789217312, 45.465495307809427 ], [ -73.619654280768671, 45.46297510727122 ] ] ] } },
{ "type": "Feature", "properties": { "hex_id": 702117, "centroid_lon": -72.234663097267031, "centroid_lat": 45.40404956301888, "occurrences_today": 1, "datetimes_today": "2026-01-26 01:16:45", "cumulative_total": 49.0 }, "geometry": { "type": "Polygon", "coordinates": [ [ [ -72.234916509469258, 45.398858725957822 ], [ -72.241171103948844, 45.401608570672472 ], [ -72.24091824028794, 45.406799432609439 ], [ -72.23440961600366, 45.409240394234779 ], [ -72.228154542055449, 45.406490169946501 ], [ -72.228408571837065, 45.401299363670368 ], [ -72.234916509469258, 45.398858725957822 ] ] ] } },
{ "type": "Feature", "properties": { "hex_id": 702727, "centroid_lon": -72.228662532410738, "centroid_lat": 45.396108551544195, "occurrences_today": 7, "datetimes_today": "2026-01-26 06:16:45, 2026-01-26 06:32:11, 2026-01-26 06:33:55, 2026-01-26 06:46:39, 2026-01-26 07:01:49, 2026-01-26 07:16:41, 2026-01-26 07:31:48", "cumulative_total": 65.0 }, "geometry": { "type": "Polygon", "coordinates": [ [ [ -72.228916423799546, 45.390917733568386 ], [ -72.235169852633405, 45.393667883051997 ], [ -72.234916509469258, 45.398858725957822 ], [ -72.228408571837065, 45.401299363670368 ], [ -72.222154663974933, 45.39854883466365 ], [ -72.222409172750162, 45.393358047531358 ], [ -72.228916423799546, 45.390917733568386 ] ] ] } },
{ "type": "Feature", "properties": { "hex_id": 702728, "centroid_lon": -72.227900443042728, "centroid_lat": 45.41168097037221, "occurrences_today": 7, "datetimes_today": "2026-01-26 00:02:15, 2026-01-26 00:16:52, 2026-01-26 00:31:49, 2026-01-26 00:46:53, 2026-01-26 00:48:34, 2026-01-26 01:01:39, 2026-01-26 01:16:45", "cumulative_total": 87.0 }, "geometry": { "type": "Polygon", "coordinates": [ [ [ -72.228154542055449, 45.406490169946501 ], [ -72.23440961600366, 45.409240394234779 ], [ -72.234156065656038, 45.414431219605106 ], [ -72.227646274775779, 45.416871764947132 ], [ -72.221390721428264, 45.414121160929596 ], [ -72.221645438337177, 45.408930391363171 ], [ -72.228154542055449, 45.406490169946501 ] ] ] } },
{ "type": "Feature", "properties": { "hex_id": 703337, "centroid_lon": -72.222663612193827, "centroid_lat": 45.388167254544534, "occurrences_today": 7, "datetimes_today": "2026-01-26 06:16:45, 2026-01-26 06:32:11, 2026-01-26 06:33:55, 2026-01-26 06:46:39, 2026-01-26 07:01:49, 2026-01-26 07:16:41, 2026-01-26 07:31:48", "cumulative_total": 65.0 }, "geometry": { "type": "Polygon", "coordinates": [ [ [ -72.222917982329122, 45.382976455703592 ], [ -72.229170246026641, 45.385726909743312 ], [ -72.228916423799546, 45.390917733568386 ], [ -72.222409172750162, 45.393358047531358 ], [ -72.216156430464395, 45.390607214019091 ], [ -72.216411417793111, 45.385416446080207 ], [ -72.222917982329122, 45.382976455703592 ] ] ] } },
{ "type": "Feature", "properties": { "hex_id": 703338, "centroid_lon": -72.221900085844993, "centroid_lat": 45.403739615941056, "occurrences_today": 14, "datetimes_today": "2026-01-26 00:02:15, 2026-01-26 00:16:52, 2026-01-26 00:31:49, 2026-01-26 00:46:53, 2026-01-26 00:48:34, 2026-01-26 01:01:39, 2026-01-26 01:16:45, 2026-01-26 06:16:45, 2026-01-26 06:32:11, 2026-01-26 06:33:55, 2026-01-26 06:46:39, 2026-01-26 07:01:49, 2026-01-26 07:16:41, 2026-01-26 07:31:48", "cumulative_total": 99.0 }, "geometry": { "type": "Polygon", "coordinates": [ [ [ -72.222154663974933, 45.39854883466365 ], [ -72.228408571837065, 45.401299363670368 ], [ -72.228154542055449, 45.406490169946501 ], [ -72.221645438337177, 45.408930391363171 ], [ -72.215391051516207, 45.406179482677793 ], [ -72.21564624734917, 45.400988732318268 ], [ -72.222154663974933, 45.39854883466365 ] ] ] } },
{ "type": "Feature", "properties": { "hex_id": 703339, "centroid_lon": -72.221135935095091, "centroid_lat": 45.419311924639956, "occurrences_today": 17, "datetimes_today": "2026-01-26 00:02:15, 2026-01-26 00:16:52, 2026-01-26 00:31:49, 2026-01-26 00:46:53, 2026-01-26 00:48:34, 2026-01-26 01:01:39, 2026-01-26 01:16:45, 2026-01-26 01:32:06, 2026-01-26 01:46:54, 2026-01-26 01:56:41, 2026-01-26 02:01:47, 2026-01-26 02:17:07, 2026-01-26 02:32:15, 2026-01-26 02:40:41, 2026-01-26 02:46:51, 2026-01-26 03:01:58, 2026-01-26 03:16:49", "cumulative_total": 100.0 }, "geometry": { "type": "Polygon", "coordinates": [ [ [ -72.221390721428264, 45.414121160929596 ], [ -72.227646274775779, 45.416871764947132 ], [ -72.227392037231439, 45.422062553670877 ], [ -72.220881079314424, 45.42450268249388 ], [ -72.214625046637167, 45.421751698591422 ], [ -72.214880451183475, 45.416560965814753 ], [ -72.221390721428264, 45.414121160929596 ] ] ] } },
{ "type": "Feature", "properties": { "hex_id": 703948, "centroid_lon": -72.215901373657474, "centroid_lat": 45.395797976098571, "occurrences_today": 7, "datetimes_today": "2026-01-26 06:16:45, 2026-01-26 06:32:11, 2026-01-26 06:33:55, 2026-01-26 06:46:39, 2026-01-26 07:01:49, 2026-01-26 07:16:41, 2026-01-26 07:31:48", "cumulative_total": 65.0 }, "geometry": { "type": "Polygon", "coordinates": [ [ [ -72.216156430464395, 45.390607214019091 ], [ -72.222409172750162, 45.393358047531358 ], [ -72.222154663974933, 45.39854883466365 ], [ -72.21564624734917, 45.400988732318268 ], [ -72.209393026544731, 45.398237519177933 ], [ -72.209648700861521, 45.393046788074898 ], [ -72.216156430464395, 45.390607214019091 ] ] ] } },
{ "type": "Feature", "properties": { "hex_id": 703949, "centroid_lon": -72.215135786135392, "centroid_lat": 45.411370227176747, "occurrences_today": 14, "datetimes_today": "2026-01-26 00:02:15, 2026-01-26 00:16:52, 2026-01-26 00:31:49, 2026-01-26 00:46:53, 2026-01-26 00:48:34, 2026-01-26 01:01:39, 2026-01-26 01:16:45, 2026-01-26 06:16:45, 2026-01-26 06:32:11, 2026-01-26 06:33:55, 2026-01-26 06:46:39, 2026-01-26 07:01:49, 2026-01-26 07:16:41, 2026-01-26 07:31:48", "cumulative_total": 99.0 }, "geometry": { "type": "Polygon", "coordinates": [ [ [ -72.215391051516207, 45.406179482677793 ], [ -72.221645438337177, 45.408930391363171 ], [ -72.221390721428264, 45.414121160929596 ], [ -72.214880451183475, 45.416560965814753 ], [ -72.208625585473328, 45.413809677295113 ], [ -72.208881468873926, 45.408618963788449 ], [ -72.215391051516207, 45.406179482677793 ] ] ] } },
{ "type": "Feature", "properties": { "hex_id": 703950, "centroid_lon": -72.214369572473231, "centroid_lat": 45.426942425506375, "occurrences_today": 17, "datetimes_today": "2026-01-26 00:02:15, 2026-01-26 00:16:52, 2026-01-26 00:31:49, 2026-01-26 00:46:53, 2026-01-26 00:48:34, 2026-01-26 01:01:39, 2026-01-26 01:16:45, 2026-01-26 01:32:06, 2026-01-26 01:46:54, 2026-01-26 01:56:41, 2026-01-26 02:01:47, 2026-01-26 02:17:07, 2026-01-26 02:32:15, 2026-01-26 02:40:41, 2026-01-26 02:46:51, 2026-01-26 03:01:58, 2026-01-26 03:16:49", "cumulative_total": 100.0 }, "geometry": { "type": "Polygon", "coordinates": [ [ [ -72.214625046637167, 45.421751698591422 ], [ -72.220881079314424, 45.42450268249388 ], [ -72.220626154063041, 45.429693434490972 ], [ -72.214114028668362, 45.432133146559188 ], [ -72.20785751673111, 45.429381782616154 ], [ -72.208113609425254, 45.424191086709357 ], [ -72.214625046637167, 45.421751698591422 ] ] ] } },
{ "type": "Feature", "properties": { "hex_id": 704558, "centroid_lon": -72.209904305530273, "centroid_lat": 45.387856051107157, "occurrences_today": 7, "datetimes_today": "2026-01-26 06:16:45, 2026-01-26 06:32:11, 2026-01-26 06:33:55, 2026-01-26 06:46:39, 2026-01-26 07:01:49, 2026-01-26 07:16:41, 2026-01-26 07:31:48", "cumulative_total": 65.0 }, "geometry": { "type": "Polygon", "coordinates": [ [ [ -72.210159840574235, 45.382665308275143 ], [ -72.216411417793111, 45.385416446080207 ], [ -72.216156430464395, 45.390607214019091 ], [ -72.209648700861521, 45.393046788074898 ], [ -72.203396645563799, 45.39029527069242 ], [ -72.203652797924548, 45.385104558895357 ], [ -72.210159840574235, 45.382665308275143 ] ] ] } },
{ "type": "Feature", "properties": { "hex_id": 704559, "centroid_lon": -72.209137282556625, "centroid_lat": 45.403428244415927, "occurrences_today": 7, "datetimes_today": "2026-01-26 06:16:45, 2026-01-26 06:32:11, 2026-01-26 06:33:55, 2026-01-26 06:46:39, 2026-01-26 07:01:49, 2026-01-26 07:16:41, 2026-01-26 07:31:48", "cumulative_total": 82.0 }, "geometry": { "type": "Polygon", "coordinates": [ [ [ -72.209393026544731, 45.398237519177933 ], [ -72.21564624734917, 45.400988732318268 ], [ -72.215391051516207, 45.406179482677793 ], [ -72.208881468873926, 45.408618963788449 ], [ -72.202627769620577, 45.405867370864541 ], [ -72.202884131435141, 45.400676676677406 ], [ -72.209393026544731, 45.398237519177933 ] ] ] } },
{ "type": "Feature", "properties": { "hex_id": 704560, "centroid_lon": -72.208369632331554, "centroid_lat": 45.419000384935558, "occurrences_today": 22, "datetimes_today": "2026-01-26 00:02:15, 2026-01-26 00:16:52, 2026-01-26 00:31:49, 2026-01-26 00:46:53, 2026-01-26 00:48:34, 2026-01-26 01:01:39, 2026-01-26 01:16:45, 2026-01-26 01:32:06, 2026-01-26 01:46:54, 2026-01-26 01:56:41, 2026-01-26 02:01:47, 2026-01-26 02:17:07, 2026-01-26 02:32:15, 2026-01-26 02:40:41, 2026-01-26 02:46:51, 2026-01-26 03:01:58, 2026-01-26 03:16:49, 2026-01-26 03:32:04, 2026-01-26 03:46:51, 2026-01-26 03:51:28, 2026-01-26 04:01:47, 2026-01-26 04:17:20", "cumulative_total": 110.0 }, "geometry": { "type": "Polygon", "coordinates": [ [ [ -72.208625585473328, 45.413809677295113 ], [ -72.214880451183475, 45.416560965814753 ], [ -72.214625046637167, 45.421751698591422 ], [ -72.208113609425254, 45.424191086709357 ], [ -72.201858264895804, 45.421439418199846 ], [ -72.20211483637425, 45.416248741626148 ], [ -72.208625585473328, 45.413809677295113 ] ] ] } },
{ "type": "Feature", "properties": { "hex_id": 704561, "centroid_lon": -72.207601354225801, "centroid_lat": 45.434572472655518, "occurrences_today": 6, "datetimes_today": "2026-01-26 00:02:15, 2026-01-26 00:16:52, 2026-01-26 00:31:49, 2026-01-26 00:46:53, 2026-01-26 00:48:34, 2026-01-26 01:01:39", "cumulative_total": 86.0 }, "geometry": { "type": "Polygon", "coordinates": [ [ [ -72.20785751673111, 45.429381782616154 ], [ -72.214114028668362, 45.432133146559188 ], [ -72.213858415199283, 45.437323861749519 ], [ -72.20734512188595, 45.439763156827091 ], [ -72.201088130758677, 45.437011412687774 ], [ -72.201344912111395, 45.431820753731053 ], [ -72.20785751673111, 45.429381782616154 ] ] ] } },
{ "type": "Feature", "properties": { "hex_id": 705168, "centroid_lon": -72.203908880513978, "centroid_lat": 45.379913841229111, "occurrences_today": 7, "datetimes_today": "2026-01-26 06:16:45, 2026-01-26 06:32:11, 2026-01-26 06:33:55, 2026-01-26 06:46:39, 2026-01-26 07:01:49, 2026-01-26 07:16:41, 2026-01-26 07:31:48", "cumulative_total": 65.0 }, "geometry": { "type": "Polygon", "coordinates": [ [ [ -72.204164893355397, 45.374723117694074 ], [ -72.210415306016685, 45.377474559579234 ], [ -72.210159840574235, 45.382665308275143 ], [ -72.203652797924548, 45.385104558895357 ], [ -72.197401907623941, 45.382352737483437 ], [ -72.197658537589078, 45.37716204504185 ], [ -72.204164893355397, 45.374723117694074 ] ] ] } },
{ "type": "Feature", "properties": { "hex_id": 705169, "centroid_lon": -72.203140423408442, "centroid_lat": 45.395485976619895, "occurrences_today": 7, "datetimes_today": "2026-01-26 06:16:45, 2026-01-26 06:32:11, 2026-01-26 06:33:55, 2026-01-26 06:46:39, 2026-01-26 07:01:49, 2026-01-26 07:16:41, 2026-01-26 07:31:48", "cumulative_total": 65.0 }, "geometry": { "type": "Polygon", "coordinates": [ [ [ -72.203396645563799, 45.39029527069242 ], [ -72.209648700861521, 45.393046788074898 ], [ -72.209393026544731, 45.398237519177933 ], [ -72.202884131435141, 45.400676676677406 ], [ -72.196631598128462, 45.397924779562025 ], [ -72.196888437916996, 45.392734104743923 ], [ -72.203396645563799, 45.39029527069242 ] ] ] } },
{ "type": "Feature", "properties": { "hex_id": 705170, "centroid_lon": -72.2023713379414, "centroid_lat": 45.411058059180924, "occurrences_today": 29, "datetimes_today": "2026-01-26 00:02:15, 2026-01-26 00:16:52, 2026-01-26 00:31:49, 2026-01-26 00:46:53, 2026-01-26 00:48:34, 2026-01-26 01:01:39, 2026-01-26 01:16:45, 2026-01-26 01:32:06, 2026-01-26 01:46:54, 2026-01-26 01:56:41, 2026-01-26 02:01:47, 2026-01-26 02:17:07, 2026-01-26 02:32:15, 2026-01-26 02:40:41, 2026-01-26 02:46:51, 2026-01-26 03:01:58, 2026-01-26 03:16:49, 2026-01-26 03:32:04, 2026-01-26 03:46:51, 2026-01-26 03:51:28, 2026-01-26 04:01:47, 2026-01-26 04:17:20, 2026-01-26 06:16:45, 2026-01-26 06:32:11, 2026-01-26 06:33:55, 2026-01-26 06:46:39, 2026-01-26 07:01:49, 2026-01-26 07:16:41, 2026-01-26 07:31:48", "cumulative_total": 122.0 }, "geometry": { "type": "Polygon", "coordinates": [ [ [ -72.202627769620577, 45.405867370864541 ], [ -72.208881468873926, 45.408618963788449 ], [ -72.208625585473328, 45.413809677295113 ], [ -72.20211483637425, 45.416248741626148 ], [ -72.195860658741978, 45.413496768763103 ], [ -72.19611770856433, 45.408306111572024 ], [ -72.202627769620577, 45.405867370864541 ] ] ] } },
{ "type": "Feature", "properties": { "hex_id": 705171, "centroid_lon": -72.201601623482645, "centroid_lat": 45.426630088901611, "occurrences_today": 17, "datetimes_today": "2026-01-26 00:02:15, 2026-01-26 00:16:52, 2026-01-26 00:31:49, 2026-01-26 00:46:53, 2026-01-26 00:48:34, 2026-01-26 01:01:39, 2026-01-26 01:16:45, 2026-01-26 01:32:06, 2026-01-26 01:46:54, 2026-01-26 01:56:41, 2026-01-26 02:01:47, 2026-01-26 02:17:07, 2026-01-26 02:32:15, 2026-01-26 02:40:41, 2026-01-26 02:46:51, 2026-01-26 03:01:58, 2026-01-26 03:16:49", "cumulative_total": 102.0 }, "geometry": { "type": "Polygon", "coordinates": [ [ [ -72.201858264895804, 45.421439418199846 ], [ -72.208113609425254, 45.424191086709357 ], [ -72.20785751673111, 45.429381782616154 ], [ -72.201344912111395, 45.431820753731053 ], [ -72.195089088832717, 45.429068705076027 ], [ -72.195346348899591, 45.423878065515495 ], [ -72.201858264895804, 45.421439418199846 ] ] ] } },
{ "type": "Feature", "properties": { "hex_id": 705172, "centroid_lon": -72.200831279401044, "centroid_lat": 45.442202065771376, "occurrences_today": 13, "datetimes_today": "2026-01-26 00:02:15, 2026-01-26 00:16:52, 2026-01-26 00:31:49, 2026-01-26 00:46:53, 2026-01-26 00:48:34, 2026-01-26 01:01:39, 2026-01-26 01:16:45, 2026-01-26 01:32:06, 2026-01-26 01:46:54, 2026-01-26 01:56:41, 2026-01-26 02:01:47, 2026-01-26 02:17:07, 2026-01-26 02:32:15", "cumulative_total": 98.0 }, "geometry": { "type": "Polygon", "coordinates": [ [ [ -72.201088130758677, 45.437011412687774 ], [ -72.20734512188595, 45.439763156827091 ], [ -72.207088819688209, 45.444953835130484 ], [ -72.200574358015118, 45.44739271298149 ], [ -72.194316887767982, 45.444640588490145 ], [ -72.194574358290367, 45.439449966563728 ], [ -72.201088130758677, 45.437011412687774 ] ] ] } },
{ "type": "Feature", "properties": { "hex_id": 705779, "centroid_lon": -72.197145207741045, "centroid_lat": 45.387543424050925, "occurrences_today": 7, "datetimes_today": "2026-01-26 06:16:45, 2026-01-26 06:32:11, 2026-01-26 06:33:55, 2026-01-26 06:46:39, 2026-01-26 07:01:49, 2026-01-26 07:16:41, 2026-01-26 07:31:48", "cumulative_total": 65.0 }, "geometry": { "type": "Polygon", "coordinates": [ [ [ -72.197401907623941, 45.382352737483437 ], [ -72.203652797924548, 45.385104558895357 ], [ -72.203396645563799, 45.39029527069242 ], [ -72.196888437916996, 45.392734104743923 ], [ -72.190637070047046, 45.38998190364984 ], [ -72.190894387369895, 45.38479124825021 ], [ -72.197401907623941, 45.382352737483437 ] ] ] } },
{ "type": "Feature", "properties": { "hex_id": 705780, "centroid_lon": -72.196374688352037, "centroid_lat": 45.403115448504856, "occurrences_today": 7, "datetimes_today": "2026-01-26 06:16:45, 2026-01-26 06:32:11, 2026-01-26 06:33:55, 2026-01-26 06:46:39, 2026-01-26 07:01:49, 2026-01-26 07:16:41, 2026-01-26 07:31:48", "cumulative_total": 73.0 }, "geometry": { "type": "Polygon", "coordinates": [ [ [ -72.196631598128462, 45.397924779562025 ], [ -72.202884131435141, 45.400676676677406 ], [ -72.202627769620577, 45.405867370864541 ], [ -72.19611770856433, 45.408306111572024 ], [ -72.189864697318754, 45.405553834568273 ], [ -72.190122225044917, 45.400363196809259 ], [ -72.196631598128462, 45.397924779562025 ] ] ] } },
{ "type": "Feature", "properties": { "hex_id": 705781, "centroid_lon": -72.195603538861519, "centroid_lat": 45.418687420077731, "occurrences_today": 29, "datetimes_today": "2026-01-26 00:02:15, 2026-01-26 00:16:52, 2026-01-26 00:31:49, 2026-01-26 00:46:53, 2026-01-26 00:48:34, 2026-01-26 01:01:39, 2026-01-26 01:16:45, 2026-01-26 01:32:06, 2026-01-26 01:46:54, 2026-01-26 01:56:41, 2026-01-26 02:01:47, 2026-01-26 02:17:07, 2026-01-26 02:32:15, 2026-01-26 02:40:41, 2026-01-26 02:46:51, 2026-01-26 03:01:58, 2026-01-26 03:16:49, 2026-01-26 03:32:04, 2026-01-26 03:46:51, 2026-01-26 03:51:28, 2026-01-26 04:01:47, 2026-01-26 04:17:20, 2026-01-26 06:16:45, 2026-01-26 06:32:11, 2026-01-26 06:33:55, 2026-01-26 06:46:39, 2026-01-26 07:01:49, 2026-01-26 07:16:41, 2026-01-26 07:31:48", "cumulative_total": 122.0 }, "geometry": { "type": "Polygon", "coordinates": [ [ [ -72.195860658741978, 45.413496768763103 ], [ -72.20211483637425, 45.416248741626148 ], [ -72.201858264895804, 45.421439418199846 ], [ -72.195346348899591, 45.423878065515495 ], [ -72.189091692958527, 45.421125712557732 ], [ -72.189349431299021, 45.415935092442894 ], [ -72.195860658741978, 45.413496768763103 ] ] ] } },
{ "type": "Feature", "properties": { "hex_id": 705782, "centroid_lon": -72.194831758637463, "centroid_lat": 45.434259338758892, "occurrences_today": 17, "datetimes_today": "2026-01-26 00:02:15, 2026-01-26 00:16:52, 2026-01-26 00:31:49, 2026-01-26 00:46:53, 2026-01-26 00:48:34, 2026-01-26 01:01:39, 2026-01-26 01:16:45, 2026-01-26 01:32:06, 2026-01-26 01:46:54, 2026-01-26 01:56:41, 2026-01-26 02:01:47, 2026-01-26 02:17:07, 2026-01-26 02:32:15, 2026-01-26 02:40:41, 2026-01-26 02:46:51, 2026-01-26 03:01:58, 2026-01-26 03:16:49", "cumulative_total": 102.0 }, "geometry": { "type": "Polygon", "coordinates": [ [ [ -72.195089088832717, 45.429068705076027 ], [ -72.201344912111395, 45.431820753731053 ], [ -72.201088130758677, 45.437011412687774 ], [ -72.194574358290367, 45.439449966563728 ], [ -72.188318056332719, 45.436697537607536 ], [ -72.188576005498874, 45.43150693514044 ], [ -72.195089088832717, 45.429068705076027 ] ] ] } },
{ "type": "Feature", "properties": { "hex_id": 705783, "centroid_lon": -72.194059347046831, "centroid_lat": 45.449831204537716, "occurrences_today": 7, "datetimes_today": "2026-01-26 01:16:45, 2026-01-26 01:32:06, 2026-01-26 01:46:54, 2026-01-26 01:56:41, 2026-01-26 02:01:47, 2026-01-26 02:17:07, 2026-01-26 02:32:15", "cumulative_total": 34.0 }, "geometry": { "type": "Polygon", "coordinates": [ [ [ -72.194316887767982, 45.444640588490145 ], [ -72.200574358015118, 45.44739271298149 ], [ -72.200317366577465, 45.452583354317689 ], [ -72.19380173610341, 45.455021814706086 ], [ -72.187543786806771, 45.452269309706985 ], [ -72.187801947010186, 45.447078724891206 ], [ -72.194316887767982, 45.444640588490145 ] ] ] } },
{ "type": "Feature", "properties": { "hex_id": 706389, "centroid_lon": -72.191151634605149, "centroid_lat": 45.379600586971172, "occurrences_today": 7, "datetimes_today": "2026-01-26 06:16:45, 2026-01-26 06:32:11, 2026-01-26 06:33:55, 2026-01-26 06:46:39, 2026-01-26 07:01:49, 2026-01-26 07:16:41, 2026-01-26 07:31:48", "cumulative_total": 65.0 }, "geometry": { "type": "Polygon", "coordinates": [ [ [ -72.191408811776185, 45.374409919813132 ], [ -72.197658537589078, 45.37716204504185 ], [ -72.197401907623941, 45.382352737483437 ], [ -72.190894387369895, 45.38479124825021 ], [ -72.184644184426986, 45.382038743390055 ], [ -72.184901978844749, 45.376848107458336 ], [ -72.191408811776185, 45.374409919813132 ] ] ] } },
{ "type": "Feature", "properties": { "hex_id": 706390, "centroid_lon": -72.190379682613198, "centroid_lat": 45.395172553169651, "occurrences_today": 7, "datetimes_today": "2026-01-26 06:16:45, 2026-01-26 06:32:11, 2026-01-26 06:33:55, 2026-01-26 06:46:39, 2026-01-26 07:01:49, 2026-01-26 07:16:41, 2026-01-26 07:31:48", "cumulative_total": 65.0 }, "geometry": { "type": "Polygon", "coordinates": [ [ [ -72.190637070047046, 45.38998190364984 ], [ -72.196888437916996, 45.392734104743923 ], [ -72.196631598128462, 45.397924779562025 ], [ -72.190122225044917, 45.400363196809259 ], [ -72.18387037967581, 45.397610615877561 ], [ -72.184128384865971, 45.392419997600065 ], [ -72.190637070047046, 45.38998190364984 ] ] ] } },
{ "type": "Feature", "properties": { "hex_id": 706391, "centroid_lon": -72.189607099411276, "centroid_lat": 45.410744466446282, "occurrences_today": 29, "datetimes_today": "2026-01-26 00:02:15, 2026-01-26 00:16:52, 2026-01-26 00:31:49, 2026-01-26 00:46:53, 2026-01-26 00:48:34, 2026-01-26 01:01:39, 2026-01-26 01:16:45, 2026-01-26 01:32:06, 2026-01-26 01:46:54, 2026-01-26 01:56:41, 2026-01-26 02:01:47, 2026-01-26 02:17:07, 2026-01-26 02:32:15, 2026-01-26 02:40:41, 2026-01-26 02:46:51, 2026-01-26 03:01:58, 2026-01-26 03:16:49, 2026-01-26 03:32:04, 2026-01-26 03:46:51, 2026-01-26 03:51:28, 2026-01-26 04:01:47, 2026-01-26 04:17:20, 2026-01-26 06:16:45, 2026-01-26 06:32:11, 2026-01-26 06:33:55, 2026-01-26 06:46:39, 2026-01-26 07:01:49, 2026-01-26 07:16:41, 2026-01-26 07:31:48", "cumulative_total": 122.0 }, "geometry": { "type": "Polygon", "coordinates": [ [ [ -72.189864697318754, 45.405553834568273 ], [ -72.19611770856433, 45.408306111572024 ], [ -72.195860658741978, 45.413496768763103 ], [ -72.189349431299021, 45.415935092442894 ], [ -72.183095942184835, 45.413182435395235 ], [ -72.183354158358739, 45.407991834775544 ], [ -72.189864697318754, 45.405553834568273 ] ] ] } },
{ "type": "Feature", "properties": { "hex_id": 706392, "centroid_lon": -72.188833884366304, "centroid_lat": 45.426316326790371, "occurrences_today": 17, "datetimes_today": "2026-01-26 00:02:15, 2026-01-26 00:16:52, 2026-01-26 00:31:49, 2026-01-26 00:46:53, 2026-01-26 00:48:34, 2026-01-26 01:01:39, 2026-01-26 01:16:45, 2026-01-26 01:32:06, 2026-01-26 01:46:54, 2026-01-26 01:56:41, 2026-01-26 02:01:47, 2026-01-26 02:17:07, 2026-01-26 02:32:15, 2026-01-26 02:40:41, 2026-01-26 02:46:51, 2026-01-26 03:01:58, 2026-01-26 03:16:49", "cumulative_total": 100.0 }, "geometry": { "type": "Polygon", "coordinates": [ [ [ -72.189091692958527, 45.421125712557732 ], [ -72.195346348899591, 45.423878065515495 ], [ -72.195089088832717, 45.429068705076027 ], [ -72.188576005498874, 45.43150693514044 ], [ -72.182320871319433, 45.428754201932335 ], [ -72.182579298688708, 45.423563618974036 ], [ -72.189091692958527, 45.421125712557732 ] ] ] } },
{ "type": "Feature", "properties": { "hex_id": 706393, "centroid_lon": -72.188060036844334, "centroid_lat": 45.441888134191245, "occurrences_today": 13, "datetimes_today": "2026-01-26 00:02:15, 2026-01-26 00:16:52, 2026-01-26 00:31:49, 2026-01-26 00:46:53, 2026-01-26 00:48:34, 2026-01-26 01:01:39, 2026-01-26 01:16:45, 2026-01-26 01:32:06, 2026-01-26 01:46:54, 2026-01-26 01:56:41, 2026-01-26 02:01:47, 2026-01-26 02:17:07, 2026-01-26 02:32:15", "cumulative_total": 98.0 }, "geometry": { "type": "Polygon", "coordinates": [ [ [ -72.188318056332719, 45.436697537607536 ], [ -72.194574358290367, 45.439449966563728 ], [ -72.194316887767982, 45.444640588490145 ], [ -72.187801947010186, 45.447078724891206 ], [ -72.181545166444067, 45.444325915478125 ], [ -72.181803805220667, 45.439135350184785 ], [ -72.188318056332719, 45.436697537607536 ] ] ] } },
{ "type": "Feature", "properties": { "hex_id": 707000, "centroid_lon": -72.184386319775214, "centroid_lat": 45.387229373437421, "occurrences_today": 7, "datetimes_today": "2026-01-26 06:16:45, 2026-01-26 06:32:11, 2026-01-26 06:33:55, 2026-01-26 06:46:39, 2026-01-26 07:01:49, 2026-01-26 07:16:41, 2026-01-26 07:31:48", "cumulative_total": 65.0 }, "geometry": { "type": "Polygon", "coordinates": [ [ [ -72.184644184426986, 45.382038743390055 ], [ -72.190894387369895, 45.38479124825021 ], [ -72.190637070047046, 45.38998190364984 ], [ -72.184128384865971, 45.392419997600065 ], [ -72.17787770486332, 45.389667112953099 ], [ -72.178136187078024, 45.384476514206504 ], [ -72.184644184426986, 45.382038743390055 ] ] ] } },
{ "type": "Feature", "properties": { "hex_id": 707001, "centroid_lon": -72.183612304181224, "centroid_lat": 45.402801228269524, "occurrences_today": 7, "datetimes_today": "2026-01-26 06:16:45, 2026-01-26 06:32:11, 2026-01-26 06:33:55, 2026-01-26 06:46:39, 2026-01-26 07:01:49, 2026-01-26 07:16:41, 2026-01-26 07:31:48", "cumulative_total": 65.0 }, "geometry": { "type": "Polygon", "coordinates": [ [ [ -72.18387037967581, 45.397610615877561 ], [ -72.190122225044917, 45.400363196809259 ], [ -72.189864697318754, 45.405553834568273 ], [ -72.183354158358739, 45.407991834775544 ], [ -72.177101835560876, 45.405238873850791 ], [ -72.177360529128279, 45.400048292775644 ], [ -72.18387037967581, 45.397610615877561 ] ] ] } },
{ "type": "Feature", "properties": { "hex_id": 707002, "centroid_lon": -72.182837655636007, "centroid_lat": 45.418373030128201, "occurrences_today": 29, "datetimes_today": "2026-01-26 00:02:15, 2026-01-26 00:16:52, 2026-01-26 00:31:49, 2026-01-26 00:46:53, 2026-01-26 00:48:34, 2026-01-26 01:01:39, 2026-01-26 01:16:45, 2026-01-26 01:32:06, 2026-01-26 01:46:54, 2026-01-26 01:56:41, 2026-01-26 02:01:47, 2026-01-26 02:17:07, 2026-01-26 02:32:15, 2026-01-26 02:40:41, 2026-01-26 02:46:51, 2026-01-26 03:01:58, 2026-01-26 03:16:49, 2026-01-26 03:32:04, 2026-01-26 03:46:51, 2026-01-26 03:51:28, 2026-01-26 04:01:47, 2026-01-26 04:17:20, 2026-01-26 06:16:45, 2026-01-26 06:32:11, 2026-01-26 06:33:55, 2026-01-26 06:46:39, 2026-01-26 07:01:49, 2026-01-26 07:16:41, 2026-01-26 07:31:48", "cumulative_total": 122.0 }, "geometry": { "type": "Polygon", "coordinates": [ [ [ -72.183095942184835, 45.413182435395235 ], [ -72.189349431299021, 45.415935092442894 ], [ -72.189091692958527, 45.421125712557732 ], [ -72.182579298688708, 45.423563618974036 ], [ -72.176325331776425, 45.420810581726919 ], [ -72.176584236908511, 45.415620018326827 ], [ -72.183095942184835, 45.413182435395235 ] ] ] } },
{ "type": "Feature", "properties": { "hex_id": 707610, "centroid_lon": -72.178394598888872, "centroid_lat": 45.379285909570214, "occurrences_today": 7, "datetimes_today": "2026-01-26 06:16:45, 2026-01-26 06:32:11, 2026-01-26 06:33:55, 2026-01-26 06:46:39, 2026-01-26 07:01:49, 2026-01-26 07:16:41, 2026-01-26 07:31:48", "cumulative_total": 65.0 }, "geometry": { "type": "Polygon", "coordinates": [ [ [ -72.178652940319381, 45.374095299044669 ], [ -72.184901978844749, 45.376848107458336 ], [ -72.184644184426986, 45.382038743390055 ], [ -72.178136187078024, 45.384476514206504 ], [ -72.171886671932015, 45.38172332605685 ], [ -72.172145630732075, 45.37653274689049 ], [ -72.178652940319381, 45.374095299044669 ] ] ] } },
{ "type": "Feature", "properties": { "hex_id": 707611, "centroid_lon": -72.177619152221254, "centroid_lat": 45.394857705809613, "occurrences_today": 7, "datetimes_today": "2026-01-26 06:16:45, 2026-01-26 06:32:11, 2026-01-26 06:33:55, 2026-01-26 06:46:39, 2026-01-26 07:01:49, 2026-01-26 07:16:41, 2026-01-26 07:31:48", "cumulative_total": 65.0 }, "geometry": { "type": "Polygon", "coordinates": [ [ [ -72.17787770486332, 45.389667112953099 ], [ -72.184128384865971, 45.392419997600065 ], [ -72.18387037967581, 45.397610615877561 ], [ -72.177360529128279, 45.400048292775644 ], [ -72.171109372136399, 45.397295028186434 ], [ -72.171368542657746, 45.39210446670522 ], [ -72.17787770486332, 45.389667112953099 ] ] ] } },
{ "type": "Feature", "properties": { "hex_id": 707612, "centroid_lon": -72.176843071495469, "centroid_lat": 45.410429449034645, "occurrences_today": 29, "datetimes_today": "2026-01-26 00:02:15, 2026-01-26 00:16:52, 2026-01-26 00:31:49, 2026-01-26 00:46:53, 2026-01-26 00:48:34, 2026-01-26 01:01:39, 2026-01-26 01:16:45, 2026-01-26 01:32:06, 2026-01-26 01:46:54, 2026-01-26 01:56:41, 2026-01-26 02:01:47, 2026-01-26 02:17:07, 2026-01-26 02:32:15, 2026-01-26 02:40:41, 2026-01-26 02:46:51, 2026-01-26 03:01:58, 2026-01-26 03:16:49, 2026-01-26 03:32:04, 2026-01-26 03:46:51, 2026-01-26 03:51:28, 2026-01-26 04:01:47, 2026-01-26 04:17:20, 2026-01-26 06:16:45, 2026-01-26 06:32:11, 2026-01-26 06:33:55, 2026-01-26 06:46:39, 2026-01-26 07:01:49, 2026-01-26 07:16:41, 2026-01-26 07:31:48", "cumulative_total": 122.0 }, "geometry": { "type": "Polygon", "coordinates": [ [ [ -72.177101835560876, 45.405238873850791 ], [ -72.183354158358739, 45.407991834775544 ], [ -72.183095942184835, 45.413182435395235 ], [ -72.176584236908511, 45.415620018326827 ], [ -72.170331436752477, 45.412866677253497 ], [ -72.170590819207376, 45.407676133460996 ], [ -72.177101835560876, 45.405238873850791 ] ] ] } },
{ "type": "Feature", "properties": { "hex_id": 707613, "centroid_lon": -72.176066356075594, "centroid_lat": 45.426001139234536, "occurrences_today": 7, "datetimes_today": "2026-01-26 06:16:45, 2026-01-26 06:32:11, 2026-01-26 06:33:55, 2026-01-26 06:46:39, 2026-01-26 07:01:49, 2026-01-26 07:16:41, 2026-01-26 07:31:48", "cumulative_total": 82.0 }, "geometry": { "type": "Polygon", "coordinates": [ [ [ -72.176325331776425, 45.420810581726919 ], [ -72.182579298688708, 45.423563618974036 ], [ -72.182320871319433, 45.428754201932335 ], [ -72.175807309782485, 45.431191690849268 ], [ -72.169552865142762, 45.428438273247131 ], [ -72.16981245974381, 45.423247747146966 ], [ -72.176325331776425, 45.420810581726919 ] ] ] } },
{ "type": "Feature", "properties": { "hex_id": 708220, "centroid_lon": -72.172404519005525, "centroid_lat": 45.371342161829915, "occurrences_today": 7, "datetimes_today": "2026-01-26 06:16:45, 2026-01-26 06:32:11, 2026-01-26 06:33:55, 2026-01-26 06:46:39, 2026-01-26 07:01:49, 2026-01-26 07:16:41, 2026-01-26 07:31:48", "cumulative_total": 65.0 }, "geometry": { "type": "Polygon", "coordinates": [ [ [ -72.172663336775884, 45.366151570875509 ], [ -72.178911211393029, 45.368904682630216 ], [ -72.178652940319381, 45.374095299044669 ], [ -72.172145630732075, 45.37653274689049 ], [ -72.165897279933091, 45.373779255450643 ], [ -72.166156714879691, 45.368588695913857 ], [ -72.172663336775884, 45.366151570875509 ] ] ] } },
{ "type": "Feature", "properties": { "hex_id": 708221, "centroid_lon": -72.171627642581754, "centroid_lat": 45.38691389932854, "occurrences_today": 7, "datetimes_today": "2026-01-26 06:16:45, 2026-01-26 06:32:11, 2026-01-26 06:33:55, 2026-01-26 06:46:39, 2026-01-26 07:01:49, 2026-01-26 07:16:41, 2026-01-26 07:31:48", "cumulative_total": 65.0 }, "geometry": { "type": "Polygon", "coordinates": [ [ [ -72.171886671932015, 45.38172332605685 ], [ -72.178136187078024, 45.384476514206504 ], [ -72.17787770486332, 45.389667112953099 ], [ -72.171368542657746, 45.39210446670522 ], [ -72.165118550961708, 45.389350898664226 ], [ -72.165378197997711, 45.384160356826222 ], [ -72.171886671932015, 45.38172332605685 ] ] ] } },
{ "type": "Feature", "properties": { "hex_id": 708222, "centroid_lon": -72.17085013099414, "centroid_lat": 45.402485583771842, "occurrences_today": 7, "datetimes_today": "2026-01-26 06:16:45, 2026-01-26 06:32:11, 2026-01-26 06:33:55, 2026-01-26 06:46:39, 2026-01-26 07:01:49, 2026-01-26 07:16:41, 2026-01-26 07:31:48", "cumulative_total": 65.0 }, "geometry": { "type": "Polygon", "coordinates": [ [ [ -72.171109372136399, 45.397295028186434 ], [ -72.177360529128279, 45.400048292775644 ], [ -72.177101835560876, 45.405238873850791 ], [ -72.170590819207376, 45.407676133460996 ], [ -72.164339185296967, 45.404922488774162 ], [ -72.164599044634969, 45.39973196463859 ], [ -72.171109372136399, 45.397295028186434 ] ] ] } },
{ "type": "Feature", "properties": { "hex_id": 708223, "centroid_lon": -72.170071983605837, "centroid_lat": 45.418057215148956, "occurrences_today": 7, "datetimes_today": "2026-01-26 06:16:45, 2026-01-26 06:32:11, 2026-01-26 06:33:55, 2026-01-26 06:46:39, 2026-01-26 07:01:49, 2026-01-26 07:16:41, 2026-01-26 07:31:48", "cumulative_total": 65.0 }, "geometry": { "type": "Polygon", "coordinates": [ [ [ -72.170331436752477, 45.412866677253497 ], [ -72.176584236908511, 45.415620018326827 ], [ -72.176325331776425, 45.420810581726919 ], [ -72.16981245974381, 45.423247747146966 ], [ -72.163559182300432, 45.420494025769557 ], [ -72.163819254153367, 45.41530351934005 ], [ -72.170331436752477, 45.412866677253497 ] ] ] } },
{ "type": "Feature", "properties": { "hex_id": 708831, "centroid_lon": -72.165637774313637, "centroid_lat": 45.378969809088225, "occurrences_today": 7, "datetimes_today": "2026-01-26 06:16:45, 2026-01-26 06:32:11, 2026-01-26 06:33:55, 2026-01-26 06:46:39, 2026-01-26 07:01:49, 2026-01-26 07:16:41, 2026-01-26 07:31:48", "cumulative_total": 65.0 }, "geometry": { "type": "Polygon", "coordinates": [ [ [ -72.165897279933091, 45.373779255450643 ], [ -72.172145630732075, 45.37653274689049 ], [ -72.171886671932015, 45.38172332605685 ], [ -72.165378197997711, 45.384160356826222 ], [ -72.159129371087587, 45.381406485545931 ], [ -72.159389494199303, 45.376215963400469 ], [ -72.165897279933091, 45.373779255450643 ] ] ] } },
{ "type": "Feature", "properties": { "hex_id": 708832, "centroid_lon": -72.164858833182009, "centroid_lat": 45.39454143460182, "occurrences_today": 7, "datetimes_today": "2026-01-26 06:16:45, 2026-01-26 06:32:11, 2026-01-26 06:33:55, 2026-01-26 06:46:39, 2026-01-26 07:01:49, 2026-01-26 07:16:41, 2026-01-26 07:31:48", "cumulative_total": 65.0 }, "geometry": { "type": "Polygon", "coordinates": [ [ [ -72.165118550961708, 45.389350898664226 ], [ -72.171368542657746, 45.39210446670522 ], [ -72.171109372136399, 45.397295028186434 ], [ -72.164599044634969, 45.39973196463859 ], [ -72.15834857645973, 45.396978016550875 ], [ -72.15860891224149, 45.391787512121539 ], [ -72.165118550961708, 45.389350898664226 ] ] ] } },
{ "type": "Feature", "properties": { "hex_id": 708833, "centroid_lon": -72.164079255144316, "centroid_lat": 45.410113007008121, "occurrences_today": 7, "datetimes_today": "2026-01-26 06:16:45, 2026-01-26 06:32:11, 2026-01-26 06:33:55, 2026-01-26 06:46:39, 2026-01-26 07:01:49, 2026-01-26 07:16:41, 2026-01-26 07:31:48", "cumulative_total": 65.0 }, "geometry": { "type": "Polygon", "coordinates": [ [ [ -72.164339185296967, 45.404922488774162 ], [ -72.170590819207376, 45.407676133460996 ], [ -72.170331436752477, 45.412866677253497 ], [ -72.163819254153367, 45.41530351934005 ], [ -72.15756714339534, 45.41254949440011 ], [ -72.15782769206038, 45.407359007690573 ], [ -72.164339185296967, 45.404922488774162 ] ] ] } },
{ "type": "Feature", "properties": { "hex_id": 708834, "centroid_lon": -72.163299039561821, "centroid_lat": 45.425684526296259, "occurrences_today": 7, "datetimes_today": "2026-01-26 06:16:45, 2026-01-26 06:32:11, 2026-01-26 06:33:55, 2026-01-26 06:46:39, 2026-01-26 07:01:49, 2026-01-26 07:16:41, 2026-01-26 07:31:48", "cumulative_total": 65.0 }, "geometry": { "type": "Polygon", "coordinates": [ [ [ -72.163559182300432, 45.420494025769557 ], [ -72.16981245974381, 45.423247747146966 ], [ -72.169552865142762, 45.428438273247131 ], [ -72.16303882591383, 45.430875020919707 ], [ -72.156785071254134, 45.428120919082708 ], [ -72.157045833015971, 45.422930450096587 ], [ -72.163559182300432, 45.420494025769557 ] ] ] } },
{ "type": "Feature", "properties": { "hex_id": 709441, "centroid_lon": -72.15964954646833, "centroid_lat": 45.371025435350425, "occurrences_today": 7, "datetimes_today": "2026-01-26 06:16:45, 2026-01-26 06:32:11, 2026-01-26 06:33:55, 2026-01-26 06:46:39, 2026-01-26 07:01:49, 2026-01-26 07:16:41, 2026-01-26 07:31:48", "cumulative_total": 65.0 }, "geometry": { "type": "Polygon", "coordinates": [ [ [ -72.15990952791833, 45.365834901396219 ], [ -72.166156714879691, 45.368588695913857 ], [ -72.165897279933091, 45.373779255450643 ], [ -72.159389494199303, 45.376215963400469 ], [ -72.153141831565392, 45.373461789093305 ], [ -72.153402430314173, 45.368271286689598 ], [ -72.15990952791833, 45.365834901396219 ] ] ] } },
{ "type": "Feature", "properties": { "hex_id": 709442, "centroid_lon": -72.158869177109537, "centroid_lat": 45.386597001786427, "occurrences_today": 7, "datetimes_today": "2026-01-26 06:16:45, 2026-01-26 06:32:11, 2026-01-26 06:33:55, 2026-01-26 06:46:39, 2026-01-26 07:01:49, 2026-01-26 07:16:41, 2026-01-26 07:31:48", "cumulative_total": 65.0 }, "geometry": { "type": "Polygon", "coordinates": [ [ [ -72.159129371087587, 45.381406485545931 ], [ -72.165378197997711, 45.384160356826222 ], [ -72.165118550961708, 45.389350898664226 ], [ -72.15860891224149, 45.391787512121539 ], [ -72.152359609291167, 45.389033260845501 ], [ -72.1526204210776, 45.383842776171662 ], [ -72.159129371087587, 45.381406485545931 ] ] ] } },
{ "type": "Feature", "properties": { "hex_id": 709443, "centroid_lon": -72.158088169740594, "centroid_lat": 45.402168515074024, "occurrences_today": 7, "datetimes_today": "2026-01-26 06:16:45, 2026-01-26 06:32:11, 2026-01-26 06:33:55, 2026-01-26 06:46:39, 2026-01-26 07:01:49, 2026-01-26 07:16:41, 2026-01-26 07:31:48", "cumulative_total": 65.0 }, "geometry": { "type": "Polygon", "coordinates": [ [ [ -72.15834857645973, 45.396978016550875 ], [ -72.164599044634969, 45.39973196463859 ], [ -72.164339185296967, 45.404922488774162 ], [ -72.15782769206038, 45.407359007690573 ], [ -72.151576747476952, 45.404604679400769 ], [ -72.151837772514583, 45.399414212460456 ], [ -72.15834857645973, 45.396978016550875 ] ] ] } },
{ "type": "Feature", "properties": { "hex_id": 709444, "centroid_lon": -72.157306523721786, "centroid_lat": 45.417739975202259, "occurrences_today": 7, "datetimes_today": "2026-01-26 06:16:45, 2026-01-26 06:32:11, 2026-01-26 06:33:55, 2026-01-26 06:46:39, 2026-01-26 07:01:49, 2026-01-26 07:16:41, 2026-01-26 07:31:48", "cumulative_total": 65.0 }, "geometry": { "type": "Polygon", "coordinates": [ [ [ -72.15756714339534, 45.41254949440011 ], [ -72.163819254153367, 45.41530351934005 ], [ -72.163559182300432, 45.420494025769557 ], [ -72.157045833015971, 45.422930450096587 ], [ -72.150793245481466, 45.420176044748068 ], [ -72.151054483984169, 45.414985595544977 ], [ -72.15756714339534, 45.41254949440011 ] ] ] } },
{ "type": "Feature", "properties": { "hex_id": 710052, "centroid_lon": -72.152881161827764, "centroid_lat": 45.378652285587457, "occurrences_today": 7, "datetimes_today": "2026-01-26 06:16:45, 2026-01-26 06:32:11, 2026-01-26 06:33:55, 2026-01-26 06:46:39, 2026-01-26 07:01:49, 2026-01-26 07:16:41, 2026-01-26 07:31:48", "cumulative_total": 65.0 }, "geometry": { "type": "Polygon", "coordinates": [ [ [ -72.153141831565392, 45.373461789093305 ], [ -72.159389494199303, 45.376215963400469 ], [ -72.159129371087587, 45.381406485545931 ], [ -72.1526204210776, 45.383842776171662 ], [ -72.146372282842165, 45.381088221919732 ], [ -72.146633570194552, 45.375897757050609 ], [ -72.153141831565392, 45.373461789093305 ] ] ] } },
{ "type": "Feature", "properties": { "hex_id": 710053, "centroid_lon": -72.152098726444734, "centroid_lat": 45.394223739608563, "occurrences_today": 7, "datetimes_today": "2026-01-26 06:16:45, 2026-01-26 06:32:11, 2026-01-26 06:33:55, 2026-01-26 06:46:39, 2026-01-26 07:01:49, 2026-01-26 07:16:41, 2026-01-26 07:31:48", "cumulative_total": 65.0 }, "geometry": { "type": "Polygon", "coordinates": [ [ [ -72.152359609291167, 45.389033260845501 ], [ -72.15860891224149, 45.391787512121539 ], [ -72.15834857645973, 45.396978016550875 ], [ -72.151837772514583, 45.399414212460456 ], [ -72.1455879935952, 45.396659581033312 ], [ -72.145849494566278, 45.3914691339115 ], [ -72.152359609291167, 45.389033260845501 ] ] ] } },
{ "type": "Feature", "properties": { "hex_id": 710054, "centroid_lon": -72.151315651308053, "centroid_lat": 45.409795140429075, "occurrences_today": 7, "datetimes_today": "2026-01-26 06:16:45, 2026-01-26 06:32:11, 2026-01-26 06:33:55, 2026-01-26 06:46:39, 2026-01-26 07:01:49, 2026-01-26 07:16:41, 2026-01-26 07:31:48", "cumulative_total": 65.0 }, "geometry": { "type": "Polygon", "coordinates": [ [ [ -72.151576747476952, 45.404604679400769 ], [ -72.15782769206038, 45.407359007690573 ], [ -72.15756714339534, 45.41254949440011 ], [ -72.151054483984169, 45.414985595544977 ], [ -72.14480306306379, 45.412230886897632 ], [ -72.145064777867759, 45.407040457526797 ], [ -72.151576747476952, 45.404604679400769 ] ] ] } },
{ "type": "Feature", "properties": { "hex_id": 710055, "centroid_lon": -72.150531935776158, "centroid_lat": 45.425366488037966, "occurrences_today": 7, "datetimes_today": "2026-01-26 06:16:45, 2026-01-26 06:32:11, 2026-01-26 06:33:55, 2026-01-26 06:46:39, 2026-01-26 07:01:49, 2026-01-26 07:16:41, 2026-01-26 07:31:48", "cumulative_total": 65.0 }, "geometry": { "type": "Polygon", "coordinates": [ [ [ -72.150793245481466, 45.420176044748068 ], [ -72.157045833015971, 45.422930450096587 ], [ -72.156785071254134, 45.428120919082708 ], [ -72.150270554844454, 45.430556925414223 ], [ -72.14401749060481, 45.42780213950163 ], [ -72.144279419456154, 45.422611727885467 ], [ -72.150793245481466, 45.420176044748068 ] ] ] } },
{ "type": "Feature", "properties": { "hex_id": 710662, "centroid_lon": -72.146894786388216, "centroid_lat": 45.37070728626653, "occurrences_today": 7, "datetimes_today": "2026-01-26 06:16:45, 2026-01-26 06:32:11, 2026-01-26 06:33:55, 2026-01-26 06:46:39, 2026-01-26 07:01:49, 2026-01-26 07:16:41, 2026-01-26 07:31:48", "cumulative_total": 65.0 }, "geometry": { "type": "Polygon", "coordinates": [ [ [ -72.147155931446946, 45.365516809567929 ], [ -72.153402430314173, 45.368271286689598 ], [ -72.153141831565392, 45.373461789093305 ], [ -72.146633570194552, 45.375897757050609 ], [ -72.140386596164191, 45.373142900035162 ], [ -72.140648358644057, 45.367952455019932 ], [ -72.147155931446946, 45.365516809567929 ] ] ] } },
{ "type": "Feature", "properties": { "hex_id": 710663, "centroid_lon": -72.146110924307351, "centroid_lat": 45.386278680873502, "occurrences_today": 7, "datetimes_today": "2026-01-26 06:16:45, 2026-01-26 06:32:11, 2026-01-26 06:33:55, 2026-01-26 06:46:39, 2026-01-26 07:01:49, 2026-01-26 07:16:41, 2026-01-26 07:31:48", "cumulative_total": 65.0 }, "geometry": { "type": "Polygon", "coordinates": [ [ [ -72.146372282842165, 45.381088221919732 ], [ -72.1526204210776, 45.383842776171662 ], [ -72.152359609291167, 45.389033260845501 ], [ -72.145849494566278, 45.3914691339115 ], [ -72.139600880800586, 45.388714199559516 ], [ -72.139862857266266, 45.383523772305367 ], [ -72.146372282842165, 45.381088221919732 ] ] ] } },
{ "type": "Feature", "properties": { "hex_id": 710664, "centroid_lon": -72.145326421370299, "centroid_lat": 45.401850022238555, "occurrences_today": 7, "datetimes_today": "2026-01-26 06:16:45, 2026-01-26 06:32:11, 2026-01-26 06:33:55, 2026-01-26 06:46:39, 2026-01-26 07:01:49, 2026-01-26 07:16:41, 2026-01-26 07:31:48", "cumulative_total": 65.0 }, "geometry": { "type": "Polygon", "coordinates": [ [ [ -72.1455879935952, 45.396659581033312 ], [ -72.151837772514583, 45.399414212460456 ], [ -72.151576747476952, 45.404604679400769 ], [ -72.145064777867759, 45.407040457526797 ], [ -72.138814523050655, 45.404285445793221 ], [ -72.139076713716634, 45.399095036303855 ], [ -72.1455879935952, 45.396659581033312 ] ] ] } },
{ "type": "Feature", "properties": { "hex_id": 710665, "centroid_lon": -72.144541276934547, "centroid_lat": 45.417421310350647, "occurrences_today": 7, "datetimes_today": "2026-01-26 06:16:45, 2026-01-26 06:32:11, 2026-01-26 06:33:55, 2026-01-26 06:46:39, 2026-01-26 07:01:49, 2026-01-26 07:16:41, 2026-01-26 07:31:48", "cumulative_total": 65.0 }, "geometry": { "type": "Polygon", "coordinates": [ [ [ -72.14480306306379, 45.412230886897632 ], [ -72.151054483984169, 45.414985595544977 ], [ -72.150793245481466, 45.420176044748068 ], [ -72.144279419456154, 45.422611727885467 ], [ -72.138027522270278, 45.41985663872515 ], [ -72.138289927351352, 45.414666247004277 ], [ -72.14480306306379, 45.412230886897632 ] ] ] } },
{ "type": "Feature", "properties": { "hex_id": 711273, "centroid_lon": -72.140124762379529, "centroid_lat": 45.378333339130442, "occurrences_today": 7, "datetimes_today": "2026-01-26 06:16:45, 2026-01-26 06:32:11, 2026-01-26 06:33:55, 2026-01-26 06:46:39, 2026-01-26 07:01:49, 2026-01-26 07:16:41, 2026-01-26 07:31:48", "cumulative_total": 65.0 }, "geometry": { "type": "Polygon", "coordinates": [ [ [ -72.140386596164191, 45.373142900035162 ], [ -72.146633570194552, 45.375897757050609 ], [ -72.146372282842165, 45.381088221919732 ], [ -72.139862857266266, 45.383523772305367 ], [ -72.133615408144124, 45.380768535240925 ], [ -72.133877859665859, 45.375578127903609 ], [ -72.140386596164191, 45.373142900035162 ] ] ] } },
{ "type": "Feature", "properties": { "hex_id": 711274, "centroid_lon": -72.139338832958671, "centroid_lat": 45.393904620892478, "occurrences_today": 7, "datetimes_today": "2026-01-26 06:16:45, 2026-01-26 06:32:11, 2026-01-26 06:33:55, 2026-01-26 06:46:39, 2026-01-26 07:01:49, 2026-01-26 07:16:41, 2026-01-26 07:31:48", "cumulative_total": 65.0 }, "geometry": { "type": "Polygon", "coordinates": [ [ [ -72.139600880800586, 45.388714199559516 ], [ -72.145849494566278, 45.3914691339115 ], [ -72.1455879935952, 45.396659581033312 ], [ -72.139076713716634, 45.399095036303855 ], [ -72.132827624492108, 45.396339721696513 ], [ -72.133090290581137, 45.3911493321378 ], [ -72.139600880800586, 45.388714199559516 ] ] ] } },
{ "type": "Feature", "properties": { "hex_id": 711275, "centroid_lon": -72.138552260936862, "centroid_lat": 45.409475849360163, "occurrences_today": 7, "datetimes_today": "2026-01-26 06:16:45, 2026-01-26 06:32:11, 2026-01-26 06:33:55, 2026-01-26 06:46:39, 2026-01-26 07:01:49, 2026-01-26 07:16:41, 2026-01-26 07:31:48", "cumulative_total": 65.0 }, "geometry": { "type": "Polygon", "coordinates": [ [ [ -72.138814523050655, 45.404285445793221 ], [ -72.145064777867759, 45.407040457526797 ], [ -72.14480306306379, 45.412230886897632 ], [ -72.138289927351352, 45.414666247004277 ], [ -72.132039196708078, 45.411910854808852 ], [ -72.132302077579496, 45.406720483032466 ], [ -72.138814523050655, 45.404285445793221 ] ] ] } },
{ "type": "Feature", "properties": { "hex_id": 711883, "centroid_lon": -72.13414023971292, "centroid_lat": 45.370387714640927, "occurrences_today": 7, "datetimes_today": "2026-01-26 06:16:45, 2026-01-26 06:32:11, 2026-01-26 06:33:55, 2026-01-26 06:46:39, 2026-01-26 07:01:49, 2026-01-26 07:16:41, 2026-01-26 07:31:48", "cumulative_total": 65.0 }, "geometry": { "type": "Polygon", "coordinates": [ [ [ -72.134402548309154, 45.36519729545325 ], [ -72.140648358644057, 45.367952455019932 ], [ -72.140386596164191, 45.373142900035162 ], [ -72.133877859665859, 45.375578127903609 ], [ -72.127631574677324, 45.372822588339027 ], [ -72.127894500816907, 45.367632200967641 ], [ -72.134402548309154, 45.36519729545325 ] ] ] } },
{ "type": "Feature", "properties": { "hex_id": 711884, "centroid_lon": -72.133352885123841, "centroid_lat": 45.385958936652465, "occurrences_today": 7, "datetimes_today": "2026-01-26 06:16:45, 2026-01-26 06:32:11, 2026-01-26 06:33:55, 2026-01-26 06:46:39, 2026-01-26 07:01:49, 2026-01-26 07:16:41, 2026-01-26 07:31:48", "cumulative_total": 65.0 }, "geometry": { "type": "Polygon", "coordinates": [ [ [ -72.133615408144124, 45.380768535240925 ], [ -72.139862857266266, 45.383523772305367 ], [ -72.139600880800586, 45.388714199559516 ], [ -72.133090290581137, 45.3911493321378 ], [ -72.126842366438751, 45.388393714869132 ], [ -72.127105507512169, 45.383203345290191 ], [ -72.133615408144124, 45.380768535240925 ] ] ] } },
{ "type": "Feature", "properties": { "hex_id": 711885, "centroid_lon": -72.132564886832867, "centroid_lat": 45.401530105328213, "occurrences_today": 7, "datetimes_today": "2026-01-26 06:16:45, 2026-01-26 06:32:11, 2026-01-26 06:33:55, 2026-01-26 06:46:39, 2026-01-26 07:01:49, 2026-01-26 07:16:41, 2026-01-26 07:31:48", "cumulative_total": 65.0 }, "geometry": { "type": "Polygon", "coordinates": [ [ [ -72.132827624492108, 45.396339721696513 ], [ -72.139076713716634, 45.399095036303855 ], [ -72.138814523050655, 45.404285445793221 ], [ -72.132302077579496, 45.406720483032466 ], [ -72.126052512967817, 45.403964788014449 ], [ -72.126315869190535, 45.398774436231683 ], [ -72.132827624492108, 45.396339721696513 ] ] ] } },
{ "type": "Feature", "properties": { "hex_id": 712493, "centroid_lon": -72.12815735535969, "centroid_lat": 45.362441807666279, "occurrences_today": 7, "datetimes_today": "2026-01-26 06:16:45, 2026-01-26 06:32:11, 2026-01-26 06:33:55, 2026-01-26 06:46:39, 2026-01-26 07:01:49, 2026-01-26 07:16:41, 2026-01-26 07:31:48", "cumulative_total": 65.0 }, "geometry": { "type": "Polygon", "coordinates": [ [ [ -72.128420138329574, 45.357251408435324 ], [ -72.134664785478435, 45.360006870341039 ], [ -72.134402548309154, 45.36519729545325 ], [ -72.127894500816907, 45.367632200967641 ], [ -72.121649379452265, 45.364876359115108 ], [ -72.121912779771776, 45.359685991758724 ], [ -72.128420138329574, 45.357251408435324 ] ] ] } },
{ "type": "Feature", "properties": { "hex_id": 712494, "centroid_lon": -72.127368576917064, "centroid_lat": 45.378012969780002, "occurrences_today": 7, "datetimes_today": "2026-01-26 06:16:45, 2026-01-26 06:32:11, 2026-01-26 06:33:55, 2026-01-26 06:46:39, 2026-01-26 07:01:49, 2026-01-26 07:16:41, 2026-01-26 07:31:48", "cumulative_total": 65.0 }, "geometry": { "type": "Polygon", "coordinates": [ [ [ -72.127631574677324, 45.372822588339027 ], [ -72.133877859665859, 45.375578127903609 ], [ -72.133615408144124, 45.380768535240925 ], [ -72.127105507512169, 45.383203345290191 ], [ -72.120858747941696, 45.380447425572491 ], [ -72.121122363561199, 45.375257076022415 ], [ -72.127631574677324, 45.372822588339027 ] ] ] } },
{ "type": "Feature", "properties": { "hex_id": 713104, "centroid_lon": -72.121385907390064, "centroid_lat": 45.370066720536485, "occurrences_today": 7, "datetimes_today": "2026-01-26 06:16:45, 2026-01-26 06:32:11, 2026-01-26 06:33:55, 2026-01-26 06:46:39, 2026-01-26 07:01:49, 2026-01-26 07:16:41, 2026-01-26 07:31:48", "cumulative_total": 65.0 }, "geometry": { "type": "Polygon", "coordinates": [ [ [ -72.121649379452265, 45.364876359115108 ], [ -72.127894500816907, 45.367632200967641 ], [ -72.127631574677324, 45.372822588339027 ], [ -72.121122363561199, 45.375257076022415 ], [ -72.114876768052554, 45.372500854067958 ], [ -72.115140857780105, 45.36731052459578 ], [ -72.121649379452265, 45.364876359115108 ] ] ] } },
{ "type": "Feature", "properties": { "hex_id": 786454, "centroid_lon": -71.263188183743111, "centroid_lat": 46.748296859570026, "occurrences_today": 1, "datetimes_today": "2026-01-26 03:16:49", "cumulative_total": 2.0 }, "geometry": { "type": "Polygon", "coordinates": [ [ [ -71.263546941654752, 46.743112250482987 ], [ -71.269899418639369, 46.745917942413392 ], [ -71.269541234719938, 46.751102586517042 ], [ -71.262829326479846, 46.753481461820712 ], [ -71.256476374871866, 46.750675364449499 ], [ -71.256835806092965, 46.745490797281981 ], [ -71.263546941654752, 46.743112250482987 ] ] ] } },
{ "type": "Feature", "properties": { "hex_id": 787064, "centroid_lon": -71.257195137807969, "centroid_lat": 46.740306223271126, "occurrences_today": 1, "datetimes_today": "2026-01-26 03:16:49", "cumulative_total": 2.0 }, "geometry": { "type": "Polygon", "coordinates": [ [ [ -71.257554370051295, 46.73512164241771 ], [ -71.263905600249089, 46.737927634560329 ], [ -71.263546941654752, 46.743112250482987 ], [ -71.256835806092965, 46.745490797281981 ], [ -71.250484101735069, 46.742684399758417 ], [ -71.250844007064671, 46.737499860883339 ], [ -71.257554370051295, 46.73512164241771 ] ] ] } },
{ "type": "Feature", "properties": { "hex_id": 787675, "centroid_lon": -71.250124096745012, "centroid_lat": 46.747868931783245, "occurrences_today": 10, "datetimes_today": "2026-01-26 03:16:49, 2026-01-26 03:32:04, 2026-01-26 03:46:51, 2026-01-26 03:51:28, 2026-01-26 04:01:47, 2026-01-26 04:17:20, 2026-01-26 04:32:16, 2026-01-26 04:47:13, 2026-01-26 04:49:28, 2026-01-26 05:01:43", "cumulative_total": 11.0 }, "geometry": { "type": "Polygon", "coordinates": [ [ [ -71.250484101735069, 46.742684399758417 ], [ -71.256835806092965, 46.745490797281981 ], [ -71.256476374871866, 46.750675364449499 ], [ -71.249763992059997, 46.753053456957062 ], [ -71.243411813645295, 46.750246653892106 ], [ -71.243772492064807, 46.745062163927535 ], [ -71.250484101735069, 46.742684399758417 ] ] ] } },
{ "type": "Feature", "properties": { "hex_id": 788285, "centroid_lon": -71.244133070635016, "centroid_lat": 46.73987766710497, "occurrences_today": 1, "datetimes_today": "2026-01-26 03:16:49", "cumulative_total": 2.0 }, "geometry": { "type": "Polygon", "coordinates": [ [ [ -71.244493549390441, 46.734693163425185 ], [ -71.250844007064671, 46.737499860883339 ], [ -71.250484101735069, 46.742684399758417 ], [ -71.243772492064807, 46.745062163927535 ], [ -71.23742156079679, 46.742255060987915 ], [ -71.237782712758303, 46.737070599427163 ], [ -71.244493549390441, 46.734693163425185 ] ] ] } },
{ "type": "Feature", "properties": { "hex_id": 788896, "centroid_lon": -71.237060308831673, "centroid_lat": 46.747439515683716, "occurrences_today": 10, "datetimes_today": "2026-01-26 03:16:49, 2026-01-26 03:32:04, 2026-01-26 03:46:51, 2026-01-26 03:51:28, 2026-01-26 04:01:47, 2026-01-26 04:17:20, 2026-01-26 04:32:16, 2026-01-26 04:47:13, 2026-01-26 04:49:28, 2026-01-26 05:01:43", "cumulative_total": 11.0 }, "geometry": { "type": "Polygon", "coordinates": [ [ [ -71.23742156079679, 46.742255060987915 ], [ -71.243772492064807, 46.745062163927535 ], [ -71.243411813645295, 46.750246653892106 ], [ -71.236698956828363, 46.752623963513848 ], [ -71.230347552070214, 46.749816454932343 ], [ -71.23070947758454, 46.74463204243753 ], [ -71.23742156079679, 46.742255060987915 ] ] ] } },
{ "type": "Feature", "properties": { "hex_id": 565978, "centroid_lon": -73.657894259614451, "centroid_lat": 45.468627750309764, "occurrences_today": 35, "datetimes_today": "2026-01-26 00:02:15, 2026-01-26 00:16:52, 2026-01-26 00:31:49, 2026-01-26 00:46:53, 2026-01-26 00:48:34, 2026-01-26 01:01:39, 2026-01-26 01:16:45, 2026-01-26 01:32:06, 2026-01-26 01:46:54, 2026-01-26 01:56:41, 2026-01-26 02:01:47, 2026-01-26 02:17:07, 2026-01-26 02:32:15, 2026-01-26 02:40:41, 2026-01-26 02:46:51, 2026-01-26 03:01:58, 2026-01-26 03:16:49, 2026-01-26 03:46:51, 2026-01-26 03:51:28, 2026-01-26 04:01:47, 2026-01-26 04:17:20, 2026-01-26 04:32:16, 2026-01-26 04:47:13, 2026-01-26 04:49:28, 2026-01-26 05:01:43, 2026-01-26 05:16:43, 2026-01-26 05:32:07, 2026-01-26 05:46:14, 2026-01-26 05:46:52, 2026-01-26 06:01:43, 2026-01-26 06:16:45, 2026-01-26 06:32:11, 2026-01-26 06:33:55, 2026-01-26 06:46:39, 2026-01-26 07:01:49", "cumulative_total": 217.0 }, "geometry": { "type": "Polygon", "coordinates": [ [ [ -73.658017562101691, 45.463432339018475 ], [ -73.664350177820751, 45.466105005022527 ], [ -73.664227445642041, 45.471300427315981 ], [ -73.657770923468206, 45.47382315659339 ], [ -73.65143777110525, 45.471150122933118 ], [ -73.651561677548742, 45.465954727716088 ], [ -73.658017562101691, 45.463432339018475 ] ] ] } },
{ "type": "Feature", "properties": { "hex_id": 566589, "centroid_lon": -73.651313830836969, "centroid_lat": 45.476345513139954, "occurrences_today": 17, "datetimes_today": "2026-01-26 00:46:53, 2026-01-26 00:48:34, 2026-01-26 01:01:39, 2026-01-26 01:16:45, 2026-01-26 01:32:06, 2026-01-26 01:46:54, 2026-01-26 01:56:41, 2026-01-26 02:01:47, 2026-01-26 02:17:07, 2026-01-26 02:32:15, 2026-01-26 02:40:41, 2026-01-26 02:46:51, 2026-01-26 03:01:58, 2026-01-26 03:16:49, 2026-01-26 03:46:51, 2026-01-26 03:51:28, 2026-01-26 04:01:47", "cumulative_total": 167.0 }, "geometry": { "type": "Polygon", "coordinates": [ [ [ -73.65143777110525, 45.471150122933118 ], [ -73.657770923468206, 45.47382315659339 ], [ -73.657647553651699, 45.479018557869246 ], [ -73.651189856732543, 45.481540898336519 ], [ -73.644856167759627, 45.478867496860872 ], [ -73.644980712304474, 45.473672122797765 ], [ -73.65143777110525, 45.471150122933118 ] ] ] } },
{ "type": "Feature", "properties": { "hex_id": 567810, "centroid_lon": -73.63852308322349, "centroid_lat": 45.476193749808907, "occurrences_today": 38, "datetimes_today": "2026-01-26 00:02:15, 2026-01-26 00:16:52, 2026-01-26 00:31:49, 2026-01-26 00:46:53, 2026-01-26 00:48:34, 2026-01-26 01:01:39, 2026-01-26 01:16:45, 2026-01-26 01:32:06, 2026-01-26 01:46:54, 2026-01-26 01:56:41, 2026-01-26 02:01:47, 2026-01-26 02:17:07, 2026-01-26 02:32:15, 2026-01-26 02:40:41, 2026-01-26 02:46:51, 2026-01-26 03:01:58, 2026-01-26 03:16:49, 2026-01-26 03:32:04, 2026-01-26 03:46:51, 2026-01-26 03:51:28, 2026-01-26 04:01:47, 2026-01-26 04:17:20, 2026-01-26 04:32:16, 2026-01-26 04:47:13, 2026-01-26 04:49:28, 2026-01-26 05:01:43, 2026-01-26 05:16:43, 2026-01-26 05:32:07, 2026-01-26 05:46:14, 2026-01-26 05:46:52, 2026-01-26 06:01:43, 2026-01-26 06:16:45, 2026-01-26 06:32:11, 2026-01-26 06:33:55, 2026-01-26 06:46:39, 2026-01-26 07:01:49, 2026-01-26 07:16:41, 2026-01-26 07:31:48", "cumulative_total": 220.0 }, "geometry": { "type": "Polygon", "coordinates": [ [ [ -73.638648198042844, 45.470998386941233 ], [ -73.644980712304474, 45.473672122797765 ], [ -73.644856167759627, 45.478867496860872 ], [ -73.638397934247578, 45.481389107661329 ], [ -73.63206488387371, 45.478715003871748 ], [ -73.63219060311269, 45.473519657279198 ], [ -73.638648198042844, 45.470998386941233 ] ] ] } },
{ "type": "Feature", "properties": { "hex_id": 568421, "centroid_lon": -73.631939130312219, "centroid_lat": 45.483910345446489, "occurrences_today": 1, "datetimes_today": "2026-01-26 00:02:15", "cumulative_total": 23.0 }, "geometry": { "type": "Polygon", "coordinates": [ [ [ -73.63206488387371, 45.478715003871748 ], [ -73.638397934247578, 45.481389107661329 ], [ -73.638272751103656, 45.486584460498399 ], [ -73.63181334241672, 45.489105682003341 ], [ -73.62547975596506, 45.486431210121559 ], [ -73.625606114266603, 45.48123588489149 ], [ -73.63206488387371, 45.478715003871748 ] ] ] } },
{ "type": "Feature", "properties": { "hex_id": 569031, "centroid_lon": -73.625732438079666, "centroid_lat": 45.476040554641052, "occurrences_today": 38, "datetimes_today": "2026-01-26 00:02:15, 2026-01-26 00:16:52, 2026-01-26 00:31:49, 2026-01-26 00:46:53, 2026-01-26 00:48:34, 2026-01-26 01:01:39, 2026-01-26 01:16:45, 2026-01-26 01:32:06, 2026-01-26 01:46:54, 2026-01-26 01:56:41, 2026-01-26 02:01:47, 2026-01-26 02:17:07, 2026-01-26 02:32:15, 2026-01-26 02:40:41, 2026-01-26 02:46:51, 2026-01-26 03:01:58, 2026-01-26 03:16:49, 2026-01-26 03:32:04, 2026-01-26 03:46:51, 2026-01-26 03:51:28, 2026-01-26 04:01:47, 2026-01-26 04:17:20, 2026-01-26 04:32:16, 2026-01-26 04:47:13, 2026-01-26 04:49:28, 2026-01-26 05:01:43, 2026-01-26 05:16:43, 2026-01-26 05:32:07, 2026-01-26 05:46:14, 2026-01-26 05:46:52, 2026-01-26 06:01:43, 2026-01-26 06:16:45, 2026-01-26 06:32:11, 2026-01-26 06:33:55, 2026-01-26 06:46:39, 2026-01-26 07:01:49, 2026-01-26 07:16:41, 2026-01-26 07:31:48", "cumulative_total": 224.0 }, "geometry": { "type": "Polygon", "coordinates": [ [ [ -73.625858727415746, 45.470845219370325 ], [ -73.63219060311269, 45.473519657279198 ], [ -73.63206488387371, 45.478715003871748 ], [ -73.625606114266603, 45.48123588489149 ], [ -73.619273702955297, 45.478561078932024 ], [ -73.619400596853893, 45.473365760067843 ], [ -73.625858727415746, 45.470845219370325 ] ] ] } },
{ "type": "Feature", "properties": { "hex_id": 569642, "centroid_lon": -73.61914677441375, "centroid_lat": 45.483756392773351, "occurrences_today": 1, "datetimes_today": "2026-01-26 00:02:15", "cumulative_total": 139.0 }, "geometry": { "type": "Polygon", "coordinates": [ [ [ -73.619273702955297, 45.478561078932024 ], [ -73.625606114266603, 45.48123588489149 ], [ -73.62547975596506, 45.486431210121559 ], [ -73.61901981121764, 45.488951701591724 ], [ -73.612686864326704, 45.486276527422525 ], [ -73.61281439775118, 45.481081230057342 ], [ -73.619273702955297, 45.478561078932024 ] ] ] } },
{ "type": "Feature", "properties": { "hex_id": 873758, "centroid_lon": -70.326558467062554, "centroid_lat": 46.752792290832559, "occurrences_today": 1, "datetimes_today": "2026-01-26 07:16:41", "cumulative_total": 17.0 }, "geometry": { "type": "Polygon", "coordinates": [ [ [ -70.32700703924047, 46.747613922453624 ], [ -70.333307307056941, 46.75046993980709 ], [ -70.332859293651595, 46.755648352181375 ], [ -70.326109770802532, 46.757970651194185 ], [ -70.319809068316999, 46.755114220969553 ], [ -70.320258323306774, 46.749935904669222 ], [ -70.32700703924047, 46.747613922453624 ] ] ] } },
{ "type": "Feature", "properties": { "hex_id": 874369, "centroid_lon": -70.31935968905357, "centroid_lat": 46.760292529242896, "occurrences_today": 1, "datetimes_today": "2026-01-26 07:16:41", "cumulative_total": 17.0 }, "geometry": { "type": "Polygon", "coordinates": [ [ [ -70.319809068316999, 46.755114220969553 ], [ -70.326109770802532, 46.757970651194185 ], [ -70.325660950417543, 46.763149003537336 ], [ -70.318910185473598, 46.765470829488052 ], [ -70.312609048447655, 46.762613986234769 ], [ -70.313059110863151, 46.757435730125387 ], [ -70.319809068316999, 46.755114220969553 ] ] ] } },
{ "type": "Feature", "properties": { "hex_id": 874979, "centroid_lon": -70.313509048813401, "centroid_lat": 46.752257465979319, "occurrences_today": 1, "datetimes_today": "2026-01-26 07:16:41", "cumulative_total": 17.0 }, "geometry": { "type": "Polygon", "coordinates": [ [ [ -70.313958862341408, 46.747079193797688 ], [ -70.320258323306774, 46.749935904669222 ], [ -70.319809068316999, 46.755114220969553 ], [ -70.313059110863151, 46.757435730125387 ], [ -70.306759215803311, 46.754578606291126 ], [ -70.307209712248834, 46.749400386329675 ], [ -70.313958862341408, 46.747079193797688 ] ] ] } },
{ "type": "Feature", "properties": { "hex_id": 874980, "centroid_lon": -70.31215886152394, "centroid_lat": 46.767792234306256, "occurrences_today": 1, "datetimes_today": "2026-01-26 07:16:41", "cumulative_total": 17.0 }, "geometry": { "type": "Polygon", "coordinates": [ [ [ -70.312609048447655, 46.762613986234769 ], [ -70.318910185473598, 46.765470829488052 ], [ -70.318460557534138, 46.770649121703869 ], [ -70.311708550049033, 46.772970474338678 ], [ -70.305406978611572, 46.77011321789918 ], [ -70.305857849027703, 46.764935022077061 ], [ -70.312609048447655, 46.762613986234769 ] ] ] } },
{ "type": "Feature", "properties": { "hex_id": 875590, "centroid_lon": -70.306308594743939, "centroid_lat": 46.759756818207315, "occurrences_today": 1, "datetimes_today": "2026-01-26 07:16:41", "cumulative_total": 17.0 }, "geometry": { "type": "Polygon", "coordinates": [ [ [ -70.306759215803311, 46.754578606291126 ], [ -70.313059110863151, 46.757435730125387 ], [ -70.312609048447655, 46.762613986234769 ], [ -70.305857849027703, 46.764935022077061 ], [ -70.299557520002381, 46.762077485122617 ], [ -70.300008824319434, 46.756899325512016 ], [ -70.306759215803311, 46.754578606291126 ] ] ] } },
{ "type": "Feature", "properties": { "hex_id": 875591, "centroid_lon": -70.304955983452444, "centroid_lat": 46.77529140567249, "occurrences_today": 1, "datetimes_today": "2026-01-26 07:16:41", "cumulative_total": 17.0 }, "geometry": { "type": "Polygon", "coordinates": [ [ [ -70.305406978611572, 46.77011321789918 ], [ -70.311708550049033, 46.772970474338678 ], [ -70.311258113979875, 46.778148706330853 ], [ -70.304504863507248, 46.780469585395849 ], [ -70.298202857787444, 46.777611915612589 ], [ -70.298654536779509, 46.77243378017409 ], [ -70.305406978611572, 46.77011321789918 ] ] ] } },
{ "type": "Feature", "properties": { "hex_id": 876200, "centroid_lon": -70.300460003831049, "centroid_lat": 46.751721157846418, "occurrences_today": 1, "datetimes_today": "2026-01-26 07:16:41", "cumulative_total": 17.0 }, "geometry": { "type": "Polygon", "coordinates": [ [ [ -70.300911058580297, 46.746542982126996 ], [ -70.307209712248834, 46.749400386329675 ], [ -70.306759215803311, 46.754578606291126 ], [ -70.300008824319434, 46.756899325512016 ], [ -70.293709737131081, 46.754041508255163 ], [ -70.294161474903348, 46.748863384897497 ], [ -70.300911058580297, 46.746542982126996 ] ] ] } },
{ "type": "Feature", "properties": { "hex_id": 876201, "centroid_lon": -70.299106090836773, "centroid_lat": 46.767255636677042, "occurrences_today": 1, "datetimes_today": "2026-01-26 07:16:41", "cumulative_total": 17.0 }, "geometry": { "type": "Polygon", "coordinates": [ [ [ -70.299557520002381, 46.762077485122617 ], [ -70.305857849027703, 46.764935022077061 ], [ -70.305406978611572, 46.77011321789918 ], [ -70.298654536779509, 46.77243378017409 ], [ -70.292353773917924, 46.769575829941978 ], [ -70.292805886681535, 46.76439773077859 ], [ -70.299557520002381, 46.762077485122617 ] ] ] } },
{ "type": "Feature", "properties": { "hex_id": 876811, "centroid_lon": -70.293257874404858, "centroid_lat": 46.759219623549264, "occurrences_today": 1, "datetimes_today": "2026-01-26 07:16:41", "cumulative_total": 17.0 }, "geometry": { "type": "Polygon", "coordinates": [ [ [ -70.293709737131081, 46.754041508255163 ], [ -70.300008824319434, 46.756899325512016 ], [ -70.299557520002381, 46.762077485122617 ], [ -70.292805886681535, 46.76439773077859 ], [ -70.286506366102699, 46.761539500310171 ], [ -70.286958912192034, 46.756361437463298 ], [ -70.293709737131081, 46.754041508255163 ] ] ] } },
{ "type": "Feature", "properties": { "hex_id": 876812, "centroid_lon": -70.291901536070881, "centroid_lat": 46.774753921038219, "occurrences_today": 1, "datetimes_today": "2026-01-26 07:16:41", "cumulative_total": 17.0 }, "geometry": { "type": "Polygon", "coordinates": [ [ [ -70.292353773917924, 46.769575829941978 ], [ -70.298654536779509, 46.77243378017409 ], [ -70.298202857787444, 46.777611915612589 ], [ -70.291449173097149, 46.779932004066154 ], [ -70.285147976528876, 46.777073640398861 ], [ -70.285600898314357, 46.771895601779164 ], [ -70.292353773917924, 46.769575829941978 ] ] ] } },
{ "type": "Feature", "properties": { "hex_id": 877421, "centroid_lon": -70.287411333135765, "centroid_lat": 46.751183366543074, "occurrences_today": 1, "datetimes_today": "2026-01-26 07:16:41", "cumulative_total": 17.0 }, "geometry": { "type": "Polygon", "coordinates": [ [ [ -70.287863628977107, 46.746005287550688 ], [ -70.294161474903348, 46.748863384897497 ], [ -70.293709737131081, 46.754041508255163 ], [ -70.286958912192034, 46.756361437463298 ], [ -70.280660633320721, 46.753502926971031 ], [ -70.281113612290341, 46.748324900482004 ], [ -70.287863628977107, 46.746005287550688 ] ] ] } },
{ "type": "Feature", "properties": { "hex_id": 877422, "centroid_lon": -70.28605369482456, "centroid_lat": 46.766717555082529, "occurrences_today": 1, "datetimes_today": "2026-01-26 07:16:41", "cumulative_total": 17.0 }, "geometry": { "type": "Polygon", "coordinates": [ [ [ -70.286506366102699, 46.761539500310171 ], [ -70.292805886681535, 46.76439773077859 ], [ -70.292353773917924, 46.769575829941978 ], [ -70.285600898314357, 46.771895601779164 ], [ -70.279300944474656, 46.769036957941729 ], [ -70.279754299456144, 46.763858955702091 ], [ -70.286506366102699, 46.761539500310171 ] ] ] } },
{ "type": "Feature", "properties": { "hex_id": 877423, "centroid_lon": -70.284694929424802, "centroid_lat": 46.782251670940468, "occurrences_today": 1, "datetimes_today": "2026-01-26 07:16:41", "cumulative_total": 17.0 }, "geometry": { "type": "Polygon", "coordinates": [ [ [ -70.285147976528876, 46.777073640398861 ], [ -70.291449173097149, 46.779932004066154 ], [ -70.290996684953541, 46.785110079024577 ], [ -70.284241756958863, 46.787429693402764 ], [ -70.277940126813647, 46.784570916142776 ], [ -70.278393858196722, 46.779392938163262 ], [ -70.285147976528876, 46.777073640398861 ] ] ] } },
{ "type": "Feature", "properties": { "hex_id": 878032, "centroid_lon": -70.28020752905708, "centroid_lat": 46.758680945378124, "occurrences_today": 1, "datetimes_today": "2026-01-26 07:16:41", "cumulative_total": 17.0 }, "geometry": { "type": "Polygon", "coordinates": [ [ [ -70.280660633320721, 46.753502926971031 ], [ -70.286958912192034, 46.756361437463298 ], [ -70.286506366102699, 46.761539500310171 ], [ -70.279754299456144, 46.763858955702091 ], [ -70.273455587769433, 46.761000031907002 ], [ -70.273909375501404, 46.755822066088761 ], [ -70.280660633320721, 46.753502926971031 ] ] ] } },
{ "type": "Feature", "properties": { "hex_id": 878033, "centroid_lon": -70.278847464069287, "centroid_lat": 46.774214952095861, "occurrences_today": 1, "datetimes_today": "2026-01-26 07:16:41", "cumulative_total": 17.0 }, "geometry": { "type": "Polygon", "coordinates": [ [ [ -70.279300944474656, 46.769036957941729 ], [ -70.285600898314357, 46.771895601779164 ], [ -70.285147976528876, 46.777073640398861 ], [ -70.278393858196722, 46.779392938163262 ], [ -70.272093471226, 46.776533880799384 ], [ -70.272547635675096, 46.771355939263522 ], [ -70.279300944474656, 46.769036957941729 ] ] ] } },
{ "type": "Feature", "properties": { "hex_id": 878034, "centroid_lon": -70.277486269876647, "centroid_lat": 46.789748886033188, "occurrences_today": 1, "datetimes_today": "2026-01-26 07:16:41", "cumulative_total": 17.0 }, "geometry": { "type": "Polygon", "coordinates": [ [ [ -70.277940126813647, 46.784570916142776 ], [ -70.284241756958863, 46.787429693402764 ], [ -70.283788459087717, 46.792607707784605 ], [ -70.277032287342365, 46.794926847833302 ], [ -70.270730223750263, 46.79206765682305 ], [ -70.271184765307012, 46.786889739580332 ], [ -70.277940126813647, 46.784570916142776 ] ] ] } },
{ "type": "Feature", "properties": { "hex_id": 878642, "centroid_lon": -70.27436303774769, "centroid_lat": 46.750644092178781, "occurrences_today": 1, "datetimes_today": "2026-01-26 07:16:41", "cumulative_total": 17.0 }, "geometry": { "type": "Polygon", "coordinates": [ [ [ -70.274816574551579, 46.745466110178263 ], [ -70.281113612290341, 46.748324900482004 ], [ -70.280660633320721, 46.753502926971031 ], [ -70.273909375501404, 46.755822066088761 ], [ -70.2676119053924, 46.752962862548387 ], [ -70.268066125429669, 46.747784933192818 ], [ -70.274816574551579, 46.745466110178263 ] ] ] } },
{ "type": "Feature", "properties": { "hex_id": 878643, "centroid_lon": -70.27300167450845, "centroid_lat": 46.766177989632318, "occurrences_today": 1, "datetimes_today": "2026-01-26 07:16:41", "cumulative_total": 17.0 }, "geometry": { "type": "Polygon", "coordinates": [ [ [ -70.273455587769433, 46.761000031907002 ], [ -70.279754299456144, 46.763858955702091 ], [ -70.279300944474656, 46.769036957941729 ], [ -70.272547635675096, 46.771355939263522 ], [ -70.266248491302946, 46.768496602008213 ], [ -70.266703088372438, 46.763318696957285 ], [ -70.273455587769433, 46.761000031907002 ] ] ] } },
{ "type": "Feature", "properties": { "hex_id": 878644, "centroid_lon": -70.271639181117777, "centroid_lat": 46.781711814238726, "occurrences_today": 1, "datetimes_today": "2026-01-26 07:16:41", "cumulative_total": 17.0 }, "geometry": { "type": "Polygon", "coordinates": [ [ [ -70.272093471226, 46.776533880799384 ], [ -70.278393858196722, 46.779392938163262 ], [ -70.277940126813647, 46.784570916142776 ], [ -70.271184765307012, 46.786889739580332 ], [ -70.264883945335399, 46.784030268532483 ], [ -70.265338919827883, 46.778852387797009 ], [ -70.272093471226, 46.776533880799384 ] ] ] } },
{ "type": "Feature", "properties": { "hex_id": 879253, "centroid_lon": -70.267157559721127, "centroid_lat": 46.758140783803611, "occurrences_today": 1, "datetimes_today": "2026-01-26 07:16:41", "cumulative_total": 17.0 }, "geometry": { "type": "Polygon", "coordinates": [ [ [ -70.2676119053924, 46.752962862548387 ], [ -70.273909375501404, 46.755822066088761 ], [ -70.273455587769433, 46.761000031907002 ], [ -70.266703088372438, 46.763318696957285 ], [ -70.26040518602322, 46.760459080022969 ], [ -70.260860215267826, 46.755281211498229 ], [ -70.2676119053924, 46.752962862548387 ] ] ] } },
{ "type": "Feature", "properties": { "hex_id": 879254, "centroid_lon": -70.265793768469237, "centroid_lat": 46.773674498955188, "occurrences_today": 1, "datetimes_today": "2026-01-26 07:16:41", "cumulative_total": 17.0 }, "geometry": { "type": "Polygon", "coordinates": [ [ [ -70.266248491302946, 46.768496602008213 ], [ -70.272547635675096, 46.771355939263522 ], [ -70.272093471226, 46.776533880799384 ], [ -70.265338919827883, 46.778852387797009 ], [ -70.259039342900493, 46.775992636924087 ], [ -70.259494749883018, 46.770814792737106 ], [ -70.266248491302946, 46.768496602008213 ] ] ] } },
{ "type": "Feature", "properties": { "hex_id": 879255, "centroid_lon": -70.264428844948327, "centroid_lat": 46.789208141160429, "occurrences_today": 1, "datetimes_today": "2026-01-26 07:16:41", "cumulative_total": 17.0 }, "geometry": { "type": "Polygon", "coordinates": [ [ [ -70.264883945335399, 46.784030268532483 ], [ -70.271184765307012, 46.786889739580332 ], [ -70.270730223750263, 46.79206765682305 ], [ -70.263973618623154, 46.794386005679598 ], [ -70.257672365781076, 46.791526120790294 ], [ -70.258128150893072, 46.786348300951879 ], [ -70.264883945335399, 46.784030268532483 ] ] ] } },
{ "type": "Feature", "properties": { "hex_id": 879864, "centroid_lon": -70.259950030909437, "centroid_lat": 46.765636940436323, "occurrences_today": 1, "datetimes_today": "2026-01-26 07:16:41", "cumulative_total": 17.0 }, "geometry": { "type": "Polygon", "coordinates": [ [ [ -70.26040518602322, 46.760459080022969 ], [ -70.266703088372438, 46.763318696957285 ], [ -70.266248491302946, 46.768496602008213 ], [ -70.259494749883018, 46.770814792737106 ], [ -70.253196415423872, 46.767954762251478 ], [ -70.253652254451097, 46.7627769546542 ], [ -70.26040518602322, 46.760459080022969 ] ] ] } },
{ "type": "Feature", "properties": { "hex_id": 879865, "centroid_lon": -70.258583809918349, "centroid_lat": 46.781170472996095, "occurrences_today": 1, "datetimes_today": "2026-01-26 07:16:41", "cumulative_total": 17.0 }, "geometry": { "type": "Polygon", "coordinates": [ [ [ -70.259039342900493, 46.775992636924087 ], [ -70.265338919827883, 46.778852387797009 ], [ -70.264883945335399, 46.784030268532483 ], [ -70.258128150893072, 46.786348300951879 ], [ -70.25182814154094, 46.783488136303902 ], [ -70.25228435901235, 46.778310353077543 ], [ -70.259039342900493, 46.775992636924087 ] ] ] } },
{ "type": "Feature", "properties": { "hex_id": 879866, "centroid_lon": -70.257216454538806, "centroid_lat": 46.796703932510113, "occurrences_today": 1, "datetimes_today": "2026-01-26 07:16:41", "cumulative_total": 17.0 }, "geometry": { "type": "Polygon", "coordinates": [ [ [ -70.257672365781076, 46.791526120790294 ], [ -70.263973618623154, 46.794386005679598 ], [ -70.263518266316368, 46.799563862088824 ], [ -70.256760417122706, 46.801881736110111 ], [ -70.250458731540803, 46.799021437221853 ], [ -70.250915327848787, 46.793843678377264 ], [ -70.257672365781076, 46.791526120790294 ] ] ] } },
{ "type": "Feature", "properties": { "hex_id": 880474, "centroid_lon": -70.254107967417355, "centroid_lat": 46.75759913893571, "occurrences_today": 1, "datetimes_today": "2026-01-26 07:16:41", "cumulative_total": 17.0 }, "geometry": { "type": "Polygon", "coordinates": [ [ [ -70.254563554366143, 46.75242131509718 ], [ -70.260860215267826, 46.755281211498229 ], [ -70.26040518602322, 46.760459080022969 ], [ -70.253652254451097, 46.7627769546542 ], [ -70.247355161884457, 46.759916644768211 ], [ -70.247811432511384, 46.754738873801848 ], [ -70.254563554366143, 46.75242131509718 ] ] ] } },
{ "type": "Feature", "properties": { "hex_id": 880475, "centroid_lon": -70.252740450292151, "centroid_lat": 46.773132561726328, "occurrences_today": 1, "datetimes_today": "2026-01-26 07:16:41", "cumulative_total": 17.0 }, "geometry": { "type": "Polygon", "coordinates": [ [ [ -70.253196415423872, 46.767954762251478 ], [ -70.259494749883018, 46.770814792737106 ], [ -70.259039342900493, 46.775992636924087 ], [ -70.25228435901235, 46.778310353077543 ], [ -70.245985592573845, 46.775449908883267 ], [ -70.246442241959272, 46.770272162310143 ], [ -70.253196415423872, 46.767954762251478 ] ] ] } },
{ "type": "Feature", "properties": { "hex_id": 880476, "centroid_lon": -70.251371797834281, "centroid_lat": 46.788665911404223, "occurrences_today": 1, "datetimes_today": "2026-01-26 07:16:41", "cumulative_total": 17.0 }, "geometry": { "type": "Polygon", "coordinates": [ [ [ -70.25182814154094, 46.783488136303902 ], [ -70.258128150893072, 46.786348300951879 ], [ -70.257672365781076, 46.791526120790294 ], [ -70.250915327848787, 46.793843678377264 ], [ -70.244614886202669, 46.790983099796755 ], [ -70.245071914739199, 46.785805377627781 ], [ -70.25182814154094, 46.783488136303902 ] ] ] } },
{ "type": "Feature", "properties": { "hex_id": 881085, "centroid_lon": -70.246898765048272, "centroid_lat": 46.765094407604721, "occurrences_today": 1, "datetimes_today": "2026-01-26 07:16:41", "cumulative_total": 17.0 }, "geometry": { "type": "Polygon", "coordinates": [ [ [ -70.247355161884457, 46.759916644768211 ], [ -70.253652254451097, 46.7627769546542 ], [ -70.253196415423872, 46.767954762251478 ], [ -70.246442241959272, 46.770272162310143 ], [ -70.240144717858286, 46.767411438781906 ], [ -70.240601798712646, 46.762233728903169 ], [ -70.247355161884457, 46.759916644768211 ] ] ] } },
{ "type": "Feature", "properties": { "hex_id": 881086, "centroid_lon": -70.245528816848363, "centroid_lat": 46.780627647322895, "occurrences_today": 1, "datetimes_today": "2026-01-26 07:16:41", "cumulative_total": 17.0 }, "geometry": { "type": "Polygon", "coordinates": [ [ [ -70.245985592573845, 46.775449908883267 ], [ -70.25228435901235, 46.778310353077543 ], [ -70.25182814154094, 46.783488136303902 ], [ -70.245071914739199, 46.785805377627781 ], [ -70.238772716452146, 46.782944519567479 ], [ -70.239230176771713, 46.777766834115276 ], [ -70.245985592573845, 46.775449908883267 ] ] ] } },
{ "type": "Feature", "properties": { "hex_id": 881087, "centroid_lon": -70.244157731195102, "centroid_lat": 46.796160813828592, "occurrences_today": 1, "datetimes_today": "2026-01-26 07:16:41", "cumulative_total": 17.0 }, "geometry": { "type": "Polygon", "coordinates": [ [ [ -70.244614886202669, 46.790983099796755 ], [ -70.250915327848787, 46.793843678377264 ], [ -70.250458731540803, 46.799021437221853 ], [ -70.243700449672787, 46.801338519722094 ], [ -70.237399575863677, 46.798477527051602 ], [ -70.237857416041862, 46.793299866036861 ], [ -70.244614886202669, 46.790983099796755 ] ] ] } },
{ "type": "Feature", "properties": { "hex_id": 881695, "centroid_lon": -70.241058753165944, "centroid_lat": 46.757056010884696, "occurrences_today": 1, "datetimes_today": "2026-01-26 07:16:41", "cumulative_total": 17.0 }, "geometry": { "type": "Polygon", "coordinates": [ [ [ -70.241515581261766, 46.751878284727688 ], [ -70.247811432511384, 46.754738873801848 ], [ -70.247355161884457, 46.759916644768211 ], [ -70.240601798712646, 46.762233728903169 ], [ -70.234305516373396, 46.759372726253211 ], [ -70.234763028251962, 46.754195053110003 ], [ -70.241515581261766, 46.751878284727688 ] ] ] } },
{ "type": "Feature", "properties": { "hex_id": 881696, "centroid_lon": -70.239687510559207, "centroid_lat": 46.772589140519671, "occurrences_today": 1, "datetimes_today": "2026-01-26 07:16:41", "cumulative_total": 17.0 }, "geometry": { "type": "Polygon", "coordinates": [ [ [ -70.240144717858286, 46.767411438781906 ], [ -70.246442241959272, 46.770272162310143 ], [ -70.245985592573845, 46.775449908883267 ], [ -70.239230176771713, 46.777766834115276 ], [ -70.232932221267305, 46.774905696787478 ], [ -70.233390112924766, 46.769728048093171 ], [ -70.240144717858286, 46.767411438781906 ] ] ] } },
{ "type": "Feature", "properties": { "hex_id": 881697, "centroid_lon": -70.238315129556781, "centroid_lat": 46.788122196875079, "occurrences_today": 1, "datetimes_today": "2026-01-26 07:16:41", "cumulative_total": 17.0 }, "geometry": { "type": "Polygon", "coordinates": [ [ [ -70.238772716452146, 46.782944519567479 ], [ -70.245071914739199, 46.785805377627781 ], [ -70.244614886202669, 46.790983099796755 ], [ -70.237857416041862, 46.793299866036861 ], [ -70.231557786037385, 46.790438593953098 ], [ -70.232016057867384, 46.785260969718649 ], [ -70.238772716452146, 46.782944519567479 ] ] ] } },
{ "type": "Feature", "properties": { "hex_id": 881698, "centroid_lon": -70.236941608978427, "centroid_lat": 46.803655179918103, "occurrences_today": 1, "datetimes_today": "2026-01-26 07:16:41", "cumulative_total": 17.0 }, "geometry": { "type": "Polygon", "coordinates": [ [ [ -70.237399575863677, 46.798477527051602 ], [ -70.243700449672787, 46.801338519722094 ], [ -70.243243041591981, 46.806516217476023 ], [ -70.2364835153423, 46.808832824635147 ], [ -70.230182209501507, 46.805971417717203 ], [ -70.23064086189828, 46.80079381795359 ], [ -70.237399575863677, 46.798477527051602 ] ] ] } },
{ "type": "Feature", "properties": { "hex_id": 882306, "centroid_lon": -70.233847877945564, "centroid_lat": 46.764550391248015, "occurrences_today": 1, "datetimes_today": "2026-01-26 07:16:41", "cumulative_total": 17.0 }, "geometry": { "type": "Polygon", "coordinates": [ [ [ -70.234305516373396, 46.759372726253211 ], [ -70.240601798712646, 46.762233728903169 ], [ -70.240144717858286, 46.767411438781906 ], [ -70.233390112924766, 46.769728048093171 ], [ -70.227093399626867, 46.766866631710144 ], [ -70.227551722177409, 46.761689019814817 ], [ -70.234305516373396, 46.759372726253211 ] ] ] } },
{ "type": "Feature", "properties": { "hex_id": 882307, "centroid_lon": -70.232474202929438, "centroid_lat": 46.780083337329721, "occurrences_today": 1, "datetimes_today": "2026-01-26 07:16:41", "cumulative_total": 17.0 }, "geometry": { "type": "Polygon", "coordinates": [ [ [ -70.232932221267305, 46.774905696787478 ], [ -70.239230176771713, 46.777766834115276 ], [ -70.238772716452146, 46.782944519567479 ], [ -70.232016057867384, 46.785260969718649 ], [ -70.22571767109072, 46.782399418433968 ], [ -70.22617637412732, 46.777221831020938 ], [ -70.232932221267305, 46.774905696787478 ] ] ] } },
{ "type": "Feature", "properties": { "hex_id": 882308, "centroid_lon": -70.231099387395616, "centroid_lat": 46.795616210031802, "occurrences_today": 1, "datetimes_today": "2026-01-26 07:16:41", "cumulative_total": 17.0 }, "geometry": { "type": "Polygon", "coordinates": [ [ [ -70.231557786037385, 46.790438593953098 ], [ -70.237857416041862, 46.793299866036861 ], [ -70.237399575863677, 46.798477527051602 ], [ -70.23064086189828, 46.80079381795359 ], [ -70.224340800307715, 46.797932131688967 ], [ -70.224799884224794, 46.792754568769197 ], [ -70.231557786037385, 46.790438593953098 ] ] ] } },
{ "type": "Feature", "properties": { "hex_id": 882916, "centroid_lon": -70.228009917986839, "centroid_lat": 46.75651139976118, "occurrences_today": 1, "datetimes_today": "2026-01-26 07:16:41", "cumulative_total": 17.0 }, "geometry": { "type": "Polygon", "coordinates": [ [ [ -70.228467987098895, 46.751333771550449 ], [ -70.234763028251962, 46.754195053110003 ], [ -70.234305516373396, 46.759372726253211 ], [ -70.227551722177409, 46.761689019814817 ], [ -70.221256250510109, 46.758827324588708 ], [ -70.221715003509274, 46.753649749533437 ], [ -70.228467987098895, 46.751333771550449 ] ] ] } },
{ "type": "Feature", "properties": { "hex_id": 882917, "centroid_lon": -70.226634950291427, "centroid_lat": 46.772044235445918, "occurrences_today": 1, "datetimes_today": "2026-01-26 07:16:41", "cumulative_total": 17.0 }, "geometry": { "type": "Polygon", "coordinates": [ [ [ -70.227093399626867, 46.766866631710144 ], [ -70.233390112924766, 46.769728048093171 ], [ -70.232932221267305, 46.774905696787478 ], [ -70.22617637412732, 46.777221831020938 ], [ -70.219879230001993, 46.774360000747578 ], [ -70.22033836380028, 46.769182450197015 ], [ -70.227093399626867, 46.766866631710144 ] ] ] } },
{ "type": "Feature", "properties": { "hex_id": 882918, "centroid_lon": -70.22525884113783, "centroid_lat": 46.787576997683807, "occurrences_today": 1, "datetimes_today": "2026-01-26 07:16:41", "cumulative_total": 17.0 }, "geometry": { "type": "Polygon", "coordinates": [ [ [ -70.22571767109072, 46.782399418433968 ], [ -70.232016057867384, 46.785260969718649 ], [ -70.231557786037385, 46.790438593953098 ], [ -70.224799884224794, 46.792754568769197 ], [ -70.218501066307326, 46.789892603370269 ], [ -70.218960581299399, 46.784715077335427 ], [ -70.22571767109072, 46.782399418433968 ] ] ] } },
{ "type": "Feature", "properties": { "hex_id": 882919, "centroid_lon": -70.223881589342724, "centroid_lat": 46.80310968644185, "occurrences_today": 1, "datetimes_today": "2026-01-26 07:16:41", "cumulative_total": 17.0 }, "geometry": { "type": "Polygon", "coordinates": [ [ [ -70.224340800307715, 46.797932131688967 ], [ -70.23064086189828, 46.80079381795359 ], [ -70.230182209501507, 46.805971417717203 ], [ -70.223422251285896, 46.808287233026647 ], [ -70.217121758240893, 46.805425132423721 ], [ -70.217581654822027, 46.800247630915649 ], [ -70.224340800307715, 46.797932131688967 ] ] ] } },
{ "type": "Feature", "properties": { "hex_id": 883527, "centroid_lon": -70.22079737062171, "centroid_lat": 46.764004891476972, "occurrences_today": 1, "datetimes_today": "2026-01-26 07:16:41", "cumulative_total": 17.0 }, "geometry": { "type": "Polygon", "coordinates": [ [ [ -70.221256250510109, 46.758827324588708 ], [ -70.227551722177409, 46.761689019814817 ], [ -70.227093399626867, 46.766866631710144 ], [ -70.22033836380028, 46.769182450197015 ], [ -70.214042461750068, 46.766320341147129 ], [ -70.214502025865514, 46.761142827500052 ], [ -70.221256250510109, 46.758827324588708 ] ] ] } },
{ "type": "Feature", "properties": { "hex_id": 883528, "centroid_lon": -70.219419969182994, "centroid_lat": 46.779537543127461, "occurrences_today": 1, "datetimes_today": "2026-01-26 07:16:41", "cumulative_total": 17.0 }, "geometry": { "type": "Polygon", "coordinates": [ [ [ -70.219879230001993, 46.774360000747578 ], [ -70.22617637412732, 46.777221831020938 ], [ -70.22571767109072, 46.782399418433968 ], [ -70.218960581299399, 46.784715077335427 ], [ -70.212663006478195, 46.781852833014447 ], [ -70.213122952100321, 46.776675343905566 ], [ -70.219879230001993, 46.774360000747578 ] ] ] } },
{ "type": "Feature", "properties": { "hex_id": 883529, "centroid_lon": -70.218041424162848, "centroid_lat": 46.795070121230744, "occurrences_today": 1, "datetimes_today": "2026-01-26 07:16:41", "cumulative_total": 17.0 }, "geometry": { "type": "Polygon", "coordinates": [ [ [ -70.218501066307326, 46.789892603370269 ], [ -70.224799884224794, 46.792754568769197 ], [ -70.224340800307715, 46.797932131688967 ], [ -70.217581654822027, 46.800247630915649 ], [ -70.211282405895474, 46.797385251245089 ], [ -70.211742733419754, 46.792207786685438 ], [ -70.218501066307326, 46.789892603370269 ] ] ] } },
{ "type": "Feature", "properties": { "hex_id": 883530, "centroid_lon": -70.216661734375478, "centroid_lat": 46.810602625753752, "occurrences_today": 1, "datetimes_today": "2026-01-26 07:16:41", "cumulative_total": 17.0 }, "geometry": { "type": "Polygon", "coordinates": [ [ [ -70.217121758240893, 46.805425132423721 ], [ -70.223422251285896, 46.808287233026647 ], [ -70.222962786093319, 46.813464771442135 ], [ -70.216201583181785, 46.815780110904548 ], [ -70.209900658814234, 46.812917595805864 ], [ -70.210361368636754, 46.80774015580652 ], [ -70.217121758240893, 46.805425132423721 ] ] ] } },
{ "type": "Feature", "properties": { "hex_id": 884137, "centroid_lon": -70.214961462899865, "centroid_lat": 46.755965305676021, "occurrences_today": 1, "datetimes_today": "2026-01-26 07:16:41", "cumulative_total": 17.0 }, "geometry": { "type": "Polygon", "coordinates": [ [ [ -70.215420772896962, 46.750787775676287 ], [ -70.221715003509274, 46.753649749533437 ], [ -70.221256250510109, 46.758827324588708 ], [ -70.214502025865514, 46.761142827500052 ], [ -70.20820736531445, 46.758280439885752 ], [ -70.208667359302865, 46.753102963183139 ], [ -70.215420772896962, 46.750787775676287 ] ] ] } },
{ "type": "Feature", "properties": { "hex_id": 884138, "centroid_lon": -70.213582770509632, "centroid_lat": 46.771497846616043, "occurrences_today": 1, "datetimes_today": "2026-01-26 07:16:41", "cumulative_total": 17.0 }, "geometry": { "type": "Polygon", "coordinates": [ [ [ -70.214042461750068, 46.766320341147129 ], [ -70.22033836380028, 46.769182450197015 ], [ -70.219879230001993, 46.774360000747578 ], [ -70.213122952100321, 46.776675343905566 ], [ -70.206826619798804, 46.773812820874717 ], [ -70.207286995606353, 46.768635368732774 ], [ -70.214042461750068, 46.766320341147129 ] ] ] } },
{ "type": "Feature", "properties": { "hex_id": 884139, "centroid_lon": -70.212202933599343, "centroid_lat": 46.787030313941493, "occurrences_today": 1, "datetimes_today": "2026-01-26 07:16:41", "cumulative_total": 17.0 }, "geometry": { "type": "Polygon", "coordinates": [ [ [ -70.212663006478195, 46.781852833014447 ], [ -70.218960581299399, 46.784715077335427 ], [ -70.218501066307326, 46.789892603370269 ], [ -70.211742733419754, 46.792207786685438 ], [ -70.205444728034465, 46.789345128159553 ], [ -70.205905486056864, 46.784167700589329 ], [ -70.212663006478195, 46.781852833014447 ] ] ] } },
{ "type": "Feature", "properties": { "hex_id": 884140, "centroid_lon": -70.210821950982492, "centroid_lat": 46.802562707619188, "occurrences_today": 1, "datetimes_today": "2026-01-26 07:16:41", "cumulative_total": 17.0 }, "geometry": { "type": "Polygon", "coordinates": [ [ [ -70.211282405895474, 46.797385251245089 ], [ -70.217581654822027, 46.800247630915649 ], [ -70.217121758240893, 46.805425132423721 ], [ -70.210361368636754, 46.80774015580652 ], [ -70.204061688833093, 46.804877361706971 ], [ -70.204522829466654, 46.799699958719586 ], [ -70.211282405895474, 46.797385251245089 ] ] ] } },
{ "type": "Feature", "properties": { "hex_id": 884748, "centroid_lon": -70.207747244096922, "centroid_lat": 46.7634579084027, "occurrences_today": 1, "datetimes_today": "2026-01-26 07:16:41", "cumulative_total": 17.0 }, "geometry": { "type": "Polygon", "coordinates": [ [ [ -70.20820736531445, 46.758280439885752 ], [ -70.214502025865514, 46.761142827500052 ], [ -70.214042461750068, 46.766320341147129 ], [ -70.207286995606353, 46.768635368732774 ], [ -70.200991905248202, 46.765772567204138 ], [ -70.2014527107969, 46.760595152070074 ], [ -70.20820736531445, 46.758280439885752 ] ] ] } },
{ "type": "Feature", "properties": { "hex_id": 884749, "centroid_lon": -70.206366116630292, "centroid_lat": 46.778990264827328, "occurrences_today": 1, "datetimes_today": "2026-01-26 07:16:41", "cumulative_total": 17.0 }, "geometry": { "type": "Polygon", "coordinates": [ [ [ -70.206826619798804, 46.773812820874717 ], [ -70.213122952100321, 46.776675343905566 ], [ -70.212663006478195, 46.781852833014447 ], [ -70.205905486056864, 46.784167700589329 ], [ -70.199608723635905, 46.781304763420273 ], [ -70.200069911711722, 46.776127372880481 ], [ -70.206826619798804, 46.773812820874717 ] ] ] } },
{ "type": "Feature", "properties": { "hex_id": 884750, "centroid_lon": -70.204983842519084, "centroid_lat": 46.794522547536694, "occurrences_today": 1, "datetimes_today": "2026-01-26 07:16:41", "cumulative_total": 17.0 }, "geometry": { "type": "Polygon", "coordinates": [ [ [ -70.205444728034465, 46.789345128159553 ], [ -70.211742733419754, 46.792207786685438 ], [ -70.211282405895474, 46.797385251245089 ], [ -70.204522829466654, 46.799699958719586 ], [ -70.19822439364934, 46.796836885831446 ], [ -70.198685964648803, 46.791659519897003 ], [ -70.205444728034465, 46.789345128159553 ] ] ] } },
{ "type": "Feature", "properties": { "hex_id": 884751, "centroid_lon": -70.203600420574332, "centroid_lat": 46.810054756497586, "occurrences_today": 1, "datetimes_today": "2026-01-26 07:16:41", "cumulative_total": 17.0 }, "geometry": { "type": "Polygon", "coordinates": [ [ [ -70.204061688833093, 46.804877361706971 ], [ -70.210361368636754, 46.80774015580652 ], [ -70.209900658814234, 46.812917595805864 ], [ -70.203139024646234, 46.815232143090242 ], [ -70.196838914097725, 46.812368934404276 ], [ -70.19730086841794, 46.807191593086323 ], [ -70.204061688833093, 46.804877361706971 ] ] ] } },
{ "type": "Feature", "properties": { "hex_id": 885359, "centroid_lon": -70.200530972234475, "centroid_lat": 46.770949974141338, "occurrences_today": 1, "datetimes_today": "2026-01-26 07:16:41", "cumulative_total": 17.0 }, "geometry": { "type": "Polygon", "coordinates": [ [ [ -70.200991905248202, 46.765772567204138 ], [ -70.207286995606353, 46.768635368732774 ], [ -70.206826619798804, 46.773812820874717 ], [ -70.200069911711722, 46.776127372880481 ], [ -70.193774391678446, 46.773264157280359 ], [ -70.194236009363337, 46.768086803811869 ], [ -70.200991905248202, 46.765772567204138 ] ] ] } },
{ "type": "Feature", "properties": { "hex_id": 885360, "centroid_lon": -70.199147407962954, "centroid_lat": 46.786482145759543, "occurrences_today": 1, "datetimes_today": "2026-01-26 07:16:41", "cumulative_total": 17.0 }, "geometry": { "type": "Polygon", "coordinates": [ [ [ -70.199608723635905, 46.781304763420273 ], [ -70.205905486056864, 46.784167700589329 ], [ -70.205444728034465, 46.789345128159553 ], [ -70.198685964648803, 46.791659519897003 ], [ -70.192388772240548, 46.788796168432476 ], [ -70.192850773161169, 46.783618839591895 ], [ -70.199608723635905, 46.781304763420273 ] ] ] } },
{ "type": "Feature", "properties": { "hex_id": 885361, "centroid_lon": -70.197762694920428, "centroid_lat": 46.802014243561629, "occurrences_today": 1, "datetimes_today": "2026-01-26 07:16:41", "cumulative_total": 17.0 }, "geometry": { "type": "Polygon", "coordinates": [ [ [ -70.19822439364934, 46.796836885831446 ], [ -70.204522829466654, 46.799699958719586 ], [ -70.204061688833093, 46.804877361706971 ], [ -70.19730086841794, 46.807191593086323 ], [ -70.191002002300934, 46.804328105678593 ], [ -70.191464386854619, 46.799150801477069 ], [ -70.19822439364934, 46.796836885831446 ] ] ] } },
{ "type": "Feature", "properties": { "hex_id": 885969, "centroid_lon": -70.194697499391197, "centroid_lat": 46.762909442136568, "occurrences_today": 1, "datetimes_today": "2026-01-26 07:16:41", "cumulative_total": 17.0 }, "geometry": { "type": "Polygon", "coordinates": [ [ [ -70.195158861806078, 46.757732072255678 ], [ -70.2014527107969, 46.760595152070074 ], [ -70.200991905248202, 46.765772567204138 ], [ -70.194236009363337, 46.768086803811869 ], [ -70.18794173114135, 46.765223309992692 ], [ -70.188403777991326, 46.760045993636439 ], [ -70.195158861806078, 46.757732072255678 ] ] ] } },
{ "type": "Feature", "properties": { "hex_id": 885970, "centroid_lon": -70.193312646292426, "centroid_lat": 46.77844150254078, "occurrences_today": 1, "datetimes_today": "2026-01-26 07:16:41", "cumulative_total": 17.0 }, "geometry": { "type": "Polygon", "coordinates": [ [ [ -70.193774391678446, 46.773264157280359 ], [ -70.200069911711722, 46.776127372880481 ], [ -70.199608723635905, 46.781304763420273 ], [ -70.192850773161169, 46.783618839591895 ], [ -70.18655482358497, 46.7807552097631 ], [ -70.187017253982319, 46.77557791805728 ], [ -70.193774391678446, 46.773264157280359 ] ] ] } },
{ "type": "Feature", "properties": { "hex_id": 885971, "centroid_lon": -70.191926643486426, "centroid_lat": 46.793973489061273, "occurrences_today": 1, "datetimes_today": "2026-01-26 07:16:41", "cumulative_total": 17.0 }, "geometry": { "type": "Polygon", "coordinates": [ [ [ -70.192388772240548, 46.788796168432476 ], [ -70.198685964648803, 46.791659519897003 ], [ -70.19822439364934, 46.796836885831446 ], [ -70.191464386854619, 46.799150801477069 ], [ -70.185166764591472, 46.796287035559807 ], [ -70.185629578933757, 46.791109768515604 ], [ -70.192388772240548, 46.788796168432476 ] ] ] } },
{ "type": "Feature", "properties": { "hex_id": 885972, "centroid_lon": -70.190539489781173, "centroid_lat": 46.809505401664609, "occurrences_today": 1, "datetimes_today": "2026-01-26 07:16:41", "cumulative_total": 17.0 }, "geometry": { "type": "Polygon", "coordinates": [ [ [ -70.191002002300934, 46.804328105678593 ], [ -70.19730086841794, 46.807191593086323 ], [ -70.196838914097725, 46.812368934404276 ], [ -70.190076849251099, 46.814682689433909 ], [ -70.183777552966987, 46.811818787349246 ], [ -70.184240751652354, 46.806641544977872 ], [ -70.191002002300934, 46.804328105678593 ] ] ] } },
{ "type": "Feature", "properties": { "hex_id": 886580, "centroid_lon": -70.187479556486394, "centroid_lat": 46.770400618133408, "occurrences_today": 1, "datetimes_today": "2026-01-26 07:16:41", "cumulative_total": 17.0 }, "geometry": { "type": "Polygon", "coordinates": [ [ [ -70.18794173114135, 46.765223309992692 ], [ -70.194236009363337, 46.768086803811869 ], [ -70.193774391678446, 46.773264157280359 ], [ -70.187017253982319, 46.77557791805728 ], [ -70.180722546661457, 46.772714010076243 ], [ -70.181185406091444, 46.767536755546033 ], [ -70.18794173114135, 46.765223309992692 ] ] ] } },
{ "type": "Feature", "properties": { "hex_id": 886581, "centroid_lon": -70.186092265250181, "centroid_lat": 46.785932493249639, "occurrences_today": 1, "datetimes_today": "2026-01-26 07:16:41", "cumulative_total": 17.0 }, "geometry": { "type": "Polygon", "coordinates": [ [ [ -70.18655482358497, 46.7807552097631 ], [ -70.192850773161169, 46.783618839591895 ], [ -70.192388772240548, 46.788796168432476 ], [ -70.185629578933757, 46.791109768515604 ], [ -70.179333199947138, 46.788245724300936 ], [ -70.179796443633535, 46.78306849445493 ], [ -70.18655482358497, 46.7807552097631 ] ] ] } },
{ "type": "Feature", "properties": { "hex_id": 886582, "centroid_lon": -70.184703822179088, "centroid_lat": 46.801464294380963, "occurrences_today": 1, "datetimes_today": "2026-01-26 07:16:41", "cumulative_total": 17.0 }, "geometry": { "type": "Polygon", "coordinates": [ [ [ -70.185166764591472, 46.796287035559807 ], [ -70.191464386854619, 46.799150801477069 ], [ -70.191002002300934, 46.804328105678593 ], [ -70.184240751652354, 46.806641544977872 ], [ -70.177942699667, 46.803777364450568 ], [ -70.178406328008165, 46.798600159299994 ], [ -70.185166764591472, 46.796287035559807 ] ] ] } },
{ "type": "Feature", "properties": { "hex_id": 887191, "centroid_lon": -70.180259559190219, "centroid_lat": 46.77789125637964, "occurrences_today": 1, "datetimes_today": "2026-01-26 07:16:41", "cumulative_total": 17.0 }, "geometry": { "type": "Polygon", "coordinates": [ [ [ -70.180722546661457, 46.772714010076243 ], [ -70.187017253982319, 46.77557791805728 ], [ -70.18655482358497, 46.7807552097631 ], [ -70.179796443633535, 46.78306849445493 ], [ -70.173501307346356, 46.780204172154875 ], [ -70.173964979932705, 46.77502697954791 ], [ -70.180722546661457, 46.772714010076243 ] ] ] } },
{ "type": "Feature", "properties": { "hex_id": 887192, "centroid_lon": -70.178869828086775, "centroid_lat": 46.793422945916362, "occurrences_today": 1, "datetimes_today": "2026-01-26 07:16:41", "cumulative_total": 17.0 }, "geometry": { "type": "Polygon", "coordinates": [ [ [ -70.179333199947138, 46.788245724300936 ], [ -70.185629578933757, 46.791109768515604 ], [ -70.185166764591472, 46.796287035559807 ], [ -70.178406328008165, 46.798600159299994 ], [ -70.172109519743884, 46.79573570054221 ], [ -70.172573577296262, 46.790558532653286 ], [ -70.179333199947138, 46.788245724300936 ] ] ] } },
{ "type": "Feature", "properties": { "hex_id": 887193, "centroid_lon": -70.17747894301894, "centroid_lat": 46.808954561366832, "occurrences_today": 1, "datetimes_today": "2026-01-26 07:16:41", "cumulative_total": 17.0 }, "geometry": { "type": "Polygon", "coordinates": [ [ [ -70.177942699667, 46.803777364450568 ], [ -70.184240751652354, 46.806641544977872 ], [ -70.183777552966987, 46.811818787349246 ], [ -70.177015058019649, 46.814131750047551 ], [ -70.170716576445031, 46.811267154752926 ], [ -70.171181019362649, 46.806090011593284 ], [ -70.177942699667, 46.803777364450568 ] ] ] } },
{ "type": "Feature", "properties": { "hex_id": 887801, "centroid_lon": -70.174428524285631, "centroid_lat": 46.769849778704085, "occurrences_today": 1, "datetimes_today": "2026-01-26 07:16:41", "cumulative_total": 17.0 }, "geometry": { "type": "Polygon", "coordinates": [ [ [ -70.174891940449442, 46.764672569624665 ], [ -70.181185406091444, 46.767536755546033 ], [ -70.180722546661457, 46.772714010076243 ], [ -70.173964979932705, 46.77502697954791 ], [ -70.167671085768148, 46.772162379374414 ], [ -70.16813518681063, 46.766985224047261 ], [ -70.174891940449442, 46.764672569624665 ] ] ] } },
{ "type": "Feature", "properties": { "hex_id": 887802, "centroid_lon": -70.173037506482316, "centroid_lat": 46.785381356523757, "occurrences_today": 1, "datetimes_today": "2026-01-26 07:16:41", "cumulative_total": 17.0 }, "geometry": { "type": "Polygon", "coordinates": [ [ [ -70.173501307346356, 46.780204172154875 ], [ -70.179796443633535, 46.78306849445493 ], [ -70.179333199947138, 46.788245724300936 ], [ -70.172573577296262, 46.790558532653286 ], [ -70.16627801217561, 46.787693795877061 ], [ -70.166742498494983, 46.782516665290565 ], [ -70.173501307346356, 46.780204172154875 ] ] ] } },
{ "type": "Feature", "properties": { "hex_id": 887803, "centroid_lon": -70.171645333780788, "centroid_lat": 46.800912860189293, "occurrences_today": 1, "datetimes_today": "2026-01-26 07:16:41", "cumulative_total": 17.0 }, "geometry": { "type": "Polygon", "coordinates": [ [ [ -70.172109519743884, 46.79573570054221 ], [ -70.178406328008165, 46.798600159299994 ], [ -70.177942699667, 46.803777364450568 ], [ -70.171181019362649, 46.806090011593284 ], [ -70.164883781953719, 46.803225138135154 ], [ -70.16534865394938, 46.798048032300613 ], [ -70.172109519743884, 46.79573570054221 ] ] ] } },
{ "type": "Feature", "properties": { "hex_id": 888412, "centroid_lon": -70.167206856344379, "centroid_lat": 46.777339526455947, "occurrences_today": 1, "datetimes_today": "2026-01-26 07:16:41", "cumulative_total": 17.0 }, "geometry": { "type": "Polygon", "coordinates": [ [ [ -70.167671085768148, 46.772162379374414 ], [ -70.173964979932705, 46.77502697954791 ], [ -70.173501307346356, 46.780204172154875 ], [ -70.166742498494983, 46.782516665290565 ], [ -70.1604481759408, 46.779651650707855 ], [ -70.160913090583279, 46.774474557464565 ], [ -70.167671085768148, 46.772162379374414 ] ] ] } },
{ "type": "Feature", "properties": { "hex_id": 888413, "centroid_lon": -70.165813397341878, "centroid_lat": 46.792870918214149, "occurrences_today": 1, "datetimes_today": "2026-01-26 07:16:41", "cumulative_total": 17.0 }, "geometry": { "type": "Polygon", "coordinates": [ [ [ -70.16627801217561, 46.787693795877061 ], [ -70.172573577296262, 46.790558532653286 ], [ -70.172109519743884, 46.79573570054221 ], [ -70.16534865394938, 46.798048032300613 ], [ -70.159052660128353, 46.795182880891034 ], [ -70.159517960757768, 46.790005812422365 ], [ -70.16627801217561, 46.787693795877061 ] ] ] } },
{ "type": "Feature", "properties": { "hex_id": 888414, "centroid_lon": -70.164418781310403, "centroid_lat": 46.808402235716542, "occurrences_today": 1, "datetimes_today": "2026-01-26 07:16:41", "cumulative_total": 17.0 }, "geometry": { "type": "Polygon", "coordinates": [ [ [ -70.164883781953719, 46.803225138135154 ], [ -70.171181019362649, 46.806090011593284 ], [ -70.170716576445031, 46.811267154752926 ], [ -70.163953651975021, 46.813579325043527 ], [ -70.157655985554712, 46.810714036727802 ], [ -70.158121672571326, 46.805536993045031 ], [ -70.164883781953719, 46.803225138135154 ] ] ] } },
{ "type": "Feature", "properties": { "hex_id": 889023, "centroid_lon": -70.159983132680438, "centroid_lat": 46.784828735694212, "occurrences_today": 1, "datetimes_today": "2026-01-26 07:16:41", "cumulative_total": 17.0 }, "geometry": { "type": "Polygon", "coordinates": [ [ [ -70.1604481759408, 46.779651650707855 ], [ -70.166742498494983, 46.782516665290565 ], [ -70.16627801217561, 46.787693795877061 ], [ -70.159517960757768, 46.790005812422365 ], [ -70.153223209947143, 46.787140383273311 ], [ -70.153688938766351, 46.7819633522112 ], [ -70.1604481759408, 46.779651650707855 ] ] ] } },
{ "type": "Feature", "properties": { "hex_id": 889024, "centroid_lon": -70.158587230747699, "centroid_lat": 46.800359941099018, "occurrences_today": 1, "datetimes_today": "2026-01-26 07:16:41", "cumulative_total": 17.0 }, "geometry": { "type": "Polygon", "coordinates": [ [ [ -70.159052660128353, 46.795182880891034 ], [ -70.16534865394938, 46.798048032300613 ], [ -70.164883781953719, 46.803225138135154 ], [ -70.158121672571326, 46.805536993045031 ], [ -70.151825250183293, 46.802671426844924 ], [ -70.152291365700123, 46.797494420591434 ], [ -70.159052660128353, 46.795182880891034 ] ] ] } },
{ "type": "Feature", "properties": { "hex_id": 889025, "centroid_lon": -70.157190169653347, "centroid_lat": 46.815891072146066, "occurrences_today": 1, "datetimes_today": "2026-01-26 07:16:41", "cumulative_total": 17.0 }, "geometry": { "type": "Polygon", "coordinates": [ [ [ -70.157655985554712, 46.810714036727802 ], [ -70.163953651975021, 46.813579325043527 ], [ -70.163488393903037, 46.818756406114844 ], [ -70.156724224822639, 46.821068099298607 ], [ -70.150426129524575, 46.818202395968001 ], [ -70.150892632140099, 46.813025414534479 ], [ -70.157655985554712, 46.810714036727802 ] ] ] } },
{ "type": "Feature", "properties": { "hex_id": 889633, "centroid_lon": -70.154154538775373, "centroid_lat": 46.776786312882088, "occurrences_today": 1, "datetimes_today": "2026-01-26 07:16:41", "cumulative_total": 17.0 }, "geometry": { "type": "Polygon", "coordinates": [ [ [ -70.154620010018675, 46.771609265287225 ], [ -70.160913090583279, 46.774474557464565 ], [ -70.1604481759408, 46.779651650707855 ], [ -70.153688938766351, 46.7819633522112 ], [ -70.147395430388855, 46.779097645534563 ], [ -70.147861586954249, 46.773920651919752 ], [ -70.154620010018675, 46.771609265287225 ] ] ] } },
{ "type": "Feature", "properties": { "hex_id": 889634, "centroid_lon": -70.152757352273241, "centroid_lat": 46.792317406067134, "occurrences_today": 1, "datetimes_today": "2026-01-26 07:16:41", "cumulative_total": 17.0 }, "geometry": { "type": "Polygon", "coordinates": [ [ [ -70.153223209947143, 46.787140383273311 ], [ -70.159517960757768, 46.790005812422365 ], [ -70.159052660128353, 46.795182880891034 ], [ -70.152291365700123, 46.797494420591434 ], [ -70.145996186766482, 46.794628576718935 ], [ -70.146462730339536, 46.789451607935419 ], [ -70.153223209947143, 46.787140383273311 ] ] ] } },
{ "type": "Feature", "properties": { "hex_id": 889635, "centroid_lon": -70.151359005678131, "centroid_lat": 46.807848424826361, "occurrences_today": 1, "datetimes_today": "2026-01-26 07:16:41", "cumulative_total": 17.0 }, "geometry": { "type": "Polygon", "coordinates": [ [ [ -70.151825250183293, 46.802671426844924 ], [ -70.158121672571326, 46.805536993045031 ], [ -70.157655985554712, 46.810714036727802 ], [ -70.150892632140099, 46.813025414534479 ], [ -70.144595781318685, 46.81015943338663 ], [ -70.145062712300671, 46.804982489445806 ], [ -70.151825250183293, 46.802671426844924 ] ] ] } },
{ "type": "Feature", "properties": { "hex_id": 890244, "centroid_lon": -70.146929144865467, "centroid_lat": 46.784274630873547, "occurrences_today": 1, "datetimes_today": "2026-01-26 07:16:41", "cumulative_total": 17.0 }, "geometry": { "type": "Polygon", "coordinates": [ [ [ -70.147395430388855, 46.779097645534563 ], [ -70.153688938766351, 46.7819633522112 ], [ -70.153223209947143, 46.787140383273311 ], [ -70.146462730339536, 46.789451607935419 ], [ -70.140168794282701, 46.786585486602426 ], [ -70.140635765468261, 46.781408555329563 ], [ -70.147395430388855, 46.779097645534563 ] ] ] } },
{ "type": "Feature", "properties": { "hex_id": 890245, "centroid_lon": -70.145529514101739, "centroid_lat": 46.799805537222809, "occurrences_today": 1, "datetimes_today": "2026-01-26 07:16:41", "cumulative_total": 17.0 }, "geometry": { "type": "Polygon", "coordinates": [ [ [ -70.145996186766482, 46.794628576718935 ], [ -70.152291365700123, 46.797494420591434 ], [ -70.151825250183293, 46.802671426844924 ], [ -70.145062712300671, 46.804982489445806 ], [ -70.138767105377738, 46.802116230692718 ], [ -70.139234464282083, 46.796939324285276 ], [ -70.145996186766482, 46.794628576718935 ] ] ] } },
{ "type": "Feature", "properties": { "hex_id": 890246, "centroid_lon": -70.144128721111116, "centroid_lat": 46.815336369044012, "occurrences_today": 1, "datetimes_today": "2026-01-26 07:16:41", "cumulative_total": 17.0 }, "geometry": { "type": "Polygon", "coordinates": [ [ [ -70.144595781318685, 46.81015943338663 ], [ -70.150892632140099, 46.813025414534479 ], [ -70.150426129524575, 46.818202395968001 ], [ -70.143661531633285, 46.820513296416721 ], [ -70.137364252512427, 46.817646900163894 ], [ -70.13783199953761, 46.812470018633306 ], [ -70.144595781318685, 46.81015943338663 ] ] ] } },
{ "type": "Feature", "properties": { "hex_id": 890855, "centroid_lon": -70.139701693902182, "centroid_lat": 46.791762409588074, "occurrences_today": 1, "datetimes_today": "2026-01-26 07:16:41", "cumulative_total": 17.0 }, "geometry": { "type": "Polygon", "coordinates": [ [ [ -70.140168794282701, 46.786585486602426 ], [ -70.146462730339536, 46.789451607935419 ], [ -70.145996186766482, 46.794628576718935 ], [ -70.139234464282083, 46.796939324285276 ], [ -70.13294010067969, 46.794072788138848 ], [ -70.133407887062617, 46.788895919305411 ], [ -70.140168794282701, 46.786585486602426 ] ] ] } },
{ "type": "Feature", "properties": { "hex_id": 890856, "centroid_lon": -70.138299617144483, "centroid_lat": 46.807293128809143, "occurrences_today": 1, "datetimes_today": "2026-01-26 07:16:41", "cumulative_total": 17.0 }, "geometry": { "type": "Polygon", "coordinates": [ [ [ -70.138767105377738, 46.802116230692718 ], [ -70.145062712300671, 46.804982489445806 ], [ -70.144595781318685, 46.81015943338663 ], [ -70.13783199953761, 46.812470018633306 ], [ -70.131535964759379, 46.809603344842472 ], [ -70.132004139572814, 46.804426500908647 ], [ -70.138767105377738, 46.802116230692718 ] ] ] } },
{ "type": "Feature", "properties": { "hex_id": 891466, "centroid_lon": -70.132472184864667, "centroid_lat": 46.799249648673673, "occurrences_today": 1, "datetimes_today": "2026-01-26 07:16:41", "cumulative_total": 17.0 }, "geometry": { "type": "Polygon", "coordinates": [ [ [ -70.13294010067969, 46.794072788138848 ], [ -70.139234464282083, 46.796939324285276 ], [ -70.138767105377738, 46.802116230692718 ], [ -70.132004139572814, 46.804426500908647 ], [ -70.125709348558928, 46.801559549791691 ], [ -70.126177950716723, 46.796382743495265 ], [ -70.13294010067969, 46.794072788138848 ] ] ] } },
{ "type": "Feature", "properties": { "hex_id": 891467, "centroid_lon": -70.131067660379628, "centroid_lat": 46.814780180473868, "occurrences_today": 1, "datetimes_today": "2026-01-26 07:16:41", "cumulative_total": 17.0 }, "geometry": { "type": "Polygon", "coordinates": [ [ [ -70.131535964759379, 46.809603344842472 ], [ -70.13783199953761, 46.812470018633306 ], [ -70.137364252512427, 46.817646900163894 ], [ -70.130599226388739, 46.819957007801577 ], [ -70.124302763889474, 46.81708991881581 ], [ -70.12477175519011, 46.811913137453253 ], [ -70.131535964759379, 46.809603344842472 ] ] ] } },
{ "type": "Feature", "properties": { "hex_id": 892076, "centroid_lon": -70.126646423249866, "centroid_lat": 46.791205928890079, "occurrences_today": 1, "datetimes_today": "2026-01-26 07:16:41", "cumulative_total": 17.0 }, "geometry": { "type": "Polygon", "coordinates": [ [ [ -70.127114766203107, 46.786029105977455 ], [ -70.133407887062617, 46.788895919305411 ], [ -70.13294010067969, 46.794072788138848 ], [ -70.126177950716723, 46.796382743495265 ], [ -70.119884402889184, 46.793515515264012 ], [ -70.120353431947876, 46.788338746645536 ], [ -70.127114766203107, 46.786029105977455 ] ] ] } },
{ "type": "Feature", "properties": { "hex_id": 892077, "centroid_lon": -70.125240616731659, "centroid_lat": 46.806736347778113, "occurrences_today": 1, "datetimes_today": "2026-01-26 07:16:41", "cumulative_total": 17.0 }, "geometry": { "type": "Polygon", "coordinates": [ [ [ -70.125709348558928, 46.801559549791691 ], [ -70.132004139572814, 46.804426500908647 ], [ -70.131535964759379, 46.809603344842472 ], [ -70.12477175519011, 46.811913137453253 ], [ -70.118476536899067, 46.809045771208666 ], [ -70.118945955409629, 46.803869027546853 ], [ -70.125709348558928, 46.801559549791691 ] ] ] } },
{ "type": "Feature", "properties": { "hex_id": 892687, "centroid_lon": -70.119415244058047, "centroid_lat": 46.798692275564875, "occurrences_today": 1, "datetimes_today": "2026-01-26 07:16:41", "cumulative_total": 17.0 }, "geometry": { "type": "Polygon", "coordinates": [ [ [ -70.119884402889184, 46.793515515264012 ], [ -70.126177950716723, 46.796382743495265 ], [ -70.125709348558928, 46.801559549791691 ], [ -70.118945955409629, 46.803869027546853 ], [ -70.112651980748467, 46.801001384255301 ], [ -70.113121826025363, 46.795824678334803 ], [ -70.119884402889184, 46.793515515264012 ] ] ] } },
{ "type": "Feature", "properties": { "hex_id": 892688, "centroid_lon": -70.118006988481497, "centroid_lat": 46.814222506549008, "occurrences_today": 1, "datetimes_today": "2026-01-26 07:16:41", "cumulative_total": 17.0 }, "geometry": { "type": "Polygon", "coordinates": [ [ [ -70.118476536899067, 46.809045771208666 ], [ -70.12477175519011, 46.811913137453253 ], [ -70.124302763889474, 46.81708991881581 ], [ -70.117537310111985, 46.819399233566635 ], [ -70.111241664678388, 46.816531452037296 ], [ -70.111711900119914, 46.81135477110783 ], [ -70.118476536899067, 46.809045771208666 ] ] ] } },
{ "type": "Feature", "properties": { "hex_id": 563535, "centroid_lon": -73.683835398717008, "centroid_lat": 45.45333905920598, "occurrences_today": 38, "datetimes_today": "2026-01-26 00:02:15, 2026-01-26 00:16:52, 2026-01-26 00:31:49, 2026-01-26 00:46:53, 2026-01-26 00:48:34, 2026-01-26 01:01:39, 2026-01-26 01:16:45, 2026-01-26 01:32:06, 2026-01-26 01:46:54, 2026-01-26 01:56:41, 2026-01-26 02:01:47, 2026-01-26 02:17:07, 2026-01-26 02:32:15, 2026-01-26 02:40:41, 2026-01-26 02:46:51, 2026-01-26 03:01:58, 2026-01-26 03:16:49, 2026-01-26 03:32:04, 2026-01-26 03:46:51, 2026-01-26 03:51:28, 2026-01-26 04:01:47, 2026-01-26 04:17:20, 2026-01-26 04:32:16, 2026-01-26 04:47:13, 2026-01-26 04:49:28, 2026-01-26 05:01:43, 2026-01-26 05:16:43, 2026-01-26 05:32:07, 2026-01-26 05:46:14, 2026-01-26 05:46:52, 2026-01-26 06:01:43, 2026-01-26 06:16:45, 2026-01-26 06:32:11, 2026-01-26 06:33:55, 2026-01-26 06:46:39, 2026-01-26 07:01:49, 2026-01-26 07:16:41, 2026-01-26 07:31:48", "cumulative_total": 220.0 }, "geometry": { "type": "Polygon", "coordinates": [ [ [ -73.683956253938746, 45.448143579288889 ], [ -73.690288432415898, 45.450814808471286 ], [ -73.690168147392782, 45.456010299130519 ], [ -73.683714510510029, 45.458534534125349 ], [ -73.677381794825038, 45.455862937722827 ], [ -73.677503253219584, 45.450667473609982 ], [ -73.683956253938746, 45.448143579288889 ] ] ] } },
{ "type": "Feature", "properties": { "hex_id": 564756, "centroid_lon": -73.671049682472841, "centroid_lat": 45.453190995685304, "occurrences_today": 38, "datetimes_today": "2026-01-26 00:02:15, 2026-01-26 00:16:52, 2026-01-26 00:31:49, 2026-01-26 00:46:53, 2026-01-26 00:48:34, 2026-01-26 01:01:39, 2026-01-26 01:16:45, 2026-01-26 01:32:06, 2026-01-26 01:46:54, 2026-01-26 01:56:41, 2026-01-26 02:01:47, 2026-01-26 02:17:07, 2026-01-26 02:32:15, 2026-01-26 02:40:41, 2026-01-26 02:46:51, 2026-01-26 03:01:58, 2026-01-26 03:16:49, 2026-01-26 03:32:04, 2026-01-26 03:46:51, 2026-01-26 03:51:28, 2026-01-26 04:01:47, 2026-01-26 04:17:20, 2026-01-26 04:32:16, 2026-01-26 04:47:13, 2026-01-26 04:49:28, 2026-01-26 05:01:43, 2026-01-26 05:16:43, 2026-01-26 05:32:07, 2026-01-26 05:46:14, 2026-01-26 05:46:52, 2026-01-26 06:01:43, 2026-01-26 06:16:45, 2026-01-26 06:32:11, 2026-01-26 06:33:55, 2026-01-26 06:46:39, 2026-01-26 07:01:49, 2026-01-26 07:16:41, 2026-01-26 07:31:48", "cumulative_total": 224.0 }, "geometry": { "type": "Polygon", "coordinates": [ [ [ -73.671171710889382, 45.447995542440999 ], [ -73.677503253219584, 45.450667473609982 ], [ -73.677381794825038, 45.455862937722827 ], [ -73.670927620751058, 45.458386443927047 ], [ -73.664595541709645, 45.455714145420089 ], [ -73.664718173442282, 45.450518708111261 ], [ -73.671171710889382, 45.447995542440999 ] ] ] } },
{ "type": "Feature", "properties": { "hex_id": 567809, "centroid_lon": -73.638898325257699, "centroid_lat": 45.460607646160405, "occurrences_today": 36, "datetimes_today": "2026-01-26 00:02:15, 2026-01-26 00:16:52, 2026-01-26 00:31:49, 2026-01-26 00:46:53, 2026-01-26 00:48:34, 2026-01-26 01:01:39, 2026-01-26 01:16:45, 2026-01-26 01:32:06, 2026-01-26 01:46:54, 2026-01-26 01:56:41, 2026-01-26 02:01:47, 2026-01-26 02:17:07, 2026-01-26 02:32:15, 2026-01-26 02:40:41, 2026-01-26 02:46:51, 2026-01-26 03:01:58, 2026-01-26 03:16:49, 2026-01-26 03:32:04, 2026-01-26 03:46:51, 2026-01-26 03:51:28, 2026-01-26 04:01:47, 2026-01-26 04:17:20, 2026-01-26 04:32:16, 2026-01-26 04:47:13, 2026-01-26 04:49:28, 2026-01-26 05:01:43, 2026-01-26 05:16:43, 2026-01-26 05:32:07, 2026-01-26 05:46:14, 2026-01-26 05:46:52, 2026-01-26 06:01:43, 2026-01-26 06:16:45, 2026-01-26 06:32:11, 2026-01-26 06:33:55, 2026-01-26 06:46:39, 2026-01-26 07:01:49", "cumulative_total": 220.0 }, "geometry": { "type": "Polygon", "coordinates": [ [ [ -73.639023337676079, 45.455412268247436 ], [ -73.645354142040688, 45.458085970532416 ], [ -73.6452296994336, 45.463281359633463 ], [ -73.63877327871711, 45.465803019058377 ], [ -73.632441938669132, 45.463128949041 ], [ -73.632567555009601, 45.457933587395495 ], [ -73.639023337676079, 45.455412268247436 ] ] ] } },
{ "type": "Feature", "properties": { "hex_id": 788286, "centroid_lon": -71.243051035341949, "centroid_lat": 46.755431136997998, "occurrences_today": 17, "datetimes_today": "2026-01-26 01:56:41, 2026-01-26 02:01:47, 2026-01-26 02:17:07, 2026-01-26 02:32:15, 2026-01-26 02:40:41, 2026-01-26 02:46:51, 2026-01-26 03:01:58, 2026-01-26 03:16:49, 2026-01-26 03:32:04, 2026-01-26 03:46:51, 2026-01-26 03:51:28, 2026-01-26 04:01:47, 2026-01-26 04:17:20, 2026-01-26 04:32:16, 2026-01-26 04:47:13, 2026-01-26 04:49:28, 2026-01-26 05:01:43", "cumulative_total": 26.0 }, "geometry": { "type": "Polygon", "coordinates": [ [ [ -71.243411813645295, 46.750246653892106 ], [ -71.249763992059997, 46.753053456957062 ], [ -71.249403787645562, 46.758237975279165 ], [ -71.242690157120222, 46.760615613244447 ], [ -71.236337504752285, 46.757808404477558 ], [ -71.236698956828363, 46.752623963513848 ], [ -71.243411813645295, 46.750246653892106 ] ] ] } },
{ "type": "Feature", "properties": { "hex_id": 788897, "centroid_lon": -71.235975952568808, "centroid_lat": 46.762992838574085, "occurrences_today": 8, "datetimes_today": "2026-01-26 01:56:41, 2026-01-26 02:01:47, 2026-01-26 02:17:07, 2026-01-26 02:32:15, 2026-01-26 02:40:41, 2026-01-26 02:46:51, 2026-01-26 03:01:58, 2026-01-26 03:16:49", "cumulative_total": 17.0 }, "geometry": { "type": "Polygon", "coordinates": [ [ [ -71.236337504752285, 46.757808404477558 ], [ -71.242690157120222, 46.760615613244447 ], [ -71.242329178945539, 46.765800082630726 ], [ -71.235614300243284, 46.768177265802727 ], [ -71.229261174025908, 46.765369651173366 ], [ -71.229623400325579, 46.760185259301018 ], [ -71.236337504752285, 46.757808404477558 ] ] ] } },
{ "type": "Feature", "properties": { "hex_id": 789507, "centroid_lon": -71.229985526328804, "centroid_lat": 46.755000860553764, "occurrences_today": 17, "datetimes_today": "2026-01-26 01:56:41, 2026-01-26 02:01:47, 2026-01-26 02:17:07, 2026-01-26 02:32:15, 2026-01-26 02:40:41, 2026-01-26 02:46:51, 2026-01-26 03:01:58, 2026-01-26 03:16:49, 2026-01-26 03:32:04, 2026-01-26 03:46:51, 2026-01-26 03:51:28, 2026-01-26 04:01:47, 2026-01-26 04:17:20, 2026-01-26 04:32:16, 2026-01-26 04:47:13, 2026-01-26 04:49:28, 2026-01-26 05:01:43", "cumulative_total": 26.0 }, "geometry": { "type": "Polygon", "coordinates": [ [ [ -71.230347552070214, 46.749816454932343 ], [ -71.236698956828363, 46.752623963513848 ], [ -71.236337504752285, 46.757808404477558 ], [ -71.229623400325579, 46.760185259301018 ], [ -71.223271522181207, 46.757377344917138 ], [ -71.22363422181509, 46.752192981578709 ], [ -71.230347552070214, 46.749816454932343 ] ] ] } },
{ "type": "Feature", "properties": { "hex_id": 564146, "centroid_lon": -73.677260303279709, "centroid_lat": 45.461058396835497, "occurrences_today": 38, "datetimes_today": "2026-01-26 00:02:15, 2026-01-26 00:16:52, 2026-01-26 00:31:49, 2026-01-26 00:46:53, 2026-01-26 00:48:34, 2026-01-26 01:01:39, 2026-01-26 01:16:45, 2026-01-26 01:32:06, 2026-01-26 01:46:54, 2026-01-26 01:56:41, 2026-01-26 02:01:47, 2026-01-26 02:17:07, 2026-01-26 02:32:15, 2026-01-26 02:40:41, 2026-01-26 02:46:51, 2026-01-26 03:01:58, 2026-01-26 03:16:49, 2026-01-26 03:32:04, 2026-01-26 03:46:51, 2026-01-26 03:51:28, 2026-01-26 04:01:47, 2026-01-26 04:17:20, 2026-01-26 04:32:16, 2026-01-26 04:47:13, 2026-01-26 04:49:28, 2026-01-26 05:01:43, 2026-01-26 05:16:43, 2026-01-26 05:32:07, 2026-01-26 05:46:14, 2026-01-26 05:46:52, 2026-01-26 06:01:43, 2026-01-26 06:16:45, 2026-01-26 06:32:11, 2026-01-26 06:33:55, 2026-01-26 06:46:39, 2026-01-26 07:01:49, 2026-01-26 07:16:41, 2026-01-26 07:31:48", "cumulative_total": 218.0 }, "geometry": { "type": "Polygon", "coordinates": [ [ [ -73.677381794825038, 45.455862937722827 ], [ -73.683714510510029, 45.458534534125349 ], [ -73.683593589306753, 45.463730004046965 ], [ -73.677138778572484, 45.466253850947943 ], [ -73.670805525712908, 45.463581887166164 ], [ -73.670927620751058, 45.458386443927047 ], [ -73.677381794825038, 45.455862937722827 ] ] ] } },
{ "type": "Feature", "properties": { "hex_id": 564757, "centroid_lon": -73.670683397347204, "centroid_lat": 45.468777325402563, "occurrences_today": 38, "datetimes_today": "2026-01-26 00:02:15, 2026-01-26 00:16:52, 2026-01-26 00:31:49, 2026-01-26 00:46:53, 2026-01-26 00:48:34, 2026-01-26 01:01:39, 2026-01-26 01:16:45, 2026-01-26 01:32:06, 2026-01-26 01:46:54, 2026-01-26 01:56:41, 2026-01-26 02:01:47, 2026-01-26 02:17:07, 2026-01-26 02:32:15, 2026-01-26 02:40:41, 2026-01-26 02:46:51, 2026-01-26 03:01:58, 2026-01-26 03:16:49, 2026-01-26 03:32:04, 2026-01-26 03:46:51, 2026-01-26 03:51:28, 2026-01-26 04:01:47, 2026-01-26 04:17:20, 2026-01-26 04:32:16, 2026-01-26 04:47:13, 2026-01-26 04:49:28, 2026-01-26 05:01:43, 2026-01-26 05:16:43, 2026-01-26 05:32:07, 2026-01-26 05:46:14, 2026-01-26 05:46:52, 2026-01-26 06:01:43, 2026-01-26 06:16:45, 2026-01-26 06:32:11, 2026-01-26 06:33:55, 2026-01-26 06:46:39, 2026-01-26 07:01:49, 2026-01-26 07:16:41, 2026-01-26 07:31:48", "cumulative_total": 218.0 }, "geometry": { "type": "Polygon", "coordinates": [ [ [ -73.670805525712908, 45.463581887166164 ], [ -73.677138778572484, 45.466253850947943 ], [ -73.67701722069225, 45.471449300060073 ], [ -73.670561235642779, 45.473972758636187 ], [ -73.664227445642041, 45.471300427315981 ], [ -73.664350177820751, 45.466105005022527 ], [ -73.670805525712908, 45.463581887166164 ] ] ] } },
{ "type": "Feature", "properties": { "hex_id": 565367, "centroid_lon": -73.66447287650621, "centroid_lat": 45.460909577723847, "occurrences_today": 38, "datetimes_today": "2026-01-26 00:02:15, 2026-01-26 00:16:52, 2026-01-26 00:31:49, 2026-01-26 00:46:53, 2026-01-26 00:48:34, 2026-01-26 01:01:39, 2026-01-26 01:16:45, 2026-01-26 01:32:06, 2026-01-26 01:46:54, 2026-01-26 01:56:41, 2026-01-26 02:01:47, 2026-01-26 02:17:07, 2026-01-26 02:32:15, 2026-01-26 02:40:41, 2026-01-26 02:46:51, 2026-01-26 03:01:58, 2026-01-26 03:16:49, 2026-01-26 03:32:04, 2026-01-26 03:46:51, 2026-01-26 03:51:28, 2026-01-26 04:01:47, 2026-01-26 04:17:20, 2026-01-26 04:32:16, 2026-01-26 04:47:13, 2026-01-26 04:49:28, 2026-01-26 05:01:43, 2026-01-26 05:16:43, 2026-01-26 05:32:07, 2026-01-26 05:46:14, 2026-01-26 05:46:52, 2026-01-26 06:01:43, 2026-01-26 06:16:45, 2026-01-26 06:32:11, 2026-01-26 06:33:55, 2026-01-26 06:46:39, 2026-01-26 07:01:49, 2026-01-26 07:16:41, 2026-01-26 07:31:48", "cumulative_total": 218.0 }, "geometry": { "type": "Polygon", "coordinates": [ [ [ -73.664595541709645, 45.455714145420089 ], [ -73.670927620751058, 45.458386443927047 ], [ -73.670805525712908, 45.463581887166164 ], [ -73.664350177820751, 45.466105005022527 ], [ -73.658017562101691, 45.463432339018475 ], [ -73.658140830941207, 45.458236922719543 ], [ -73.664595541709645, 45.455714145420089 ] ] ] } },
{ "type": "Feature", "properties": { "hex_id": 565368, "centroid_lon": -73.664104679958868, "centroid_lat": 45.476495844604173, "occurrences_today": 1, "datetimes_today": "2026-01-26 05:32:07", "cumulative_total": 126.0 }, "geometry": { "type": "Polygon", "coordinates": [ [ [ -73.664227445642041, 45.471300427315981 ], [ -73.670561235642779, 45.473972758636187 ], [ -73.670439040588477, 45.47916818686695 ], [ -73.663981880759977, 45.481691256887039 ], [ -73.657647553651699, 45.479018557869246 ], [ -73.657770923468206, 45.47382315659339 ], [ -73.664227445642041, 45.471300427315981 ] ] ] } },
{ "type": "Feature", "properties": { "hex_id": 566588, "centroid_lon": -73.651685550178769, "centroid_lat": 45.460759327488915, "occurrences_today": 32, "datetimes_today": "2026-01-26 00:46:53, 2026-01-26 00:48:34, 2026-01-26 01:01:39, 2026-01-26 01:16:45, 2026-01-26 01:32:06, 2026-01-26 01:46:54, 2026-01-26 01:56:41, 2026-01-26 02:01:47, 2026-01-26 02:17:07, 2026-01-26 02:32:15, 2026-01-26 02:40:41, 2026-01-26 02:46:51, 2026-01-26 03:01:58, 2026-01-26 03:16:49, 2026-01-26 03:46:51, 2026-01-26 03:51:28, 2026-01-26 04:01:47, 2026-01-26 04:17:20, 2026-01-26 04:32:16, 2026-01-26 04:47:13, 2026-01-26 04:49:28, 2026-01-26 05:01:43, 2026-01-26 05:16:43, 2026-01-26 05:32:07, 2026-01-26 05:46:14, 2026-01-26 05:46:52, 2026-01-26 06:01:43, 2026-01-26 06:16:45, 2026-01-26 06:32:11, 2026-01-26 06:33:55, 2026-01-26 06:46:39, 2026-01-26 07:01:49", "cumulative_total": 180.0 }, "geometry": { "type": "Polygon", "coordinates": [ [ [ -73.651809389006658, 45.45556392225172 ], [ -73.658140830941207, 45.458236922719543 ], [ -73.658017562101691, 45.463432339018475 ], [ -73.651561677548742, 45.465954727716088 ], [ -73.6452296994336, 45.463281359633463 ], [ -73.645354142040688, 45.458085970532416 ], [ -73.651809389006658, 45.45556392225172 ] ] ] } },
{ "type": "Feature", "properties": { "hex_id": 567198, "centroid_lon": -73.645478550691251, "centroid_lat": 45.452890576418881, "occurrences_today": 3, "datetimes_today": "2026-01-26 03:46:51, 2026-01-26 03:51:28, 2026-01-26 04:01:47", "cumulative_total": 151.0 }, "geometry": { "type": "Polygon", "coordinates": [ [ [ -73.645602925396716, 45.447695177292914 ], [ -73.65193319404375, 45.450368512004538 ], [ -73.651809389006658, 45.45556392225172 ], [ -73.645354142040688, 45.458085970532416 ], [ -73.639023337676079, 45.455412268247436 ], [ -73.639148315983675, 45.450216885319499 ], [ -73.645602925396716, 45.447695177292914 ] ] ] } },
{ "type": "Feature", "properties": { "hex_id": 568419, "centroid_lon": -73.632693137073559, "centroid_lat": 45.452738220732506, "occurrences_today": 29, "datetimes_today": "2026-01-26 00:02:15, 2026-01-26 00:16:52, 2026-01-26 00:31:49, 2026-01-26 00:46:53, 2026-01-26 00:48:34, 2026-01-26 01:01:39, 2026-01-26 01:16:45, 2026-01-26 01:32:06, 2026-01-26 01:46:54, 2026-01-26 01:56:41, 2026-01-26 02:01:47, 2026-01-26 03:46:51, 2026-01-26 03:51:28, 2026-01-26 04:01:47, 2026-01-26 04:17:20, 2026-01-26 04:32:16, 2026-01-26 04:47:13, 2026-01-26 04:49:28, 2026-01-26 05:01:43, 2026-01-26 05:16:43, 2026-01-26 05:32:07, 2026-01-26 05:46:14, 2026-01-26 05:46:52, 2026-01-26 06:01:43, 2026-01-26 06:16:45, 2026-01-26 06:32:11, 2026-01-26 06:33:55, 2026-01-26 06:46:39, 2026-01-26 07:01:49", "cumulative_total": 209.0 }, "geometry": { "type": "Polygon", "coordinates": [ [ [ -73.632818684872476, 45.447542849052091 ], [ -73.639148315983675, 45.450216885319499 ], [ -73.639023337676079, 45.455412268247436 ], [ -73.632567555009601, 45.457933587395495 ], [ -73.626237388677865, 45.455259183437214 ], [ -73.626363540221661, 45.450063828086137 ], [ -73.632818684872476, 45.447542849052091 ] ] ] } },
{ "type": "Feature", "properties": { "hex_id": 707004, "centroid_lon": -72.181286457151202, "centroid_lat": 45.44951647488233, "occurrences_today": 7, "datetimes_today": "2026-01-26 01:16:45, 2026-01-26 01:32:06, 2026-01-26 01:46:54, 2026-01-26 01:56:41, 2026-01-26 02:01:47, 2026-01-26 02:17:07, 2026-01-26 02:32:15", "cumulative_total": 12.0 }, "geometry": { "type": "Polygon", "coordinates": [ [ [ -72.181545166444067, 45.444325915478125 ], [ -72.187801947010186, 45.447078724891206 ], [ -72.187543786806771, 45.452269309706985 ], [ -72.181027677318482, 45.454707028397053 ], [ -72.174770418214564, 45.451953838371395 ], [ -72.175029747113129, 45.446763310332187 ], [ -72.181545166444067, 45.444325915478125 ] ] ] } },
{ "type": "Feature", "properties": { "hex_id": 558662, "centroid_lon": -73.731128043440648, "centroid_lat": 45.625368484792794, "occurrences_today": 1, "datetimes_today": "2026-01-26 01:01:39", "cumulative_total": 31.0 }, "geometry": { "type": "Polygon", "coordinates": [ [ [ -73.731245257464948, 45.62017306509275 ], [ -73.737598897689097, 45.622841823907279 ], [ -73.737482259701636, 45.628037253919544 ], [ -73.731010797357783, 45.630563899512019 ], [ -73.724656613160732, 45.627894771742113 ], [ -73.724774435269651, 45.622699367399903 ], [ -73.731245257464948, 45.62017306509275 ] ] ] } },
{ "type": "Feature", "properties": { "hex_id": 559272, "centroid_lon": -73.724892225163643, "centroid_lat": 45.617503958074558, "occurrences_today": 1, "datetimes_today": "2026-01-26 01:01:39", "cumulative_total": 31.0 }, "geometry": { "type": "Polygon", "coordinates": [ [ [ -73.725009982853535, 45.612308543766133 ], [ -73.731362439441497, 45.614977640411958 ], [ -73.731245257464948, 45.62017306509275 ], [ -73.724774435269651, 45.622699367399903 ], [ -73.718421435177845, 45.620029901839878 ], [ -73.718539800774337, 45.614834502951673 ], [ -73.725009982853535, 45.612308543766133 ] ] ] } },
{ "type": "Feature", "properties": { "hex_id": 559273, "centroid_lon": -73.724538758826043, "centroid_lat": 45.633090171101131, "occurrences_today": 1, "datetimes_today": "2026-01-26 01:01:39", "cumulative_total": 31.0 }, "geometry": { "type": "Polygon", "coordinates": [ [ [ -73.724656613160732, 45.627894771742113 ], [ -73.731010797357783, 45.630563899512019 ], [ -73.73089351920558, 45.635759309250382 ], [ -73.72442087225474, 45.638285565476856 ], [ -73.718066144117259, 45.635616068591389 ], [ -73.718184606860206, 45.630420684659803 ], [ -73.724656613160732, 45.627894771742113 ] ] ] } },
{ "type": "Feature", "properties": { "hex_id": 559883, "centroid_lon": -73.718303037210106, "centroid_lat": 45.625225295742609, "occurrences_today": 1, "datetimes_today": "2026-01-26 01:01:39", "cumulative_total": 31.0 }, "geometry": { "type": "Polygon", "coordinates": [ [ [ -73.718421435177845, 45.620029901839878 ], [ -73.724774435269651, 45.622699367399903 ], [ -73.724656613160732, 45.627894771742113 ], [ -73.718184606860206, 45.630420684659803 ], [ -73.711831063297168, 45.627750850025436 ], [ -73.711950069494989, 45.622555471612515 ], [ -73.718421435177845, 45.620029901839878 ] ] ] } },
{ "type": "Feature", "properties": { "hex_id": 366342, "centroid_lon": -75.749042682566881, "centroid_lat": 45.43508050351177, "occurrences_today": 6, "datetimes_today": "2026-01-26 01:56:41, 2026-01-26 02:01:47, 2026-01-26 02:17:07, 2026-01-26 02:32:15, 2026-01-26 02:40:41, 2026-01-26 02:46:51", "cumulative_total": 6.0 }, "geometry": { "type": "Polygon", "coordinates": [ [ [ -75.748973942315502, 45.429884078484015 ], [ -75.755399972975752, 45.432440198441839 ], [ -75.755469309146278, 45.437636613469337 ], [ -75.749111441578918, 45.440276923710073 ], [ -75.742684796235707, 45.437720457269116 ], [ -75.742616633149098, 45.432524027134995 ], [ -75.748973942315502, 45.429884078484015 ] ] ] } },
{ "type": "Feature", "properties": { "hex_id": 366952, "centroid_lon": -75.742548488660006, "centroid_lat": 45.427327592172809, "occurrences_today": 6, "datetimes_today": "2026-01-26 01:56:41, 2026-01-26 02:01:47, 2026-01-26 02:17:07, 2026-01-26 02:32:15, 2026-01-26 02:40:41, 2026-01-26 02:46:51", "cumulative_total": 6.0 }, "geometry": { "type": "Polygon", "coordinates": [ [ [ -75.742480362762223, 45.422131152382562 ], [ -75.7489052208185, 45.42468764862685 ], [ -75.748973942315502, 45.429884078484015 ], [ -75.742616633149098, 45.432524027134995 ], [ -75.73619116089921, 45.429967184434595 ], [ -75.736123612015547, 45.424770739603765 ], [ -75.742480362762223, 45.422131152382562 ] ] ] } },
{ "type": "Feature", "properties": { "hex_id": 367562, "centroid_lon": -75.736056081560164, "centroid_lat": 45.419574289946226, "occurrences_today": 6, "datetimes_today": "2026-01-26 01:56:41, 2026-01-26 02:01:47, 2026-01-26 02:17:07, 2026-01-26 02:32:15, 2026-01-26 02:40:41, 2026-01-26 02:46:51", "cumulative_total": 6.0 }, "geometry": { "type": "Polygon", "coordinates": [ [ [ -75.735988569526867, 45.414377835462012 ], [ -75.742412255449494, 45.41693470776427 ], [ -75.742480362762223, 45.422131152382562 ], [ -75.736123612015547, 45.424770739603765 ], [ -75.72969931238832, 45.422213520872518 ], [ -75.729632377218536, 45.417017061413453 ], [ -75.735988569526867, 45.414377835462012 ] ] ] } },
{ "type": "Feature", "properties": { "hex_id": 367563, "centroid_lon": -75.736258728217308, "centroid_lat": 45.435163624438736, "occurrences_today": 6, "datetimes_today": "2026-01-26 01:56:41, 2026-01-26 02:01:47, 2026-01-26 02:17:07, 2026-01-26 02:32:15, 2026-01-26 02:40:41, 2026-01-26 02:46:51", "cumulative_total": 6.0 }, "geometry": { "type": "Polygon", "coordinates": [ [ [ -75.73619116089921, 45.429967184434595 ], [ -75.742616633149098, 45.432524027134995 ], [ -75.742684796235707, 45.437720457269116 ], [ -75.736326313975994, 45.440360059616147 ], [ -75.729900227513895, 45.437802870297581 ], [ -75.729833237529874, 45.432606425314596 ], [ -75.73619116089921, 45.429967184434595 ] ] ] } },
{ "type": "Feature", "properties": { "hex_id": 368783, "centroid_lon": -75.723275589784464, "centroid_lat": 45.419655936074655, "occurrences_today": 6, "datetimes_today": "2026-01-26 01:56:41, 2026-01-26 02:01:47, 2026-01-26 02:17:07, 2026-01-26 02:32:15, 2026-01-26 02:40:41, 2026-01-26 02:46:51", "cumulative_total": 6.0 }, "geometry": { "type": "Polygon", "coordinates": [ [ [ -75.723209249743462, 45.414459466879812 ], [ -75.729632377218536, 45.417017061413453 ], [ -75.72969931238832, 45.422213520872518 ], [ -75.723341947927821, 45.424852400445488 ], [ -75.716918207218569, 45.422294459348002 ], [ -75.716852444210062, 45.41709798530578 ], [ -75.723209249743462, 45.414459466879812 ] ] ] } },
{ "type": "Feature", "properties": { "hex_id": 368784, "centroid_lon": -75.723474718545887, "centroid_lat": 45.435245314715097, "occurrences_today": 6, "datetimes_today": "2026-01-26 01:56:41, 2026-01-26 02:01:47, 2026-01-26 02:17:07, 2026-01-26 02:32:15, 2026-01-26 02:40:41, 2026-01-26 02:46:51", "cumulative_total": 6.0 }, "geometry": { "type": "Polygon", "coordinates": [ [ [ -75.723408324179601, 45.430048859992297 ], [ -75.729833237529874, 45.432606425314596 ], [ -75.729900227513895, 45.437802870297581 ], [ -75.723541131032718, 45.440441764613844 ], [ -75.71711560394111, 45.437883852538462 ], [ -75.717049787078082, 45.432687392964347 ], [ -75.723408324179601, 45.430048859992297 ] ] ] } },
{ "type": "Feature", "properties": { "hex_id": 787065, "centroid_lon": -71.256116844110267, "centroid_lat": 46.755859924773006, "occurrences_today": 1, "datetimes_today": "2026-01-26 03:16:49", "cumulative_total": 1.0 }, "geometry": { "type": "Polygon", "coordinates": [ [ [ -71.256476374871866, 46.750675364449499 ], [ -71.262829326479846, 46.753481461820712 ], [ -71.262470369830581, 46.758666057234322 ], [ -71.25575721377372, 46.761044478251755 ], [ -71.249403787645562, 46.758237975279165 ], [ -71.249763992059997, 46.753053456957062 ], [ -71.256476374871866, 46.750675364449499 ] ] ] } },
{ "type": "Feature", "properties": { "hex_id": 790117, "centroid_lon": -71.22399682103287, "centroid_lat": 46.747008611359107, "occurrences_today": 10, "datetimes_today": "2026-01-26 03:16:49, 2026-01-26 03:32:04, 2026-01-26 03:46:51, 2026-01-26 03:51:28, 2026-01-26 04:01:47, 2026-01-26 04:17:20, 2026-01-26 04:32:16, 2026-01-26 04:47:13, 2026-01-26 04:49:28, 2026-01-26 05:01:43", "cumulative_total": 10.0 }, "geometry": { "type": "Polygon", "coordinates": [ [ [ -71.224359319869279, 46.741824234259077 ], [ -71.23070947758454, 46.74463204243753 ], [ -71.230347552070214, 46.749816454932343 ], [ -71.22363422181509, 46.752192981578709 ], [ -71.217283591176468, 46.749384767658029 ], [ -71.217646763681643, 46.744200432899746 ], [ -71.224359319869279, 46.741824234259077 ] ] ] } },
{ "type": "Feature", "properties": { "hex_id": 367578, "centroid_lon": -75.739318437846265, "centroid_lat": 45.668998428850202, "occurrences_today": 3, "datetimes_today": "2026-01-26 06:16:45, 2026-01-26 06:32:11, 2026-01-26 06:33:55", "cumulative_total": 3.0 }, "geometry": { "type": "Polygon", "coordinates": [ [ [ -75.739250034541399, 45.663802206055799 ], [ -75.745702478669116, 45.666358603250572 ], [ -75.745771485138704, 45.671554816113236 ], [ -75.73938685987271, 45.674194646817611 ], [ -75.732933793855523, 45.671637900154579 ], [ -75.732865975000124, 45.666441672320381 ], [ -75.739250034541399, 45.663802206055799 ] ] ] } },
{ "type": "Feature", "properties": { "hex_id": 865206, "centroid_lon": -70.424500192846935, "centroid_lat": 46.678808180828852, "occurrences_today": 1, "datetimes_today": "2026-01-26 07:16:41", "cumulative_total": 1.0 }, "geometry": { "type": "Polygon", "coordinates": [ [ [ -70.424938251538421, 46.673629028257317 ], [ -70.431235766560306, 46.676479539803019 ], [ -70.430798266043681, 46.681658735380111 ], [ -70.42406201308431, 46.683987325526104 ], [ -70.417764060979565, 46.681136402867949 ], [ -70.418202798875328, 46.675957301242057 ], [ -70.424938251538421, 46.673629028257317 ] ] ] } },
{ "type": "Feature", "properties": { "hex_id": 865817, "centroid_lon": -70.417325201822337, "centroid_lat": 46.686315496610092, "occurrences_today": 1, "datetimes_today": "2026-01-26 07:16:41", "cumulative_total": 1.0 }, "geometry": { "type": "Polygon", "coordinates": [ [ [ -70.417764060979565, 46.681136402867949 ], [ -70.42406201308431, 46.683987325526104 ], [ -70.423623712208823, 46.689166462347998 ], [ -70.416886221361878, 46.691494582467413 ], [ -70.410587832299555, 46.688643248539336 ], [ -70.41102737099996, 46.683464205827583 ], [ -70.417764060979565, 46.681136402867949 ] ] ] } },
{ "type": "Feature", "properties": { "hex_id": 866427, "centroid_lon": -70.411466788248518, "centroid_lat": 46.67828515522266, "occurrences_today": 1, "datetimes_today": "2026-01-26 07:16:41", "cumulative_total": 1.0 }, "geometry": { "type": "Polygon", "coordinates": [ [ [ -70.411906084087093, 46.673106096725661 ], [ -70.418202798875328, 46.675957301242057 ], [ -70.417764060979565, 46.681136402867949 ], [ -70.41102737099996, 46.683464205827583 ], [ -70.404730219699815, 46.680612590106435 ], [ -70.405170194849362, 46.675433582696193 ], [ -70.411906084087093, 46.673106096725661 ] ] ] } },
{ "type": "Feature", "properties": { "hex_id": 866428, "centroid_lon": -70.410148172105451, "centroid_lat": 46.693822283356781, "occurrences_today": 1, "datetimes_today": "2026-01-26 07:16:41", "cumulative_total": 1.0 }, "geometry": { "type": "Polygon", "coordinates": [ [ [ -70.410587832299555, 46.688643248539336 ], [ -70.416886221361878, 46.691494582467413 ], [ -70.41644711955631, 46.696673660438783 ], [ -70.409708390375741, 46.699001310278803 ], [ -70.403409564481422, 46.696149564923374 ], [ -70.403849904557774, 46.69097058122113 ], [ -70.410587832299555, 46.688643248539336 ] ] ] } },
{ "type": "Feature", "properties": { "hex_id": 867038, "centroid_lon": -70.404290122949945, "centroid_lat": 46.6857915896151, "occurrences_today": 1, "datetimes_today": "2026-01-26 07:16:41", "cumulative_total": 1.0 }, "geometry": { "type": "Polygon", "coordinates": [ [ [ -70.404730219699815, 46.680612590106435 ], [ -70.41102737099996, 46.683464205827583 ], [ -70.410587832299555, 46.688643248539336 ], [ -70.403849904557774, 46.69097058122113 ], [ -70.397552316871398, 46.688118554137809 ], [ -70.397993093271097, 46.682939605800698 ], [ -70.404730219699815, 46.680612590106435 ] ] ] } },
{ "type": "Feature", "properties": { "hex_id": 867039, "centroid_lon": -70.40296910267891, "centroid_lat": 46.701328540720702, "occurrences_today": 1, "datetimes_today": "2026-01-26 07:16:41", "cumulative_total": 1.0 }, "geometry": { "type": "Polygon", "coordinates": [ [ [ -70.403409564481422, 46.696149564923374 ], [ -70.409708390375741, 46.699001310278803 ], [ -70.40926848706853, 46.704180329304279 ], [ -70.402528519108273, 46.706507508611985 ], [ -70.39622925650778, 46.703655351671735 ], [ -70.396670398531739, 46.698476427074461 ], [ -70.403409564481422, 46.696149564923374 ] ] ] } },
{ "type": "Feature", "properties": { "hex_id": 867648, "centroid_lon": -70.398433747880063, "centroid_lat": 46.677760649552553, "occurrences_today": 1, "datetimes_today": "2026-01-26 07:16:41", "cumulative_total": 1.0 }, "geometry": { "type": "Polygon", "coordinates": [ [ [ -70.398874280740216, 46.672581685394483 ], [ -70.405170194849362, 46.675433582696193 ], [ -70.404730219699815, 46.680612590106435 ], [ -70.397993093271097, 46.682939605800698 ], [ -70.391696743221118, 46.68008729720205 ], [ -70.39213795549874, 46.67490838427188 ], [ -70.398874280740216, 46.672581685394483 ] ] ] } },
{ "type": "Feature", "properties": { "hex_id": 867649, "centroid_lon": -70.397111418638943, "centroid_lat": 46.693297494562778, "occurrences_today": 1, "datetimes_today": "2026-01-26 07:16:41", "cumulative_total": 1.0 }, "geometry": { "type": "Polygon", "coordinates": [ [ [ -70.397552316871398, 46.688118554137809 ], [ -70.403849904557774, 46.69097058122113 ], [ -70.403409564481422, 46.696149564923374 ], [ -70.396670398531739, 46.698476427074461 ], [ -70.390372374585013, 46.695623988471588 ], [ -70.390813952806297, 46.690445099303034 ], [ -70.397552316871398, 46.688118554137809 ] ] ] } },
{ "type": "Feature", "properties": { "hex_id": 868259, "centroid_lon": -70.391255409004302, "centroid_lat": 46.685266202212809, "occurrences_today": 1, "datetimes_today": "2026-01-26 07:16:41", "cumulative_total": 1.0 }, "geometry": { "type": "Polygon", "coordinates": [ [ [ -70.391696743221118, 46.68008729720205 ], [ -70.397993093271097, 46.682939605800698 ], [ -70.397552316871398, 46.688118554137809 ], [ -70.390813952806297, 46.690445099303034 ], [ -70.384517166941436, 46.687592379250113 ], [ -70.384959180914507, 46.682413525552072 ], [ -70.391696743221118, 46.68008729720205 ] ] ] } },
{ "type": "Feature", "properties": { "hex_id": 868260, "centroid_lon": -70.389930674298398, "centroid_lat": 46.700802869717343, "occurrences_today": 1, "datetimes_today": "2026-01-26 07:16:41", "cumulative_total": 1.0 }, "geometry": { "type": "Polygon", "coordinates": [ [ [ -70.390372374585013, 46.695623988471588 ], [ -70.396670398531739, 46.698476427074461 ], [ -70.39622925650778, 46.703655351671735 ], [ -70.38948885190436, 46.705981743039175 ], [ -70.383190391823433, 46.703128892759331 ], [ -70.383632772438034, 46.697950062854865 ], [ -70.390372374585013, 46.695623988471588 ] ] ] } },
{ "type": "Feature", "properties": { "hex_id": 868869, "centroid_lon": -70.385401072757972, "centroid_lat": 46.67723466392512, "occurrences_today": 1, "datetimes_today": "2026-01-26 07:16:41", "cumulative_total": 1.0 }, "geometry": { "type": "Polygon", "coordinates": [ [ [ -70.385842842513895, 46.672055794370365 ], [ -70.39213795549874, 46.67490838427188 ], [ -70.391696743221118, 46.68008729720205 ], [ -70.384959180914507, 46.682413525552072 ], [ -70.378663632559935, 46.679560524261582 ], [ -70.379106081839623, 46.674381706075835 ], [ -70.385842842513895, 46.672055794370365 ] ] ] } },
{ "type": "Feature", "properties": { "hex_id": 868870, "centroid_lon": -70.384075030796652, "centroid_lat": 46.692771225018092, "occurrences_today": 1, "datetimes_today": "2026-01-26 07:16:41", "cumulative_total": 1.0 }, "geometry": { "type": "Polygon", "coordinates": [ [ [ -70.384517166941436, 46.687592379250113 ], [ -70.390813952806297, 46.690445099303034 ], [ -70.390372374585013, 46.695623988471588 ], [ -70.383632772438034, 46.697950062854865 ], [ -70.377335550884553, 46.695096931190328 ], [ -70.377778367124563, 46.689918136819955 ], [ -70.384517166941436, 46.687592379250113 ] ] ] } },
{ "type": "Feature", "properties": { "hex_id": 868871, "centroid_lon": -70.382747888910728, "centroid_lat": 46.708307714730317, "occurrences_today": 1, "datetimes_today": "2026-01-26 07:16:41", "cumulative_total": 1.0 }, "geometry": { "type": "Polygon", "coordinates": [ [ [ -70.383190391823433, 46.703128892759331 ], [ -70.38948885190436, 46.705981743039175 ], [ -70.389046907360779, 46.711160608435925 ], [ -70.382305263657713, 46.713486528766694 ], [ -70.376006367569062, 46.71063326665243 ], [ -70.376449551149037, 46.705454496107691 ], [ -70.383190391823433, 46.703128892759331 ] ] ] } },
{ "type": "Feature", "properties": { "hex_id": 869480, "centroid_lon": -70.378221061002307, "centroid_lat": 46.684739334509999, "occurrences_today": 1, "datetimes_today": "2026-01-26 07:16:41", "cumulative_total": 1.0 }, "geometry": { "type": "Polygon", "coordinates": [ [ [ -70.378663632559935, 46.679560524261582 ], [ -70.384959180914507, 46.682413525552072 ], [ -70.384517166941436, 46.687592379250113 ], [ -70.377778367124563, 46.689918136819955 ], [ -70.371482383526597, 46.687064723983198 ], [ -70.371925634946749, 46.681885965188656 ], [ -70.378663632559935, 46.679560524261582 ] ] ] } },
{ "type": "Feature", "properties": { "hex_id": 869481, "centroid_lon": -70.376892612240127, "centroid_lat": 46.700275717619945, "occurrences_today": 1, "datetimes_today": "2026-01-26 07:16:41", "cumulative_total": 1.0 }, "geometry": { "type": "Polygon", "coordinates": [ [ [ -70.377335550884553, 46.695096931190328 ], [ -70.383632772438034, 46.697950062854865 ], [ -70.383190391823433, 46.703128892759331 ], [ -70.376449551149037, 46.705454496107691 ], [ -70.370151894033469, 46.702600952674146 ], [ -70.370595513112207, 46.697422217727073 ], [ -70.377335550884553, 46.695096931190328 ] ] ] } },
{ "type": "Feature", "properties": { "hex_id": 869482, "centroid_lon": -70.375563061457953, "centroid_lat": 46.715812029252994, "occurrences_today": 1, "datetimes_today": "2026-01-26 07:16:41", "cumulative_total": 1.0 }, "geometry": { "type": "Polygon", "coordinates": [ [ [ -70.376006367569062, 46.71063326665243 ], [ -70.382305263657713, 46.713486528766694 ], [ -70.381862516022196, 46.718665334867325 ], [ -70.375119632773476, 46.72099078390827 ], [ -70.36882030080379, 46.718137109802122 ], [ -70.369264287921567, 46.712958398712814 ], [ -70.376006367569062, 46.71063326665243 ] ] ] } },
{ "type": "Feature", "properties": { "hex_id": 870090, "centroid_lon": -70.372368763898479, "centroid_lat": 46.676707198447275, "occurrences_today": 1, "datetimes_today": "2026-01-26 07:16:41", "cumulative_total": 1.0 }, "geometry": { "type": "Polygon", "coordinates": [ [ [ -70.372811770423993, 46.671528423760137 ], [ -70.379106081839623, 46.674381706075835 ], [ -70.378663632559935, 46.679560524261582 ], [ -70.371925634946749, 46.681885965188656 ], [ -70.365630888732582, 46.679032271392082 ], [ -70.366074574887961, 46.673853548215092 ], [ -70.372811770423993, 46.671528423760137 ] ] ] } },
{ "type": "Feature", "properties": { "hex_id": 870091, "centroid_lon": -70.371039009595819, "centroid_lat": 46.692243474829702, "occurrences_today": 1, "datetimes_today": "2026-01-26 07:16:41", "cumulative_total": 1.0 }, "geometry": { "type": "Polygon", "coordinates": [ [ [ -70.371482383526597, 46.687064723983198 ], [ -70.377778367124563, 46.689918136819955 ], [ -70.377335550884553, 46.695096931190328 ], [ -70.370595513112207, 46.697422217727073 ], [ -70.364299094397438, 46.694568393186735 ], [ -70.364743148529584, 46.689389693879036 ], [ -70.371482383526597, 46.687064723983198 ] ] ] } },
{ "type": "Feature", "properties": { "hex_id": 870092, "centroid_lon": -70.369708152317358, "centroid_lat": 46.70777967966977, "occurrences_today": 1, "datetimes_today": "2026-01-26 07:16:41", "cumulative_total": 1.0 }, "geometry": { "type": "Polygon", "coordinates": [ [ [ -70.370151894033469, 46.702600952674146 ], [ -70.376449551149037, 46.705454496107691 ], [ -70.376006367569062, 46.71063326665243 ], [ -70.369264287921567, 46.712958398712814 ], [ -70.362966195370703, 46.710104443352854 ], [ -70.363410617860325, 46.704925767924799 ], [ -70.370151894033469, 46.702600952674146 ] ] ] } },
{ "type": "Feature", "properties": { "hex_id": 870093, "centroid_lon": -70.36837619092168, "centroid_lat": 46.723315812936569, "occurrences_today": 1, "datetimes_today": "2026-01-26 07:16:41", "cumulative_total": 1.0 }, "geometry": { "type": "Polygon", "coordinates": [ [ [ -70.36882030080379, 46.718137109802122 ], [ -70.375119632773476, 46.72099078390827 ], [ -70.374676081473311, 46.726169530617106 ], [ -70.367931958232887, 46.728494508115006 ], [ -70.361632190509113, 46.725640421859516 ], [ -70.362076981737474, 46.720461770321364 ], [ -70.36882030080379, 46.718137109802122 ] ] ] } },
{ "type": "Feature", "properties": { "hex_id": 870701, "centroid_lon": -70.365187079960549, "centroid_lat": 46.68421098661377, "occurrences_today": 1, "datetimes_today": "2026-01-26 07:16:41", "cumulative_total": 1.0 }, "geometry": { "type": "Polygon", "coordinates": [ [ [ -70.365630888732582, 46.679032271392082 ], [ -70.371925634946749, 46.681885965188656 ], [ -70.371482383526597, 46.687064723983198 ], [ -70.364743148529584, 46.689389693879036 ], [ -70.358447967643599, 46.686535588444315 ], [ -70.358892456384169, 46.681356924817685 ], [ -70.365630888732582, 46.679032271392082 ] ] ] } },
{ "type": "Feature", "properties": { "hex_id": 870702, "centroid_lon": -70.363854917521792, "centroid_lat": 46.699747084535687, "occurrences_today": 1, "datetimes_today": "2026-01-26 07:16:41", "cumulative_total": 1.0 }, "geometry": { "type": "Polygon", "coordinates": [ [ [ -70.364299094397438, 46.694568393186735 ], [ -70.370595513112207, 46.697422217727073 ], [ -70.370151894033469, 46.702600952674146 ], [ -70.363410617860325, 46.704925767924799 ], [ -70.357113764155628, 46.702071531523536 ], [ -70.357558621571684, 46.696892891798392 ], [ -70.364299094397438, 46.694568393186735 ] ] ] } },
{ "type": "Feature", "properties": { "hex_id": 870703, "centroid_lon": -70.362521650010535, "centroid_lat": 46.715283110818767, "occurrences_today": 1, "datetimes_today": "2026-01-26 07:16:41", "cumulative_total": 1.0 }, "geometry": { "type": "Polygon", "coordinates": [ [ [ -70.362966195370703, 46.710104443352854 ], [ -70.369264287921567, 46.712958398712814 ], [ -70.36882030080379, 46.718137109802122 ], [ -70.362076981737474, 46.720461770321364 ], [ -70.35577845387833, 46.717607402877611 ], [ -70.356223680351377, 46.712428787064304 ], [ -70.362966195370703, 46.710104443352854 ] ] ] } },
{ "type": "Feature", "properties": { "hex_id": 870704, "centroid_lon": -70.361187276283019, "centroid_lat": 46.730819065432051, "occurrences_today": 1, "datetimes_today": "2026-01-26 07:16:41", "cumulative_total": 1.0 }, "geometry": { "type": "Polygon", "coordinates": [ [ [ -70.361632190509113, 46.725640421859516 ], [ -70.367931958232887, 46.728494508115006 ], [ -70.367487602695036, 46.733673195336287 ], [ -70.360742239016744, 46.735997701037832 ], [ -70.354442035666125, 46.733143202475482 ], [ -70.354887631578194, 46.727964610584351 ], [ -70.361632190509113, 46.725640421859516 ] ] ] } },
{ "type": "Feature", "properties": { "hex_id": 871311, "centroid_lon": -70.359336822317616, "centroid_lat": 46.676178253226198, "occurrences_today": 1, "datetimes_today": "2026-01-26 07:16:41", "cumulative_total": 1.0 }, "geometry": { "type": "Polygon", "coordinates": [ [ [ -70.359781065486203, 46.67099957367099 ], [ -70.366074574887961, 46.673853548215092 ], [ -70.365630888732582, 46.679032271392082 ], [ -70.358892456384169, 46.681356924817685 ], [ -70.352598512755193, 46.678502538700904 ], [ -70.353043435659544, 46.673323910796967 ], [ -70.359781065486203, 46.67099957367099 ] ] ] } },
{ "type": "Feature", "properties": { "hex_id": 871312, "centroid_lon": -70.358003356053544, "centroid_lat": 46.691714244104929, "occurrences_today": 1, "datetimes_today": "2026-01-26 07:16:41", "cumulative_total": 1.0 }, "geometry": { "type": "Polygon", "coordinates": [ [ [ -70.358447967643599, 46.686535588444315 ], [ -70.364743148529584, 46.689389693879036 ], [ -70.364299094397438, 46.694568393186735 ], [ -70.357558621571684, 46.696892891798392 ], [ -70.351263006140798, 46.694038374568272 ], [ -70.351708298038204, 46.688859770587705 ], [ -70.358447967643599, 46.686535588444315 ] ] ] } },
{ "type": "Feature", "properties": { "hex_id": 871313, "centroid_lon": -70.356668783762984, "centroid_lat": 46.707250163279227, "occurrences_today": 1, "datetimes_today": "2026-01-26 07:16:41", "cumulative_total": 1.0 }, "geometry": { "type": "Polygon", "coordinates": [ [ [ -70.357113764155628, 46.702071531523536 ], [ -70.363410617860325, 46.704925767924799 ], [ -70.362966195370703, 46.710104443352854 ], [ -70.356223680351377, 46.712428787064304 ], [ -70.349926391783868, 46.709574138644811 ], [ -70.350372053056077, 46.70439555859798 ], [ -70.357113764155628, 46.702071531523536 ] ] ] } },
{ "type": "Feature", "properties": { "hex_id": 871314, "centroid_lon": -70.355333104301437, "centroid_lat": 46.722786010718004, "occurrences_today": 1, "datetimes_today": "2026-01-26 07:16:41", "cumulative_total": 1.0 }, "geometry": { "type": "Polygon", "coordinates": [ [ [ -70.35577845387833, 46.717607402877611 ], [ -70.362076981737474, 46.720461770321364 ], [ -70.361632190509113, 46.725640421859516 ], [ -70.354887631578194, 46.727964610584351 ], [ -70.348588668538099, 46.725109830899349 ], [ -70.349034699567383, 46.719931274796643 ], [ -70.35577845387833, 46.717607402877611 ] ] ] } },
{ "type": "Feature", "properties": { "hex_id": 871315, "centroid_lon": -70.353996316522725, "centroid_lat": 46.738321786390252, "occurrences_today": 1, "datetimes_today": "2026-01-26 07:16:41", "cumulative_total": 1.0 }, "geometry": { "type": "Polygon", "coordinates": [ [ [ -70.354442035666125, 46.733143202475482 ], [ -70.360742239016744, 46.735997701037832 ], [ -70.360297078667827, 46.741176328675714 ], [ -70.353550474105432, 46.743500362327474 ], [ -70.347249835255468, 46.740645451300765 ], [ -70.347696236424696, 46.735466919152572 ], [ -70.354442035666125, 46.733143202475482 ] ] ] } },
{ "type": "Feature", "properties": { "hex_id": 871922, "centroid_lon": -70.35215346689553, "centroid_lat": 46.683681158631536, "occurrences_today": 1, "datetimes_today": "2026-01-26 07:16:41", "cumulative_total": 1.0 }, "geometry": { "type": "Polygon", "coordinates": [ [ [ -70.352598512755193, 46.678502538700904 ], [ -70.358892456384169, 46.681356924817685 ], [ -70.358447967643599, 46.686535588444315 ], [ -70.351708298038204, 46.688859770587705 ], [ -70.345413920308999, 46.686004972741053 ], [ -70.345859646243028, 46.680826404546671 ], [ -70.352598512755193, 46.678502538700904 ] ] ] } },
{ "type": "Feature", "properties": { "hex_id": 871923, "centroid_lon": -70.35081759116089, "centroid_lat": 46.699216970572081, "occurrences_today": 1, "datetimes_today": "2026-01-26 07:16:41", "cumulative_total": 1.0 }, "geometry": { "type": "Polygon", "coordinates": [ [ [ -70.351263006140798, 46.694038374568272 ], [ -70.357558621571684, 46.696892891798392 ], [ -70.357113764155628, 46.702071531523536 ], [ -70.350372053056077, 46.70439555859798 ], [ -70.344076003207491, 46.701540629415199 ], [ -70.344522098833707, 46.69636208517646 ], [ -70.351263006140798, 46.694038374568272 ] ] ] } },
{ "type": "Feature", "properties": { "hex_id": 871924, "centroid_lon": -70.349480607301814, "centroid_lat": 46.714752710711409, "occurrences_today": 1, "datetimes_today": "2026-01-26 07:16:41", "cumulative_total": 1.0 }, "geometry": { "type": "Polygon", "coordinates": [ [ [ -70.349926391783868, 46.709574138644811 ], [ -70.356223680351377, 46.712428787064304 ], [ -70.35577845387833, 46.717607402877611 ], [ -70.349034699567383, 46.719931274796643 ], [ -70.342736976264476, 46.717076214201541 ], [ -70.343183441965408, 46.711897693928897 ], [ -70.349926391783868, 46.709574138644811 ] ] ] } },
{ "type": "Feature", "properties": { "hex_id": 871925, "centroid_lon": -70.348142514171371, "centroid_lat": 46.730288379018383, "occurrences_today": 1, "datetimes_today": "2026-01-26 07:16:41", "cumulative_total": 1.0 }, "geometry": { "type": "Polygon", "coordinates": [ [ [ -70.348588668538099, 46.725109830899349 ], [ -70.354887631578194, 46.727964610584351 ], [ -70.354442035666125, 46.733143202475482 ], [ -70.347696236424696, 46.735466919152572 ], [ -70.341396838331207, 46.732611727068893 ], [ -70.341843674489979, 46.727433230772697 ], [ -70.348588668538099, 46.725109830899349 ] ] ] } },
{ "type": "Feature", "properties": { "hex_id": 872532, "centroid_lon": -70.346305249031232, "centroid_lat": 46.675647828369392, "occurrences_today": 1, "datetimes_today": "2026-01-26 07:16:41", "cumulative_total": 1.0 }, "geometry": { "type": "Polygon", "coordinates": [ [ [ -70.346750728716046, 46.670469244210352 ], [ -70.353043435659544, 46.673323910796967 ], [ -70.352598512755193, 46.678502538700904 ], [ -70.345859646243028, 46.680826404546671 ], [ -70.339566505643674, 46.677971326295719 ], [ -70.340012665169937, 46.672792793929091 ], [ -70.346750728716046, 46.670469244210352 ] ] ] } },
{ "type": "Feature", "properties": { "hex_id": 872533, "centroid_lon": -70.344968071186713, "centroid_lat": 46.691183532951371, "occurrences_today": 1, "datetimes_today": "2026-01-26 07:16:41", "cumulative_total": 1.0 }, "geometry": { "type": "Polygon", "coordinates": [ [ [ -70.345413920308999, 46.686004972741053 ], [ -70.351708298038204, 46.688859770587705 ], [ -70.351263006140798, 46.694038374568272 ], [ -70.344522098833707, 46.69636208517646 ], [ -70.338227287131588, 46.693506875442722 ], [ -70.338673816666997, 46.688328367053685 ], [ -70.345413920308999, 46.686004972741053 ] ] ] } },
{ "type": "Feature", "properties": { "hex_id": 872534, "centroid_lon": -70.343629784265559, "centroid_lat": 46.706719165666378, "occurrences_today": 1, "datetimes_today": "2026-01-26 07:16:41", "cumulative_total": 1.0 }, "geometry": { "type": "Polygon", "coordinates": [ [ [ -70.344076003207491, 46.701540629415199 ], [ -70.350372053056077, 46.70439555859798 ], [ -70.349926391783868, 46.709574138644811 ], [ -70.343183441965408, 46.711897693928897 ], [ -70.336886957826607, 46.709042352636118 ], [ -70.337333857753947, 46.703863868235103 ], [ -70.344076003207491, 46.701540629415199 ] ] ] } },
{ "type": "Feature", "properties": { "hex_id": 872535, "centroid_lon": -70.342290387120187, "centroid_lat": 46.7222547264832, "occurrences_today": 1, "datetimes_today": "2026-01-26 07:16:41", "cumulative_total": 1.0 }, "geometry": { "type": "Polygon", "coordinates": [ [ [ -70.342736976264476, 46.717076214201541 ], [ -70.349034699567383, 46.719931274796643 ], [ -70.348588668538099, 46.725109830899349 ], [ -70.341843674489979, 46.727433230772697 ], [ -70.335545516579302, 46.724577757844607 ], [ -70.33599278728191, 46.719399297442038 ], [ -70.342736976264476, 46.717076214201541 ] ] ] } },
{ "type": "Feature", "properties": { "hex_id": 873143, "centroid_lon": -70.339120222823524, "centroid_lat": 46.683149850670965, "occurrences_today": 1, "datetimes_today": "2026-01-26 07:16:41", "cumulative_total": 1.0 }, "geometry": { "type": "Polygon", "coordinates": [ [ [ -70.339566505643674, 46.677971326295719 ], [ -70.345859646243028, 46.680826404546671 ], [ -70.345413920308999, 46.686004972741053 ], [ -70.338673816666997, 46.688328367053685 ], [ -70.332380242539159, 46.685472876981251 ], [ -70.332827205539317, 46.680294404483433 ], [ -70.339566505643674, 46.677971326295719 ] ] ] } },
{ "type": "Feature", "properties": { "hex_id": 873144, "centroid_lon": -70.337780634174763, "centroid_lat": 46.698685375836909, "occurrences_today": 1, "datetimes_today": "2026-01-26 07:16:41", "cumulative_total": 1.0 }, "geometry": { "type": "Polygon", "coordinates": [ [ [ -70.338227287131588, 46.693506875442722 ], [ -70.344522098833707, 46.69636208517646 ], [ -70.344076003207491, 46.701540629415199 ], [ -70.337333857753947, 46.703863868235103 ], [ -70.33103861220647, 46.701008246457043 ], [ -70.331485945915333, 46.695829797969218 ], [ -70.338227287131588, 46.693506875442722 ] ] ] } },
{ "type": "Feature", "properties": { "hex_id": 873145, "centroid_lon": -70.336439934350125, "centroid_lat": 46.714220829038815, "occurrences_today": 1, "datetimes_today": "2026-01-26 07:16:41", "cumulative_total": 1.0 }, "geometry": { "type": "Polygon", "coordinates": [ [ [ -70.336886957826607, 46.709042352636118 ], [ -70.343183441965408, 46.711897693928897 ], [ -70.342736976264476, 46.717076214201541 ], [ -70.33599278728191, 46.719399297442038 ], [ -70.329695868980622, 46.716543543881983 ], [ -70.330143573781754, 46.711365119414602 ], [ -70.336886957826607, 46.709042352636118 ] ] ] } },
{ "type": "Feature", "properties": { "hex_id": 873147, "centroid_lon": -70.333755196571659, "centroid_lat": 46.745291519425187, "occurrences_today": 1, "datetimes_today": "2026-01-26 07:16:41", "cumulative_total": 1.0 }, "geometry": { "type": "Polygon", "coordinates": [ [ [ -70.334202962238535, 46.740113091036832 ], [ -70.340502795257578, 46.742968695676659 ], [ -70.340055588257357, 46.748147167985941 ], [ -70.333307307056941, 46.75046993980709 ], [ -70.32700703924047, 46.747613922453624 ], [ -70.327455487379126, 46.742435546058552 ], [ -70.334202962238535, 46.740113091036832 ] ] ] } },
{ "type": "Feature", "properties": { "hex_id": 873754, "centroid_lon": -70.331933156012013, "centroid_lat": 46.69065134147688, "occurrences_today": 1, "datetimes_today": "2026-01-26 07:16:41", "cumulative_total": 1.0 }, "geometry": { "type": "Polygon", "coordinates": [ [ [ -70.332380242539159, 46.685472876981251 ], [ -70.338673816666997, 46.688328367053685 ], [ -70.338227287131588, 46.693506875442722 ], [ -70.331485945915333, 46.695829797969218 ], [ -70.325191938386624, 46.692973895918122 ], [ -70.325639705432465, 46.687795483384981 ], [ -70.332380242539159, 46.685472876981251 ] ] ] } },
{ "type": "Feature", "properties": { "hex_id": 873755, "centroid_lon": -70.330591154842821, "centroid_lat": 46.706186686939233, "occurrences_today": 1, "datetimes_today": "2026-01-26 07:16:41", "cumulative_total": 1.0 }, "geometry": { "type": "Polygon", "coordinates": [ [ [ -70.33103861220647, 46.701008246457043 ], [ -70.337333857753947, 46.703863868235103 ], [ -70.336886957826607, 46.709042352636118 ], [ -70.330143573781754, 46.711365119414602 ], [ -70.323847894516732, 46.708509085434976 ], [ -70.324296032971432, 46.703330696944285 ], [ -70.33103861220647, 46.701008246457043 ] ] ] } },
{ "type": "Feature", "properties": { "hex_id": 873757, "centroid_lon": -70.327903811521296, "centroid_lat": 46.737257161648515, "occurrences_today": 1, "datetimes_today": "2026-01-26 07:16:41", "cumulative_total": 1.0 }, "geometry": { "type": "Polygon", "coordinates": [ [ [ -70.328352011709782, 46.732078769224678 ], [ -70.334650604100304, 46.734934654643155 ], [ -70.334202962238535, 46.740113091036832 ], [ -70.327455487379126, 46.742435546058552 ], [ -70.321156460636956, 46.739579247992246 ], [ -70.321605343063084, 46.734400907617946 ], [ -70.328352011709782, 46.732078769224678 ] ] ] } },
{ "type": "Feature", "properties": { "hex_id": 874365, "centroid_lon": -70.324744047580509, "centroid_lat": 46.698152300438274, "occurrences_today": 1, "datetimes_today": "2026-01-26 07:16:41", "cumulative_total": 1.0 }, "geometry": { "type": "Polygon", "coordinates": [ [ [ -70.325191938386624, 46.692973895918122 ], [ -70.331485945915333, 46.695829797969218 ], [ -70.33103861220647, 46.701008246457043 ], [ -70.324296032971432, 46.703330696944285 ], [ -70.318001592169765, 46.700474382757371 ], [ -70.318450163833418, 46.695296030284851 ], [ -70.325191938386624, 46.692973895918122 ] ] ] } },
{ "type": "Feature", "properties": { "hex_id": 874367, "centroid_lon": -70.322054101387025, "centroid_lat": 46.729222559221313, "occurrences_today": 1, "datetimes_today": "2026-01-26 07:16:41", "cumulative_total": 1.0 }, "geometry": { "type": "Polygon", "coordinates": [ [ [ -70.322502735651568, 46.72404420280354 ], [ -70.328800087987332, 46.726900368788193 ], [ -70.328352011709782, 46.732078769224678 ], [ -70.321605343063084, 46.734400907617946 ], [ -70.315307556821097, 46.731544329051303 ], [ -70.315756873089242, 46.726366024739249 ], [ -70.322502735651568, 46.72404420280354 ] ] ] } },
{ "type": "Feature", "properties": { "hex_id": 874978, "centroid_lon": -70.314858116302347, "centroid_lat": 46.736722625332511, "occurrences_today": 1, "datetimes_today": "2026-01-26 07:16:41", "cumulative_total": 1.0 }, "geometry": { "type": "Polygon", "coordinates": [ [ [ -70.315307556821097, 46.731544329051303 ], [ -70.321605343063084, 46.734400907617946 ], [ -70.321156460636956, 46.739579247992246 ], [ -70.314408551490075, 46.741900913581695 ], [ -70.308110331470417, 46.739043922275705 ], [ -70.308560454332437, 46.733865678185524 ], [ -70.315307556821097, 46.731544329051303 ] ] ] } },
{ "type": "Feature", "properties": { "hex_id": 875588, "centroid_lon": -70.309010452752531, "centroid_lat": 46.728687426054805, "occurrences_today": 1, "datetimes_today": "2026-01-26 07:16:41", "cumulative_total": 1.0 }, "geometry": { "type": "Polygon", "coordinates": [ [ [ -70.309460326773618, 46.723509165884678 ], [ -70.315756873089242, 46.726366024739249 ], [ -70.315307556821097, 46.731544329051303 ], [ -70.308560454332437, 46.733865678185524 ], [ -70.30226347468431, 46.73100840665753 ], [ -70.302714030814428, 46.725830198734613 ], [ -70.309460326773618, 46.723509165884678 ] ] ] } },
{ "type": "Feature", "properties": { "hex_id": 876198, "centroid_lon": -70.303164462397277, "centroid_lat": 46.720651982763755, "occurrences_today": 1, "datetimes_today": "2026-01-26 07:16:41", "cumulative_total": 1.0 }, "geometry": { "type": "Polygon", "coordinates": [ [ [ -70.303614769475772, 46.715473758746164 ], [ -70.309910076438612, 46.718330897676367 ], [ -70.309460326773618, 46.723509165884678 ], [ -70.302714030814428, 46.725830198734613 ], [ -70.296418290963913, 46.722972647196926 ], [ -70.296869279917303, 46.717794475482641 ], [ -70.303614769475772, 46.715473758746164 ] ] ] } },
{ "type": "Feature", "properties": { "hex_id": 876199, "centroid_lon": -70.301812793963904, "centroid_lat": 46.736186606531369, "occurrences_today": 1, "datetimes_today": "2026-01-26 07:16:41", "cumulative_total": 1.0 }, "geometry": { "type": "Polygon", "coordinates": [ [ [ -70.30226347468431, 46.73100840665753 ], [ -70.308560454332437, 46.733865678185524 ], [ -70.308110331470417, 46.739043922275705 ], [ -70.301361988610239, 46.741364798354894 ], [ -70.295064575758474, 46.738507113996171 ], [ -70.295515938927537, 46.73332896645487 ], [ -70.30226347468431, 46.73100840665753 ] ] ] } },
{ "type": "Feature", "properties": { "hex_id": 876808, "centroid_lon": -70.297320144218162, "centroid_lat": 46.712616295713076, "occurrences_today": 1, "datetimes_today": "2026-01-26 07:16:41", "cumulative_total": 1.0 }, "geometry": { "type": "Polygon", "coordinates": [ [ [ -70.297770883909479, 46.707438107889402 ], [ -70.304064952092858, 46.710295526683012 ], [ -70.303614769475772, 46.715473758746164 ], [ -70.296869279917303, 46.717794475482641 ], [ -70.290574779290722, 46.7149366441475 ], [ -70.291026200622852, 46.709758508683251 ], [ -70.297770883909479, 46.707438107889402 ] ] ] } },
{ "type": "Feature", "properties": { "hex_id": 876809, "centroid_lon": -70.295967177314992, "centroid_lat": 46.728150810854721, "occurrences_today": 1, "datetimes_today": "2026-01-26 07:16:41", "cumulative_total": 1.0 }, "geometry": { "type": "Polygon", "coordinates": [ [ [ -70.296418290963913, 46.722972647196926 ], [ -70.302714030814428, 46.725830198734613 ], [ -70.30226347468431, 46.73100840665753 ], [ -70.295515938927537, 46.73332896645487 ], [ -70.289219766318269, 46.730471002152449 ], [ -70.289671562181482, 46.725292890883296 ], [ -70.296418290963913, 46.722972647196926 ] ] ] } },
{ "type": "Feature", "properties": { "hex_id": 877419, "centroid_lon": -70.290123233157956, "centroid_lat": 46.720114771547912, "occurrences_today": 1, "datetimes_today": "2026-01-26 07:16:41", "cumulative_total": 1.0 }, "geometry": { "type": "Polygon", "coordinates": [ [ [ -70.290574779290722, 46.7149366441475 ], [ -70.296869279917303, 46.717794475482641 ], [ -70.296418290963913, 46.722972647196926 ], [ -70.289671562181482, 46.725292890883296 ], [ -70.283376629240749, 46.722434646849415 ], [ -70.283828857353541, 46.717256571893742 ], [ -70.290574779290722, 46.7149366441475 ] ] ] } },
{ "type": "Feature", "properties": { "hex_id": 878029, "centroid_lon": -70.284280960474547, "centroid_lat": 46.712078488864471, "occurrences_today": 1, "datetimes_today": "2026-01-26 07:16:41", "cumulative_total": 1.0 }, "geometry": { "type": "Polygon", "coordinates": [ [ [ -70.284732938646854, 46.706900397762766 ], [ -70.291026200622852, 46.709758508683251 ], [ -70.290574779290722, 46.7149366441475 ], [ -70.283828857353541, 46.717256571893742 ], [ -70.277535163507594, 46.71439804834057 ], [ -70.277987823425676, 46.709220009739688 ], [ -70.284732938646854, 46.706900397762766 ] ] ] } },
{ "type": "Feature", "properties": { "hex_id": 878030, "centroid_lon": -70.28292427609307, "centroid_lat": 46.727612713730281, "occurrences_today": 1, "datetimes_today": "2026-01-26 07:16:41", "cumulative_total": 1.0 }, "geometry": { "type": "Polygon", "coordinates": [ [ [ -70.283376629240749, 46.722434646849415 ], [ -70.289671562181482, 46.725292890883296 ], [ -70.289219766318269, 46.730471002152449 ], [ -70.282471797867359, 46.732790772535168 ], [ -70.276176432741764, 46.729932115645362 ], [ -70.276629468208796, 46.724754101294607 ], [ -70.283376629240749, 46.722434646849415 ] ] ] } },
{ "type": "Feature", "properties": { "hex_id": 878639, "centroid_lon": -70.278440358247096, "centroid_lat": 46.704041963057783, "occurrences_today": 1, "datetimes_today": "2026-01-26 07:16:41", "cumulative_total": 1.0 }, "geometry": { "type": "Polygon", "coordinates": [ [ [ -70.278892768014984, 46.69886390829609 ], [ -70.285184791913551, 46.701722298589836 ], [ -70.284732938646854, 46.706900397762766 ], [ -70.277987823425676, 46.709220009739688 ], [ -70.271695368101035, 46.706361206879258 ], [ -70.272148459380546, 46.701183204674408 ], [ -70.278892768014984, 46.69886390829609 ] ] ] } },
{ "type": "Feature", "properties": { "hex_id": 878640, "centroid_lon": -70.277082378449677, "centroid_lat": 46.719576078859276, "occurrences_today": 1, "datetimes_today": "2026-01-26 07:16:41", "cumulative_total": 1.0 }, "geometry": { "type": "Polygon", "coordinates": [ [ [ -70.277535163507594, 46.71439804834057 ], [ -70.283828857353541, 46.717256571893742 ], [ -70.283376629240749, 46.722434646849415 ], [ -70.276629468208796, 46.724754101294607 ], [ -70.270335342622289, 46.721895164951597 ], [ -70.270788809765108, 46.716717187019057 ], [ -70.277535163507594, 46.71439804834057 ] ] ] } },
{ "type": "Feature", "properties": { "hex_id": 879250, "centroid_lon": -70.271242151576956, "centroid_lat": 46.711539200994551, "occurrences_today": 1, "datetimes_today": "2026-01-26 07:16:41", "cumulative_total": 1.0 }, "geometry": { "type": "Polygon", "coordinates": [ [ [ -70.271695368101035, 46.706361206879258 ], [ -70.277987823425676, 46.709220009739688 ], [ -70.277535163507594, 46.71439804834057 ], [ -70.270788809765108, 46.716717187019057 ], [ -70.264495923143855, 46.713857971434905 ], [ -70.264949821518485, 46.708680029961826 ], [ -70.271695368101035, 46.706361206879258 ] ] ] } },
{ "type": "Feature", "properties": { "hex_id": 879860, "centroid_lon": -70.265403594457467, "centroid_lat": 46.703502080389363, "occurrences_today": 1, "datetimes_today": "2026-01-26 07:16:41", "cumulative_total": 1.0 }, "geometry": { "type": "Polygon", "coordinates": [ [ [ -70.265857242004031, 46.698324122718724 ], [ -70.272148459380546, 46.701183204674408 ], [ -70.271695368101035, 46.706361206879258 ], [ -70.264949821518485, 46.708680029961826 ], [ -70.258658173288964, 46.705820535348515 ], [ -70.259112502451771, 46.700642630376066 ], [ -70.265857242004031, 46.698324122718724 ] ] ] } },
{ "type": "Feature", "properties": { "hex_id": 879861, "centroid_lon": -70.264041899290305, "centroid_lat": 46.71903590480742, "occurrences_today": 1, "datetimes_today": "2026-01-26 07:16:41", "cumulative_total": 1.0 }, "geometry": { "type": "Polygon", "coordinates": [ [ [ -70.264495923143855, 46.713857971434905 ], [ -70.270788809765108, 46.716717187019057 ], [ -70.270335342622289, 46.721895164951597 ], [ -70.263587749914549, 46.72421383007817 ], [ -70.257294432126415, 46.721354201613202 ], [ -70.257749138169586, 46.716176320968295 ], [ -70.264495923143855, 46.713857971434905 ] ] ] } },
{ "type": "Feature", "properties": { "hex_id": 880471, "centroid_lon": -70.258203718542674, "centroid_lat": 46.710998432212996, "occurrences_today": 1, "datetimes_today": "2026-01-26 07:16:41", "cumulative_total": 1.0 }, "geometry": { "type": "Polygon", "coordinates": [ [ [ -70.258658173288964, 46.705820535348515 ], [ -70.264949821518485, 46.708680029961826 ], [ -70.264495923143855, 46.713857971434905 ], [ -70.257749138169586, 46.716176320968295 ], [ -70.251457059216861, 46.713316413540362 ], [ -70.251912195918266, 46.708138569459493 ], [ -70.258658173288964, 46.705820535348515 ] ] ] } },
{ "type": "Feature", "properties": { "hex_id": 881081, "centroid_lon": -70.252367206845094, "centroid_lat": 46.702960717260801, "occurrences_today": 1, "datetimes_today": "2026-01-26 07:16:41", "cumulative_total": 1.0 }, "geometry": { "type": "Polygon", "coordinates": [ [ [ -70.252822092040674, 46.697782856945508 ], [ -70.259112502451771, 46.700642630376066 ], [ -70.258658173288964, 46.705820535348515 ], [ -70.251912195918266, 46.708138569459493 ], [ -70.245621355227314, 46.705278383280479 ], [ -70.246076922143573, 46.700100575804747 ], [ -70.252822092040674, 46.697782856945508 ] ] ] } },
{ "type": "Feature", "properties": { "hex_id": 881691, "centroid_lon": -70.246532363180904, "centroid_lat": 46.694922760203788, "occurrences_today": 1, "datetimes_today": "2026-01-26 07:16:41", "cumulative_total": 1.0 }, "geometry": { "type": "Polygon", "coordinates": [ [ [ -70.246987678382695, 46.689744936478803 ], [ -70.25327685154835, 46.69260498851483 ], [ -70.252822092040674, 46.697782856945508 ], [ -70.246076922143573, 46.700100575804747 ], [ -70.23978731914103, 46.697240111086508 ], [ -70.240243315829119, 46.692062340256989 ], [ -70.246987678382695, 46.689744936478803 ] ] ] } },
{ "type": "Feature", "properties": { "hex_id": 882302, "centroid_lon": -70.239331196426406, "centroid_lat": 46.702417873782153, "occurrences_today": 1, "datetimes_today": "2026-01-26 07:16:41", "cumulative_total": 1.0 }, "geometry": { "type": "Polygon", "coordinates": [ [ [ -70.23978731914103, 46.697240111086508 ], [ -70.246076922143573, 46.700100575804747 ], [ -70.245621355227314, 46.705278383280479 ], [ -70.238874947641804, 46.707595628342752 ], [ -70.232584914932616, 46.704734750785356 ], [ -70.233041719472141, 46.699557041070626 ], [ -70.23978731914103, 46.697240111086508 ] ] ] } },
{ "type": "Feature", "properties": { "hex_id": 882912, "centroid_lon": -70.233498397794079, "centroid_lat": 46.694379323212168, "occurrences_today": 1, "datetimes_today": "2026-01-26 07:16:41", "cumulative_total": 1.0 }, "geometry": { "type": "Polygon", "coordinates": [ [ [ -70.233954949941918, 46.689201597211216 ], [ -70.240243315829119, 46.692062340256989 ], [ -70.23978731914103, 46.697240111086508 ], [ -70.233041719472141, 46.699557041070626 ], [ -70.226752924321019, 46.696695885252012 ], [ -70.227210158059236, 46.691518212287846 ], [ -70.233954949941918, 46.689201597211216 ] ] ] } }
]
}
