{
"type": "FeatureCollection",
"name": "daily_2026-09-21",
"crs": { "type": "name", "properties": { "name": "urn:ogc:def:crs:OGC:1.3:CRS84" } },
"features": [
{ "type": "Feature", "properties": { "hex_id": 534252, "centroid_lon": -73.98482927444455, "centroid_lat": 45.783804110253548, "occurrences_today": 4, "datetimes_today": "2026-09-21 08:16:51, 2026-09-21 08:32:07, 2026-09-21 08:46:45, 2026-09-21 09:01:49", "cumulative_total": 285.0 }, "geometry": { "type": "Polygon", "coordinates": [ [ [ -73.984923574510432, 45.778608375950384 ], [ -73.991307374339812, 45.781263203513362 ], [ -73.991213658591008, 45.786458945633953 ], [ -73.984734948534808, 45.78899983965966 ], [ -73.978350590236602, 45.786344643536971 ], [ -73.978445500454683, 45.7811489220135 ], [ -73.984923574510432, 45.778608375950384 ] ] ] } },
{ "type": "Feature", "properties": { "hex_id": 779742, "centroid_lon": -71.331345151533398, "centroid_lat": 46.805066242518869, "occurrences_today": 10, "datetimes_today": "2026-09-21 00:01:49, 2026-09-21 00:16:40, 2026-09-21 00:32:40, 2026-09-21 00:46:59, 2026-09-21 01:01:51, 2026-09-21 01:16:40, 2026-09-21 01:31:48, 2026-09-21 01:46:52, 2026-09-21 02:01:46, 2026-09-21 02:17:02", "cumulative_total": 167.0 }, "geometry": { "type": "Polygon", "coordinates": [ [ [ -71.331698073722677, 46.799881285340206 ], [ -71.3380608393811, 46.802683454074078 ], [ -71.337708494038765, 46.807868445646804 ], [ -71.330992131526642, 46.810251192933478 ], [ -71.32462888685572, 46.807448618542857 ], [ -71.324982483675527, 46.802263702589023 ], [ -71.331698073722677, 46.799881285340206 ] ] ] } },
{ "type": "Feature", "properties": { "hex_id": 780963, "centroid_lon": -71.318266316987746, "centroid_lat": 46.804645707396226, "occurrences_today": 8, "datetimes_today": "2026-09-21 00:01:49, 2026-09-21 00:16:40, 2026-09-21 00:32:40, 2026-09-21 00:46:59, 2026-09-21 01:01:51, 2026-09-21 01:16:40, 2026-09-21 01:31:48, 2026-09-21 01:46:52", "cumulative_total": 106.0 }, "geometry": { "type": "Polygon", "coordinates": [ [ [ -71.318620490431201, 46.799460825963017 ], [ -71.324982483675527, 46.802263702589023 ], [ -71.32462888685572, 46.807448618542857 ], [ -71.317912045381973, 46.809830582050964 ], [ -71.311549573693298, 46.80702729966675 ], [ -71.311904421888741, 46.801842459599342 ], [ -71.318620490431201, 46.799460825963017 ] ] ] } },
{ "type": "Feature", "properties": { "hex_id": 781573, "centroid_lon": -71.312259171766499, "centroid_lat": 46.796657612746579, "occurrences_today": 7, "datetimes_today": "2026-09-21 00:01:49, 2026-09-21 00:16:40, 2026-09-21 00:32:40, 2026-09-21 00:46:59, 2026-09-21 01:01:51, 2026-09-21 01:16:40, 2026-09-21 01:31:48", "cumulative_total": 222.0 }, "geometry": { "type": "Polygon", "coordinates": [ [ [ -71.31261382336065, 46.791472759109176 ], [ -71.318974565746359, 46.794275937752047 ], [ -71.318620490431201, 46.799460825963017 ], [ -71.311904421888741, 46.801842459599342 ], [ -71.305543201524657, 46.799038875257949 ], [ -71.305898527647386, 46.793854063045437 ], [ -71.31261382336065, 46.791472759109176 ] ] ] } },
{ "type": "Feature", "properties": { "hex_id": 781574, "centroid_lon": -71.311194627146151, "centroid_lat": 46.812212132948112, "occurrences_today": 10, "datetimes_today": "2026-09-21 00:01:49, 2026-09-21 00:16:40, 2026-09-21 00:32:40, 2026-09-21 00:46:59, 2026-09-21 01:01:51, 2026-09-21 01:16:40, 2026-09-21 01:31:48, 2026-09-21 01:46:52, 2026-09-21 02:01:46, 2026-09-21 02:17:02", "cumulative_total": 182.0 }, "geometry": { "type": "Polygon", "coordinates": [ [ [ -71.311549573693298, 46.80702729966675 ], [ -71.317912045381973, 46.809830582050964 ], [ -71.317557675579906, 46.81501544992652 ], [ -71.310839582213205, 46.817396959442704 ], [ -71.304476632182315, 46.814593271139238 ], [ -71.304832253826248, 46.80940847930556 ], [ -71.311549573693298, 46.80702729966675 ] ] ] } },
{ "type": "Feature", "properties": { "hex_id": 782184, "centroid_lon": -71.305187776928975, "centroid_lat": 46.804223680678227, "occurrences_today": 10, "datetimes_today": "2026-09-21 00:01:49, 2026-09-21 00:16:40, 2026-09-21 00:32:40, 2026-09-21 00:46:59, 2026-09-21 01:01:51, 2026-09-21 01:16:40, 2026-09-21 01:31:48, 2026-09-21 01:46:52, 2026-09-21 02:01:46, 2026-09-21 02:17:02", "cumulative_total": 123.0 }, "geometry": { "type": "Polygon", "coordinates": [ [ [ -71.305543201524657, 46.799038875257949 ], [ -71.311904421888741, 46.801842459599342 ], [ -71.311549573693298, 46.80702729966675 ], [ -71.304832253826248, 46.80940847930556 ], [ -71.298470555586036, 46.806604489104643 ], [ -71.298826655054896, 46.801419725191124 ], [ -71.305543201524657, 46.799038875257949 ] ] ] } },
{ "type": "Feature", "properties": { "hex_id": 782794, "centroid_lon": -71.299182655861443, "centroid_lat": 46.796234954477775, "occurrences_today": 7, "datetimes_today": "2026-09-21 00:01:49, 2026-09-21 00:16:40, 2026-09-21 00:32:40, 2026-09-21 00:46:59, 2026-09-21 01:01:51, 2026-09-21 01:16:40, 2026-09-21 01:31:48", "cumulative_total": 113.0 }, "geometry": { "type": "Polygon", "coordinates": [ [ [ -71.299538558039814, 46.791050176965292 ], [ -71.305898527647386, 46.793854063045437 ], [ -71.305543201524657, 46.799038875257949 ], [ -71.298826655054896, 46.801419725191124 ], [ -71.292466208036942, 46.798615433311234 ], [ -71.292822784864967, 46.793430697364585 ], [ -71.299538558039814, 46.791050176965292 ] ] ] } },
{ "type": "Feature", "properties": { "hex_id": 795108, "centroid_lon": -71.0483226261249, "centroid_lat": 48.408991682553797, "occurrences_today": 2, "datetimes_today": "2026-09-21 09:01:49, 2026-09-21 09:16:56", "cumulative_total": 134.0 }, "geometry": { "type": "Polygon", "coordinates": [ [ [ -71.048724679187984, 48.403809886916598 ], [ -71.055263677116287, 48.406632417298532 ], [ -71.054862248599335, 48.411814251256388 ], [ -71.04792045907972, 48.414173470991962 ], [ -71.041380950607987, 48.41135051003991 ], [ -71.041783742158088, 48.406168759993108 ], [ -71.048724679187984, 48.403809886916598 ] ] ] } },
{ "type": "Feature", "properties": { "hex_id": 810866, "centroid_lon": -71.011143520246335, "centroid_lat": 46.615061244997513, "occurrences_today": 4, "datetimes_today": "2026-09-21 08:32:07, 2026-09-21 08:46:45, 2026-09-21 09:01:49, 2026-09-21 09:16:56", "cumulative_total": 103.0 }, "geometry": { "type": "Polygon", "coordinates": [ [ [ -71.011524661658086, 46.6098780567361 ], [ -71.017847976134775, 46.61269692818852 ], [ -71.017467400569288, 46.617880153804698 ], [ -71.010762273502493, 46.620244426140303 ], [ -71.004438498529751, 46.617425149024619 ], [ -71.004820311083591, 46.612242005302654 ], [ -71.011524661658086, 46.6098780567361 ] ] ] } },
{ "type": "Feature", "properties": { "hex_id": 581255, "centroid_lon": -73.492000285383511, "centroid_lat": 45.692617171724471, "occurrences_today": 1, "datetimes_today": "2026-09-21 09:16:56", "cumulative_total": 407.0 }, "geometry": { "type": "Polygon", "coordinates": [ [ [ -73.492139911433981, 45.687422339756225 ], [ -73.498489378281477, 45.690104321119044 ], [ -73.49835032705009, 45.695299165786032 ], [ -73.49186062111724, 45.697811998615471 ], [ -73.485510617672944, 45.695129645202563 ], [ -73.485650856745394, 45.689934831075199 ], [ -73.492139911433981, 45.687422339756225 ] ] ] } },
{ "type": "Feature", "properties": { "hex_id": 765098, "centroid_lon": -71.480175998168022, "centroid_lat": 46.934454594641288, "occurrences_today": 11, "datetimes_today": "2026-09-21 00:01:49, 2026-09-21 00:16:40, 2026-09-21 00:32:40, 2026-09-21 00:46:59, 2026-09-21 01:01:51, 2026-09-21 01:16:40, 2026-09-21 01:31:48, 2026-09-21 01:46:52, 2026-09-21 02:01:46, 2026-09-21 02:17:02, 2026-09-21 02:31:51", "cumulative_total": 95.0 }, "geometry": { "type": "Polygon", "coordinates": [ [ [ -71.480516154699743, 46.929268907844062 ], [ -71.486902104517, 46.932063358892989 ], [ -71.486562531269797, 46.937249078721095 ], [ -71.479835747176665, 46.939640274828328 ], [ -71.473449308550954, 46.936845417584308 ], [ -71.473790142793987, 46.931659770495287 ], [ -71.480516154699743, 46.929268907844062 ] ] ] } },
{ "type": "Feature", "properties": { "hex_id": 765709, "centroid_lon": -71.473108379657702, "centroid_lat": 46.942031058055861, "occurrences_today": 11, "datetimes_today": "2026-09-21 00:01:49, 2026-09-21 00:16:40, 2026-09-21 00:32:40, 2026-09-21 00:46:59, 2026-09-21 01:01:51, 2026-09-21 01:16:40, 2026-09-21 01:31:48, 2026-09-21 01:46:52, 2026-09-21 02:01:46, 2026-09-21 02:17:02, 2026-09-21 02:31:51", "cumulative_total": 132.0 }, "geometry": { "type": "Polygon", "coordinates": [ [ [ -71.473449308550954, 46.936845417584308 ], [ -71.479835747176665, 46.939640274828328 ], [ -71.479495401692787, 46.9448259484045 ], [ -71.472767356081278, 46.947216691909276 ], [ -71.466380428745794, 46.944421428307891 ], [ -71.46672203569868, 46.939235827626256 ], [ -71.473449308550954, 46.936845417584308 ] ] ] } },
{ "type": "Feature", "properties": { "hex_id": 766319, "centroid_lon": -71.467063547810696, "centroid_lat": 46.934050220319797, "occurrences_today": 11, "datetimes_today": "2026-09-21 00:01:49, 2026-09-21 00:16:40, 2026-09-21 00:32:40, 2026-09-21 00:46:59, 2026-09-21 01:01:51, 2026-09-21 01:16:40, 2026-09-21 01:31:48, 2026-09-21 01:46:52, 2026-09-21 02:01:46, 2026-09-21 02:17:02, 2026-09-21 02:31:51", "cumulative_total": 124.0 }, "geometry": { "type": "Polygon", "coordinates": [ [ [ -71.46740496511481, 46.928864606389212 ], [ -71.473790142793987, 46.931659770495287 ], [ -71.473449308550954, 46.936845417584308 ], [ -71.46672203569868, 46.939235827626256 ], [ -71.460336369782794, 46.936440257221768 ], [ -71.460678464922935, 46.931254683140864 ], [ -71.46740496511481, 46.928864606389212 ] ] ] } },
{ "type": "Feature", "properties": { "hex_id": 569649, "centroid_lon": -73.616473251895627, "centroid_lat": 45.592856823019027, "occurrences_today": 2, "datetimes_today": "2026-09-21 09:01:49, 2026-09-21 09:16:56", "cumulative_total": 574.0 }, "geometry": { "type": "Polygon", "coordinates": [ [ [ -73.616600910631377, 45.587661614676158 ], [ -73.622945329493106, 45.590336660324432 ], [ -73.622818244252343, 45.595531880108638 ], [ -73.616345558260065, 45.598052026337299 ], [ -73.61000060080903, 45.595376611070606 ], [ -73.610128867927855, 45.590181419258364 ], [ -73.616600910631377, 45.587661614676158 ] ] ] } },
{ "type": "Feature", "properties": { "hex_id": 570259, "centroid_lon": -73.61025709999133, "centroid_lat": 45.584986222418998, "occurrences_today": 5, "datetimes_today": "2026-09-21 08:16:51, 2026-09-21 08:32:07, 2026-09-21 08:46:45, 2026-09-21 09:01:49, 2026-09-21 09:16:56", "cumulative_total": 1216.0 }, "geometry": { "type": "Polygon", "coordinates": [ [ [ -73.610385297011291, 45.579791020552577 ], [ -73.616728534479023, 45.582466401308771 ], [ -73.616600910631377, 45.587661614676158 ], [ -73.610128867927855, 45.590181419258364 ], [ -73.603785092337247, 45.587505668925651 ], [ -73.603913897561256, 45.582310483651938 ], [ -73.610385297011291, 45.579791020552577 ] ] ] } },
{ "type": "Feature", "properties": { "hex_id": 576362, "centroid_lon": -73.54698636272127, "centroid_lat": 45.553018174693754, "occurrences_today": 1, "datetimes_today": "2026-09-21 09:16:56", "cumulative_total": 212.0 }, "geometry": { "type": "Polygon", "coordinates": [ [ [ -73.547120245687395, 45.547823086198996 ], [ -73.553456831918936, 45.550501914860313 ], [ -73.55332352029869, 45.55569701547401 ], [ -73.54685244317244, 45.558213258135723 ], [ -73.540515322183836, 45.55553405971385 ], [ -73.540649813066267, 45.550338988455394 ], [ -73.547120245687395, 45.547823086198996 ] ] ] } },
{ "type": "Feature", "properties": { "hex_id": 576973, "centroid_lon": -73.540380794551623, "centroid_lat": 45.560729125916765, "occurrences_today": 1, "datetimes_today": "2026-09-21 09:16:56", "cumulative_total": 150.0 }, "geometry": { "type": "Polygon", "coordinates": [ [ [ -73.540515322183836, 45.55553405971385 ], [ -73.54685244317244, 45.558213258135723 ], [ -73.54671848702867, 45.563408336524802 ], [ -73.540246230157265, 45.565924187064063 ], [ -73.533908574448546, 45.563244618722223 ], [ -73.534043710318983, 45.558049569825684 ], [ -73.540515322183836, 45.55553405971385 ] ] ] } },
{ "type": "Feature", "properties": { "hex_id": 577583, "centroid_lon": -73.534178809272461, "centroid_lat": 45.55285451587087, "occurrences_today": 1, "datetimes_today": "2026-09-21 09:16:56", "cumulative_total": 382.0 }, "geometry": { "type": "Polygon", "coordinates": [ [ [ -73.534313871321373, 45.547659456857865 ], [ -73.540649813066267, 45.550338988455394 ], [ -73.540515322183836, 45.55553405971385 ], [ -73.534043710318983, 45.558049569825684 ], [ -73.52770723431837, 45.555369668350536 ], [ -73.527842904425938, 45.550174626705761 ], [ -73.534313871321373, 45.547659456857865 ] ] ] } },
{ "type": "Feature", "properties": { "hex_id": 528160, "centroid_lon": -74.045678814914311, "centroid_lat": 45.986991193279742, "occurrences_today": 7, "datetimes_today": "2026-09-21 00:01:49, 2026-09-21 00:16:40, 2026-09-21 00:32:40, 2026-09-21 00:46:59, 2026-09-21 01:01:51, 2026-09-21 01:16:40, 2026-09-21 01:31:48", "cumulative_total": 229.0 }, "geometry": { "type": "Polygon", "coordinates": [ [ [ -74.045768093339817, 45.981795549542255 ], [ -74.052178007388619, 45.984447088913342 ], [ -74.052089320423676, 45.989642739894641 ], [ -74.045589511958738, 45.992186832137918 ], [ -74.039179030983604, 45.989534922195958 ], [ -74.039268925391397, 45.98433929064727 ], [ -74.045768093339817, 45.981795549542255 ] ] ] } },
{ "type": "Feature", "properties": { "hex_id": 761437, "centroid_lon": -71.517494840739516, "centroid_lat": 46.96677400721142, "occurrences_today": 11, "datetimes_today": "2026-09-21 00:01:49, 2026-09-21 00:16:40, 2026-09-21 00:32:40, 2026-09-21 00:46:59, 2026-09-21 01:01:51, 2026-09-21 01:16:40, 2026-09-21 01:31:48, 2026-09-21 01:46:52, 2026-09-21 02:01:46, 2026-09-21 02:17:02, 2026-09-21 02:31:51", "cumulative_total": 110.0 }, "geometry": { "type": "Polygon", "coordinates": [ [ [ -71.517831775339829, 46.96158814285014 ], [ -71.524223544825759, 46.964380649659063 ], [ -71.523887195128083, 46.969566546707725 ], [ -71.517157812529447, 46.971959865000258 ], [ -71.510765551766966, 46.969166951864516 ], [ -71.511103164847071, 46.963981126830276 ], [ -71.517831775339829, 46.96158814285014 ] ] ] } },
{ "type": "Feature", "properties": { "hex_id": 762047, "centroid_lon": -71.511440684159155, "centroid_lat": 46.958795295216994, "occurrences_today": 11, "datetimes_today": "2026-09-21 00:01:49, 2026-09-21 00:16:40, 2026-09-21 00:32:40, 2026-09-21 00:46:59, 2026-09-21 01:01:51, 2026-09-21 01:16:40, 2026-09-21 01:31:48, 2026-09-21 01:46:52, 2026-09-21 02:01:46, 2026-09-21 02:17:02, 2026-09-21 02:31:51", "cumulative_total": 116.0 }, "geometry": { "type": "Polygon", "coordinates": [ [ [ -71.511778109735829, 46.953609457025323 ], [ -71.5181686163629, 46.95640227191705 ], [ -71.517831775339829, 46.96158814285014 ], [ -71.511103164847071, 46.963981126830276 ], [ -71.504712167418134, 46.961187905670499 ], [ -71.505050271251207, 46.956002106865832 ], [ -71.511778109735829, 46.953609457025323 ] ] ] } },
{ "type": "Feature", "properties": { "hex_id": 762658, "centroid_lon": -71.504373969658872, "centroid_lat": 46.966373697889544, "occurrences_today": 11, "datetimes_today": "2026-09-21 00:01:49, 2026-09-21 00:16:40, 2026-09-21 00:32:40, 2026-09-21 00:46:59, 2026-09-21 01:01:51, 2026-09-21 01:16:40, 2026-09-21 01:31:48, 2026-09-21 01:46:52, 2026-09-21 02:01:46, 2026-09-21 02:17:02, 2026-09-21 02:31:51", "cumulative_total": 157.0 }, "geometry": { "type": "Polygon", "coordinates": [ [ [ -71.504712167418134, 46.961187905670499 ], [ -71.511103164847071, 46.963981126830276 ], [ -71.510765551766966, 46.969166951864516 ], [ -71.504035677940678, 46.97155948352232 ], [ -71.497644189807829, 46.968765855931942 ], [ -71.49798306617248, 46.963580103181563 ], [ -71.504712167418134, 46.961187905670499 ] ] ] } },
{ "type": "Feature", "properties": { "hex_id": 763268, "centroid_lon": -71.498321848420048, "centroid_lat": 46.958394343838307, "occurrences_today": 11, "datetimes_today": "2026-09-21 00:01:49, 2026-09-21 00:16:40, 2026-09-21 00:32:40, 2026-09-21 00:46:59, 2026-09-21 01:01:51, 2026-09-21 01:16:40, 2026-09-21 01:31:48, 2026-09-21 01:46:52, 2026-09-21 02:01:46, 2026-09-21 02:17:02, 2026-09-21 02:31:51", "cumulative_total": 143.0 }, "geometry": { "type": "Polygon", "coordinates": [ [ [ -71.498660536583301, 46.953208577902807 ], [ -71.505050271251207, 46.956002106865832 ], [ -71.504712167418134, 46.961187905670499 ], [ -71.49798306617248, 46.963580103181563 ], [ -71.491592841275079, 46.960786167846798 ], [ -71.491932207820099, 46.955600441439906 ], [ -71.498660536583301, 46.953208577902807 ] ] ] } },
{ "type": "Feature", "properties": { "hex_id": 763878, "centroid_lon": -71.492271480122767, "centroid_lat": 46.950414708434145, "occurrences_today": 11, "datetimes_today": "2026-09-21 00:01:49, 2026-09-21 00:16:40, 2026-09-21 00:32:40, 2026-09-21 00:46:59, 2026-09-21 01:01:51, 2026-09-21 01:16:40, 2026-09-21 01:31:48, 2026-09-21 01:46:52, 2026-09-21 02:01:46, 2026-09-21 02:17:02, 2026-09-21 02:31:51", "cumulative_total": 137.0 }, "geometry": { "type": "Polygon", "coordinates": [ [ [ -71.492610658215852, 46.945228968830165 ], [ -71.498999130694969, 46.948022805375722 ], [ -71.498660536583301, 46.953208577902807 ], [ -71.491932207820099, 46.955600441439906 ], [ -71.485543245585546, 46.952806198581463 ], [ -71.485883101836876, 46.947620498565975 ], [ -71.492610658215852, 46.945228968830165 ] ] ] } },
{ "type": "Feature", "properties": { "hex_id": 562924, "centroid_lon": -73.690408684619271, "centroid_lat": 45.445619312816802, "occurrences_today": 2, "datetimes_today": "2026-09-21 09:01:49, 2026-09-21 09:16:56", "cumulative_total": 275.0 }, "geometry": { "type": "Polygon", "coordinates": [ [ [ -73.690528904013888, 45.44042381216714 ], [ -73.696860545250132, 45.443094674288503 ], [ -73.696740895910679, 45.448290185613565 ], [ -73.690288432415898, 45.450814808471286 ], [ -73.683956253938746, 45.448143579288889 ], [ -73.684077076186298, 45.442948094374181 ], [ -73.690528904013888, 45.44042381216714 ] ] ] } },
{ "type": "Feature", "properties": { "hex_id": 777300, "centroid_lon": -71.357503699947557, "centroid_lat": 46.805902837634463, "occurrences_today": 11, "datetimes_today": "2026-09-21 00:01:49, 2026-09-21 00:16:40, 2026-09-21 00:32:40, 2026-09-21 00:46:59, 2026-09-21 01:01:51, 2026-09-21 01:16:40, 2026-09-21 01:31:48, 2026-09-21 01:46:52, 2026-09-21 02:01:46, 2026-09-21 02:17:02, 2026-09-21 02:31:51", "cumulative_total": 86.0 }, "geometry": { "type": "Polygon", "coordinates": [ [ [ -71.357854119323918, 46.800717729767449 ], [ -71.36421842841122, 46.803518482187329 ], [ -71.363868586327854, 46.808703624195189 ], [ -71.357153183443472, 46.811087938766121 ], [ -71.35078839420774, 46.808286780892757 ], [ -71.351139487971153, 46.80310171396868 ], [ -71.357854119323918, 46.800717729767449 ] ] ] } },
{ "type": "Feature", "properties": { "hex_id": 777910, "centroid_lon": -71.351490484451233, "centroid_lat": 46.797916640302439, "occurrences_today": 10, "datetimes_today": "2026-09-21 00:01:49, 2026-09-21 00:16:40, 2026-09-21 00:32:40, 2026-09-21 00:46:59, 2026-09-21 01:01:51, 2026-09-21 01:16:40, 2026-09-21 01:31:48, 2026-09-21 01:46:52, 2026-09-21 02:01:46, 2026-09-21 02:17:02", "cumulative_total": 141.0 }, "geometry": { "type": "Polygon", "coordinates": [ [ [ -71.351841383681645, 46.792731559894719 ], [ -71.358204441606176, 46.795532615165783 ], [ -71.357854119323918, 46.800717729767449 ], [ -71.351139487971153, 46.80310171396868 ], [ -71.344775950364976, 46.800300253303561 ], [ -71.34512752375953, 46.795115213897994 ], [ -71.351841383681645, 46.792731559894719 ] ] ] } },
{ "type": "Feature", "properties": { "hex_id": 778521, "centroid_lon": -71.344424279531523, "centroid_lat": 46.805485285960174, "occurrences_today": 11, "datetimes_today": "2026-09-21 00:01:49, 2026-09-21 00:16:40, 2026-09-21 00:32:40, 2026-09-21 00:46:59, 2026-09-21 01:01:51, 2026-09-21 01:16:40, 2026-09-21 01:31:48, 2026-09-21 01:46:52, 2026-09-21 02:01:46, 2026-09-21 02:17:02, 2026-09-21 02:31:51", "cumulative_total": 140.0 }, "geometry": { "type": "Polygon", "coordinates": [ [ [ -71.344775950364976, 46.800300253303561 ], [ -71.351139487971153, 46.80310171396868 ], [ -71.35078839420774, 46.808286780892757 ], [ -71.344072511225448, 46.810670311867092 ], [ -71.337708494038765, 46.807868445646804 ], [ -71.3380608393811, 46.802683454074078 ], [ -71.344775950364976, 46.800300253303561 ] ] ] } },
{ "type": "Feature", "properties": { "hex_id": 556212, "centroid_lon": -73.759526003161398, "centroid_lat": 45.500957880183627, "occurrences_today": 4, "datetimes_today": "2026-09-21 08:32:07, 2026-09-21 08:46:45, 2026-09-21 09:01:49, 2026-09-21 09:16:56", "cumulative_total": 72.0 }, "geometry": { "type": "Polygon", "coordinates": [ [ [ -73.75964009849038, 45.495762290368056 ], [ -73.76598123098691, 45.498429394555721 ], [ -73.765867708308434, 45.503624994374711 ], [ -73.759411876673425, 45.506153465029094 ], [ -73.753070202690608, 45.503485993730365 ], [ -73.753184901818628, 45.498290418952827 ], [ -73.75964009849038, 45.495762290368056 ] ] ] } },
{ "type": "Feature", "properties": { "hex_id": 774248, "centroid_lon": -71.38968240757815, "centroid_lat": 46.814718119301325, "occurrences_today": 12, "datetimes_today": "2026-09-21 00:01:49, 2026-09-21 00:16:40, 2026-09-21 00:32:40, 2026-09-21 00:46:59, 2026-09-21 01:01:51, 2026-09-21 01:16:40, 2026-09-21 01:31:48, 2026-09-21 01:46:52, 2026-09-21 02:01:46, 2026-09-21 02:17:02, 2026-09-21 02:31:51, 2026-09-21 09:16:56", "cumulative_total": 126.0 }, "geometry": { "type": "Polygon", "coordinates": [ [ [ -71.390029842281436, 46.809532834628833 ], [ -71.396396944861436, 46.812331866403142 ], [ -71.39605008824168, 46.817517184909846 ], [ -71.389334876559545, 46.819903397273031 ], [ -71.382967292228003, 46.817103960189812 ], [ -71.383315401296755, 46.811918716119095 ], [ -71.390029842281436, 46.809532834628833 ] ] ] } },
{ "type": "Feature", "properties": { "hex_id": 774858, "centroid_lon": -71.383663413894311, "centroid_lat": 46.806733465340834, "occurrences_today": 11, "datetimes_today": "2026-09-21 00:01:49, 2026-09-21 00:16:40, 2026-09-21 00:32:40, 2026-09-21 00:46:59, 2026-09-21 01:01:51, 2026-09-21 01:16:40, 2026-09-21 01:31:48, 2026-09-21 01:46:52, 2026-09-21 02:01:46, 2026-09-21 02:17:02, 2026-09-21 02:31:51", "cumulative_total": 176.0 }, "geometry": { "type": "Polygon", "coordinates": [ [ [ -71.384011330054093, 46.801548207855717 ], [ -71.390377180702799, 46.804347543256242 ], [ -71.390029842281436, 46.809532834628833 ], [ -71.383315401296755, 46.811918716119095 ], [ -71.376949069364116, 46.809118975468863 ], [ -71.377297659666695, 46.803933758644824 ], [ -71.384011330054093, 46.801548207855717 ] ] ] } },
{ "type": "Feature", "properties": { "hex_id": 775469, "centroid_lon": -71.376600382434532, "centroid_lat": 46.8143041855786, "occurrences_today": 11, "datetimes_today": "2026-09-21 00:01:49, 2026-09-21 00:16:40, 2026-09-21 00:32:40, 2026-09-21 00:46:59, 2026-09-21 01:01:51, 2026-09-21 01:16:40, 2026-09-21 01:31:48, 2026-09-21 01:46:52, 2026-09-21 02:01:46, 2026-09-21 02:17:02, 2026-09-21 02:31:51", "cumulative_total": 161.0 }, "geometry": { "type": "Polygon", "coordinates": [ [ [ -71.376949069364116, 46.809118975468863 ], [ -71.383315401296755, 46.811918716119095 ], [ -71.382967292228003, 46.817103960189812 ], [ -71.376251598844419, 46.819489388973352 ], [ -71.369884785728217, 46.816689242912169 ], [ -71.370234147145652, 46.811504073545152 ], [ -71.376949069364116, 46.809118975468863 ] ] ] } },
{ "type": "Feature", "properties": { "hex_id": 776079, "centroid_lon": -71.370583411746779, "centroid_lat": 46.806318897456372, "occurrences_today": 10, "datetimes_today": "2026-09-21 00:01:49, 2026-09-21 00:16:40, 2026-09-21 00:32:40, 2026-09-21 00:46:59, 2026-09-21 01:01:51, 2026-09-21 01:16:40, 2026-09-21 01:31:48, 2026-09-21 01:46:52, 2026-09-21 02:01:46, 2026-09-21 02:17:02", "cumulative_total": 192.0 }, "geometry": { "type": "Polygon", "coordinates": [ [ [ -71.370932579565121, 46.801133714646518 ], [ -71.377297659666695, 46.803933758644824 ], [ -71.376949069364116, 46.809118975468863 ], [ -71.370234147145652, 46.811504073545152 ], [ -71.363868586327854, 46.808703624195189 ], [ -71.36421842841122, 46.803518482187329 ], [ -71.370932579565121, 46.801133714646518 ] ] ] } },
{ "type": "Feature", "properties": { "hex_id": 586737, "centroid_lon": -73.439634787218154, "centroid_lat": 45.497035355958289, "occurrences_today": 1, "datetimes_today": "2026-09-21 09:16:56", "cumulative_total": 508.0 }, "geometry": { "type": "Polygon", "coordinates": [ [ [ -73.439778279135226, 45.491840472750113 ], [ -73.446103398682595, 45.494525133361861 ], [ -73.445960474964494, 45.499720029733957 ], [ -73.439491256121215, 45.502230234067483 ], [ -73.433165607561293, 45.499545203410555 ], [ -73.433309706844071, 45.494350338529706 ], [ -73.439778279135226, 45.491840472750113 ] ] ] } },
{ "type": "Feature", "properties": { "hex_id": 780964, "centroid_lon": -71.317203207547493, "centroid_lat": 46.820200311022198, "occurrences_today": 11, "datetimes_today": "2026-09-21 00:01:49, 2026-09-21 00:16:40, 2026-09-21 00:32:40, 2026-09-21 00:46:59, 2026-09-21 01:01:51, 2026-09-21 01:16:40, 2026-09-21 01:31:48, 2026-09-21 01:46:52, 2026-09-21 02:01:46, 2026-09-21 02:17:02, 2026-09-21 02:31:51", "cumulative_total": 93.0 }, "geometry": { "type": "Polygon", "coordinates": [ [ [ -71.317557675579906, 46.81501544992652 ], [ -71.323921399161534, 46.817818430134999 ], [ -71.323567508219199, 46.8230033257719 ], [ -71.316848641250701, 46.825385165337281 ], [ -71.310484438860371, 46.822581779149829 ], [ -71.310839582213205, 46.817396959442704 ], [ -71.317557675579906, 46.81501544992652 ] ] ] } },
{ "type": "Feature", "properties": { "hex_id": 782185, "centroid_lon": -71.304120911963054, "centroid_lat": 46.819778056178563, "occurrences_today": 35, "datetimes_today": "2026-09-21 00:01:49, 2026-09-21 00:16:40, 2026-09-21 00:32:40, 2026-09-21 00:46:59, 2026-09-21 01:01:51, 2026-09-21 01:16:40, 2026-09-21 01:31:48, 2026-09-21 01:46:52, 2026-09-21 02:01:46, 2026-09-21 02:17:02, 2026-09-21 03:16:44, 2026-09-21 03:31:54, 2026-09-21 03:46:49, 2026-09-21 04:01:41, 2026-09-21 04:16:50, 2026-09-21 04:31:56, 2026-09-21 04:46:54, 2026-09-21 05:02:35, 2026-09-21 05:16:47, 2026-09-21 05:31:46, 2026-09-21 05:46:41, 2026-09-21 06:01:42, 2026-09-21 06:16:49, 2026-09-21 06:31:42, 2026-09-21 06:46:49, 2026-09-21 07:02:45, 2026-09-21 07:16:53, 2026-09-21 07:31:44, 2026-09-21 07:47:19, 2026-09-21 08:01:53, 2026-09-21 08:16:51, 2026-09-21 08:32:07, 2026-09-21 08:46:45, 2026-09-21 09:01:49, 2026-09-21 09:16:56", "cumulative_total": 307.0 }, "geometry": { "type": "Polygon", "coordinates": [ [ [ -71.304476632182315, 46.814593271139238 ], [ -71.310839582213205, 46.817396959442704 ], [ -71.310484438860371, 46.822581779149829 ], [ -71.303765093134288, 46.82496283442277 ], [ -71.297401664863543, 46.822158740038979 ], [ -71.297758060524558, 46.816973996529271 ], [ -71.304476632182315, 46.814593271139238 ] ] ] } },
{ "type": "Feature", "properties": { "hex_id": 553769, "centroid_lon": -73.785455160173242, "centroid_lat": 45.485646056836018, "occurrences_today": 5, "datetimes_today": "2026-09-21 08:16:51, 2026-09-21 08:32:07, 2026-09-21 08:46:45, 2026-09-21 09:01:49, 2026-09-21 09:16:56", "cumulative_total": 135.0 }, "geometry": { "type": "Polygon", "coordinates": [ [ [ -73.785566811372576, 45.480450402575457 ], [ -73.791907494291237, 45.483116069130041 ], [ -73.791796415628369, 45.488311733133827 ], [ -73.785343478487704, 45.490841706135697 ], [ -73.779002253523885, 45.48817567290785 ], [ -73.77911450773567, 45.482980033415892 ], [ -73.785566811372576, 45.480450402575457 ] ] ] } },
{ "type": "Feature", "properties": { "hex_id": 567200, "centroid_lon": -73.644731589212739, "centroid_lat": 45.484062865911191, "occurrences_today": 4, "datetimes_today": "2026-09-21 08:32:07, 2026-09-21 08:46:45, 2026-09-21 09:01:49, 2026-09-21 09:16:56", "cumulative_total": 816.0 }, "geometry": { "type": "Polygon", "coordinates": [ [ [ -73.644856167759627, 45.478867496860872 ], [ -73.651189856732543, 45.481540898336519 ], [ -73.651065848780647, 45.48673627852272 ], [ -73.644606976652412, 45.489258229948611 ], [ -73.638272751103656, 45.486584460498399 ], [ -73.638397934247578, 45.481389107661329 ], [ -73.644856167759627, 45.478867496860872 ] ] ] } },
{ "type": "Feature", "properties": { "hex_id": 567810, "centroid_lon": -73.63852308322349, "centroid_lat": 45.476193749808907, "occurrences_today": 4, "datetimes_today": "2026-09-21 08:32:07, 2026-09-21 08:46:45, 2026-09-21 09:01:49, 2026-09-21 09:16:56", "cumulative_total": 586.0 }, "geometry": { "type": "Polygon", "coordinates": [ [ [ -73.638648198042844, 45.470998386941233 ], [ -73.644980712304474, 45.473672122797765 ], [ -73.644856167759627, 45.478867496860872 ], [ -73.638397934247578, 45.481389107661329 ], [ -73.63206488387371, 45.478715003871748 ], [ -73.63219060311269, 45.473519657279198 ], [ -73.638648198042844, 45.470998386941233 ] ] ] } },
{ "type": "Feature", "properties": { "hex_id": 554380, "centroid_lon": -73.778889968660394, "centroid_lat": 45.493371307436661, "occurrences_today": 5, "datetimes_today": "2026-09-21 08:16:51, 2026-09-21 08:32:07, 2026-09-21 08:46:45, 2026-09-21 09:01:49, 2026-09-21 09:16:56", "cumulative_total": 94.0 }, "geometry": { "type": "Polygon", "coordinates": [ [ [ -73.779002253523885, 45.48817567290785 ], [ -73.785343478487704, 45.490841706135697 ], [ -73.78523176630577, 45.496037350474431 ], [ -73.778777653134952, 45.498566937002295 ], [ -73.7724358861567, 45.495900536941704 ], [ -73.77254877435341, 45.490704917250518 ], [ -73.779002253523885, 45.48817567290785 ] ] ] } },
{ "type": "Feature", "properties": { "hex_id": 775468, "centroid_lon": -71.377646153375707, "centroid_lat": 46.798748535107165, "occurrences_today": 10, "datetimes_today": "2026-09-21 00:01:49, 2026-09-21 00:16:40, 2026-09-21 00:32:40, 2026-09-21 00:46:59, 2026-09-21 01:01:51, 2026-09-21 01:16:40, 2026-09-21 01:31:48, 2026-09-21 01:46:52, 2026-09-21 02:01:46, 2026-09-21 02:17:02", "cumulative_total": 153.0 }, "geometry": { "type": "Polygon", "coordinates": [ [ [ -71.377994550524619, 46.793563304856555 ], [ -71.384359149809498, 46.79636294366442 ], [ -71.384011330054093, 46.801548207855717 ], [ -71.377297659666695, 46.803933758644824 ], [ -71.370932579565121, 46.801133714646518 ], [ -71.371281650634202, 46.795948525116259 ], [ -71.377994550524619, 46.793563304856555 ] ] ] } },
{ "type": "Feature", "properties": { "hex_id": 776689, "centroid_lon": -71.364568173556123, "centroid_lat": 46.798333333451602, "occurrences_today": 10, "datetimes_today": "2026-09-21 00:01:49, 2026-09-21 00:16:40, 2026-09-21 00:32:40, 2026-09-21 00:46:59, 2026-09-21 01:01:51, 2026-09-21 01:16:40, 2026-09-21 01:31:48, 2026-09-21 01:46:52, 2026-09-21 02:01:46, 2026-09-21 02:17:02", "cumulative_total": 185.0 }, "geometry": { "type": "Polygon", "coordinates": [ [ [ -71.364917821796141, 46.793148177988691 ], [ -71.371281650634202, 46.795948525116259 ], [ -71.370932579565121, 46.801133714646518 ], [ -71.36421842841122, 46.803518482187329 ], [ -71.357854119323918, 46.800717729767449 ], [ -71.358204441606176, 46.795532615165783 ], [ -71.364917821796141, 46.793148177988691 ] ] ] } },
{ "type": "Feature", "properties": { "hex_id": 766320, "centroid_lon": -71.466038726919066, "centroid_lat": 46.949607022364091, "occurrences_today": 11, "datetimes_today": "2026-09-21 00:01:49, 2026-09-21 00:16:40, 2026-09-21 00:32:40, 2026-09-21 00:46:59, 2026-09-21 01:01:51, 2026-09-21 01:16:40, 2026-09-21 01:31:48, 2026-09-21 01:46:52, 2026-09-21 02:01:46, 2026-09-21 02:17:02, 2026-09-21 02:31:51", "cumulative_total": 110.0 }, "geometry": { "type": "Polygon", "coordinates": [ [ [ -71.466380428745794, 46.944421428307891 ], [ -71.472767356081278, 46.947216691909276 ], [ -71.472426237788795, 46.9524023191439 ], [ -71.465696930185473, 46.954792609794204 ], [ -71.459309514239123, 46.95199693967308 ], [ -71.45965189447395, 46.946811385488516 ], [ -71.466380428745794, 46.944421428307891 ] ] ] } },
{ "type": "Feature", "properties": { "hex_id": 766930, "centroid_lon": -71.459994179644156, "centroid_lat": 46.941625824671206, "occurrences_today": 11, "datetimes_today": "2026-09-21 00:01:49, 2026-09-21 00:16:40, 2026-09-21 00:32:40, 2026-09-21 00:46:59, 2026-09-21 01:01:51, 2026-09-21 01:16:40, 2026-09-21 01:31:48, 2026-09-21 01:46:52, 2026-09-21 02:01:46, 2026-09-21 02:17:02, 2026-09-21 02:31:51", "cumulative_total": 73.0 }, "geometry": { "type": "Polygon", "coordinates": [ [ [ -71.460336369782794, 46.936440257221768 ], [ -71.46672203569868, 46.939235827626256 ], [ -71.466380428745794, 46.944421428307891 ], [ -71.45965189447395, 46.946811385488516 ], [ -71.453265740420363, 46.944015408623379 ], [ -71.453608608743309, 46.938829881105391 ], [ -71.460336369782794, 46.936440257221768 ] ] ] } },
{ "type": "Feature", "properties": { "hex_id": 766931, "centroid_lon": -71.458967038906621, "centroid_lat": 46.957182487224209, "occurrences_today": 11, "datetimes_today": "2026-09-21 00:01:49, 2026-09-21 00:16:40, 2026-09-21 00:32:40, 2026-09-21 00:46:59, 2026-09-21 01:01:51, 2026-09-21 01:16:40, 2026-09-21 01:31:48, 2026-09-21 01:46:52, 2026-09-21 02:01:46, 2026-09-21 02:17:02, 2026-09-21 02:31:51", "cumulative_total": 90.0 }, "geometry": { "type": "Polygon", "coordinates": [ [ [ -71.459309514239123, 46.95199693967308 ], [ -71.465696930185473, 46.954792609794204 ], [ -71.465355038512016, 46.959978190597568 ], [ -71.458624468443347, 46.962368028141285 ], [ -71.452236563985281, 46.959571951338049 ], [ -71.452579718074489, 46.954386443740361 ], [ -71.459309514239123, 46.95199693967308 ] ] ] } },
{ "type": "Feature", "properties": { "hex_id": 767541, "centroid_lon": -71.452922776875141, "centroid_lat": 46.94920092950192, "occurrences_today": 11, "datetimes_today": "2026-09-21 00:01:49, 2026-09-21 00:16:40, 2026-09-21 00:32:40, 2026-09-21 00:46:59, 2026-09-21 01:01:51, 2026-09-21 01:16:40, 2026-09-21 01:31:48, 2026-09-21 01:46:52, 2026-09-21 02:01:46, 2026-09-21 02:17:02, 2026-09-21 02:31:51", "cumulative_total": 73.0 }, "geometry": { "type": "Polygon", "coordinates": [ [ [ -71.453265740420363, 46.944015408623379 ], [ -71.45965189447395, 46.946811385488516 ], [ -71.459309514239123, 46.95199693967308 ], [ -71.452579718074489, 46.954386443740361 ], [ -71.446193075982478, 46.951590060252229 ], [ -71.446536718060415, 46.946404579386936 ], [ -71.453265740420363, 46.944015408623379 ] ] ] } },
{ "type": "Feature", "properties": { "hex_id": 553156, "centroid_lon": -73.792684196519957, "centroid_lat": 45.446746282265444, "occurrences_today": 7, "datetimes_today": "2026-09-21 07:47:19, 2026-09-21 08:01:53, 2026-09-21 08:16:51, 2026-09-21 08:32:07, 2026-09-21 08:46:45, 2026-09-21 09:01:49, 2026-09-21 09:16:56", "cumulative_total": 97.0 }, "geometry": { "type": "Polygon", "coordinates": [ [ [ -73.792795032901395, 45.44155057859431 ], [ -73.799131742653017, 45.444215820621622 ], [ -73.799021477732609, 45.449411533956201 ], [ -73.792573329888839, 45.451941980978354 ], [ -73.786236078930912, 45.449276372837005 ], [ -73.786347517012928, 45.444080683851951 ], [ -73.792795032901395, 45.44155057859431 ] ] ] } },
{ "type": "Feature", "properties": { "hex_id": 553164, "centroid_lon": -73.790015025089872, "centroid_lat": 45.571441682776708, "occurrences_today": 7, "datetimes_today": "2026-09-21 07:47:19, 2026-09-21 08:01:53, 2026-09-21 08:16:51, 2026-09-21 08:32:07, 2026-09-21 08:46:45, 2026-09-21 09:01:49, 2026-09-21 09:16:56", "cumulative_total": 222.0 }, "geometry": { "type": "Polygon", "coordinates": [ [ [ -73.790126590270845, 45.566246098118398 ], [ -73.796477057952913, 45.568911572672896 ], [ -73.796366067965565, 45.574107167047281 ], [ -73.789903429414608, 45.576637262475458 ], [ -73.783552417038337, 45.573971420205275 ], [ -73.783664587896965, 45.568775850287295 ], [ -73.790126590270845, 45.566246098118398 ] ] ] } },
{ "type": "Feature", "properties": { "hex_id": 779133, "centroid_lon": -71.336298135711019, "centroid_lat": 46.828608344358699, "occurrences_today": 11, "datetimes_today": "2026-09-21 00:01:49, 2026-09-21 00:16:40, 2026-09-21 00:32:40, 2026-09-21 00:46:59, 2026-09-21 01:01:51, 2026-09-21 01:16:40, 2026-09-21 01:31:48, 2026-09-21 01:46:52, 2026-09-21 02:01:46, 2026-09-21 02:17:02, 2026-09-21 02:31:51", "cumulative_total": 52.0 }, "geometry": { "type": "Polygon", "coordinates": [ [ [ -71.336650871904425, 46.823423379818955 ], [ -71.343016621133543, 46.826225349082861 ], [ -71.342664462599018, 46.831410347984139 ], [ -71.335945301720159, 46.833793302138432 ], [ -71.329579072646567, 46.830990926937424 ], [ -71.329932484262386, 46.825806003586003 ], [ -71.336650871904425, 46.823423379818955 ] ] ] } },
{ "type": "Feature", "properties": { "hex_id": 779743, "centroid_lon": -71.330285797925043, "centroid_lat": 46.820621073467748, "occurrences_today": 10, "datetimes_today": "2026-09-21 00:01:49, 2026-09-21 00:16:40, 2026-09-21 00:32:40, 2026-09-21 00:46:59, 2026-09-21 01:01:51, 2026-09-21 01:16:40, 2026-09-21 01:31:48, 2026-09-21 01:46:52, 2026-09-21 02:01:46, 2026-09-21 02:17:02", "cumulative_total": 120.0 }, "geometry": { "type": "Polygon", "coordinates": [ [ [ -71.330639013668502, 46.81543613658333 ], [ -71.33700351033427, 46.818238408519953 ], [ -71.336650871904425, 46.823423379818955 ], [ -71.329932484262386, 46.825806003586003 ], [ -71.323567508219199, 46.8230033257719 ], [ -71.323921399161534, 46.817818430134999 ], [ -71.330639013668502, 46.81543613658333 ] ] ] } },
{ "type": "Feature", "properties": { "hex_id": 780354, "centroid_lon": -71.323213519168078, "centroid_lat": 46.828188214635098, "occurrences_today": 11, "datetimes_today": "2026-09-21 00:01:49, 2026-09-21 00:16:40, 2026-09-21 00:32:40, 2026-09-21 00:46:59, 2026-09-21 01:01:51, 2026-09-21 01:16:40, 2026-09-21 01:31:48, 2026-09-21 01:46:52, 2026-09-21 02:01:46, 2026-09-21 02:17:02, 2026-09-21 02:31:51", "cumulative_total": 212.0 }, "geometry": { "type": "Polygon", "coordinates": [ [ [ -71.323567508219199, 46.8230033257719 ], [ -71.329932484262386, 46.825806003586003 ], [ -71.329579072646567, 46.830990926937424 ], [ -71.322859431974138, 46.833373096723868 ], [ -71.316493976655465, 46.830570012871078 ], [ -71.316848641250701, 46.825385165337281 ], [ -71.323567508219199, 46.8230033257719 ] ] ] } },
{ "type": "Feature", "properties": { "hex_id": 779745, "centroid_lon": -71.328164445972305, "centroid_lat": 46.851730552660612, "occurrences_today": 10, "datetimes_today": "2026-09-21 00:01:49, 2026-09-21 00:16:40, 2026-09-21 00:32:40, 2026-09-21 00:46:59, 2026-09-21 01:01:51, 2026-09-21 01:16:40, 2026-09-21 01:31:48, 2026-09-21 01:46:52, 2026-09-21 02:01:46, 2026-09-21 02:17:02", "cumulative_total": 260.0 }, "geometry": { "type": "Polygon", "coordinates": [ [ [ -71.328518249740497, 46.846545656383597 ], [ -71.334886212623786, 46.849348134910713 ], [ -71.334532987103927, 46.854533065643508 ], [ -71.327810544081004, 46.856915442167306 ], [ -71.321442101089502, 46.854112557320803 ], [ -71.321796581195102, 46.848927702336702 ], [ -71.328518249740497, 46.846545656383597 ] ] ] } },
{ "type": "Feature", "properties": { "hex_id": 780355, "centroid_lon": -71.322150963021699, "centroid_lat": 46.843742840575381, "occurrences_today": 10, "datetimes_today": "2026-09-21 00:01:49, 2026-09-21 00:16:40, 2026-09-21 00:32:40, 2026-09-21 00:46:59, 2026-09-21 01:01:51, 2026-09-21 01:16:40, 2026-09-21 01:31:48, 2026-09-21 01:46:52, 2026-09-21 02:01:46, 2026-09-21 02:17:02", "cumulative_total": 86.0 }, "geometry": { "type": "Polygon", "coordinates": [ [ [ -71.322505246603356, 46.838557972037542 ], [ -71.328871955419615, 46.841360753336915 ], [ -71.328518249740497, 46.846545656383597 ], [ -71.321796581195102, 46.848927702336702 ], [ -71.315429392738267, 46.846124514777685 ], [ -71.31578435243334, 46.840939687591984 ], [ -71.322505246603356, 46.838557972037542 ] ] ] } },
{ "type": "Feature", "properties": { "hex_id": 780966, "centroid_lon": -71.315074334608354, "centroid_lat": 46.851309335179245, "occurrences_today": 10, "datetimes_today": "2026-09-21 00:01:49, 2026-09-21 00:16:40, 2026-09-21 00:32:40, 2026-09-21 00:46:59, 2026-09-21 01:01:51, 2026-09-21 01:16:40, 2026-09-21 01:31:48, 2026-09-21 01:46:52, 2026-09-21 02:01:46, 2026-09-21 02:17:02", "cumulative_total": 110.0 }, "geometry": { "type": "Polygon", "coordinates": [ [ [ -71.315429392738267, 46.846124514777685 ], [ -71.321796581195102, 46.848927702336702 ], [ -71.321442101089502, 46.854112557320803 ], [ -71.314719178009469, 46.856494148796017 ], [ -71.308351510014376, 46.853690554816033 ], [ -71.308707244603426, 46.848505775848608 ], [ -71.315429392738267, 46.846124514777685 ] ] ] } },
{ "type": "Feature", "properties": { "hex_id": 573918, "centroid_lon": -73.573390407378994, "centroid_lat": 45.522170230109374, "occurrences_today": 4, "datetimes_today": "2026-09-21 08:32:07, 2026-09-21 08:46:45, 2026-09-21 09:01:49, 2026-09-21 09:16:56", "cumulative_total": 639.0 }, "geometry": { "type": "Polygon", "coordinates": [ [ [ -73.573521716689626, 45.516975053175138 ], [ -73.579856163526955, 45.519652404387834 ], [ -73.579725424991892, 45.52484759317236 ], [ -73.573259062201871, 45.527365402001962 ], [ -73.56692408046149, 45.524687681666094 ], [ -73.567055996402132, 45.519492521688299 ], [ -73.573521716689626, 45.516975053175138 ] ] ] } },
{ "type": "Feature", "properties": { "hex_id": 443926, "centroid_lon": -74.936299034562524, "centroid_lat": 46.224789365681772, "occurrences_today": 2, "datetimes_today": "2026-09-21 07:31:44, 2026-09-21 07:47:19", "cumulative_total": 223.0 }, "geometry": { "type": "Polygon", "coordinates": [ [ [ -74.936305043798882, 46.219593220467594 ], [ -74.94278528824465, 46.222194722020468 ], [ -74.942779889890346, 46.22739086548053 ], [ -74.936293023669847, 46.229985506151152 ], [ -74.929812169998613, 46.227383639821177 ], [ -74.929818791772774, 46.222187497663988 ], [ -74.936305043798882, 46.219593220467594 ] ] ] } },
{ "type": "Feature", "properties": { "hex_id": 782795, "centroid_lon": -71.298114357420644, "centroid_lat": 46.8117892462176, "occurrences_today": 35, "datetimes_today": "2026-09-21 00:01:49, 2026-09-21 00:16:40, 2026-09-21 00:32:40, 2026-09-21 00:46:59, 2026-09-21 01:01:51, 2026-09-21 01:16:40, 2026-09-21 01:31:48, 2026-09-21 01:46:52, 2026-09-21 02:01:46, 2026-09-21 02:17:02, 2026-09-21 03:16:44, 2026-09-21 03:31:54, 2026-09-21 03:46:49, 2026-09-21 04:01:41, 2026-09-21 04:16:50, 2026-09-21 04:31:56, 2026-09-21 04:46:54, 2026-09-21 05:02:35, 2026-09-21 05:16:47, 2026-09-21 05:31:46, 2026-09-21 05:46:41, 2026-09-21 06:01:42, 2026-09-21 06:16:49, 2026-09-21 06:31:42, 2026-09-21 06:46:49, 2026-09-21 07:02:45, 2026-09-21 07:16:53, 2026-09-21 07:31:44, 2026-09-21 07:47:19, 2026-09-21 08:01:53, 2026-09-21 08:16:51, 2026-09-21 08:32:07, 2026-09-21 08:46:45, 2026-09-21 09:01:49, 2026-09-21 09:16:56", "cumulative_total": 231.0 }, "geometry": { "type": "Polygon", "coordinates": [ [ [ -71.298470555586036, 46.806604489104643 ], [ -71.304832253826248, 46.80940847930556 ], [ -71.304476632182315, 46.814593271139238 ], [ -71.297758060524558, 46.816973996529271 ], [ -71.291395884510692, 46.814169600307828 ], [ -71.291752757894045, 46.808984884783577 ], [ -71.298470555586036, 46.806604489104643 ] ] ] } },
{ "type": "Feature", "properties": { "hex_id": 782796, "centroid_lon": -71.297045170403379, "centroid_lat": 46.82734347674598, "occurrences_today": 10, "datetimes_today": "2026-09-21 00:01:49, 2026-09-21 00:16:40, 2026-09-21 00:32:40, 2026-09-21 00:46:59, 2026-09-21 01:01:51, 2026-09-21 01:16:40, 2026-09-21 01:31:48, 2026-09-21 01:46:52, 2026-09-21 02:01:46, 2026-09-21 02:17:02", "cumulative_total": 37.0 }, "geometry": { "type": "Polygon", "coordinates": [ [ [ -71.297401664863543, 46.822158740038979 ], [ -71.303765093134288, 46.82496283442277 ], [ -71.303409175661869, 46.830147605871225 ], [ -71.296688577109833, 46.83252820664957 ], [ -71.290324670701864, 46.829723706024311 ], [ -71.290681840948906, 46.824539010928895 ], [ -71.297401664863543, 46.822158740038979 ] ] ] } },
{ "type": "Feature", "properties": { "hex_id": 783406, "centroid_lon": -71.291038912207071, "centroid_lat": 46.819354309023183, "occurrences_today": 10, "datetimes_today": "2026-09-21 00:01:49, 2026-09-21 00:16:40, 2026-09-21 00:32:40, 2026-09-21 00:46:59, 2026-09-21 01:01:51, 2026-09-21 01:16:40, 2026-09-21 01:31:48, 2026-09-21 01:46:52, 2026-09-21 02:01:46, 2026-09-21 02:17:02", "cumulative_total": 206.0 }, "geometry": { "type": "Polygon", "coordinates": [ [ [ -71.291395884510692, 46.814169600307828 ], [ -71.297758060524558, 46.816973996529271 ], [ -71.297401664863543, 46.822158740038979 ], [ -71.290681840948906, 46.824539010928895 ], [ -71.284319187264117, 46.821734208525875 ], [ -71.284676835130625, 46.816549541481209 ], [ -71.291395884510692, 46.814169600307828 ] ] ] } },
{ "type": "Feature", "properties": { "hex_id": 779132, "centroid_lon": -71.337356051034419, "centroid_lat": 46.813053430462325, "occurrences_today": 11, "datetimes_today": "2026-09-21 00:01:49, 2026-09-21 00:16:40, 2026-09-21 00:32:40, 2026-09-21 00:46:59, 2026-09-21 01:01:51, 2026-09-21 01:16:40, 2026-09-21 01:31:48, 2026-09-21 01:46:52, 2026-09-21 02:01:46, 2026-09-21 02:17:02, 2026-09-21 02:31:51", "cumulative_total": 110.0 }, "geometry": { "type": "Polygon", "coordinates": [ [ [ -71.337708494038765, 46.807868445646804 ], [ -71.344072511225448, 46.810670311867092 ], [ -71.343720645412958, 46.815855331023648 ], [ -71.33700351033427, 46.818238408519953 ], [ -71.330639013668502, 46.81543613658333 ], [ -71.330992131526642, 46.810251192933478 ], [ -71.337708494038765, 46.807868445646804 ] ] ] } },
{ "type": "Feature", "properties": { "hex_id": 780353, "centroid_lon": -71.324275192029035, "centroid_lat": 46.812633527725069, "occurrences_today": 10, "datetimes_today": "2026-09-21 00:01:49, 2026-09-21 00:16:40, 2026-09-21 00:32:40, 2026-09-21 00:46:59, 2026-09-21 01:01:51, 2026-09-21 01:16:40, 2026-09-21 01:31:48, 2026-09-21 01:46:52, 2026-09-21 02:01:46, 2026-09-21 02:17:02", "cumulative_total": 113.0 }, "geometry": { "type": "Polygon", "coordinates": [ [ [ -71.32462888685572, 46.807448618542857 ], [ -71.330992131526642, 46.810251192933478 ], [ -71.330639013668502, 46.81543613658333 ], [ -71.323921399161534, 46.817818430134999 ], [ -71.317557675579906, 46.81501544992652 ], [ -71.317912045381973, 46.809830582050964 ], [ -71.32462888685572, 46.807448618542857 ] ] ] } },
{ "type": "Feature", "properties": { "hex_id": 769367, "centroid_lon": -71.438927288064932, "centroid_lat": 46.863028851825696, "occurrences_today": 8, "datetimes_today": "2026-09-21 00:01:49, 2026-09-21 00:16:40, 2026-09-21 00:32:40, 2026-09-21 00:46:59, 2026-09-21 01:01:51, 2026-09-21 01:16:40, 2026-09-21 01:31:48, 2026-09-21 01:46:52", "cumulative_total": 201.0 }, "geometry": { "type": "Polygon", "coordinates": [ [ [ -71.439270568457616, 46.857843331403323 ], [ -71.445645965333128, 46.860639826095706 ], [ -71.445303265321712, 46.865825379904884 ], [ -71.438583912441487, 46.86821436559773 ], [ -71.43220803043198, 46.865417465344102 ], [ -71.432551986403638, 46.860231985025791 ], [ -71.439270568457616, 46.857843331403323 ] ] ] } },
{ "type": "Feature", "properties": { "hex_id": 769977, "centroid_lon": -71.432895846987876, "centroid_lat": 46.855046498050406, "occurrences_today": 19, "datetimes_today": "2026-09-21 00:01:49, 2026-09-21 00:16:40, 2026-09-21 00:32:40, 2026-09-21 00:46:59, 2026-09-21 01:01:51, 2026-09-21 01:16:40, 2026-09-21 01:31:48, 2026-09-21 01:46:52, 2026-09-21 02:01:46, 2026-09-21 02:17:02, 2026-09-21 02:31:51, 2026-09-21 07:31:44, 2026-09-21 07:47:19, 2026-09-21 08:01:53, 2026-09-21 08:16:51, 2026-09-21 08:32:07, 2026-09-21 08:46:45, 2026-09-21 09:01:49, 2026-09-21 09:16:56", "cumulative_total": 59.0 }, "geometry": { "type": "Polygon", "coordinates": [ [ [ -71.433239612217747, 46.849861004418642 ], [ -71.439613753652608, 46.852657804331223 ], [ -71.439270568457616, 46.857843331403323 ], [ -71.432551986403638, 46.860231985025791 ], [ -71.426177360304777, 46.857434779611019 ], [ -71.426521800890839, 46.852249326142839 ], [ -71.433239612217747, 46.849861004418642 ] ] ] } },
{ "type": "Feature", "properties": { "hex_id": 770588, "centroid_lon": -71.425832824174677, "centroid_lat": 46.862620226415416, "occurrences_today": 11, "datetimes_today": "2026-09-21 00:01:49, 2026-09-21 00:16:40, 2026-09-21 00:32:40, 2026-09-21 00:46:59, 2026-09-21 01:01:51, 2026-09-21 01:16:40, 2026-09-21 01:31:48, 2026-09-21 01:46:52, 2026-09-21 02:01:46, 2026-09-21 02:17:02, 2026-09-21 02:31:51", "cumulative_total": 155.0 }, "geometry": { "type": "Polygon", "coordinates": [ [ [ -71.426177360304777, 46.857434779611019 ], [ -71.432551986403638, 46.860231985025791 ], [ -71.43220803043198, 46.865417465344102 ], [ -71.425488192467341, 46.867805666555412 ], [ -71.419113081803843, 46.865008055476729 ], [ -71.419458293636453, 46.85982264891755 ], [ -71.426177360304777, 46.857434779611019 ] ] ] } },
{ "type": "Feature", "properties": { "hex_id": 538538, "centroid_lon": -73.936098545321428, "centroid_lat": 45.978228949949731, "occurrences_today": 3, "datetimes_today": "2026-09-21 08:46:45, 2026-09-21 09:01:49, 2026-09-21 09:16:56", "cumulative_total": 139.0 }, "geometry": { "type": "Polygon", "coordinates": [ [ [ -73.936198043659601, 45.973033473496585 ], [ -73.942601613383189, 45.975691108832869 ], [ -73.942502704743063, 45.98088659362714 ], [ -73.935999019649117, 45.983424421491151 ], [ -73.929594887566267, 45.980766414641863 ], [ -73.929695002927346, 45.975570951507223 ], [ -73.936198043659601, 45.973033473496585 ] ] ] } },
{ "type": "Feature", "properties": { "hex_id": 539148, "centroid_lon": -73.929795090793291, "centroid_lat": 45.970375483458881, "occurrences_today": 3, "datetimes_today": "2026-09-21 08:46:45, 2026-09-21 09:01:49, 2026-09-21 09:16:56", "cumulative_total": 126.0 }, "geometry": { "type": "Polygon", "coordinates": [ [ [ -73.929895151173469, 45.96518001049683 ], [ -73.93629751467293, 45.967837992131756 ], [ -73.936198043659601, 45.973033473496585 ], [ -73.929695002927346, 45.975570951507223 ], [ -73.92329207755148, 45.972912598399631 ], [ -73.923392754774952, 45.967717138819673 ], [ -73.929895151173469, 45.96518001049683 ] ] ] } },
{ "type": "Feature", "properties": { "hex_id": 539149, "centroid_lon": -73.929494744700719, "centroid_lat": 45.985961872862752, "occurrences_today": 3, "datetimes_today": "2026-09-21 08:46:45, 2026-09-21 09:01:49, 2026-09-21 09:16:56", "cumulative_total": 77.0 }, "geometry": { "type": "Polygon", "coordinates": [ [ [ -73.929594887566267, 45.980766414641863 ], [ -73.935999019649117, 45.983424421491151 ], [ -73.935899466633359, 45.988619888120844 ], [ -73.929394574321378, 45.991157326169876 ], [ -73.922989879907234, 45.98849894764497 ], [ -73.923090640127029, 45.983303502812298 ], [ -73.929594887566267, 45.980766414641863 ] ] ] } },
{ "type": "Feature", "properties": { "hex_id": 539759, "centroid_lon": -73.923191372671965, "centroid_lat": 45.978108053063849, "occurrences_today": 3, "datetimes_today": "2026-09-21 08:46:45, 2026-09-21 09:01:49, 2026-09-21 09:16:56", "cumulative_total": 180.0 }, "geometry": { "type": "Polygon", "coordinates": [ [ [ -73.92329207755148, 45.972912598399631 ], [ -73.929695002927346, 45.975570951507223 ], [ -73.929594887566267, 45.980766414641863 ], [ -73.923090640127029, 45.983303502812298 ], [ -73.916687152902881, 45.980644778069482 ], [ -73.916788474956846, 45.975449336857089 ], [ -73.92329207755148, 45.972912598399631 ] ] ] } },
{ "type": "Feature", "properties": { "hex_id": 540369, "centroid_lon": -73.916889769184479, "centroid_lat": 45.97025389072693, "occurrences_today": 3, "datetimes_today": "2026-09-21 08:46:45, 2026-09-21 09:01:49, 2026-09-21 09:16:56", "cumulative_total": 130.0 }, "geometry": { "type": "Polygon", "coordinates": [ [ [ -73.916991035595203, 45.965058439678998 ], [ -73.923392754774952, 45.967717138819673 ], [ -73.92329207755148, 45.972912598399631 ], [ -73.916788474956846, 45.975449336857089 ], [ -73.910386194411473, 45.972790266121599 ], [ -73.910488077816908, 45.967594828589071 ], [ -73.916991035595203, 45.965058439678998 ] ] ] } },
{ "type": "Feature", "properties": { "hex_id": 540370, "centroid_lon": -73.916585803013064, "centroid_lat": 45.985840214364053, "occurrences_today": 3, "datetimes_today": "2026-09-21 08:46:45, 2026-09-21 09:01:49, 2026-09-21 09:16:56", "cumulative_total": 107.0 }, "geometry": { "type": "Polygon", "coordinates": [ [ [ -73.916687152902881, 45.980644778069482 ], [ -73.923090640127029, 45.983303502812298 ], [ -73.922989879907234, 45.98849894764497 ], [ -73.916484425278, 45.991035645740801 ], [ -73.91008037623385, 45.988376549200176 ], [ -73.910182343629458, 45.983181126427183 ], [ -73.916687152902881, 45.980644778069482 ] ] ] } },
{ "type": "Feature", "properties": { "hex_id": 819430, "centroid_lon": -70.899930071689027, "centroid_lat": 46.876143670920655, "occurrences_today": 1, "datetimes_today": "2026-09-21 09:16:56", "cumulative_total": 55.0 }, "geometry": { "type": "Polygon", "coordinates": [ [ [ -70.900325408891135, 46.870961432112445 ], [ -70.90667225034953, 46.873787152158641 ], [ -70.906277485187687, 46.878969429578767 ], [ -70.899534624864629, 46.881325902455742 ], [ -70.893187321007247, 46.878499772297978 ], [ -70.893583339833881, 46.873317579441441 ], [ -70.900325408891135, 46.870961432112445 ] ] ] } },
{ "type": "Feature", "properties": { "hex_id": 368784, "centroid_lon": -75.723474718545887, "centroid_lat": 45.435245314715097, "occurrences_today": 5, "datetimes_today": "2026-09-21 08:16:51, 2026-09-21 08:32:07, 2026-09-21 08:46:45, 2026-09-21 09:01:49, 2026-09-21 09:16:56", "cumulative_total": 347.0 }, "geometry": { "type": "Polygon", "coordinates": [ [ [ -75.723408324179601, 45.430048859992297 ], [ -75.729833237529874, 45.432606425314596 ], [ -75.729900227513895, 45.437802870297581 ], [ -75.723541131032718, 45.440441764613844 ], [ -75.71711560394111, 45.437883852538462 ], [ -75.717049787078082, 45.432687392964347 ], [ -75.723408324179601, 45.430048859992297 ] ] ] } },
{ "type": "Feature", "properties": { "hex_id": 569028, "centroid_lon": -73.626867802319879, "centroid_lat": 45.429282356483697, "occurrences_today": 2, "datetimes_today": "2026-09-21 09:01:49, 2026-09-21 09:16:56", "cumulative_total": 545.0 }, "geometry": { "type": "Polygon", "coordinates": [ [ [ -73.626993781882803, 45.424086976033955 ], [ -73.633320533647279, 45.426761312157936 ], [ -73.633195122793779, 45.431956703907211 ], [ -73.626741788383825, 45.434477731913866 ], [ -73.620414502288838, 45.431803028341051 ], [ -73.620541084922792, 45.426607664274734 ], [ -73.626993781882803, 45.424086976033955 ] ] ] } },
{ "type": "Feature", "properties": { "hex_id": 779131, "centroid_lon": -71.338413087095276, "centroid_lat": 46.797498455744837, "occurrences_today": 10, "datetimes_today": "2026-09-21 00:01:49, 2026-09-21 00:16:40, 2026-09-21 00:32:40, 2026-09-21 00:46:59, 2026-09-21 01:01:51, 2026-09-21 01:16:40, 2026-09-21 01:31:48, 2026-09-21 01:46:52, 2026-09-21 02:01:46, 2026-09-21 02:17:02", "cumulative_total": 105.0 }, "geometry": { "type": "Polygon", "coordinates": [ [ [ -71.338765237215114, 46.792313450659798 ], [ -71.34512752375953, 46.795115213897994 ], [ -71.344775950364976, 46.800300253303561 ], [ -71.3380608393811, 46.802683454074078 ], [ -71.331698073722677, 46.799881285340206 ], [ -71.332050898128315, 46.794696321398206 ], [ -71.338765237215114, 46.792313450659798 ] ] ] } },
{ "type": "Feature", "properties": { "hex_id": 780352, "centroid_lon": -71.325335982522375, "centroid_lat": 46.797078779864293, "occurrences_today": 10, "datetimes_today": "2026-09-21 00:01:49, 2026-09-21 00:16:40, 2026-09-21 00:32:40, 2026-09-21 00:46:59, 2026-09-21 01:01:51, 2026-09-21 01:16:40, 2026-09-21 01:31:48, 2026-09-21 01:46:52, 2026-09-21 02:01:46, 2026-09-21 02:17:02", "cumulative_total": 90.0 }, "geometry": { "type": "Polygon", "coordinates": [ [ [ -71.32568938343023, 46.79189385036937 ], [ -71.332050898128315, 46.794696321398206 ], [ -71.331698073722677, 46.799881285340206 ], [ -71.324982483675527, 46.802263702589023 ], [ -71.318620490431201, 46.799460825963017 ], [ -71.318974565746359, 46.794275937752047 ], [ -71.32568938343023, 46.79189385036937 ] ] ] } },
{ "type": "Feature", "properties": { "hex_id": 585533, "centroid_lon": -73.445119167156378, "centroid_lat": 45.762143337268888, "occurrences_today": 2, "datetimes_today": "2026-09-21 07:02:45, 2026-09-21 07:16:53", "cumulative_total": 263.0 }, "geometry": { "type": "Polygon", "coordinates": [ [ [ -73.445263482222146, 45.756948682589844 ], [ -73.451618432356341, 45.759633311193902 ], [ -73.451474693579812, 45.764827979054438 ], [ -73.444974812558556, 45.767337986849412 ], [ -73.438619325673869, 45.764652984870288 ], [ -73.438764256547572, 45.759458348536327 ], [ -73.445263482222146, 45.756948682589844 ] ] ] } },
{ "type": "Feature", "properties": { "hex_id": 581857, "centroid_lon": -73.489144396281048, "centroid_lat": 45.560062827144698, "occurrences_today": 2, "datetimes_today": "2026-09-21 09:01:49, 2026-09-21 09:16:56", "cumulative_total": 140.0 }, "geometry": { "type": "Polygon", "coordinates": [ [ [ -73.489283641876099, 45.55486788096897 ], [ -73.495618180127678, 45.557549890729995 ], [ -73.495479505301859, 45.562744849597891 ], [ -73.489005112635795, 45.565257768242866 ], [ -73.482670041671597, 45.562575388094373 ], [ -73.482809896073277, 45.557380459752977 ], [ -73.489283641876099, 45.55486788096897 ] ] ] } },
{ "type": "Feature", "properties": { "hex_id": 583078, "centroid_lon": -73.476335579675037, "centroid_lat": 45.55989266304455, "occurrences_today": 2, "datetimes_today": "2026-09-21 09:01:49, 2026-09-21 09:16:56", "cumulative_total": 245.0 }, "geometry": { "type": "Polygon", "coordinates": [ [ [ -73.476476004665741, 45.554697747521764 ], [ -73.482809896073277, 45.557380459752977 ], [ -73.482670041671597, 45.562575388094373 ], [ -73.476195116312155, 45.56508757348417 ], [ -73.469860692694226, 45.562404490748897 ], [ -73.470001726633257, 45.557209593192475 ], [ -73.476476004665741, 45.554697747521764 ] ] ] } },
{ "type": "Feature", "properties": { "hex_id": 569648, "centroid_lon": -73.616856123450333, "centroid_lat": 45.577271182916924, "occurrences_today": 5, "datetimes_today": "2026-09-21 08:16:51, 2026-09-21 08:32:07, 2026-09-21 08:46:45, 2026-09-21 09:01:49, 2026-09-21 09:16:56", "cumulative_total": 589.0 }, "geometry": { "type": "Polygon", "coordinates": [ [ [ -73.616983677556973, 45.572075959500729 ], [ -73.623326376866615, 45.574750970840078 ], [ -73.623199395788561, 45.579946205690064 ], [ -73.616728534479023, 45.582466401308771 ], [ -73.610385297011291, 45.579791020552577 ], [ -73.610513458999463, 45.574595813659208 ], [ -73.616983677556973, 45.572075959500729 ] ] ] } },
{ "type": "Feature", "properties": { "hex_id": 536705, "centroid_lon": -73.955898844661675, "centroid_lat": 45.955027734987588, "occurrences_today": 3, "datetimes_today": "2026-09-21 08:46:45, 2026-09-21 09:01:49, 2026-09-21 09:16:56", "cumulative_total": 120.0 }, "geometry": { "type": "Polygon", "coordinates": [ [ [ -73.955996412481269, 45.949832204267864 ], [ -73.962398294961176, 45.952488726040436 ], [ -73.962301316384313, 45.957684264898539 ], [ -73.955801250045923, 45.960223260801676 ], [ -73.949398805124005, 45.957566368003725 ], [ -73.949496988973394, 45.952370850393592 ], [ -73.955996412481269, 45.949832204267864 ] ] ] } },
{ "type": "Feature", "properties": { "hex_id": 537926, "centroid_lon": -73.942996976397282, "centroid_lat": 45.954909120559009, "occurrences_today": 3, "datetimes_today": "2026-09-21 08:46:45, 2026-09-21 09:01:49, 2026-09-21 09:16:56", "cumulative_total": 127.0 }, "geometry": { "type": "Polygon", "coordinates": [ [ [ -73.943095749310302, 45.94971361121646 ], [ -73.949496988973394, 45.952370850393592 ], [ -73.949398805124005, 45.957566368003725 ], [ -73.942898176357275, 45.960104624991921 ], [ -73.936496374762129, 45.957447014667139 ], [ -73.936595763856587, 45.95225151856738 ], [ -73.943095749310302, 45.94971361121646 ] ] ] } },
{ "type": "Feature", "properties": { "hex_id": 773640, "centroid_lon": -71.393619397574113, "centroid_lat": 46.853814226986181, "occurrences_today": 11, "datetimes_today": "2026-09-21 00:01:49, 2026-09-21 00:16:40, 2026-09-21 00:32:40, 2026-09-21 00:46:59, 2026-09-21 01:01:51, 2026-09-21 01:16:40, 2026-09-21 01:31:48, 2026-09-21 01:46:52, 2026-09-21 02:01:46, 2026-09-21 02:17:02, 2026-09-21 02:31:51", "cumulative_total": 150.0 }, "geometry": { "type": "Polygon", "coordinates": [ [ [ -71.393966928009789, 46.848628955351849 ], [ -71.400338756004103, 46.851427886067661 ], [ -71.39999180493453, 46.856613191523415 ], [ -71.393271770745443, 46.858999491921779 ], [ -71.386899459794748, 46.856200155396358 ], [ -71.387247665956082, 46.851014924349045 ], [ -71.393966928009789, 46.848628955351849 ] ] ] } },
{ "type": "Feature", "properties": { "hex_id": 774250, "centroid_lon": -71.387595775568087, "centroid_lat": 46.845829686596204, "occurrences_today": 11, "datetimes_today": "2026-09-21 00:01:49, 2026-09-21 00:16:40, 2026-09-21 00:32:40, 2026-09-21 00:46:59, 2026-09-21 01:01:51, 2026-09-21 01:16:40, 2026-09-21 01:31:48, 2026-09-21 01:46:52, 2026-09-21 02:01:46, 2026-09-21 02:17:02, 2026-09-21 02:31:51", "cumulative_total": 198.0 }, "geometry": { "type": "Polygon", "coordinates": [ [ [ -71.387943788664259, 46.840644442138533 ], [ -71.394314362085893, 46.843443677019437 ], [ -71.393966928009789, 46.848628955351849 ], [ -71.387247665956082, 46.851014924349045 ], [ -71.380876610046954, 46.848215283717856 ], [ -71.38122529864556, 46.843030079906612 ], [ -71.387943788664259, 46.840644442138533 ] ] ] } },
{ "type": "Feature", "properties": { "hex_id": 774251, "centroid_lon": -71.386551157050604, "centroid_lat": 46.861385379737477, "occurrences_today": 11, "datetimes_today": "2026-09-21 00:01:49, 2026-09-21 00:16:40, 2026-09-21 00:32:40, 2026-09-21 00:46:59, 2026-09-21 01:01:51, 2026-09-21 01:16:40, 2026-09-21 01:31:48, 2026-09-21 01:46:52, 2026-09-21 02:01:46, 2026-09-21 02:17:02, 2026-09-21 02:31:51", "cumulative_total": 171.0 }, "geometry": { "type": "Polygon", "coordinates": [ [ [ -71.386899459794748, 46.856200155396358 ], [ -71.393271770745443, 46.858999491921779 ], [ -71.392924047490325, 46.864184750157932 ], [ -71.386202757690128, 46.866570597371748 ], [ -71.379829963883509, 46.863770854875149 ], [ -71.380178942699487, 46.858585671202803 ], [ -71.386899459794748, 46.856200155396358 ] ] ] } },
{ "type": "Feature", "properties": { "hex_id": 774861, "centroid_lon": -71.380527824742785, "centroid_lat": 46.853400480816802, "occurrences_today": 11, "datetimes_today": "2026-09-21 00:01:49, 2026-09-21 00:16:40, 2026-09-21 00:32:40, 2026-09-21 00:46:59, 2026-09-21 01:01:51, 2026-09-21 01:16:40, 2026-09-21 01:31:48, 2026-09-21 01:46:52, 2026-09-21 02:01:46, 2026-09-21 02:17:02, 2026-09-21 02:31:51", "cumulative_total": 369.0 }, "geometry": { "type": "Polygon", "coordinates": [ [ [ -71.380876610046954, 46.848215283717856 ], [ -71.387247665956082, 46.851014924349045 ], [ -71.386899459794748, 46.856200155396358 ], [ -71.380178942699487, 46.858585671202803 ], [ -71.373807404403422, 46.855785624659816 ], [ -71.374156865556003, 46.850600468289024 ], [ -71.380876610046954, 46.848215283717856 ] ] ] } },
{ "type": "Feature", "properties": { "hex_id": 775471, "centroid_lon": -71.374506229813235, "centroid_lat": 46.845415305198479, "occurrences_today": 11, "datetimes_today": "2026-09-21 00:01:49, 2026-09-21 00:16:40, 2026-09-21 00:32:40, 2026-09-21 00:46:59, 2026-09-21 01:01:51, 2026-09-21 01:16:40, 2026-09-21 01:31:48, 2026-09-21 01:46:52, 2026-09-21 02:01:46, 2026-09-21 02:17:02, 2026-09-21 02:31:51", "cumulative_total": 467.0 }, "geometry": { "type": "Polygon", "coordinates": [ [ [ -71.374855497208713, 46.840230135388872 ], [ -71.38122529864556, 46.843030079906612 ], [ -71.380876610046954, 46.848215283717856 ], [ -71.374156865556003, 46.850600468289024 ], [ -71.367786582200836, 46.847800117918879 ], [ -71.368136525221345, 46.842614988896827 ], [ -71.374855497208713, 46.840230135388872 ] ] ] } },
{ "type": "Feature", "properties": { "hex_id": 776082, "centroid_lon": -71.3674365421288, "centroid_lat": 46.852985240214387, "occurrences_today": 11, "datetimes_today": "2026-09-21 00:01:49, 2026-09-21 00:16:40, 2026-09-21 00:32:40, 2026-09-21 00:46:59, 2026-09-21 01:01:51, 2026-09-21 01:16:40, 2026-09-21 01:31:48, 2026-09-21 01:46:52, 2026-09-21 02:01:46, 2026-09-21 02:17:02, 2026-09-21 02:31:51", "cumulative_total": 361.0 }, "geometry": { "type": "Polygon", "coordinates": [ [ [ -71.367786582200836, 46.847800117918879 ], [ -71.374156865556003, 46.850600468289024 ], [ -71.373807404403422, 46.855785624659816 ], [ -71.367086404971573, 46.85817035578269 ], [ -71.360715639798983, 46.855369599398649 ], [ -71.36106635584197, 46.85018451797248 ], [ -71.367786582200836, 46.847800117918879 ] ] ] } },
{ "type": "Feature", "properties": { "hex_id": 604429, "centroid_lon": -73.260120623752925, "centroid_lat": 45.299556498611111, "occurrences_today": 2, "datetimes_today": "2026-09-21 09:01:49, 2026-09-21 09:16:56", "cumulative_total": 114.0 }, "geometry": { "type": "Polygon", "coordinates": [ [ [ -73.260279521768155, 45.294361904666914 ], [ -73.266574122409764, 45.297056146455056 ], [ -73.266415784272354, 45.302250755271274 ], [ -73.259961682457188, 45.30475108737344 ], [ -73.253666565225515, 45.30205647639351 ], [ -73.253826066384619, 45.296861902567166 ], [ -73.260279521768155, 45.294361904666914 ] ] ] } },
{ "type": "Feature", "properties": { "hex_id": 1368385, "centroid_lon": -64.72219879253214, "centroid_lat": 48.288297012034015, "occurrences_today": 15, "datetimes_today": "2026-09-21 01:16:40, 2026-09-21 01:31:48, 2026-09-21 01:46:52, 2026-09-21 02:01:46, 2026-09-21 02:17:02, 2026-09-21 02:31:51, 2026-09-21 02:47:50, 2026-09-21 03:02:26, 2026-09-21 03:16:44, 2026-09-21 03:31:54, 2026-09-21 03:46:49, 2026-09-21 04:01:41, 2026-09-21 04:16:50, 2026-09-21 04:31:56, 2026-09-21 04:46:54", "cumulative_total": 41.0 }, "geometry": { "type": "Polygon", "coordinates": [ [ [ -64.723235328903812, 48.283186189656725 ], [ -64.729349045299287, 48.286340519500541 ], [ -64.728313004338844, 48.291451438075597 ], [ -64.721161966861658, 48.293407813100359 ], [ -64.715048044404753, 48.290253015385062 ], [ -64.716085365384458, 48.285142310579694 ], [ -64.723235328903812, 48.283186189656725 ] ] ] } },
{ "type": "Feature", "properties": { "hex_id": 776692, "centroid_lon": -71.361416974643646, "centroid_lat": 46.844999429812269, "occurrences_today": 11, "datetimes_today": "2026-09-21 00:01:49, 2026-09-21 00:16:40, 2026-09-21 00:32:40, 2026-09-21 00:46:59, 2026-09-21 01:01:51, 2026-09-21 01:16:40, 2026-09-21 01:31:48, 2026-09-21 01:46:52, 2026-09-21 02:01:46, 2026-09-21 02:17:02, 2026-09-21 02:31:51", "cumulative_total": 328.0 }, "geometry": { "type": "Polygon", "coordinates": [ [ [ -71.361767496237675, 46.839814334918692 ], [ -71.368136525221345, 46.842614988896827 ], [ -71.367786582200836, 46.847800117918879 ], [ -71.36106635584197, 46.85018451797248 ], [ -71.354696845509267, 46.847383458039943 ], [ -71.35504804285074, 46.842198404075056 ], [ -71.361767496237675, 46.839814334918692 ] ] ] } },
{ "type": "Feature", "properties": { "hex_id": 813918, "centroid_lon": -70.979150111392983, "centroid_lat": 46.606144733203394, "occurrences_today": 4, "datetimes_today": "2026-09-21 08:32:07, 2026-09-21 08:46:45, 2026-09-21 09:01:49, 2026-09-21 09:16:56", "cumulative_total": 29.0 }, "geometry": { "type": "Polygon", "coordinates": [ [ [ -70.979534185307941, 46.600961739751831 ], [ -70.985854710193365, 46.603782301944769 ], [ -70.985471201336892, 46.608965333051934 ], [ -70.978765931352214, 46.611327719498782 ], [ -70.972444947552404, 46.608506751508521 ], [ -70.972829692615136, 46.603323802934767 ], [ -70.979534185307941, 46.600961739751831 ] ] ] } },
{ "type": "Feature", "properties": { "hex_id": 772419, "centroid_lon": -71.406711259584441, "centroid_lat": 46.854226478637798, "occurrences_today": 11, "datetimes_today": "2026-09-21 00:01:49, 2026-09-21 00:16:40, 2026-09-21 00:32:40, 2026-09-21 00:46:59, 2026-09-21 01:01:51, 2026-09-21 01:16:40, 2026-09-21 01:31:48, 2026-09-21 01:46:52, 2026-09-21 02:01:46, 2026-09-21 02:17:02, 2026-09-21 02:31:51", "cumulative_total": 155.0 }, "geometry": { "type": "Polygon", "coordinates": [ [ [ -71.407057535051322, 46.849041132736183 ], [ -71.413430134661823, 46.851839353360347 ], [ -71.413084438784125, 46.85702473295639 ], [ -71.406364888070712, 46.859411817854848 ], [ -71.39999180493453, 46.856613191523415 ], [ -71.400338756004103, 46.851427886067661 ], [ -71.407057535051322, 46.849041132736183 ] ] ] } },
{ "type": "Feature", "properties": { "hex_id": 578213, "centroid_lon": -73.519774530672436, "centroid_lat": 45.856673421515481, "occurrences_today": 7, "datetimes_today": "2026-09-21 04:31:56, 2026-09-21 04:46:54, 2026-09-21 05:02:35, 2026-09-21 05:16:47, 2026-09-21 05:31:46, 2026-09-21 05:46:41, 2026-09-21 06:01:42", "cumulative_total": 122.0 }, "geometry": { "type": "Polygon", "coordinates": [ [ [ -73.519912371715748, 45.85147867355488 ], [ -73.526281660914208, 45.854159281142245 ], [ -73.526144400086594, 45.859354041569283 ], [ -73.519636651825024, 45.861868164409955 ], [ -73.513266820221361, 45.859187182929823 ], [ -73.51340527927168, 45.85399245256707 ], [ -73.519912371715748, 45.85147867355488 ] ] ] } },
{ "type": "Feature", "properties": { "hex_id": 779135, "centroid_lon": -71.334179663616936, "centroid_lat": 46.859717989612804, "occurrences_today": 10, "datetimes_today": "2026-09-21 00:01:49, 2026-09-21 00:16:40, 2026-09-21 00:32:40, 2026-09-21 00:46:59, 2026-09-21 01:01:51, 2026-09-21 01:16:40, 2026-09-21 01:31:48, 2026-09-21 01:46:52, 2026-09-21 02:01:46, 2026-09-21 02:17:02", "cumulative_total": 375.0 }, "geometry": { "type": "Polygon", "coordinates": [ [ [ -71.334532987103927, 46.854533065643508 ], [ -71.340902204623987, 46.857335241179427 ], [ -71.340549459731292, 46.86252019955139 ], [ -71.333826242128794, 46.864902906817946 ], [ -71.327456544032557, 46.862100324902933 ], [ -71.327810544081004, 46.856915442167306 ], [ -71.334532987103927, 46.854533065643508 ] ] ] } },
{ "type": "Feature", "properties": { "hex_id": 776080, "centroid_lon": -71.369535327460895, "centroid_lat": 46.821874405556734, "occurrences_today": 11, "datetimes_today": "2026-09-21 00:01:49, 2026-09-21 00:16:40, 2026-09-21 00:32:40, 2026-09-21 00:46:59, 2026-09-21 01:01:51, 2026-09-21 01:16:40, 2026-09-21 01:31:48, 2026-09-21 01:46:52, 2026-09-21 02:01:46, 2026-09-21 02:17:02, 2026-09-21 02:31:51", "cumulative_total": 110.0 }, "geometry": { "type": "Polygon", "coordinates": [ [ [ -71.369884785728217, 46.816689242912169 ], [ -71.376251598844419, 46.819489388973352 ], [ -71.375902718560326, 46.824674585652431 ], [ -71.369185772310146, 46.827059561478144 ], [ -71.362818478110938, 46.824259009844702 ], [ -71.363168611211321, 46.819073888024562 ], [ -71.369884785728217, 46.816689242912169 ] ] ] } },
{ "type": "Feature", "properties": { "hex_id": 776690, "centroid_lon": -71.363518647272414, "centroid_lat": 46.813888759474494, "occurrences_today": 11, "datetimes_today": "2026-09-21 00:01:49, 2026-09-21 00:16:40, 2026-09-21 00:32:40, 2026-09-21 00:46:59, 2026-09-21 01:01:51, 2026-09-21 01:16:40, 2026-09-21 01:31:48, 2026-09-21 01:46:52, 2026-09-21 02:01:46, 2026-09-21 02:17:02, 2026-09-21 02:31:51", "cumulative_total": 164.0 }, "geometry": { "type": "Polygon", "coordinates": [ [ [ -71.363868586327854, 46.808703624195189 ], [ -71.370234147145652, 46.811504073545152 ], [ -71.369884785728217, 46.816689242912169 ], [ -71.363168611211321, 46.819073888024562 ], [ -71.356802569777997, 46.816273033161735 ], [ -71.357153183443472, 46.811087938766121 ], [ -71.363868586327854, 46.808703624195189 ] ] ] } },
{ "type": "Feature", "properties": { "hex_id": 777301, "centroid_lon": -71.356451858917467, "centroid_lat": 46.821458120820623, "occurrences_today": 11, "datetimes_today": "2026-09-21 00:01:49, 2026-09-21 00:16:40, 2026-09-21 00:32:40, 2026-09-21 00:46:59, 2026-09-21 01:01:51, 2026-09-21 01:16:40, 2026-09-21 01:31:48, 2026-09-21 01:46:52, 2026-09-21 02:01:46, 2026-09-21 02:17:02, 2026-09-21 02:31:51", "cumulative_total": 137.0 }, "geometry": { "type": "Polygon", "coordinates": [ [ [ -71.356802569777997, 46.816273033161735 ], [ -71.363168611211321, 46.819073888024562 ], [ -71.362818478110938, 46.824259009844702 ], [ -71.356101050828187, 46.826643201742073 ], [ -71.34973452888029, 46.82384194120511 ], [ -71.350085914696038, 46.818656894511669 ], [ -71.356802569777997, 46.816273033161735 ] ] ] } },
{ "type": "Feature", "properties": { "hex_id": 777911, "centroid_lon": -71.350437203127285, "centroid_lat": 46.813471841073984, "occurrences_today": 11, "datetimes_today": "2026-09-21 00:01:49, 2026-09-21 00:16:40, 2026-09-21 00:32:40, 2026-09-21 00:46:59, 2026-09-21 01:01:51, 2026-09-21 01:16:40, 2026-09-21 01:31:48, 2026-09-21 01:46:52, 2026-09-21 02:01:46, 2026-09-21 02:17:02, 2026-09-21 02:31:51", "cumulative_total": 122.0 }, "geometry": { "type": "Polygon", "coordinates": [ [ [ -71.35078839420774, 46.808286780892757 ], [ -71.357153183443472, 46.811087938766121 ], [ -71.356802569777997, 46.816273033161735 ], [ -71.350085914696038, 46.818656894511669 ], [ -71.343720645412958, 46.815855331023648 ], [ -71.344072511225448, 46.810670311867092 ], [ -71.35078839420774, 46.808286780892757 ] ] ] } },
{ "type": "Feature", "properties": { "hex_id": 777299, "centroid_lon": -71.358554666827956, "centroid_lat": 46.79034749383014, "occurrences_today": 10, "datetimes_today": "2026-09-21 00:01:49, 2026-09-21 00:16:40, 2026-09-21 00:32:40, 2026-09-21 00:46:59, 2026-09-21 01:01:51, 2026-09-21 01:16:40, 2026-09-21 01:31:48, 2026-09-21 01:46:52, 2026-09-21 02:01:46, 2026-09-21 02:17:02", "cumulative_total": 50.0 }, "geometry": { "type": "Polygon", "coordinates": [ [ [ -71.358904795022866, 46.785162365761209 ], [ -71.365267373164784, 46.787963015799292 ], [ -71.364917821796141, 46.793148177988691 ], [ -71.358204441606176, 46.795532615165783 ], [ -71.351841383681645, 46.792731559894719 ], [ -71.352192185696111, 46.787546472746229 ], [ -71.358904795022866, 46.785162365761209 ] ] ] } },
{ "type": "Feature", "properties": { "hex_id": 377335, "centroid_lon": -75.634684621191553, "centroid_lat": 45.498135318636805, "occurrences_today": 20, "datetimes_today": "2026-09-21 04:31:56, 2026-09-21 04:46:54, 2026-09-21 05:02:35, 2026-09-21 05:16:47, 2026-09-21 05:31:46, 2026-09-21 05:46:41, 2026-09-21 06:01:42, 2026-09-21 06:16:49, 2026-09-21 06:31:42, 2026-09-21 06:46:49, 2026-09-21 07:02:45, 2026-09-21 07:16:53, 2026-09-21 07:31:44, 2026-09-21 07:47:19, 2026-09-21 08:01:53, 2026-09-21 08:16:51, 2026-09-21 08:32:07, 2026-09-21 08:46:45, 2026-09-21 09:01:49, 2026-09-21 09:16:56", "cumulative_total": 162.0 }, "geometry": { "type": "Polygon", "coordinates": [ [ [ -75.634626247068766, 45.492938825779383 ], [ -75.641054379879364, 45.495501340039979 ], [ -75.641113350516321, 45.500697824054448 ], [ -75.634743011258308, 45.50333180668764 ], [ -75.628314265986901, 45.500768943972176 ], [ -75.628256472439674, 45.495572447142983 ], [ -75.634626247068766, 45.492938825779383 ] ] ] } },
{ "type": "Feature", "properties": { "hex_id": 777303, "centroid_lon": -71.354345550770375, "centroid_lat": 46.85256850526396, "occurrences_today": 8, "datetimes_today": "2026-09-21 00:01:49, 2026-09-21 00:16:40, 2026-09-21 00:32:40, 2026-09-21 00:46:59, 2026-09-21 01:01:51, 2026-09-21 01:16:40, 2026-09-21 01:31:48, 2026-09-21 01:46:52", "cumulative_total": 175.0 }, "geometry": { "type": "Polygon", "coordinates": [ [ [ -71.354696845509267, 46.847383458039943 ], [ -71.36106635584197, 46.85018451797248 ], [ -71.360715639798983, 46.855369599398649 ], [ -71.353994158600258, 46.857753545746434 ], [ -71.34762416701976, 46.854952079698059 ], [ -71.347976137851973, 46.849767073484557 ], [ -71.354696845509267, 46.847383458039943 ] ] ] } },
{ "type": "Feature", "properties": { "hex_id": 657551, "centroid_lon": -72.700330778365654, "centroid_lat": 45.422176297048701, "occurrences_today": 5, "datetimes_today": "2026-09-21 04:16:50, 2026-09-21 04:31:56, 2026-09-21 04:46:54, 2026-09-21 05:02:35, 2026-09-21 05:16:47", "cumulative_total": 93.0 }, "geometry": { "type": "Polygon", "coordinates": [ [ [ -72.700541675622219, 45.416983607342083 ], [ -72.706821861827549, 45.419708398658749 ], [ -72.706611520283587, 45.424901108741807 ], [ -72.700119823601185, 45.427368981247668 ], [ -72.693839139200776, 45.424643814166473 ], [ -72.694050649658607, 45.419451150408008 ], [ -72.700541675622219, 45.416983607342083 ] ] ] } },
{ "type": "Feature", "properties": { "hex_id": 658162, "centroid_lon": -72.693627571066386, "centroid_lat": 45.42983647241293, "occurrences_today": 5, "datetimes_today": "2026-09-21 04:16:50, 2026-09-21 04:31:56, 2026-09-21 04:46:54, 2026-09-21 05:02:35, 2026-09-21 05:16:47", "cumulative_total": 66.0 }, "geometry": { "type": "Polygon", "coordinates": [ [ [ -72.693839139200776, 45.424643814166473 ], [ -72.700119823601185, 45.427368981247668 ], [ -72.699908811309555, 45.432561659938706 ], [ -72.693415945236154, 45.435029125147111 ], [ -72.687134762698506, 45.432303582144542 ], [ -72.687346944352186, 45.427110949919026 ], [ -72.693839139200776, 45.424643814166473 ] ] ] } },
{ "type": "Feature", "properties": { "hex_id": 658772, "centroid_lon": -72.687559068160638, "centroid_lat": 45.421918312177141, "occurrences_today": 5, "datetimes_today": "2026-09-21 04:16:50, 2026-09-21 04:31:56, 2026-09-21 04:46:54, 2026-09-21 05:02:35, 2026-09-21 05:16:47", "cumulative_total": 26.0 }, "geometry": { "type": "Polygon", "coordinates": [ [ [ -72.687771134143176, 45.416725668919163 ], [ -72.694050649658607, 45.419451150408008 ], [ -72.693839139200776, 45.424643814166473 ], [ -72.687346944352186, 45.427110949919026 ], [ -72.681066931147626, 45.424385092556456 ], [ -72.681279610461445, 45.419192475379106 ], [ -72.687771134143176, 45.416725668919163 ] ] ] } },
{ "type": "Feature", "properties": { "hex_id": 659383, "centroid_lon": -72.680854193839224, "centroid_lat": 45.429577704213337, "occurrences_today": 5, "datetimes_today": "2026-09-21 04:16:50, 2026-09-21 04:31:56, 2026-09-21 04:46:54, 2026-09-21 05:02:35, 2026-09-21 05:16:47", "cumulative_total": 40.0 }, "geometry": { "type": "Polygon", "coordinates": [ [ [ -72.681066931147626, 45.424385092556456 ], [ -72.687346944352186, 45.427110949919026 ], [ -72.687134762698506, 45.432303582144542 ], [ -72.68064139851684, 45.434770310349457 ], [ -72.67436088768126, 45.432044076956352 ], [ -72.67457423863894, 45.426851491452929 ], [ -72.681066931147626, 45.424385092556456 ] ] ] } },
{ "type": "Feature", "properties": { "hex_id": 659994, "centroid_lon": -72.674147478540775, "centroid_lat": 45.437236656934651, "occurrences_today": 5, "datetimes_today": "2026-09-21 04:16:50, 2026-09-21 04:31:56, 2026-09-21 04:46:54, 2026-09-21 05:02:35, 2026-09-21 05:16:47", "cumulative_total": 66.0 }, "geometry": { "type": "Polygon", "coordinates": [ [ [ -72.67436088768126, 45.432044076956352 ], [ -72.68064139851684, 45.434770310349457 ], [ -72.680428545161021, 45.439962910964596 ], [ -72.673934011198043, 45.442429231387543 ], [ -72.667653002789791, 45.439702621807058 ], [ -72.667867025897721, 45.434510068055076 ], [ -72.67436088768126, 45.432044076956352 ] ] ] } },
{ "type": "Feature", "properties": { "hex_id": 660604, "centroid_lon": -72.668080990654033, "centroid_lat": 45.429317508773579, "occurrences_today": 5, "datetimes_today": "2026-09-21 04:16:50, 2026-09-21 04:31:56, 2026-09-21 04:46:54, 2026-09-21 05:02:35, 2026-09-21 05:16:47", "cumulative_total": 76.0 }, "geometry": { "type": "Polygon", "coordinates": [ [ [ -72.668294897078226, 45.424124943962809 ], [ -72.67457423863894, 45.426851491452929 ], [ -72.67436088768126, 45.432044076956352 ], [ -72.667867025897721, 45.434510068055076 ], [ -72.661587187212362, 45.431783144425367 ], [ -72.661801707415663, 45.426590605900607 ], [ -72.668294897078226, 45.424124943962809 ] ] ] } },
{ "type": "Feature", "properties": { "hex_id": 661215, "centroid_lon": -72.661372608508131, "centroid_lat": 45.43697567741647, "occurrences_today": 5, "datetimes_today": "2026-09-21 04:16:50, 2026-09-21 04:31:56, 2026-09-21 04:46:54, 2026-09-21 05:02:35, 2026-09-21 05:16:47", "cumulative_total": 51.0 }, "geometry": { "type": "Polygon", "coordinates": [ [ [ -72.661587187212362, 45.431783144425367 ], [ -72.667867025897721, 45.434510068055076 ], [ -72.667653002789791, 45.439702621807058 ], [ -72.661157971283373, 45.442168204873646 ], [ -72.654877635532003, 45.439440904947539 ], [ -72.65509282833348, 45.434248398315319 ], [ -72.661587187212362, 45.431783144425367 ] ] ] } },
{ "type": "Feature", "properties": { "hex_id": 661825, "centroid_lon": -72.65530796246513, "centroid_lat": 45.429055886145022, "occurrences_today": 5, "datetimes_today": "2026-09-21 04:16:50, 2026-09-21 04:31:56, 2026-09-21 04:46:54, 2026-09-21 05:02:35, 2026-09-21 05:16:47", "cumulative_total": 55.0 }, "geometry": { "type": "Polygon", "coordinates": [ [ [ -72.655523037946608, 45.423863368436891 ], [ -72.661801707415663, 45.426590605900607 ], [ -72.661587187212362, 45.431783144425367 ], [ -72.65509282833348, 45.434248398315319 ], [ -72.648813662246255, 45.431520784603094 ], [ -72.649029351636457, 45.426328293313532 ], [ -72.655523037946608, 45.423863368436891 ] ] ] } },
{ "type": "Feature", "properties": { "hex_id": 777912, "centroid_lon": -71.349383045646292, "centroid_lat": 46.829026981153632, "occurrences_today": 10, "datetimes_today": "2026-09-21 00:01:49, 2026-09-21 00:16:40, 2026-09-21 00:32:40, 2026-09-21 00:46:59, 2026-09-21 01:01:51, 2026-09-21 01:16:40, 2026-09-21 01:31:48, 2026-09-21 01:46:52, 2026-09-21 02:01:46, 2026-09-21 02:17:02", "cumulative_total": 170.0 }, "geometry": { "type": "Polygon", "coordinates": [ [ [ -71.34973452888029, 46.82384194120511 ], [ -71.356101050828187, 46.826643201742073 ], [ -71.355750145476449, 46.831828275925425 ], [ -71.349031464960248, 46.83421201435651 ], [ -71.342664462599018, 46.831410347984139 ], [ -71.343016621133543, 46.826225349082861 ], [ -71.34973452888029, 46.82384194120511 ] ] ] } },
{ "type": "Feature", "properties": { "hex_id": 685856, "centroid_lon": -72.232723322113273, "centroid_lat": 48.872172722450415, "occurrences_today": 9, "datetimes_today": "2026-09-21 07:16:53, 2026-09-21 07:31:44, 2026-09-21 07:47:19, 2026-09-21 08:01:53, 2026-09-21 08:16:51, 2026-09-21 08:32:07, 2026-09-21 08:46:45, 2026-09-21 09:01:49, 2026-09-21 09:16:56", "cumulative_total": 23.0 }, "geometry": { "type": "Polygon", "coordinates": [ [ [ -72.233009605347689, 48.866985046329731 ], [ -72.239676728791594, 48.869742241029883 ], [ -72.239391107133713, 48.874929943838445 ], [ -72.23243695703701, 48.877360392628255 ], [ -72.225769253873452, 48.87460277083656 ], [ -72.226056280496238, 48.869415127419252 ], [ -72.233009605347689, 48.866985046329731 ] ] ] } },
{ "type": "Feature", "properties": { "hex_id": 556825, "centroid_lon": -73.752266431112233, "centroid_lat": 45.539854877942169, "occurrences_today": 2, "datetimes_today": "2026-09-21 09:01:49, 2026-09-21 09:16:56", "cumulative_total": 309.0 }, "geometry": { "type": "Polygon", "coordinates": [ [ [ -73.752381349734492, 45.534659337972791 ], [ -73.758726462821059, 45.537326869726741 ], [ -73.758612117927157, 45.5425224197799 ], [ -73.752151481091545, 45.545050412938728 ], [ -73.745805825680335, 45.542382513513175 ], [ -73.745921349418822, 45.537186988665013 ], [ -73.752381349734492, 45.534659337972791 ] ] ] } },
{ "type": "Feature", "properties": { "hex_id": 582465, "centroid_lon": -73.483787807869035, "centroid_lat": 45.521015819120059, "occurrences_today": 1, "datetimes_today": "2026-09-21 09:16:56", "cumulative_total": 298.0 }, "geometry": { "type": "Polygon", "coordinates": [ [ [ -73.483927356991344, 45.515820850138937 ], [ -73.490257296708023, 45.518503115575299 ], [ -73.490118317107004, 45.523698097291238 ], [ -73.483648220631636, 45.52621078302154 ], [ -73.477317749515166, 45.523528147644129 ], [ -73.477457906261051, 45.518333196541967 ], [ -73.483927356991344, 45.515820850138937 ] ] ] } },
{ "type": "Feature", "properties": { "hex_id": 551328, "centroid_lon": -73.810714410275466, "centroid_lat": 45.501502366216634, "occurrences_today": 2, "datetimes_today": "2026-09-21 09:01:49, 2026-09-21 09:16:56", "cumulative_total": 298.0 }, "geometry": { "type": "Polygon", "coordinates": [ [ [ -73.810823800200808, 45.496306678309082 ], [ -73.817167467827602, 45.498970965133282 ], [ -73.817058651256147, 45.504166662536953 ], [ -73.810604990475426, 45.506698049171973 ], [ -73.804260779374474, 45.50403339571259 ], [ -73.804370772518354, 45.498837722317873 ], [ -73.810823800200808, 45.496306678309082 ] ] ] } },
{ "type": "Feature", "properties": { "hex_id": 568428, "centroid_lon": -73.629290356588243, "centroid_lat": 45.593011359264793, "occurrences_today": 2, "datetimes_today": "2026-09-21 09:01:49, 2026-09-21 09:16:56", "cumulative_total": 319.0 }, "geometry": { "type": "Polygon", "coordinates": [ [ [ -73.629416833589744, 45.58781612308195 ], [ -73.635761895256081, 45.590490463900984 ], [ -73.635635991928439, 45.595685711398296 ], [ -73.629163845009728, 45.598206590428155 ], [ -73.622818244252343, 45.595531880108638 ], [ -73.622945329493106, 45.590336660324432 ], [ -73.629416833589744, 45.58781612308195 ] ] ] } },
{ "type": "Feature", "properties": { "hex_id": 782186, "centroid_lon": -71.303053159511592, "centroid_lat": 46.835332370523176, "occurrences_today": 10, "datetimes_today": "2026-09-21 00:01:49, 2026-09-21 00:16:40, 2026-09-21 00:32:40, 2026-09-21 00:46:59, 2026-09-21 01:01:51, 2026-09-21 01:16:40, 2026-09-21 01:31:48, 2026-09-21 01:46:52, 2026-09-21 02:01:46, 2026-09-21 02:17:02", "cumulative_total": 55.0 }, "geometry": { "type": "Polygon", "coordinates": [ [ [ -71.303409175661869, 46.830147605871225 ], [ -71.309773856758582, 46.832951398198823 ], [ -71.309418417941359, 46.838136197539299 ], [ -71.302697044649221, 46.84051712837794 ], [ -71.296331884948628, 46.837712929749038 ], [ -71.296688577109833, 46.83252820664957 ], [ -71.303409175661869, 46.830147605871225 ] ] ] } },
{ "type": "Feature", "properties": { "hex_id": 783407, "centroid_lon": -71.289967401431667, "centroid_lat": 46.834908394308648, "occurrences_today": 10, "datetimes_today": "2026-09-21 00:01:49, 2026-09-21 00:16:40, 2026-09-21 00:32:40, 2026-09-21 00:46:59, 2026-09-21 01:01:51, 2026-09-21 01:16:40, 2026-09-21 01:31:48, 2026-09-21 01:46:52, 2026-09-21 02:01:46, 2026-09-21 02:17:02", "cumulative_total": 111.0 }, "geometry": { "type": "Polygon", "coordinates": [ [ [ -71.290324670701864, 46.829723706024311 ], [ -71.296688577109833, 46.83252820664957 ], [ -71.296331884948628, 46.837712929749038 ], [ -71.289610033103983, 46.840093075781247 ], [ -71.283245648661691, 46.837288168753403 ], [ -71.283603594064019, 46.832103522162683 ], [ -71.290324670701864, 46.829723706024311 ] ] ] } },
{ "type": "Feature", "properties": { "hex_id": 780356, "centroid_lon": -71.321087522670808, "centroid_lat": 46.859297405526959, "occurrences_today": 10, "datetimes_today": "2026-09-21 00:01:49, 2026-09-21 00:16:40, 2026-09-21 00:32:40, 2026-09-21 00:46:59, 2026-09-21 01:01:51, 2026-09-21 01:16:40, 2026-09-21 01:31:48, 2026-09-21 01:46:52, 2026-09-21 02:01:46, 2026-09-21 02:17:02", "cumulative_total": 132.0 }, "geometry": { "type": "Polygon", "coordinates": [ [ [ -71.321442101089502, 46.854112557320803 ], [ -71.327810544081004, 46.856915442167306 ], [ -71.327456544032557, 46.862100324902933 ], [ -71.320732845904899, 46.864482246954488 ], [ -71.314363922907418, 46.861678955627241 ], [ -71.314719178009469, 46.856494148796017 ], [ -71.321442101089502, 46.854112557320803 ] ] ] } },
{ "type": "Feature", "properties": { "hex_id": 489079, "centroid_lon": -74.460183267740618, "centroid_lat": 45.849397201200098, "occurrences_today": 2, "datetimes_today": "2026-09-21 09:01:49, 2026-09-21 09:16:56", "cumulative_total": 231.0 }, "geometry": { "type": "Polygon", "coordinates": [ [ [ -74.460233528439858, 45.84420094091589 ], [ -74.466647622105768, 45.846829309420862 ], [ -74.466597954090417, 45.852025572761136 ], [ -74.460132993254206, 45.854593456694971 ], [ -74.453718320693923, 45.851964723419172 ], [ -74.45376918785955, 45.846768471045735 ], [ -74.460233528439858, 45.84420094091589 ] ] ] } },
{ "type": "Feature", "properties": { "hex_id": 489690, "centroid_lon": -74.453667439574303, "centroid_lat": 45.857160971002251, "occurrences_today": 2, "datetimes_today": "2026-09-21 09:01:49, 2026-09-21 09:16:56", "cumulative_total": 213.0 }, "geometry": { "type": "Polygon", "coordinates": [ [ [ -74.453718320693923, 45.851964723419172 ], [ -74.460132993254206, 45.854593456694971 ], [ -74.460082704975918, 45.859789707400537 ], [ -74.453616544495986, 45.862357213794994 ], [ -74.447201293055443, 45.859728115585568 ], [ -74.447252780970373, 45.854531875980719 ], [ -74.453718320693923, 45.851964723419172 ] ] ] } },
{ "type": "Feature", "properties": { "hex_id": 775472, "centroid_lon": -71.373457846321855, "centroid_lat": 46.860970774310147, "occurrences_today": 8, "datetimes_today": "2026-09-21 00:01:49, 2026-09-21 00:16:40, 2026-09-21 00:32:40, 2026-09-21 00:46:59, 2026-09-21 01:01:51, 2026-09-21 01:16:40, 2026-09-21 01:31:48, 2026-09-21 01:46:52", "cumulative_total": 100.0 }, "geometry": { "type": "Polygon", "coordinates": [ [ [ -71.373807404403422, 46.855785624659816 ], [ -71.380178942699487, 46.858585671202803 ], [ -71.379829963883509, 46.863770854875149 ], [ -71.373108191277694, 46.866155917239382 ], [ -71.366736170695461, 46.863355464623034 ], [ -71.367086404971573, 46.85817035578269 ], [ -71.373807404403422, 46.855785624659816 ] ] ] } },
{ "type": "Feature", "properties": { "hex_id": 784016, "centroid_lon": -71.285034383887236, "centroid_lat": 46.811364867619993, "occurrences_today": 10, "datetimes_today": "2026-09-21 00:01:49, 2026-09-21 00:16:40, 2026-09-21 00:32:40, 2026-09-21 00:46:59, 2026-09-21 01:01:51, 2026-09-21 01:16:40, 2026-09-21 01:31:48, 2026-09-21 01:46:52, 2026-09-21 02:01:46, 2026-09-21 02:17:02", "cumulative_total": 234.0 }, "geometry": { "type": "Polygon", "coordinates": [ [ [ -71.285391833568269, 46.806180186942967 ], [ -71.291752757894045, 46.808984884783577 ], [ -71.291395884510692, 46.814169600307828 ], [ -71.284676835130625, 46.816549541481209 ], [ -71.278315433599886, 46.813744437518913 ], [ -71.278673558619872, 46.808559798571615 ], [ -71.285391833568269, 46.806180186942967 ] ] ] } },
{ "type": "Feature", "properties": { "hex_id": 765095, "centroid_lon": -71.483234010342869, "centroid_lat": 46.887783175575336, "occurrences_today": 11, "datetimes_today": "2026-09-21 00:01:49, 2026-09-21 00:16:40, 2026-09-21 00:32:40, 2026-09-21 00:46:59, 2026-09-21 01:01:51, 2026-09-21 01:16:40, 2026-09-21 01:31:48, 2026-09-21 01:46:52, 2026-09-21 02:01:46, 2026-09-21 02:17:02, 2026-09-21 02:31:51", "cumulative_total": 47.0 }, "geometry": { "type": "Polygon", "coordinates": [ [ [ -71.483573318213359, 46.88259742931497 ], [ -71.48995402556028, 46.885391583384099 ], [ -71.489615299556874, 46.890577362615737 ], [ -71.48289460830766, 46.892968915231236 ], [ -71.476513413274716, 46.890174355630151 ], [ -71.476853397144311, 46.884988649012541 ], [ -71.483573318213359, 46.88259742931497 ] ] ] } },
{ "type": "Feature", "properties": { "hex_id": 767536, "centroid_lon": -71.45805724675381, "centroid_lat": 46.871417419477531, "occurrences_today": 11, "datetimes_today": "2026-09-21 00:01:49, 2026-09-21 00:16:40, 2026-09-21 00:32:40, 2026-09-21 00:46:59, 2026-09-21 01:01:51, 2026-09-21 01:16:40, 2026-09-21 01:31:48, 2026-09-21 01:46:52, 2026-09-21 02:01:46, 2026-09-21 02:17:02, 2026-09-21 02:31:51", "cumulative_total": 68.0 }, "geometry": { "type": "Polygon", "coordinates": [ [ [ -71.458398785433417, 46.8662317990755 ], [ -71.464776208724047, 46.869027277151183 ], [ -71.464435250994995, 46.874212930759214 ], [ -71.457715613313937, 46.876603033249211 ], [ -71.451337703849461, 46.87380714965618 ], [ -71.45167991820702, 46.868621569157462 ], [ -71.458398785433417, 46.8662317990755 ] ] ] } },
{ "type": "Feature", "properties": { "hex_id": 768757, "centroid_lon": -71.44496047023631, "centroid_lat": 46.871010927070387, "occurrences_today": 11, "datetimes_today": "2026-09-21 00:01:49, 2026-09-21 00:16:40, 2026-09-21 00:32:40, 2026-09-21 00:46:59, 2026-09-21 01:01:51, 2026-09-21 01:16:40, 2026-09-21 01:31:48, 2026-09-21 01:46:52, 2026-09-21 02:01:46, 2026-09-21 02:17:02, 2026-09-21 02:31:51", "cumulative_total": 143.0 }, "geometry": { "type": "Polygon", "coordinates": [ [ [ -71.445303265321712, 46.865825379904884 ], [ -71.45167991820702, 46.868621569157462 ], [ -71.451337703849461, 46.87380714965618 ], [ -71.444617580043897, 46.876196467591541 ], [ -71.438240441554242, 46.873399872718728 ], [ -71.438583912441487, 46.86821436559773 ], [ -71.445303265321712, 46.865825379904884 ] ] ] } },
{ "type": "Feature", "properties": { "hex_id": 782187, "centroid_lon": -71.301984518651338, "centroid_lat": 46.850886623692958, "occurrences_today": 10, "datetimes_today": "2026-09-21 00:01:49, 2026-09-21 00:16:40, 2026-09-21 00:32:40, 2026-09-21 00:46:59, 2026-09-21 01:01:51, 2026-09-21 01:16:40, 2026-09-21 01:31:48, 2026-09-21 01:46:52, 2026-09-21 02:01:46, 2026-09-21 02:17:02", "cumulative_total": 97.0 }, "geometry": { "type": "Polygon", "coordinates": [ [ [ -71.302340831040553, 46.845701879434763 ], [ -71.308707244603426, 46.848505775848608 ], [ -71.308351510014376, 46.853690554816033 ], [ -71.301628107447328, 46.856071361151812 ], [ -71.295261214916238, 46.853267058215586 ], [ -71.295618203886136, 46.848082355532753 ], [ -71.302340831040553, 46.845701879434763 ] ] ] } },
{ "type": "Feature", "properties": { "hex_id": 768760, "centroid_lon": -71.441871030687565, "centroid_lat": 46.917680552486239, "occurrences_today": 11, "datetimes_today": "2026-09-21 00:01:49, 2026-09-21 00:16:40, 2026-09-21 00:32:40, 2026-09-21 00:46:59, 2026-09-21 01:01:51, 2026-09-21 01:16:40, 2026-09-21 01:31:48, 2026-09-21 01:46:52, 2026-09-21 02:01:46, 2026-09-21 02:17:02, 2026-09-21 02:31:51", "cumulative_total": 132.0 }, "geometry": { "type": "Polygon", "coordinates": [ [ [ -71.442214682925865, 46.912495065143325 ], [ -71.448596568013699, 46.915291554635296 ], [ -71.448253497917008, 46.920477075371579 ], [ -71.44152728304455, 46.922866033178948 ], [ -71.435144911236407, 46.92006913740363 ], [ -71.435489240987863, 46.914883690171344 ], [ -71.442214682925865, 46.912495065143325 ] ] ] } },
{ "type": "Feature", "properties": { "hex_id": 537316, "centroid_lon": -73.949300594308454, "centroid_lat": 45.962761880706218, "occurrences_today": 3, "datetimes_today": "2026-09-21 08:46:45, 2026-09-21 09:01:49, 2026-09-21 09:16:56", "cumulative_total": 97.0 }, "geometry": { "type": "Polygon", "coordinates": [ [ [ -73.949398805124005, 45.957566368003725 ], [ -73.955801250045923, 45.960223260801676 ], [ -73.955703628624903, 45.965418781710113 ], [ -73.949202356517603, 45.96795738850107 ], [ -73.942799349181072, 45.965300124515238 ], [ -73.942898176357275, 45.960104624991921 ], [ -73.949398805124005, 45.957566368003725 ] ] ] } },
{ "type": "Feature", "properties": { "hex_id": 537927, "centroid_lon": -73.942700494859452, "centroid_lat": 45.970495619128897, "occurrences_today": 3, "datetimes_today": "2026-09-21 08:46:45, 2026-09-21 09:01:49, 2026-09-21 09:16:56", "cumulative_total": 97.0 }, "geometry": { "type": "Polygon", "coordinates": [ [ [ -73.942799349181072, 45.965300124515238 ], [ -73.949202356517603, 45.96795738850107 ], [ -73.949104091742271, 45.973152891388239 ], [ -73.942601613383189, 45.975691108832869 ], [ -73.936198043659601, 45.973033473496585 ], [ -73.93629751467293, 45.967837992131756 ], [ -73.942799349181072, 45.965300124515238 ] ] ] } },
{ "type": "Feature", "properties": { "hex_id": 538536, "centroid_lon": -73.936695125663277, "centroid_lat": 45.947056017556065, "occurrences_today": 3, "datetimes_today": "2026-09-21 08:46:45, 2026-09-21 09:01:49, 2026-09-21 09:16:56", "cumulative_total": 105.0 }, "geometry": { "type": "Polygon", "coordinates": [ [ [ -73.936794460191479, 45.941860511633166 ], [ -73.943194495105558, 45.944518096964366 ], [ -73.943095749310302, 45.94971361121646 ], [ -73.936595763856587, 45.95225151856738 ], [ -73.930195167492656, 45.949593562128804 ], [ -73.930295118023039, 45.944398069512253 ], [ -73.936794460191479, 45.941860511633166 ] ] ] } },
{ "type": "Feature", "properties": { "hex_id": 538537, "centroid_lon": -73.936396958370665, "centroid_lat": 45.962642505855264, "occurrences_today": 3, "datetimes_today": "2026-09-21 08:46:45, 2026-09-21 09:01:49, 2026-09-21 09:16:56", "cumulative_total": 105.0 }, "geometry": { "type": "Polygon", "coordinates": [ [ [ -73.936496374762129, 45.957447014667139 ], [ -73.942898176357275, 45.960104624991921 ], [ -73.942799349181072, 45.965300124515238 ], [ -73.93629751467293, 45.967837992131756 ], [ -73.929895151173469, 45.96518001049683 ], [ -73.9299951840772, 45.959984532621114 ], [ -73.936496374762129, 45.957447014667139 ] ] ] } },
{ "type": "Feature", "properties": { "hex_id": 539147, "centroid_lon": -73.930095189513821, "centroid_lat": 45.95478904983176, "occurrences_today": 3, "datetimes_today": "2026-09-21 08:46:45, 2026-09-21 09:01:49, 2026-09-21 09:16:56", "cumulative_total": 103.0 }, "geometry": { "type": "Polygon", "coordinates": [ [ [ -73.930195167492656, 45.949593562128804 ], [ -73.936595763856587, 45.95225151856738 ], [ -73.936496374762129, 45.957447014667139 ], [ -73.9299951840772, 45.959984532621114 ], [ -73.923594026291326, 45.957326204912711 ], [ -73.923694620603015, 45.952130730585715 ], [ -73.930195167492656, 45.949593562128804 ] ] ] } },
{ "type": "Feature", "properties": { "hex_id": 539758, "centroid_lon": -73.923493404351774, "centroid_lat": 45.962521674324023, "occurrences_today": 3, "datetimes_today": "2026-09-21 08:46:45, 2026-09-21 09:01:49, 2026-09-21 09:16:56", "cumulative_total": 103.0 }, "geometry": { "type": "Polygon", "coordinates": [ [ [ -73.923594026291326, 45.957326204912711 ], [ -73.9299951840772, 45.959984532621114 ], [ -73.929895151173469, 45.96518001049683 ], [ -73.923392754774952, 45.967717138819673 ], [ -73.916991035595203, 45.965058439678998 ], [ -73.917092274198453, 45.959862983713322 ], [ -73.923594026291326, 45.957326204912711 ] ] ] } },
{ "type": "Feature", "properties": { "hex_id": 540979, "centroid_lon": -73.910589933244623, "centroid_lat": 45.962399386136738, "occurrences_today": 3, "datetimes_today": "2026-09-21 08:46:45, 2026-09-21 09:01:49, 2026-09-21 09:16:56", "cumulative_total": 126.0 }, "geometry": { "type": "Polygon", "coordinates": [ [ [ -73.91069176070414, 45.957203938764636 ], [ -73.917092274198453, 45.959862983713322 ], [ -73.916991035595203, 45.965058439678998 ], [ -73.910488077816908, 45.967594828589071 ], [ -73.904087003439287, 45.964935412086085 ], [ -73.904189447713748, 45.959739978292916 ], [ -73.91069176070414, 45.957203938764636 ] ] ] } },
{ "type": "Feature", "properties": { "hex_id": 553774, "centroid_lon": -73.783776728105181, "centroid_lat": 45.563580275407539, "occurrences_today": 7, "datetimes_today": "2026-09-21 07:47:19, 2026-09-21 08:01:53, 2026-09-21 08:16:51, 2026-09-21 08:32:07, 2026-09-21 08:46:45, 2026-09-21 09:01:49, 2026-09-21 09:16:56", "cumulative_total": 368.0 }, "geometry": { "type": "Polygon", "coordinates": [ [ [ -73.783888837673302, 45.558384695566055 ], [ -73.790238124967772, 45.5610505085006 ], [ -73.790126590270845, 45.566246098118398 ], [ -73.783664587896965, 45.568775850287295 ], [ -73.777314756376541, 45.566109669677765 ], [ -73.777427471445677, 45.560914104638996 ], [ -73.783888837673302, 45.558384695566055 ] ] ] } },
{ "type": "Feature", "properties": { "hex_id": 773639, "centroid_lon": -71.394661699835837, "centroid_lat": 46.838258391989612, "occurrences_today": 7, "datetimes_today": "2026-09-21 00:01:49, 2026-09-21 00:16:40, 2026-09-21 00:32:40, 2026-09-21 00:46:59, 2026-09-21 01:01:51, 2026-09-21 01:16:40, 2026-09-21 01:31:48", "cumulative_total": 140.0 }, "geometry": { "type": "Polygon", "coordinates": [ [ [ -71.395008941293014, 46.833073100263078 ], [ -71.401379032126869, 46.835871929555175 ], [ -71.40103236956692, 46.84105725508288 ], [ -71.394314362085893, 46.843443677019437 ], [ -71.387943788664259, 46.840644442138533 ], [ -71.38829170527805, 46.835459190976707 ], [ -71.395008941293014, 46.833073100263078 ] ] ] } },
{ "type": "Feature", "properties": { "hex_id": 587958, "centroid_lon": -73.426840566527389, "centroid_lat": 45.496859829137968, "occurrences_today": 1, "datetimes_today": "2026-09-21 09:16:56", "cumulative_total": 104.0 }, "geometry": { "type": "Polygon", "coordinates": [ [ [ -73.426985233829114, 45.491664977547082 ], [ -73.433309706844071, 45.494350338529706 ], [ -73.433165607561293, 45.499545203410555 ], [ -73.4266958597252, 45.502054675624109 ], [ -73.42037085819841, 45.499368944480395 ], [ -73.420516133006288, 45.494174111348642 ], [ -73.426985233829114, 45.491664977547082 ] ] ] } },
{ "type": "Feature", "properties": { "hex_id": 771818, "centroid_lon": -71.403365900751879, "centroid_lat": 47.002212647999833, "occurrences_today": 1, "datetimes_today": "2026-09-21 09:16:56", "cumulative_total": 81.0 }, "geometry": { "type": "Polygon", "coordinates": [ [ [ -71.40371429419055, 46.997027455636058 ], [ -71.410103862414431, 46.999826282271918 ], [ -71.409756053157295, 47.005011508459162 ], [ -71.403017410485006, 47.007397833667035 ], [ -71.396627354924618, 47.00459859927134 ], [ -71.396976429339304, 46.999413447494831 ], [ -71.40371429419055, 46.997027455636058 ] ] ] } },
{ "type": "Feature", "properties": { "hex_id": 509187, "centroid_lon": -74.255650016758253, "centroid_lat": 45.248020714689353, "occurrences_today": 6, "datetimes_today": "2026-09-21 00:01:49, 2026-09-21 00:16:40, 2026-09-21 00:32:40, 2026-09-21 00:46:59, 2026-09-21 01:01:51, 2026-09-21 01:16:40", "cumulative_total": 103.0 }, "geometry": { "type": "Polygon", "coordinates": [ [ [ -74.255717882530746, 45.242824113187595 ], [ -74.262054624285682, 45.245463755864172 ], [ -74.261987330093135, 45.250660362401391 ], [ -74.255582132504813, 45.253217311362619 ], [ -74.24924483765399, 45.250577309478572 ], [ -74.249313293481222, 45.245380717904794 ], [ -74.255717882530746, 45.242824113187595 ] ] ] } },
{ "type": "Feature", "properties": { "hex_id": 406036, "centroid_lon": -75.334602099630445, "centroid_lat": 45.616335531958562, "occurrences_today": 4, "datetimes_today": "2026-09-21 08:32:07, 2026-09-21 08:46:45, 2026-09-21 09:01:49, 2026-09-21 09:16:56", "cumulative_total": 244.0 }, "geometry": { "type": "Polygon", "coordinates": [ [ [ -75.334571197632144, 45.611138916523579 ], [ -75.340999311414137, 45.613718263383696 ], [ -75.34103080995726, 45.618914873018994 ], [ -75.334633010081561, 45.621532142629242 ], [ -75.32820429130048, 45.618952442740444 ], [ -75.328173977397029, 45.613755826334952 ], [ -75.334571197632144, 45.611138916523579 ] ] ] } },
{ "type": "Feature", "properties": { "hex_id": 564760, "centroid_lon": -73.669582740471085, "centroid_lat": 45.515536044396335, "occurrences_today": 2, "datetimes_today": "2026-09-21 09:01:49, 2026-09-21 09:16:56", "cumulative_total": 224.0 }, "geometry": { "type": "Polygon", "coordinates": [ [ [ -73.669705169288122, 45.510340651187576 ], [ -73.676043562086136, 45.513012712937481 ], [ -73.675921705147644, 45.518208117043628 ], [ -73.669460278214558, 45.520731432601671 ], [ -73.663121346983118, 45.518059002711361 ], [ -73.663244381106978, 45.512863625467936 ], [ -73.669705169288122, 45.510340651187576 ] ] ] } },
{ "type": "Feature", "properties": { "hex_id": 673455, "centroid_lon": -72.513014123811445, "centroid_lat": 45.901548728401941, "occurrences_today": 12, "datetimes_today": "2026-09-21 00:01:49, 2026-09-21 00:16:40, 2026-09-21 00:32:40, 2026-09-21 00:46:59, 2026-09-21 01:01:51, 2026-09-21 01:16:40, 2026-09-21 01:31:48, 2026-09-21 01:46:52, 2026-09-21 02:01:46, 2026-09-21 02:17:02, 2026-09-21 02:31:51, 2026-09-21 02:47:50", "cumulative_total": 119.0 }, "geometry": { "type": "Polygon", "coordinates": [ [ [ -72.513246031861627, 45.896357186567236 ], [ -72.519569559055185, 45.899093001680306 ], [ -72.519338218286663, 45.904284565913592 ], [ -72.512782152161691, 45.906740264587697 ], [ -72.506458121296788, 45.904004065884109 ], [ -72.506690660206658, 45.898812552162049 ], [ -72.513246031861627, 45.896357186567236 ] ] ] } },
{ "type": "Feature", "properties": { "hex_id": 656941, "centroid_lon": -72.70640112138112, "centroid_lat": 45.430093813321299, "occurrences_today": 5, "datetimes_today": "2026-09-21 04:16:50, 2026-09-21 04:31:56, 2026-09-21 04:46:54, 2026-09-21 05:02:35, 2026-09-21 05:16:47", "cumulative_total": 147.0 }, "geometry": { "type": "Polygon", "coordinates": [ [ [ -72.706611520283587, 45.424901108741807 ], [ -72.712892875431621, 45.427625585387943 ], [ -72.712683032559809, 45.432818310287914 ], [ -72.706190665100962, 45.435286512396921 ], [ -72.699908811309555, 45.432561659938706 ], [ -72.700119823601185, 45.427368981247668 ], [ -72.706611520283587, 45.424901108741807 ] ] ] } },
{ "type": "Feature", "properties": { "hex_id": 551324, "centroid_lon": -73.812025120510853, "centroid_lat": 45.439153784496952, "occurrences_today": 6, "datetimes_today": "2026-09-21 08:01:53, 2026-09-21 08:16:51, 2026-09-21 08:32:07, 2026-09-21 08:46:45, 2026-09-21 09:01:49, 2026-09-21 09:16:56", "cumulative_total": 353.0 }, "geometry": { "type": "Polygon", "coordinates": [ [ [ -73.812134152719892, 45.433958037167343 ], [ -73.818470952215577, 45.436622210206004 ], [ -73.818362491497638, 45.44181796700591 ], [ -73.811916058547041, 45.444349526875023 ], [ -73.805578717320003, 45.441684988000468 ], [ -73.805688350764953, 45.436489255157085 ], [ -73.812134152719892, 45.433958037167343 ] ] ] } },
{ "type": "Feature", "properties": { "hex_id": 533031, "centroid_lon": -73.997691784166548, "centroid_lat": 45.783917678180757, "occurrences_today": 5, "datetimes_today": "2026-09-21 08:01:53, 2026-09-21 08:16:51, 2026-09-21 08:32:07, 2026-09-21 08:46:45, 2026-09-21 09:01:49", "cumulative_total": 366.0 }, "geometry": { "type": "Polygon", "coordinates": [ [ [ -73.99778488991366, 45.778721923412768 ], [ -74.004169325252789, 45.78137603739647 ], [ -74.004076803999311, 45.786571799853384 ], [ -73.997598652902767, 45.789113428055458 ], [ -73.991213658591008, 45.786458945633953 ], [ -73.991307374339812, 45.781263203513362 ], [ -73.99778488991366, 45.778721923412768 ] ] ] } },
{ "type": "Feature", "properties": { "hex_id": 770587, "centroid_lon": -71.426866145965974, "centroid_lat": 46.847063866011581, "occurrences_today": 11, "datetimes_today": "2026-09-21 00:01:49, 2026-09-21 00:16:40, 2026-09-21 00:32:40, 2026-09-21 00:46:59, 2026-09-21 01:01:51, 2026-09-21 01:16:40, 2026-09-21 01:31:48, 2026-09-21 01:46:52, 2026-09-21 02:01:46, 2026-09-21 02:17:02, 2026-09-21 02:31:51", "cumulative_total": 293.0 }, "geometry": { "type": "Polygon", "coordinates": [ [ [ -71.427210395563293, 46.841878399217912 ], [ -71.433583282126349, 46.844675504131139 ], [ -71.433239612217747, 46.849861004418642 ], [ -71.426521800890839, 46.852249326142839 ], [ -71.420148430133409, 46.84945181578648 ], [ -71.420493354864149, 46.84426638921591 ], [ -71.427210395563293, 46.841878399217912 ] ] ] } },
{ "type": "Feature", "properties": { "hex_id": 767540, "centroid_lon": -71.453951381877047, "centroid_lat": 46.933644346948611, "occurrences_today": 11, "datetimes_today": "2026-09-21 00:01:49, 2026-09-21 00:16:40, 2026-09-21 00:32:40, 2026-09-21 00:46:59, 2026-09-21 01:01:51, 2026-09-21 01:16:40, 2026-09-21 01:31:48, 2026-09-21 01:46:52, 2026-09-21 02:01:46, 2026-09-21 02:17:02, 2026-09-21 02:31:51", "cumulative_total": 112.0 }, "geometry": { "type": "Polygon", "coordinates": [ [ [ -71.454294059854689, 46.928458806153685 ], [ -71.460678464922935, 46.931254683140864 ], [ -71.460336369782794, 46.936440257221768 ], [ -71.453608608743309, 46.938829881105391 ], [ -71.447223716010186, 46.936033597716602 ], [ -71.44756707194837, 46.930848096912896 ], [ -71.454294059854689, 46.928458806153685 ] ] ] } },
{ "type": "Feature", "properties": { "hex_id": 545228, "centroid_lon": -73.873145918424711, "centroid_lat": 45.580087201523511, "occurrences_today": 1, "datetimes_today": "2026-09-21 09:16:56", "cumulative_total": 120.0 }, "geometry": { "type": "Polygon", "coordinates": [ [ [ -73.873249850955716, 45.57489147077672 ], [ -73.879605306830285, 45.577552365833391 ], [ -73.879501950872296, 45.582748105472291 ], [ -73.873041957481846, 45.585282927338774 ], [ -73.866685953450869, 45.582621665244034 ], [ -73.866790490957214, 45.577425948385624 ], [ -73.873249850955716, 45.57489147077672 ] ] ] } },
{ "type": "Feature", "properties": { "hex_id": 771197, "centroid_lon": -71.42083818396064, "centroid_lat": 46.8390809559762, "occurrences_today": 8, "datetimes_today": "2026-09-21 00:01:49, 2026-09-21 00:16:40, 2026-09-21 00:32:40, 2026-09-21 00:46:59, 2026-09-21 01:01:51, 2026-09-21 01:16:40, 2026-09-21 01:31:48, 2026-09-21 01:46:52", "cumulative_total": 205.0 }, "geometry": { "type": "Polygon", "coordinates": [ [ [ -71.421182917456036, 46.83389551606804 ], [ -71.427554549715936, 46.836692925762456 ], [ -71.427210395563293, 46.841878399217912 ], [ -71.420493354864149, 46.84426638921591 ], [ -71.414121238879162, 46.841468574137394 ], [ -71.414466647285266, 46.836283174511813 ], [ -71.421182917456036, 46.83389551606804 ] ] ] } },
{ "type": "Feature", "properties": { "hex_id": 771808, "centroid_lon": -71.413775734682417, "centroid_lat": 46.846653967087128, "occurrences_today": 11, "datetimes_today": "2026-09-21 00:01:49, 2026-09-21 00:16:40, 2026-09-21 00:32:40, 2026-09-21 00:46:59, 2026-09-21 01:01:51, 2026-09-21 01:16:40, 2026-09-21 01:31:48, 2026-09-21 01:46:52, 2026-09-21 02:01:46, 2026-09-21 02:17:02, 2026-09-21 02:31:51", "cumulative_total": 299.0 }, "geometry": { "type": "Polygon", "coordinates": [ [ [ -71.414121238879162, 46.841468574137394 ], [ -71.420493354864149, 46.84426638921591 ], [ -71.420148430133409, 46.84945181578648 ], [ -71.413430134661823, 46.851839353360347 ], [ -71.407057535051322, 46.849041132736183 ], [ -71.407403714504682, 46.843855780150655 ], [ -71.414121238879162, 46.841468574137394 ] ] ] } },
{ "type": "Feature", "properties": { "hex_id": 773641, "centroid_lon": -71.392576227775294, "centroid_lat": 46.869370001694008, "occurrences_today": 11, "datetimes_today": "2026-09-21 00:01:49, 2026-09-21 00:16:40, 2026-09-21 00:32:40, 2026-09-21 00:46:59, 2026-09-21 01:01:51, 2026-09-21 01:16:40, 2026-09-21 01:31:48, 2026-09-21 01:46:52, 2026-09-21 02:01:46, 2026-09-21 02:17:02, 2026-09-21 02:31:51", "cumulative_total": 98.0 }, "geometry": { "type": "Polygon", "coordinates": [ [ [ -71.392924047490325, 46.864184750157932 ], [ -71.399297614052117, 46.86698378235824 ], [ -71.3989503741725, 46.872169067736003 ], [ -71.392228311566868, 46.874555246529312 ], [ -71.385854261679782, 46.871755808298467 ], [ -71.386202757690128, 46.866570597371748 ], [ -71.392924047490325, 46.864184750157932 ] ] ] } },
{ "type": "Feature", "properties": { "hex_id": 355961, "centroid_lon": -75.857114127910648, "centroid_lat": 45.395343942257654, "occurrences_today": 3, "datetimes_today": "2026-09-21 08:46:45, 2026-09-21 09:01:49, 2026-09-21 09:16:56", "cumulative_total": 127.0 }, "geometry": { "type": "Polygon", "coordinates": [ [ [ -75.85703557939587, 45.39014761852588 ], [ -75.863461863033379, 45.392697673579868 ], [ -75.863541007515664, 45.397893986215443 ], [ -75.857192697852255, 45.400540261135063 ], [ -75.850765796816859, 45.397989861220758 ], [ -75.850687822849906, 45.392793531311511 ], [ -75.85703557939587, 45.39014761852588 ] ] ] } },
{ "type": "Feature", "properties": { "hex_id": 937932, "centroid_lon": -69.528471902144588, "centroid_lat": 47.832099872104045, "occurrences_today": 9, "datetimes_today": "2026-09-21 05:31:46, 2026-09-21 05:46:41, 2026-09-21 06:01:42, 2026-09-21 06:16:49, 2026-09-21 06:31:42, 2026-09-21 06:46:49, 2026-09-21 07:02:45, 2026-09-21 07:16:53, 2026-09-21 07:31:44", "cumulative_total": 38.0 }, "geometry": { "type": "Polygon", "coordinates": [ [ [ -69.529017048868894, 47.826928887075191 ], [ -69.535394908753048, 47.829832098054545 ], [ -69.534850340252888, 47.835003135641664 ], [ -69.527926602524346, 47.837270847745394 ], [ -69.521548317339082, 47.834367202815677 ], [ -69.522094195129242, 47.829196279800613 ], [ -69.529017048868894, 47.826928887075191 ] ] ] } },
{ "type": "Feature", "properties": { "hex_id": 776081, "centroid_lon": -71.36848637122398, "centroid_lat": 46.837429853148876, "occurrences_today": 7, "datetimes_today": "2026-09-21 00:01:49, 2026-09-21 00:16:40, 2026-09-21 00:32:40, 2026-09-21 00:46:59, 2026-09-21 01:01:51, 2026-09-21 01:16:40, 2026-09-21 01:31:48", "cumulative_total": 174.0 }, "geometry": { "type": "Polygon", "coordinates": [ [ [ -71.368836120242378, 46.832244710675766 ], [ -71.375204667776003, 46.835044958860877 ], [ -71.374855497208713, 46.840230135388872 ], [ -71.368136525221345, 46.842614988896827 ], [ -71.361767496237675, 46.839814334918692 ], [ -71.362117920657766, 46.834629233292461 ], [ -71.368836120242378, 46.832244710675766 ] ] ] } },
{ "type": "Feature", "properties": { "hex_id": 762659, "centroid_lon": -71.503358812496799, "centroid_lat": 46.981931035026605, "occurrences_today": 11, "datetimes_today": "2026-09-21 00:01:49, 2026-09-21 00:16:40, 2026-09-21 00:32:40, 2026-09-21 00:46:59, 2026-09-21 01:01:51, 2026-09-21 01:16:40, 2026-09-21 01:31:48, 2026-09-21 01:46:52, 2026-09-21 02:01:46, 2026-09-21 02:17:02, 2026-09-21 02:31:51", "cumulative_total": 248.0 }, "geometry": { "type": "Polygon", "coordinates": [ [ [ -71.50369729223091, 46.976745262568222 ], [ -71.510090044172074, 46.979538582193427 ], [ -71.509752149591975, 46.984724387486821 ], [ -71.503020238705631, 46.987116800896835 ], [ -71.496626995683883, 46.984323074619518 ], [ -71.496966154596322, 46.979137341651558 ], [ -71.50369729223091, 46.976745262568222 ] ] ] } },
{ "type": "Feature", "properties": { "hex_id": 763880, "centroid_lon": -71.4902344320152, "centroid_lat": 46.981529007473078, "occurrences_today": 11, "datetimes_today": "2026-09-21 00:01:49, 2026-09-21 00:16:40, 2026-09-21 00:32:40, 2026-09-21 00:46:59, 2026-09-21 01:01:51, 2026-09-21 01:16:40, 2026-09-21 01:31:48, 2026-09-21 01:46:52, 2026-09-21 02:01:46, 2026-09-21 02:17:02, 2026-09-21 02:31:51", "cumulative_total": 259.0 }, "geometry": { "type": "Polygon", "coordinates": [ [ [ -71.490574175857773, 46.976343307467964 ], [ -71.496966154596322, 46.979137341651558 ], [ -71.496626995683883, 46.984323074619518 ], [ -71.489894593766124, 46.986714700876128 ], [ -71.483502124520356, 46.983920259936696 ], [ -71.483842547666711, 46.978734599563744 ], [ -71.490574175857773, 46.976343307467964 ] ] ] } },
{ "type": "Feature", "properties": { "hex_id": 764490, "centroid_lon": -71.48418287624834, "centroid_lat": 46.973548932582084, "occurrences_today": 11, "datetimes_today": "2026-09-21 00:01:49, 2026-09-21 00:16:40, 2026-09-21 00:32:40, 2026-09-21 00:46:59, 2026-09-21 01:01:51, 2026-09-21 01:16:40, 2026-09-21 01:31:48, 2026-09-21 01:46:52, 2026-09-21 02:01:46, 2026-09-21 02:17:02, 2026-09-21 02:31:51", "cumulative_total": 141.0 }, "geometry": { "type": "Polygon", "coordinates": [ [ [ -71.484523110298156, 46.968363258992404 ], [ -71.490913825326729, 46.971157600861467 ], [ -71.490574175857773, 46.976343307467964 ], [ -71.483842547666711, 46.978734599563744 ], [ -71.477451342605534, 46.975939850997861 ], [ -71.477792255735139, 46.970754217100229 ], [ -71.484523110298156, 46.968363258992404 ] ] ] } },
{ "type": "Feature", "properties": { "hex_id": 769986, "centroid_lon": -71.423578033110871, "centroid_lat": 46.995052307830598, "occurrences_today": 1, "datetimes_today": "2026-09-21 09:16:56", "cumulative_total": 8.0 }, "geometry": { "type": "Polygon", "coordinates": [ [ [ -71.42392438456919, 46.989866994153118 ], [ -71.430314242077557, 46.992664699309067 ], [ -71.429968474901514, 46.997850046608335 ], [ -71.423231585399151, 47.00023761483385 ], [ -71.416841239878636, 46.997439502183532 ], [ -71.417188271839137, 46.992254228869278 ], [ -71.42392438456919, 46.989866994153118 ] ] ] } },
{ "type": "Feature", "properties": { "hex_id": 770597, "centroid_lon": -71.416494111473213, "centroid_lat": 47.002624768816105, "occurrences_today": 1, "datetimes_today": "2026-09-21 09:16:56", "cumulative_total": 59.0 }, "geometry": { "type": "Polygon", "coordinates": [ [ [ -71.416841239878636, 46.997439502183532 ], [ -71.423231585399151, 47.00023761483385 ], [ -71.422885041400519, 47.0054229151622 ], [ -71.416146886589274, 47.007810028766357 ], [ -71.409756053157295, 47.005011508459162 ], [ -71.410103862414431, 46.999826282271918 ], [ -71.416841239878636, 46.997439502183532 ] ] ] } },
{ "type": "Feature", "properties": { "hex_id": 771207, "centroid_lon": -71.410451575035054, "centroid_lat": 46.994641049395561, "occurrences_today": 1, "datetimes_today": "2026-09-21 09:16:56", "cumulative_total": 6.0 }, "geometry": { "type": "Polygon", "coordinates": [ [ [ -71.410799191052774, 46.989455809830758 ], [ -71.417188271839137, 46.992254228869278 ], [ -71.416841239878636, 46.997439502183532 ], [ -71.410103862414431, 46.999826282271918 ], [ -71.40371429419055, 46.997027455636058 ], [ -71.404062590834769, 46.991842256576362 ], [ -71.410799191052774, 46.989455809830758 ] ] ] } },
{ "type": "Feature", "properties": { "hex_id": 357793, "centroid_lon": -75.838067346687509, "centroid_lat": 45.403280649612149, "occurrences_today": 4, "datetimes_today": "2026-09-21 08:32:07, 2026-09-21 08:46:45, 2026-09-21 09:01:49, 2026-09-21 09:16:56", "cumulative_total": 410.0 }, "geometry": { "type": "Polygon", "coordinates": [ [ [ -75.837990522305702, 45.398084307536287 ], [ -75.844416869744833, 45.400635430371487 ], [ -75.844494290115492, 45.405831761544178 ], [ -75.838144192027897, 45.408476986838266 ], [ -75.831717227637824, 45.405925518845017 ], [ -75.831640978293308, 45.400729170780096 ], [ -75.837990522305702, 45.398084307536287 ] ] ] } },
{ "type": "Feature", "properties": { "hex_id": 558045, "centroid_lon": -73.739808972298277, "centroid_lat": 45.524127707839995, "occurrences_today": 6, "datetimes_today": "2026-09-21 08:01:53, 2026-09-21 08:16:51, 2026-09-21 08:32:07, 2026-09-21 08:46:45, 2026-09-21 09:01:49, 2026-09-21 09:16:56", "cumulative_total": 150.0 }, "geometry": { "type": "Polygon", "coordinates": [ [ [ -73.739924974491387, 45.518932178270532 ], [ -73.746267731352276, 45.521600384270094 ], [ -73.746152302244198, 45.526795924043419 ], [ -73.739692938416809, 45.529323232432205 ], [ -73.733349640164533, 45.526654658842851 ], [ -73.733466247120404, 45.521459144519056 ], [ -73.739924974491387, 45.518932178270532 ] ] ] } },
{ "type": "Feature", "properties": { "hex_id": 776691, "centroid_lon": -71.362468247937642, "centroid_lat": 46.829444124934241, "occurrences_today": 11, "datetimes_today": "2026-09-21 00:01:49, 2026-09-21 00:16:40, 2026-09-21 00:32:40, 2026-09-21 00:46:59, 2026-09-21 01:01:51, 2026-09-21 01:16:40, 2026-09-21 01:31:48, 2026-09-21 01:46:52, 2026-09-21 02:01:46, 2026-09-21 02:17:02, 2026-09-21 02:31:51", "cumulative_total": 117.0 }, "geometry": { "type": "Polygon", "coordinates": [ [ [ -71.362818478110938, 46.824259009844702 ], [ -71.369185772310146, 46.827059561478144 ], [ -71.368836120242378, 46.832244710675766 ], [ -71.362117920657766, 46.834629233292461 ], [ -71.355750145476449, 46.831828275925425 ], [ -71.356101050828187, 46.826643201742073 ], [ -71.362818478110938, 46.824259009844702 ] ] ] } },
{ "type": "Feature", "properties": { "hex_id": 804139, "centroid_lon": -71.095658920308622, "centroid_lat": 46.438701701123904, "occurrences_today": 12, "datetimes_today": "2026-09-21 06:31:42, 2026-09-21 06:46:49, 2026-09-21 07:02:45, 2026-09-21 07:16:53, 2026-09-21 07:31:44, 2026-09-21 07:47:19, 2026-09-21 08:01:53, 2026-09-21 08:16:51, 2026-09-21 08:32:07, 2026-09-21 08:46:45, 2026-09-21 09:01:49, 2026-09-21 09:16:56", "cumulative_total": 58.0 }, "geometry": { "type": "Polygon", "coordinates": [ [ [ -71.096029709777525, 46.433517824305042 ], [ -71.102337815160297, 46.436331587279135 ], [ -71.101967587550504, 46.441515500519131 ], [ -71.095288028595235, 46.443885570936068 ], [ -71.08897946361536, 46.441071405358919 ], [ -71.0893509171528, 46.435887572033579 ], [ -71.096029709777525, 46.433517824305042 ] ] ] } },
{ "type": "Feature", "properties": { "hex_id": 771198, "centroid_lon": -71.419803409735238, "centroid_lat": 46.854637235687235, "occurrences_today": 11, "datetimes_today": "2026-09-21 00:01:49, 2026-09-21 00:16:40, 2026-09-21 00:32:40, 2026-09-21 00:46:59, 2026-09-21 01:01:51, 2026-09-21 01:16:40, 2026-09-21 01:31:48, 2026-09-21 01:46:52, 2026-09-21 02:01:46, 2026-09-21 02:17:02, 2026-09-21 02:31:51", "cumulative_total": 254.0 }, "geometry": { "type": "Polygon", "coordinates": [ [ [ -71.420148430133409, 46.84945181578648 ], [ -71.426521800890839, 46.852249326142839 ], [ -71.426177360304777, 46.857434779611019 ], [ -71.419458293636453, 46.85982264891755 ], [ -71.413084438784125, 46.85702473295639 ], [ -71.413430134661823, 46.851839353360347 ], [ -71.420148430133409, 46.84945181578648 ] ] ] } },
{ "type": "Feature", "properties": { "hex_id": 370005, "centroid_lon": -75.710690654512788, "centroid_lat": 45.4353255743247, "occurrences_today": 5, "datetimes_today": "2026-09-21 08:16:51, 2026-09-21 08:32:07, 2026-09-21 08:46:45, 2026-09-21 09:01:49, 2026-09-21 09:16:56", "cumulative_total": 277.0 }, "geometry": { "type": "Polygon", "coordinates": [ [ [ -75.710625433116533, 45.430129105140971 ], [ -75.717049787078082, 45.432687392964347 ], [ -75.71711560394111, 45.437883852538462 ], [ -75.710755893709532, 45.440522038687 ], [ -75.704330926477738, 45.437963403975729 ], [ -75.704266282753736, 45.432766930068254 ], [ -75.710625433116533, 45.430129105140971 ] ] ] } },
{ "type": "Feature", "properties": { "hex_id": 355966, "centroid_lon": -75.858294930871779, "centroid_lat": 45.473288215699263, "occurrences_today": 8, "datetimes_today": "2026-09-21 07:31:44, 2026-09-21 07:47:19, 2026-09-21 08:01:53, 2026-09-21 08:16:51, 2026-09-21 08:32:07, 2026-09-21 08:46:45, 2026-09-21 09:01:49, 2026-09-21 09:16:56", "cumulative_total": 125.0 }, "geometry": { "type": "Polygon", "coordinates": [ [ [ -75.858216060200292, 45.46809196478506 ], [ -75.864651300510189, 45.47064185322953 ], [ -75.864730769602815, 45.475838093023711 ], [ -75.858373823077997, 45.478484461758832 ], [ -75.85193796280862, 45.475934227511509 ], [ -75.851859669030745, 45.470737970396435 ], [ -75.858216060200292, 45.46809196478506 ] ] ] } },
{ "type": "Feature", "properties": { "hex_id": 549506, "centroid_lon": -73.826830721410005, "centroid_lat": 45.649776680026733, "occurrences_today": 5, "datetimes_today": "2026-09-21 08:16:51, 2026-09-21 08:32:07, 2026-09-21 08:46:45, 2026-09-21 09:01:49, 2026-09-21 09:16:56", "cumulative_total": 424.0 }, "geometry": { "type": "Polygon", "coordinates": [ [ [ -73.826939188267986, 45.644581097370832 ], [ -73.833300213905062, 45.647244593146233 ], [ -73.833192325120507, 45.652440185168778 ], [ -73.826722224875994, 45.654972257735572 ], [ -73.820360650846524, 45.652308393599029 ], [ -73.820469725443957, 45.647112825321713 ], [ -73.826939188267986, 45.644581097370832 ] ] ] } },
{ "type": "Feature", "properties": { "hex_id": 657552, "centroid_lon": -72.699697741471525, "centroid_lat": 45.437754333121568, "occurrences_today": 5, "datetimes_today": "2026-09-21 04:16:50, 2026-09-21 04:31:56, 2026-09-21 04:46:54, 2026-09-21 05:02:35, 2026-09-21 05:16:47", "cumulative_total": 34.0 }, "geometry": { "type": "Polygon", "coordinates": [ [ [ -72.699908811309555, 45.432561659938706 ], [ -72.706190665100962, 45.435286512396921 ], [ -72.705980151423901, 45.440479205968437 ], [ -72.699486614067837, 45.442947000795975 ], [ -72.693204261690752, 45.440221772368758 ], [ -72.693415945236154, 45.435029125147111 ], [ -72.699908811309555, 45.432561659938706 ] ] ] } },
{ "type": "Feature", "properties": { "hex_id": 658163, "centroid_lon": -72.692992520410868, "centroid_lat": 45.445414414077604, "occurrences_today": 5, "datetimes_today": "2026-09-21 04:16:50, 2026-09-21 04:31:56, 2026-09-21 04:46:54, 2026-09-21 05:02:35, 2026-09-21 05:16:47", "cumulative_total": 35.0 }, "geometry": { "type": "Polygon", "coordinates": [ [ [ -72.693204261690752, 45.440221772368758 ], [ -72.699486614067837, 45.442947000795975 ], [ -72.699275429079208, 45.44813966296168 ], [ -72.692780721377162, 45.450607050273405 ], [ -72.686497870472294, 45.447881445720242 ], [ -72.686710225777915, 45.442688830045412 ], [ -72.693204261690752, 45.440221772368758 ] ] ] } },
{ "type": "Feature", "properties": { "hex_id": 658773, "centroid_lon": -72.686922523180201, "centroid_lat": 45.437496208853425, "occurrences_today": 5, "datetimes_today": "2026-09-21 04:16:50, 2026-09-21 04:31:56, 2026-09-21 04:46:54, 2026-09-21 05:02:35, 2026-09-21 05:16:47", "cumulative_total": 48.0 }, "geometry": { "type": "Polygon", "coordinates": [ [ [ -72.687134762698506, 45.432303582144542 ], [ -72.693415945236154, 45.435029125147111 ], [ -72.693204261690752, 45.440221772368758 ], [ -72.686710225777915, 45.442688830045412 ], [ -72.680428545161021, 45.439962910964596 ], [ -72.68064139851684, 45.434770310349457 ], [ -72.687134762698506, 45.432303582144542 ] ] ] } },
{ "type": "Feature", "properties": { "hex_id": 658774, "centroid_lon": -72.686285457243926, "centroid_lat": 45.453074055877636, "occurrences_today": 5, "datetimes_today": "2026-09-21 04:16:50, 2026-09-21 04:31:56, 2026-09-21 04:46:54, 2026-09-21 05:02:35, 2026-09-21 05:16:47", "cumulative_total": 35.0 }, "geometry": { "type": "Polygon", "coordinates": [ [ [ -72.686497870472294, 45.447881445720242 ], [ -72.692780721377162, 45.450607050273405 ], [ -72.692568864570333, 45.45579968095587 ], [ -72.686072986073441, 45.458266660517367 ], [ -72.679789636698885, 45.455540679681292 ], [ -72.680002664271484, 45.450348095630758 ], [ -72.686497870472294, 45.447881445720242 ] ] ] } },
{ "type": "Feature", "properties": { "hex_id": 659384, "centroid_lon": -72.680215633752383, "centroid_lat": 45.445155506058434, "occurrences_today": 5, "datetimes_today": "2026-09-21 04:16:50, 2026-09-21 04:31:56, 2026-09-21 04:46:54, 2026-09-21 05:02:35, 2026-09-21 05:16:47", "cumulative_total": 34.0 }, "geometry": { "type": "Polygon", "coordinates": [ [ [ -72.680428545161021, 45.439962910964596 ], [ -72.686710225777915, 45.442688830045412 ], [ -72.686497870472294, 45.447881445720242 ], [ -72.680002664271484, 45.450348095630758 ], [ -72.673720485633567, 45.447621800314792 ], [ -72.673934011198043, 45.442429231387543 ], [ -72.680428545161021, 45.439962910964596 ] ] ] } },
{ "type": "Feature", "properties": { "hex_id": 659995, "centroid_lon": -72.673506901827864, "centroid_lat": 45.452814363716101, "occurrences_today": 5, "datetimes_today": "2026-09-21 04:16:50, 2026-09-21 04:31:56, 2026-09-21 04:46:54, 2026-09-21 05:02:35, 2026-09-21 05:16:47", "cumulative_total": 34.0 }, "geometry": { "type": "Polygon", "coordinates": [ [ [ -72.673720485633567, 45.447621800314792 ], [ -72.680002664271484, 45.450348095630758 ], [ -72.679789636698885, 45.455540679681292 ], [ -72.673293259761437, 45.458006921591242 ], [ -72.667010583160902, 45.455280249883167 ], [ -72.667224781440922, 45.45008771272137 ], [ -72.673720485633567, 45.447621800314792 ] ] ] } },
{ "type": "Feature", "properties": { "hex_id": 660605, "centroid_lon": -72.667438921310705, "centroid_lat": 45.444895170029227, "occurrences_today": 5, "datetimes_today": "2026-09-21 04:16:50, 2026-09-21 04:31:56, 2026-09-21 04:46:54, 2026-09-21 05:02:35, 2026-09-21 05:16:47", "cumulative_total": 34.0 }, "geometry": { "type": "Polygon", "coordinates": [ [ [ -72.667653002789791, 45.439702621807058 ], [ -72.673934011198043, 45.442429231387543 ], [ -72.673720485633567, 45.447621800314792 ], [ -72.667224781440922, 45.45008771272137 ], [ -72.66094327551852, 45.44736072679661 ], [ -72.661157971283373, 45.442168204873646 ], [ -72.667653002789791, 45.439702621807058 ] ] ] } },
{ "type": "Feature", "properties": { "hex_id": 778522, "centroid_lon": -71.343368682060259, "centroid_lat": 46.821040343429139, "occurrences_today": 13, "datetimes_today": "2026-09-21 00:01:49, 2026-09-21 00:16:40, 2026-09-21 00:32:40, 2026-09-21 00:46:59, 2026-09-21 01:01:51, 2026-09-21 01:16:40, 2026-09-21 01:31:48, 2026-09-21 01:46:52, 2026-09-21 06:46:49, 2026-09-21 08:01:53, 2026-09-21 08:16:51, 2026-09-21 08:32:07, 2026-09-21 08:46:45", "cumulative_total": 55.0 }, "geometry": { "type": "Polygon", "coordinates": [ [ [ -71.343720645412958, 46.815855331023648 ], [ -71.350085914696038, 46.818656894511669 ], [ -71.34973452888029, 46.82384194120511 ], [ -71.343016621133543, 46.826225349082861 ], [ -71.336650871904425, 46.823423379818955 ], [ -71.33700351033427, 46.818238408519953 ], [ -71.343720645412958, 46.815855331023648 ] ] ] } },
{ "type": "Feature", "properties": { "hex_id": 807219, "centroid_lon": -71.031989787453895, "centroid_lat": 46.86521591380864, "occurrences_today": 2, "datetimes_today": "2026-09-21 09:01:49, 2026-09-21 09:16:56", "cumulative_total": 115.0 }, "geometry": { "type": "Polygon", "coordinates": [ [ [ -71.03237226580633, 46.86003282148085 ], [ -71.03872527192155, 46.862851378062842 ], [ -71.038343367433924, 46.868034507721958 ], [ -71.03160720304318, 46.870398999024552 ], [ -71.02525372913982, 46.867580033535482 ], [ -71.025636887378582, 46.862396985717581 ], [ -71.03237226580633, 46.86003282148085 ] ] ] } },
{ "type": "Feature", "properties": { "hex_id": 807829, "centroid_lon": -71.026019939404819, "centroid_lat": 46.857213930780425, "occurrences_today": 2, "datetimes_today": "2026-09-21 09:01:49, 2026-09-21 09:16:56", "cumulative_total": 87.0 }, "geometry": { "type": "Polygon", "coordinates": [ [ [ -71.026402885255393, 46.852030868724825 ], [ -71.032754638137249, 46.854849722042033 ], [ -71.03237226580633, 46.86003282148085 ], [ -71.025636887378582, 46.862396985717581 ], [ -71.019284667171149, 46.859577723554999 ], [ -71.019668292680237, 46.854394706067737 ], [ -71.026402885255393, 46.852030868724825 ] ] ] } },
{ "type": "Feature", "properties": { "hex_id": 562942, "centroid_lon": -73.683867826094868, "centroid_lat": 45.72616892822699, "occurrences_today": 1, "datetimes_today": "2026-09-21 09:16:56", "cumulative_total": 188.0 }, "geometry": { "type": "Polygon", "coordinates": [ [ [ -73.683989833024583, 45.720973697416007 ], [ -73.690352479522261, 45.723645139414018 ], [ -73.690231051061247, 45.728840381029364 ], [ -73.683745785755193, 45.731364154039099 ], [ -73.677382594204389, 45.728692341357345 ], [ -73.677505213001496, 45.723497126414607 ], [ -73.683989833024583, 45.720973697416007 ] ] ] } },
{ "type": "Feature", "properties": { "hex_id": 509798, "centroid_lon": -74.249176363184546, "centroid_lat": 45.255773896222493, "occurrences_today": 6, "datetimes_today": "2026-09-21 00:01:49, 2026-09-21 00:16:40, 2026-09-21 00:32:40, 2026-09-21 00:46:59, 2026-09-21 01:01:51, 2026-09-21 01:16:40", "cumulative_total": 96.0 }, "geometry": { "type": "Polygon", "coordinates": [ [ [ -74.24924483765399, 45.250577309478572 ], [ -74.255582132504813, 45.253217311362619 ], [ -74.255514229764202, 45.258413903207376 ], [ -74.249107870066723, 45.260970478136535 ], [ -74.242770022138586, 45.258330116885972 ], [ -74.242839086979032, 45.253133540136808 ], [ -74.24924483765399, 45.250577309478572 ] ] ] } },
{ "type": "Feature", "properties": { "hex_id": 530563, "centroid_lon": -74.030418957887747, "centroid_lat": 45.378853796924183, "occurrences_today": 10, "datetimes_today": "2026-09-21 07:02:45, 2026-09-21 07:16:53, 2026-09-21 07:31:44, 2026-09-21 07:47:19, 2026-09-21 08:01:53, 2026-09-21 08:16:51, 2026-09-21 08:32:07, 2026-09-21 08:46:45, 2026-09-21 09:01:49, 2026-09-21 09:16:56", "cumulative_total": 177.0 }, "geometry": { "type": "Polygon", "coordinates": [ [ [ -74.030507761239136, 45.373657620986656 ], [ -74.036848335022512, 45.376309733224012 ], [ -74.03676010424401, 45.381505916454429 ], [ -74.030330130317708, 45.384049967977901 ], [ -74.023989008184131, 45.381397492735971 ], [ -74.024078408318957, 45.376201329039397 ], [ -74.030507761239136, 45.373657620986656 ] ] ] } },
{ "type": "Feature", "properties": { "hex_id": 587333, "centroid_lon": -73.439468940268668, "centroid_lat": 45.270966323807194, "occurrences_today": 2, "datetimes_today": "2026-09-21 09:01:49, 2026-09-21 09:16:56", "cumulative_total": 130.0 }, "geometry": { "type": "Polygon", "coordinates": [ [ [ -73.439611321268487, 45.265771234551487 ], [ -73.445911552924883, 45.268455672711397 ], [ -73.445769733395167, 45.273650775072298 ], [ -73.439326520496806, 45.276161407965866 ], [ -73.433025766148816, 45.273476602616768 ], [ -73.433168747377863, 45.268281531627203 ], [ -73.439611321268487, 45.265771234551487 ] ] ] } },
{ "type": "Feature", "properties": { "hex_id": 587943, "centroid_lon": -73.43331168968335, "centroid_lat": 45.263086455537845, "occurrences_today": 2, "datetimes_today": "2026-09-21 09:01:49, 2026-09-21 09:16:56", "cumulative_total": 139.0 }, "geometry": { "type": "Polygon", "coordinates": [ [ [ -73.433454593078253, 45.25789137434878 ], [ -73.43975366350918, 45.260576140198879 ], [ -73.439611321268487, 45.265771234551487 ], [ -73.433168747377863, 45.268281531627203 ], [ -73.426869154709792, 45.265596398630422 ], [ -73.427012658156528, 45.260401335768535 ], [ -73.433454593078253, 45.25789137434878 ] ] ] } },
{ "type": "Feature", "properties": { "hex_id": 587944, "centroid_lon": -73.432882745983264, "centroid_lat": 45.278671668506384, "occurrences_today": 2, "datetimes_today": "2026-09-21 09:01:49, 2026-09-21 09:16:56", "cumulative_total": 146.0 }, "geometry": { "type": "Polygon", "coordinates": [ [ [ -73.433025766148816, 45.273476602616768 ], [ -73.439326520496806, 45.276161407965866 ], [ -73.439184061939955, 45.281356487027395 ], [ -73.43273968686816, 45.283866729295951 ], [ -73.426438409867458, 45.281181556599982 ], [ -73.426582030578288, 45.275986509046277 ], [ -73.433025766148816, 45.273476602616768 ] ] ] } },
{ "type": "Feature", "properties": { "hex_id": 588554, "centroid_lon": -73.426725612188051, "centroid_lat": 45.270791456389723, "occurrences_today": 2, "datetimes_today": "2026-09-21 09:01:49, 2026-09-21 09:16:56", "cumulative_total": 130.0 }, "geometry": { "type": "Polygon", "coordinates": [ [ [ -73.426869154709792, 45.265596398630422 ], [ -73.433168747377863, 45.268281531627203 ], [ -73.433025766148816, 45.273476602616768 ], [ -73.426582030578288, 45.275986509046277 ], [ -73.420281915712053, 45.273301008745264 ], [ -73.420426058601478, 45.26810596938288 ], [ -73.426869154709792, 45.265596398630422 ] ] ] } },
{ "type": "Feature", "properties": { "hex_id": 802919, "centroid_lon": -71.107537281917246, "centroid_lat": 46.45469684834152, "occurrences_today": 12, "datetimes_today": "2026-09-21 06:31:42, 2026-09-21 06:46:49, 2026-09-21 07:02:45, 2026-09-21 07:16:53, 2026-09-21 07:31:44, 2026-09-21 07:47:19, 2026-09-21 08:01:53, 2026-09-21 08:16:51, 2026-09-21 08:32:07, 2026-09-21 08:46:45, 2026-09-21 09:01:49, 2026-09-21 09:16:56", "cumulative_total": 53.0 }, "geometry": { "type": "Polygon", "coordinates": [ [ [ -71.10790715140466, 46.449512912724757 ], [ -71.114217709304242, 46.452326088727204 ], [ -71.113848402347955, 46.457510060662074 ], [ -71.107167310416301, 46.459880776964177 ], [ -71.10085629201663, 46.45706719823837 ], [ -71.101226826013701, 46.451883305999537 ], [ -71.10790715140466, 46.449512912724757 ] ] ] } },
{ "type": "Feature", "properties": { "hex_id": 803529, "centroid_lon": -71.101597257846649, "centroid_lat": 46.446699406759542, "occurrences_today": 12, "datetimes_today": "2026-09-21 06:31:42, 2026-09-21 06:46:49, 2026-09-21 07:02:45, 2026-09-21 07:16:53, 2026-09-21 07:31:44, 2026-09-21 07:47:19, 2026-09-21 08:01:53, 2026-09-21 08:16:51, 2026-09-21 08:32:07, 2026-09-21 08:46:45, 2026-09-21 09:01:49, 2026-09-21 09:16:56", "cumulative_total": 51.0 }, "geometry": { "type": "Polygon", "coordinates": [ [ [ -71.101967587550504, 46.441515500519131 ], [ -71.108276918913504, 46.444328970114725 ], [ -71.10790715140466, 46.449512912724757 ], [ -71.101226826013701, 46.451883305999537 ], [ -71.09491703460229, 46.449069433740725 ], [ -71.095288028595235, 46.443885570936068 ], [ -71.101967587550504, 46.441515500519131 ] ] ] } },
{ "type": "Feature", "properties": { "hex_id": 804140, "centroid_lon": -71.094545938294729, "centroid_lat": 46.454253289537093, "occurrences_today": 12, "datetimes_today": "2026-09-21 06:31:42, 2026-09-21 06:46:49, 2026-09-21 07:02:45, 2026-09-21 07:16:53, 2026-09-21 07:31:44, 2026-09-21 07:47:19, 2026-09-21 08:01:53, 2026-09-21 08:16:51, 2026-09-21 08:32:07, 2026-09-21 08:46:45, 2026-09-21 09:01:49, 2026-09-21 09:16:56", "cumulative_total": 53.0 }, "geometry": { "type": "Polygon", "coordinates": [ [ [ -71.09491703460229, 46.449069433740725 ], [ -71.101226826013701, 46.451883305999537 ], [ -71.10085629201663, 46.45706719823837 ], [ -71.09417473963741, 46.459437138324382 ], [ -71.087864488282804, 46.456622863244036 ], [ -71.088236249215512, 46.451439050964929 ], [ -71.09491703460229, 46.449069433740725 ] ] ] } },
{ "type": "Feature", "properties": { "hex_id": 516561, "centroid_lon": -74.168207255431398, "centroid_lat": 45.995743286957811, "occurrences_today": 6, "datetimes_today": "2026-09-21 08:01:53, 2026-09-21 08:16:51, 2026-09-21 08:32:07, 2026-09-21 08:46:45, 2026-09-21 09:01:49, 2026-09-21 09:16:56", "cumulative_total": 236.0 }, "geometry": { "type": "Polygon", "coordinates": [ [ [ -74.168285095716115, 45.990547477754539 ], [ -74.174701960127919, 45.993192186873621 ], [ -74.174624713233101, 45.998388002090913 ], [ -74.168129393756274, 46.000939091313832 ], [ -74.161711957348587, 45.998294012699006 ], [ -74.161790412406333, 45.993098214422702 ], [ -74.168285095716115, 45.990547477754539 ] ] ] } },
{ "type": "Feature", "properties": { "hex_id": 531814, "centroid_lon": -74.009449466388133, "centroid_lat": 45.846378716620656, "occurrences_today": 4, "datetimes_today": "2026-09-21 08:32:07, 2026-09-21 08:46:45, 2026-09-21 09:01:49, 2026-09-21 09:16:56", "cumulative_total": 175.0 }, "geometry": { "type": "Polygon", "coordinates": [ [ [ -74.009541680627834, 45.841183000324989 ], [ -74.015933777569288, 45.843836491433159 ], [ -74.015842149915557, 45.849032215311219 ], [ -74.009357226856423, 45.851574428026467 ], [ -74.002964568625288, 45.84892056779713 ], [ -74.003057394734384, 45.843724864039039 ], [ -74.009541680627834, 45.841183000324989 ] ] ] } },
{ "type": "Feature", "properties": { "hex_id": 346859, "centroid_lon": -75.967800060855922, "centroid_lat": 46.259681839175812, "occurrences_today": 8, "datetimes_today": "2026-09-21 07:02:45, 2026-09-21 07:16:53, 2026-09-21 07:31:44, 2026-09-21 07:47:19, 2026-09-21 08:01:53, 2026-09-21 08:16:51, 2026-09-21 08:32:07, 2026-09-21 08:46:45", "cumulative_total": 37.0 }, "geometry": { "type": "Polygon", "coordinates": [ [ [ -75.967708656476859, 46.254486464924128 ], [ -75.974240782503941, 46.257029060271087 ], [ -75.974332811974406, 46.262224422146929 ], [ -75.967891490436187, 46.26487720854513 ], [ -75.961358714112166, 46.2623342587857 ], [ -75.961267909631928, 46.257138877106883 ], [ -75.967708656476859, 46.254486464924128 ] ] ] } },
{ "type": "Feature", "properties": { "hex_id": 347469, "centroid_lon": -75.961177130179834, "centroid_lat": 46.251943490547546, "occurrences_today": 8, "datetimes_today": "2026-09-21 07:02:45, 2026-09-21 07:16:53, 2026-09-21 07:31:44, 2026-09-21 07:47:19, 2026-09-21 08:01:53, 2026-09-21 08:16:51, 2026-09-21 08:32:07, 2026-09-21 08:46:45", "cumulative_total": 37.0 }, "geometry": { "type": "Polygon", "coordinates": [ [ [ -75.961086375747342, 46.246748099107712 ], [ -75.967617277290415, 46.249291085790084 ], [ -75.967708656476859, 46.254486464924128 ], [ -75.961267909631928, 46.257138877106883 ], [ -75.954736358311024, 46.254595536038245 ], [ -75.954646203621479, 46.249400137239427 ], [ -75.961086375747342, 46.246748099107712 ] ] ] } },
{ "type": "Feature", "properties": { "hex_id": 764488, "centroid_lon": -71.48622286372067, "centroid_lat": 46.942434791945651, "occurrences_today": 11, "datetimes_today": "2026-09-21 00:01:49, 2026-09-21 00:16:40, 2026-09-21 00:32:40, 2026-09-21 00:46:59, 2026-09-21 01:01:51, 2026-09-21 01:16:40, 2026-09-21 01:31:48, 2026-09-21 01:46:52, 2026-09-21 02:01:46, 2026-09-21 02:17:02, 2026-09-21 02:31:51", "cumulative_total": 142.0 }, "geometry": { "type": "Polygon", "coordinates": [ [ [ -71.486562531269797, 46.937249078721095 ], [ -71.492949742132112, 46.94004322262861 ], [ -71.492610658215852, 46.945228968830165 ], [ -71.485883101836876, 46.947620498565975 ], [ -71.479495401692787, 46.9448259484045 ], [ -71.479835747176665, 46.939640274828328 ], [ -71.486562531269797, 46.937249078721095 ] ] ] } },
{ "type": "Feature", "properties": { "hex_id": 765099, "centroid_lon": -71.479154961683562, "centroid_lat": 46.950011615369192, "occurrences_today": 11, "datetimes_today": "2026-09-21 00:01:49, 2026-09-21 00:16:40, 2026-09-21 00:32:40, 2026-09-21 00:46:59, 2026-09-21 01:01:51, 2026-09-21 01:16:40, 2026-09-21 01:31:48, 2026-09-21 01:46:52, 2026-09-21 02:01:46, 2026-09-21 02:17:02, 2026-09-21 02:31:51", "cumulative_total": 144.0 }, "geometry": { "type": "Polygon", "coordinates": [ [ [ -71.479495401692787, 46.9448259484045 ], [ -71.485883101836876, 46.947620498565975 ], [ -71.485543245585546, 46.952806198581463 ], [ -71.478814427116092, 46.955197275721765 ], [ -71.472426237788795, 46.9524023191439 ], [ -71.472767356081278, 46.947216691909276 ], [ -71.479495401692787, 46.9448259484045 ] ] ] } },
{ "type": "Feature", "properties": { "hex_id": 583107, "centroid_lon": -73.463970287254355, "centroid_lat": 46.011830844392733, "occurrences_today": 2, "datetimes_today": "2026-09-21 09:01:49, 2026-09-21 09:16:56", "cumulative_total": 192.0 }, "geometry": { "type": "Polygon", "coordinates": [ [ [ -73.464114099522916, 46.006636371469966 ], [ -73.470498215859436, 46.009320209352275 ], [ -73.470354987820301, 46.014514695337667 ], [ -73.463826435468462, 46.017025312223993 ], [ -73.457441774426584, 46.014341097928579 ], [ -73.45758621042846, 46.009146643225584 ], [ -73.464114099522916, 46.006636371469966 ] ] ] } },
{ "type": "Feature", "properties": { "hex_id": 583717, "centroid_lon": -73.457730606753969, "centroid_lat": 46.003952183428211, "occurrences_today": 2, "datetimes_today": "2026-09-21 09:01:49, 2026-09-21 09:16:56", "cumulative_total": 150.0 }, "geometry": { "type": "Polygon", "coordinates": [ [ [ -73.457874963416629, 45.998757718536552 ], [ -73.464257872287604, 46.00144189345577 ], [ -73.464114099522916, 46.006636371469966 ], [ -73.45758621042846, 46.009146643225584 ], [ -73.451202757329114, 46.006462091936918 ], [ -73.451347737539137, 46.001267645327687 ], [ -73.457874963416629, 45.998757718536552 ] ] ] } },
{ "type": "Feature", "properties": { "hex_id": 548896, "centroid_lon": -73.833084406817051, "centroid_lat": 45.657635772246387, "occurrences_today": 5, "datetimes_today": "2026-09-21 08:16:51, 2026-09-21 08:32:07, 2026-09-21 08:46:45, 2026-09-21 09:01:49, 2026-09-21 09:16:56", "cumulative_total": 764.0 }, "geometry": { "type": "Polygon", "coordinates": [ [ [ -73.833192325120507, 45.652440185168778 ], [ -73.839554536585453, 45.655103340648843 ], [ -73.839447196679671, 45.660298937032486 ], [ -73.832976458984746, 45.662831354378994 ], [ -73.826613698655933, 45.660167830497258 ], [ -73.826722224875994, 45.654972257735572 ], [ -73.833192325120507, 45.652440185168778 ] ] ] } },
{ "type": "Feature", "properties": { "hex_id": 763269, "centroid_lon": -71.497305219293381, "centroid_lat": 46.97395160208881, "occurrences_today": 11, "datetimes_today": "2026-09-21 00:01:49, 2026-09-21 00:16:40, 2026-09-21 00:32:40, 2026-09-21 00:46:59, 2026-09-21 01:01:51, 2026-09-21 01:16:40, 2026-09-21 01:31:48, 2026-09-21 01:46:52, 2026-09-21 02:01:46, 2026-09-21 02:17:02, 2026-09-21 02:31:51", "cumulative_total": 165.0 }, "geometry": { "type": "Polygon", "coordinates": [ [ [ -71.497644189807829, 46.968765855931942 ], [ -71.504035677940678, 46.97155948352232 ], [ -71.50369729223091, 46.976745262568222 ], [ -71.496966154596322, 46.979137341651558 ], [ -71.490574175857773, 46.976343307467964 ], [ -71.490913825326729, 46.971157600861467 ], [ -71.497644189807829, 46.968765855931942 ] ] ] } },
{ "type": "Feature", "properties": { "hex_id": 763879, "centroid_lon": -71.491253380454879, "centroid_lat": 46.965971887654199, "occurrences_today": 11, "datetimes_today": "2026-09-21 00:01:49, 2026-09-21 00:16:40, 2026-09-21 00:32:40, 2026-09-21 00:46:59, 2026-09-21 01:01:51, 2026-09-21 01:16:40, 2026-09-21 01:31:48, 2026-09-21 01:46:52, 2026-09-21 02:01:46, 2026-09-21 02:17:02, 2026-09-21 02:31:51", "cumulative_total": 157.0 }, "geometry": { "type": "Polygon", "coordinates": [ [ [ -71.491592841275079, 46.960786167846798 ], [ -71.49798306617248, 46.963580103181563 ], [ -71.497644189807829, 46.968765855931942 ], [ -71.490913825326729, 46.971157600861467 ], [ -71.484523110298156, 46.968363258992404 ], [ -71.484863249849042, 46.963177578795317 ], [ -71.491592841275079, 46.960786167846798 ] ] ] } },
{ "type": "Feature", "properties": { "hex_id": 764489, "centroid_lon": -71.485203294933882, "centroid_lat": 46.957991891991455, "occurrences_today": 11, "datetimes_today": "2026-09-21 00:01:49, 2026-09-21 00:16:40, 2026-09-21 00:32:40, 2026-09-21 00:46:59, 2026-09-21 01:01:51, 2026-09-21 01:16:40, 2026-09-21 01:31:48, 2026-09-21 01:46:52, 2026-09-21 02:01:46, 2026-09-21 02:17:02, 2026-09-21 02:31:51", "cumulative_total": 136.0 }, "geometry": { "type": "Polygon", "coordinates": [ [ [ -71.485543245585546, 46.952806198581463 ], [ -71.491932207820099, 46.955600441439906 ], [ -71.491592841275079, 46.960786167846798 ], [ -71.484863249849042, 46.963177578795317 ], [ -71.478473797957463, 46.960382929461545 ], [ -71.478814427116092, 46.955197275721765 ], [ -71.485543245585546, 46.952806198581463 ] ] ] } },
{ "type": "Feature", "properties": { "hex_id": 765100, "centroid_lon": -71.478133074174806, "centroid_lat": 46.96556857658792, "occurrences_today": 11, "datetimes_today": "2026-09-21 00:01:49, 2026-09-21 00:16:40, 2026-09-21 00:32:40, 2026-09-21 00:46:59, 2026-09-21 01:01:51, 2026-09-21 01:16:40, 2026-09-21 01:31:48, 2026-09-21 01:46:52, 2026-09-21 02:01:46, 2026-09-21 02:17:02, 2026-09-21 02:31:51", "cumulative_total": 110.0 }, "geometry": { "type": "Polygon", "coordinates": [ [ [ -71.478473797957463, 46.960382929461545 ], [ -71.484863249849042, 46.963177578795317 ], [ -71.484523110298156, 46.968363258992404 ], [ -71.477792255735139, 46.970754217100229 ], [ -71.471402314285228, 46.96795916112864 ], [ -71.471743716923726, 46.962773553754225 ], [ -71.478473797957463, 46.960382929461545 ] ] ] } },
{ "type": "Feature", "properties": { "hex_id": 765710, "centroid_lon": -71.472085024747273, "centroid_lat": 46.957587939759101, "occurrences_today": 11, "datetimes_today": "2026-09-21 00:01:49, 2026-09-21 00:16:40, 2026-09-21 00:32:40, 2026-09-21 00:46:59, 2026-09-21 01:01:51, 2026-09-21 01:16:40, 2026-09-21 01:31:48, 2026-09-21 01:46:52, 2026-09-21 02:01:46, 2026-09-21 02:17:02, 2026-09-21 02:31:51", "cumulative_total": 110.0 }, "geometry": { "type": "Polygon", "coordinates": [ [ [ -71.472426237788795, 46.9524023191439 ], [ -71.478814427116092, 46.955197275721765 ], [ -71.478473797957463, 46.960382929461545 ], [ -71.471743716923726, 46.962773553754225 ], [ -71.465355038512016, 46.959978190597568 ], [ -71.465696930185473, 46.954792609794204 ], [ -71.472426237788795, 46.9524023191439 ] ] ] } },
{ "type": "Feature", "properties": { "hex_id": 777302, "centroid_lon": -71.355399142828546, "centroid_lat": 46.837013343369975, "occurrences_today": 10, "datetimes_today": "2026-09-21 00:01:49, 2026-09-21 00:16:40, 2026-09-21 00:32:40, 2026-09-21 00:46:59, 2026-09-21 01:01:51, 2026-09-21 01:16:40, 2026-09-21 01:31:48, 2026-09-21 01:46:52, 2026-09-21 02:01:46, 2026-09-21 02:17:02", "cumulative_total": 283.0 }, "geometry": { "type": "Polygon", "coordinates": [ [ [ -71.355750145476449, 46.831828275925425 ], [ -71.362117920657766, 46.834629233292461 ], [ -71.361767496237675, 46.839814334918692 ], [ -71.35504804285074, 46.842198404075056 ], [ -71.348679786788381, 46.839397040813097 ], [ -71.349031464960248, 46.83421201435651 ], [ -71.355750145476449, 46.831828275925425 ] ] ] } },
{ "type": "Feature", "properties": { "hex_id": 762048, "centroid_lon": -71.510427844886166, "centroid_lat": 46.974352770319108, "occurrences_today": 11, "datetimes_today": "2026-09-21 00:01:49, 2026-09-21 00:16:40, 2026-09-21 00:32:40, 2026-09-21 00:46:59, 2026-09-21 01:01:51, 2026-09-21 01:16:40, 2026-09-21 01:31:48, 2026-09-21 01:46:52, 2026-09-21 02:01:46, 2026-09-21 02:17:02, 2026-09-21 02:31:51", "cumulative_total": 106.0 }, "geometry": { "type": "Polygon", "coordinates": [ [ [ -71.510765551766966, 46.969166951864516 ], [ -71.517157812529447, 46.971959865000258 ], [ -71.516820690676994, 46.97714571621605 ], [ -71.510090044172074, 46.979538582193427 ], [ -71.50369729223091, 46.976745262568222 ], [ -71.504035677940678, 46.97155948352232 ], [ -71.510765551766966, 46.969166951864516 ] ] ] } },
{ "type": "Feature", "properties": { "hex_id": 762657, "centroid_lon": -71.505388281190733, "centroid_lat": 46.950816301476173, "occurrences_today": 11, "datetimes_today": "2026-09-21 00:01:49, 2026-09-21 00:16:40, 2026-09-21 00:32:40, 2026-09-21 00:46:59, 2026-09-21 01:01:51, 2026-09-21 01:16:40, 2026-09-21 01:31:48, 2026-09-21 01:46:52, 2026-09-21 02:01:46, 2026-09-21 02:17:02, 2026-09-21 02:31:51", "cumulative_total": 106.0 }, "geometry": { "type": "Polygon", "coordinates": [ [ [ -71.505726197269382, 46.945630489502129 ], [ -71.512115441609694, 46.948423612255887 ], [ -71.511778109735829, 46.953609457025323 ], [ -71.505050271251207, 46.956002106865832 ], [ -71.498660536583301, 46.953208577902807 ], [ -71.498999130694969, 46.948022805375722 ], [ -71.505726197269382, 46.945630489502129 ] ] ] } },
{ "type": "Feature", "properties": { "hex_id": 763267, "centroid_lon": -71.499337630787721, "centroid_lat": 46.942837026257656, "occurrences_today": 11, "datetimes_today": "2026-09-21 00:01:49, 2026-09-21 00:16:40, 2026-09-21 00:32:40, 2026-09-21 00:46:59, 2026-09-21 01:01:51, 2026-09-21 01:16:40, 2026-09-21 01:31:48, 2026-09-21 01:46:52, 2026-09-21 02:01:46, 2026-09-21 02:17:02, 2026-09-21 02:31:51", "cumulative_total": 47.0 }, "geometry": { "type": "Polygon", "coordinates": [ [ [ -71.4996760368943, 46.937651240549243 ], [ -71.506064019519783, 46.940444670944373 ], [ -71.505726197269382, 46.945630489502129 ], [ -71.498999130694969, 46.948022805375722 ], [ -71.492610658215852, 46.945228968830165 ], [ -71.492949742132112, 46.94004322262861 ], [ -71.4996760368943, 46.937651240549243 ] ] ] } },
{ "type": "Feature", "properties": { "hex_id": 763877, "centroid_lon": -71.493288731904272, "centroid_lat": 46.934857469830092, "occurrences_today": 11, "datetimes_today": "2026-09-21 00:01:49, 2026-09-21 00:16:40, 2026-09-21 00:32:40, 2026-09-21 00:46:59, 2026-09-21 01:01:51, 2026-09-21 01:16:40, 2026-09-21 01:31:48, 2026-09-21 01:46:52, 2026-09-21 02:01:46, 2026-09-21 02:17:02, 2026-09-21 02:31:51", "cumulative_total": 47.0 }, "geometry": { "type": "Polygon", "coordinates": [ [ [ -71.493627627565104, 46.929671710435265 ], [ -71.500014349047362, 46.932465448251136 ], [ -71.4996760368943, 46.937651240549243 ], [ -71.492949742132112, 46.94004322262861 ], [ -71.486562531269797, 46.937249078721095 ], [ -71.486902104517, 46.932063358892989 ], [ -71.493627627565104, 46.929671710435265 ] ] ] } },
{ "type": "Feature", "properties": { "hex_id": 765708, "centroid_lon": -71.474130882419686, "centroid_lat": 46.926474116789393, "occurrences_today": 11, "datetimes_today": "2026-09-21 00:01:49, 2026-09-21 00:16:40, 2026-09-21 00:32:40, 2026-09-21 00:46:59, 2026-09-21 01:01:51, 2026-09-21 01:16:40, 2026-09-21 01:31:48, 2026-09-21 01:46:52, 2026-09-21 02:01:46, 2026-09-21 02:17:02, 2026-09-21 02:31:51", "cumulative_total": 84.0 }, "geometry": { "type": "Polygon", "coordinates": [ [ [ -71.474471527460935, 46.921288456467281 ], [ -71.480856216804639, 46.924083214437246 ], [ -71.480516154699743, 46.929268907844062 ], [ -71.473790142793987, 46.931659770495287 ], [ -71.46740496511481, 46.928864606389212 ], [ -71.46774628764399, 46.923678985835103 ], [ -71.474471527460935, 46.921288456467281 ] ] ] } },
{ "type": "Feature", "properties": { "hex_id": 766318, "centroid_lon": -71.468087515431151, "centroid_lat": 46.918493358658118, "occurrences_today": 11, "datetimes_today": "2026-09-21 00:01:49, 2026-09-21 00:16:40, 2026-09-21 00:32:40, 2026-09-21 00:46:59, 2026-09-21 01:01:51, 2026-09-21 01:16:40, 2026-09-21 01:31:48, 2026-09-21 01:46:52, 2026-09-21 02:01:46, 2026-09-21 02:17:02, 2026-09-21 02:31:51", "cumulative_total": 84.0 }, "geometry": { "type": "Polygon", "coordinates": [ [ [ -71.468428648509217, 46.913307724858939 ], [ -71.474812077950617, 46.916102789529603 ], [ -71.474471527460935, 46.921288456467281 ], [ -71.46774628764399, 46.923678985835103 ], [ -71.461362370339728, 46.920883515087255 ], [ -71.461704180682375, 46.915697921115836 ], [ -71.468428648509217, 46.913307724858939 ] ] ] } },
{ "type": "Feature", "properties": { "hex_id": 766928, "centroid_lon": -71.4620458961585, "centroid_lat": 46.910512320515544, "occurrences_today": 11, "datetimes_today": "2026-09-21 00:01:49, 2026-09-21 00:16:40, 2026-09-21 00:32:40, 2026-09-21 00:46:59, 2026-09-21 01:01:51, 2026-09-21 01:16:40, 2026-09-21 01:31:48, 2026-09-21 01:46:52, 2026-09-21 02:01:46, 2026-09-21 02:17:02, 2026-09-21 02:31:51", "cumulative_total": 84.0 }, "geometry": { "type": "Polygon", "coordinates": [ [ [ -71.462387516801044, 46.905326713287003 ], [ -71.468769686911131, 46.908122084438176 ], [ -71.468428648509217, 46.913307724858939 ], [ -71.461704180682375, 46.915697921115836 ], [ -71.455321523181695, 46.912902143946489 ], [ -71.455663820865524, 46.907716576605466 ], [ -71.462387516801044, 46.905326713287003 ] ] ] } },
{ "type": "Feature", "properties": { "hex_id": 766929, "centroid_lon": -71.461020465097576, "centroid_lat": 46.92606910242916, "occurrences_today": 11, "datetimes_today": "2026-09-21 00:01:49, 2026-09-21 00:16:40, 2026-09-21 00:32:40, 2026-09-21 00:46:59, 2026-09-21 01:01:51, 2026-09-21 01:16:40, 2026-09-21 01:31:48, 2026-09-21 01:46:52, 2026-09-21 02:01:46, 2026-09-21 02:17:02, 2026-09-21 02:31:51", "cumulative_total": 87.0 }, "geometry": { "type": "Polygon", "coordinates": [ [ [ -71.461362370339728, 46.920883515087255 ], [ -71.46774628764399, 46.923678985835103 ], [ -71.46740496511481, 46.928864606389212 ], [ -71.460678464922935, 46.931254683140864 ], [ -71.454294059854689, 46.928458806153685 ], [ -71.454636642709318, 46.923273258721245 ], [ -71.461362370339728, 46.920883515087255 ] ] ] } },
{ "type": "Feature", "properties": { "hex_id": 767538, "centroid_lon": -71.456006023558444, "centroid_lat": 46.902531002629544, "occurrences_today": 11, "datetimes_today": "2026-09-21 00:01:49, 2026-09-21 00:16:40, 2026-09-21 00:32:40, 2026-09-21 00:46:59, 2026-09-21 01:01:51, 2026-09-21 01:16:40, 2026-09-21 01:31:48, 2026-09-21 01:46:52, 2026-09-21 02:01:46, 2026-09-21 02:17:02, 2026-09-21 02:31:51", "cumulative_total": 84.0 }, "geometry": { "type": "Polygon", "coordinates": [ [ [ -71.456348131293481, 46.89734542201937 ], [ -71.462729042642977, 46.90014109943089 ], [ -71.462387516801044, 46.905326713287003 ], [ -71.455663820865524, 46.907716576605466 ], [ -71.449282422597321, 46.904920493234748 ], [ -71.449625207150362, 46.899734952571784 ], [ -71.456348131293481, 46.89734542201937 ] ] ] } },
{ "type": "Feature", "properties": { "hex_id": 767539, "centroid_lon": -71.454979130473973, "centroid_lat": 46.918087704651967, "occurrences_today": 11, "datetimes_today": "2026-09-21 00:01:49, 2026-09-21 00:16:40, 2026-09-21 00:32:40, 2026-09-21 00:46:59, 2026-09-21 01:01:51, 2026-09-21 01:16:40, 2026-09-21 01:31:48, 2026-09-21 01:46:52, 2026-09-21 02:01:46, 2026-09-21 02:17:02, 2026-09-21 02:31:51", "cumulative_total": 84.0 }, "geometry": { "type": "Polygon", "coordinates": [ [ [ -71.455321523181695, 46.912902143946489 ], [ -71.461704180682375, 46.915697921115836 ], [ -71.461362370339728, 46.920883515087255 ], [ -71.454636642709318, 46.923273258721245 ], [ -71.448253497917008, 46.920477075371579 ], [ -71.448596568013699, 46.915291554635296 ], [ -71.455321523181695, 46.912902143946489 ] ] ] } },
{ "type": "Feature", "properties": { "hex_id": 768149, "centroid_lon": -71.448939542896113, "centroid_lat": 46.910106027256141, "occurrences_today": 11, "datetimes_today": "2026-09-21 00:01:49, 2026-09-21 00:16:40, 2026-09-21 00:32:40, 2026-09-21 00:46:59, 2026-09-21 01:01:51, 2026-09-21 01:16:40, 2026-09-21 01:31:48, 2026-09-21 01:46:52, 2026-09-21 02:01:46, 2026-09-21 02:17:02, 2026-09-21 02:31:51", "cumulative_total": 84.0 }, "geometry": { "type": "Polygon", "coordinates": [ [ [ -71.449282422597321, 46.904920493234748 ], [ -71.455663820865524, 46.907716576605466 ], [ -71.455321523181695, 46.912902143946489 ], [ -71.448596568013699, 46.915291554635296 ], [ -71.442214682925865, 46.912495065143325 ], [ -71.442558239792575, 46.90730957115084 ], [ -71.449282422597321, 46.904920493234748 ] ] ] } },
{ "type": "Feature", "properties": { "hex_id": 768150, "centroid_lon": -71.447910332572931, "centroid_lat": 46.925662589464331, "occurrences_today": 11, "datetimes_today": "2026-09-21 00:01:49, 2026-09-21 00:16:40, 2026-09-21 00:32:40, 2026-09-21 00:46:59, 2026-09-21 01:01:51, 2026-09-21 01:16:40, 2026-09-21 01:31:48, 2026-09-21 01:46:52, 2026-09-21 02:01:46, 2026-09-21 02:17:02, 2026-09-21 02:31:51", "cumulative_total": 88.0 }, "geometry": { "type": "Polygon", "coordinates": [ [ [ -71.448253497917008, 46.920477075371579 ], [ -71.454636642709318, 46.923273258721245 ], [ -71.454294059854689, 46.928458806153685 ], [ -71.44756707194837, 46.930848096912896 ], [ -71.441183439963652, 46.928051507220758 ], [ -71.44152728304455, 46.922866033178948 ], [ -71.448253497917008, 46.920477075371579 ] ] ] } },
{ "type": "Feature", "properties": { "hex_id": 768151, "centroid_lon": -71.446880264725252, "centroid_lat": 46.941219091874849, "occurrences_today": 11, "datetimes_today": "2026-09-21 00:01:49, 2026-09-21 00:16:40, 2026-09-21 00:32:40, 2026-09-21 00:46:59, 2026-09-21 01:01:51, 2026-09-21 01:16:40, 2026-09-21 01:31:48, 2026-09-21 01:46:52, 2026-09-21 02:01:46, 2026-09-21 02:17:02, 2026-09-21 02:31:51", "cumulative_total": 47.0 }, "geometry": { "type": "Polygon", "coordinates": [ [ [ -71.447223716010186, 46.936033597716602 ], [ -71.453608608743309, 46.938829881105391 ], [ -71.453265740420363, 46.944015408623379 ], [ -71.446536718060415, 46.946404579386936 ], [ -71.440151337761804, 46.94360788943434 ], [ -71.440495467355476, 46.938422435349111 ], [ -71.447223716010186, 46.936033597716602 ] ] ] } },
{ "type": "Feature", "properties": { "hex_id": 768759, "centroid_lon": -71.442901701320849, "centroid_lat": 46.90212407050943, "occurrences_today": 11, "datetimes_today": "2026-09-21 00:01:49, 2026-09-21 00:16:40, 2026-09-21 00:32:40, 2026-09-21 00:46:59, 2026-09-21 01:01:51, 2026-09-21 01:16:40, 2026-09-21 01:31:48, 2026-09-21 01:46:52, 2026-09-21 02:01:46, 2026-09-21 02:17:02, 2026-09-21 02:31:51", "cumulative_total": 84.0 }, "geometry": { "type": "Polygon", "coordinates": [ [ [ -71.443245067543785, 46.896938563219763 ], [ -71.449625207150362, 46.899734952571784 ], [ -71.449282422597321, 46.904920493234748 ], [ -71.442558239792575, 46.90730957115084 ], [ -71.436177613837998, 46.904512775736634 ], [ -71.436521657003055, 46.899327308535511 ], [ -71.443245067543785, 46.896938563219763 ] ] ] } },
{ "type": "Feature", "properties": { "hex_id": 768761, "centroid_lon": -71.440839501411688, "centroid_lat": 46.933236974611034, "occurrences_today": 11, "datetimes_today": "2026-09-21 00:01:49, 2026-09-21 00:16:40, 2026-09-21 00:32:40, 2026-09-21 00:46:59, 2026-09-21 01:01:51, 2026-09-21 01:16:40, 2026-09-21 01:31:48, 2026-09-21 01:46:52, 2026-09-21 02:01:46, 2026-09-21 02:17:02, 2026-09-21 02:31:51", "cumulative_total": 47.0 }, "geometry": { "type": "Polygon", "coordinates": [ [ [ -71.441183439963652, 46.928051507220758 ], [ -71.44756707194837, 46.930848096912896 ], [ -71.447223716010186, 46.936033597716602 ], [ -71.440495467355476, 46.938422435349111 ], [ -71.434111348277824, 46.935625439152318 ], [ -71.434455964914619, 46.930440011894774 ], [ -71.441183439963652, 46.928051507220758 ] ] ] } },
{ "type": "Feature", "properties": { "hex_id": 769369, "centroid_lon": -71.436865604705645, "centroid_lat": 46.894141834679466, "occurrences_today": 11, "datetimes_today": "2026-09-21 00:01:49, 2026-09-21 00:16:40, 2026-09-21 00:32:40, 2026-09-21 00:46:59, 2026-09-21 01:01:51, 2026-09-21 01:16:40, 2026-09-21 01:31:48, 2026-09-21 01:46:52, 2026-09-21 02:01:46, 2026-09-21 02:17:02, 2026-09-21 02:31:51", "cumulative_total": 72.0 }, "geometry": { "type": "Polygon", "coordinates": [ [ [ -71.437209456978948, 46.888956354169089 ], [ -71.443588338494493, 46.891753049282485 ], [ -71.443245067543785, 46.896938563219763 ], [ -71.436521657003055, 46.899327308535511 ], [ -71.430142289610785, 46.896530207419055 ], [ -71.430486818602844, 46.8913447670569 ], [ -71.437209456978948, 46.888956354169089 ] ] ] } },
{ "type": "Feature", "properties": { "hex_id": 769370, "centroid_lon": -71.435833475177333, "centroid_lat": 46.909698236282125, "occurrences_today": 11, "datetimes_today": "2026-09-21 00:01:49, 2026-09-21 00:16:40, 2026-09-21 00:32:40, 2026-09-21 00:46:59, 2026-09-21 01:01:51, 2026-09-21 01:16:40, 2026-09-21 01:31:48, 2026-09-21 01:46:52, 2026-09-21 02:01:46, 2026-09-21 02:17:02, 2026-09-21 02:31:51", "cumulative_total": 84.0 }, "geometry": { "type": "Polygon", "coordinates": [ [ [ -71.436177613837998, 46.904512775736634 ], [ -71.442558239792575, 46.90730957115084 ], [ -71.442214682925865, 46.912495065143325 ], [ -71.435489240987863, 46.914883690171344 ], [ -71.429108128784733, 46.912086488532942 ], [ -71.429452944734962, 46.906901068157758 ], [ -71.436177613837998, 46.904512775736634 ] ] ] } },
{ "type": "Feature", "properties": { "hex_id": 769371, "centroid_lon": -71.434800485889738, "centroid_lat": 46.925254577978329, "occurrences_today": 11, "datetimes_today": "2026-09-21 00:01:49, 2026-09-21 00:16:40, 2026-09-21 00:32:40, 2026-09-21 00:46:59, 2026-09-21 01:01:51, 2026-09-21 01:16:40, 2026-09-21 01:31:48, 2026-09-21 01:46:52, 2026-09-21 02:01:46, 2026-09-21 02:17:02, 2026-09-21 02:31:51", "cumulative_total": 47.0 }, "geometry": { "type": "Polygon", "coordinates": [ [ [ -71.435144911236407, 46.92006913740363 ], [ -71.44152728304455, 46.922866033178948 ], [ -71.441183439963652, 46.928051507220758 ], [ -71.434455964914619, 46.930440011894774 ], [ -71.428073106485755, 46.927642709674011 ], [ -71.428418209693405, 46.92245730929173 ], [ -71.435144911236407, 46.92006913740363 ] ] ] } },
{ "type": "Feature", "properties": { "hex_id": 769979, "centroid_lon": -71.430831252008574, "centroid_lat": 46.886159320033713, "occurrences_today": 11, "datetimes_today": "2026-09-21 00:01:49, 2026-09-21 00:16:40, 2026-09-21 00:32:40, 2026-09-21 00:46:59, 2026-09-21 01:01:51, 2026-09-21 01:16:40, 2026-09-21 01:31:48, 2026-09-21 01:46:52, 2026-09-21 02:01:46, 2026-09-21 02:17:02, 2026-09-21 02:31:51", "cumulative_total": 72.0 }, "geometry": { "type": "Polygon", "coordinates": [ [ [ -71.431175589861212, 46.880973866350182 ], [ -71.437553213856077, 46.883770867005069 ], [ -71.437209456978948, 46.888956354169089 ], [ -71.430486818602844, 46.8913447670569 ], [ -71.424108709202187, 46.888547360458062 ], [ -71.424453723550258, 46.883361946982326 ], [ -71.431175589861212, 46.880973866350182 ] ] ] } },
{ "type": "Feature", "properties": { "hex_id": 769980, "centroid_lon": -71.429797664999242, "centroid_lat": 46.901715641119573, "occurrences_today": 11, "datetimes_today": "2026-09-21 00:01:49, 2026-09-21 00:16:40, 2026-09-21 00:32:40, 2026-09-21 00:46:59, 2026-09-21 01:01:51, 2026-09-21 01:16:40, 2026-09-21 01:31:48, 2026-09-21 01:46:52, 2026-09-21 02:01:46, 2026-09-21 02:17:02, 2026-09-21 02:31:51", "cumulative_total": 84.0 }, "geometry": { "type": "Polygon", "coordinates": [ [ [ -71.430142289610785, 46.896530207419055 ], [ -71.436521657003055, 46.899327308535511 ], [ -71.436177613837998, 46.904512775736634 ], [ -71.429452944734962, 46.906901068157758 ], [ -71.423073091565541, 46.904103560876266 ], [ -71.423418393243082, 46.898918167405675 ], [ -71.430142289610785, 46.896530207419055 ] ] ] } },
{ "type": "Feature", "properties": { "hex_id": 769981, "centroid_lon": -71.428763217115304, "centroid_lat": 46.917271902244494, "occurrences_today": 11, "datetimes_today": "2026-09-21 00:01:49, 2026-09-21 00:16:40, 2026-09-21 00:32:40, 2026-09-21 00:46:59, 2026-09-21 01:01:51, 2026-09-21 01:16:40, 2026-09-21 01:31:48, 2026-09-21 01:46:52, 2026-09-21 02:01:46, 2026-09-21 02:17:02, 2026-09-21 02:31:51", "cumulative_total": 84.0 }, "geometry": { "type": "Polygon", "coordinates": [ [ [ -71.429108128784733, 46.912086488532942 ], [ -71.435489240987863, 46.914883690171344 ], [ -71.435144911236407, 46.92006913740363 ], [ -71.428418209693405, 46.92245730929173 ], [ -71.422036611341412, 46.919659701267115 ], [ -71.422382200648002, 46.914474327807639 ], [ -71.429108128784733, 46.912086488532942 ] ] ] } },
{ "type": "Feature", "properties": { "hex_id": 770590, "centroid_lon": -71.42376359911087, "centroid_lat": 46.893732767266073, "occurrences_today": 11, "datetimes_today": "2026-09-21 00:01:49, 2026-09-21 00:16:40, 2026-09-21 00:32:40, 2026-09-21 00:46:59, 2026-09-21 01:01:51, 2026-09-21 01:16:40, 2026-09-21 01:31:48, 2026-09-21 01:46:52, 2026-09-21 02:01:46, 2026-09-21 02:17:02, 2026-09-21 02:31:51", "cumulative_total": 72.0 }, "geometry": { "type": "Polygon", "coordinates": [ [ [ -71.424108709202187, 46.888547360458062 ], [ -71.430486818602844, 46.8913447670569 ], [ -71.430142289610785, 46.896530207419055 ], [ -71.423418393243082, 46.898918167405675 ], [ -71.41703979853628, 46.896120354701019 ], [ -71.417385585470086, 46.890934988182543 ], [ -71.424108709202187, 46.888547360458062 ] ] ] } },
{ "type": "Feature", "properties": { "hex_id": 770591, "centroid_lon": -71.422727694044937, "centroid_lat": 46.90928894767714, "occurrences_today": 11, "datetimes_today": "2026-09-21 00:01:49, 2026-09-21 00:16:40, 2026-09-21 00:32:40, 2026-09-21 00:46:59, 2026-09-21 01:01:51, 2026-09-21 01:16:40, 2026-09-21 01:31:48, 2026-09-21 01:46:52, 2026-09-21 02:01:46, 2026-09-21 02:17:02, 2026-09-21 02:31:51", "cumulative_total": 72.0 }, "geometry": { "type": "Polygon", "coordinates": [ [ [ -71.423073091565541, 46.904103560876266 ], [ -71.429452944734962, 46.906901068157758 ], [ -71.429108128784733, 46.912086488532942 ], [ -71.422382200648002, 46.914474327807639 ], [ -71.416001861801206, 46.91167641419915 ], [ -71.416347936735193, 46.90649106771 ], [ -71.423073091565541, 46.904103560876266 ] ] ] } },
{ "type": "Feature", "properties": { "hex_id": 771200, "centroid_lon": -71.417731276470477, "centroid_lat": 46.885749614988946, "occurrences_today": 11, "datetimes_today": "2026-09-21 00:01:49, 2026-09-21 00:16:40, 2026-09-21 00:32:40, 2026-09-21 00:46:59, 2026-09-21 01:01:51, 2026-09-21 01:16:40, 2026-09-21 01:31:48, 2026-09-21 01:46:52, 2026-09-21 02:01:46, 2026-09-21 02:17:02, 2026-09-21 02:31:51", "cumulative_total": 72.0 }, "geometry": { "type": "Polygon", "coordinates": [ [ [ -71.418076871570776, 46.880564235120893 ], [ -71.424453723550258, 46.883361946982326 ], [ -71.424108709202187, 46.888547360458062 ], [ -71.417385585470086, 46.890934988182543 ], [ -71.411008248655122, 46.888136870274487 ], [ -71.411354520374445, 46.882951530755541 ], [ -71.418076871570776, 46.880564235120893 ] ] ] } },
{ "type": "Feature", "properties": { "hex_id": 771201, "centroid_lon": -71.416693915635761, "centroid_lat": 46.901305714543732, "occurrences_today": 11, "datetimes_today": "2026-09-21 00:01:49, 2026-09-21 00:16:40, 2026-09-21 00:32:40, 2026-09-21 00:46:59, 2026-09-21 01:01:51, 2026-09-21 01:16:40, 2026-09-21 01:31:48, 2026-09-21 01:46:52, 2026-09-21 02:01:46, 2026-09-21 02:17:02, 2026-09-21 02:31:51", "cumulative_total": 72.0 }, "geometry": { "type": "Polygon", "coordinates": [ [ [ -71.41703979853628, 46.896120354701019 ], [ -71.423418393243082, 46.898918167405675 ], [ -71.423073091565541, 46.904103560876266 ], [ -71.416347936735193, 46.90649106771 ], [ -71.409968856822175, 46.903692848737577 ], [ -71.410315416912354, 46.898507529266176 ], [ -71.41703979853628, 46.896120354701019 ] ] ] } },
{ "type": "Feature", "properties": { "hex_id": 771809, "centroid_lon": -71.412738647016056, "centroid_lat": 46.862210105874567, "occurrences_today": 11, "datetimes_today": "2026-09-21 00:01:49, 2026-09-21 00:16:40, 2026-09-21 00:32:40, 2026-09-21 00:46:59, 2026-09-21 01:01:51, 2026-09-21 01:16:40, 2026-09-21 01:31:48, 2026-09-21 01:46:52, 2026-09-21 02:01:46, 2026-09-21 02:17:02, 2026-09-21 02:31:51", "cumulative_total": 68.0 }, "geometry": { "type": "Polygon", "coordinates": [ [ [ -71.413084438784125, 46.85702473295639 ], [ -71.419458293636453, 46.85982264891755 ], [ -71.419113081803843, 46.865008055476729 ], [ -71.412392759324362, 46.867395472114247 ], [ -71.40601842047684, 46.864597150386622 ], [ -71.406364888070712, 46.859411817854848 ], [ -71.413084438784125, 46.85702473295639 ] ] ] } },
{ "type": "Feature", "properties": { "hex_id": 771810, "centroid_lon": -71.411700696036846, "centroid_lat": 46.877766184555398, "occurrences_today": 11, "datetimes_today": "2026-09-21 00:01:49, 2026-09-21 00:16:40, 2026-09-21 00:32:40, 2026-09-21 00:46:59, 2026-09-21 01:01:51, 2026-09-21 01:16:40, 2026-09-21 01:31:48, 2026-09-21 01:46:52, 2026-09-21 02:01:46, 2026-09-21 02:17:02, 2026-09-21 02:31:51", "cumulative_total": 72.0 }, "geometry": { "type": "Polygon", "coordinates": [ [ [ -71.412046775675719, 46.872580831674746 ], [ -71.418422370804251, 46.875378848579068 ], [ -71.418076871570776, 46.880564235120893 ], [ -71.411354520374445, 46.882951530755541 ], [ -71.40497844088074, 46.880153107863812 ], [ -71.405325196915229, 46.874967795391775 ], [ -71.412046775675719, 46.872580831674746 ] ] ] } },
{ "type": "Feature", "properties": { "hex_id": 771811, "centroid_lon": -71.410661880845552, "centroid_lat": 46.893322203111595, "occurrences_today": 11, "datetimes_today": "2026-09-21 00:01:49, 2026-09-21 00:16:40, 2026-09-21 00:32:40, 2026-09-21 00:46:59, 2026-09-21 01:01:51, 2026-09-21 01:16:40, 2026-09-21 01:31:48, 2026-09-21 01:46:52, 2026-09-21 02:01:46, 2026-09-21 02:17:02, 2026-09-21 02:31:51", "cumulative_total": 72.0 }, "geometry": { "type": "Polygon", "coordinates": [ [ [ -71.411008248655122, 46.888136870274487 ], [ -71.417385585470086, 46.890934988182543 ], [ -71.41703979853628, 46.896120354701019 ], [ -71.410315416912354, 46.898507529266176 ], [ -71.403937595361938, 46.895709005149655 ], [ -71.404284640137519, 46.890523712743423 ], [ -71.411008248655122, 46.888136870274487 ] ] ] } },
{ "type": "Feature", "properties": { "hex_id": 771812, "centroid_lon": -71.409622200541548, "centroid_lat": 46.908878161525138, "occurrences_today": 11, "datetimes_today": "2026-09-21 00:01:49, 2026-09-21 00:16:40, 2026-09-21 00:32:40, 2026-09-21 00:46:59, 2026-09-21 01:01:51, 2026-09-21 01:16:40, 2026-09-21 01:31:48, 2026-09-21 01:46:52, 2026-09-21 02:01:46, 2026-09-21 02:17:02, 2026-09-21 02:31:51", "cumulative_total": 47.0 }, "geometry": { "type": "Polygon", "coordinates": [ [ [ -71.409968856822175, 46.903692848737577 ], [ -71.416347936735193, 46.90649106771 ], [ -71.416001861801206, 46.91167641419915 ], [ -71.409275448037093, 46.914063467628168 ], [ -71.40289588301799, 46.911264842226068 ], [ -71.403243216835634, 46.906079569891659 ], [ -71.409968856822175, 46.903692848737577 ] ] ] } },
{ "type": "Feature", "properties": { "hex_id": 772421, "centroid_lon": -71.404631588632654, "centroid_lat": 46.885338413647922, "occurrences_today": 11, "datetimes_today": "2026-09-21 00:01:49, 2026-09-21 00:16:40, 2026-09-21 00:32:40, 2026-09-21 00:46:59, 2026-09-21 01:01:51, 2026-09-21 01:16:40, 2026-09-21 01:31:48, 2026-09-21 01:46:52, 2026-09-21 02:01:46, 2026-09-21 02:17:02, 2026-09-21 02:31:51", "cumulative_total": 72.0 }, "geometry": { "type": "Polygon", "coordinates": [ [ [ -71.40497844088074, 46.880153107863812 ], [ -71.411354520374445, 46.882951530755541 ], [ -71.411008248655122, 46.888136870274487 ], [ -71.404284640137519, 46.890523712743423 ], [ -71.397908076378798, 46.887724883702511 ], [ -71.398255605369286, 46.882539618408806 ], [ -71.40497844088074, 46.880153107863812 ] ] ] } },
{ "type": "Feature", "properties": { "hex_id": 772422, "centroid_lon": -71.403590454272461, "centroid_lat": 46.900894290865956, "occurrences_today": 11, "datetimes_today": "2026-09-21 00:01:49, 2026-09-21 00:16:40, 2026-09-21 00:32:40, 2026-09-21 00:46:59, 2026-09-21 01:01:51, 2026-09-21 01:16:40, 2026-09-21 01:31:48, 2026-09-21 01:46:52, 2026-09-21 02:01:46, 2026-09-21 02:17:02, 2026-09-21 02:31:51", "cumulative_total": 72.0 }, "geometry": { "type": "Polygon", "coordinates": [ [ [ -71.403937595361938, 46.895709005149655 ], [ -71.410315416912354, 46.898507529266176 ], [ -71.409968856822175, 46.903692848737577 ], [ -71.403243216835634, 46.906079569891659 ], [ -71.396864910650024, 46.903280639404784 ], [ -71.397212729052669, 46.898095394201171 ], [ -71.403937595361938, 46.895709005149655 ] ] ] } },
{ "type": "Feature", "properties": { "hex_id": 773031, "centroid_lon": -71.398603037956036, "centroid_lat": 46.877354346419743, "occurrences_today": 11, "datetimes_today": "2026-09-21 00:01:49, 2026-09-21 00:16:40, 2026-09-21 00:32:40, 2026-09-21 00:46:59, 2026-09-21 01:01:51, 2026-09-21 01:16:40, 2026-09-21 01:31:48, 2026-09-21 01:46:52, 2026-09-21 02:01:46, 2026-09-21 02:17:02, 2026-09-21 02:31:51", "cumulative_total": 72.0 }, "geometry": { "type": "Polygon", "coordinates": [ [ [ -71.3989503741725, 46.872169067736003 ], [ -71.405325196915229, 46.874967795391775 ], [ -71.40497844088074, 46.880153107863812 ], [ -71.398255605369286, 46.882539618408806 ], [ -71.391880298831595, 46.879740484663166 ], [ -71.392228311566868, 46.874555246529312 ], [ -71.3989503741725, 46.872169067736003 ] ] ] } },
{ "type": "Feature", "properties": { "hex_id": 773032, "centroid_lon": -71.397560450951076, "centroid_lat": 46.892910142300209, "occurrences_today": 11, "datetimes_today": "2026-09-21 00:01:49, 2026-09-21 00:16:40, 2026-09-21 00:32:40, 2026-09-21 00:46:59, 2026-09-21 01:01:51, 2026-09-21 01:16:40, 2026-09-21 01:31:48, 2026-09-21 01:46:52, 2026-09-21 02:01:46, 2026-09-21 02:17:02, 2026-09-21 02:31:51", "cumulative_total": 72.0 }, "geometry": { "type": "Polygon", "coordinates": [ [ [ -71.397908076378798, 46.887724883702511 ], [ -71.404284640137519, 46.890523712743423 ], [ -71.403937595361938, 46.895709005149655 ], [ -71.397212729052669, 46.898095394201171 ], [ -71.390835681129246, 46.895296158849298 ], [ -71.391183983646314, 46.890110940823845 ], [ -71.397908076378798, 46.887724883702511 ] ] ] } },
{ "type": "Feature", "properties": { "hex_id": 773642, "centroid_lon": -71.391532189535894, "centroid_lat": 46.884925716094905, "occurrences_today": 11, "datetimes_today": "2026-09-21 00:01:49, 2026-09-21 00:16:40, 2026-09-21 00:32:40, 2026-09-21 00:46:59, 2026-09-21 01:01:51, 2026-09-21 01:16:40, 2026-09-21 01:31:48, 2026-09-21 01:46:52, 2026-09-21 02:01:46, 2026-09-21 02:17:02, 2026-09-21 02:31:51", "cumulative_total": 105.0 }, "geometry": { "type": "Polygon", "coordinates": [ [ [ -71.391880298831595, 46.879740484663166 ], [ -71.398255605369286, 46.882539618408806 ], [ -71.397908076378798, 46.887724883702511 ], [ -71.391183983646314, 46.890110940823845 ], [ -71.384808193414102, 46.887311400826583 ], [ -71.385156979575356, 46.882126210026563 ], [ -71.391880298831595, 46.879740484663166 ] ] ] } },
{ "type": "Feature", "properties": { "hex_id": 774252, "centroid_lon": -71.385505668986056, "centroid_lat": 46.876941012516966, "occurrences_today": 11, "datetimes_today": "2026-09-21 00:01:49, 2026-09-21 00:16:40, 2026-09-21 00:32:40, 2026-09-21 00:46:59, 2026-09-21 01:01:51, 2026-09-21 01:16:40, 2026-09-21 01:31:48, 2026-09-21 01:46:52, 2026-09-21 02:01:46, 2026-09-21 02:17:02, 2026-09-21 02:31:51", "cumulative_total": 103.0 }, "geometry": { "type": "Polygon", "coordinates": [ [ [ -71.385854261679782, 46.871755808298467 ], [ -71.392228311566868, 46.874555246529312 ], [ -71.391880298831595, 46.879740484663166 ], [ -71.385156979575356, 46.882126210026563 ], [ -71.378782446463561, 46.879326365603518 ], [ -71.379131715799147, 46.874141202076189 ], [ -71.385854261679782, 46.871755808298467 ] ] ] } },
{ "type": "Feature", "properties": { "hex_id": 774862, "centroid_lon": -71.379480888261256, "centroid_lat": 46.868956031833179, "occurrences_today": 11, "datetimes_today": "2026-09-21 00:01:49, 2026-09-21 00:16:40, 2026-09-21 00:32:40, 2026-09-21 00:46:59, 2026-09-21 01:01:51, 2026-09-21 01:16:40, 2026-09-21 01:31:48, 2026-09-21 01:46:52, 2026-09-21 02:01:46, 2026-09-21 02:17:02, 2026-09-21 02:31:51", "cumulative_total": 102.0 }, "geometry": { "type": "Polygon", "coordinates": [ [ [ -71.379829963883509, 46.863770854875149 ], [ -71.386202757690128, 46.866570597371748 ], [ -71.385854261679782, 46.871755808298467 ], [ -71.379131715799147, 46.874141202076189 ], [ -71.372758439237273, 46.871341053446812 ], [ -71.373108191277694, 46.866155917239382 ], [ -71.379829963883509, 46.863770854875149 ] ] ] } },
{ "type": "Feature", "properties": { "hex_id": 777913, "centroid_lon": -71.348328011096896, "centroid_lat": 46.844582060522676, "occurrences_today": 10, "datetimes_today": "2026-09-21 00:01:49, 2026-09-21 00:16:40, 2026-09-21 00:32:40, 2026-09-21 00:46:59, 2026-09-21 01:01:51, 2026-09-21 01:16:40, 2026-09-21 01:31:48, 2026-09-21 01:46:52, 2026-09-21 02:01:46, 2026-09-21 02:17:02", "cumulative_total": 87.0 }, "geometry": { "type": "Polygon", "coordinates": [ [ [ -71.348679786788381, 46.839397040813097 ], [ -71.35504804285074, 46.842198404075056 ], [ -71.354696845509267, 46.847383458039943 ], [ -71.347976137851973, 46.849767073484557 ], [ -71.341607401009966, 46.846965304166318 ], [ -71.341959852571094, 46.841780325526564 ], [ -71.348679786788381, 46.839397040813097 ] ] ] } },
{ "type": "Feature", "properties": { "hex_id": 778524, "centroid_lon": -71.341254851705571, "centroid_lat": 46.852150276050835, "occurrences_today": 10, "datetimes_today": "2026-09-21 00:01:49, 2026-09-21 00:16:40, 2026-09-21 00:32:40, 2026-09-21 00:46:59, 2026-09-21 01:01:51, 2026-09-21 01:16:40, 2026-09-21 01:31:48, 2026-09-21 01:46:52, 2026-09-21 02:01:46, 2026-09-21 02:17:02", "cumulative_total": 174.0 }, "geometry": { "type": "Polygon", "coordinates": [ [ [ -71.341607401009966, 46.846965304166318 ], [ -71.347976137851973, 46.849767073484557 ], [ -71.34762416701976, 46.854952079698059 ], [ -71.340902204623987, 46.857335241179427 ], [ -71.334532987103927, 46.854533065643508 ], [ -71.334886212623786, 46.849348134910713 ], [ -71.341607401009966, 46.846965304166318 ] ] ] } },
{ "type": "Feature", "properties": { "hex_id": 772417, "centroid_lon": -71.408787472848516, "centroid_lat": 46.823114302982823, "occurrences_today": 7, "datetimes_today": "2026-09-21 00:01:49, 2026-09-21 00:16:40, 2026-09-21 00:32:40, 2026-09-21 00:46:59, 2026-09-21 01:01:51, 2026-09-21 01:16:40, 2026-09-21 01:31:48", "cumulative_total": 48.0 }, "geometry": { "type": "Polygon", "coordinates": [ [ [ -71.409133172733348, 46.817928916987761 ], [ -71.415502298091781, 46.820726935586634 ], [ -71.415157176858386, 46.825912355235772 ], [ -71.408441677116485, 46.828299682297292 ], [ -71.402072068970455, 46.825501258432531 ], [ -71.402418443320698, 46.820315912838929 ], [ -71.409133172733348, 46.817928916987761 ] ] ] } },
{ "type": "Feature", "properties": { "hex_id": 773638, "centroid_lon": -71.395703135462583, "centroid_lat": 46.822702496722528, "occurrences_today": 7, "datetimes_today": "2026-09-21 00:01:49, 2026-09-21 00:16:40, 2026-09-21 00:32:40, 2026-09-21 00:46:59, 2026-09-21 01:01:51, 2026-09-21 01:16:40, 2026-09-21 01:31:48", "cumulative_total": 48.0 }, "geometry": { "type": "Polygon", "coordinates": [ [ [ -71.39605008824168, 46.817517184909846 ], [ -71.402418443320698, 46.820315912838929 ], [ -71.402072068970455, 46.825501258432531 ], [ -71.395356086490807, 46.827887801840482 ], [ -71.388987249192269, 46.825088668543273 ], [ -71.389334876559545, 46.819903397273031 ], [ -71.39605008824168, 46.817517184909846 ] ] ] } },
{ "type": "Feature", "properties": { "hex_id": 556233, "centroid_lon": -73.752274742090407, "centroid_lat": 45.828270016430267, "occurrences_today": 1, "datetimes_today": "2026-09-21 09:16:56", "cumulative_total": 310.0 }, "geometry": { "type": "Polygon", "coordinates": [ [ [ -73.752390821055585, 45.823074739843285 ], [ -73.758768335926845, 45.825742478674542 ], [ -73.758652839498538, 45.830937765408393 ], [ -73.752158631297661, 45.833465288043612 ], [ -73.745780565722455, 45.830797177869613 ], [ -73.745897259041314, 45.825601916468401 ], [ -73.752390821055585, 45.823074739843285 ] ] ] } },
{ "type": "Feature", "properties": { "hex_id": 801104, "centroid_lon": -71.108679850768226, "centroid_lat": 46.711961411284406, "occurrences_today": 1, "datetimes_today": "2026-09-21 09:16:56", "cumulative_total": 137.0 }, "geometry": { "type": "Polygon", "coordinates": [ [ [ -71.109052946662374, 46.706777702470731 ], [ -71.115392697013121, 46.709591630788999 ], [ -71.115020171502621, 46.714775376086742 ], [ -71.108306651620495, 46.717145113087497 ], [ -71.10196643415749, 46.714330778571103 ], [ -71.102340203653213, 46.709147113318409 ], [ -71.109052946662374, 46.706777702470731 ] ] ] } },
{ "type": "Feature", "properties": { "hex_id": 801714, "centroid_lon": -71.102713869742246, "centroid_lat": 46.703963441047932, "occurrences_today": 1, "datetimes_today": "2026-09-21 09:16:56", "cumulative_total": 104.0 }, "geometry": { "type": "Polygon", "coordinates": [ [ [ -71.103087432460256, 46.698779761760449 ], [ -71.109425939338621, 46.701593986647246 ], [ -71.109052946662374, 46.706777702470731 ], [ -71.102340203653213, 46.709147113318409 ], [ -71.096001230121928, 46.7063324822943 ], [ -71.096375466217054, 46.701148846626154 ], [ -71.103087432460256, 46.698779761760449 ] ] ] } },
{ "type": "Feature", "properties": { "hex_id": 802325, "centroid_lon": -71.095626890467045, "centroid_lat": 46.711516110937445, "occurrences_today": 1, "datetimes_today": "2026-09-21 09:16:56", "cumulative_total": 3.0 }, "geometry": { "type": "Polygon", "coordinates": [ [ [ -71.096001230121928, 46.7063324822943 ], [ -71.102340203653213, 46.709147113318409 ], [ -71.10196643415749, 46.714330778571103 ], [ -71.095252447216609, 46.71669973255478 ], [ -71.08891300713961, 46.713884695233546 ], [ -71.089288020513422, 46.708701110292097 ], [ -71.096001230121928, 46.7063324822943 ] ] ] } },
{ "type": "Feature", "properties": { "hex_id": 802935, "centroid_lon": -71.08966293013863, "centroid_lat": 46.703517518317618, "occurrences_today": 1, "datetimes_today": "2026-09-21 09:16:56", "cumulative_total": 104.0 }, "geometry": { "type": "Polygon", "coordinates": [ [ [ -71.090037736051059, 46.698333919310919 ], [ -71.096375466217054, 46.701148846626154 ], [ -71.096001230121928, 46.7063324822943 ], [ -71.089288020513422, 46.708701110292097 ], [ -71.082949824260808, 46.705885776740622 ], [ -71.083325303667522, 46.700702221493913 ], [ -71.090037736051059, 46.698333919310919 ] ] ] } },
{ "type": "Feature", "properties": { "hex_id": 768146, "centroid_lon": -71.45202203764741, "centroid_lat": 46.86343598202172, "occurrences_today": 8, "datetimes_today": "2026-09-21 00:01:49, 2026-09-21 00:16:40, 2026-09-21 00:32:40, 2026-09-21 00:46:59, 2026-09-21 01:01:51, 2026-09-21 01:16:40, 2026-09-21 01:31:48, 2026-09-21 01:46:52", "cumulative_total": 67.0 }, "geometry": { "type": "Polygon", "coordinates": [ [ [ -71.452364062203571, 46.85825038824963 ], [ -71.45874022938564, 46.861046172043778 ], [ -71.458398785433417, 46.8662317990755 ], [ -71.45167991820702, 46.868621569157462 ], [ -71.445303265321712, 46.865825379904884 ], [ -71.445645965333128, 46.860639826095706 ], [ -71.452364062203571, 46.85825038824963 ] ] ] } },
{ "type": "Feature", "properties": { "hex_id": 768756, "centroid_lon": -71.445988570303555, "centroid_lat": 46.855454265643488, "occurrences_today": 8, "datetimes_today": "2026-09-21 00:01:49, 2026-09-21 00:16:40, 2026-09-21 00:32:40, 2026-09-21 00:46:59, 2026-09-21 01:01:51, 2026-09-21 01:16:40, 2026-09-21 01:31:48, 2026-09-21 01:46:52", "cumulative_total": 45.0 }, "geometry": { "type": "Polygon", "coordinates": [ [ [ -71.446331080265921, 46.850268698548909 ], [ -71.452705991908417, 46.853064787841824 ], [ -71.452364062203571, 46.85825038824963 ], [ -71.445645965333128, 46.860639826095706 ], [ -71.439270568457616, 46.857843331403323 ], [ -71.439613753652608, 46.852657804331223 ], [ -71.446331080265921, 46.850268698548909 ] ] ] } },
{ "type": "Feature", "properties": { "hex_id": 769366, "centroid_lon": -71.439956843682879, "centroid_lat": 46.847472270610069, "occurrences_today": 8, "datetimes_today": "2026-09-21 00:01:49, 2026-09-21 00:16:40, 2026-09-21 00:32:40, 2026-09-21 00:46:59, 2026-09-21 01:01:51, 2026-09-21 01:16:40, 2026-09-21 01:31:48, 2026-09-21 01:46:52", "cumulative_total": 43.0 }, "geometry": { "type": "Polygon", "coordinates": [ [ [ -71.440299838581481, 46.842286730240524 ], [ -71.446673495253208, 46.845083124812589 ], [ -71.446331080265921, 46.850268698548909 ], [ -71.439613753652608, 46.852657804331223 ], [ -71.433239612217747, 46.849861004418642 ], [ -71.433583282126349, 46.844675504131139 ], [ -71.440299838581481, 46.842286730240524 ] ] ] } },
{ "type": "Feature", "properties": { "hex_id": 1044858, "centroid_lon": -68.184777668855006, "centroid_lat": 49.140142364884994, "occurrences_today": 6, "datetimes_today": "2026-09-21 06:31:42, 2026-09-21 06:46:49, 2026-09-21 07:02:45, 2026-09-21 07:16:53, 2026-09-21 07:31:44, 2026-09-21 07:47:19", "cumulative_total": 18.0 }, "geometry": { "type": "Polygon", "coordinates": [ [ [ -68.185488009318277, 49.134985606122569 ], [ -68.191939316207126, 49.137967422527169 ], [ -68.191229570537772, 49.143124248068453 ], [ -68.184067125666402, 49.145299111385427 ], [ -68.177615426746044, 49.142316832392105 ], [ -68.17832656465437, 49.137160152740734 ], [ -68.185488009318277, 49.134985606122569 ] ] ] } },
{ "type": "Feature", "properties": { "hex_id": 1045468, "centroid_lon": -68.179037499680078, "centroid_lat": 49.13200346081382, "occurrences_today": 6, "datetimes_today": "2026-09-21 06:31:42, 2026-09-21 06:46:49, 2026-09-21 07:02:45, 2026-09-21 07:16:53, 2026-09-21 07:31:44, 2026-09-21 07:47:19", "cumulative_total": 18.0 }, "geometry": { "type": "Polygon", "coordinates": [ [ [ -68.179748231897406, 49.126846756614192 ], [ -68.18619814713044, 49.129828835100973 ], [ -68.185488009318277, 49.134985606122569 ], [ -68.17832656465437, 49.137160152740734 ], [ -68.171876257861669, 49.134177611753032 ], [ -68.172587787218333, 49.129020986718245 ], [ -68.179748231897406, 49.126846756614192 ] ] ] } },
{ "type": "Feature", "properties": { "hex_id": 1046079, "centroid_lon": -68.171164525465187, "centroid_lat": 49.139334224498739, "occurrences_today": 6, "datetimes_today": "2026-09-21 06:31:42, 2026-09-21 06:46:49, 2026-09-21 07:02:45, 2026-09-21 07:16:53, 2026-09-21 07:31:44, 2026-09-21 07:47:19", "cumulative_total": 18.0 }, "geometry": { "type": "Polygon", "coordinates": [ [ [ -68.171876257861669, 49.134177611753032 ], [ -68.17832656465437, 49.137160152740734 ], [ -68.177615426746044, 49.142316832392105 ], [ -68.170452589954508, 49.144490824952534 ], [ -68.164001891824981, 49.141507821300628 ], [ -68.16471442174948, 49.13635128782267 ], [ -68.171876257861669, 49.134177611753032 ] ] ] } },
{ "type": "Feature", "properties": { "hex_id": 774860, "centroid_lon": -71.381573890572128, "centroid_lat": 46.837844869383737, "occurrences_today": 11, "datetimes_today": "2026-09-21 00:01:49, 2026-09-21 00:16:40, 2026-09-21 00:32:40, 2026-09-21 00:46:59, 2026-09-21 01:01:51, 2026-09-21 01:16:40, 2026-09-21 01:31:48, 2026-09-21 01:46:52, 2026-09-21 02:01:46, 2026-09-21 02:17:02, 2026-09-21 02:31:51", "cumulative_total": 76.0 }, "geometry": { "type": "Polygon", "coordinates": [ [ [ -71.381922385860165, 46.83265965214995 ], [ -71.38829170527805, 46.835459190976707 ], [ -71.387943788664259, 46.840644442138533 ], [ -71.38122529864556, 46.843030079906612 ], [ -71.374855497208713, 46.840230135388872 ], [ -71.375204667776003, 46.835044958860877 ], [ -71.381922385860165, 46.83265965214995 ] ] ] } },
{ "type": "Feature", "properties": { "hex_id": 773029, "centroid_lon": -71.40068561087044, "centroid_lat": 46.846242573920591, "occurrences_today": 20, "datetimes_today": "2026-09-21 00:01:49, 2026-09-21 00:16:40, 2026-09-21 00:32:40, 2026-09-21 00:46:59, 2026-09-21 01:01:51, 2026-09-21 01:16:40, 2026-09-21 01:31:48, 2026-09-21 01:46:52, 2026-09-21 02:01:46, 2026-09-21 02:17:02, 2026-09-21 02:31:51, 2026-09-21 02:47:50, 2026-09-21 03:02:26, 2026-09-21 03:16:44, 2026-09-21 03:31:54, 2026-09-21 03:46:49, 2026-09-21 04:01:41, 2026-09-21 04:16:50, 2026-09-21 04:31:56, 2026-09-21 04:46:54", "cumulative_total": 185.0 }, "geometry": { "type": "Polygon", "coordinates": [ [ [ -71.40103236956692, 46.84105725508288 ], [ -71.407403714504682, 46.843855780150655 ], [ -71.407057535051322, 46.849041132736183 ], [ -71.400338756004103, 46.851427886067661 ], [ -71.393966928009789, 46.848628955351849 ], [ -71.394314362085893, 46.843443677019437 ], [ -71.40103236956692, 46.84105725508288 ] ] ] } },
{ "type": "Feature", "properties": { "hex_id": 532425, "centroid_lon": -74.002871717055612, "centroid_lat": 45.854116266663496, "occurrences_today": 4, "datetimes_today": "2026-09-21 08:32:07, 2026-09-21 08:46:45, 2026-09-21 09:01:49, 2026-09-21 09:16:56", "cumulative_total": 133.0 }, "geometry": { "type": "Polygon", "coordinates": [ [ [ -74.002964568625288, 45.84892056779713 ], [ -74.009357226856423, 45.851574428026467 ], [ -74.009264962024162, 45.856770134542437 ], [ -74.002778840016731, 45.859311960638117 ], [ -73.996385620521679, 45.856657731125594 ], [ -73.996479084289348, 45.851462044865926 ], [ -74.002964568625288, 45.84892056779713 ] ] ] } },
{ "type": "Feature", "properties": { "hex_id": 549504, "centroid_lon": -73.827481077766819, "centroid_lat": 45.618603109886593, "occurrences_today": 4, "datetimes_today": "2026-09-21 08:32:07, 2026-09-21 08:46:45, 2026-09-21 09:01:49, 2026-09-21 09:16:56", "cumulative_total": 293.0 }, "geometry": { "type": "Polygon", "coordinates": [ [ [ -73.827589366778241, 45.613407497549169 ], [ -73.833946927271654, 45.616070937169866 ], [ -73.833839215391947, 45.621266558861059 ], [ -73.827372759139251, 45.623798717277225 ], [ -73.821014651135243, 45.62113490969729 ], [ -73.821123546884579, 45.615939311725207 ], [ -73.827589366778241, 45.613407497549169 ] ] ] } },
{ "type": "Feature", "properties": { "hex_id": 508577, "centroid_lon": -74.261920017574667, "centroid_lat": 45.255856964111466, "occurrences_today": 6, "datetimes_today": "2026-09-21 00:01:49, 2026-09-21 00:16:40, 2026-09-21 00:32:40, 2026-09-21 00:46:59, 2026-09-21 01:01:51, 2026-09-21 01:16:40", "cumulative_total": 75.0 }, "geometry": { "type": "Polygon", "coordinates": [ [ [ -74.261987330093135, 45.250660362401391 ], [ -74.268325233491979, 45.253299660943853 ], [ -74.268258492869734, 45.258496267628054 ], [ -74.261852686724183, 45.261053560994391 ], [ -74.255514229764202, 45.258413903207376 ], [ -74.255582132504813, 45.253217311362619 ], [ -74.261987330093135, 45.250660362401391 ] ] ] } },
{ "type": "Feature", "properties": { "hex_id": 780965, "centroid_lon": -71.316139213727709, "centroid_lat": 46.83575485362288, "occurrences_today": 11, "datetimes_today": "2026-09-21 00:01:49, 2026-09-21 00:16:40, 2026-09-21 00:32:40, 2026-09-21 00:46:59, 2026-09-21 01:01:51, 2026-09-21 01:16:40, 2026-09-21 01:31:48, 2026-09-21 01:46:52, 2026-09-21 02:01:46, 2026-09-21 02:17:02, 2026-09-21 02:31:51", "cumulative_total": 48.0 }, "geometry": { "type": "Polygon", "coordinates": [ [ [ -71.316493976655465, 46.830570012871078 ], [ -71.322859431974138, 46.833373096723868 ], [ -71.322505246603356, 46.838557972037542 ], [ -71.31578435243334, 46.840939687591984 ], [ -71.309418417941359, 46.838136197539299 ], [ -71.309773856758582, 46.832951398198823 ], [ -71.316493976655465, 46.830570012871078 ] ] ] } },
{ "type": "Feature", "properties": { "hex_id": 781576, "centroid_lon": -71.309062880567694, "centroid_lat": 46.84332099008946, "occurrences_today": 10, "datetimes_today": "2026-09-21 00:01:49, 2026-09-21 00:16:40, 2026-09-21 00:32:40, 2026-09-21 00:46:59, 2026-09-21 01:01:51, 2026-09-21 01:16:40, 2026-09-21 01:31:48, 2026-09-21 01:46:52, 2026-09-21 02:01:46, 2026-09-21 02:17:02", "cumulative_total": 43.0 }, "geometry": { "type": "Polygon", "coordinates": [ [ [ -71.309418417941359, 46.838136197539299 ], [ -71.31578435243334, 46.840939687591984 ], [ -71.315429392738267, 46.846124514777685 ], [ -71.308707244603426, 46.848505775848608 ], [ -71.302340831040553, 46.845701879434763 ], [ -71.302697044649221, 46.84051712837794 ], [ -71.309418417941359, 46.838136197539299 ] ] ] } },
{ "type": "Feature", "properties": { "hex_id": 726610, "centroid_lon": -71.916981054845209, "centroid_lat": 46.533971684635581, "occurrences_today": 15, "datetimes_today": "2026-09-21 05:46:41, 2026-09-21 06:01:42, 2026-09-21 06:16:49, 2026-09-21 06:31:42, 2026-09-21 06:46:49, 2026-09-21 07:02:45, 2026-09-21 07:16:53, 2026-09-21 07:31:44, 2026-09-21 07:47:19, 2026-09-21 08:01:53, 2026-09-21 08:16:51, 2026-09-21 08:32:07, 2026-09-21 08:46:45, 2026-09-21 09:01:49, 2026-09-21 09:16:56", "cumulative_total": 60.0 }, "geometry": { "type": "Polygon", "coordinates": [ [ [ -71.91727490469988, 46.528783349269119 ], [ -71.923638517722537, 46.531552963473828 ], [ -71.923345245529731, 46.536741327370741 ], [ -71.916687123789714, 46.53916001384318 ], [ -71.910323014320014, 46.536390002540514 ], [ -71.910617523009407, 46.531201701929746 ], [ -71.91727490469988, 46.528783349269119 ] ] ] } },
{ "type": "Feature", "properties": { "hex_id": 769978, "centroid_lon": -71.431863979039761, "centroid_lat": 46.870602939004726, "occurrences_today": 8, "datetimes_today": "2026-09-21 00:01:49, 2026-09-21 00:16:40, 2026-09-21 00:32:40, 2026-09-21 00:46:59, 2026-09-21 01:01:51, 2026-09-21 01:16:40, 2026-09-21 01:31:48, 2026-09-21 01:46:52", "cumulative_total": 73.0 }, "geometry": { "type": "Polygon", "coordinates": [ [ [ -71.43220803043198, 46.865417465344102 ], [ -71.438583912441487, 46.86821436559773 ], [ -71.438240441554242, 46.873399872718728 ], [ -71.431519832193885, 46.875788406006976 ], [ -71.425143465149631, 46.872991100030347 ], [ -71.425488192467341, 46.867805666555412 ], [ -71.43220803043198, 46.865417465344102 ] ] ] } },
{ "type": "Feature", "properties": { "hex_id": 778523, "centroid_lon": -71.342312206422818, "centroid_lat": 46.836595340132263, "occurrences_today": 11, "datetimes_today": "2026-09-21 00:01:49, 2026-09-21 00:16:40, 2026-09-21 00:32:40, 2026-09-21 00:46:59, 2026-09-21 01:01:51, 2026-09-21 01:16:40, 2026-09-21 01:31:48, 2026-09-21 01:46:52, 2026-09-21 02:01:46, 2026-09-21 02:17:02, 2026-09-21 02:31:51", "cumulative_total": 123.0 }, "geometry": { "type": "Polygon", "coordinates": [ [ [ -71.342664462599018, 46.831410347984139 ], [ -71.349031464960248, 46.83421201435651 ], [ -71.348679786788381, 46.839397040813097 ], [ -71.341959852571094, 46.841780325526564 ], [ -71.335592369897967, 46.838978253157471 ], [ -71.335945301720159, 46.833793302138432 ], [ -71.342664462599018, 46.831410347984139 ] ] ] } },
{ "type": "Feature", "properties": { "hex_id": 811477, "centroid_lon": -71.004056580455924, "centroid_lat": 46.622608285619798, "occurrences_today": 4, "datetimes_today": "2026-09-21 08:32:07, 2026-09-21 08:46:45, 2026-09-21 09:01:49, 2026-09-21 09:16:56", "cumulative_total": 69.0 }, "geometry": { "type": "Polygon", "coordinates": [ [ [ -71.004438498529751, 46.617425149024619 ], [ -71.010762273502493, 46.620244426140303 ], [ -71.010380921390293, 46.625427600163647 ], [ -71.003674556825743, 46.627791415087401 ], [ -70.997350321465902, 46.624971732149447 ], [ -70.997732911021345, 46.619788640176104 ], [ -71.004438498529751, 46.617425149024619 ] ] ] } },
{ "type": "Feature", "properties": { "hex_id": 813920, "centroid_lon": -70.976843437980946, "centroid_lat": 46.63724254360347, "occurrences_today": 4, "datetimes_today": "2026-09-21 08:32:07, 2026-09-21 08:46:45, 2026-09-21 09:01:49, 2026-09-21 09:16:56", "cumulative_total": 24.0 }, "geometry": { "type": "Polygon", "coordinates": [ [ [ -70.97722814919949, 46.632059593101665 ], [ -70.98355206670719, 46.634880381338839 ], [ -70.983167921456001, 46.640063369540499 ], [ -70.976458620417006, 46.64242548694402 ], [ -70.970134243305679, 46.639604292468903 ], [ -70.970519626800353, 46.63442138689431 ], [ -70.97722814919949, 46.632059593101665 ] ] ] } },
{ "type": "Feature", "properties": { "hex_id": 834642, "centroid_lon": -70.797326515508985, "centroid_lat": 46.08512626827784, "occurrences_today": 8, "datetimes_today": "2026-09-21 04:01:41, 2026-09-21 04:16:50, 2026-09-21 04:31:56, 2026-09-21 04:46:54, 2026-09-21 05:02:35, 2026-09-21 05:16:47, 2026-09-21 05:31:46, 2026-09-21 05:46:41", "cumulative_total": 64.0 }, "geometry": { "type": "Polygon", "coordinates": [ [ [ -70.797720696951401, 46.079943985257863 ], [ -70.803973120325182, 46.082772496289877 ], [ -70.803579485499128, 46.087954818327567 ], [ -70.796932225904612, 46.090308543961939 ], [ -70.790679364094785, 46.087479632707129 ], [ -70.7910742002788, 46.082297396105439 ], [ -70.797720696951401, 46.079943985257863 ] ] ] } },
{ "type": "Feature", "properties": { "hex_id": 548283, "centroid_lon": -73.840305094351152, "centroid_lat": 45.618734027567427, "occurrences_today": 4, "datetimes_today": "2026-09-21 08:32:07, 2026-09-21 08:46:45, 2026-09-21 09:01:49, 2026-09-21 09:16:56", "cumulative_total": 278.0 }, "geometry": { "type": "Polygon", "coordinates": [ [ [ -73.8404121996398, 45.613538391642656 ], [ -73.846770396006974, 45.61620112349194 ], [ -73.846663868026639, 45.621396768643017 ], [ -73.84019795976991, 45.623929658549713 ], [ -73.833839215391947, 45.621266558861059 ], [ -73.833946927271654, 45.616070937169866 ], [ -73.8404121996398, 45.613538391642656 ] ] ] } },
{ "type": "Feature", "properties": { "hex_id": 545214, "centroid_lon": -73.877486739429884, "centroid_lat": 45.36186226464951, "occurrences_today": 10, "datetimes_today": "2026-09-21 07:02:45, 2026-09-21 07:16:53, 2026-09-21 07:31:44, 2026-09-21 07:47:19, 2026-09-21 08:01:53, 2026-09-21 08:16:51, 2026-09-21 08:32:07, 2026-09-21 08:46:45, 2026-09-21 09:01:49, 2026-09-21 09:16:56", "cumulative_total": 200.0 }, "geometry": { "type": "Polygon", "coordinates": [ [ [ -73.877589487231845, 45.356666326818811 ], [ -73.883920867804292, 45.359326850252778 ], [ -73.883818690042915, 45.364522796889958 ], [ -73.877383963613326, 45.367058197550612 ], [ -73.871052041019567, 45.364397309871968 ], [ -73.871155386867343, 45.359201385841565 ], [ -73.877589487231845, 45.356666326818811 ] ] ] } },
{ "type": "Feature", "properties": { "hex_id": 667950, "centroid_lon": -72.578079317172666, "centroid_lat": 45.739252843750648, "occurrences_today": 1, "datetimes_today": "2026-09-21 05:02:35", "cumulative_total": 9.0 }, "geometry": { "type": "Polygon", "coordinates": [ [ [ -72.578303887467854, 45.734060900787725 ], [ -72.584612715069596, 45.7367928795693 ], [ -72.584388708129836, 45.741984844226863 ], [ -72.577854685410855, 45.744444781115121 ], [ -72.571545355930667, 45.74171242141977 ], [ -72.571770551027157, 45.73652050581466 ], [ -72.578303887467854, 45.734060900787725 ] ] ] } },
{ "type": "Feature", "properties": { "hex_id": 734561, "centroid_lon": -71.819132673354531, "centroid_lat": 46.757325418507143, "occurrences_today": 4, "datetimes_today": "2026-09-21 08:32:07, 2026-09-21 08:46:45, 2026-09-21 09:01:49, 2026-09-21 09:16:56", "cumulative_total": 28.0 }, "geometry": { "type": "Polygon", "coordinates": [ [ [ -71.819438212674015, 46.752137771881067 ], [ -71.825822220055258, 46.75491326985825 ], [ -71.825517263836105, 46.760100946097012 ], [ -71.818827049361417, 46.762513058873502 ], [ -71.812442543568153, 46.759737159957183 ], [ -71.812748750632281, 46.754549549270372 ], [ -71.819438212674015, 46.752137771881067 ] ] ] } },
{ "type": "Feature", "properties": { "hex_id": 769976, "centroid_lon": -71.433926856746723, "centroid_lat": 46.839489997188558, "occurrences_today": 7, "datetimes_today": "2026-09-21 00:01:49, 2026-09-21 00:16:40, 2026-09-21 00:32:40, 2026-09-21 00:46:59, 2026-09-21 01:01:51, 2026-09-21 01:16:40, 2026-09-21 01:31:48", "cumulative_total": 151.0 }, "geometry": { "type": "Polygon", "coordinates": [ [ [ -71.434270336111908, 46.834304483591552 ], [ -71.440642738381385, 46.837101183223247 ], [ -71.440299838581481, 46.842286730240524 ], [ -71.433583282126349, 46.844675504131139 ], [ -71.427210395563293, 46.841878399217912 ], [ -71.427554549715936, 46.836692925762456 ], [ -71.434270336111908, 46.834304483591552 ] ] ] } },
{ "type": "Feature", "properties": { "hex_id": 905575, "centroid_lon": -69.881881386982997, "centroid_lat": 47.840650363247114, "occurrences_today": 1, "datetimes_today": "2026-09-21 09:16:56", "cumulative_total": 58.0 }, "geometry": { "type": "Polygon", "coordinates": [ [ [ -69.882391571581508, 47.835476425391739 ], [ -69.888791808275741, 47.838360674426113 ], [ -69.88828220856864, 47.843534661479183 ], [ -69.881371059194549, 47.845824292295397 ], [ -69.874970380824266, 47.842939611773822 ], [ -69.875481293453277, 47.837765731991588 ], [ -69.882391571581508, 47.835476425391739 ] ] ] } },
{ "type": "Feature", "properties": { "hex_id": 989816, "centroid_lon": -68.978855613277361, "centroid_lat": 47.671957860368138, "occurrences_today": 6, "datetimes_today": "2026-09-21 08:01:53, 2026-09-21 08:16:51, 2026-09-21 08:32:07, 2026-09-21 08:46:45, 2026-09-21 09:01:49, 2026-09-21 09:16:56", "cumulative_total": 23.0 }, "geometry": { "type": "Polygon", "coordinates": [ [ [ -68.979451975828084, 47.666791726520167 ], [ -68.985777459574322, 47.669723459046871 ], [ -68.985181660160961, 47.674889650460884 ], [ -68.978259084014269, 47.677123983877266 ], [ -68.971933203872439, 47.674191815845326 ], [ -68.972530296214117, 47.669025749969357 ], [ -68.979451975828084, 47.666791726520167 ] ] ] } },
{ "type": "Feature", "properties": { "hex_id": 227076, "centroid_lon": -77.628140781120081, "centroid_lat": 53.798131819735119, "occurrences_today": 1, "datetimes_today": "2026-09-21 06:01:42", "cumulative_total": 18.0 }, "geometry": { "type": "Polygon", "coordinates": [ [ [ -77.627816498055708, 53.792947927566843 ], [ -77.635561270391506, 53.795373363021618 ], [ -77.635886537365806, 53.80055722084326 ], [ -77.628465165657289, 53.803315706048565 ], [ -77.620719307917312, 53.800889827243068 ], [ -77.620395907332835, 53.795705906673049 ], [ -77.627816498055708, 53.792947927566843 ] ] ] } },
{ "type": "Feature", "properties": { "hex_id": 634951, "centroid_lon": -72.94313748798335, "centroid_lat": 45.24751264232323, "occurrences_today": 6, "datetimes_today": "2026-09-21 08:01:53, 2026-09-21 08:16:51, 2026-09-21 08:32:07, 2026-09-21 08:46:45, 2026-09-21 09:01:49, 2026-09-21 09:16:56", "cumulative_total": 29.0 }, "geometry": { "type": "Polygon", "coordinates": [ [ [ -72.943324983356746, 45.242318954807722 ], [ -72.949598297081636, 45.245030328984498 ], [ -72.94941135570329, 45.250224034450376 ], [ -72.942949941580792, 45.252706324485942 ], [ -72.936676124898497, 45.249994578917324 ], [ -72.936864225279109, 45.244800914768732 ], [ -72.943324983356746, 45.242318954807722 ] ] ] } },
{ "type": "Feature", "properties": { "hex_id": 636172, "centroid_lon": -72.930402913380846, "centroid_lat": 45.247282497959823, "occurrences_today": 6, "datetimes_today": "2026-09-21 08:01:53, 2026-09-21 08:16:51, 2026-09-21 08:32:07, 2026-09-21 08:46:45, 2026-09-21 09:01:49, 2026-09-21 09:16:56", "cumulative_total": 29.0 }, "geometry": { "type": "Polygon", "coordinates": [ [ [ -72.930591567573558, 45.242088851885455 ], [ -72.936864225279109, 45.244800914768732 ], [ -72.936676124898497, 45.249994578917324 ], [ -72.930214207844131, 45.252476138673913 ], [ -72.923941047679008, 45.249763704288114 ], [ -72.924130307010742, 45.244570081711998 ], [ -72.930591567573558, 45.242088851885455 ] ] ] } },
{ "type": "Feature", "properties": { "hex_id": 555012, "centroid_lon": -73.765146464998551, "centroid_lat": 45.828409866485345, "occurrences_today": 1, "datetimes_today": "2026-09-21 09:16:56", "cumulative_total": 162.0 }, "geometry": { "type": "Polygon", "coordinates": [ [ [ -73.765261347221042, 45.823214564698617 ], [ -73.771639507787043, 45.82588159137066 ], [ -73.771525208281432, 45.831076903176026 ], [ -73.765031551276465, 45.833605163303083 ], [ -73.758652839498538, 45.830937765408393 ], [ -73.758768335926845, 45.825742478674542 ], [ -73.765261347221042, 45.823214564698617 ] ] ] } },
{ "type": "Feature", "properties": { "hex_id": 833430, "centroid_lon": -70.799574851246589, "centroid_lat": 46.225521859762914, "occurrences_today": 4, "datetimes_today": "2026-09-21 08:32:07, 2026-09-21 08:46:45, 2026-09-21 09:01:49, 2026-09-21 09:16:56", "cumulative_total": 10.0 }, "geometry": { "type": "Polygon", "coordinates": [ [ [ -70.799970755881901, 46.220339689407872 ], [ -70.806238757376846, 46.223168569906626 ], [ -70.805843403516718, 46.228350779359126 ], [ -70.79917883778171, 46.230704022773132 ], [ -70.792910394359694, 46.227874740193165 ], [ -70.793306958562667, 46.222692616345419 ], [ -70.799970755881901, 46.220339689407872 ] ] ] } },
{ "type": "Feature", "properties": { "hex_id": 784626, "centroid_lon": -71.279031584409054, "centroid_lat": 46.80337515280155, "occurrences_today": 10, "datetimes_today": "2026-09-21 00:01:49, 2026-09-21 00:16:40, 2026-09-21 00:32:40, 2026-09-21 00:46:59, 2026-09-21 01:01:51, 2026-09-21 01:16:40, 2026-09-21 01:31:48, 2026-09-21 01:46:52, 2026-09-21 02:01:46, 2026-09-21 02:17:02", "cumulative_total": 180.0 }, "geometry": { "type": "Polygon", "coordinates": [ [ [ -71.27938951100181, 46.798190500209444 ], [ -71.285749184208058, 46.800995499450813 ], [ -71.285391833568269, 46.806180186942967 ], [ -71.278673558619872, 46.808559798571615 ], [ -71.272313408674265, 46.805754393268458 ], [ -71.272672010382067, 46.800569782465104 ], [ -71.27938951100181, 46.798190500209444 ] ] ] } },
{ "type": "Feature", "properties": { "hex_id": 835253, "centroid_lon": -70.790284419566845, "centroid_lat": 46.092661861964565, "occurrences_today": 8, "datetimes_today": "2026-09-21 04:01:41, 2026-09-21 04:16:50, 2026-09-21 04:31:56, 2026-09-21 04:46:54, 2026-09-21 05:02:35, 2026-09-21 05:16:47, 2026-09-21 05:31:46, 2026-09-21 05:46:41", "cumulative_total": 25.0 }, "geometry": { "type": "Polygon", "coordinates": [ [ [ -70.790679364094785, 46.087479632707129 ], [ -70.796932225904612, 46.090308543961939 ], [ -70.796537828101563, 46.09549081230923 ], [ -70.789889366658187, 46.097844083876822 ], [ -70.78363606652259, 46.095014772243935 ], [ -70.784031666119333, 46.089832589486235 ], [ -70.790679364094785, 46.087479632707129 ] ] ] } },
{ "type": "Feature", "properties": { "hex_id": 835864, "centroid_lon": -70.783240358363074, "centroid_lat": 46.100196947648037, "occurrences_today": 8, "datetimes_today": "2026-09-21 04:01:41, 2026-09-21 04:16:50, 2026-09-21 04:31:56, 2026-09-21 04:46:54, 2026-09-21 05:02:35, 2026-09-21 05:16:47, 2026-09-21 05:31:46, 2026-09-21 05:46:41", "cumulative_total": 25.0 }, "geometry": { "type": "Polygon", "coordinates": [ [ [ -70.78363606652259, 46.095014772243935 ], [ -70.789889366658187, 46.097844083876822 ], [ -70.789494205332019, 46.103026298442956 ], [ -70.782844541603893, 46.105379115697637 ], [ -70.776590803253029, 46.102549403531356 ], [ -70.776987166808681, 46.097367274708503 ], [ -70.78363606652259, 46.095014772243935 ] ] ] } },
{ "type": "Feature", "properties": { "hex_id": 836474, "centroid_lon": -70.777383421619419, "centroid_lat": 46.092185138523639, "occurrences_today": 8, "datetimes_today": "2026-09-21 04:01:41, 2026-09-21 04:16:50, 2026-09-21 04:31:56, 2026-09-21 04:46:54, 2026-09-21 05:02:35, 2026-09-21 05:16:47, 2026-09-21 05:31:46, 2026-09-21 05:46:41", "cumulative_total": 36.0 }, "geometry": { "type": "Polygon", "coordinates": [ [ [ -70.777779567722192, 46.087002994977695 ], [ -70.784031666119333, 46.089832589486235 ], [ -70.78363606652259, 46.095014772243935 ], [ -70.776987166808681, 46.097367274708503 ], [ -70.770734630631935, 46.094537279727824 ], [ -70.771131431911797, 46.089355182819411 ], [ -70.777779567722192, 46.087002994977695 ] ] ] } },
{ "type": "Feature", "properties": { "hex_id": 779744, "centroid_lon": -71.329225563043636, "centroid_lat": 46.836175843521289, "occurrences_today": 11, "datetimes_today": "2026-09-21 00:01:49, 2026-09-21 00:16:40, 2026-09-21 00:32:40, 2026-09-21 00:46:59, 2026-09-21 01:01:51, 2026-09-21 01:16:40, 2026-09-21 01:31:48, 2026-09-21 01:46:52, 2026-09-21 02:01:46, 2026-09-21 02:17:02, 2026-09-21 02:31:51", "cumulative_total": 47.0 }, "geometry": { "type": "Polygon", "coordinates": [ [ [ -71.329579072646567, 46.830990926937424 ], [ -71.335945301720159, 46.833793302138432 ], [ -71.335592369897967, 46.838978253157471 ], [ -71.328871955419615, 46.841360753336915 ], [ -71.322505246603356, 46.838557972037542 ], [ -71.322859431974138, 46.833373096723868 ], [ -71.329579072646567, 46.830990926937424 ] ] ] } },
{ "type": "Feature", "properties": { "hex_id": 551934, "centroid_lon": -73.805797954300246, "centroid_lat": 45.431293517360004, "occurrences_today": 6, "datetimes_today": "2026-09-21 08:01:53, 2026-09-21 08:16:51, 2026-09-21 08:32:07, 2026-09-21 08:46:45, 2026-09-21 09:01:49, 2026-09-21 09:16:56", "cumulative_total": 87.0 }, "geometry": { "type": "Polygon", "coordinates": [ [ [ -73.805907527935901, 45.426097774609268 ], [ -73.812243155184134, 45.428762284886261 ], [ -73.812134152719892, 45.433958037167343 ], [ -73.805688350764953, 45.436489255157085 ], [ -73.799352182249962, 45.433824379084577 ], [ -73.799462356946648, 45.42862865088221 ], [ -73.805907527935901, 45.426097774609268 ] ] ] } },
{ "type": "Feature", "properties": { "hex_id": 772418, "centroid_lon": -71.407749797977814, "centroid_lat": 46.838670420881883, "occurrences_today": 7, "datetimes_today": "2026-09-21 00:01:49, 2026-09-21 00:16:40, 2026-09-21 00:32:40, 2026-09-21 00:46:59, 2026-09-21 01:01:51, 2026-09-21 01:16:40, 2026-09-21 01:31:48", "cumulative_total": 116.0 }, "geometry": { "type": "Polygon", "coordinates": [ [ [ -71.408095785503988, 46.833485054930541 ], [ -71.414466647285266, 46.836283174511813 ], [ -71.414121238879162, 46.841468574137394 ], [ -71.407403714504682, 46.843855780150655 ], [ -71.40103236956692, 46.84105725508288 ], [ -71.401379032126869, 46.835871929555175 ], [ -71.408095785503988, 46.833485054930541 ] ] ] } },
{ "type": "Feature", "properties": { "hex_id": 784010, "centroid_lon": -71.291453352769636, "centroid_lat": 46.718039573307315, "occurrences_today": 2, "datetimes_today": "2026-09-21 09:01:49, 2026-09-21 09:16:56", "cumulative_total": 35.0 }, "geometry": { "type": "Polygon", "coordinates": [ [ [ -71.291809024942012, 46.712854770068056 ], [ -71.298159602406187, 46.715658841840309 ], [ -71.297804503744942, 46.720843679802556 ], [ -71.2910975821368, 46.723224369743647 ], [ -71.28474652963898, 46.720419893172583 ], [ -71.285102873748912, 46.715235131525688 ], [ -71.291809024942012, 46.712854770068056 ] ] ] } },
{ "type": "Feature", "properties": { "hex_id": 227686, "centroid_lon": -77.620072607908853, "centroid_lat": 53.790521980256052, "occurrences_today": 1, "datetimes_today": "2026-09-21 06:01:42", "cumulative_total": 95.0 }, "geometry": { "type": "Polygon", "coordinates": [ [ [ -77.619749409602761, 53.785338047992418 ], [ -77.627492316421439, 53.787764029544057 ], [ -77.627816498055708, 53.792947927566843 ], [ -77.620395907332835, 53.795705906673049 ], [ -77.612651916046758, 53.793279481787373 ], [ -77.612329599993615, 53.788095521219553 ], [ -77.619749409602761, 53.785338047992418 ] ] ] } },
{ "type": "Feature", "properties": { "hex_id": 228296, "centroid_lon": -77.612007384746278, "centroid_lat": 53.782911554812912, "occurrences_today": 1, "datetimes_today": "2026-09-21 06:01:42", "cumulative_total": 49.0 }, "geometry": { "type": "Polygon", "coordinates": [ [ [ -77.611685270262242, 53.777727582567778 ], [ -77.619426312371957, 53.780154109882453 ], [ -77.619749409602761, 53.785338047992418 ], [ -77.612329599993615, 53.788095521219553 ], [ -77.60458747435257, 53.785668550587616 ], [ -77.604266241894464, 53.780484550135817 ], [ -77.611685270262242, 53.777727582567778 ] ] ] } },
{ "type": "Feature", "properties": { "hex_id": 228297, "centroid_lon": -77.612974332948212, "centroid_lat": 53.798463436516066, "occurrences_today": 1, "datetimes_today": "2026-09-21 06:01:42", "cumulative_total": 78.0 }, "geometry": { "type": "Polygon", "coordinates": [ [ [ -77.612651916046758, 53.793279481787373 ], [ -77.620395907332835, 53.795705906673049 ], [ -77.620719307917312, 53.800889827243068 ], [ -77.613296850740497, 53.803647385405291 ], [ -77.605551774859279, 53.801220516955652 ], [ -77.605230240792594, 53.796036533997849 ], [ -77.612651916046758, 53.793279481787373 ] ] ] } },
{ "type": "Feature", "properties": { "hex_id": 228907, "centroid_lon": -77.604908807304483, "centroid_lat": 53.790852545208395, "occurrences_today": 1, "datetimes_today": "2026-09-21 06:01:42", "cumulative_total": 55.0 }, "geometry": { "type": "Polygon", "coordinates": [ [ [ -77.60458747435257, 53.785668550587616 ], [ -77.612329599993615, 53.788095521219553 ], [ -77.612651916046758, 53.793279481787373 ], [ -77.605230240792594, 53.796036533997849 ], [ -77.597487031492932, 53.793609119818818 ], [ -77.597166581148443, 53.788425097066451 ], [ -77.60458747435257, 53.785668550587616 ] ] ] } },
{ "type": "Feature", "properties": { "hex_id": 229517, "centroid_lon": -77.596846231028138, "centroid_lat": 53.783241068490526, "occurrences_today": 1, "datetimes_today": "2026-09-21 06:01:42", "cumulative_total": 49.0 }, "geometry": { "type": "Polygon", "coordinates": [ [ [ -77.596525981089783, 53.778057034091368 ], [ -77.604266241894464, 53.780484550135817 ], [ -77.60458747435257, 53.785668550587616 ], [ -77.597166581148443, 53.788425097066451 ], [ -77.589425237620929, 53.785997137491862 ], [ -77.58910587006261, 53.780813075058596 ], [ -77.596525981089783, 53.778057034091368 ] ] ] } },
{ "type": "Feature", "properties": { "hex_id": 229518, "centroid_lon": -77.597807582103869, "centroid_lat": 53.798793136747328, "occurrences_today": 1, "datetimes_today": "2026-09-21 06:01:42", "cumulative_total": 55.0 }, "geometry": { "type": "Polygon", "coordinates": [ [ [ -77.597487031492932, 53.793609119818818 ], [ -77.605230240792594, 53.796036533997849 ], [ -77.605551774859279, 53.801220516955652 ], [ -77.598128233023559, 53.803977147851654 ], [ -77.590383939938249, 53.801549289895618 ], [ -77.590064272516628, 53.796365244910668 ], [ -77.597487031492932, 53.793609119818818 ] ] ] } },
{ "type": "Feature", "properties": { "hex_id": 230127, "centroid_lon": -77.588786602374469, "centroid_lat": 53.775629006809844, "occurrences_today": 1, "datetimes_today": "2026-09-21 06:01:42", "cumulative_total": 49.0 }, "geometry": { "type": "Polygon", "coordinates": [ [ [ -77.588467434514442, 53.770444932745896 ], [ -77.596205831291172, 53.772872993869278 ], [ -77.596525981089783, 53.778057034091368 ], [ -77.58910587006261, 53.780813075058596 ], [ -77.581366391498136, 53.778384570422112 ], [ -77.581048105790671, 53.773200468421514 ], [ -77.588467434514442, 53.770444932745896 ] ] ] } },
{ "type": "Feature", "properties": { "hex_id": 230128, "centroid_lon": -77.589744705091562, "centroid_lat": 53.791181194109313, "occurrences_today": 1, "datetimes_today": "2026-09-21 06:01:42", "cumulative_total": 49.0 }, "geometry": { "type": "Polygon", "coordinates": [ [ [ -77.589425237620929, 53.785997137491862 ], [ -77.597166581148443, 53.788425097066451 ], [ -77.597487031492932, 53.793609119818818 ], [ -77.590064272516628, 53.796365244910668 ], [ -77.582321846139749, 53.793936841576091 ], [ -77.582003261630717, 53.788752756999699 ], [ -77.589425237620929, 53.785997137491862 ] ] ] } },
{ "type": "Feature", "properties": { "hex_id": 230738, "centroid_lon": -77.581684776764178, "centroid_lat": 53.783568666614933, "occurrences_today": 1, "datetimes_today": "2026-09-21 06:01:42", "cumulative_total": 49.0 }, "geometry": { "type": "Polygon", "coordinates": [ [ [ -77.581366391498136, 53.778384570422112 ], [ -77.58910587006261, 53.780813075058596 ], [ -77.589425237620929, 53.785997137491862 ], [ -77.582003261630717, 53.788752756999699 ], [ -77.574262701152435, 53.786323808620331 ], [ -77.57394519862018, 53.781139684566035 ], [ -77.581366391498136, 53.778384570422112 ] ] ] } },
{ "type": "Feature", "properties": { "hex_id": 231348, "centroid_lon": -77.57362779537678, "centroid_lat": 53.775955554711359, "occurrences_today": 1, "datetimes_today": "2026-09-21 06:01:42", "cumulative_total": 51.0 }, "geometry": { "type": "Polygon", "coordinates": [ [ [ -77.573310491380369, 53.770771419056615 ], [ -77.581048105790671, 53.773200468421514 ], [ -77.581366391498136, 53.778384570422112 ], [ -77.57394519862018, 53.781139684566035 ], [ -77.566206503230887, 53.778710191475469 ], [ -77.565890081740392, 53.773526028056679 ], [ -77.573310491380369, 53.770771419056615 ] ] ] } },
{ "type": "Feature", "properties": { "hex_id": 231349, "centroid_lon": -77.574580303015395, "centroid_lat": 53.791507926873962, "occurrences_today": 1, "datetimes_today": "2026-09-21 06:01:42", "cumulative_total": 49.0 }, "geometry": { "type": "Polygon", "coordinates": [ [ [ -77.574262701152435, 53.786323808620331 ], [ -77.582003261630717, 53.788752756999699 ], [ -77.582321846139749, 53.793936841576091 ], [ -77.574898004250926, 53.796692039326636 ], [ -77.567156361733026, 53.794262646974552 ], [ -77.566839643185475, 53.789078500934707 ], [ -77.574262701152435, 53.786323808620331 ] ] ] } },
{ "type": "Feature", "properties": { "hex_id": 231959, "centroid_lon": -77.566523023698679, "centroid_lat": 53.783894349101594, "occurrences_today": 1, "datetimes_today": "2026-09-21 06:01:42", "cumulative_total": 49.0 }, "geometry": { "type": "Polygon", "coordinates": [ [ [ -77.566206503230887, 53.778710191475469 ], [ -77.57394519862018, 53.781139684566035 ], [ -77.574262701152435, 53.786323808620331 ], [ -77.566839643185475, 53.789078500934707 ], [ -77.559099866691852, 53.78664856388874 ], [ -77.558784229311257, 53.781464378573837 ], [ -77.566206503230887, 53.778710191475469 ] ] ] } },
{ "type": "Feature", "properties": { "hex_id": 232569, "centroid_lon": -77.55846869063808, "centroid_lat": 53.77628018747361, "occurrences_today": 1, "datetimes_today": "2026-09-21 06:01:42", "cumulative_total": 49.0 }, "geometry": { "type": "Polygon", "coordinates": [ [ [ -77.558153250630752, 53.771095990588336 ], [ -77.565890081740392, 53.773526028056679 ], [ -77.566206503230887, 53.778710191475469 ], [ -77.558784229311257, 53.781464378573837 ], [ -77.551046318031823, 53.779033897167459 ], [ -77.550731760883409, 53.773849672690787 ], [ -77.558153250630752, 53.771095990588336 ] ] ] } },
{ "type": "Feature", "properties": { "hex_id": 232570, "centroid_lon": -77.559415602821474, "centroid_lat": 53.791832743418006, "occurrences_today": 1, "datetimes_today": "2026-09-21 06:01:42", "cumulative_total": 49.0 }, "geometry": { "type": "Polygon", "coordinates": [ [ [ -77.559099866691852, 53.78664856388874 ], [ -77.566839643185475, 53.789078500934707 ], [ -77.567156361733026, 53.794262646974552 ], [ -77.559731437741775, 53.797016917161365 ], [ -77.55199058001871, 53.794586535930129 ], [ -77.551675727557992, 53.789402328787418 ], [ -77.559099866691852, 53.78664856388874 ] ] ] } },
{ "type": "Feature", "properties": { "hex_id": 233180, "centroid_lon": -77.551360973576195, "centroid_lat": 53.78421811586643, "occurrences_today": 1, "datetimes_today": "2026-09-21 06:01:42", "cumulative_total": 49.0 }, "geometry": { "type": "Polygon", "coordinates": [ [ [ -77.551046318031823, 53.779033897167459 ], [ -77.558784229311257, 53.781464378573837 ], [ -77.559099866691852, 53.78664856388874 ], [ -77.551675727557992, 53.789402328787418 ], [ -77.543936735984175, 53.786971403213251 ], [ -77.543622963880097, 53.781787156998227 ], [ -77.551046318031823, 53.779033897167459 ] ] ] } },
{ "type": "Feature", "properties": { "hex_id": 233790, "centroid_lon": -77.543309289901941, "centroid_lat": 53.776602905012822, "occurrences_today": 1, "datetimes_today": "2026-09-21 06:01:42", "cumulative_total": 120.0 }, "geometry": { "type": "Polygon", "coordinates": [ [ [ -77.54299571400837, 53.771418647257327 ], [ -77.550731760883409, 53.773849672690787 ], [ -77.551046318031823, 53.779033897167459 ], [ -77.543622963880097, 53.781787156998227 ], [ -77.535885837644955, 53.779355687414522 ], [ -77.535573144962981, 53.774171402240349 ], [ -77.54299571400837, 53.771418647257327 ] ] ] } },
{ "type": "Feature", "properties": { "hex_id": 233791, "centroid_lon": -77.544250606255545, "centroid_lat": 53.79215564365758, "occurrences_today": 1, "datetimes_today": "2026-09-21 06:01:42", "cumulative_total": 49.0 }, "geometry": { "type": "Polygon", "coordinates": [ [ [ -77.543936735984175, 53.786971403213251 ], [ -77.551675727557992, 53.789402328787418 ], [ -77.55199058001871, 53.794586535930129 ], [ -77.544564574735631, 53.797339878330988 ], [ -77.536824502743045, 53.794908508359171 ], [ -77.536511516493732, 53.789724240474222 ], [ -77.543936735984175, 53.786971403213251 ] ] ] } },
{ "type": "Feature", "properties": { "hex_id": 234401, "centroid_lon": -77.536198628141449, "centroid_lat": 53.784539966825911, "occurrences_today": 1, "datetimes_today": "2026-09-21 06:01:42", "cumulative_total": 49.0 }, "geometry": { "type": "Polygon", "coordinates": [ [ [ -77.535885837644955, 53.779355687414522 ], [ -77.543622963880097, 53.781787156998227 ], [ -77.543936735984175, 53.786971403213251 ], [ -77.536511516493732, 53.789724240474222 ], [ -77.528773310774611, 53.787292326510531 ], [ -77.528461404071166, 53.782108019755896 ], [ -77.535885837644955, 53.779355687414522 ] ] ] } },
{ "type": "Feature", "properties": { "hex_id": 751041, "centroid_lon": -71.646036875617838, "centroid_lat": 46.697817809261799, "occurrences_today": 1, "datetimes_today": "2026-09-21 09:16:56", "cumulative_total": 4.0 }, "geometry": { "type": "Polygon", "coordinates": [ [ [ -71.646358354769461, 46.692631004393483 ], [ -71.652726082772361, 46.695415782077625 ], [ -71.652405182140825, 46.700602618213509 ], [ -71.645715307461302, 46.70300460770347 ], [ -71.639347089958562, 46.700219428426614 ], [ -71.639669236604433, 46.695032661319118 ], [ -71.646358354769461, 46.692631004393483 ] ] ] } },
{ "type": "Feature", "properties": { "hex_id": 751651, "centroid_lon": -71.639991294089199, "centroid_lat": 46.689845887778709, "occurrences_today": 1, "datetimes_today": "2026-09-21 09:16:56", "cumulative_total": 4.0 }, "geometry": { "type": "Polygon", "coordinates": [ [ [ -71.640313262443655, 46.684659107805956 ], [ -71.646679744946979, 46.68744419309909 ], [ -71.646358354769461, 46.692631004393483 ], [ -71.639669236604433, 46.695032661319118 ], [ -71.633302265069872, 46.692247174490525 ], [ -71.633624900700781, 46.687060432338342 ], [ -71.640313262443655, 46.684659107805956 ] ] ] } },
{ "type": "Feature", "properties": { "hex_id": 779134, "centroid_lon": -71.335239340210492, "centroid_lat": 46.844163197415135, "occurrences_today": 10, "datetimes_today": "2026-09-21 00:01:49, 2026-09-21 00:16:40, 2026-09-21 00:32:40, 2026-09-21 00:46:59, 2026-09-21 01:01:51, 2026-09-21 01:16:40, 2026-09-21 01:31:48, 2026-09-21 01:46:52, 2026-09-21 02:01:46, 2026-09-21 02:17:02", "cumulative_total": 43.0 }, "geometry": { "type": "Polygon", "coordinates": [ [ [ -71.335592369897967, 46.838978253157471 ], [ -71.341959852571094, 46.841780325526564 ], [ -71.341607401009966, 46.846965304166318 ], [ -71.334886212623786, 46.849348134910713 ], [ -71.328518249740497, 46.846545656383597 ], [ -71.328871955419615, 46.841360753336915 ], [ -71.335592369897967, 46.838978253157471 ] ] ] } },
{ "type": "Feature", "properties": { "hex_id": 782797, "centroid_lon": -71.295975093885502, "centroid_lat": 46.842897646043674, "occurrences_today": 10, "datetimes_today": "2026-09-21 00:01:49, 2026-09-21 00:16:40, 2026-09-21 00:32:40, 2026-09-21 00:46:59, 2026-09-21 01:01:51, 2026-09-21 01:16:40, 2026-09-21 01:31:48, 2026-09-21 01:46:52, 2026-09-21 02:01:46, 2026-09-21 02:17:02", "cumulative_total": 54.0 }, "geometry": { "type": "Polygon", "coordinates": [ [ [ -71.296331884948628, 46.837712929749038 ], [ -71.302697044649221, 46.84051712837794 ], [ -71.302340831040553, 46.845701879434763 ], [ -71.295618203886136, 46.848082355532753 ], [ -71.28925256568445, 46.845277750441362 ], [ -71.289610033103983, 46.840093075781247 ], [ -71.296331884948628, 46.837712929749038 ] ] ] } },
{ "type": "Feature", "properties": { "hex_id": 784018, "centroid_lon": -71.282887604011961, "centroid_lat": 46.84247280852469, "occurrences_today": 7, "datetimes_today": "2026-09-21 00:01:49, 2026-09-21 00:16:40, 2026-09-21 00:32:40, 2026-09-21 00:46:59, 2026-09-21 01:01:51, 2026-09-21 01:16:40, 2026-09-21 01:31:48", "cumulative_total": 48.0 }, "geometry": { "type": "Polygon", "coordinates": [ [ [ -71.283245648661691, 46.837288168753403 ], [ -71.289610033103983, 46.840093075781247 ], [ -71.28925256568445, 46.845277750441362 ], [ -71.28252946008044, 46.847657441475853 ], [ -71.276164597706938, 46.844852127884273 ], [ -71.276523318834251, 46.839667529888708 ], [ -71.283245648661691, 46.837288168753403 ] ] ] } },
{ "type": "Feature", "properties": { "hex_id": 687668, "centroid_lon": -72.229025047993204, "centroid_lat": 48.568196362659428, "occurrences_today": 2, "datetimes_today": "2026-09-21 09:01:49, 2026-09-21 09:16:56", "cumulative_total": 11.0 }, "geometry": { "type": "Polygon", "coordinates": [ [ [ -72.229308667509514, 48.563008427855642 ], [ -72.235936191933305, 48.565765220081587 ], [ -72.235653222915658, 48.570953181438256 ], [ -72.228741347777628, 48.573384291523539 ], [ -72.222113253569134, 48.570627076598313 ], [ -72.222397604253999, 48.565439174358893 ], [ -72.229308667509514, 48.563008427855642 ] ] ] } },
{ "type": "Feature", "properties": { "hex_id": 778520, "centroid_lon": -71.345478999748948, "centroid_lat": 46.789930167744124, "occurrences_today": 10, "datetimes_today": "2026-09-21 00:01:49, 2026-09-21 00:16:40, 2026-09-21 00:32:40, 2026-09-21 00:46:59, 2026-09-21 01:01:51, 2026-09-21 01:16:40, 2026-09-21 01:31:48, 2026-09-21 01:46:52, 2026-09-21 02:01:46, 2026-09-21 02:17:02", "cumulative_total": 37.0 }, "geometry": { "type": "Polygon", "coordinates": [ [ [ -71.345830378366955, 46.784745114842671 ], [ -71.352192185696111, 46.787546472746229 ], [ -71.351841383681645, 46.792731559894719 ], [ -71.34512752375953, 46.795115213897994 ], [ -71.338765237215114, 46.792313450659798 ], [ -71.339117289774364, 46.787128438819636 ], [ -71.345830378366955, 46.784745114842671 ] ] ] } },
{ "type": "Feature", "properties": { "hex_id": 812087, "centroid_lon": -70.998115394868819, "centroid_lat": 46.614605541067817, "occurrences_today": 4, "datetimes_today": "2026-09-21 08:32:07, 2026-09-21 08:46:45, 2026-09-21 09:01:49, 2026-09-21 09:16:56", "cumulative_total": 74.0 }, "geometry": { "type": "Polygon", "coordinates": [ [ [ -70.998497773044747, 46.609422434825419 ], [ -71.004820311083591, 46.612242005302654 ], [ -71.004438498529751, 46.617425149024619 ], [ -70.997732911021345, 46.619788640176104 ], [ -70.991409913050163, 46.616968663937847 ], [ -70.991792962483331, 46.611785602375164 ], [ -70.998497773044747, 46.609422434825419 ] ] ] } },
{ "type": "Feature", "properties": { "hex_id": 631909, "centroid_lon": -72.969133946930825, "centroid_lat": 45.411683448588192, "occurrences_today": 2, "datetimes_today": "2026-09-21 09:01:49, 2026-09-21 09:16:56", "cumulative_total": 15.0 }, "geometry": { "type": "Polygon", "coordinates": [ [ [ -72.969320135733298, 45.40648982671167 ], [ -72.975612624642551, 45.409200035865759 ], [ -72.975426995012299, 45.414393675495958 ], [ -72.968947707355326, 45.416877065124162 ], [ -72.962654710055361, 45.414166482727964 ], [ -72.962841508786084, 45.408972884009827 ], [ -72.969320135733298, 45.40648982671167 ] ] ] } },
{ "type": "Feature", "properties": { "hex_id": 232568, "centroid_lon": -77.557522666447298, "centroid_lat": 53.760727579463818, "occurrences_today": 1, "datetimes_today": "2026-09-21 06:01:42", "cumulative_total": 17.0 }, "geometry": { "type": "Polygon", "coordinates": [ [ [ -77.557207522188136, 53.755543365225158 ], [ -77.564941410715662, 53.757973503047019 ], [ -77.565257535524438, 53.763157683842152 ], [ -77.557837909247667, 53.765911787918327 ], [ -77.550102941608571, 53.763481206405459 ], [ -77.549788679399342, 53.758296964597392 ], [ -77.557207522188136, 53.755543365225158 ] ] ] } },
{ "type": "Feature", "properties": { "hex_id": 641062, "centroid_lon": -72.875977951422286, "centroid_lat": 45.339829409132648, "occurrences_today": 5, "datetimes_today": "2026-09-21 00:01:49, 2026-09-21 00:16:40, 2026-09-21 00:32:40, 2026-09-21 00:46:59, 2026-09-21 01:01:51", "cumulative_total": 42.0 }, "geometry": { "type": "Polygon", "coordinates": [ [ [ -72.876172189919629, 45.334636028440308 ], [ -72.882452197285062, 45.337351179466573 ], [ -72.882258514549406, 45.342544578795646 ], [ -72.875783660005183, 45.345022784430334 ], [ -72.869503149806675, 45.342307260243508 ], [ -72.869697996967801, 45.337113903646497 ], [ -72.876172189919629, 45.334636028440308 ] ] ] } },
{ "type": "Feature", "properties": { "hex_id": 771199, "centroid_lon": -71.418767774204184, "centroid_lat": 46.870193455364131, "occurrences_today": 8, "datetimes_today": "2026-09-21 00:01:49, 2026-09-21 00:16:40, 2026-09-21 00:32:40, 2026-09-21 00:46:59, 2026-09-21 01:01:51, 2026-09-21 01:16:40, 2026-09-21 01:31:48, 2026-09-21 01:46:52", "cumulative_total": 36.0 }, "geometry": { "type": "Polygon", "coordinates": [ [ [ -71.419113081803843, 46.865008055476729 ], [ -71.425488192467341, 46.867805666555412 ], [ -71.425143465149631, 46.872991100030347 ], [ -71.418422370804251, 46.875378848579068 ], [ -71.412046775675719, 46.872580831674746 ], [ -71.412392759324362, 46.867395472114247 ], [ -71.419113081803843, 46.865008055476729 ] ] ] } },
{ "type": "Feature", "properties": { "hex_id": 772420, "centroid_lon": -71.405671856769459, "centroid_lat": 46.869782476232494, "occurrences_today": 8, "datetimes_today": "2026-09-21 00:01:49, 2026-09-21 00:16:40, 2026-09-21 00:32:40, 2026-09-21 00:46:59, 2026-09-21 01:01:51, 2026-09-21 01:16:40, 2026-09-21 01:31:48, 2026-09-21 01:46:52", "cumulative_total": 36.0 }, "geometry": { "type": "Polygon", "coordinates": [ [ [ -71.40601842047684, 46.864597150386622 ], [ -71.412392759324362, 46.867395472114247 ], [ -71.412046775675719, 46.872580831674746 ], [ -71.405325196915229, 46.874967795391775 ], [ -71.3989503741725, 46.872169067736003 ], [ -71.399297614052117, 46.86698378235824 ], [ -71.40601842047684, 46.864597150386622 ] ] ] } },
{ "type": "Feature", "properties": { "hex_id": 773028, "centroid_lon": -71.401725598583596, "centroid_lat": 46.830686597338179, "occurrences_today": 7, "datetimes_today": "2026-09-21 00:01:49, 2026-09-21 00:16:40, 2026-09-21 00:32:40, 2026-09-21 00:46:59, 2026-09-21 01:01:51, 2026-09-21 01:16:40, 2026-09-21 01:31:48", "cumulative_total": 53.0 }, "geometry": { "type": "Polygon", "coordinates": [ [ [ -71.402072068970455, 46.825501258432531 ], [ -71.408441677116485, 46.828299682297292 ], [ -71.408095785503988, 46.833485054930541 ], [ -71.401379032126869, 46.835871929555175 ], [ -71.395008941293014, 46.833073100263078 ], [ -71.395356086490807, 46.827887801840482 ], [ -71.402072068970455, 46.825501258432531 ] ] ] } },
{ "type": "Feature", "properties": { "hex_id": 812697, "centroid_lon": -70.992175906093479, "centroid_lat": 46.606602533671037, "occurrences_today": 4, "datetimes_today": "2026-09-21 08:32:07, 2026-09-21 08:46:45, 2026-09-21 09:01:49, 2026-09-21 09:16:56", "cumulative_total": 49.0 }, "geometry": { "type": "Polygon", "coordinates": [ [ [ -70.992558743917002, 46.60141945782631 ], [ -70.998880045585508, 46.604239321449768 ], [ -70.998497773044747, 46.609422434825419 ], [ -70.991792962483331, 46.611785602375164 ], [ -70.985471201336892, 46.608965333051934 ], [ -70.985854710193365, 46.603782301944769 ], [ -70.992558743917002, 46.60141945782631 ] ] ] } },
{ "type": "Feature", "properties": { "hex_id": 813308, "centroid_lon": -70.985087586505955, "centroid_lat": 46.614148357010315, "occurrences_today": 4, "datetimes_today": "2026-09-21 08:32:07, 2026-09-21 08:46:45, 2026-09-21 09:01:49, 2026-09-21 09:16:56", "cumulative_total": 49.0 }, "geometry": { "type": "Polygon", "coordinates": [ [ [ -70.985471201336892, 46.608965333051934 ], [ -70.991792962483331, 46.611785602375164 ], [ -70.991409913050163, 46.616968663937847 ], [ -70.984703865664031, 46.619331373819037 ], [ -70.978381645149042, 46.61651069863715 ], [ -70.978765931352214, 46.611327719498782 ], [ -70.985471201336892, 46.608965333051934 ] ] ] } },
{ "type": "Feature", "properties": { "hex_id": 210587, "centroid_lon": -77.827105123931474, "centroid_lat": 53.707946975551707, "occurrences_today": 1, "datetimes_today": "2026-09-21 06:01:42", "cumulative_total": 13.0 }, "geometry": { "type": "Polygon", "coordinates": [ [ [ -77.826757457720745, 53.702763863113624 ], [ -77.834496443173322, 53.705176535332356 ], [ -77.834845091163047, 53.710359611023421 ], [ -77.827452898708273, 53.713130081925705 ], [ -77.819712822887823, 53.710716970592756 ], [ -77.819366029935651, 53.70553382756129 ], [ -77.826757457720745, 53.702763863113624 ] ] ] } },
{ "type": "Feature", "properties": { "hex_id": 211197, "centroid_lon": -77.819019345238289, "centroid_lat": 53.700350678474166, "occurrences_today": 1, "datetimes_today": "2026-09-21 06:01:42", "cumulative_total": 13.0 }, "geometry": { "type": "Polygon", "coordinates": [ [ [ -77.818672768750247, 53.69516752333179 ], [ -77.826409900030413, 53.697580744611827 ], [ -77.826757457720745, 53.702763863113624 ], [ -77.819366029935651, 53.70553382756129 ], [ -77.811627809221164, 53.703120167181446 ], [ -77.811282105771554, 53.697936981543251 ], [ -77.818672768750247, 53.69516752333179 ] ] ] } },
{ "type": "Feature", "properties": { "hex_id": 211198, "centroid_lon": -77.820059724140336, "centroid_lat": 53.715900107568132, "occurrences_today": 1, "datetimes_today": "2026-09-21 06:01:42", "cumulative_total": 13.0 }, "geometry": { "type": "Polygon", "coordinates": [ [ [ -77.819712822887823, 53.710716970592756 ], [ -77.827452898708273, 53.713130081925705 ], [ -77.827800782096787, 53.718313182235178 ], [ -77.820406733738736, 53.721083238487026 ], [ -77.812665567413617, 53.718669687810788 ], [ -77.812319539996793, 53.713486520315605 ], [ -77.819712822887823, 53.710716970592756 ] ] ] } },
{ "type": "Feature", "properties": { "hex_id": 211807, "centroid_lon": -77.81093651022023, "centroid_lat": 53.692753789858237, "occurrences_today": 1, "datetimes_today": "2026-09-21 06:01:42", "cumulative_total": 13.0 }, "geometry": { "type": "Polygon", "coordinates": [ [ [ -77.810591022521891, 53.687570592126747 ], [ -77.818326300426023, 53.68998436213456 ], [ -77.818672768750247, 53.69516752333179 ], [ -77.811282105771554, 53.697936981543251 ], [ -77.803545739365916, 53.695522772450097 ], [ -77.803201124485796, 53.690339544320331 ], [ -77.810591022521891, 53.687570592126747 ] ] ] } },
{ "type": "Feature", "properties": { "hex_id": 211808, "centroid_lon": -77.811973620614438, "centroid_lat": 53.708303346772347, "occurrences_today": 1, "datetimes_today": "2026-09-21 06:01:42", "cumulative_total": 13.0 }, "geometry": { "type": "Polygon", "coordinates": [ [ [ -77.811627809221164, 53.703120167181446 ], [ -77.819366029935651, 53.70553382756129 ], [ -77.819712822887823, 53.710716970592756 ], [ -77.812319539996793, 53.713486520315605 ], [ -77.804580229711647, 53.711072420606946 ], [ -77.804235291933594, 53.705889210593803 ], [ -77.811627809221164, 53.703120167181446 ] ] ] } },
{ "type": "Feature", "properties": { "hex_id": 212417, "centroid_lon": -77.802856617147881, "centroid_lat": 53.685156310152486, "occurrences_today": 1, "datetimes_today": "2026-09-21 06:01:42", "cumulative_total": 13.0 }, "geometry": { "type": "Polygon", "coordinates": [ [ [ -77.802512217306997, 53.679973069946946 ], [ -77.810245642631202, 53.682387388349206 ], [ -77.810591022521891, 53.687570592126747 ], [ -77.803201124485796, 53.690339544320331 ], [ -77.795466611592204, 53.68792478684729 ], [ -77.795123084349257, 53.682741516340933 ], [ -77.802512217306997, 53.679973069946946 ] ] ] } },
{ "type": "Feature", "properties": { "hex_id": 212418, "centroid_lon": -77.803890461833433, "centroid_lat": 53.70070599454138, "occurrences_today": 1, "datetimes_today": "2026-09-21 06:01:42", "cumulative_total": 13.0 }, "geometry": { "type": "Polygon", "coordinates": [ [ [ -77.803545739365916, 53.695522772450097 ], [ -77.811282105771554, 53.697936981543251 ], [ -77.811627809221164, 53.703120167181446 ], [ -77.804235291933594, 53.705889210593803 ], [ -77.796497836890595, 53.703474562186393 ], [ -77.796153987817789, 53.698291309770411 ], [ -77.803545739365916, 53.695522772450097 ] ] ] } },
{ "type": "Feature", "properties": { "hex_id": 212419, "centroid_lon": -77.804925275212881, "centroid_lat": 53.716255624580405, "occurrences_today": 1, "datetimes_today": "2026-09-21 06:01:42", "cumulative_total": 13.0 }, "geometry": { "type": "Polygon", "coordinates": [ [ [ -77.804580229711647, 53.711072420606946 ], [ -77.812319539996793, 53.713486520315605 ], [ -77.812665567413617, 53.718669687810788 ], [ -77.805270428482601, 53.721438822513797 ], [ -77.797530028490726, 53.719024283247258 ], [ -77.797185857181901, 53.713841048925211 ], [ -77.804580229711647, 53.711072420606946 ] ] ] } },
{ "type": "Feature", "properties": { "hex_id": 213027, "centroid_lon": -77.794779664292818, "centroid_lat": 53.677558239805236, "occurrences_today": 1, "datetimes_today": "2026-09-21 06:01:42", "cumulative_total": 13.0 }, "geometry": { "type": "Polygon", "coordinates": [ [ [ -77.794436351377854, 53.672374957240599 ], [ -77.802167924917981, 53.674789823704131 ], [ -77.802512217306997, 53.679973069946946 ], [ -77.795123084349257, 53.682741516340933 ], [ -77.787390424171093, 53.680326210821278 ], [ -77.787047983633727, 53.675142898053238 ], [ -77.794436351377854, 53.672374957240599 ] ] ] } },
{ "type": "Feature", "properties": { "hex_id": 213028, "centroid_lon": -77.795810246066679, "centroid_lat": 53.693108051323932, "occurrences_today": 1, "datetimes_today": "2026-09-21 06:01:42", "cumulative_total": 13.0 }, "geometry": { "type": "Polygon", "coordinates": [ [ [ -77.795466611592204, 53.68792478684729 ], [ -77.803201124485796, 53.690339544320331 ], [ -77.803545739365916, 53.695522772450097 ], [ -77.796153987817789, 53.698291309770411 ], [ -77.788418387219394, 53.695876112997773 ], [ -77.788075625919006, 53.690692818293947 ], [ -77.795466611592204, 53.68792478684729 ] ] ] } },
{ "type": "Feature", "properties": { "hex_id": 213029, "centroid_lon": -77.796841793330259, "centroid_lat": 53.708657808571459, "occurrences_today": 1, "datetimes_today": "2026-09-21 06:01:42", "cumulative_total": 13.0 }, "geometry": { "type": "Polygon", "coordinates": [ [ [ -77.796497836890595, 53.703474562186393 ], [ -77.804235291933594, 53.705889210593803 ], [ -77.804580229711647, 53.711072420606946 ], [ -77.797185857181901, 53.713841048925211 ], [ -77.789447313365955, 53.711425960974573 ], [ -77.789104230897863, 53.706242684338484 ], [ -77.796497836890595, 53.703474562186393 ] ] ] } },
{ "type": "Feature", "properties": { "hex_id": 213030, "centroid_lon": -77.797874307301896, "centroid_lat": 53.724207511537195, "occurrences_today": 1, "datetimes_today": "2026-09-21 06:01:42", "cumulative_total": 13.0 }, "geometry": { "type": "Polygon", "coordinates": [ [ [ -77.797530028490726, 53.719024283247258 ], [ -77.805270428482601, 53.721438822513797 ], [ -77.805615689566153, 53.726622014406693 ], [ -77.798218693660672, 53.729390733794617 ], [ -77.790477203826185, 53.726975754741069 ], [ -77.790133799785025, 53.721792496176263 ], [ -77.797530028490726, 53.719024283247258 ] ] ] } },
{ "type": "Feature", "properties": { "hex_id": 213638, "centroid_lon": -77.78773297158456, "centroid_lat": 53.685509517568327, "occurrences_today": 1, "datetimes_today": "2026-09-21 06:01:42", "cumulative_total": 13.0 }, "geometry": { "type": "Polygon", "coordinates": [ [ [ -77.787390424171093, 53.680326210821278 ], [ -77.795123084349257, 53.682741516340933 ], [ -77.795466611592204, 53.68792478684729 ], [ -77.788075625919006, 53.690692818293947 ], [ -77.780341878967903, 53.688277073489445 ], [ -77.780000204507857, 53.683093736612634 ], [ -77.787390424171093, 53.680326210821278 ] ] ] } },
{ "type": "Feature", "properties": { "hex_id": 213639, "centroid_lon": -77.788761255530687, "centroid_lat": 53.701059401679423, "occurrences_today": 1, "datetimes_today": "2026-09-21 06:01:42", "cumulative_total": 13.0 }, "geometry": { "type": "Polygon", "coordinates": [ [ [ -77.788418387219394, 53.695876112997773 ], [ -77.796153987817789, 53.698291309770411 ], [ -77.796497836890595, 53.703474562186393 ], [ -77.789104230897863, 53.706242684338484 ], [ -77.781367542459549, 53.703827048037361 ], [ -77.781025547898906, 53.698643729202189 ], [ -77.788418387219394, 53.695876112997773 ] ] ] } },
{ "type": "Feature", "properties": { "hex_id": 213640, "centroid_lon": -77.789790502979983, "centroid_lat": 53.716609231587306, "occurrences_today": 1, "datetimes_today": "2026-09-21 06:01:42", "cumulative_total": 13.0 }, "geometry": { "type": "Polygon", "coordinates": [ [ [ -77.789447313365955, 53.711425960974573 ], [ -77.797185857181901, 53.713841048925211 ], [ -77.797530028490726, 53.719024283247258 ], [ -77.790133799785025, 53.721792496176263 ], [ -77.782394167060744, 53.719376968453318 ], [ -77.782051851995547, 53.714193667663309 ], [ -77.789447313365955, 53.711425960974573 ] ] ] } },
{ "type": "Feature", "properties": { "hex_id": 213641, "centroid_lon": -77.790820715148584, "centroid_lat": 53.732159007281304, "occurrences_today": 1, "datetimes_today": "2026-09-21 06:01:42", "cumulative_total": 13.0 }, "geometry": { "type": "Polygon", "coordinates": [ [ [ -77.790477203826185, 53.726975754741069 ], [ -77.798218693660672, 53.729390733794617 ], [ -77.798563187612288, 53.734573950019154 ], [ -77.79116433379734, 53.737342253796648 ], [ -77.783421753984683, 53.734926834726814 ], [ -77.78307911801032, 53.729743551985457 ], [ -77.790477203826185, 53.726975754741069 ] ] ] } },
{ "type": "Feature", "properties": { "hex_id": 214248, "centroid_lon": -77.779658636658354, "centroid_lat": 53.677910393722705, "occurrences_today": 1, "datetimes_today": "2026-09-21 06:01:42", "cumulative_total": 13.0 }, "geometry": { "type": "Polygon", "coordinates": [ [ [ -77.779317175374629, 53.672727044820064 ], [ -77.787047983633727, 53.675142898053238 ], [ -77.787390424171093, 53.680326210821278 ], [ -77.780000204507857, 53.683093736612634 ], [ -77.772268310406957, 53.680677444109435 ], [ -77.771927721855889, 53.675494065174398 ], [ -77.779317175374629, 53.672727044820064 ] ] ] } },
{ "type": "Feature", "properties": { "hex_id": 214249, "centroid_lon": -77.780683660083312, "centroid_lat": 53.69346040435277, "occurrences_today": 1, "datetimes_today": "2026-09-21 06:01:42", "cumulative_total": 13.0 }, "geometry": { "type": "Polygon", "coordinates": [ [ [ -77.780341878967903, 53.688277073489445 ], [ -77.788075625919006, 53.690692818293947 ], [ -77.788418387219394, 53.695876112997773 ], [ -77.781025547898906, 53.698643729202189 ], [ -77.773290714040201, 53.69622754488401 ], [ -77.77294980645442, 53.691044183964621 ], [ -77.780341878967903, 53.688277073489445 ] ] ] } },
{ "type": "Feature", "properties": { "hex_id": 214250, "centroid_lon": -77.781709643810132, "centroid_lat": 53.709010360857853, "occurrences_today": 1, "datetimes_today": "2026-09-21 06:01:42", "cumulative_total": 13.0 }, "geometry": { "type": "Polygon", "coordinates": [ [ [ -77.781367542459549, 53.703827048037361 ], [ -77.789104230897863, 53.706242684338484 ], [ -77.789447313365955, 53.711425960974573 ], [ -77.782051851995547, 53.714193667663309 ], [ -77.774314075582424, 53.711777591604694 ], [ -77.773972848559453, 53.706594248704441 ], [ -77.781367542459549, 53.703827048037361 ] ] ] } },
{ "type": "Feature", "properties": { "hex_id": 214251, "centroid_lon": -77.782736589050657, "centroid_lat": 53.724560263227509, "occurrences_today": 1, "datetimes_today": "2026-09-21 06:01:42", "cumulative_total": 13.0 }, "geometry": { "type": "Polygon", "coordinates": [ [ [ -77.782394167060744, 53.719376968453318 ], [ -77.790133799785025, 53.721792496176263 ], [ -77.790477203826185, 53.726975754741069 ], [ -77.78307911801032, 53.729743551985457 ], [ -77.775338396242574, 53.727327584261076 ], [ -77.77499684937915, 53.722144259383406 ], [ -77.782394167060744, 53.719376968453318 ] ] ] } },
{ "type": "Feature", "properties": { "hex_id": 214858, "centroid_lon": -77.77158723956039, "centroid_lat": 53.670310680234898, "occurrences_today": 1, "datetimes_today": "2026-09-21 06:01:42", "cumulative_total": 13.0 }, "geometry": { "type": "Polygon", "coordinates": [ [ [ -77.771246863475838, 53.665127289291348 ], [ -77.778975820611933, 53.667543689905088 ], [ -77.779317175374629, 53.672727044820064 ], [ -77.771927721855889, 53.675494065174398 ], [ -77.76419767980839, 53.673077225305512 ], [ -77.763858176235658, 53.667893804426889 ], [ -77.771246863475838, 53.665127289291348 ] ] ] } },
{ "type": "Feature", "properties": { "hex_id": 214859, "centroid_lon": -77.772609005258261, "centroid_lat": 53.685860817039639, "occurrences_today": 1, "datetimes_today": "2026-09-21 06:01:42", "cumulative_total": 13.0 }, "geometry": { "type": "Polygon", "coordinates": [ [ [ -77.772268310406957, 53.680677444109435 ], [ -77.780000204507857, 53.683093736612634 ], [ -77.780341878967903, 53.688277073489445 ], [ -77.77294980645442, 53.691044183964621 ], [ -77.765216826377539, 53.688627451962667 ], [ -77.764877004834801, 53.683444049073792 ], [ -77.772268310406957, 53.680677444109435 ] ] ] } },
{ "type": "Feature", "properties": { "hex_id": 214860, "centroid_lon": -77.773631728060295, "centroid_lat": 53.701410899797409, "occurrences_today": 1, "datetimes_today": "2026-09-21 06:01:42", "cumulative_total": 13.0 }, "geometry": { "type": "Polygon", "coordinates": [ [ [ -77.773290714040201, 53.69622754488401 ], [ -77.781025547898906, 53.698643729202189 ], [ -77.781367542459549, 53.703827048037361 ], [ -77.773972848559453, 53.706594248704441 ], [ -77.766236927658738, 53.704177624643663 ], [ -77.765896787744907, 53.698994239747975 ], [ -77.773290714040201, 53.69622754488401 ] ] ] } },
{ "type": "Feature", "properties": { "hex_id": 214861, "centroid_lon": -77.774655409174059, "centroid_lat": 53.716960928497826, "occurrences_today": 1, "datetimes_today": "2026-09-21 06:01:42", "cumulative_total": 13.0 }, "geometry": { "type": "Polygon", "coordinates": [ [ [ -77.774314075582424, 53.711777591604694 ], [ -77.782051851995547, 53.714193667663309 ], [ -77.782394167060744, 53.719376968453318 ], [ -77.77499684937915, 53.722144259383406 ], [ -77.767257984856585, 53.719727743338233 ], [ -77.766917526169891, 53.714544376439186 ], [ -77.774314075582424, 53.711777591604694 ] ] ] } },
{ "type": "Feature", "properties": { "hex_id": 214862, "centroid_lon": -77.775680049809182, "centroid_lat": 53.732510903130439, "occurrences_today": 1, "datetimes_today": "2026-09-21 06:01:42", "cumulative_total": 13.0 }, "geometry": { "type": "Polygon", "coordinates": [ [ [ -77.775338396242574, 53.727327584261076 ], [ -77.78307911801032, 53.729743551985457 ], [ -77.783421753984683, 53.734926834726814 ], [ -77.776021810123893, 53.737694215991141 ], [ -77.768279999177821, 53.735277808036038 ], [ -77.7679392213158, 53.730094459137042 ], [ -77.775338396242574, 53.727327584261076 ] ] ] } },
{ "type": "Feature", "properties": { "hex_id": 215468, "centroid_lon": -77.763518778563906, "centroid_lat": 53.662710377552429, "occurrences_today": 1, "datetimes_today": "2026-09-21 06:01:42", "cumulative_total": 13.0 }, "geometry": { "type": "Polygon", "coordinates": [ [ [ -77.763179486748683, 53.657526944682537 ], [ -77.770906593557655, 53.659943892344103 ], [ -77.771246863475838, 53.665127289291348 ], [ -77.763858176235658, 53.667893804426889 ], [ -77.756129985444971, 53.665476417525191 ], [ -77.755791565920646, 53.660292954817479 ], [ -77.763179486748683, 53.657526944682537 ] ] ] } },
{ "type": "Feature", "properties": { "hex_id": 215469, "centroid_lon": -77.764537289326597, "centroid_lat": 53.678260640187943, "occurrences_today": 1, "datetimes_today": "2026-09-21 06:01:42", "cumulative_total": 13.0 }, "geometry": { "type": "Polygon", "coordinates": [ [ [ -77.76419767980839, 53.673077225305512 ], [ -77.771927721855889, 53.675494065174398 ], [ -77.772268310406957, 53.680677444109435 ], [ -77.764877004834801, 53.683444049073792 ], [ -77.757145877742204, 53.681026769721143 ], [ -77.75680714131137, 53.675843324977386 ], [ -77.76419767980839, 53.673077225305512 ] ] ] } },
{ "type": "Feature", "properties": { "hex_id": 215470, "centroid_lon": -77.765556753999391, "centroid_lat": 53.693810848854199, "occurrences_today": 1, "datetimes_today": "2026-09-21 06:01:42", "cumulative_total": 13.0 }, "geometry": { "type": "Polygon", "coordinates": [ [ [ -77.765216826377539, 53.688627451962667 ], [ -77.77294980645442, 53.691044183964621 ], [ -77.773290714040201, 53.69622754488401 ], [ -77.765896787744907, 53.698994239747975 ], [ -77.758162721558094, 53.696577068018406 ], [ -77.757823667821114, 53.691393641242023 ], [ -77.765216826377539, 53.688627451962667 ] ] ] } },
{ "type": "Feature", "properties": { "hex_id": 215471, "centroid_lon": -77.766577173785507, "centroid_lat": 53.709361003540849, "occurrences_today": 1, "datetimes_today": "2026-09-21 06:01:42", "cumulative_total": 13.0 }, "geometry": { "type": "Polygon", "coordinates": [ [ [ -77.766236927658738, 53.704177624643663 ], [ -77.773972848559453, 53.706594248704441 ], [ -77.774314075582424, 53.711777591604694 ], [ -77.766917526169891, 53.714544376439186 ], [ -77.759180518093018, 53.712127312406835 ], [ -77.75884114664953, 53.7069439036012 ], [ -77.766236927658738, 53.704177624643663 ] ] ] } },
{ "type": "Feature", "properties": { "hex_id": 215472, "centroid_lon": -77.767598549890309, "centroid_lat": 53.724911104237663, "occurrences_today": 1, "datetimes_today": "2026-09-21 06:01:42", "cumulative_total": 13.0 }, "geometry": { "type": "Polygon", "coordinates": [ [ [ -77.767257984856585, 53.719727743338233 ], [ -77.77499684937915, 53.722144259383406 ], [ -77.775338396242574, 53.727327584261076 ], [ -77.7679392213158, 53.730094459137042 ], [ -77.760199268549385, 53.727677502876169 ], [ -77.759859578998345, 53.7224941120447 ], [ -77.767257984856585, 53.719727743338233 ] ] ] } },
{ "type": "Feature", "properties": { "hex_id": 215473, "centroid_lon": -77.76862088352118, "centroid_lat": 53.740461150934244, "occurrences_today": 1, "datetimes_today": "2026-09-21 06:01:42", "cumulative_total": 13.0 }, "geometry": { "type": "Polygon", "coordinates": [ [ [ -77.768279999177821, 53.735277808036038 ], [ -77.776021810123893, 53.737694215991141 ], [ -77.776363677231615, 53.742877522842733 ], [ -77.768961874390683, 53.745644487831278 ], [ -77.761218974131666, 53.743227639416169 ], [ -77.760878966071374, 53.738044266562284 ], [ -77.768279999177821, 53.735277808036038 ] ] ] } },
{ "type": "Feature", "properties": { "hex_id": 216078, "centroid_lon": -77.755453251943138, "centroid_lat": 53.655109486122562, "occurrences_today": 1, "datetimes_today": "2026-09-21 06:01:42", "cumulative_total": 13.0 }, "geometry": { "type": "Polygon", "coordinates": [ [ [ -77.755115043468109, 53.649926011440762 ], [ -77.762840300745566, 53.652343505817569 ], [ -77.763179486748683, 53.657526944682537 ], [ -77.755791565920646, 53.660292954817479 ], [ -77.748065225590437, 53.657875021215645 ], [ -77.747727889185342, 53.652691516793276 ], [ -77.755115043468109, 53.649926011440762 ] ] ] } },
{ "type": "Feature", "properties": { "hex_id": 216079, "centroid_lon": -77.756468510560424, "centroid_lat": 53.670659874245288, "occurrences_today": 1, "datetimes_today": "2026-09-21 06:01:42", "cumulative_total": 13.0 }, "geometry": { "type": "Polygon", "coordinates": [ [ [ -77.756129985444971, 53.665476417525191 ], [ -77.763858176235658, 53.667893804426889 ], [ -77.76419767980839, 53.673077225305512 ], [ -77.75680714131137, 53.675843324977386 ], [ -77.749077866405727, 53.673425498607003 ], [ -77.748740214156427, 53.668242012122889 ], [ -77.756129985444971, 53.665476417525191 ] ] ] } },
{ "type": "Feature", "properties": { "hex_id": 216080, "centroid_lon": -77.757484719897306, "centroid_lat": 53.686210208476155, "occurrences_today": 1, "datetimes_today": "2026-09-21 06:01:42", "cumulative_total": 13.0 }, "geometry": { "type": "Polygon", "coordinates": [ [ [ -77.757145877742204, 53.681026769721143 ], [ -77.764877004834801, 53.683444049073792 ], [ -77.765216826377539, 53.688627451962667 ], [ -77.757823667821114, 53.691393641242023 ], [ -77.750091455549935, 53.688975922176873 ], [ -77.7497534870582, 53.683792453634368 ], [ -77.757145877742204, 53.681026769721143 ] ] ] } },
{ "type": "Feature", "properties": { "hex_id": 216081, "centroid_lon": -77.758501881152739, "centroid_lat": 53.701760488804929, "occurrences_today": 1, "datetimes_today": "2026-09-21 06:01:42", "cumulative_total": 13.0 }, "geometry": { "type": "Polygon", "coordinates": [ [ [ -77.758162721558094, 53.696577068018406 ], [ -77.765896787744907, 53.698994239747975 ], [ -77.766236927658738, 53.704177624643663 ], [ -77.75884114664953, 53.7069439036012 ], [ -77.751105994219103, 53.704526291915144 ], [ -77.75076770908602, 53.699342841317623 ], [ -77.758162721558094, 53.696577068018406 ] ] ] } },
{ "type": "Feature", "properties": { "hex_id": 216082, "centroid_lon": -77.759519995527768, "centroid_lat": 53.717310715221473, "occurrences_today": 1, "datetimes_today": "2026-09-21 06:01:42", "cumulative_total": 13.0 }, "geometry": { "type": "Polygon", "coordinates": [ [ [ -77.759180518093018, 53.712127312406835 ], [ -77.766917526169891, 53.714544376439186 ], [ -77.767257984856585, 53.719727743338233 ], [ -77.759859578998345, 53.7224941120447 ], [ -77.75212148361139, 53.720076607811713 ], [ -77.75178288143735, 53.714893175162565 ], [ -77.759180518093018, 53.712127312406835 ] ] ] } },
{ "type": "Feature", "properties": { "hex_id": 216083, "centroid_lon": -77.760539064225512, "centroid_lat": 53.732860887715475, "occurrences_today": 1, "datetimes_today": "2026-09-21 06:01:42", "cumulative_total": 13.0 }, "geometry": { "type": "Polygon", "coordinates": [ [ [ -77.760199268549385, 53.727677502876169 ], [ -77.7679392213158, 53.730094459137042 ], [ -77.768279999177821, 53.735277808036038 ], [ -77.760878966071374, 53.738044266562284 ], [ -77.753137924926975, 53.735626869856439 ], [ -77.752799005311687, 53.730443455159019 ], [ -77.760199268549385, 53.727677502876169 ] ] ] } },
{ "type": "Feature", "properties": { "hex_id": 216688, "centroid_lon": -77.747390657973256, "centroid_lat": 53.647508006392222, "occurrences_today": 1, "datetimes_today": "2026-09-21 06:01:42", "cumulative_total": 13.0 }, "geometry": { "type": "Polygon", "coordinates": [ [ [ -77.747053531910041, 53.642324490012875 ], [ -77.754776940451322, 53.64474253077249 ], [ -77.755115043468109, 53.649926011440762 ], [ -77.747727889185342, 53.652691516793276 ], [ -77.740003398519534, 53.650273036823805 ], [ -77.739667144305159, 53.645089490801034 ], [ -77.747053531910041, 53.642324490012875 ] ] ] } },
{ "type": "Feature", "properties": { "hex_id": 216689, "centroid_lon": -77.748402667232739, "centroid_lat": 53.663058519658989, "occurrences_today": 1, "datetimes_today": "2026-09-21 06:01:42", "cumulative_total": 13.0 }, "geometry": { "type": "Polygon", "coordinates": [ [ [ -77.748065225590437, 53.657875021215645 ], [ -77.755791565920646, 53.660292954817479 ], [ -77.756129985444971, 53.665476417525191 ], [ -77.748740214156427, 53.668242012122889 ], [ -77.74101279064071, 53.665823639067526 ], [ -77.740676221643255, 53.660640110957409 ], [ -77.748065225590437, 53.657875021215645 ] ] ] } },
{ "type": "Feature", "properties": { "hex_id": 216690, "centroid_lon": -77.749415624024891, "centroid_lat": 53.678608979110955, "occurrences_today": 1, "datetimes_today": "2026-09-21 06:01:42", "cumulative_total": 13.0 }, "geometry": { "type": "Polygon", "coordinates": [ [ [ -77.749077866405727, 53.673425498607003 ], [ -77.75680714131137, 53.675843324977386 ], [ -77.757145877742204, 53.681026769721143 ], [ -77.7497534870582, 53.683792453634368 ], [ -77.742023127904616, 53.681374187566639 ], [ -77.741686243727258, 53.676190677372503 ], [ -77.749077866405727, 53.673425498607003 ] ] ] } },
{ "type": "Feature", "properties": { "hex_id": 216691, "centroid_lon": -77.750429529544419, "centroid_lat": 53.694159384738093, "occurrences_today": 1, "datetimes_today": "2026-09-21 06:01:42", "cumulative_total": 13.0 }, "geometry": { "type": "Polygon", "coordinates": [ [ [ -77.750091455549935, 53.688975922176873 ], [ -77.757823667821114, 53.691393641242023 ], [ -77.758162721558094, 53.696577068018406 ], [ -77.75076770908602, 53.699342841317623 ], [ -77.743034411503046, 53.696924682311135 ], [ -77.742697211748307, 53.691741190036318 ], [ -77.750091455549935, 53.688975922176873 ] ] ] } },
{ "type": "Feature", "properties": { "hex_id": 216692, "centroid_lon": -77.751444384988076, "centroid_lat": 53.709709736530243, "occurrences_today": 1, "datetimes_today": "2026-09-21 06:01:42", "cumulative_total": 13.0 }, "geometry": { "type": "Polygon", "coordinates": [ [ [ -77.751105994219103, 53.704526291915144 ], [ -77.75884114664953, 53.7069439036012 ], [ -77.759180518093018, 53.712127312406835 ], [ -77.75178288143735, 53.714893175162565 ], [ -77.744046642629868, 53.712475123291021 ], [ -77.74370912689956, 53.707291648938849 ], [ -77.751105994219103, 53.704526291915144 ] ] ] } },
{ "type": "Feature", "properties": { "hex_id": 216693, "centroid_lon": -77.752460191554675, "centroid_lat": 53.725260034477337, "occurrences_today": 1, "datetimes_today": "2026-09-21 06:01:42", "cumulative_total": 13.0 }, "geometry": { "type": "Polygon", "coordinates": [ [ [ -77.75212148361139, 53.720076607811713 ], [ -77.759859578998345, 53.7224941120447 ], [ -77.760199268549385, 53.727677502876169 ], [ -77.752799005311687, 53.730443455159019 ], [ -77.745059822480968, 53.728025510496259 ], [ -77.74472199037622, 53.722842054070092 ], [ -77.75212148361139, 53.720076607811713 ] ] ] } },
{ "type": "Feature", "properties": { "hex_id": 216694, "centroid_lon": -77.753476950445076, "centroid_lat": 53.740810278569192, "occurrences_today": 1, "datetimes_today": "2026-09-21 06:01:42", "cumulative_total": 13.0 }, "geometry": { "type": "Polygon", "coordinates": [ [ [ -77.753137924926975, 53.735626869856439 ], [ -77.760878966071374, 53.738044266562284 ], [ -77.761218974131666, 53.743227639416169 ], [ -77.753816081910585, 53.745993681296902 ], [ -77.746073952254307, 53.743575843916766 ], [ -77.745735803375581, 53.738392405419972 ], [ -77.753137924926975, 53.735626869856439 ] ] ] } },
{ "type": "Feature", "properties": { "hex_id": 217298, "centroid_lon": -77.739330994930413, "centroid_lat": 53.639905938808134, "occurrences_today": 1, "datetimes_today": "2026-09-21 06:01:42", "cumulative_total": 13.0 }, "geometry": { "type": "Polygon", "coordinates": [ [ [ -77.738994950351326, 53.634722380845439 ], [ -77.746716510951572, 53.637140967655597 ], [ -77.747053531910041, 53.642324490012875 ], [ -77.739667144305159, 53.645089490801034 ], [ -77.731944502507901, 53.642670464796282 ], [ -77.731609329556505, 53.637486877287287 ], [ -77.738994950351326, 53.634722380845439 ] ] ] } },
{ "type": "Feature", "properties": { "hex_id": 217299, "centroid_lon": -77.740339757617548, "centroid_lat": 53.655456576876055, "occurrences_today": 1, "datetimes_today": "2026-09-21 06:01:42", "cumulative_total": 13.0 }, "geometry": { "type": "Polygon", "coordinates": [ [ [ -77.740003398519534, 53.650273036823805 ], [ -77.747727889185342, 53.652691516793276 ], [ -77.748065225590437, 53.657875021215645 ], [ -77.740676221643255, 53.660640110957409 ], [ -77.732950648720632, 53.658221191549671 ], [ -77.732615162046073, 53.653037621927844 ], [ -77.740003398519534, 53.650273036823805 ] ] ] } },
{ "type": "Feature", "properties": { "hex_id": 217300, "centroid_lon": -77.741349464654007, "centroid_lat": 53.671007161206013, "occurrences_today": 1, "datetimes_today": "2026-09-21 06:01:42", "cumulative_total": 13.0 }, "geometry": { "type": "Polygon", "coordinates": [ [ [ -77.74101279064071, 53.665823639067526 ], [ -77.748740214156427, 53.668242012122889 ], [ -77.749077866405727, 53.673425498607003 ], [ -77.741686243727258, 53.676190677372503 ], [ -77.733957736893515, 53.673771864635057 ], [ -77.733621936100391, 53.668588312903644 ], [ -77.74101279064071, 53.665823639067526 ] ] ] } },
{ "type": "Feature", "properties": { "hex_id": 217301, "centroid_lon": -77.742360117230234, "centroid_lat": 53.686557691788039, "occurrences_today": 1, "datetimes_today": "2026-09-21 06:01:42", "cumulative_total": 13.0 }, "geometry": { "type": "Polygon", "coordinates": [ [ [ -77.742023127904616, 53.681374187566639 ], [ -77.7497534870582, 53.683792453634368 ], [ -77.750091455549935, 53.688975922176873 ], [ -77.742697211748307, 53.691741190036318 ], [ -77.734965768214053, 53.689322484042499 ], [ -77.734629652906307, 53.684138950204847 ], [ -77.742023127904616, 53.681374187566639 ] ] ] } },
{ "type": "Feature", "properties": { "hex_id": 217302, "centroid_lon": -77.743371716538718, "centroid_lat": 53.702108168612099, "occurrences_today": 1, "datetimes_today": "2026-09-21 06:01:42", "cumulative_total": 13.0 }, "geometry": { "type": "Polygon", "coordinates": [ [ [ -77.743034411503046, 53.696924682311135 ], [ -77.75076770908602, 53.699342841317623 ], [ -77.751105994219103, 53.704526291915144 ], [ -77.74370912689956, 53.707291648938849 ], [ -77.73597474387185, 53.704873049762121 ], [ -77.7356383136527, 53.699689533821505 ], [ -77.743034411503046, 53.696924682311135 ] ] ] } },
{ "type": "Feature", "properties": { "hex_id": 217303, "centroid_lon": -77.744384263773995, "centroid_lat": 53.717658591668226, "occurrences_today": 1, "datetimes_today": "2026-09-21 06:01:42", "cumulative_total": 13.0 }, "geometry": { "type": "Polygon", "coordinates": [ [ [ -77.744046642629868, 53.712475123291021 ], [ -77.75178288143735, 53.714893175162565 ], [ -77.75212148361139, 53.720076607811713 ], [ -77.74472199037622, 53.722842054070092 ], [ -77.7369846650585, 53.720423561783988 ], [ -77.73664791953054, 53.715240063743728 ], [ -77.744046642629868, 53.712475123291021 ] ] ] } },
{ "type": "Feature", "properties": { "hex_id": 217304, "centroid_lon": -77.745397760132605, "centroid_lat": 53.733208960946328, "occurrences_today": 1, "datetimes_today": "2026-09-21 06:01:42", "cumulative_total": 13.0 }, "geometry": { "type": "Polygon", "coordinates": [ [ [ -77.745059822480968, 53.728025510496259 ], [ -77.752799005311687, 53.730443455159019 ], [ -77.753137924926975, 53.735626869856439 ], [ -77.745735803375581, 53.738392405419972 ], [ -77.737995532967702, 53.735974020098134 ], [ -77.7376584717328, 53.730790539961546 ], [ -77.745059822480968, 53.728025510496259 ] ] ] } },
{ "type": "Feature", "properties": { "hex_id": 217305, "centroid_lon": -77.746412206813261, "centroid_lat": 53.748759276436395, "occurrences_today": 1, "datetimes_today": "2026-09-21 06:01:42", "cumulative_total": 13.0 }, "geometry": { "type": "Polygon", "coordinates": [ [ [ -77.746073952254307, 53.743575843916766 ], [ -77.753816081910585, 53.745993681296902 ], [ -77.754155319368095, 53.751177078039191 ], [ -77.746750567096953, 53.753942702978442 ], [ -77.739007348795127, 53.751524424694637 ], [ -77.738669971454499, 53.746340962465041 ], [ -77.746073952254307, 53.743575843916766 ] ] ] } },
{ "type": "Feature", "properties": { "hex_id": 217909, "centroid_lon": -77.732279779989796, "centroid_lat": 53.647854046343248, "occurrences_today": 1, "datetimes_today": "2026-09-21 06:01:42", "cumulative_total": 13.0 }, "geometry": { "type": "Polygon", "coordinates": [ [ [ -77.731944502507901, 53.642670464796282 ], [ -77.739667144305159, 53.645089490801034 ], [ -77.740003398519534, 53.650273036823805 ], [ -77.732615162046073, 53.653037621927844 ], [ -77.724891438920025, 53.65061815650018 ], [ -77.72455703364011, 53.645434545480747 ], [ -77.731944502507901, 53.642670464796282 ] ] ] } },
{ "type": "Feature", "properties": { "hex_id": 217910, "centroid_lon": -77.733286240057424, "centroid_lat": 53.663404755208418, "occurrences_today": 1, "datetimes_today": "2026-09-21 06:01:42", "cumulative_total": 13.0 }, "geometry": { "type": "Polygon", "coordinates": [ [ [ -77.732950648720632, 53.658221191549671 ], [ -77.740676221643255, 53.660640110957409 ], [ -77.74101279064071, 53.665823639067526 ], [ -77.733621936100391, 53.668588312903644 ], [ -77.725895280788947, 53.666168953829171 ], [ -77.725560562450625, 53.660985360674729 ], [ -77.732950648720632, 53.658221191549671 ] ] ] } },
{ "type": "Feature", "properties": { "hex_id": 217911, "centroid_lon": -77.734293642480807, "centroid_lat": 53.678955410402232, "occurrences_today": 1, "datetimes_today": "2026-09-21 06:01:42", "cumulative_total": 13.0 }, "geometry": { "type": "Polygon", "coordinates": [ [ [ -77.733957736893515, 53.673771864635057 ], [ -77.741686243727258, 53.676190677372503 ], [ -77.742023127904616, 53.681374187566639 ], [ -77.734629652906307, 53.684138950204847 ], [ -77.726900062622263, 53.681719697556645 ], [ -77.726565030830884, 53.676536122270484 ], [ -77.733957736893515, 53.673771864635057 ] ] ] } },
{ "type": "Feature", "properties": { "hex_id": 217912, "centroid_lon": -77.735301988448157, "centroid_lat": 53.694506011914861, "occurrences_today": 1, "datetimes_today": "2026-09-21 06:01:42", "cumulative_total": 13.0 }, "geometry": { "type": "Polygon", "coordinates": [ [ [ -77.734965768214053, 53.689322484042499 ], [ -77.742697211748307, 53.691741190036318 ], [ -77.743034411503046, 53.696924682311135 ], [ -77.7356383136527, 53.699689533821505 ], [ -77.727905785605302, 53.697270387672773 ], [ -77.727570439965518, 53.692086830258162 ], [ -77.734965768214053, 53.689322484042499 ] ] ] } },
{ "type": "Feature", "properties": { "hex_id": 217913, "centroid_lon": -77.736311279149731, "centroid_lat": 53.710056559736316, "occurrences_today": 1, "datetimes_today": "2026-09-21 06:01:42", "cumulative_total": 13.0 }, "geometry": { "type": "Polygon", "coordinates": [ [ [ -77.73597474387185, 53.704873049762121 ], [ -77.74370912689956, 53.707291648938849 ], [ -77.744046642629868, 53.712475123291021 ], [ -77.73664791953054, 53.715240063743728 ], [ -77.728912450925378, 53.712821024167752 ], [ -77.728576791041192, 53.707637484627945 ], [ -77.73597474387185, 53.704873049762121 ] ] ] } },
{ "type": "Feature", "properties": { "hex_id": 217914, "centroid_lon": -77.737321515777836, "centroid_lat": 53.72560705385672, "occurrences_today": 1, "datetimes_today": "2026-09-21 06:01:42", "cumulative_total": 13.0 }, "geometry": { "type": "Polygon", "coordinates": [ [ [ -77.7369846650585, 53.720423561783988 ], [ -77.74472199037622, 53.722842054070092 ], [ -77.745059822480968, 53.728025510496259 ], [ -77.7376584717328, 53.730790539961546 ], [ -77.729920059771885, 53.728371607031733 ], [ -77.729584085246614, 53.723188085370012 ], [ -77.7369846650585, 53.720423561783988 ] ] ] } },
{ "type": "Feature", "properties": { "hex_id": 217915, "centroid_lon": -77.738332699526808, "centroid_lat": 53.741157494266091, "occurrences_today": 1, "datetimes_today": "2026-09-21 06:01:42", "cumulative_total": 13.0 }, "geometry": { "type": "Polygon", "coordinates": [ [ [ -77.737995532967702, 53.735974020098134 ], [ -77.745735803375581, 53.738392405419972 ], [ -77.746073952254307, 53.743575843916766 ], [ -77.738669971454499, 53.746340962465041 ], [ -77.73092861333626, 53.743922136254838 ], [ -77.730592323772527, 53.738738632474522 ], [ -77.737995532967702, 53.735974020098134 ] ] ] } },
{ "type": "Feature", "properties": { "hex_id": 218519, "centroid_lon": -77.724222732625435, "centroid_lat": 53.640250928507051, "occurrences_today": 1, "datetimes_today": "2026-09-21 06:01:42", "cumulative_total": 13.0 }, "geometry": { "type": "Polygon", "coordinates": [ [ [ -77.723888535832216, 53.635067305579433 ], [ -77.731609329556505, 53.637486877287287 ], [ -77.731944502507901, 53.642670464796282 ], [ -77.72455703364011, 53.645434545480747 ], [ -77.716835159514304, 53.643014534365406 ], [ -77.716501834701532, 53.637830882062417 ], [ -77.723888535832216, 53.635067305579433 ] ] ] } },
{ "type": "Feature", "properties": { "hex_id": 218520, "centroid_lon": -77.725225948508921, "centroid_lat": 53.655801761564959, "occurrences_today": 1, "datetimes_today": "2026-09-21 06:01:42", "cumulative_total": 13.0 }, "geometry": { "type": "Polygon", "coordinates": [ [ [ -77.724891438920025, 53.65061815650018 ], [ -77.732615162046073, 53.653037621927844 ], [ -77.732950648720632, 53.658221191549671 ], [ -77.725560562450625, 53.660985360674729 ], [ -77.717835757864194, 53.658565455595749 ], [ -77.717502121051965, 53.653381821132427 ], [ -77.724891438920025, 53.65061815650018 ] ] ] } },
{ "type": "Feature", "properties": { "hex_id": 218521, "centroid_lon": -77.726230103567744, "centroid_lat": 53.671352541027879, "occurrences_today": 1, "datetimes_today": "2026-09-21 06:01:42", "cumulative_total": 13.0 }, "geometry": { "type": "Polygon", "coordinates": [ [ [ -77.725895280788947, 53.666168953829171 ], [ -77.733621936100391, 53.668588312903644 ], [ -77.733957736893515, 53.673771864635057 ], [ -77.726565030830884, 53.676536122270484 ], [ -77.718837292998813, 53.67411632330068 ], [ -77.718503343793884, 53.668932706680231 ], [ -77.725895280788947, 53.666168953829171 ] ] ] } },
{ "type": "Feature", "properties": { "hex_id": 218522, "centroid_lon": -77.727235198985824, "centroid_lat": 53.686903266885999, "occurrences_today": 1, "datetimes_today": "2026-09-21 06:01:42", "cumulative_total": 13.0 }, "geometry": { "type": "Polygon", "coordinates": [ [ [ -77.726900062622263, 53.681719697556645 ], [ -77.734629652906307, 53.684138950204847 ], [ -77.734965768214053, 53.689322484042499 ], [ -77.727570439965518, 53.692086830258162 ], [ -77.719839766099184, 53.689667137470465 ], [ -77.719505504107659, 53.684483538696156 ], [ -77.726900062622263, 53.681719697556645 ] ] ] } },
{ "type": "Feature", "properties": { "hex_id": 218523, "centroid_lon": -77.728241235949184, "centroid_lat": 53.702453939129491, "occurrences_today": 1, "datetimes_today": "2026-09-21 06:01:42", "cumulative_total": 13.0 }, "geometry": { "type": "Polygon", "coordinates": [ [ [ -77.727905785605302, 53.697270387672773 ], [ -77.7356383136527, 53.699689533821505 ], [ -77.73597474387185, 53.704873049762121 ], [ -77.728576791041192, 53.707637484627945 ], [ -77.720843178348389, 53.705217898095398 ], [ -77.720508603175674, 53.700034317170434 ], [ -77.727905785605302, 53.697270387672773 ] ] ] } },
{ "type": "Feature", "properties": { "hex_id": 218524, "centroid_lon": -77.729248215645825, "centroid_lat": 53.718004557748571, "occurrences_today": 1, "datetimes_today": "2026-09-21 06:01:42", "cumulative_total": 13.0 }, "geometry": { "type": "Polygon", "coordinates": [ [ [ -77.728912450925378, 53.712821024167752 ], [ -77.73664791953054, 53.715240063743728 ], [ -77.7369846650585, 53.720423561783988 ], [ -77.729584085246614, 53.723188085370012 ], [ -77.721847530931527, 53.720768605165738 ], [ -77.721512642182347, 53.715585042093402 ], [ -77.728912450925378, 53.712821024167752 ] ] ] } },
{ "type": "Feature", "properties": { "hex_id": 218525, "centroid_lon": -77.730256139265791, "centroid_lat": 53.733555122733343, "occurrences_today": 1, "datetimes_today": "2026-09-21 06:01:42", "cumulative_total": 13.0 }, "geometry": { "type": "Polygon", "coordinates": [ [ [ -77.729920059771885, 53.728371607031733 ], [ -77.7376584717328, 53.730790539961546 ], [ -77.737995532967702, 53.735974020098134 ], [ -77.730592323772527, 53.738738632474522 ], [ -77.72285282503573, 53.736319258671706 ], [ -77.722517622314172, 53.731135713455245 ], [ -77.729920059771885, 53.728371607031733 ] ] ] } },
{ "type": "Feature", "properties": { "hex_id": 218526, "centroid_lon": -77.731265008001245, "centroid_lat": 53.749105634073985, "occurrences_today": 1, "datetimes_today": "2026-09-21 06:01:42", "cumulative_total": 13.0 }, "geometry": { "type": "Polygon", "coordinates": [ [ [ -77.73092861333626, 53.743922136254838 ], [ -77.738669971454499, 53.746340962465041 ], [ -77.739007348795127, 53.751524424694637 ], [ -77.731601507811732, 53.754289125931564 ], [ -77.72385906185022, 53.751869858603577 ], [ -77.723523544759644, 53.746686331246238 ], [ -77.73092861333626, 53.743922136254838 ] ] ] } },
{ "type": "Feature", "properties": { "hex_id": 219129, "centroid_lon": -77.716168613801329, "centroid_lat": 53.632647223813599, "occurrences_today": 1, "datetimes_today": "2026-09-21 06:01:42", "cumulative_total": 13.0 }, "geometry": { "type": "Polygon", "coordinates": [ [ [ -77.715835496770083, 53.627463559619308 ], [ -77.723554443216756, 53.62988367669827 ], [ -77.723888535832216, 53.635067305579433 ], [ -77.716501834701532, 53.637830882062417 ], [ -77.708781808779889, 53.635410325591501 ], [ -77.708449563507486, 53.630226632118884 ], [ -77.715835496770083, 53.627463559619308 ] ] ] } },
{ "type": "Feature", "properties": { "hex_id": 219130, "centroid_lon": -77.717168588283229, "centroid_lat": 53.64819818072219, "occurrences_today": 1, "datetimes_today": "2026-09-21 06:01:42", "cumulative_total": 13.0 }, "geometry": { "type": "Polygon", "coordinates": [ [ [ -77.716835159514304, 53.643014534365406 ], [ -77.72455703364011, 53.645434545480747 ], [ -77.724891438920025, 53.65061815650018 ], [ -77.717502121051965, 53.653381821132427 ], [ -77.709779166393545, 53.650961370381289 ], [ -77.709446610179427, 53.645777694723066 ], [ -77.716835159514304, 53.643014534365406 ] ] ] } },
{ "type": "Feature", "properties": { "hex_id": 219131, "centroid_lon": -77.718169498763601, "centroid_lat": 53.663749084111821, "occurrences_today": 1, "datetimes_today": "2026-09-21 06:01:42", "cumulative_total": 13.0 }, "geometry": { "type": "Polygon", "coordinates": [ [ [ -77.717835757864194, 53.658565455595749 ], [ -77.725560562450625, 53.660985360674729 ], [ -77.725895280788947, 53.666168953829171 ], [ -77.718503343793884, 53.668932706680231 ], [ -77.710777457615791, 53.666512361721445 ], [ -77.710444590068164, 53.66132870388082 ], [ -77.717835757864194, 53.658565455595749 ] ] ] } },
{ "type": "Feature", "properties": { "hex_id": 219132, "centroid_lon": -77.719171346422144, "centroid_lat": 53.679299933972764, "occurrences_today": 1, "datetimes_today": "2026-09-21 06:01:42", "cumulative_total": 13.0 }, "geometry": { "type": "Polygon", "coordinates": [ [ [ -77.718837292998813, 53.67411632330068 ], [ -77.726565030830884, 53.676536122270484 ], [ -77.726900062622263, 53.681719697556645 ], [ -77.719505504107659, 53.684483538696156 ], [ -77.711776683623427, 53.682063299602362 ], [ -77.711443504349788, 53.676879659582561 ], [ -77.718837292998813, 53.67411632330068 ] ] ] } },
{ "type": "Feature", "properties": { "hex_id": 219133, "centroid_lon": -77.720174132440562, "centroid_lat": 53.694850730295371, "occurrences_today": 1, "datetimes_today": "2026-09-21 06:01:42", "cumulative_total": 13.0 }, "geometry": { "type": "Polygon", "coordinates": [ [ [ -77.719839766099184, 53.689667137470465 ], [ -77.727570439965518, 53.692086830258162 ], [ -77.727905785605302, 53.697270387672773 ], [ -77.720508603175674, 53.700034317170434 ], [ -77.712776845595272, 53.697614184014441 ], [ -77.712443354202449, 53.692430561818661 ], [ -77.719839766099184, 53.689667137470465 ] ] ] } },
{ "type": "Feature", "properties": { "hex_id": 219134, "centroid_lon": -77.721177858002619, "centroid_lat": 53.710401473069837, "occurrences_today": 1, "datetimes_today": "2026-09-21 06:01:42", "cumulative_total": 13.0 }, "geometry": { "type": "Polygon", "coordinates": [ [ [ -77.720843178348389, 53.705217898095398 ], [ -77.728576791041192, 53.707637484627945 ], [ -77.728912450925378, 53.712821024167752 ], [ -77.721512642182347, 53.715585042093402 ], [ -77.713777944712135, 53.713165014948046 ], [ -77.713444140806317, 53.707981410579492 ], [ -77.720843178348389, 53.705217898095398 ] ] ] } },
{ "type": "Feature", "properties": { "hex_id": 219135, "centroid_lon": -77.722182524294126, "centroid_lat": 53.725952162286475, "occurrences_today": 1, "datetimes_today": "2026-09-21 06:01:42", "cumulative_total": 13.0 }, "geometry": { "type": "Polygon", "coordinates": [ [ [ -77.721847530931527, 53.720768605165738 ], [ -77.729584085246614, 53.723188085370012 ], [ -77.729920059771885, 53.728371607031733 ], [ -77.722517622314172, 53.731135713455245 ], [ -77.714779982156927, 53.728715792393515 ], [ -77.714445865343578, 53.723532205855413 ], [ -77.721847530931527, 53.720768605165738 ] ] ] } },
{ "type": "Feature", "properties": { "hex_id": 219136, "centroid_lon": -77.723188132502855, "centroid_lat": 53.741502797935503, "occurrences_today": 1, "datetimes_today": "2026-09-21 06:01:42", "cumulative_total": 13.0 }, "geometry": { "type": "Polygon", "coordinates": [ [ [ -77.72285282503573, 53.736319258671706 ], [ -77.730592323772527, 53.738738632474522 ], [ -77.73092861333626, 53.743922136254838 ], [ -77.723523544759644, 53.746686331246238 ], [ -77.71578295911452, 53.744266516341149 ], [ -77.715448528998465, 53.739082947636746 ], [ -77.72285282503573, 53.736319258671706 ] ] ] } },
{ "type": "Feature", "properties": { "hex_id": 219137, "centroid_lon": -77.724194683818709, "centroid_lat": 53.757053380007143, "occurrences_today": 1, "datetimes_today": "2026-09-21 06:01:42", "cumulative_total": 13.0 }, "geometry": { "type": "Polygon", "coordinates": [ [ [ -77.72385906185022, 53.751869858603577 ], [ -77.731601507811732, 53.754289125931564 ], [ -77.731938112811974, 53.759472611827221 ], [ -77.724530410709306, 53.762236895456581 ], [ -77.716786876771863, 53.759817186781312 ], [ -77.716452132957201, 53.754633635913791 ], [ -77.72385906185022, 53.751869858603577 ] ] ] } },
{ "type": "Feature", "properties": { "hex_id": 219739, "centroid_lon": -77.708117421795365, "centroid_lat": 53.625042932708837, "occurrences_today": 1, "datetimes_today": "2026-09-21 06:01:42", "cumulative_total": 13.0 }, "geometry": { "type": "Polygon", "coordinates": [ [ [ -77.707785383600083, 53.619859227361708 ], [ -77.715502483564237, 53.622279889479906 ], [ -77.715835496770083, 53.627463559619308 ], [ -77.708449563507486, 53.630226632118884 ], [ -77.700731384994214, 53.627805530624315 ], [ -77.700400218336071, 53.622621796095856 ], [ -77.707785383600083, 53.619859227361708 ] ] ] } },
{ "type": "Feature", "properties": { "hex_id": 219740, "centroid_lon": -77.709114157656046, "centroid_lat": 53.640594013126361, "occurrences_today": 1, "datetimes_today": "2026-09-21 06:01:42", "cumulative_total": 13.0 }, "geometry": { "type": "Polygon", "coordinates": [ [ [ -77.708781808779889, 53.635410325591501 ], [ -77.716501834701532, 53.637830882062417 ], [ -77.716835159514304, 53.643014534365406 ], [ -77.709446610179427, 53.645777694723066 ], [ -77.701725504652202, 53.643356698631948 ], [ -77.701394028108936, 53.638172981892723 ], [ -77.708781808779889, 53.635410325591501 ] ] ] } },
{ "type": "Feature", "properties": { "hex_id": 219741, "centroid_lon": -77.710111826341929, "centroid_lat": 53.656145040100661, "occurrences_today": 1, "datetimes_today": "2026-09-21 06:01:42", "cumulative_total": 13.0 }, "geometry": { "type": "Polygon", "coordinates": [ [ [ -77.709779166393545, 53.650961370381289 ], [ -77.717502121051965, 53.653381821132427 ], [ -77.717835757864194, 53.658565455595749 ], [ -77.710444590068164, 53.66132870388082 ], [ -77.702720554746278, 53.658907813265465 ], [ -77.702388767927459, 53.653724114318671 ], [ -77.709779166393545, 53.650961370381289 ] ] ] } },
{ "type": "Feature", "properties": { "hex_id": 219742, "centroid_lon": -77.711110429028452, "centroid_lat": 53.671696013622132, "occurrences_today": 1, "datetimes_today": "2026-09-21 06:01:42", "cumulative_total": 13.0 }, "geometry": { "type": "Polygon", "coordinates": [ [ [ -77.710777457615791, 53.666512361721445 ], [ -77.718503343793884, 53.668932706680231 ], [ -77.718837292998813, 53.67411632330068 ], [ -77.711443504349788, 53.676879659582561 ], [ -77.703716536448937, 53.674458874515381 ], [ -77.703384438963511, 53.669275193364172 ], [ -77.710777457615791, 53.666512361721445 ] ] ] } },
{ "type": "Feature", "properties": { "hex_id": 219743, "centroid_lon": -77.712109966893081, "centroid_lat": 53.687246933681187, "occurrences_today": 1, "datetimes_today": "2026-09-21 06:01:42", "cumulative_total": 13.0 }, "geometry": { "type": "Polygon", "coordinates": [ [ [ -77.711776683623427, 53.682063299602362 ], [ -77.719505504107659, 53.684483538696156 ], [ -77.719839766099184, 53.689667137470465 ], [ -77.712443354202449, 53.692430561818661 ], [ -77.704713450934776, 53.690009882372159 ], [ -77.704381042391006, 53.684826219019719 ], [ -77.711776683623427, 53.682063299602362 ] ] ] } },
{ "type": "Feature", "properties": { "hex_id": 219744, "centroid_lon": -77.71311044111529, "centroid_lat": 53.702797800268179, "occurrences_today": 1, "datetimes_today": "2026-09-21 06:01:42", "cumulative_total": 13.0 }, "geometry": { "type": "Polygon", "coordinates": [ [ [ -77.712776845595272, 53.697614184014441 ], [ -77.720508603175674, 53.700034317170434 ], [ -77.720843178348389, 53.705217898095398 ], [ -77.713444140806317, 53.707981410579492 ], [ -77.70571129938034, 53.70556083682628 ], [ -77.705378579385808, 53.700377191275777 ], [ -77.712776845595272, 53.697614184014441 ] ] ] } },
{ "type": "Feature", "properties": { "hex_id": 219745, "centroid_lon": -77.714111852876613, "centroid_lat": 53.718348613373479, "occurrences_today": 1, "datetimes_today": "2026-09-21 06:01:42", "cumulative_total": 13.0 }, "geometry": { "type": "Polygon", "coordinates": [ [ [ -77.713777944712135, 53.713165014948046 ], [ -77.721512642182347, 53.715585042093402 ], [ -77.721847530931527, 53.720768605165738 ], [ -77.714445865343578, 53.723532205855413 ], [ -77.706710082964236, 53.721111737868171 ], [ -77.706377051125855, 53.715928110122832 ], [ -77.713777944712135, 53.713165014948046 ] ] ] } },
{ "type": "Feature", "properties": { "hex_id": 219746, "centroid_lon": -77.715114203360571, "centroid_lat": 53.733899372987388, "occurrences_today": 1, "datetimes_today": "2026-09-21 06:01:42", "cumulative_total": 13.0 }, "geometry": { "type": "Polygon", "coordinates": [ [ [ -77.714779982156927, 53.728715792393515 ], [ -77.722517622314172, 53.731135713455245 ], [ -77.72285282503573, 53.736319258671706 ], [ -77.715448528998465, 53.739082947636746 ], [ -77.707709802867086, 53.736662585488268 ], [ -77.707376458791074, 53.731478975551248 ], [ -77.714779982156927, 53.728715792393515 ] ] ] } },
{ "type": "Feature", "properties": { "hex_id": 219747, "centroid_lon": -77.716117493752762, "centroid_lat": 53.749450079100299, "occurrences_today": 1, "datetimes_today": "2026-09-21 06:01:42", "cumulative_total": 13.0 }, "geometry": { "type": "Polygon", "coordinates": [ [ [ -77.71578295911452, 53.744266516341149 ], [ -77.723523544759644, 53.746686331246238 ], [ -77.72385906185022, 53.751869858603577 ], [ -77.716452132957201, 53.754633635913791 ], [ -77.708710460271547, 53.752213379677002 ], [ -77.708376803563468, 53.747029787551512 ], [ -77.71578295911452, 53.744266516341149 ] ] ] } },
{ "type": "Feature", "properties": { "hex_id": 220350, "centroid_lon": -77.701062654904064, "centroid_lat": 53.632989259223393, "occurrences_today": 1, "datetimes_today": "2026-09-21 06:01:42", "cumulative_total": 13.0 }, "geometry": { "type": "Polygon", "coordinates": [ [ [ -77.700731384994214, 53.627805530624315 ], [ -77.708449563507486, 53.630226632118884 ], [ -77.708781808779889, 53.635410325591501 ], [ -77.701394028108936, 53.638172981892723 ], [ -77.693674770916374, 53.635751440793662 ], [ -77.693344373117412, 53.630567683087214 ], [ -77.700731384994214, 53.627805530624315 ] ] ] } },
{ "type": "Feature", "properties": { "hex_id": 220351, "centroid_lon": -77.702057084577248, "centroid_lat": 53.648540409440713, "occurrences_today": 1, "datetimes_today": "2026-09-21 06:01:42", "cumulative_total": 13.0 }, "geometry": { "type": "Polygon", "coordinates": [ [ [ -77.701725504652202, 53.643356698631948 ], [ -77.709446610179427, 53.645777694723066 ], [ -77.709779166393545, 53.650961370381289 ], [ -77.702388767927459, 53.653724114318671 ], [ -77.694666582664283, 53.651302678379039 ], [ -77.694335875646573, 53.646118938439919 ], [ -77.701725504652202, 53.643356698631948 ] ] ] } },
{ "type": "Feature", "properties": { "hex_id": 220352, "centroid_lon": -77.703052445077134, "centroid_lat": 53.664091506280762, "occurrences_today": 1, "datetimes_today": "2026-09-21 06:01:42", "cumulative_total": 13.0 }, "geometry": { "type": "Polygon", "coordinates": [ [ [ -77.702720554746278, 53.658907813265465 ], [ -77.710444590068164, 53.66132870388082 ], [ -77.710777457615791, 53.666512361721445 ], [ -77.703384438963511, 53.669275193364172 ], [ -77.69565932284759, 53.666853862656119 ], [ -77.695328306221469, 53.661670140487473 ], [ -77.702720554746278, 53.658907813265465 ] ] ] } },
{ "type": "Feature", "properties": { "hex_id": 220353, "centroid_lon": -77.704048737576912, "centroid_lat": 53.679642549734005, "occurrences_today": 1, "datetimes_today": "2026-09-21 06:01:42", "cumulative_total": 13.0 }, "geometry": { "type": "Polygon", "coordinates": [ [ [ -77.703716536448937, 53.674458874515381 ], [ -77.711443504349788, 53.676879659582561 ], [ -77.711776683623427, 53.682063299602362 ], [ -77.704381042391006, 53.684826219019719 ], [ -77.696652992636601, 53.682404993615492 ], [ -77.696321666011741, 53.677221289220483 ], [ -77.703716536448937, 53.674458874515381 ] ] ] } },
{ "type": "Feature", "properties": { "hex_id": 220354, "centroid_lon": -77.70504596325182, "centroid_lat": 53.695193539790978, "occurrences_today": 1, "datetimes_today": "2026-09-21 06:01:42", "cumulative_total": 13.0 }, "geometry": { "type": "Polygon", "coordinates": [ [ [ -77.704713450934776, 53.690009882372159 ], [ -77.712443354202449, 53.692430561818661 ], [ -77.712776845595272, 53.697614184014441 ], [ -77.705378579385808, 53.700377191275777 ], [ -77.697647593203641, 53.697956071247738 ], [ -77.697315956189058, 53.692772384629471 ], [ -77.704713450934776, 53.690009882372159 ] ] ] } },
{ "type": "Feature", "properties": { "hex_id": 220355, "centroid_lon": -77.706044123279128, "centroid_lat": 53.710744476442066, "occurrences_today": 1, "datetimes_today": "2026-09-21 06:01:42", "cumulative_total": 13.0 }, "geometry": { "type": "Polygon", "coordinates": [ [ [ -77.70571129938034, 53.70556083682628 ], [ -77.713444140806317, 53.707981410579492 ], [ -77.713777944712135, 53.713165014948046 ], [ -77.706377051125855, 53.715928110122832 ], [ -77.698643125723024, 53.713507095543392 ], [ -77.698311177927067, 53.708323426705036 ], [ -77.70571129938034, 53.70556083682628 ] ] ] } },
{ "type": "Feature", "properties": { "hex_id": 220356, "centroid_lon": -77.707043218838066, "centroid_lat": 53.726295359677778, "occurrences_today": 1, "datetimes_today": "2026-09-21 06:01:42", "cumulative_total": 13.0 }, "geometry": { "type": "Polygon", "coordinates": [ [ [ -77.706710082964236, 53.721111737868171 ], [ -77.714445865343578, 53.723532205855413 ], [ -77.714779982156927, 53.728715792393515 ], [ -77.707376458791074, 53.731478975551248 ], [ -77.69963959137111, 53.729058066492982 ], [ -77.699307332401418, 53.723874415437706 ], [ -77.706710082964236, 53.721111737868171 ] ] ] } },
{ "type": "Feature", "properties": { "hex_id": 220357, "centroid_lon": -77.708043251109942, "centroid_lat": 53.741846189488477, "occurrences_today": 1, "datetimes_today": "2026-09-21 06:01:42", "cumulative_total": 13.0 }, "geometry": { "type": "Polygon", "coordinates": [ [ [ -77.707709802867086, 53.736662585488268 ], [ -77.715448528998465, 53.739082947636746 ], [ -77.71578295911452, 53.744266516341149 ], [ -77.708376803563468, 53.747029787551512 ], [ -77.700636991326277, 53.744608984087009 ], [ -77.700304420789834, 53.739425350817974 ], [ -77.707709802867086, 53.736662585488268 ] ] ] } },
{ "type": "Feature", "properties": { "hex_id": 220358, "centroid_lon": -77.709044221278077, "centroid_lat": 53.757396965864615, "occurrences_today": 1, "datetimes_today": "2026-09-21 06:01:42", "cumulative_total": 13.0 }, "geometry": { "type": "Polygon", "coordinates": [ [ [ -77.708710460271547, 53.752213379677002 ], [ -77.716452132957201, 53.754633635913791 ], [ -77.716786876771863, 53.759817186781312 ], [ -77.709378086627027, 53.762580546113995 ], [ -77.701635326768894, 53.760159848316007 ], [ -77.701302444272031, 53.75497623283637 ], [ -77.708710460271547, 53.752213379677002 ] ] ] } },
{ "type": "Feature", "properties": { "hex_id": 220960, "centroid_lon": -77.693014078304884, "centroid_lat": 53.625383919459033, "occurrences_today": 1, "datetimes_today": "2026-09-21 06:01:42", "cumulative_total": 13.0 }, "geometry": { "type": "Polygon", "coordinates": [ [ [ -77.692683886435589, 53.620200149909422 ], [ -77.700400218336071, 53.622621796095856 ], [ -77.700731384994214, 53.627805530624315 ], [ -77.693344373117412, 53.630567683087214 ], [ -77.685626963463235, 53.628145597312049 ], [ -77.685297643482741, 53.622961798752037 ], [ -77.692683886435589, 53.620200149909422 ] ] ] } },
{ "type": "Feature", "properties": { "hex_id": 220961, "centroid_lon": -77.694005271745027, "centroid_lat": 53.64093519257802, "occurrences_today": 1, "datetimes_today": "2026-09-21 06:01:42", "cumulative_total": 13.0 }, "geometry": { "type": "Polygon", "coordinates": [ [ [ -77.693674770916374, 53.635751440793662 ], [ -77.701394028108936, 53.638172981892723 ], [ -77.701725504652202, 53.643356698631948 ], [ -77.694335875646573, 53.646118938439919 ], [ -77.686615539644848, 53.643696957508105 ], [ -77.686285911501187, 53.638513176690431 ], [ -77.693674770916374, 53.635751440793662 ] ] ] } },
{ "type": "Feature", "properties": { "hex_id": 220962, "centroid_lon": -77.694997392841486, "centroid_lat": 53.656486412395004, "occurrences_today": 1, "datetimes_today": "2026-09-21 06:01:42", "cumulative_total": 13.0 }, "geometry": { "type": "Polygon", "coordinates": [ [ [ -77.694666582664283, 53.651302678379039 ], [ -77.702388767927459, 53.653724114318671 ], [ -77.702720554746278, 53.658907813265465 ], [ -77.695328306221469, 53.661670140487473 ], [ -77.687605041092198, 53.659248264470904 ], [ -77.687275104397173, 53.654064501398693 ], [ -77.694666582664283, 53.651302678379039 ] ] ] } },
{ "type": "Feature", "properties": { "hex_id": 220963, "centroid_lon": -77.695990442763218, "centroid_lat": 53.672037578900557, "occurrences_today": 1, "datetimes_today": "2026-09-21 06:01:42", "cumulative_total": 13.0 }, "geometry": { "type": "Polygon", "coordinates": [ [ [ -77.69565932284759, 53.666853862656119 ], [ -77.703384438963511, 53.669275193364172 ], [ -77.703716536448937, 53.674458874515381 ], [ -77.696321666011741, 53.677221289220483 ], [ -77.688595468971414, 53.674799518191136 ], [ -77.688265223336074, 53.669615772867488 ], [ -77.69565932284759, 53.666853862656119 ] ] ] } },
{ "type": "Feature", "properties": { "hex_id": 220964, "centroid_lon": -77.696984422681211, "centroid_lat": 53.687588692085285, "occurrences_today": 1, "datetimes_today": "2026-09-21 06:01:42", "cumulative_total": 13.0 }, "geometry": { "type": "Polygon", "coordinates": [ [ [ -77.696652992636601, 53.682404993615492 ], [ -77.704381042391006, 53.684826219019719 ], [ -77.704713450934776, 53.690009882372159 ], [ -77.697315956189058, 53.692772384629471 ], [ -77.689586824450529, 53.690350718659474 ], [ -77.689256269485313, 53.685166991087478 ], [ -77.696652992636601, 53.682404993615492 ] ] ] } },
{ "type": "Feature", "properties": { "hex_id": 220965, "centroid_lon": -77.697979333768458, "centroid_lat": 53.703139751939702, "occurrences_today": 1, "datetimes_today": "2026-09-21 06:01:42", "cumulative_total": 13.0 }, "geometry": { "type": "Polygon", "coordinates": [ [ [ -77.697647593203641, 53.697956071247738 ], [ -77.705378579385808, 53.700377191275777 ], [ -77.70571129938034, 53.70556083682628 ], [ -77.698311177927067, 53.708323426705036 ], [ -77.690579108699609, 53.705901865866537 ], [ -77.690248244014271, 53.700718156049334 ], [ -77.697647593203641, 53.697956071247738 ] ] ] } },
{ "type": "Feature", "properties": { "hex_id": 220966, "centroid_lon": -77.698975177199941, "centroid_lat": 53.718690758454393, "occurrences_today": 1, "datetimes_today": "2026-09-21 06:01:42", "cumulative_total": 13.0 }, "geometry": { "type": "Polygon", "coordinates": [ [ [ -77.698643125723024, 53.713507095543392 ], [ -77.706377051125855, 53.715928110122832 ], [ -77.706710082964236, 53.721111737868171 ], [ -77.699307332401418, 53.723874415437706 ], [ -77.691572322890721, 53.721452959802974 ], [ -77.691241148094363, 53.716269267743698 ], [ -77.698643125723024, 53.713507095543392 ] ] ] } },
{ "type": "Feature", "properties": { "hex_id": 220967, "centroid_lon": -77.699971954152687, "centroid_lat": 53.734241711619838, "occurrences_today": 1, "datetimes_today": "2026-09-21 06:01:42", "cumulative_total": 13.0 }, "geometry": { "type": "Polygon", "coordinates": [ [ [ -77.69963959137111, 53.729058066492982 ], [ -77.707376458791074, 53.731478975551248 ], [ -77.707709802867086, 53.736662585488268 ], [ -77.700304420789834, 53.739425350817974 ], [ -77.692566468197995, 53.737004000459386 ], [ -77.692234982898995, 53.731820326161156 ], [ -77.69963959137111, 53.729058066492982 ] ] ] } },
{ "type": "Feature", "properties": { "hex_id": 220968, "centroid_lon": -77.700969665805744, "centroid_lat": 53.749792611426585, "occurrences_today": 1, "datetimes_today": "2026-09-21 06:01:42", "cumulative_total": 13.0 }, "geometry": { "type": "Polygon", "coordinates": [ [ [ -77.700636991326277, 53.744608984087009 ], [ -77.708376803563468, 53.747029787551512 ], [ -77.708710460271547, 53.752213379677002 ], [ -77.701302444272031, 53.75497623283637 ], [ -77.693561545797522, 53.752554987826414 ], [ -77.693229749603631, 53.747371331292356 ], [ -77.700636991326277, 53.744608984087009 ] ] ] } },
{ "type": "Feature", "properties": { "hex_id": 220969, "centroid_lon": -77.701968313340188, "centroid_lat": 53.7653434578651, "occurrences_today": 1, "datetimes_today": "2026-09-21 06:01:42", "cumulative_total": 13.0 }, "geometry": { "type": "Polygon", "coordinates": [ [ [ -77.701635326768894, 53.760159848316007 ], [ -77.709378086627027, 53.762580546113995 ], [ -77.709712056362292, 53.767764120424744 ], [ -77.70230140402974, 53.770527061483378 ], [ -77.694557556867451, 53.76810592189458 ], [ -77.69422544938574, 53.762922283127878 ], [ -77.701635326768894, 53.760159848316007 ] ] ] } },
{ "type": "Feature", "properties": { "hex_id": 221571, "centroid_lon": -77.685956386121703, "centroid_lat": 53.633329389958291, "occurrences_today": 1, "datetimes_today": "2026-09-21 06:01:42", "cumulative_total": 13.0 }, "geometry": { "type": "Polygon", "coordinates": [ [ [ -77.685626963463235, 53.628145597312049 ], [ -77.693344373117412, 53.630567683087214 ], [ -77.693674770916374, 53.635751440793662 ], [ -77.686285911501187, 53.638513176690431 ], [ -77.678567423963898, 53.636090651098385 ], [ -77.678238873768038, 53.630906829515787 ], [ -77.685626963463235, 53.628145597312049 ] ] ] } },
{ "type": "Feature", "properties": { "hex_id": 221572, "centroid_lon": -77.686945270595771, "centroid_lat": 53.648880732410973, "occurrences_today": 1, "datetimes_today": "2026-09-21 06:01:42", "cumulative_total": 13.0 }, "geometry": { "type": "Polygon", "coordinates": [ [ [ -77.686615539644848, 53.643696957508105 ], [ -77.694335875646573, 53.646118938439919 ], [ -77.694666582664283, 53.651302678379039 ], [ -77.687275104397173, 53.654064501398693 ], [ -77.679553689456625, 53.651642080405807 ], [ -77.679224831765183, 53.646458276543733 ], [ -77.686615539644848, 53.643696957508105 ] ] ] } },
{ "type": "Feature", "properties": { "hex_id": 221573, "centroid_lon": -77.687935080724102, "centroid_lat": 53.664432021627292, "occurrences_today": 1, "datetimes_today": "2026-09-21 06:01:42", "cumulative_total": 13.0 }, "geometry": { "type": "Polygon", "coordinates": [ [ [ -77.687605041092198, 53.659248264470904 ], [ -77.695328306221469, 53.661670140487473 ], [ -77.69565932284759, 53.666853862656119 ], [ -77.688265223336074, 53.669615772867488 ], [ -77.680540878210877, 53.66719345654549 ], [ -77.680211712636378, 53.662009670407016 ], [ -77.687605041092198, 53.659248264470904 ] ] ] } },
{ "type": "Feature", "properties": { "hex_id": 221574, "centroid_lon": -77.688925817673393, "centroid_lat": 53.679983257597918, "occurrences_today": 1, "datetimes_today": "2026-09-21 06:01:42", "cumulative_total": 13.0 }, "geometry": { "type": "Polygon", "coordinates": [ [ [ -77.688595468971414, 53.674799518191136 ], [ -77.696321666011741, 53.677221289220483 ], [ -77.696652992636601, 53.682404993615492 ], [ -77.689256269485313, 53.685166991087478 ], [ -77.681528991390493, 53.682744779508212 ], [ -77.681199517544783, 53.677561011096429 ], [ -77.688595468971414, 53.674799518191136 ] ] ] } },
{ "type": "Feature", "properties": { "hex_id": 221575, "centroid_lon": -77.689917482612387, "centroid_lat": 53.695534440313544, "occurrences_today": 1, "datetimes_today": "2026-09-21 06:01:42", "cumulative_total": 13.0 }, "geometry": { "type": "Polygon", "coordinates": [ [ [ -77.689586824450529, 53.690350718659474 ], [ -77.697315956189058, 53.692772384629471 ], [ -77.697647593203641, 53.697956071247738 ], [ -77.690248244014271, 53.700718156049334 ], [ -77.68251803016129, 53.698296049284714 ], [ -77.682188247655503, 53.693112298602692 ], [ -77.689586824450529, 53.690350718659474 ] ] ] } },
{ "type": "Feature", "properties": { "hex_id": 221576, "centroid_lon": -77.690910076711816, "centroid_lat": 53.711085569764755, "occurrences_today": 1, "datetimes_today": "2026-09-21 06:01:42", "cumulative_total": 13.0 }, "geometry": { "type": "Polygon", "coordinates": [ [ [ -77.690579108699609, 53.705901865866537 ], [ -77.698311177927067, 53.708323426705036 ], [ -77.698643125723024, 53.713507095543392 ], [ -77.691241148094363, 53.716269267743698 ], [ -77.683507995691073, 53.713847265865745 ], [ -77.683177904135746, 53.708663532916574 ], [ -77.690579108699609, 53.705901865866537 ] ] ] } },
{ "type": "Feature", "properties": { "hex_id": 221577, "centroid_lon": -77.691903601144432, "centroid_lat": 53.72663664594225, "occurrences_today": 1, "datetimes_today": "2026-09-21 06:01:42", "cumulative_total": 13.0 }, "geometry": { "type": "Polygon", "coordinates": [ [ [ -77.691572322890721, 53.721452959802974 ], [ -77.699307332401418, 53.723874415437706 ], [ -77.69963959137111, 53.729058066492982 ], [ -77.692234982898995, 53.731820326161156 ], [ -77.68449888914968, 53.729398429241989 ], [ -77.68416848815464, 53.72421471402879 ], [ -77.691572322890721, 53.721452959802974 ] ] ] } },
{ "type": "Feature", "properties": { "hex_id": 221578, "centroid_lon": -77.692898057085003, "centroid_lat": 53.742187668836578, "occurrences_today": 1, "datetimes_today": "2026-09-21 06:01:42", "cumulative_total": 13.0 }, "geometry": { "type": "Polygon", "coordinates": [ [ [ -77.692566468197995, 53.737004000459386 ], [ -77.700304420789834, 53.739425350817974 ], [ -77.700636991326277, 53.744608984087009 ], [ -77.693229749603631, 53.747371331292356 ], [ -77.685490711708937, 53.744949539404161 ], [ -77.685160000883371, 53.739765841930023 ], [ -77.692566468197995, 53.737004000459386 ] ] ] } },
{ "type": "Feature", "properties": { "hex_id": 221579, "centroid_lon": -77.69389344571033, "centroid_lat": 53.757738638438362, "occurrences_today": 1, "datetimes_today": "2026-09-21 06:01:42", "cumulative_total": 13.0 }, "geometry": { "type": "Polygon", "coordinates": [ [ [ -77.693561545797522, 53.752554987826414 ], [ -77.701302444272031, 53.75497623283637 ], [ -77.701635326768894, 53.760159848316007 ], [ -77.69422544938574, 53.762922283127878 ], [ -77.686483464542718, 53.760500596342958 ], [ -77.686152443495089, 53.755316916610973 ], [ -77.693561545797522, 53.752554987826414 ] ] ] } },
{ "type": "Feature", "properties": { "hex_id": 222182, "centroid_lon": -77.678896076615288, "centroid_lat": 53.641274466774483, "occurrences_today": 1, "datetimes_today": "2026-09-21 06:01:42", "cumulative_total": 13.0 }, "geometry": { "type": "Polygon", "coordinates": [ [ [ -77.678567423963898, 53.636090651098385 ], [ -77.686285911501187, 53.638513176690431 ], [ -77.686615539644848, 53.643696957508105 ], [ -77.679224831765183, 53.646458276543733 ], [ -77.671505266215618, 53.64403531090656 ], [ -77.671177486600996, 53.638851466368259 ], [ -77.678567423963898, 53.636090651098385 ] ] ] } },
{ "type": "Feature", "properties": { "hex_id": 222183, "centroid_lon": -77.679882649732662, "centroid_lat": 53.656825878360358, "occurrences_today": 1, "datetimes_today": "2026-09-21 06:01:42", "cumulative_total": 13.0 }, "geometry": { "type": "Polygon", "coordinates": [ [ [ -77.679553689456625, 53.651642080405807 ], [ -77.687275104397173, 53.654064501398693 ], [ -77.687605041092198, 53.659248264470904 ], [ -77.680211712636378, 53.662009670407016 ], [ -77.672489218627618, 53.659586809124654 ], [ -77.672161132185991, 53.654402982285099 ], [ -77.679553689456625, 53.651642080405807 ] ] ] } },
{ "type": "Feature", "properties": { "hex_id": 222184, "centroid_lon": -77.680870146499302, "centroid_lat": 53.672377236775404, "occurrences_today": 1, "datetimes_today": "2026-09-21 06:01:42", "cumulative_total": 13.0 }, "geometry": { "type": "Polygon", "coordinates": [ [ [ -77.680540878210877, 53.66719345654549 ], [ -77.688265223336074, 53.669615772867488 ], [ -77.688595468971414, 53.674799518191136 ], [ -77.681199517544783, 53.677561011096429 ], [ -77.673474092294001, 53.675138254240444 ], [ -77.673145698638621, 53.669954445102668 ], [ -77.680540878210877, 53.66719345654549 ] ] ] } },
{ "type": "Feature", "properties": { "hex_id": 222185, "centroid_lon": -77.681858568079676, "centroid_lat": 53.687928542010425, "occurrences_today": 1, "datetimes_today": "2026-09-21 06:01:42", "cumulative_total": 13.0 }, "geometry": { "type": "Polygon", "coordinates": [ [ [ -77.681528991390493, 53.682744779508212 ], [ -77.689256269485313, 53.685166991087478 ], [ -77.689586824450529, 53.690350718659474 ], [ -77.682188247655503, 53.693112298602692 ], [ -77.674459888376362, 53.69068964624477 ], [ -77.674131187119798, 53.685505854811822 ], [ -77.681528991390493, 53.682744779508212 ] ] ] } },
{ "type": "Feature", "properties": { "hex_id": 222186, "centroid_lon": -77.682847915640266, "centroid_lat": 53.703479794056122, "occurrences_today": 1, "datetimes_today": "2026-09-21 06:01:42", "cumulative_total": 13.0 }, "geometry": { "type": "Polygon", "coordinates": [ [ [ -77.68251803016129, 53.698296049284714 ], [ -77.690248244014271, 53.700718156049334 ], [ -77.690579108699609, 53.705901865866537 ], [ -77.683177904135746, 53.708663532916574 ], [ -77.675446608038257, 53.706240985128439 ], [ -77.675117598792426, 53.701057211403402 ], [ -77.68251803016129, 53.698296049284714 ] ] ] } },
{ "type": "Feature", "properties": { "hex_id": 222187, "centroid_lon": -77.683838190349576, "centroid_lat": 53.719030992903264, "occurrences_today": 1, "datetimes_today": "2026-09-21 06:01:42", "cumulative_total": 13.0 }, "geometry": { "type": "Polygon", "coordinates": [ [ [ -77.683507995691073, 53.713847265865745 ], [ -77.691241148094363, 53.716269267743698 ], [ -77.691572322890721, 53.721452959802974 ], [ -77.68416848815464, 53.72421471402879 ], [ -77.676434252445247, 53.721792270882304 ], [ -77.676104934821424, 53.716608514868241 ], [ -77.683507995691073, 53.713847265865745 ] ] ] } },
{ "type": "Feature", "properties": { "hex_id": 222188, "centroid_lon": -77.684829393378109, "centroid_lat": 53.7345821385425, "occurrences_today": 1, "datetimes_today": "2026-09-21 06:01:42", "cumulative_total": 13.0 }, "geometry": { "type": "Polygon", "coordinates": [ [ [ -77.68449888914968, 53.729398429241989 ], [ -77.692234982898995, 53.731820326161156 ], [ -77.692566468197995, 53.737004000459386 ], [ -77.685160000883371, 53.739765841930023 ], [ -77.677422822764896, 53.737343503497129 ], [ -77.677093196373661, 53.732159765197082 ], [ -77.68449888914968, 53.729398429241989 ] ] ] } },
{ "type": "Feature", "properties": { "hex_id": 222189, "centroid_lon": -77.685821525898334, "centroid_lat": 53.7501332309646, "occurrences_today": 1, "datetimes_today": "2026-09-21 06:01:42", "cumulative_total": 13.0 }, "geometry": { "type": "Polygon", "coordinates": [ [ [ -77.685490711708937, 53.744949539404161 ], [ -77.693229749603631, 53.747371331292356 ], [ -77.693561545797522, 53.752554987826414 ], [ -77.686152443495089, 53.755316916610973 ], [ -77.678412320166785, 53.752894682963735 ], [ -77.678082384618065, 53.747710962380793 ], [ -77.685490711708937, 53.744949539404161 ] ] ] } },
{ "type": "Feature", "properties": { "hex_id": 222190, "centroid_lon": -77.686814589084818, "centroid_lat": 53.765684270160158, "occurrences_today": 1, "datetimes_today": "2026-09-21 06:01:42", "cumulative_total": 13.0 }, "geometry": { "type": "Polygon", "coordinates": [ [ [ -77.686483464542718, 53.760500596342958 ], [ -77.69422544938574, 53.762922283127878 ], [ -77.694557556867451, 53.76810592189458 ], [ -77.687145817165003, 53.770867938062317 ], [ -77.679402745822514, 53.768445809272855 ], [ -77.679072500725553, 53.76326210641011 ], [ -77.686483464542718, 53.760500596342958 ] ] ] } },
{ "type": "Feature", "properties": { "hex_id": 222793, "centroid_lon": -77.671833148062959, "centroid_lat": 53.649219149545615, "occurrences_today": 1, "datetimes_today": "2026-09-21 06:01:42", "cumulative_total": 13.0 }, "geometry": { "type": "Polygon", "coordinates": [ [ [ -77.671505266215618, 53.64403531090656 ], [ -77.679224831765183, 53.646458276543733 ], [ -77.679553689456625, 53.651642080405807 ], [ -77.672161132185991, 53.654402982285099 ], [ -77.664440488495202, 53.651979576374472 ], [ -77.664113480259203, 53.646795708947408 ], [ -77.671505266215618, 53.64403531090656 ] ] ] } },
{ "type": "Feature", "properties": { "hex_id": 222794, "centroid_lon": -77.672817407430827, "centroid_lat": 53.664770630063963, "occurrences_today": 1, "datetimes_today": "2026-09-21 06:01:42", "cumulative_total": 13.0 }, "geometry": { "type": "Polygon", "coordinates": [ [ [ -77.672489218627618, 53.659586809124654 ], [ -77.680211712636378, 53.662009670407016 ], [ -77.680540878210877, 53.66719345654549 ], [ -77.673145698638621, 53.669954445102668 ], [ -77.665422125432471, 53.667531143302334 ], [ -77.665094811038983, 53.662347293552266 ], [ -77.672489218627618, 53.659586809124654 ] ] ] } },
{ "type": "Feature", "properties": { "hex_id": 222795, "centroid_lon": -77.67380258844004, "centroid_lat": 53.680322057476936, "occurrences_today": 1, "datetimes_today": "2026-09-21 06:01:42", "cumulative_total": 13.0 }, "geometry": { "type": "Polygon", "coordinates": [ [ [ -77.673474092294001, 53.675138254240444 ], [ -77.681199517544783, 53.677561011096429 ], [ -77.681528991390493, 53.682744779508212 ], [ -77.674131187119798, 53.685505854811822 ], [ -77.666404681614083, 53.683082657193182 ], [ -77.666077060677097, 53.677898825123137 ], [ -77.673474092294001, 53.675138254240444 ] ] ] } },
{ "type": "Feature", "properties": { "hex_id": 222796, "centroid_lon": -77.674788692252861, "centroid_lat": 53.695873431775418, "occurrences_today": 1, "datetimes_today": "2026-09-21 06:01:42", "cumulative_total": 13.0 }, "geometry": { "type": "Polygon", "coordinates": [ [ [ -77.674459888376362, 53.69068964624477 ], [ -77.682188247655503, 53.693112298602692 ], [ -77.68251803016129, 53.698296049284714 ], [ -77.675117598792426, 53.701057211403402 ], [ -77.667388158199344, 53.698634118037972 ], [ -77.667060230332211, 53.693450303650934 ], [ -77.674459888376362, 53.69068964624477 ] ] ] } },
{ "type": "Feature", "properties": { "hex_id": 222797, "centroid_lon": -77.675775720033513, "centroid_lat": 53.711424752950158, "occurrences_today": 1, "datetimes_today": "2026-09-21 06:01:42", "cumulative_total": 13.0 }, "geometry": { "type": "Polygon", "coordinates": [ [ [ -77.675446608038257, 53.706240985128439 ], [ -77.683177904135746, 53.708663532916574 ], [ -77.683507995691073, 53.713847265865745 ], [ -77.676104934821424, 53.716608514868241 ], [ -77.668372556349581, 53.714185525827581 ], [ -77.668044321164956, 53.709001729126612 ], [ -77.675446608038257, 53.706240985128439 ] ] ] } },
{ "type": "Feature", "properties": { "hex_id": 222798, "centroid_lon": -77.676763672948226, "centroid_lat": 53.726976020992041, "occurrences_today": 1, "datetimes_today": "2026-09-21 06:01:42", "cumulative_total": 13.0 }, "geometry": { "type": "Polygon", "coordinates": [ [ [ -77.676434252445247, 53.721792270882304 ], [ -77.68416848815464, 53.72421471402879 ], [ -77.68449888914968, 53.729398429241989 ], [ -77.677093196373661, 53.732159765197082 ], [ -77.669357877228094, 53.72973688055292 ], [ -77.669029334338006, 53.724553101541076 ], [ -77.676434252445247, 53.721792270882304 ] ] ] } },
{ "type": "Feature", "properties": { "hex_id": 222799, "centroid_lon": -77.677752552165231, "centroid_lat": 53.742527235891814, "occurrences_today": 1, "datetimes_today": "2026-09-21 06:01:42", "cumulative_total": 13.0 }, "geometry": { "type": "Polygon", "coordinates": [ [ [ -77.677422822764896, 53.737343503497129 ], [ -77.685160000883371, 53.739765841930023 ], [ -77.685490711708937, 53.744949539404161 ], [ -77.678082384618065, 53.747710962380793 ], [ -77.670344122000174, 53.745288182204881 ], [ -77.67001527101597, 53.740104420885181 ], [ -77.677422822764896, 53.737343503497129 ] ] ] } },
{ "type": "Feature", "properties": { "hex_id": 222800, "centroid_lon": -77.678742358854805, "centroid_lat": 53.758078397640276, "occurrences_today": 1, "datetimes_today": "2026-09-21 06:01:42", "cumulative_total": 13.0 }, "geometry": { "type": "Polygon", "coordinates": [ [ [ -77.678412320166785, 53.752894682963735 ], [ -77.686152443495089, 53.755316916610973 ], [ -77.686483464542718, 53.760500596342958 ], [ -77.679072500725553, 53.76326210641011 ], [ -77.671331291833155, 53.76083943077434 ], [ -77.671002132365487, 53.755655687149805 ], [ -77.678412320166785, 53.752894682963735 ] ] ] } },
{ "type": "Feature", "properties": { "hex_id": 222801, "centroid_lon": -77.679733094189146, "centroid_lat": 53.77362950622819, "occurrences_today": 1, "datetimes_today": "2026-09-21 06:01:42", "cumulative_total": 13.0 }, "geometry": { "type": "Polygon", "coordinates": [ [ [ -77.679402745822514, 53.768445809272855 ], [ -77.687145817165003, 53.770867938062317 ], [ -77.687477148826886, 53.776051600049009 ], [ -77.680063545869032, 53.778813197275781 ], [ -77.672319387896323, 53.776390626252116 ], [ -77.671989919555202, 53.771206900325829 ], [ -77.679402745822514, 53.768445809272855 ] ] ] } },
{ "type": "Feature", "properties": { "hex_id": 223404, "centroid_lon": -77.664767598740838, "centroid_lat": 53.657163437909546, "occurrences_today": 1, "datetimes_today": "2026-09-21 06:01:42", "cumulative_total": 13.0 }, "geometry": { "type": "Polygon", "coordinates": [ [ [ -77.664440488495202, 53.651979576374472 ], [ -77.672161132185991, 53.654402982285099 ], [ -77.672489218627618, 53.659586809124654 ], [ -77.665094811038983, 53.662347293552266 ], [ -77.657373089078291, 53.659923447139775 ], [ -77.657046853018997, 53.654739556890995 ], [ -77.664440488495202, 53.651979576374472 ] ] ] } },
{ "type": "Feature", "properties": { "hex_id": 223405, "centroid_lon": -77.665749541964203, "centroid_lat": 53.672714987159402, "occurrences_today": 1, "datetimes_today": "2026-09-21 06:01:42", "cumulative_total": 13.0 }, "geometry": { "type": "Polygon", "coordinates": [ [ [ -77.665422125432471, 53.667531143302334 ], [ -77.673145698638621, 53.669954445102668 ], [ -77.673474092294001, 53.675138254240444 ], [ -77.666077060677097, 53.677898825123137 ], [ -77.658352408144665, 53.675475082576249 ], [ -77.658025866598365, 53.670291209982743 ], [ -77.665422125432471, 53.667531143302334 ] ] ] } },
{ "type": "Feature", "properties": { "hex_id": 223406, "centroid_lon": -77.66673240481812, "centroid_lat": 53.68826648336924, "occurrences_today": 1, "datetimes_today": "2026-09-21 06:01:42", "cumulative_total": 13.0 }, "geometry": { "type": "Polygon", "coordinates": [ [ [ -77.666404681614083, 53.683082657193182 ], [ -77.674131187119798, 53.685505854811822 ], [ -77.674459888376362, 53.69068964624477 ], [ -77.667060230332211, 53.693450303650934 ], [ -77.659332644442429, 53.691026665040908 ], [ -77.659005797023866, 53.685842810105655 ], [ -77.666404681614083, 53.683082657193182 ] ] ] } },
{ "type": "Feature", "properties": { "hex_id": 223407, "centroid_lon": -77.667716188462578, "centroid_lat": 53.703817926529965, "occurrences_today": 1, "datetimes_today": "2026-09-21 06:01:42", "cumulative_total": 13.0 }, "geometry": { "type": "Polygon", "coordinates": [ [ [ -77.667388158199344, 53.698634118037972 ], [ -77.675117598792426, 53.701057211403402 ], [ -77.675446608038257, 53.706240985128439 ], [ -77.668044321164956, 53.709001729126612 ], [ -77.660313799128602, 53.706578194524759 ], [ -77.65998664545188, 53.701394357250784 ], [ -77.667388158199344, 53.698634118037972 ] ] ] } },
{ "type": "Feature", "properties": { "hex_id": 223408, "centroid_lon": -77.668700894059555, "centroid_lat": 53.719369316632509, "occurrences_today": 1, "datetimes_today": "2026-09-21 06:01:42", "cumulative_total": 13.0 }, "geometry": { "type": "Polygon", "coordinates": [ [ [ -77.668372556349581, 53.714185525827581 ], [ -77.676104934821424, 53.716608514868241 ], [ -77.676434252445247, 53.721792270882304 ], [ -77.669029334338006, 53.724553101541076 ], [ -77.661295873362278, 53.722129671018813 ], [ -77.66096841304082, 53.716945851409115 ], [ -77.668372556349581, 53.714185525827581 ] ] ] } },
{ "type": "Feature", "properties": { "hex_id": 223409, "centroid_lon": -77.669686522773006, "centroid_lat": 53.734920653667722, "occurrences_today": 1, "datetimes_today": "2026-09-21 06:01:42", "cumulative_total": 13.0 }, "geometry": { "type": "Polygon", "coordinates": [ [ [ -77.669357877228094, 53.72973688055292 ], [ -77.677093196373661, 53.732159765197082 ], [ -77.677422822764896, 53.737343503497129 ], [ -77.67001527101597, 53.740104420885181 ], [ -77.66227886830444, 53.737681094514045 ], [ -77.661951100951015, 53.732497292571615 ], [ -77.669357877228094, 53.72973688055292 ] ] ] } },
{ "type": "Feature", "properties": { "hex_id": 223410, "centroid_lon": -77.670673075768917, "centroid_lat": 53.75047193762655, "occurrences_today": 1, "datetimes_today": "2026-09-21 06:01:42", "cumulative_total": 13.0 }, "geometry": { "type": "Polygon", "coordinates": [ [ [ -77.670344122000174, 53.745288182204881 ], [ -77.678082384618065, 53.747710962380793 ], [ -77.678412320166785, 53.752894682963735 ], [ -77.671002132365487, 53.755655687149805 ], [ -77.663262785118164, 53.753232465001446 ], [ -77.662934710344885, 53.748048680729298 ], [ -77.670344122000174, 53.745288182204881 ] ] ] } },
{ "type": "Feature", "properties": { "hex_id": 223411, "centroid_lon": -77.671660554215265, "centroid_lat": 53.766023168499771, "occurrences_today": 1, "datetimes_today": "2026-09-21 06:01:42", "cumulative_total": 13.0 }, "geometry": { "type": "Polygon", "coordinates": [ [ [ -77.671331291833155, 53.76083943077434 ], [ -77.679072500725553, 53.76326210641011 ], [ -77.679402745822514, 53.768445809272855 ], [ -77.671989919555202, 53.771206900325829 ], [ -77.664247624968482, 53.768783782471928 ], [ -77.663919242386754, 53.763600015873095 ], [ -77.671331291833155, 53.76083943077434 ] ] ] } },
{ "type": "Feature", "properties": { "hex_id": 223412, "centroid_lon": -77.672648959282043, "centroid_lat": 53.781574346278305, "occurrences_today": 1, "datetimes_today": "2026-09-21 06:01:42", "cumulative_total": 13.0 }, "geometry": { "type": "Polygon", "coordinates": [ [ [ -77.672319387896323, 53.776390626252116 ], [ -77.680063545869032, 53.778813197275781 ], [ -77.680394100905659, 53.783996882415266 ], [ -77.67297863375579, 53.786758060404075 ], [ -77.665233389022433, 53.784335046916453 ], [ -77.664904698243035, 53.779151297993941 ], [ -77.672319387896323, 53.776390626252116 ] ] ] } },
{ "type": "Feature", "properties": { "hex_id": 224015, "centroid_lon": -77.657699426923841, "centroid_lat": 53.665107331503812, "occurrences_today": 1, "datetimes_today": "2026-09-21 06:01:42", "cumulative_total": 13.0 }, "geometry": { "type": "Polygon", "coordinates": [ [ [ -77.657373089078291, 53.659923447139775 ], [ -77.665094811038983, 53.662347293552266 ], [ -77.665422125432471, 53.667531143302334 ], [ -77.658025866598365, 53.670291209982743 ], [ -77.650303066239346, 53.667866922839899 ], [ -77.649977603155534, 53.662683009836492 ], [ -77.657373089078291, 53.659923447139775 ] ] ] } },
{ "type": "Feature", "properties": { "hex_id": 224016, "centroid_lon": -77.65867905160556, "centroid_lat": 53.680658949284002, "occurrences_today": 1, "datetimes_today": "2026-09-21 06:01:42", "cumulative_total": 13.0 }, "geometry": { "type": "Polygon", "coordinates": [ [ [ -77.658352408144665, 53.675475082576249 ], [ -77.666077060677097, 53.677898825123137 ], [ -77.666404681614083, 53.683082657193182 ], [ -77.659005797023866, 53.685842810105655 ], [ -77.651280065036516, 53.683418626583567 ], [ -77.650954297137162, 53.678234731213763 ], [ -77.658352408144665, 53.675475082576249 ] ] ] } },
{ "type": "Feature", "properties": { "hex_id": 224017, "centroid_lon": -77.659659593904138, "centroid_lat": 53.696210514089394, "occurrences_today": 1, "datetimes_today": "2026-09-21 06:01:42", "cumulative_total": 13.0 }, "geometry": { "type": "Polygon", "coordinates": [ [ [ -77.659332644442429, 53.691026665040908 ], [ -77.667060230332211, 53.693450303650934 ], [ -77.667388158199344, 53.698634118037972 ], [ -77.65998664545188, 53.701394357250784 ], [ -77.652257979049168, 53.698970277420521 ], [ -77.651931905949766, 53.693786399687284 ], [ -77.659332644442429, 53.691026665040908 ] ] ] } },
{ "type": "Feature", "properties": { "hex_id": 224018, "centroid_lon": -77.660641054977262, "centroid_lat": 53.711762025910971, "occurrences_today": 1, "datetimes_today": "2026-09-21 06:01:42", "cumulative_total": 13.0 }, "geometry": { "type": "Polygon", "coordinates": [ [ [ -77.660313799128602, 53.706578194524759 ], [ -77.668044321164956, 53.709001729126612 ], [ -77.668372556349581, 53.714185525827581 ], [ -77.66096841304082, 53.716945851409115 ], [ -77.653236809432087, 53.714521875341845 ], [ -77.652910430747497, 53.709338015248129 ], [ -77.660313799128602, 53.706578194524759 ] ] ] } },
{ "type": "Feature", "properties": { "hex_id": 224019, "centroid_lon": -77.661623435984652, "centroid_lat": 53.727313484739774, "occurrences_today": 1, "datetimes_today": "2026-09-21 06:01:42", "cumulative_total": 13.0 }, "geometry": { "type": "Polygon", "coordinates": [ [ [ -77.661295873362278, 53.722129671018813 ], [ -77.669029334338006, 53.724553101541076 ], [ -77.669357877228094, 53.72973688055292 ], [ -77.661951100951015, 53.732497292571615 ], [ -77.654216557342068, 53.73007342033862 ], [ -77.653889872686477, 53.724889577887417 ], [ -77.661295873362278, 53.722129671018813 ] ] ] } },
{ "type": "Feature", "properties": { "hex_id": 224020, "centroid_lon": -77.662606738088016, "centroid_lat": 53.742864890566729, "occurrences_today": 1, "datetimes_today": "2026-09-21 06:01:42", "cumulative_total": 13.0 }, "geometry": { "type": "Polygon", "coordinates": [ [ [ -77.66227886830444, 53.737681094514045 ], [ -77.67001527101597, 53.740104420885181 ], [ -77.670344122000174, 53.745288182204881 ], [ -77.662934710344885, 53.748048680729298 ], [ -77.655197223937861, 53.745624912401915 ], [ -77.654870232924793, 53.740441087596217 ], [ -77.66227886830444, 53.737681094514045 ] ] ] } },
{ "type": "Feature", "properties": { "hex_id": 224021, "centroid_lon": -77.663590962451067, "centroid_lat": 53.758416243382818, "occurrences_today": 1, "datetimes_today": "2026-09-21 06:01:42", "cumulative_total": 13.0 }, "geometry": { "type": "Polygon", "coordinates": [ [ [ -77.663262785118164, 53.753232465001446 ], [ -77.671002132365487, 53.755655687149805 ], [ -77.671331291833155, 53.76083943077434 ], [ -77.663919242386754, 53.763600015873095 ], [ -77.656178810380268, 53.761176351522799 ], [ -77.655851512622547, 53.75599254436554 ], [ -77.663262785118164, 53.753232465001446 ] ] ] } },
{ "type": "Feature", "properties": { "hex_id": 224022, "centroid_lon": -77.66457611023948, "centroid_lat": 53.773967543178983, "occurrences_today": 1, "datetimes_today": "2026-09-21 06:01:42", "cumulative_total": 13.0 }, "geometry": { "type": "Polygon", "coordinates": [ [ [ -77.664247624968482, 53.768783782471928 ], [ -77.671989919555202, 53.771206900325829 ], [ -77.672319387896323, 53.776390626252116 ], [ -77.664904698243035, 53.779151297993941 ], [ -77.657161317832006, 53.776727737692255 ], [ -77.656833712941847, 53.771543948186483 ], [ -77.664247624968482, 53.768783782471928 ] ] ] } },
{ "type": "Feature", "properties": { "hex_id": 224625, "centroid_lon": -77.649652241591568, "centroid_lat": 53.657499090955888, "occurrences_today": 1, "datetimes_today": "2026-09-21 06:01:42", "cumulative_total": 13.0 }, "geometry": { "type": "Polygon", "coordinates": [ [ [ -77.649326981504842, 53.652315166198392 ], [ -77.657046853018997, 53.654739556890995 ], [ -77.657373089078291, 53.659923447139775 ], [ -77.649977603155534, 53.662683009836492 ], [ -77.642256654170268, 53.660258178429807 ], [ -77.641932268621488, 53.655074225129958 ], [ -77.649326981504842, 53.652315166198392 ] ] ] } },
{ "type": "Feature", "properties": { "hex_id": 224626, "centroid_lon": -77.650628630885663, "centroid_lat": 53.67305082996576, "occurrences_today": 1, "datetimes_today": "2026-09-21 06:01:42", "cumulative_total": 13.0 }, "geometry": { "type": "Polygon", "coordinates": [ [ [ -77.650303066239346, 53.667866922839899 ], [ -77.658025866598365, 53.670291209982743 ], [ -77.658352408144665, 53.675475082576249 ], [ -77.650954297137162, 53.678234731213763 ], [ -77.643230418251633, 53.675810003111991 ], [ -77.642905728942821, 53.670626067421168 ], [ -77.650303066239346, 53.667866922839899 ] ] ] } },
{ "type": "Feature", "properties": { "hex_id": 224627, "centroid_lon": -77.651605934626474, "centroid_lat": 53.688602516074866, "occurrences_today": 1, "datetimes_today": "2026-09-21 06:01:42", "cumulative_total": 13.0 }, "geometry": { "type": "Polygon", "coordinates": [ [ [ -77.651280065036516, 53.683418626583567 ], [ -77.659005797023866, 53.685842810105655 ], [ -77.659332644442429, 53.691026665040908 ], [ -77.651931905949766, 53.693786399687284 ], [ -77.644205094379103, 53.691361774961244 ], [ -77.643880100927177, 53.686177856882367 ], [ -77.651280065036516, 53.683418626583567 ] ] ] } },
{ "type": "Feature", "properties": { "hex_id": 224628, "centroid_lon": -77.652584153967467, "centroid_lat": 53.704154149274252, "occurrences_today": 1, "datetimes_today": "2026-09-21 06:01:42", "cumulative_total": 13.0 }, "geometry": { "type": "Polygon", "coordinates": [ [ [ -77.652257979049168, 53.698970277420521 ], [ -77.65998664545188, 53.701394357250784 ], [ -77.660313799128602, 53.706578194524759 ], [ -77.652910430747497, 53.709338015248129 ], [ -77.645180683703217, 53.706913493968734 ], [ -77.644855385724441, 53.701729593504751 ], [ -77.652257979049168, 53.698970277420521 ] ] ] } },
{ "type": "Feature", "properties": { "hex_id": 224629, "centroid_lon": -77.653563290064113, "centroid_lat": 53.719705729555059, "occurrences_today": 1, "datetimes_today": "2026-09-21 06:01:42", "cumulative_total": 13.0 }, "geometry": { "type": "Polygon", "coordinates": [ [ [ -77.653236809432087, 53.714521875341845 ], [ -77.66096841304082, 53.716945851409115 ], [ -77.661295873362278, 53.722129671018813 ], [ -77.653889872686477, 53.724889577887417 ], [ -77.646157187376545, 53.722465160125665 ], [ -77.645831584486515, 53.717281277279511 ], [ -77.653236809432087, 53.714521875341845 ] ] ] } },
{ "type": "Feature", "properties": { "hex_id": 224630, "centroid_lon": -77.654543344073844, "centroid_lat": 53.735257256908312, "occurrences_today": 1, "datetimes_today": "2026-09-21 06:01:42", "cumulative_total": 13.0 }, "geometry": { "type": "Polygon", "coordinates": [ [ [ -77.654216557342068, 53.73007342033862 ], [ -77.661951100951015, 53.732497292571615 ], [ -77.66227886830444, 53.737681094514045 ], [ -77.654870232924793, 53.740441087596217 ], [ -77.64713460655355, 53.73801677342319 ], [ -77.646808698367238, 53.732832908197828 ], [ -77.654216557342068, 53.73007342033862 ] ] ] } },
{ "type": "Feature", "properties": { "hex_id": 224631, "centroid_lon": -77.655524317156107, "centroid_lat": 53.750808731325144, "occurrences_today": 1, "datetimes_today": "2026-09-21 06:01:42", "cumulative_total": 13.0 }, "geometry": { "type": "Polygon", "coordinates": [ [ [ -77.655197223937861, 53.745624912401915 ], [ -77.662934710344885, 53.748048680729298 ], [ -77.663262785118164, 53.753232465001446 ], [ -77.655851512622547, 53.75599254436554 ], [ -77.648112942390767, 53.753568333852478 ], [ -77.647786728522433, 53.748384486250842 ], [ -77.655197223937861, 53.745624912401915 ] ] ] } },
{ "type": "Feature", "properties": { "hex_id": 224632, "centroid_lon": -77.656506210472315, "centroid_lat": 53.766360152796523, "occurrences_today": 1, "datetimes_today": "2026-09-21 06:01:42", "cumulative_total": 13.0 }, "geometry": { "type": "Polygon", "coordinates": [ [ [ -77.656178810380268, 53.761176351522799 ], [ -77.663919242386754, 53.763600015873095 ], [ -77.664247624968482, 53.768783782471928 ], [ -77.656833712941847, 53.771543948186483 ], [ -77.649092196046652, 53.769119841404631 ], [ -77.648765676109917, 53.763936011429713 ], [ -77.656178810380268, 53.761176351522799 ] ] ] } },
{ "type": "Feature", "properties": { "hex_id": 224633, "centroid_lon": -77.657489025185924, "centroid_lat": 53.781911521313553, "occurrences_today": 1, "datetimes_today": "2026-09-21 06:01:42", "cumulative_total": 13.0 }, "geometry": { "type": "Polygon", "coordinates": [ [ [ -77.657161317832006, 53.776727737692255 ], [ -77.664904698243035, 53.779151297993941 ], [ -77.665233389022433, 53.784335046916453 ], [ -77.657816835046802, 53.787095299050037 ], [ -77.65007236868172, 53.784671296070812 ], [ -77.649745542289523, 53.779487483725511 ], [ -77.657161317832006, 53.776727737692255 ] ] ] } },
{ "type": "Feature", "properties": { "hex_id": 225236, "centroid_lon": -77.642581140929877, "centroid_lat": 53.665442125860331, "occurrences_today": 1, "datetimes_today": "2026-09-21 06:01:42", "cumulative_total": 13.0 }, "geometry": { "type": "Polygon", "coordinates": [ [ [ -77.642256654170268, 53.660258178429807 ], [ -77.649977603155534, 53.662683009836492 ], [ -77.650303066239346, 53.667866922839899 ], [ -77.642905728942821, 53.670626067421168 ], [ -77.635183702358745, 53.668200795071925 ], [ -77.63486009071255, 53.663016819173471 ], [ -77.642256654170268, 53.660258178429807 ] ] ] } },
{ "type": "Feature", "properties": { "hex_id": 225237, "centroid_lon": -77.643555208898889, "centroid_lat": 53.680993932932509, "occurrences_today": 1, "datetimes_today": "2026-09-21 06:01:42", "cumulative_total": 13.0 }, "geometry": { "type": "Polygon", "coordinates": [ [ [ -77.643230418251633, 53.675810003111991 ], [ -77.650954297137162, 53.678234731213763 ], [ -77.651280065036516, 53.683418626583567 ], [ -77.643880100927177, 53.686177856882367 ], [ -77.636155143387214, 53.683752687593014 ], [ -77.635831228653629, 53.67856872928202 ], [ -77.643230418251633, 53.675810003111991 ] ] ] } },
{ "type": "Feature", "properties": { "hex_id": 225238, "centroid_lon": -77.644530189297299, "centroid_lat": 53.696545687168829, "occurrences_today": 1, "datetimes_today": "2026-09-21 06:01:42", "cumulative_total": 13.0 }, "geometry": { "type": "Polygon", "coordinates": [ [ [ -77.644205094379103, 53.691361774961244 ], [ -77.651931905949766, 53.693786399687284 ], [ -77.652257979049168, 53.698970277420521 ], [ -77.644855385724441, 53.701729593504751 ], [ -77.637127494442296, 53.699304527345937 ], [ -77.636803276239021, 53.694120586625296 ], [ -77.644205094379103, 53.691361774961244 ] ] ] } },
{ "type": "Feature", "properties": { "hex_id": 225239, "centroid_lon": -77.645506083276331, "centroid_lat": 53.712097388560437, "occurrences_today": 1, "datetimes_today": "2026-09-21 06:01:42", "cumulative_total": 13.0 }, "geometry": { "type": "Polygon", "coordinates": [ [ [ -77.645180683703217, 53.706913493968734 ], [ -77.652910430747497, 53.709338015248129 ], [ -77.653236809432087, 53.714521875341845 ], [ -77.645831584486515, 53.717281277279511 ], [ -77.638100756672316, 53.714856314321992 ], [ -77.637776234616354, 53.709672391194609 ], [ -77.645180683703217, 53.706913493968734 ] ] ] } },
{ "type": "Feature", "properties": { "hex_id": 225240, "centroid_lon": -77.646482891989166, "centroid_lat": 53.727649037098558, "occurrences_today": 1, "datetimes_today": "2026-09-21 06:01:42", "cumulative_total": 13.0 }, "geometry": { "type": "Polygon", "coordinates": [ [ [ -77.646157187376545, 53.722465160125665 ], [ -77.653889872686477, 53.724889577887417 ], [ -77.654216557342068, 53.73007342033862 ], [ -77.646808698367238, 53.732832908197828 ], [ -77.639074931227498, 53.73040804851243 ], [ -77.638750104935227, 53.725224142981233 ], [ -77.646157187376545, 53.722465160125665 ] ] ] } },
{ "type": "Feature", "properties": { "hex_id": 225241, "centroid_lon": -77.647460616590976, "centroid_lat": 53.743200632774311, "occurrences_today": 1, "datetimes_today": "2026-09-21 06:01:42", "cumulative_total": 13.0 }, "geometry": { "type": "Polygon", "coordinates": [ [ [ -77.64713460655355, 53.73801677342319 ], [ -77.654870232924793, 53.740441087596217 ], [ -77.655197223937861, 53.745624912401915 ], [ -77.647786728522433, 53.748384486250842 ], [ -77.640050019260102, 53.745959729908513 ], [ -77.639724888347203, 53.740775841976401 ], [ -77.64713460655355, 53.73801677342319 ] ] ] } },
{ "type": "Feature", "properties": { "hex_id": 225242, "centroid_lon": -77.648439258238938, "centroid_lat": 53.75875217557887, "occurrences_today": 1, "datetimes_today": "2026-09-21 06:01:42", "cumulative_total": 13.0 }, "geometry": { "type": "Polygon", "coordinates": [ [ [ -77.648112942390767, 53.753568333852478 ], [ -77.655851512622547, 53.75599254436554 ], [ -77.656178810380268, 53.761176351522799 ], [ -77.648765676109917, 53.763936011429713 ], [ -77.641026021924318, 53.761511358501458 ], [ -77.640700586005849, 53.756327488171358 ], [ -77.648112942390767, 53.753568333852478 ] ] ] } },
{ "type": "Feature", "properties": { "hex_id": 225243, "centroid_lon": -77.649418818092187, "centroid_lat": 53.774303665503346, "occurrences_today": 1, "datetimes_today": "2026-09-21 06:01:42", "cumulative_total": 13.0 }, "geometry": { "type": "Polygon", "coordinates": [ [ [ -77.649092196046652, 53.769119841404631 ], [ -77.656833712941847, 53.771543948186483 ], [ -77.657161317832006, 53.776727737692255 ], [ -77.649745542289523, 53.779487483725511 ], [ -77.642002940376386, 53.777062934282483 ], [ -77.641677199066706, 53.771879081557337 ], [ -77.649092196046652, 53.769119841404631 ] ] ] } },
{ "type": "Feature", "properties": { "hex_id": 225244, "centroid_lon": -77.65039929731185, "centroid_lat": 53.78985510253888, "occurrences_today": 1, "datetimes_today": "2026-09-21 06:01:42", "cumulative_total": 13.0 }, "geometry": { "type": "Polygon", "coordinates": [ [ [ -77.65007236868172, 53.784671296070812 ], [ -77.657816835046802, 53.787095299050037 ], [ -77.658144747457854, 53.792279070901365 ], [ -77.650726328223058, 53.795038903129424 ], [ -77.642980775774461, 53.792614457242813 ], [ -77.64265472868729, 53.787430622125548 ], [ -77.65007236868172, 53.784671296070812 ] ] ] } },
{ "type": "Feature", "properties": { "hex_id": 225847, "centroid_lon": -77.635507414991622, "centroid_lat": 53.673384765108217, "occurrences_today": 1, "datetimes_today": "2026-09-21 06:01:42", "cumulative_total": 13.0 }, "geometry": { "type": "Polygon", "coordinates": [ [ [ -77.635183702358745, 53.668200795071925 ], [ -77.642905728942821, 53.670626067421168 ], [ -77.643230418251633, 53.675810003111991 ], [ -77.635831228653629, 53.67856872928202 ], [ -77.628108124343285, 53.676143015761625 ], [ -77.627785287399661, 53.67095901733191 ], [ -77.635183702358745, 53.668200795071925 ] ] ] } },
{ "type": "Feature", "properties": { "hex_id": 225848, "centroid_lon": -77.636479159234824, "centroid_lat": 53.688936640040879, "occurrences_today": 1, "datetimes_today": "2026-09-21 06:01:42", "cumulative_total": 13.0 }, "geometry": { "type": "Polygon", "coordinates": [ [ [ -77.636155143387214, 53.683752687593014 ], [ -77.643880100927177, 53.686177856882367 ], [ -77.644205094379103, 53.691361774961244 ], [ -77.636803276239021, 53.694120586625296 ], [ -77.629077239916938, 53.691694975919617 ], [ -77.628754100559576, 53.686510995055798 ], [ -77.636155143387214, 53.683752687593014 ] ] ] } },
{ "type": "Feature", "properties": { "hex_id": 225849, "centroid_lon": -77.637451813887211, "centroid_lat": 53.704488462202484, "occurrences_today": 1, "datetimes_today": "2026-09-21 06:01:42", "cumulative_total": 13.0 }, "geometry": { "type": "Polygon", "coordinates": [ [ [ -77.637127494442296, 53.699304527345937 ], [ -77.644855385724441, 53.701729593504751 ], [ -77.645180683703217, 53.706913493968734 ], [ -77.637776234616354, 53.709672391194609 ], [ -77.630047263494831, 53.707246883374104 ], [ -77.629723821342139, 53.702062920079079 ], [ -77.637127494442296, 53.699304527345937 ] ] ] } },
{ "type": "Feature", "properties": { "hex_id": 225850, "centroid_lon": -77.638425380097715, "centroid_lat": 53.720040231584314, "occurrences_today": 1, "datetimes_today": "2026-09-21 06:01:42", "cumulative_total": 13.0 }, "geometry": { "type": "Polygon", "coordinates": [ [ [ -77.638100756672316, 53.714856314321992 ], [ -77.645831584486515, 53.717281277279511 ], [ -77.646157187376545, 53.722465160125665 ], [ -77.638750104935227, 53.725224142981233 ], [ -77.631018196222968, 53.722798738116488 ], [ -77.630694450892747, 53.717614792393135 ], [ -77.638100756672316, 53.714856314321992 ] ] ] } },
{ "type": "Feature", "properties": { "hex_id": 225851, "centroid_lon": -77.63939985901726, "centroid_lat": 53.735591948177593, "occurrences_today": 1, "datetimes_today": "2026-09-21 06:01:42", "cumulative_total": 13.0 }, "geometry": { "type": "Polygon", "coordinates": [ [ [ -77.639074931227498, 53.73040804851243 ], [ -77.646808698367238, 53.732832908197828 ], [ -77.64713460655355, 53.73801677342319 ], [ -77.639724888347203, 53.740775841976401 ], [ -77.631990039249331, 53.738350540138107 ], [ -77.631665990358684, 53.73316661198929 ], [ -77.639074931227498, 53.73040804851243 ] ] ] } },
{ "type": "Feature", "properties": { "hex_id": 225852, "centroid_lon": -77.640375251798716, "centroid_lat": 53.751143611973603, "occurrences_today": 1, "datetimes_today": "2026-09-21 06:01:42", "cumulative_total": 13.0 }, "geometry": { "type": "Polygon", "coordinates": [ [ [ -77.640050019260102, 53.745959729908513 ], [ -77.647786728522433, 53.748384486250842 ], [ -77.648112942390767, 53.753568333852478 ], [ -77.640700586005849, 53.756327488171358 ], [ -77.632962793723877, 53.753902289430279 ], [ -77.632638440889266, 53.748718378858911 ], [ -77.640050019260102, 53.745959729908513 ] ] ] } },
{ "type": "Feature", "properties": { "hex_id": 225853, "centroid_lon": -77.641351559596984, "centroid_lat": 53.766695222963541, "occurrences_today": 1, "datetimes_today": "2026-09-21 06:01:42", "cumulative_total": 13.0 }, "geometry": { "type": "Polygon", "coordinates": [ [ [ -77.641026021924318, 53.761511358501458 ], [ -77.648765676109917, 53.763936011429713 ], [ -77.649092196046652, 53.769119841404631 ], [ -77.641677199066706, 53.771879081557337 ], [ -77.633936460798523, 53.769453985984313 ], [ -77.633611803635773, 53.7642700929933 ], [ -77.641026021924318, 53.761511358501458 ] ] ] } },
{ "type": "Feature", "properties": { "hex_id": 225854, "centroid_lon": -77.642328783568914, "centroid_lat": 53.782246781138653, "occurrences_today": 1, "datetimes_today": "2026-09-21 06:01:42", "cumulative_total": 13.0 }, "geometry": { "type": "Polygon", "coordinates": [ [ [ -77.642002940376386, 53.777062934282483 ], [ -77.649745542289523, 53.779487483725511 ], [ -77.65007236868172, 53.784671296070812 ], [ -77.64265472868729, 53.787430622125548 ], [ -77.634911041627205, 53.785005629791549 ], [ -77.634586079751443, 53.779821754383768 ], [ -77.642002940376386, 53.777062934282483 ] ] ] } },
{ "type": "Feature", "properties": { "hex_id": 226458, "centroid_lon": -77.628431062049145, "centroid_lat": 53.681327008336368, "occurrences_today": 1, "datetimes_today": "2026-09-21 06:01:42", "cumulative_total": 13.0 }, "geometry": { "type": "Polygon", "coordinates": [ [ [ -77.628108124343285, 53.676143015761625 ], [ -77.635831228653629, 53.67856872928202 ], [ -77.636155143387214, 53.683752687593014 ], [ -77.628754100559576, 53.686510995055798 ], [ -77.621029918395749, 53.684084840135633 ], [ -77.620707856955406, 53.678900819242038 ], [ -77.628108124343285, 53.676143015761625 ] ] ] } },
{ "type": "Feature", "properties": { "hex_id": 226459, "centroid_lon": -77.629400480163653, "centroid_lat": 53.696878950927491, "occurrences_today": 1, "datetimes_today": "2026-09-21 06:01:42", "cumulative_total": 13.0 }, "geometry": { "type": "Polygon", "coordinates": [ [ [ -77.629077239916938, 53.691694975919617 ], [ -77.636803276239021, 53.694120586625296 ], [ -77.637127494442296, 53.699304527345937 ], [ -77.629723821342139, 53.702062920079079 ], [ -77.621996706110522, 53.699636867728245 ], [ -77.621674342931044, 53.694452864379052 ], [ -77.629077239916938, 53.691694975919617 ] ] ] } },
{ "type": "Feature", "properties": { "hex_id": 226460, "centroid_lon": -77.630370806664203, "centroid_lat": 53.712430840812232, "occurrences_today": 1, "datetimes_today": "2026-09-21 06:01:42", "cumulative_total": 13.0 }, "geometry": { "type": "Polygon", "coordinates": [ [ [ -77.630047263494831, 53.707246883374104 ], [ -77.637776234616354, 53.709672391194609 ], [ -77.638100756672316, 53.714856314321992 ], [ -77.630694450892747, 53.717614792393135 ], [ -77.622964399804218, 53.715188842681947 ], [ -77.622641734504768, 53.710004856880005 ], [ -77.630047263494831, 53.707246883374104 ] ] ] } },
{ "type": "Feature", "properties": { "hex_id": 226461, "centroid_lon": -77.63134204269744, "centroid_lat": 53.727982677981991, "occurrences_today": 1, "datetimes_today": "2026-09-21 06:01:42", "cumulative_total": 13.0 }, "geometry": { "type": "Polygon", "coordinates": [ [ [ -77.631018196222968, 53.722798738116488 ], [ -77.638750104935227, 53.725224142981233 ], [ -77.639074931227498, 53.73040804851243 ], [ -77.631665990358684, 53.73316661198929 ], [ -77.623933000620539, 53.730740764988191 ], [ -77.623610032819684, 53.725556796736356 ], [ -77.631018196222968, 53.722798738116488 ] ] ] } },
{ "type": "Feature", "properties": { "hex_id": 226462, "centroid_lon": -77.632314189411986, "centroid_lat": 53.74353446242808, "occurrences_today": 1, "datetimes_today": "2026-09-21 06:01:42", "cumulative_total": 13.0 }, "geometry": { "type": "Polygon", "coordinates": [ [ [ -77.631990039249331, 53.738350540138107 ], [ -77.639724888347203, 53.740775841976401 ], [ -77.640050019260102, 53.745959729908513 ], [ -77.632638440889266, 53.748718378858911 ], [ -77.62490250970518, 53.746292634638387 ], [ -77.624579239020804, 53.74110868393953 ], [ -77.631990039249331, 53.738350540138107 ] ] ] } },
{ "type": "Feature", "properties": { "hex_id": 226463, "centroid_lon": -77.633287247958478, "centroid_lat": 53.759086194141851, "occurrences_today": 1, "datetimes_today": "2026-09-21 06:01:42", "cumulative_total": 13.0 }, "geometry": { "type": "Polygon", "coordinates": [ [ [ -77.632962793723877, 53.753902289430279 ], [ -77.640700586005849, 53.756327488171358 ], [ -77.641026021924318, 53.761511358501458 ], [ -77.633611803635773, 53.7642700929933 ], [ -77.625872928205851, 53.761844451623972 ], [ -77.625549354255142, 53.756660518480928 ], [ -77.632962793723877, 53.753902289430279 ] ] ] } },
{ "type": "Feature", "properties": { "hex_id": 226464, "centroid_lon": -77.634261219489474, "centroid_lat": 53.774637873114578, "occurrences_today": 1, "datetimes_today": "2026-09-21 06:01:42", "cumulative_total": 13.0 }, "geometry": { "type": "Polygon", "coordinates": [ [ [ -77.633936460798523, 53.769453985984313 ], [ -77.641677199066706, 53.771879081557337 ], [ -77.642002940376386, 53.777062934282483 ], [ -77.634586079751443, 53.779821754383768 ], [ -77.626844257272154, 53.777396215936321 ], [ -77.626520379671703, 53.772212300351981 ], [ -77.633936460798523, 53.769453985984313 ] ] ] } },
{ "type": "Feature", "properties": { "hex_id": 226465, "centroid_lon": -77.635236105159606, "centroid_lat": 53.7901894993376, "occurrences_today": 1, "datetimes_today": "2026-09-21 06:01:42", "cumulative_total": 13.0 }, "geometry": { "type": "Polygon", "coordinates": [ [ [ -77.634911041627205, 53.785005629791549 ], [ -77.64265472868729, 53.787430622125548 ], [ -77.642980775774461, 53.792614457242813 ], [ -77.635561270391506, 53.795373363021618 ], [ -77.627816498055708, 53.792947927566843 ], [ -77.627492316421439, 53.787764029544057 ], [ -77.634911041627205, 53.785005629791549 ] ] ] } },
{ "type": "Feature", "properties": { "hex_id": 227069, "centroid_lon": -77.621352080373541, "centroid_lat": 53.689268855181417, "occurrences_today": 1, "datetimes_today": "2026-09-21 06:01:42", "cumulative_total": 13.0 }, "geometry": { "type": "Polygon", "coordinates": [ [ [ -77.621029918395749, 53.684084840135633 ], [ -77.628754100559576, 53.686510995055798 ], [ -77.629077239916938, 53.691694975919617 ], [ -77.621674342931044, 53.694452864379052 ], [ -77.613949082786803, 53.692026267830336 ], [ -77.613627797651148, 53.686842224540335 ], [ -77.621029918395749, 53.684084840135633 ] ] ] } },
{ "type": "Feature", "properties": { "hex_id": 227070, "centroid_lon": -77.622319169954324, "centroid_lat": 53.704820865228655, "occurrences_today": 1, "datetimes_today": "2026-09-21 06:01:42", "cumulative_total": 13.0 }, "geometry": { "type": "Polygon", "coordinates": [ [ [ -77.621996706110522, 53.699636867728245 ], [ -77.629723821342139, 53.702062920079079 ], [ -77.630047263494831, 53.707246883374104 ], [ -77.622641734504768, 53.710004856880005 ], [ -77.614913540236444, 53.707578362655099 ], [ -77.614591954037238, 53.702394336888027 ], [ -77.621996706110522, 53.699636867728245 ] ] ] } },
{ "type": "Feature", "properties": { "hex_id": 227071, "centroid_lon": -77.62328716589505, "centroid_lat": 53.720372822634175, "occurrences_today": 1, "datetimes_today": "2026-09-21 06:01:42", "cumulative_total": 13.0 }, "geometry": { "type": "Polygon", "coordinates": [ [ [ -77.622964399804218, 53.715188842681947 ], [ -77.630694450892747, 53.717614792393135 ], [ -77.631018196222968, 53.722798738116488 ], [ -77.623610032819684, 53.725556796736356 ], [ -77.615878901636748, 53.723130404905405 ], [ -77.615557013993921, 53.717946396664097 ], [ -77.622964399804218, 53.715188842681947 ] ] ] } },
{ "type": "Feature", "properties": { "hex_id": 227072, "centroid_lon": -77.624256069340078, "centroid_lat": 53.735924727389339, "occurrences_today": 1, "datetimes_today": "2026-09-21 06:01:42", "cumulative_total": 13.0 }, "geometry": { "type": "Polygon", "coordinates": [ [ [ -77.623933000620539, 53.730740764988191 ], [ -77.631665990358684, 53.73316661198929 ], [ -77.631990039249331, 53.738350540138107 ], [ -77.624579239020804, 53.74110868393953 ], [ -77.616845168129132, 53.738682394572784 ], [ -77.616522978662019, 53.733498403860054 ], [ -77.623933000620539, 53.730740764988191 ] ] ] } },
{ "type": "Feature", "properties": { "hex_id": 227073, "centroid_lon": -77.625225881435782, "centroid_lat": 53.751476579485633, "occurrences_today": 1, "datetimes_today": "2026-09-21 06:01:42", "cumulative_total": 13.0 }, "geometry": { "type": "Polygon", "coordinates": [ [ [ -77.62490250970518, 53.746292634638387 ], [ -77.632638440889266, 53.748718378858911 ], [ -77.632962793723877, 53.753902289430279 ], [ -77.625549354255142, 53.756660518480928 ], [ -77.617812340857029, 53.754234331648753 ], [ -77.617489849184238, 53.74905035846745 ], [ -77.62490250970518, 53.746292634638387 ] ] ] } },
{ "type": "Feature", "properties": { "hex_id": 227074, "centroid_lon": -77.626196603330484, "centroid_lat": 53.767028378914404, "occurrences_today": 1, "datetimes_today": "2026-09-21 06:01:42", "cumulative_total": 13.0 }, "geometry": { "type": "Polygon", "coordinates": [ [ [ -77.625872928205851, 53.761844451623972 ], [ -77.633611803635773, 53.7642700929933 ], [ -77.633936460798523, 53.769453985984313 ], [ -77.626520379671703, 53.772212300351981 ], [ -77.618780420965777, 53.7697862161248 ], [ -77.618457626705307, 53.764602260477751 ], [ -77.625872928205851, 53.761844451623972 ] ] ] } },
{ "type": "Feature", "properties": { "hex_id": 227075, "centroid_lon": -77.627168236174498, "centroid_lat": 53.782580125667117, "occurrences_today": 1, "datetimes_today": "2026-09-21 06:01:42", "cumulative_total": 13.0 }, "geometry": { "type": "Polygon", "coordinates": [ [ [ -77.626844257272154, 53.777396215936321 ], [ -77.634586079751443, 53.779821754383768 ], [ -77.634911041627205, 53.785005629791549 ], [ -77.627492316421439, 53.787764029544057 ], [ -77.619749409602761, 53.785338047992418 ], [ -77.619426312371957, 53.780154109882453 ], [ -77.626844257272154, 53.777396215936321 ] ] ] } },
{ "type": "Feature", "properties": { "hex_id": 227680, "centroid_lon": -77.614270468234764, "centroid_lat": 53.69721030527969, "occurrences_today": 1, "datetimes_today": "2026-09-21 06:01:42", "cumulative_total": 13.0 }, "geometry": { "type": "Polygon", "coordinates": [ [ [ -77.613949082786803, 53.692026267830336 ], [ -77.621674342931044, 53.694452864379052 ], [ -77.621996706110522, 53.699636867728245 ], [ -77.614591954037238, 53.702394336888027 ], [ -77.606865615785878, 53.699967298481951 ], [ -77.6065451077571, 53.694783232863088 ], [ -77.613949082786803, 53.692026267830336 ] ] ] } },
{ "type": "Feature", "properties": { "hex_id": 227681, "centroid_lon": -77.615235226874603, "centroid_lat": 53.712762382580564, "occurrences_today": 1, "datetimes_today": "2026-09-21 06:01:42", "cumulative_total": 13.0 }, "geometry": { "type": "Polygon", "coordinates": [ [ [ -77.614913540236444, 53.707578362655099 ], [ -77.622641734504768, 53.710004856880005 ], [ -77.622964399804218, 53.715188842681947 ], [ -77.615557013993921, 53.717946396664097 ], [ -77.607827740561987, 53.715519460336125 ], [ -77.607506932146208, 53.710335412218782 ], [ -77.614913540236444, 53.707578362655099 ] ] ] } },
{ "type": "Feature", "properties": { "hex_id": 227682, "centroid_lon": -77.616200889845331, "centroid_lat": 53.728314407304175, "occurrences_today": 1, "datetimes_today": "2026-09-21 06:01:42", "cumulative_total": 13.0 }, "geometry": { "type": "Polygon", "coordinates": [ [ [ -77.615878901636748, 53.723130404905405 ], [ -77.623610032819684, 53.725556796736356 ], [ -77.623933000620539, 53.730740764988191 ], [ -77.616522978662019, 53.733498403860054 ], [ -77.608790767257545, 53.731071569680196 ], [ -77.608469658075478, 53.725887539067145 ], [ -77.615878901636748, 53.723130404905405 ] ] ] } },
{ "type": "Feature", "properties": { "hex_id": 227683, "centroid_lon": -77.617167458289074, "centroid_lat": 53.743866379442025, "occurrences_today": 1, "datetimes_today": "2026-09-21 06:01:42", "cumulative_total": 13.0 }, "geometry": { "type": "Polygon", "coordinates": [ [ [ -77.616845168129132, 53.738682394572784 ], [ -77.624579239020804, 53.74110868393953 ], [ -77.62490250970518, 53.746292634638387 ], [ -77.617489849184238, 53.74905035846745 ], [ -77.609754697011695, 53.746623626505752 ], [ -77.609433286683398, 53.74143961339982 ], [ -77.616845168129132, 53.738682394572784 ] ] ] } },
{ "type": "Feature", "properties": { "hex_id": 227684, "centroid_lon": -77.618134933349879, "centroid_lat": 53.759418298985629, "occurrences_today": 1, "datetimes_today": "2026-09-21 06:01:42", "cumulative_total": 13.0 }, "geometry": { "type": "Polygon", "coordinates": [ [ [ -77.617812340857029, 53.754234331648753 ], [ -77.625549354255142, 53.756660518480928 ], [ -77.625872928205851, 53.761844451623972 ], [ -77.618457626705307, 53.764602260477751 ], [ -77.610719530965568, 53.762175630804443 ], [ -77.610397819110446, 53.756991635208387 ], [ -77.617812340857029, 53.754234331648753 ] ] ] } },
{ "type": "Feature", "properties": { "hex_id": 227685, "centroid_lon": -77.619103316173806, "centroid_lat": 53.774970165926462, "occurrences_today": 1, "datetimes_today": "2026-09-21 06:01:42", "cumulative_total": 13.0 }, "geometry": { "type": "Polygon", "coordinates": [ [ [ -77.618780420965777, 53.7697862161248 ], [ -77.626520379671703, 53.772212300351981 ], [ -77.626844257272154, 53.777396215936321 ], [ -77.619426312371957, 53.780154109882453 ], [ -77.611685270262242, 53.777727582567778 ], [ -77.611363256499061, 53.772543604484433 ], [ -77.618780420965777, 53.7697862161248 ] ] ] } },
{ "type": "Feature", "properties": { "hex_id": 228291, "centroid_lon": -77.607186223901536, "centroid_lat": 53.705151358267273, "occurrences_today": 1, "datetimes_today": "2026-09-21 06:01:42", "cumulative_total": 13.0 }, "geometry": { "type": "Polygon", "coordinates": [ [ [ -77.606865615785878, 53.699967298481951 ], [ -77.614591954037238, 53.702394336888027 ], [ -77.614913540236444, 53.707578362655099 ], [ -77.607506932146208, 53.710335412218782 ], [ -77.59977951566124, 53.70790793172641 ], [ -77.599459785542223, 53.702723843846336 ], [ -77.606865615785878, 53.699967298481951 ] ] ] } },
{ "type": "Feature", "properties": { "hex_id": 228292, "centroid_lon": -77.608148649191023, "centroid_lat": 53.720703502619031, "occurrences_today": 1, "datetimes_today": "2026-09-21 06:01:42", "cumulative_total": 13.0 }, "geometry": { "type": "Polygon", "coordinates": [ [ [ -77.607827740561987, 53.715519460336125 ], [ -77.615557013993921, 53.717946396664097 ], [ -77.615878901636748, 53.723130404905405 ], [ -77.608469658075478, 53.725887539067145 ], [ -77.60073930535323, 53.723460160407029 ], [ -77.600419275524729, 53.718276090007066 ], [ -77.607827740561987, 53.715519460336125 ] ] ] } },
{ "type": "Feature", "properties": { "hex_id": 228293, "centroid_lon": -77.609111976779431, "centroid_lat": 53.736255594457852, "occurrences_today": 1, "datetimes_today": "2026-09-21 06:01:42", "cumulative_total": 13.0 }, "geometry": { "type": "Polygon", "coordinates": [ [ [ -77.608790767257545, 53.731071569680196 ], [ -77.616522978662019, 53.733498403860054 ], [ -77.616845168129132, 53.738682394572784 ], [ -77.609433286683398, 53.74143961339982 ], [ -77.601699994930499, 53.739012336641764 ], [ -77.601379665014008, 53.733828283724677 ], [ -77.608790767257545, 53.731071569680196 ] ] ] } },
{ "type": "Feature", "properties": { "hex_id": 228294, "centroid_lon": -77.6100762078066, "centroid_lat": 53.751807633775393, "occurrences_today": 1, "datetimes_today": "2026-09-21 06:01:42", "cumulative_total": 13.0 }, "geometry": { "type": "Polygon", "coordinates": [ [ [ -77.609754697011695, 53.746623626505752 ], [ -77.617489849184238, 53.74905035846745 ], [ -77.617812340857029, 53.754234331648753 ], [ -77.610397819110446, 53.756991635208387 ], [ -77.602661585529944, 53.754564460422337 ], [ -77.602340955146303, 53.749380424990903 ], [ -77.609754697011695, 53.746623626505752 ] ] ] } },
{ "type": "Feature", "properties": { "hex_id": 228295, "centroid_lon": -77.6110413434143, "centroid_lat": 53.767359620563205, "occurrences_today": 1, "datetimes_today": "2026-09-21 06:01:42", "cumulative_total": 13.0 }, "geometry": { "type": "Polygon", "coordinates": [ [ [ -77.610719530965568, 53.762175630804443 ], [ -77.618457626705307, 53.764602260477751 ], [ -77.618780420965777, 53.7697862161248 ], [ -77.611363256499061, 53.772543604484433 ], [ -77.603624078290366, 53.770116531740385 ], [ -77.603303147059748, 53.764932513797397 ], [ -77.610719530965568, 53.762175630804443 ] ] ] } },
{ "type": "Feature", "properties": { "hex_id": 228902, "centroid_lon": -77.600099345641411, "centroid_lat": 53.713092013780091, "occurrences_today": 1, "datetimes_today": "2026-09-21 06:01:42", "cumulative_total": 13.0 }, "geometry": { "type": "Polygon", "coordinates": [ [ [ -77.59977951566124, 53.70790793172641 ], [ -77.607506932146208, 53.710335412218782 ], [ -77.607827740561987, 53.715519460336125 ], [ -77.600419275524729, 53.718276090007066 ], [ -77.592690780680002, 53.715848167199432 ], [ -77.592371829274327, 53.710664057125854 ], [ -77.59977951566124, 53.70790793172641 ] ] ] } },
{ "type": "Feature", "properties": { "hex_id": 228903, "centroid_lon": -77.601059435168963, "centroid_lat": 53.728644224979675, "occurrences_today": 1, "datetimes_today": "2026-09-21 06:01:42", "cumulative_total": 13.0 }, "geometry": { "type": "Polygon", "coordinates": [ [ [ -77.60073930535323, 53.723460160407029 ], [ -77.608469658075478, 53.725887539067145 ], [ -77.608790767257545, 53.731071569680196 ], [ -77.601379665014008, 53.733828283724677 ], [ -77.593648232875083, 53.731400462503281 ], [ -77.59332898243845, 53.726216369888441 ], [ -77.60073930535323, 53.723460160407029 ] ] ] } },
{ "type": "Feature", "properties": { "hex_id": 228904, "centroid_lon": -77.602020424960543, "centroid_lat": 53.744196383730603, "occurrences_today": 1, "datetimes_today": "2026-09-21 06:01:42", "cumulative_total": 13.0 }, "geometry": { "type": "Polygon", "coordinates": [ [ [ -77.601699994930499, 53.739012336641764 ], [ -77.609433286683398, 53.74143961339982 ], [ -77.609754697011695, 53.746623626505752 ], [ -77.602340955146303, 53.749380424990903 ], [ -77.59460658291836, 53.74695270542535 ], [ -77.59428703307303, 53.741768630272041 ], [ -77.601699994930499, 53.739012336641764 ] ] ] } },
{ "type": "Feature", "properties": { "hex_id": 228905, "centroid_lon": -77.602982316153685, "centroid_lat": 53.759748490024606, "occurrences_today": 1, "datetimes_today": "2026-09-21 06:01:42", "cumulative_total": 13.0 }, "geometry": { "type": "Polygon", "coordinates": [ [ [ -77.602661585529944, 53.754564460422337 ], [ -77.610397819110446, 53.756991635208387 ], [ -77.610719530965568, 53.762175630804443 ], [ -77.603303147059748, 53.764932513797397 ], [ -77.595565831944427, 53.762504895957477 ], [ -77.59524598231198, 53.757320838268384 ], [ -77.602661585529944, 53.754564460422337 ] ] ] } },
{ "type": "Feature", "properties": { "hex_id": 228906, "centroid_lon": -77.60394510988786, "centroid_lat": 53.775300543853291, "occurrences_today": 1, "datetimes_today": "2026-09-21 06:01:42", "cumulative_total": 13.0 }, "geometry": { "type": "Polygon", "coordinates": [ [ [ -77.603624078290366, 53.770116531740385 ], [ -77.611363256499061, 53.772543604484433 ], [ -77.611685270262242, 53.777727582567778 ], [ -77.604266241894464, 53.780484550135817 ], [ -77.596525981089783, 53.778057034091368 ], [ -77.596205831291172, 53.772872993869278 ], [ -77.603624078290366, 53.770116531740385 ] ] ] } },
{ "type": "Feature", "properties": { "hex_id": 229513, "centroid_lon": -77.593009831720735, "centroid_lat": 53.721032271453737, "occurrences_today": 1, "datetimes_today": "2026-09-21 06:01:42", "cumulative_total": 13.0 }, "geometry": { "type": "Polygon", "coordinates": [ [ [ -77.592690780680002, 53.715848167199432 ], [ -77.600419275524729, 53.718276090007066 ], [ -77.60073930535323, 53.723460160407029 ], [ -77.59332898243845, 53.726216369888441 ], [ -77.585599409108013, 53.723788004536459 ], [ -77.585281237220002, 53.718603872337177 ], [ -77.592690780680002, 53.715848167199432 ] ] ] } },
{ "type": "Feature", "properties": { "hex_id": 229514, "centroid_lon": -77.593967583072597, "centroid_lat": 53.736584549297881, "occurrences_today": 1, "datetimes_today": "2026-09-21 06:01:42", "cumulative_total": 13.0 }, "geometry": { "type": "Polygon", "coordinates": [ [ [ -77.593648232875083, 53.731400462503281 ], [ -77.601379665014008, 53.733828283724677 ], [ -77.601699994930499, 53.739012336641764 ], [ -77.59428703307303, 53.741768630272041 ], [ -77.586554521391221, 53.739340366260052 ], [ -77.586236051151758, 53.734156251498192 ], [ -77.593648232875083, 53.731400462503281 ] ] ] } },
{ "type": "Feature", "properties": { "hex_id": 229515, "centroid_lon": -77.59492623265065, "centroid_lat": 53.752136774757581, "occurrences_today": 1, "datetimes_today": "2026-09-21 06:01:42", "cumulative_total": 13.0 }, "geometry": { "type": "Polygon", "coordinates": [ [ [ -77.59460658291836, 53.74695270542535 ], [ -77.602340955146303, 53.749380424990903 ], [ -77.602661585529944, 53.754564460422337 ], [ -77.59524598231198, 53.757320838268384 ], [ -77.587510529482628, 53.754892675665921 ], [ -77.587191760514727, 53.749708578344212 ], [ -77.59460658291836, 53.74695270542535 ] ] ] } },
{ "type": "Feature", "properties": { "hex_id": 229516, "centroid_lon": -77.595885781590098, "centroid_lat": 53.767688947824517, "occurrences_today": 1, "datetimes_today": "2026-09-21 06:01:42", "cumulative_total": 13.0 }, "geometry": { "type": "Polygon", "coordinates": [ [ [ -77.595565831944427, 53.762504895957477 ], [ -77.603303147059748, 53.764932513797397 ], [ -77.603624078290366, 53.770116531740385 ], [ -77.596205831291172, 53.772872993869278 ], [ -77.588467434514442, 53.770444932745896 ], [ -77.588148366440478, 53.765260852867065 ], [ -77.595565831944427, 53.762504895957477 ] ] ] } },
{ "type": "Feature", "properties": { "hex_id": 230124, "centroid_lon": -77.585917680404663, "centroid_lat": 53.728972130923566, "occurrences_today": 1, "datetimes_today": "2026-09-21 06:01:42", "cumulative_total": 13.0 }, "geometry": { "type": "Polygon", "coordinates": [ [ [ -77.585599409108013, 53.723788004536459 ], [ -77.59332898243845, 53.726216369888441 ], [ -77.593648232875083, 53.731400462503281 ], [ -77.586236051151758, 53.734156251498192 ], [ -77.578505399209959, 53.731727443372705 ], [ -77.57818800764467, 53.72654328911559 ], [ -77.585599409108013, 53.723788004536459 ] ] ] } },
{ "type": "Feature", "properties": { "hex_id": 230125, "centroid_lon": -77.586873091164904, "centroid_lat": 53.744524475208827, "occurrences_today": 1, "datetimes_today": "2026-09-21 06:01:42", "cumulative_total": 13.0 }, "geometry": { "type": "Polygon", "coordinates": [ [ [ -77.586554521391221, 53.739340366260052 ], [ -77.59428703307303, 53.741768630272041 ], [ -77.59460658291836, 53.74695270542535 ], [ -77.587191760514727, 53.749708578344212 ], [ -77.57945816916417, 53.747279871312351 ], [ -77.579140479927929, 53.742095734471391 ], [ -77.586554521391221, 53.739340366260052 ] ] ] } },
{ "type": "Feature", "properties": { "hex_id": 230126, "centroid_lon": -77.587829398110543, "centroid_lat": 53.760076767173636, "occurrences_today": 1, "datetimes_today": "2026-09-21 06:01:42", "cumulative_total": 13.0 }, "geometry": { "type": "Polygon", "coordinates": [ [ [ -77.587510529482628, 53.754892675665921 ], [ -77.59524598231198, 53.757320838268384 ], [ -77.595565831944427, 53.762504895957477 ], [ -77.588148366440478, 53.765260852867065 ], [ -77.580411832883584, 53.762832246998187 ], [ -77.58009384560016, 53.757648127576054 ], [ -77.587510529482628, 53.754892675665921 ] ] ] } },
{ "type": "Feature", "properties": { "hex_id": 230735, "centroid_lon": -77.578822889957124, "centroid_lat": 53.736911591824722, "occurrences_today": 1, "datetimes_today": "2026-09-21 06:01:42", "cumulative_total": 13.0 }, "geometry": { "type": "Polygon", "coordinates": [ [ [ -77.578505399209959, 53.731727443372705 ], [ -77.586236051151758, 53.734156251498192 ], [ -77.586554521391221, 53.739340366260052 ], [ -77.579140479927929, 53.742095734471391 ], [ -77.571408749249287, 53.739666483343122 ], [ -77.571092138812531, 53.734482307096123 ], [ -77.578505399209959, 53.731727443372705 ] ] ] } },
{ "type": "Feature", "properties": { "hex_id": 230736, "centroid_lon": -77.579775957707639, "centroid_lat": 53.752464002347345, "occurrences_today": 1, "datetimes_today": "2026-09-21 06:01:42", "cumulative_total": 13.0 }, "geometry": { "type": "Polygon", "coordinates": [ [ [ -77.57945816916417, 53.747279871312351 ], [ -77.587191760514727, 53.749708578344212 ], [ -77.587510529482628, 53.754892675665921 ], [ -77.58009384560016, 53.757648127576054 ], [ -77.572359174455215, 53.755218977294902 ], [ -77.572042267028962, 53.750034818442799 ], [ -77.57945816916417, 53.747279871312351 ] ] ] } },
{ "type": "Feature", "properties": { "hex_id": 230737, "centroid_lon": -77.58072991959979, "centroid_lat": 53.768016360613423, "occurrences_today": 1, "datetimes_today": "2026-09-21 06:01:42", "cumulative_total": 13.0 }, "geometry": { "type": "Polygon", "coordinates": [ [ [ -77.580411832883584, 53.762832246998187 ], [ -77.588148366440478, 53.765260852867065 ], [ -77.588467434514442, 53.770444932745896 ], [ -77.581048105790671, 53.773200468421514 ], [ -77.573310491380369, 53.770771419056615 ], [ -77.572993286589167, 53.765587277602116 ], [ -77.580411832883584, 53.762832246998187 ] ] ] } },
{ "type": "Feature", "properties": { "hex_id": 231346, "centroid_lon": -77.571725458640884, "centroid_lat": 53.74485065379212, "occurrences_today": 1, "datetimes_today": "2026-09-21 06:01:42", "cumulative_total": 13.0 }, "geometry": { "type": "Polygon", "coordinates": [ [ [ -77.571408749249287, 53.739666483343122 ], [ -77.579140479927929, 53.742095734471391 ], [ -77.57945816916417, 53.747279871312351 ], [ -77.572042267028962, 53.750034818442799 ], [ -77.564309457488321, 53.747605124082455 ], [ -77.563993628986594, 53.742420925913628 ], [ -77.571408749249287, 53.739666483343122 ] ] ] } },
{ "type": "Feature", "properties": { "hex_id": 231347, "centroid_lon": -77.572676180961366, "centroid_lat": 53.760403130348088, "occurrences_today": 1, "datetimes_today": "2026-09-21 06:01:42", "cumulative_total": 13.0 }, "geometry": { "type": "Polygon", "coordinates": [ [ [ -77.572359174455215, 53.755218977294902 ], [ -77.58009384560016, 53.757648127576054 ], [ -77.580411832883584, 53.762832246998187 ], [ -77.572993286589167, 53.765587277602116 ], [ -77.565257535524438, 53.763157683842152 ], [ -77.564941410715662, 53.757973503047019 ], [ -77.572359174455215, 53.755218977294902 ] ] ] } },
{ "type": "Feature", "properties": { "hex_id": 231957, "centroid_lon": -77.564625384717488, "centroid_lat": 53.752789316460365, "occurrences_today": 1, "datetimes_today": "2026-09-21 06:01:42", "cumulative_total": 13.0 }, "geometry": { "type": "Polygon", "coordinates": [ [ [ -77.564309457488321, 53.747605124082455 ], [ -77.572042267028962, 53.750034818442799 ], [ -77.572359174455215, 53.755218977294902 ], [ -77.564941410715662, 53.757973503047019 ], [ -77.557207522188136, 53.755543365225158 ], [ -77.556892476428658, 53.750359145202601 ], [ -77.564309457488321, 53.747605124082455 ] ] ] } },
{ "type": "Feature", "properties": { "hex_id": 231958, "centroid_lon": -77.565573759185469, "centroid_lat": 53.768341858845453, "occurrences_today": 1, "datetimes_today": "2026-09-21 06:01:42", "cumulative_total": 13.0 }, "geometry": { "type": "Polygon", "coordinates": [ [ [ -77.565257535524438, 53.763157683842152 ], [ -77.572993286589167, 53.765587277602116 ], [ -77.573310491380369, 53.770771419056615 ], [ -77.565890081740392, 53.773526028056679 ], [ -77.558153250630752, 53.771095990588336 ], [ -77.557837909247667, 53.765911787918327 ], [ -77.565257535524438, 53.763157683842152 ] ] ] } },
{ "type": "Feature", "properties": { "hex_id": 233178, "centroid_lon": -77.549474515420343, "centroid_lat": 53.753112717012755, "occurrences_today": 1, "datetimes_today": "2026-09-21 06:01:42", "cumulative_total": 13.0 }, "geometry": { "type": "Polygon", "coordinates": [ [ [ -77.549160449630236, 53.747928463651832 ], [ -77.556892476428658, 53.750359145202601 ], [ -77.557207522188136, 53.755543365225158 ], [ -77.549788679399342, 53.758296964597392 ], [ -77.54205557442198, 53.755865839373079 ], [ -77.541742390453706, 53.750681558540009 ], [ -77.549160449630236, 53.747928463651832 ] ] ] } },
{ "type": "Feature", "properties": { "hex_id": 233179, "centroid_lon": -77.550417302089471, "centroid_lat": 53.768665442436678, "occurrences_today": 1, "datetimes_today": "2026-09-21 06:01:42", "cumulative_total": 13.0 }, "geometry": { "type": "Polygon", "coordinates": [ [ [ -77.550102941608571, 53.763481206405459 ], [ -77.557837909247667, 53.765911787918327 ], [ -77.558153250630752, 53.771095990588336 ], [ -77.550731760883409, 53.773849672690787 ], [ -77.54299571400837, 53.771418647257327 ], [ -77.542682236158043, 53.766234383732034 ], [ -77.550102941608571, 53.763481206405459 ] ] ] } },
{ "type": "Feature", "properties": { "hex_id": 233789, "centroid_lon": -77.542368856309679, "centroid_lat": 53.761050114437175, "occurrences_today": 1, "datetimes_today": "2026-09-21 06:01:42", "cumulative_total": 13.0 }, "geometry": { "type": "Polygon", "coordinates": [ [ [ -77.54205557442198, 53.755865839373079 ], [ -77.549788679399342, 53.758296964597392 ], [ -77.550102941608571, 53.763481206405459 ], [ -77.542682236158043, 53.766234383732034 ], [ -77.534948052877823, 53.763802814604681 ], [ -77.534635653392286, 53.758618512143762 ], [ -77.54205557442198, 53.755865839373079 ] ] ] } },
{ "type": "Feature", "properties": { "hex_id": 234400, "centroid_lon": -77.535260550054332, "centroid_lat": 53.768987111303623, "occurrences_today": 1, "datetimes_today": "2026-09-21 06:01:42", "cumulative_total": 13.0 }, "geometry": { "type": "Polygon", "coordinates": [ [ [ -77.534948052877823, 53.763802814604681 ], [ -77.542682236158043, 53.766234383732034 ], [ -77.54299571400837, 53.771418647257327 ], [ -77.535573144962981, 53.774171402240349 ], [ -77.52783788325624, 53.771739388980372 ], [ -77.527526269062591, 53.766555064960031 ], [ -77.534948052877823, 53.763802814604681 ] ] ] } },
{ "type": "Feature", "properties": { "hex_id": 773030, "centroid_lon": -71.399644757628323, "centroid_lat": 46.86179849028715, "occurrences_today": 11, "datetimes_today": "2026-09-21 00:01:49, 2026-09-21 00:16:40, 2026-09-21 00:32:40, 2026-09-21 00:46:59, 2026-09-21 01:01:51, 2026-09-21 01:16:40, 2026-09-21 01:31:48, 2026-09-21 01:46:52, 2026-09-21 02:01:46, 2026-09-21 02:17:02, 2026-09-21 02:31:51", "cumulative_total": 38.0 }, "geometry": { "type": "Polygon", "coordinates": [ [ [ -71.39999180493453, 46.856613191523415 ], [ -71.406364888070712, 46.859411817854848 ], [ -71.40601842047684, 46.864597150386622 ], [ -71.399297614052117, 46.86698378235824 ], [ -71.392924047490325, 46.864184750157932 ], [ -71.393271770745443, 46.858999491921779 ], [ -71.39999180493453, 46.856613191523415 ] ] ] } },
{ "type": "Feature", "properties": { "hex_id": 765705, "centroid_lon": -71.477193286692, "centroid_lat": 46.87980293578385, "occurrences_today": 11, "datetimes_today": "2026-09-21 00:01:49, 2026-09-21 00:16:40, 2026-09-21 00:32:40, 2026-09-21 00:46:59, 2026-09-21 01:01:51, 2026-09-21 01:16:40, 2026-09-21 01:31:48, 2026-09-21 01:46:52, 2026-09-21 02:01:46, 2026-09-21 02:17:02, 2026-09-21 02:31:51", "cumulative_total": 36.0 }, "geometry": { "type": "Polygon", "coordinates": [ [ [ -71.477533081950469, 46.874617215944717 ], [ -71.48391253195183, 46.877411676450798 ], [ -71.483573318213359, 46.88259742931497 ], [ -71.476853397144311, 46.884988649012541 ], [ -71.470473459928513, 46.882193783033308 ], [ -71.470813930963459, 46.877008102896625 ], [ -71.477533081950469, 46.874617215944717 ] ] ] } },
{ "type": "Feature", "properties": { "hex_id": 766315, "centroid_lon": -71.471154307552126, "centroid_lat": 46.871822416142884, "occurrences_today": 11, "datetimes_today": "2026-09-21 00:01:49, 2026-09-21 00:16:40, 2026-09-21 00:32:40, 2026-09-21 00:46:59, 2026-09-21 01:01:51, 2026-09-21 01:16:40, 2026-09-21 01:31:48, 2026-09-21 01:46:52, 2026-09-21 02:01:46, 2026-09-21 02:17:02, 2026-09-21 02:31:51", "cumulative_total": 36.0 }, "geometry": { "type": "Polygon", "coordinates": [ [ [ -71.471494589727271, 46.866636722772711 ], [ -71.477872782952488, 46.869431489495788 ], [ -71.477533081950469, 46.874617215944717 ], [ -71.470813930963459, 46.877008102896625 ], [ -71.464435250994995, 46.874212930759214 ], [ -71.464776208724047, 46.869027277151183 ], [ -71.471494589727271, 46.866636722772711 ] ] ] } },
{ "type": "Feature", "properties": { "hex_id": 766316, "centroid_lon": -71.470132894414476, "centroid_lat": 46.887379456552281, "occurrences_today": 11, "datetimes_today": "2026-09-21 00:01:49, 2026-09-21 00:16:40, 2026-09-21 00:32:40, 2026-09-21 00:46:59, 2026-09-21 01:01:51, 2026-09-21 01:16:40, 2026-09-21 01:31:48, 2026-09-21 01:46:52, 2026-09-21 02:01:46, 2026-09-21 02:17:02, 2026-09-21 02:31:51", "cumulative_total": 36.0 }, "geometry": { "type": "Polygon", "coordinates": [ [ [ -71.470473459928513, 46.882193783033308 ], [ -71.476853397144311, 46.884988649012541 ], [ -71.476513413274716, 46.890174355630151 ], [ -71.469792234388564, 46.89256512345289 ], [ -71.463411810056627, 46.889769851838523 ], [ -71.463753051694155, 46.884584218103534 ], [ -71.470473459928513, 46.882193783033308 ] ] ] } },
{ "type": "Feature", "properties": { "hex_id": 766926, "centroid_lon": -71.464094198662664, "centroid_lat": 46.879398577743565, "occurrences_today": 11, "datetimes_today": "2026-09-21 00:01:49, 2026-09-21 00:16:40, 2026-09-21 00:32:40, 2026-09-21 00:46:59, 2026-09-21 01:01:51, 2026-09-21 01:16:40, 2026-09-21 01:31:48, 2026-09-21 01:46:52, 2026-09-21 02:01:46, 2026-09-21 02:17:02, 2026-09-21 02:31:51", "cumulative_total": 36.0 }, "geometry": { "type": "Polygon", "coordinates": [ [ [ -71.464435250994995, 46.874212930759214 ], [ -71.470813930963459, 46.877008102896625 ], [ -71.470473459928513, 46.882193783033308 ], [ -71.463753051694155, 46.884584218103534 ], [ -71.457373885080884, 46.881788640389885 ], [ -71.457715613313937, 46.876603033249211 ], [ -71.464435250994995, 46.874212930759214 ] ] ] } },
{ "type": "Feature", "properties": { "hex_id": 767537, "centroid_lon": -71.457032062021753, "centroid_lat": 46.886974240898901, "occurrences_today": 11, "datetimes_today": "2026-09-21 00:01:49, 2026-09-21 00:16:40, 2026-09-21 00:32:40, 2026-09-21 00:46:59, 2026-09-21 01:01:51, 2026-09-21 01:16:40, 2026-09-21 01:31:48, 2026-09-21 01:46:52, 2026-09-21 02:01:46, 2026-09-21 02:17:02, 2026-09-21 02:31:51", "cumulative_total": 36.0 }, "geometry": { "type": "Polygon", "coordinates": [ [ [ -71.457373885080884, 46.881788640389885 ], [ -71.463753051694155, 46.884584218103534 ], [ -71.463411810056627, 46.889769851838523 ], [ -71.45669014410359, 46.892159834775619 ], [ -71.450310490944204, 46.889363851323751 ], [ -71.450652990251029, 46.884178290739975 ], [ -71.457373885080884, 46.881788640389885 ] ] ] } },
{ "type": "Feature", "properties": { "hex_id": 768147, "centroid_lon": -71.450995394541778, "centroid_lat": 46.87899272351725, "occurrences_today": 11, "datetimes_today": "2026-09-21 00:01:49, 2026-09-21 00:16:40, 2026-09-21 00:32:40, 2026-09-21 00:46:59, 2026-09-21 01:01:51, 2026-09-21 01:16:40, 2026-09-21 01:31:48, 2026-09-21 01:46:52, 2026-09-21 02:01:46, 2026-09-21 02:17:02, 2026-09-21 02:31:51", "cumulative_total": 36.0 }, "geometry": { "type": "Polygon", "coordinates": [ [ [ -71.451337703849461, 46.87380714965618 ], [ -71.457715613313937, 46.876603033249211 ], [ -71.457373885080884, 46.881788640389885 ], [ -71.450652990251029, 46.884178290739975 ], [ -71.444274594711487, 46.88138200146772 ], [ -71.444617580043897, 46.876196467591541 ], [ -71.451337703849461, 46.87380714965618 ] ] ] } },
{ "type": "Feature", "properties": { "hex_id": 768758, "centroid_lon": -71.443931514206028, "centroid_lat": 46.886567528698258, "occurrences_today": 11, "datetimes_today": "2026-09-21 00:01:49, 2026-09-21 00:16:40, 2026-09-21 00:32:40, 2026-09-21 00:46:59, 2026-09-21 01:01:51, 2026-09-21 01:16:40, 2026-09-21 01:31:48, 2026-09-21 01:46:52, 2026-09-21 02:01:46, 2026-09-21 02:17:02, 2026-09-21 02:31:51", "cumulative_total": 36.0 }, "geometry": { "type": "Polygon", "coordinates": [ [ [ -71.444274594711487, 46.88138200146772 ], [ -71.450652990251029, 46.884178290739975 ], [ -71.450310490944204, 46.889363851323751 ], [ -71.443588338494493, 46.891753049282485 ], [ -71.437209456978948, 46.888956354169089 ], [ -71.437553213856077, 46.883770867005069 ], [ -71.444274594711487, 46.88138200146772 ] ] ] } },
{ "type": "Feature", "properties": { "hex_id": 769368, "centroid_lon": -71.437896875370129, "centroid_lat": 46.878585373188074, "occurrences_today": 11, "datetimes_today": "2026-09-21 00:01:49, 2026-09-21 00:16:40, 2026-09-21 00:32:40, 2026-09-21 00:46:59, 2026-09-21 01:01:51, 2026-09-21 01:16:40, 2026-09-21 01:31:48, 2026-09-21 01:46:52, 2026-09-21 02:01:46, 2026-09-21 02:17:02, 2026-09-21 02:31:51", "cumulative_total": 36.0 }, "geometry": { "type": "Polygon", "coordinates": [ [ [ -71.438240441554242, 46.873399872718728 ], [ -71.444617580043897, 46.876196467591541 ], [ -71.444274594711487, 46.88138200146772 ], [ -71.437553213856077, 46.883770867005069 ], [ -71.431175589861212, 46.880973866350182 ], [ -71.431519832193885, 46.875788406006976 ], [ -71.438240441554242, 46.873399872718728 ] ] ] } },
{ "type": "Feature", "properties": { "hex_id": 770586, "centroid_lon": -71.427898608456957, "centroid_lat": 46.831507445645904, "occurrences_today": 7, "datetimes_today": "2026-09-21 00:01:49, 2026-09-21 00:16:40, 2026-09-21 00:32:40, 2026-09-21 00:46:59, 2026-09-21 01:01:51, 2026-09-21 01:16:40, 2026-09-21 01:31:48", "cumulative_total": 32.0 }, "geometry": { "type": "Polygon", "coordinates": [ [ [ -71.428242571819482, 46.826321958868888 ], [ -71.434613720254944, 46.82911896334079 ], [ -71.434270336111908, 46.834304483591552 ], [ -71.427554549715936, 46.836692925762456 ], [ -71.421182917456036, 46.83389551606804 ], [ -71.421527555383491, 46.82871006949204 ], [ -71.428242571819482, 46.826321958868888 ] ] ] } },
{ "type": "Feature", "properties": { "hex_id": 771807, "centroid_lon": -71.414811959933942, "centroid_lat": 46.831097768211066, "occurrences_today": 7, "datetimes_today": "2026-09-21 00:01:49, 2026-09-21 00:16:40, 2026-09-21 00:32:40, 2026-09-21 00:46:59, 2026-09-21 01:01:51, 2026-09-21 01:16:40, 2026-09-21 01:31:48", "cumulative_total": 32.0 }, "geometry": { "type": "Polygon", "coordinates": [ [ [ -71.415157176858386, 46.825912355235772 ], [ -71.421527555383491, 46.82871006949204 ], [ -71.421182917456036, 46.83389551606804 ], [ -71.414466647285266, 46.836283174511813 ], [ -71.408095785503988, 46.833485054930541 ], [ -71.408441677116485, 46.828299682297292 ], [ -71.415157176858386, 46.825912355235772 ] ] ] } },
{ "type": "Feature", "properties": { "hex_id": 774249, "centroid_lon": -71.388639525442912, "centroid_lat": 46.8302739331114, "occurrences_today": 7, "datetimes_today": "2026-09-21 00:01:49, 2026-09-21 00:16:40, 2026-09-21 00:32:40, 2026-09-21 00:46:59, 2026-09-21 01:01:51, 2026-09-21 01:16:40, 2026-09-21 01:31:48", "cumulative_total": 32.0 }, "geometry": { "type": "Polygon", "coordinates": [ [ [ -71.388987249192269, 46.825088668543273 ], [ -71.395356086490807, 46.827887801840482 ], [ -71.395008941293014, 46.833073100263078 ], [ -71.38829170527805, 46.835459190976707 ], [ -71.381922385860165, 46.83265965214995 ], [ -71.382270784543167, 46.82747442820591 ], [ -71.388987249192269, 46.825088668543273 ] ] ] } },
{ "type": "Feature", "properties": { "hex_id": 781575, "centroid_lon": -71.310129197053541, "centroid_lat": 46.827766592068777, "occurrences_today": 11, "datetimes_today": "2026-09-21 00:01:49, 2026-09-21 00:16:40, 2026-09-21 00:32:40, 2026-09-21 00:46:59, 2026-09-21 01:01:51, 2026-09-21 01:16:40, 2026-09-21 01:31:48, 2026-09-21 01:46:52, 2026-09-21 02:01:46, 2026-09-21 02:17:02, 2026-09-21 02:31:51", "cumulative_total": 36.0 }, "geometry": { "type": "Polygon", "coordinates": [ [ [ -71.310484438860371, 46.822581779149829 ], [ -71.316848641250701, 46.825385165337281 ], [ -71.316493976655465, 46.830570012871078 ], [ -71.309773856758582, 46.832951398198823 ], [ -71.303409175661869, 46.830147605871225 ], [ -71.303765093134288, 46.82496283442277 ], [ -71.310484438860371, 46.822581779149829 ] ] ] } },
{ "type": "Feature", "properties": { "hex_id": 726000, "centroid_lon": -71.923051892292264, "centroid_lat": 46.541929685114525, "occurrences_today": 15, "datetimes_today": "2026-09-21 05:46:41, 2026-09-21 06:01:42, 2026-09-21 06:16:49, 2026-09-21 06:31:42, 2026-09-21 06:46:49, 2026-09-21 07:02:45, 2026-09-21 07:16:53, 2026-09-21 07:31:44, 2026-09-21 07:47:19, 2026-09-21 08:01:53, 2026-09-21 08:16:51, 2026-09-21 08:32:07, 2026-09-21 08:46:45, 2026-09-21 09:01:49, 2026-09-21 09:16:56", "cumulative_total": 15.0 }, "geometry": { "type": "Polygon", "coordinates": [ [ [ -71.923345245529731, 46.536741327370741 ], [ -71.929710095090869, 46.53951063003101 ], [ -71.929417319855617, 46.544699016250377 ], [ -71.922758457982255, 46.54711803670471 ], [ -71.916393111505428, 46.544348336891417 ], [ -71.916687123789714, 46.53916001384318 ], [ -71.923345245529731, 46.536741327370741 ] ] ] } },
{ "type": "Feature", "properties": { "hex_id": 1172383, "centroid_lon": -66.93875938655583, "centroid_lat": 47.975080455442445, "occurrences_today": 4, "datetimes_today": "2026-09-21 08:32:07, 2026-09-21 08:46:45, 2026-09-21 09:01:49, 2026-09-21 09:16:56", "cumulative_total": 4.0 }, "geometry": { "type": "Polygon", "coordinates": [ [ [ -66.939565157539334, 47.969937294576162 ], [ -66.945795363582647, 47.97297727851079 ], [ -66.944990125549793, 47.978120515941505 ], [ -66.937953390320303, 47.98022360144887 ], [ -66.931722876618139, 47.977183164963606 ], [ -66.932529405724765, 47.972040095587253 ], [ -66.939565157539334, 47.969937294576162 ] ] ] } }
]
}
