{
"type": "FeatureCollection",
"name": "cumulative_20260111",
"crs": { "type": "name", "properties": { "name": "urn:ogc:def:crs:OGC:1.3:CRS84" } },
"features": [
{ "type": "Feature", "properties": { "hex_id": 78410, "centroid_lon": -79.016677487031487, "centroid_lat": 48.858751899896262, "total_occurrences": 2.0, "days_affected": 1, "first_occurrence": "2026-01-08 14:30:41", "last_occurrence": "2026-01-08 14:31:23", "all_datetimes": "2026-01-08 14:30:41, 2026-01-08 14:31:23" }, "geometry": { "type": "Polygon", "coordinates": [ [ [ -79.016262323510503, 48.85357092022582 ], [ -79.023269445499253, 48.855923959384434 ], [ -79.023685366582541, 48.861104892345217 ], [ -79.017092769059886, 48.863932872254011 ], [ -79.010084770979759, 48.861579481415291 ], [ -79.009670246556993, 48.856398462419797 ], [ -79.016262323510503, 48.85357092022582 ] ] ] } },
{ "type": "Feature", "properties": { "hex_id": 222441, "centroid_lon": -77.375241078054714, "centroid_lat": 48.171858103040307, "total_occurrences": 2.0, "days_affected": 1, "first_occurrence": "2026-01-08 14:30:41", "last_occurrence": "2026-01-08 14:31:23", "all_datetimes": "2026-01-08 14:30:41, 2026-01-08 14:31:23" }, "geometry": { "type": "Polygon", "coordinates": [ [ [ -77.375001296327994, 48.166668196626915 ], [ -77.381840212444786, 48.169124045949282 ], [ -77.382080704946162, 48.174313924368583 ], [ -77.375480927620998, 48.177048003844668 ], [ -77.368641232877792, 48.174591791407543 ], [ -77.368402094110564, 48.169401862679948 ], [ -77.375001296327994, 48.166668196626915 ] ] ] } },
{ "type": "Feature", "properties": { "hex_id": 384673, "centroid_lon": -75.559749431747932, "centroid_lat": 45.685609340384808, "total_occurrences": 2.0, "days_affected": 1, "first_occurrence": "2026-01-08 14:30:41", "last_occurrence": "2026-01-08 14:31:23", "all_datetimes": "2026-01-08 14:30:41, 2026-01-08 14:31:23" }, "geometry": { "type": "Polygon", "coordinates": [ [ [ -75.559697611942497, 45.680412947855679 ], [ -75.566143894171503, 45.68297950870263 ], [ -75.566196315478962, 45.688175893133149 ], [ -75.559801265739523, 45.69080572812075 ], [ -75.553354367819935, 45.688238815718094 ], [ -75.553303135335128, 45.683042419948556 ], [ -75.559697611942497, 45.680412947855679 ] ] ] } },
{ "type": "Feature", "properties": { "hex_id": 447587, "centroid_lon": -74.897455770830632, "centroid_lat": 46.193584160485763, "total_occurrences": 4.0, "days_affected": 1, "first_occurrence": "2026-01-08 14:30:41", "last_occurrence": "2026-01-08 16:34:21", "all_datetimes": "2026-01-08 14:30:41, 2026-01-08 14:31:23, 2026-01-08 15:38:05, 2026-01-08 16:34:21" }, "geometry": { "type": "Polygon", "coordinates": [ [ [ -74.897465433824152, 46.188387991897777 ], [ -74.903940175464612, 46.190991704948402 ], [ -74.903931121836564, 46.196187872178342 ], [ -74.89744610517478, 46.198780324327736 ], [ -74.890970756831635, 46.19617624650332 ], [ -74.890981031852021, 46.190980081369531 ], [ -74.897465433824152, 46.188387991897777 ] ] ] } },
{ "type": "Feature", "properties": { "hex_id": 472616, "centroid_lon": -74.631939996419462, "centroid_lat": 46.169654805601617, "total_occurrences": 2.0, "days_affected": 1, "first_occurrence": "2026-01-08 14:30:41", "last_occurrence": "2026-01-08 14:31:23", "all_datetimes": "2026-01-08 14:30:41, 2026-01-08 14:31:23" }, "geometry": { "type": "Polygon", "coordinates": [ [ [ -74.631974650461984, 46.164458714198744 ], [ -74.638433966375686, 46.167077428772764 ], [ -74.638399917438051, 46.172273521520381 ], [ -74.631905332832247, 46.174850892239881 ], [ -74.62544542135997, 46.172231810519406 ], [ -74.625480690048803, 46.167035725292088 ], [ -74.631974650461984, 46.164458714198744 ] ] ] } },
{ "type": "Feature", "properties": { "hex_id": 512273, "centroid_lon": -74.216583696623943, "centroid_lat": 45.770038605737042, "total_occurrences": 4.0, "days_affected": 1, "first_occurrence": "2026-01-08 14:30:41", "last_occurrence": "2026-01-08 16:34:21", "all_datetimes": "2026-01-08 14:30:41, 2026-01-08 14:31:23, 2026-01-08 15:38:05, 2026-01-08 16:34:21" }, "geometry": { "type": "Polygon", "coordinates": [ [ [ -74.216656435445529, 45.764842528465806 ], [ -74.223049839752917, 45.767484473559492 ], [ -74.22297768792123, 45.772680556326087 ], [ -74.216510937869657, 45.775234678171756 ], [ -74.210116966508423, 45.77259236692997 ], [ -74.210190312245871, 45.76739630005585 ], [ -74.216656435445529, 45.764842528465806 ] ] ] } },
{ "type": "Feature", "properties": { "hex_id": 515948, "centroid_lon": -74.175242094611619, "centroid_lat": 45.956821344673301, "total_occurrences": 2.0, "days_affected": 1, "first_occurrence": "2026-01-08 14:30:41", "last_occurrence": "2026-01-08 14:31:23", "all_datetimes": "2026-01-08 14:30:41, 2026-01-08 14:31:23" }, "geometry": { "type": "Polygon", "coordinates": [ [ [ -74.175319171941439, 45.951625490690496 ], [ -74.181731908331187, 45.954269794829102 ], [ -74.181655423263734, 45.959465654749323 ], [ -74.175164996111377, 45.962017193810411 ], [ -74.168751688633279, 45.959372520742484 ], [ -74.168829379388711, 45.954176677608437 ], [ -74.175319171941439, 45.951625490690496 ] ] ] } },
{ "type": "Feature", "properties": { "hex_id": 516531, "centroid_lon": -74.175128086728847, "centroid_lat": 45.528101045974338, "total_occurrences": 2.0, "days_affected": 1, "first_occurrence": "2026-01-08 14:30:41", "last_occurrence": "2026-01-08 14:31:23", "all_datetimes": "2026-01-08 14:30:41, 2026-01-08 14:31:23" }, "geometry": { "type": "Polygon", "coordinates": [ [ [ -74.175204031238323, 45.522904800541909 ], [ -74.181568148478149, 45.525548974734264 ], [ -74.181492782970238, 45.530745226042342 ], [ -74.175052121469719, 45.533297286560227 ], [ -74.168687445981448, 45.530652748876712 ], [ -74.168763990235163, 45.525456514231124 ], [ -74.175204031238323, 45.522904800541909 ] ] ] } },
{ "type": "Feature", "properties": { "hex_id": 521397, "centroid_lon": -74.128233830784353, "centroid_lat": 45.247119193688327, "total_occurrences": 2.0, "days_affected": 1, "first_occurrence": "2026-01-08 14:30:41", "last_occurrence": "2026-01-08 14:31:23", "all_datetimes": "2026-01-08 14:30:41, 2026-01-08 14:31:23" }, "geometry": { "type": "Polygon", "coordinates": [ [ [ -74.128313310346428, 45.241922754608922 ], [ -74.134643945908593, 45.244569421970894 ], [ -74.134565036245817, 45.249765867351293 ], [ -74.128154329579573, 45.252315627909873 ], [ -74.121823145764409, 45.249668600126583 ], [ -74.121903216861256, 45.244472172270036 ], [ -74.128313310346428, 45.241922754608922 ] ] ] } },
{ "type": "Feature", "properties": { "hex_id": 525091, "centroid_lon": -74.082194845970818, "centroid_lat": 45.73006358168886, "total_occurrences": 2.0, "days_affected": 1, "first_occurrence": "2026-01-08 14:30:41", "last_occurrence": "2026-01-08 14:31:23", "all_datetimes": "2026-01-08 14:30:41, 2026-01-08 14:31:23" }, "geometry": { "type": "Polygon", "coordinates": [ [ [ -74.082279942914312, 45.724867649123354 ], [ -74.088662357849728, 45.727517049544588 ], [ -74.088577844869903, 45.732712988945018 ], [ -74.082109725720414, 45.735259509384569 ], [ -74.075726750132176, 45.732609742022753 ], [ -74.07581245433839, 45.727413821227088 ], [ -74.082279942914312, 45.724867649123354 ] ] ] } },
{ "type": "Feature", "properties": { "hex_id": 527508, "centroid_lon": -74.062988992665709, "centroid_lat": 45.340148571933703, "total_occurrences": 6.0, "days_affected": 1, "first_occurrence": "2026-01-08 14:30:41", "last_occurrence": "2026-01-08 18:29:12", "all_datetimes": "2026-01-08 14:30:41, 2026-01-08 14:31:23, 2026-01-08 15:38:05, 2026-01-08 16:34:21, 2026-01-08 17:37:21, 2026-01-08 18:29:12" }, "geometry": { "type": "Polygon", "coordinates": [ [ [ -74.063074697535754, 45.334952311407456 ], [ -74.069412529208549, 45.337602611011192 ], [ -74.06932739617497, 45.342798878500531 ], [ -74.062903264432521, 45.345344827585109 ], [ -74.056564884290253, 45.342694165773125 ], [ -74.056651184352106, 45.337497917149022 ], [ -74.063074697535754, 45.334952311407456 ] ] ] } },
{ "type": "Feature", "properties": { "hex_id": 547653, "centroid_lon": -73.852899500937653, "centroid_lat": 45.314845253419762, "total_occurrences": 2.0, "days_affected": 1, "first_occurrence": "2026-01-08 14:30:41", "last_occurrence": "2026-01-08 14:31:23", "all_datetimes": "2026-01-08 14:30:41, 2026-01-08 14:31:23" }, "geometry": { "type": "Polygon", "coordinates": [ [ [ -73.853004327107953, 45.309649316873646 ], [ -73.8593293348071, 45.312311162413422 ], [ -73.859225076943844, 45.317507108000221 ], [ -73.852794646202256, 45.320041185028444 ], [ -73.846469098765937, 45.317378975601876 ], [ -73.846574521798829, 45.312183053097982 ], [ -73.853004327107953, 45.309649316873646 ] ] ] } },
{ "type": "Feature", "properties": { "hex_id": 548312, "centroid_lon": -73.830873709002006, "centroid_lat": 46.07073542835181, "total_occurrences": 3.0, "days_affected": 1, "first_occurrence": "2026-01-08 14:30:41", "last_occurrence": "2026-01-08 15:38:05", "all_datetimes": "2026-01-08 14:30:41, 2026-01-08 14:31:23, 2026-01-08 15:38:05" }, "geometry": { "type": "Polygon", "coordinates": [ [ [ -73.830983400140653, 46.065540222585255 ], [ -73.83739241480032, 46.06820376514473 ], [ -73.837283314816162, 46.073398980325244 ], [ -73.830763987694993, 46.075930629172269 ], [ -73.824354412054348, 46.07326671290258 ], [ -73.82446472450556, 46.068071521561947 ], [ -73.830983400140653, 46.065540222585255 ] ] ] } },
{ "type": "Feature", "properties": { "hex_id": 554987, "centroid_lon": -73.773675963075107, "centroid_lat": 45.438748447249942, "total_occurrences": 6.0, "days_affected": 1, "first_occurrence": "2026-01-08 14:30:41", "last_occurrence": "2026-01-08 18:29:12", "all_datetimes": "2026-01-08 14:30:41, 2026-01-08 14:31:23, 2026-01-08 15:38:05, 2026-01-08 16:34:21, 2026-01-08 17:37:21, 2026-01-08 18:29:12" }, "geometry": { "type": "Polygon", "coordinates": [ [ [ -73.77378851284962, 45.433552772942335 ], [ -73.780123418009879, 45.436219054656391 ], [ -73.780011439201388, 45.441414738814018 ], [ -73.773563382586474, 45.443944116592725 ], [ -73.767227937179456, 45.441277468686415 ], [ -73.767341088623823, 45.436081809258027 ], [ -73.77378851284962, 45.433552772942335 ] ] ] } },
{ "type": "Feature", "properties": { "hex_id": 555612, "centroid_lon": -73.762333075670725, "centroid_lat": 45.664686124424989, "total_occurrences": 2.0, "days_affected": 1, "first_occurrence": "2026-01-08 14:30:41", "last_occurrence": "2026-01-08 14:31:23", "all_datetimes": "2026-01-08 14:30:41, 2026-01-08 14:31:23" }, "geometry": { "type": "Polygon", "coordinates": [ [ [ -73.76244756432348, 45.659490678636097 ], [ -73.768807130253677, 45.662157744968425 ], [ -73.768693219257813, 45.667353200768275 ], [ -73.762218555689444, 45.66988156524426 ], [ -73.755858443436153, 45.667214129751081 ], [ -73.755973541063753, 45.662018699007639 ], [ -73.76244756432348, 45.659490678636097 ] ] ] } },
{ "type": "Feature", "properties": { "hex_id": 558650, "centroid_lon": -73.735327634920537, "centroid_lat": 45.438330238159857, "total_occurrences": 2.0, "days_affected": 1, "first_occurrence": "2026-01-08 14:30:41", "last_occurrence": "2026-01-08 14:31:23", "all_datetimes": "2026-01-08 14:30:41, 2026-01-08 14:31:23" }, "geometry": { "type": "Polygon", "coordinates": [ [ [ -73.735443701982788, 45.433134639192041 ], [ -73.74177670863034, 45.43580302830091 ], [ -73.741661212007628, 45.440998637498197 ], [ -73.73521153618492, 45.443525832149156 ], [ -73.728877990776496, 45.440857076492676 ], [ -73.728994659941037, 45.435661492797237 ], [ -73.735443701982788, 45.433134639192041 ] ] ] } },
{ "type": "Feature", "properties": { "hex_id": 564760, "centroid_lon": -73.669582740471085, "centroid_lat": 45.515536044396335, "total_occurrences": 4.0, "days_affected": 1, "first_occurrence": "2026-01-08 14:30:41", "last_occurrence": "2026-01-08 16:34:21", "all_datetimes": "2026-01-08 14:30:41, 2026-01-08 14:31:23, 2026-01-08 15:38:05, 2026-01-08 16:34:21" }, "geometry": { "type": "Polygon", "coordinates": [ [ [ -73.669705169288122, 45.510340651187576 ], [ -73.676043562086136, 45.513012712937481 ], [ -73.675921705147644, 45.518208117043628 ], [ -73.669460278214558, 45.520731432601671 ], [ -73.663121346983118, 45.518059002711361 ], [ -73.663244381106978, 45.512863625467936 ], [ -73.669705169288122, 45.510340651187576 ] ] ] } },
{ "type": "Feature", "properties": { "hex_id": 567201, "centroid_lon": -73.644357649445737, "centroid_lat": 45.49964894298455, "total_occurrences": 4.0, "days_affected": 1, "first_occurrence": "2026-01-08 14:30:41", "last_occurrence": "2026-01-08 16:34:21", "all_datetimes": "2026-01-08 14:30:41, 2026-01-08 14:31:23, 2026-01-08 15:38:05, 2026-01-08 16:34:21" }, "geometry": { "type": "Polygon", "coordinates": [ [ [ -73.644482330067206, 45.494453588973101 ], [ -73.650817731288953, 45.49712702386379 ], [ -73.650693621726461, 45.502322389018488 ], [ -73.644232934776568, 45.504844291982884 ], [ -73.63789699654923, 45.502170488916853 ], [ -73.63802228226595, 45.496975151126236 ], [ -73.644482330067206, 45.494453588973101 ] ] ] } },
{ "type": "Feature", "properties": { "hex_id": 567818, "centroid_lon": -73.63551005417942, "centroid_lat": 45.600880953878601, "total_occurrences": 2.0, "days_affected": 1, "first_occurrence": "2026-01-08 14:30:41", "last_occurrence": "2026-01-08 14:31:23", "all_datetimes": "2026-01-08 14:30:41, 2026-01-08 14:31:23" }, "geometry": { "type": "Polygon", "coordinates": [ [ [ -73.635635991928439, 45.595685711398296 ], [ -73.641982235525305, 45.598359716625893 ], [ -73.64185687177303, 45.603554970360918 ], [ -73.635384081997444, 45.606076191341806 ], [ -73.62903729884259, 45.603401816571932 ], [ -73.629163845009728, 45.598206590428155 ], [ -73.635635991928439, 45.595685711398296 ] ] ] } },
{ "type": "Feature", "properties": { "hex_id": 568435, "centroid_lon": -73.626626334315745, "centroid_lat": 45.702110159482885, "total_occurrences": 23.0, "days_affected": 2, "first_occurrence": "2026-01-08 14:30:41", "last_occurrence": "2026-01-10 21:16:56", "all_datetimes": "2026-01-08 14:30:41, 2026-01-08 14:31:23, 2026-01-10 16:46:49, 2026-01-10 17:01:47, 2026-01-10 17:16:52, 2026-01-10 17:32:06, 2026-01-10 17:35:18, 2026-01-10 17:46:57, 2026-01-10 18:01:40, 2026-01-10 18:17:22, 2026-01-10 18:31:07, 2026-01-10 18:31:38, 2026-01-10 18:46:46, 2026-01-10 19:02:37, 2026-01-10 19:17:03, 2026-01-10 19:31:52, 2026-01-10 19:47:00, 2026-01-10 20:02:11, 2026-01-10 20:17:06, 2026-01-10 20:31:43, 2026-01-10 20:47:07, 2026-01-10 21:01:33, 2026-01-10 21:16:56" }, "geometry": { "type": "Polygon", "coordinates": [ [ [ -73.626753539884277, 45.696915028725442 ], [ -73.633110681451967, 45.69958960767265 ], [ -73.632984052836278, 45.704784749797092 ], [ -73.626499093924764, 45.707305285219235 ], [ -73.620141410232534, 45.704630335357606 ], [ -73.620269227564606, 45.699435221053186 ], [ -73.626753539884277, 45.696915028725442 ] ] ] } },
{ "type": "Feature", "properties": { "hex_id": 569039, "centroid_lon": -73.622691124267348, "centroid_lat": 45.600727094870763, "total_occurrences": 3.0, "days_affected": 1, "first_occurrence": "2026-01-08 14:30:41", "last_occurrence": "2026-01-08 15:38:05", "all_datetimes": "2026-01-08 14:30:41, 2026-01-08 14:31:23, 2026-01-08 15:38:05" }, "geometry": { "type": "Polygon", "coordinates": [ [ [ -73.622818244252343, 45.595531880108638 ], [ -73.629163845009728, 45.598206590428155 ], [ -73.62903729884259, 45.603401816571932 ], [ -73.622563969526396, 45.605922304610722 ], [ -73.616217829712951, 45.603247224630898 ], [ -73.616345558260065, 45.598052026337299 ], [ -73.622818244252343, 45.595531880108638 ] ] ] } },
{ "type": "Feature", "properties": { "hex_id": 570866, "centroid_lon": -73.605200015809771, "centroid_lat": 45.530358354300915, "total_occurrences": 4.0, "days_affected": 2, "first_occurrence": "2026-01-08 14:30:41", "last_occurrence": "2026-01-09 21:47:12", "all_datetimes": "2026-01-08 14:30:41, 2026-01-08 14:31:23, 2026-01-08 15:38:05, 2026-01-09 21:47:12" }, "geometry": { "type": "Polygon", "coordinates": [ [ [ -73.605328434495206, 45.52516311370622 ], [ -73.61166534240472, 45.527838725418242 ], [ -73.611537495173224, 45.533033977550765 ], [ -73.605071562043435, 45.535553589866872 ], [ -73.598734117766739, 45.532877609224492 ], [ -73.598863142975233, 45.527682385260917 ], [ -73.605328434495206, 45.52516311370622 ] ] ] } },
{ "type": "Feature", "properties": { "hex_id": 570874, "centroid_lon": -73.602107415928231, "centroid_lat": 45.655042619755584, "total_occurrences": 2.0, "days_affected": 1, "first_occurrence": "2026-01-08 14:30:41", "last_occurrence": "2026-01-08 14:31:23", "all_datetimes": "2026-01-08 14:30:41, 2026-01-08 14:31:23" }, "geometry": { "type": "Polygon", "coordinates": [ [ [ -73.602236679817665, 45.649847499873701 ], [ -73.608587345474163, 45.65252338919241 ], [ -73.608458656770097, 45.657718520673015 ], [ -73.601978116673635, 45.660237734606781 ], [ -73.595626911202899, 45.657561474744057 ], [ -73.595756785630954, 45.652366371556404 ], [ -73.602236679817665, 45.649847499873701 ] ] ] } },
{ "type": "Feature", "properties": { "hex_id": 571483, "centroid_lon": -73.596275928250463, "centroid_lat": 45.631585908474058, "total_occurrences": 2.0, "days_affected": 1, "first_occurrence": "2026-01-08 14:30:41", "last_occurrence": "2026-01-08 14:31:23", "all_datetimes": "2026-01-08 14:30:41, 2026-01-08 14:31:23" }, "geometry": { "type": "Polygon", "coordinates": [ [ [ -73.59640562519192, 45.626390780120921 ], [ -73.602753381961818, 45.629066970040775 ], [ -73.602624259414014, 45.634262110044638 ], [ -73.596146195835587, 45.636781031794243 ], [ -73.58979790015141, 45.634104471574574 ], [ -73.589928206948017, 45.62890935996991 ], [ -73.59640562519192, 45.626390780120921 ] ] ] } },
{ "type": "Feature", "properties": { "hex_id": 571487, "centroid_lon": -73.594716794605972, "centroid_lat": 45.693927056119882, "total_occurrences": 2.0, "days_affected": 1, "first_occurrence": "2026-01-08 14:30:41", "last_occurrence": "2026-01-08 14:31:23", "all_datetimes": "2026-01-08 14:30:41, 2026-01-08 14:31:23" }, "geometry": { "type": "Polygon", "coordinates": [ [ [ -73.594846918018078, 45.68873198816722 ], [ -73.601201577809775, 45.691408318065037 ], [ -73.601072030665023, 45.696603397699192 ], [ -73.594586635576761, 45.699122119038648 ], [ -73.58823143514087, 45.696445418031971 ], [ -73.588362170425413, 45.691250366859627 ], [ -73.594846918018078, 45.68873198816722 ] ] ] } },
{ "type": "Feature", "properties": { "hex_id": 572090, "centroid_lon": -73.591229317283606, "centroid_lat": 45.576957966984061, "total_occurrences": 2.0, "days_affected": 1, "first_occurrence": "2026-01-08 14:30:41", "last_occurrence": "2026-01-08 14:31:23", "all_datetimes": "2026-01-08 14:30:41, 2026-01-08 14:31:23" }, "geometry": { "type": "Polygon", "coordinates": [ [ [ -73.591359232817354, 45.571762799993358 ], [ -73.597700646192266, 45.57443921979592 ], [ -73.597571303329289, 45.579634398473949 ], [ -73.591099366240286, 45.582153128940099 ], [ -73.584757415710129, 45.579476339485261 ], [ -73.584887939412269, 45.574281189281244 ], [ -73.591359232817354, 45.571762799993358 ] ] ] } },
{ "type": "Feature", "properties": { "hex_id": 575136, "centroid_lon": -73.561780783045265, "centroid_lat": 45.475253102320423, "total_occurrences": 2.0, "days_affected": 1, "first_occurrence": "2026-01-08 14:30:41", "last_occurrence": "2026-01-08 14:31:23", "all_datetimes": "2026-01-08 14:30:41, 2026-01-08 14:31:23" }, "geometry": { "type": "Polygon", "coordinates": [ [ [ -73.561912944438561, 45.470057908900927 ], [ -73.56824162036807, 45.472735854907697 ], [ -73.568110028182602, 45.477931060280547 ], [ -73.561648585573295, 45.480448290693793 ], [ -73.5553193765207, 45.477769976050325 ], [ -73.55545214318839, 45.472574799694726 ], [ -73.561912944438561, 45.470057908900927 ] ] ] } },
{ "type": "Feature", "properties": { "hex_id": 580023, "centroid_lon": -73.509387993313723, "centroid_lat": 45.521352820206069, "total_occurrences": 6.0, "days_affected": 2, "first_occurrence": "2026-01-08 14:30:41", "last_occurrence": "2026-01-09 12:37:31", "all_datetimes": "2026-01-08 14:30:41, 2026-01-08 14:31:23, 2026-01-08 15:38:05, 2026-01-09 12:16:39, 2026-01-09 12:32:07, 2026-01-09 12:37:31" }, "geometry": { "type": "Polygon", "coordinates": [ [ [ -73.509525188391123, 45.516157790519181 ], [ -73.51585641817185, 45.518838652618726 ], [ -73.515719792974863, 45.52403369478786 ], [ -73.509250760763592, 45.526547844824428 ], [ -73.502918998581464, 45.523866613016935 ], [ -73.503056800999417, 45.518671600945339 ], [ -73.509525188391123, 45.516157790519181 ] ] ] } },
{ "type": "Feature", "properties": { "hex_id": 587348, "centroid_lon": -73.433021468931742, "centroid_lat": 45.50474006318948, "total_occurrences": 17.0, "days_affected": 2, "first_occurrence": "2026-01-08 14:30:41", "last_occurrence": "2026-01-09 16:02:10", "all_datetimes": "2026-01-08 14:30:41, 2026-01-08 14:31:23, 2026-01-08 15:38:05, 2026-01-08 16:34:21, 2026-01-08 17:37:21, 2026-01-08 18:29:12, 2026-01-08 20:00:01, 2026-01-09 14:17:02, 2026-01-09 14:31:13, 2026-01-09 14:31:46, 2026-01-09 14:46:37, 2026-01-09 15:01:45, 2026-01-09 15:16:43, 2026-01-09 15:31:49, 2026-01-09 15:37:38, 2026-01-09 15:46:42, 2026-01-09 16:02:10" }, "geometry": { "type": "Polygon", "coordinates": [ [ [ -73.433165607561293, 45.499545203410555 ], [ -73.439491256121215, 45.502230234067483 ], [ -73.439347685831265, 45.507425107077601 ], [ -73.432877290942216, 45.509934917866424 ], [ -73.426551113409275, 45.507249517005405 ], [ -73.4266958597252, 45.502054675624109 ], [ -73.433165607561293, 45.499545203410555 ] ] ] } },
{ "type": "Feature", "properties": { "hex_id": 598973, "centroid_lon": -73.299457278237753, "centroid_lat": 45.900375050973174, "total_occurrences": 2.0, "days_affected": 1, "first_occurrence": "2026-01-08 14:30:41", "last_occurrence": "2026-01-08 14:31:23", "all_datetimes": "2026-01-08 14:30:41, 2026-01-08 14:31:23" }, "geometry": { "type": "Polygon", "coordinates": [ [ [ -73.299615871424365, 45.895180898303373 ], [ -73.305979147201299, 45.897873690229943 ], [ -73.305821132503638, 45.90306785756318 ], [ -73.299298641536581, 45.905569198474382 ], [ -73.292934830792632, 45.902876030048006 ], [ -73.293094045968004, 45.897681897275582 ], [ -73.299615871424365, 45.895180898303373 ] ] ] } },
{ "type": "Feature", "properties": { "hex_id": 611219, "centroid_lon": -73.151903941937817, "centroid_lat": 46.459283247242659, "total_occurrences": 2.0, "days_affected": 1, "first_occurrence": "2026-01-08 14:30:41", "last_occurrence": "2026-01-08 14:31:23", "all_datetimes": "2026-01-08 14:30:41, 2026-01-08 14:31:23" }, "geometry": { "type": "Polygon", "coordinates": [ [ [ -73.152079683952948, 46.454090019428001 ], [ -73.158499472913093, 46.456791633265858 ], [ -73.158324324715934, 46.461984877388105 ], [ -73.151728151361525, 46.464476469806868 ], [ -73.14530781715294, 46.46177447081736 ], [ -73.145484201530508, 46.45658126462736 ], [ -73.152079683952948, 46.454090019428001 ] ] ] } },
{ "type": "Feature", "properties": { "hex_id": 621554, "centroid_lon": -73.065151015840712, "centroid_lat": 45.779723739817058, "total_occurrences": 2.0, "days_affected": 1, "first_occurrence": "2026-01-08 14:30:41", "last_occurrence": "2026-01-08 14:31:23", "all_datetimes": "2026-01-08 14:30:41, 2026-01-08 14:31:23" }, "geometry": { "type": "Polygon", "coordinates": [ [ [ -73.065330695410751, 45.774530152092403 ], [ -73.071668686929655, 45.777235650051288 ], [ -73.071489578876893, 45.782429254713968 ], [ -73.06497128705054, 45.784917322250443 ], [ -73.058632773242792, 45.782211447204162 ], [ -73.058813073533628, 45.777017881773808 ], [ -73.065330695410751, 45.774530152092403 ] ] ] } },
{ "type": "Feature", "properties": { "hex_id": 666766, "centroid_lon": -72.565741912032649, "centroid_lat": 46.315800811435992, "total_occurrences": 2.0, "days_affected": 1, "first_occurrence": "2026-01-08 14:30:41", "last_occurrence": "2026-01-08 14:31:23", "all_datetimes": "2026-01-08 14:30:41, 2026-01-08 14:31:23" }, "geometry": { "type": "Polygon", "coordinates": [ [ [ -72.565972209234985, 46.310609441702624 ], [ -72.572345215134035, 46.313343144874544 ], [ -72.572115498651399, 46.318534536669063 ], [ -72.56551155133721, 46.320992175548703 ], [ -72.559138028222421, 46.318258083819067 ], [ -72.559368969615846, 46.313066741833566 ], [ -72.565972209234985, 46.310609441702624 ] ] ] } },
{ "type": "Feature", "properties": { "hex_id": 731443, "centroid_lon": -71.909668747040755, "centroid_lat": 45.738706529594268, "total_occurrences": 3.0, "days_affected": 1, "first_occurrence": "2026-01-08 14:30:41", "last_occurrence": "2026-01-08 15:38:05", "all_datetimes": "2026-01-08 14:30:41, 2026-01-08 14:31:23, 2026-01-08 15:38:05" }, "geometry": { "type": "Polygon", "coordinates": [ [ [ -71.909955236291523, 45.733517505568891 ], [ -71.916229439873987, 45.736285576667171 ], [ -71.915943504176681, 45.741474628865426 ], [ -71.909382179420291, 45.743895547487199 ], [ -71.903107500667247, 45.741127089737788 ], [ -71.903394621814755, 45.73593810008223 ], [ -71.909955236291523, 45.733517505568891 ] ] ] } },
{ "type": "Feature", "properties": { "hex_id": 737618, "centroid_lon": -71.782272861506286, "centroid_lat": 46.826441764597725, "total_occurrences": 2.0, "days_affected": 1, "first_occurrence": "2026-01-08 14:30:41", "last_occurrence": "2026-01-08 14:31:23", "all_datetimes": "2026-01-08 14:30:41, 2026-01-08 14:31:23" }, "geometry": { "type": "Polygon", "coordinates": [ [ [ -71.782582684474818, 46.821254367646333 ], [ -71.788972687863264, 46.824032051895706 ], [ -71.788663449587133, 46.82921947886058 ], [ -71.781962952600409, 46.831629155250987 ], [ -71.775572450471842, 46.82885106881286 ], [ -71.775882944040305, 46.82366370824009 ], [ -71.782582684474818, 46.821254367646333 ] ] ] } },
{ "type": "Feature", "properties": { "hex_id": 777300, "centroid_lon": -71.357503699947557, "centroid_lat": 46.805902837634463, "total_occurrences": 3.0, "days_affected": 1, "first_occurrence": "2026-01-08 14:30:41", "last_occurrence": "2026-01-08 15:38:05", "all_datetimes": "2026-01-08 14:30:41, 2026-01-08 14:31:23, 2026-01-08 15:38:05" }, "geometry": { "type": "Polygon", "coordinates": [ [ [ -71.357854119323918, 46.800717729767449 ], [ -71.36421842841122, 46.803518482187329 ], [ -71.363868586327854, 46.808703624195189 ], [ -71.357153183443472, 46.811087938766121 ], [ -71.35078839420774, 46.808286780892757 ], [ -71.351139487971153, 46.80310171396868 ], [ -71.357854119323918, 46.800717729767449 ] ] ] } },
{ "type": "Feature", "properties": { "hex_id": 783948, "centroid_lon": -71.355950050949914, "centroid_lat": 45.753549882922535, "total_occurrences": 2.0, "days_affected": 1, "first_occurrence": "2026-01-08 14:30:41", "last_occurrence": "2026-01-08 14:31:23", "all_datetimes": "2026-01-08 14:30:41, 2026-01-08 14:31:23" }, "geometry": { "type": "Polygon", "coordinates": [ [ [ -71.356287983883405, 45.748363826553607 ], [ -71.362534519290691, 45.751161556721812 ], [ -71.362197132006273, 45.756347646578099 ], [ -71.355612025610014, 45.758735932618116 ], [ -71.349365036975655, 45.755937811041463 ], [ -71.349703607933506, 45.750751794897461 ], [ -71.356287983883405, 45.748363826553607 ] ] ] } },
{ "type": "Feature", "properties": { "hex_id": 784013, "centroid_lon": -71.288247868410281, "centroid_lat": 46.764702496243117, "total_occurrences": 43.0, "days_affected": 3, "first_occurrence": "2026-01-08 14:30:41", "last_occurrence": "2026-01-10 21:16:56", "all_datetimes": "2026-01-08 14:30:41, 2026-01-08 14:31:23, 2026-01-08 15:38:05, 2026-01-08 16:34:21, 2026-01-08 17:37:21, 2026-01-08 18:29:12, 2026-01-08 20:00:01, 2026-01-08 21:28:44, 2026-01-08 21:47:13, 2026-01-08 22:01:47, 2026-01-08 22:17:09, 2026-01-08 22:46:50, 2026-01-08 23:01:55, 2026-01-08 23:09:46, 2026-01-08 23:17:15, 2026-01-08 23:31:42, 2026-01-08 23:46:54, 2026-01-08 23:52:00, 2026-01-09 00:01:40, 2026-01-09 00:17:14, 2026-01-09 00:32:07, 2026-01-09 00:42:03, 2026-01-09 00:46:41, 2026-01-09 01:02:06, 2026-01-09 01:17:10, 2026-01-09 01:32:04, 2026-01-09 01:46:43, 2026-01-09 01:52:00, 2026-01-09 02:01:57, 2026-01-09 02:17:06, 2026-01-09 02:31:43, 2026-01-09 02:38:00, 2026-01-09 02:46:53, 2026-01-09 03:02:02, 2026-01-09 03:16:51, 2026-01-09 03:31:45, 2026-01-10 19:47:00, 2026-01-10 20:02:11, 2026-01-10 20:17:06, 2026-01-10 20:31:43, 2026-01-10 20:47:07, 2026-01-10 21:01:33, 2026-01-10 21:16:56" }, "geometry": { "type": "Polygon", "coordinates": [ [ [ -71.288604427953345, 46.759517754255953 ], [ -71.294960172579579, 46.762322138782906 ], [ -71.294604187938887, 46.767506915555074 ], [ -71.2878912100999, 46.76988723142091 ], [ -71.281534989355734, 46.767082441434326 ], [ -71.28189222253431, 46.761897741108086 ], [ -71.288604427953345, 46.759517754255953 ] ] ] } },
{ "type": "Feature", "properties": { "hex_id": 830438, "centroid_lon": -70.758773134149152, "centroid_lat": 47.167187998684447, "total_occurrences": 5.0, "days_affected": 1, "first_occurrence": "2026-01-08 14:30:41", "last_occurrence": "2026-01-08 17:37:21", "all_datetimes": "2026-01-08 14:30:41, 2026-01-08 14:31:23, 2026-01-08 15:38:05, 2026-01-08 16:34:21, 2026-01-08 17:37:21" }, "geometry": { "type": "Polygon", "coordinates": [ [ [ -70.759186236430921, 47.162006956171652 ], [ -70.765558673980848, 47.164841284783726 ], [ -70.765146150456275, 47.170022367487533 ], [ -70.758359916883123, 47.172369033722639 ], [ -70.75198701558034, 47.16953428986244 ], [ -70.75240081156339, 47.164353295082527 ], [ -70.759186236430921, 47.162006956171652 ] ] ] } },
{ "type": "Feature", "properties": { "hex_id": 907382, "centroid_lon": -69.899178778165691, "centroid_lat": 47.459460102161806, "total_occurrences": 3.0, "days_affected": 1, "first_occurrence": "2026-01-08 14:30:41", "last_occurrence": "2026-01-08 15:38:05", "all_datetimes": "2026-01-08 14:30:41, 2026-01-08 14:31:23, 2026-01-08 15:38:05" }, "geometry": { "type": "Polygon", "coordinates": [ [ [ -69.899680505137468, 47.454285679862686 ], [ -69.906036899074167, 47.457167398223916 ], [ -69.905535745235767, 47.462341869197054 ], [ -69.898676911141735, 47.464634515729237 ], [ -69.892320084148452, 47.461752371446124 ], [ -69.892822524256573, 47.456578006620077 ], [ -69.899680505137468, 47.454285679862686 ] ] ] } },
{ "type": "Feature", "properties": { "hex_id": 909186, "centroid_lon": -69.920440289330543, "centroid_lat": 47.031668223283091, "total_occurrences": 2.0, "days_affected": 1, "first_occurrence": "2026-01-08 14:30:41", "last_occurrence": "2026-01-08 14:31:23", "all_datetimes": "2026-01-08 14:30:41, 2026-01-08 14:31:23" }, "geometry": { "type": "Polygon", "coordinates": [ [ [ -69.920932514955624, 47.02649324250892 ], [ -69.927240898025758, 47.029372020837442 ], [ -69.926749232722102, 47.034547049692463 ], [ -69.919947927116155, 47.03684319541216 ], [ -69.913639120337649, 47.033963997323013 ], [ -69.914132042825997, 47.028789073341144 ], [ -69.920932514955624, 47.02649324250892 ] ] ] } },
{ "type": "Feature", "properties": { "hex_id": 937932, "centroid_lon": -69.528471902144588, "centroid_lat": 47.832099872104045, "total_occurrences": 2.0, "days_affected": 1, "first_occurrence": "2026-01-08 14:30:41", "last_occurrence": "2026-01-08 14:31:23", "all_datetimes": "2026-01-08 14:30:41, 2026-01-08 14:31:23" }, "geometry": { "type": "Polygon", "coordinates": [ [ [ -69.529017048868894, 47.826928887075191 ], [ -69.535394908753048, 47.829832098054545 ], [ -69.534850340252888, 47.835003135641664 ], [ -69.527926602524346, 47.837270847745394 ], [ -69.521548317339082, 47.834367202815677 ], [ -69.522094195129242, 47.829196279800613 ], [ -69.529017048868894, 47.826928887075191 ] ] ] } },
{ "type": "Feature", "properties": { "hex_id": 989950, "centroid_lon": -68.724944225345482, "centroid_lat": 49.747883037052858, "total_occurrences": 113.0, "days_affected": 2, "first_occurrence": "2026-01-08 14:30:41", "last_occurrence": "2026-01-09 18:46:50", "all_datetimes": "2026-01-08 14:30:41, 2026-01-08 14:31:23, 2026-01-08 15:38:05, 2026-01-08 16:34:21, 2026-01-08 17:37:21, 2026-01-08 18:29:12, 2026-01-08 20:00:01, 2026-01-08 21:28:44, 2026-01-08 21:47:13, 2026-01-08 22:01:47, 2026-01-08 22:17:09, 2026-01-08 22:46:50, 2026-01-08 23:01:55, 2026-01-08 23:09:46, 2026-01-08 23:17:15, 2026-01-08 23:31:42, 2026-01-08 23:46:54, 2026-01-08 23:52:00, 2026-01-09 00:01:40, 2026-01-09 00:17:14, 2026-01-09 00:32:07, 2026-01-09 00:42:03, 2026-01-09 00:46:41, 2026-01-09 01:02:06, 2026-01-09 01:17:10, 2026-01-09 01:32:04, 2026-01-09 01:46:43, 2026-01-09 01:52:00, 2026-01-09 02:01:57, 2026-01-09 02:17:06, 2026-01-09 02:31:43, 2026-01-09 02:38:00, 2026-01-09 02:46:53, 2026-01-09 03:02:02, 2026-01-09 03:16:51, 2026-01-09 03:31:45, 2026-01-09 03:46:36, 2026-01-09 03:47:30, 2026-01-09 04:02:03, 2026-01-09 04:16:51, 2026-01-09 04:31:38, 2026-01-09 04:41:54, 2026-01-09 04:46:45, 2026-01-09 05:01:56, 2026-01-09 05:16:50, 2026-01-09 05:31:37, 2026-01-09 05:41:37, 2026-01-09 05:47:08, 2026-01-09 06:02:01, 2026-01-09 06:16:46, 2026-01-09 06:31:49, 2026-01-09 06:32:28, 2026-01-09 06:46:38, 2026-01-09 07:01:50, 2026-01-09 07:17:13, 2026-01-09 07:32:11, 2026-01-09 07:46:38, 2026-01-09 08:01:45, 2026-01-09 08:07:18, 2026-01-09 08:17:17, 2026-01-09 08:31:50, 2026-01-09 08:46:44, 2026-01-09 08:49:24, 2026-01-09 09:01:47, 2026-01-09 09:16:36, 2026-01-09 09:31:46, 2026-01-09 09:40:52, 2026-01-09 09:46:40, 2026-01-09 10:01:38, 2026-01-09 10:16:52, 2026-01-09 10:31:59, 2026-01-09 10:38:15, 2026-01-09 10:46:38, 2026-01-09 11:01:42, 2026-01-09 11:17:05, 2026-01-09 11:31:41, 2026-01-09 11:46:33, 2026-01-09 11:46:39, 2026-01-09 12:01:46, 2026-01-09 12:16:39, 2026-01-09 12:32:07, 2026-01-09 12:37:31, 2026-01-09 12:46:51, 2026-01-09 13:01:41, 2026-01-09 13:17:09, 2026-01-09 13:31:39, 2026-01-09 13:46:49, 2026-01-09 13:49:30, 2026-01-09 14:02:06, 2026-01-09 14:17:02, 2026-01-09 14:31:13, 2026-01-09 14:31:46, 2026-01-09 14:46:37, 2026-01-09 15:01:45, 2026-01-09 15:16:43, 2026-01-09 15:31:49, 2026-01-09 15:37:38, 2026-01-09 15:46:42, 2026-01-09 16:02:10, 2026-01-09 16:17:15, 2026-01-09 16:31:55, 2026-01-09 16:33:06, 2026-01-09 16:46:55, 2026-01-09 17:02:11, 2026-01-09 17:17:03, 2026-01-09 17:32:08, 2026-01-09 17:37:10, 2026-01-09 17:47:04, 2026-01-09 18:01:46, 2026-01-09 18:16:55, 2026-01-09 18:31:40, 2026-01-09 18:32:50, 2026-01-09 18:46:50" }, "geometry": { "type": "Polygon", "coordinates": [ [ [ -68.725612675136873, 49.742721234400356 ], [ -68.732177030720379, 49.745677059301784 ], [ -68.731509207740231, 49.750838924386372 ], [ -68.724275582680022, 49.753044828466635 ], [ -68.717710793195309, 49.750088535151825 ], [ -68.718380062600104, 49.744926806242681 ], [ -68.725612675136873, 49.742721234400356 ] ] ] } },
{ "type": "Feature", "properties": { "hex_id": 1107113, "centroid_lon": -67.528548815560285, "centroid_lat": 48.849731831347903, "total_occurrences": 2.0, "days_affected": 1, "first_occurrence": "2026-01-08 14:30:41", "last_occurrence": "2026-01-08 14:31:23", "all_datetimes": "2026-01-08 14:30:41, 2026-01-08 14:31:23" }, "geometry": { "type": "Polygon", "coordinates": [ [ [ -67.529319270795853, 48.844582218431299 ], [ -67.535691363256163, 48.847597198074666 ], [ -67.53492147984268, 48.852746883468292 ], [ -67.527778141763108, 48.854881430570025 ], [ -67.521405696081885, 48.851865988688438 ], [ -67.522176941621936, 48.846716462011962 ], [ -67.529319270795853, 48.844582218431299 ] ] ] } },
{ "type": "Feature", "properties": { "hex_id": 401762, "centroid_lon": -75.379440111714018, "centroid_lat": 45.608400343137617, "total_occurrences": 1.0, "days_affected": 1, "first_occurrence": "2026-01-08 15:38:05", "last_occurrence": "2026-01-08 15:38:05", "all_datetimes": "2026-01-08 15:38:05" }, "geometry": { "type": "Polygon", "coordinates": [ [ [ -75.379405078472388, 45.603203745831983 ], [ -75.385834321813434, 45.605780569779554 ], [ -75.385869951905391, 45.61097716083011 ], [ -75.379475154537559, 45.613596935674281 ], [ -75.373045304762655, 45.611019759258852 ], [ -75.373010858792682, 45.605823160531969 ], [ -75.379405078472388, 45.603203745831983 ] ] ] } },
{ "type": "Feature", "properties": { "hex_id": 556220, "centroid_lon": -73.756778343457867, "centroid_lat": 45.625650544593555, "total_occurrences": 1.0, "days_affected": 1, "first_occurrence": "2026-01-08 15:38:05", "last_occurrence": "2026-01-08 15:38:05", "all_datetimes": "2026-01-08 15:38:05" }, "geometry": { "type": "Polygon", "coordinates": [ [ [ -73.756893189498541, 45.620455074076503 ], [ -73.763248108579731, 45.623122418969032 ], [ -73.763133838931481, 45.628317899543731 ], [ -73.75666346600589, 45.630846010139102 ], [ -73.750308001948895, 45.62817829652942 ], [ -73.750423455782695, 45.622982841106321 ], [ -73.756893189498541, 45.620455074076503 ] ] ] } },
{ "type": "Feature", "properties": { "hex_id": 584899, "centroid_lon": -73.461583084928193, "centroid_lat": 45.395993904257708, "total_occurrences": 9.0, "days_affected": 1, "first_occurrence": "2026-01-08 15:38:05", "last_occurrence": "2026-01-08 22:17:09", "all_datetimes": "2026-01-08 15:38:05, 2026-01-08 16:34:21, 2026-01-08 17:37:21, 2026-01-08 18:29:12, 2026-01-08 20:00:01, 2026-01-08 21:28:44, 2026-01-08 21:47:13, 2026-01-08 22:01:47, 2026-01-08 22:17:09" }, "geometry": { "type": "Polygon", "coordinates": [ [ [ -73.461724061651864, 45.390798874864998 ], [ -73.468039095672978, 45.393482232191801 ], [ -73.467898684427865, 45.398677274505339 ], [ -73.461442069757567, 45.401188928562057 ], [ -73.455126508711317, 45.398505202672659 ], [ -73.455268089347641, 45.393310191353351 ], [ -73.461724061651864, 45.390798874864998 ] ] ] } },
{ "type": "Feature", "properties": { "hex_id": 603210, "centroid_lon": -73.271922012521642, "centroid_lat": 45.330917712947993, "total_occurrences": 1.0, "days_affected": 1, "first_occurrence": "2026-01-08 15:38:05", "last_occurrence": "2026-01-08 15:38:05", "all_datetimes": "2026-01-08 15:38:05" }, "geometry": { "type": "Polygon", "coordinates": [ [ [ -73.272080005651873, 45.325723115200461 ], [ -73.278378614862348, 45.328416751829607 ], [ -73.278221182696626, 45.333611364342765 ], [ -73.271763976341134, 45.33611230551913 ], [ -73.265464849223619, 45.333418299409516 ], [ -73.265623446354283, 45.328223721668039 ], [ -73.272080005651873, 45.325723115200461 ] ] ] } },
{ "type": "Feature", "properties": { "hex_id": 738839, "centroid_lon": -71.769182619116521, "centroid_lat": 46.826072640324455, "total_occurrences": 1.0, "days_affected": 1, "first_occurrence": "2026-01-08 15:38:05", "last_occurrence": "2026-01-08 15:38:05", "all_datetimes": "2026-01-08 15:38:05" }, "geometry": { "type": "Polygon", "coordinates": [ [ [ -71.769493697159348, 46.820885309893093 ], [ -71.775882944040305, 46.82366370824009 ], [ -71.775572450471842, 46.82885106881286 ], [ -71.768871454789732, 46.83125996444501 ], [ -71.762481709733308, 46.828481163803403 ], [ -71.762793458504547, 46.823293869891252 ], [ -71.769493697159348, 46.820885309893093 ] ] ] } },
{ "type": "Feature", "properties": { "hex_id": 792557, "centroid_lon": -71.200059188702866, "centroid_lat": 46.715036908112396, "total_occurrences": 1.0, "days_affected": 1, "first_occurrence": "2026-01-08 15:38:05", "last_occurrence": "2026-01-08 15:38:05", "all_datetimes": "2026-01-08 15:38:05" }, "geometry": { "type": "Polygon", "coordinates": [ [ [ -71.20042357529654, 46.709852645559579 ], [ -71.206768750504182, 46.712661649951023 ], [ -71.20640493586157, 46.717845948108327 ], [ -71.19969470125092, 46.720221163759675 ], [ -71.193349054967868, 46.717411753866656 ], [ -71.193714114336061, 46.712227533890264 ], [ -71.20042357529654, 46.709852645559579 ] ] ] } },
{ "type": "Feature", "properties": { "hex_id": 363918, "centroid_lon": -75.778478050440057, "centroid_lat": 45.715508081755665, "total_occurrences": 2.0, "days_affected": 1, "first_occurrence": "2026-01-08 16:34:21", "last_occurrence": "2026-01-08 17:37:21", "all_datetimes": "2026-01-08 16:34:21, 2026-01-08 17:37:21" }, "geometry": { "type": "Polygon", "coordinates": [ [ [ -75.778405907360295, 45.710311948560459 ], [ -75.784865484287764, 45.712866066525365 ], [ -75.784938232484521, 45.718062189381676 ], [ -75.778550213276034, 45.720704210115358 ], [ -75.772090011472017, 45.718149742518975 ], [ -75.772018453759699, 45.712953603885452 ], [ -75.778405907360295, 45.710311948560459 ] ] ] } },
{ "type": "Feature", "properties": { "hex_id": 399999, "centroid_lon": -75.40645908289396, "centroid_lat": 46.676131952981564, "total_occurrences": 2.0, "days_affected": 1, "first_occurrence": "2026-01-08 16:34:21", "last_occurrence": "2026-01-08 17:37:21", "all_datetimes": "2026-01-08 16:34:21, 2026-01-08 17:37:21" }, "geometry": { "type": "Polygon", "coordinates": [ [ [ -75.40642013124706, 46.670936347399653 ], [ -75.412976460145515, 46.673510744500923 ], [ -75.413016043702967, 46.678706343476307 ], [ -75.406498045340157, 46.681327553798766 ], [ -75.399941073729948, 46.678752790997315 ], [ -75.399902743198055, 46.673557183640973 ], [ -75.40642013124706, 46.670936347399653 ] ] ] } },
{ "type": "Feature", "properties": { "hex_id": 480538, "centroid_lon": -74.549581879198755, "centroid_lat": 45.943320680077072, "total_occurrences": 6.0, "days_affected": 1, "first_occurrence": "2026-01-08 16:34:21", "last_occurrence": "2026-01-08 21:47:13", "all_datetimes": "2026-01-08 16:34:21, 2026-01-08 17:37:21, 2026-01-08 18:29:12, 2026-01-08 20:00:01, 2026-01-08 21:28:44, 2026-01-08 21:47:13" }, "geometry": { "type": "Polygon", "coordinates": [ [ [ -74.549623954000054, 45.938124435411837 ], [ -74.556053090528422, 45.940747797860453 ], [ -74.556011612540644, 45.945944044687913 ], [ -74.549539792842097, 45.94851691996638 ], [ -74.543110071057512, 45.945893192438476 ], [ -74.543152754223769, 45.94069695477701 ], [ -74.549623954000054, 45.938124435411837 ] ] ] } },
{ "type": "Feature", "properties": { "hex_id": 572087, "centroid_lon": -73.592397280173827, "centroid_lat": 45.530201282828727, "total_occurrences": 1.0, "days_affected": 1, "first_occurrence": "2026-01-08 16:34:21", "last_occurrence": "2026-01-08 16:34:21", "all_datetimes": "2026-01-08 16:34:21" }, "geometry": { "type": "Polygon", "coordinates": [ [ [ -73.592526876657828, 45.525006070529535 ], [ -73.598863142975233, 45.527682385260917 ], [ -73.598734117766739, 45.532877609224492 ], [ -73.592267648287475, 45.535396490093994 ], [ -73.585930846102869, 45.532719806314745 ], [ -73.586061049252862, 45.527524610778421 ], [ -73.592526876657828, 45.525006070529535 ] ] ] } },
{ "type": "Feature", "properties": { "hex_id": 730239, "centroid_lon": -71.907849700417088, "centroid_lat": 46.003688598608186, "total_occurrences": 8.0, "days_affected": 1, "first_occurrence": "2026-01-08 16:34:21", "last_occurrence": "2026-01-08 22:17:09", "all_datetimes": "2026-01-08 16:34:21, 2026-01-08 17:37:21, 2026-01-08 18:29:12, 2026-01-08 20:00:01, 2026-01-08 21:28:44, 2026-01-08 21:47:13, 2026-01-08 22:01:47, 2026-01-08 22:17:09" }, "geometry": { "type": "Polygon", "coordinates": [ [ [ -71.908139018527024, 45.99849982495418 ], [ -71.914442363560056, 46.001268644876511 ], [ -71.914153606833125, 46.006457446861688 ], [ -71.907560302902638, 46.008877366116806 ], [ -71.901256475904603, 46.006108156060826 ], [ -71.901546434775099, 46.000919416948449 ], [ -71.908139018527024, 45.99849982495418 ] ] ] } },
{ "type": "Feature", "properties": { "hex_id": 988730, "centroid_lon": -68.7367400403202, "centroid_lat": 49.764118289397103, "total_occurrences": 107.0, "days_affected": 2, "first_occurrence": "2026-01-08 16:34:21", "last_occurrence": "2026-01-09 18:16:55", "all_datetimes": "2026-01-08 16:34:21, 2026-01-08 17:37:21, 2026-01-08 18:29:12, 2026-01-08 20:00:01, 2026-01-08 21:28:44, 2026-01-08 21:47:13, 2026-01-08 22:01:47, 2026-01-08 22:17:09, 2026-01-08 22:46:50, 2026-01-08 23:01:55, 2026-01-08 23:09:46, 2026-01-08 23:17:15, 2026-01-08 23:31:42, 2026-01-08 23:46:54, 2026-01-08 23:52:00, 2026-01-09 00:01:40, 2026-01-09 00:17:14, 2026-01-09 00:32:07, 2026-01-09 00:42:03, 2026-01-09 00:46:41, 2026-01-09 01:02:06, 2026-01-09 01:17:10, 2026-01-09 01:32:04, 2026-01-09 01:46:43, 2026-01-09 01:52:00, 2026-01-09 02:01:57, 2026-01-09 02:17:06, 2026-01-09 02:31:43, 2026-01-09 02:38:00, 2026-01-09 02:46:53, 2026-01-09 03:02:02, 2026-01-09 03:16:51, 2026-01-09 03:31:45, 2026-01-09 03:46:36, 2026-01-09 03:47:30, 2026-01-09 04:02:03, 2026-01-09 04:16:51, 2026-01-09 04:31:38, 2026-01-09 04:41:54, 2026-01-09 04:46:45, 2026-01-09 05:01:56, 2026-01-09 05:16:50, 2026-01-09 05:31:37, 2026-01-09 05:41:37, 2026-01-09 05:47:08, 2026-01-09 06:02:01, 2026-01-09 06:16:46, 2026-01-09 06:31:49, 2026-01-09 06:32:28, 2026-01-09 06:46:38, 2026-01-09 07:01:50, 2026-01-09 07:17:13, 2026-01-09 07:32:11, 2026-01-09 07:46:38, 2026-01-09 08:01:45, 2026-01-09 08:07:18, 2026-01-09 08:17:17, 2026-01-09 08:31:50, 2026-01-09 08:46:44, 2026-01-09 08:49:24, 2026-01-09 09:01:47, 2026-01-09 09:16:36, 2026-01-09 09:31:46, 2026-01-09 09:40:52, 2026-01-09 09:46:40, 2026-01-09 10:01:38, 2026-01-09 10:16:52, 2026-01-09 10:31:59, 2026-01-09 10:38:15, 2026-01-09 10:46:38, 2026-01-09 11:01:42, 2026-01-09 11:17:05, 2026-01-09 11:31:41, 2026-01-09 11:46:33, 2026-01-09 11:46:39, 2026-01-09 12:01:46, 2026-01-09 12:16:39, 2026-01-09 12:32:07, 2026-01-09 12:37:31, 2026-01-09 12:46:51, 2026-01-09 13:01:41, 2026-01-09 13:17:09, 2026-01-09 13:31:39, 2026-01-09 13:46:49, 2026-01-09 13:49:30, 2026-01-09 14:02:06, 2026-01-09 14:17:02, 2026-01-09 14:31:13, 2026-01-09 14:31:46, 2026-01-09 14:46:37, 2026-01-09 15:01:45, 2026-01-09 15:16:43, 2026-01-09 15:31:49, 2026-01-09 15:37:38, 2026-01-09 15:46:42, 2026-01-09 16:02:10, 2026-01-09 16:17:15, 2026-01-09 16:31:55, 2026-01-09 16:33:06, 2026-01-09 16:46:55, 2026-01-09 17:02:11, 2026-01-09 17:17:03, 2026-01-09 17:32:08, 2026-01-09 17:37:10, 2026-01-09 17:47:04, 2026-01-09 18:01:46, 2026-01-09 18:16:55" }, "geometry": { "type": "Polygon", "coordinates": [ [ [ -68.737407621392137, 49.758956384367636 ], [ -68.743974870763338, 49.761911646713621 ], [ -68.743307917322724, 49.767073614082257 ], [ -68.736072266568542, 49.769280183209013 ], [ -68.729504582281635, 49.76632445227618 ], [ -68.730172983592766, 49.761162620876014 ], [ -68.737407621392137, 49.758956384367636 ] ] ] } },
{ "type": "Feature", "properties": { "hex_id": 785236, "centroid_lon": -71.273030512738345, "centroid_lat": 46.795385164832773, "total_occurrences": 2.0, "days_affected": 1, "first_occurrence": "2026-01-08 17:37:21", "last_occurrence": "2026-01-08 18:29:12", "all_datetimes": "2026-01-08 17:37:21, 2026-01-08 18:29:12" }, "geometry": { "type": "Polygon", "coordinates": [ [ [ -71.273388915777488, 46.790200540372183 ], [ -71.2797473384325, 46.793005840796013 ], [ -71.27938951100181, 46.798190500209444 ], [ -71.272672010382067, 46.800569782465104 ], [ -71.266313111452916, 46.797764076039407 ], [ -71.266672189383257, 46.792579493426565 ], [ -71.273388915777488, 46.790200540372183 ] ] ] } },
{ "type": "Feature", "properties": { "hex_id": 1057033, "centroid_lon": -68.123606321520469, "centroid_lat": 48.590616148295851, "total_occurrences": 2.0, "days_affected": 1, "first_occurrence": "2026-01-08 17:37:21", "last_occurrence": "2026-01-08 18:29:12", "all_datetimes": "2026-01-08 17:37:21, 2026-01-08 18:29:12" }, "geometry": { "type": "Polygon", "coordinates": [ [ [ -68.124309290573549, 48.585459559379444 ], [ -68.130689302962821, 48.588441542086429 ], [ -68.129986909514926, 48.593598197632431 ], [ -68.122903153588794, 48.595772724950216 ], [ -68.116522764508815, 48.592790287599051 ], [ -68.117226507973953, 48.587633777642893 ], [ -68.124309290573549, 48.585459559379444 ] ] ] } },
{ "type": "Feature", "properties": { "hex_id": 1673003, "centroid_lon": -61.528364517642231, "centroid_lat": 47.61730286288882, "total_occurrences": 3.0, "days_affected": 1, "first_occurrence": "2026-01-08 17:37:21", "last_occurrence": "2026-01-08 20:00:01", "all_datetimes": "2026-01-08 17:37:21, 2026-01-08 18:29:12, 2026-01-08 20:00:01" }, "geometry": { "type": "Polygon", "coordinates": [ [ [ -61.529686502773721, 47.612251100823109 ], [ -61.535495827696472, 47.615550944090977 ], [ -61.534174249604234, 47.620602826130195 ], [ -61.527042171421606, 47.622354592596032 ], [ -61.521232800610065, 47.619054281854496 ], [ -61.522555553747232, 47.614002672176774 ], [ -61.529686502773721, 47.612251100823109 ] ] ] } },
{ "type": "Feature", "properties": { "hex_id": 568470, "centroid_lon": -73.613073668369083, "centroid_lat": 46.247570933054867, "total_occurrences": 5.0, "days_affected": 1, "first_occurrence": "2026-01-08 18:29:12", "last_occurrence": "2026-01-08 22:01:47", "all_datetimes": "2026-01-08 18:29:12, 2026-01-08 20:00:01, 2026-01-08 21:28:44, 2026-01-08 21:47:13, 2026-01-08 22:01:47" }, "geometry": { "type": "Polygon", "coordinates": [ [ [ -73.613204595497649, 46.242376329892174 ], [ -73.619623182629908, 46.245052116284612 ], [ -73.619492849197513, 46.250246731083699 ], [ -73.612942705153472, 46.252765531189354 ], [ -73.606523560418253, 46.250089366726293 ], [ -73.6066551173177, 46.24489478029443 ], [ -73.613204595497649, 46.242376329892174 ] ] ] } },
{ "type": "Feature", "properties": { "hex_id": 581855, "centroid_lon": -73.489979299545098, "centroid_lat": 45.528893073930277, "total_occurrences": 2.0, "days_affected": 1, "first_occurrence": "2026-01-08 18:29:12", "last_occurrence": "2026-01-08 20:00:01", "all_datetimes": "2026-01-08 18:29:12, 2026-01-08 20:00:01" }, "geometry": { "type": "Polygon", "coordinates": [ [ [ -73.490118317107004, 45.523698097291238 ], [ -73.496449433987721, 45.526380030956588 ], [ -73.496310986268313, 45.531575020271433 ], [ -73.489840244009571, 45.534088045492382 ], [ -73.483508595266358, 45.531405741843315 ], [ -73.483648220631636, 45.52621078302154 ], [ -73.490118317107004, 45.523698097291238 ] ] ] } },
{ "type": "Feature", "properties": { "hex_id": 661308, "centroid_lon": -72.599146045370475, "centroid_lat": 46.885475260047357, "total_occurrences": 2.0, "days_affected": 1, "first_occurrence": "2026-01-08 18:29:12", "last_occurrence": "2026-01-08 20:00:01", "all_datetimes": "2026-01-08 18:29:12, 2026-01-08 20:00:01" }, "geometry": { "type": "Polygon", "coordinates": [ [ [ -72.599377745418749, 46.880284281364524 ], [ -72.605818566880799, 46.883017163806365 ], [ -72.605587466061436, 46.888208164469987 ], [ -72.598914280957928, 46.890666233122047 ], [ -72.592472924642408, 46.887932954815085 ], [ -72.592705288261499, 46.882742003788664 ], [ -72.599377745418749, 46.880284281364524 ] ] ] } },
{ "type": "Feature", "properties": { "hex_id": 537918, "centroid_lon": -73.945360060392147, "centroid_lat": 45.830215541350732, "total_occurrences": 5.0, "days_affected": 1, "first_occurrence": "2026-01-08 20:00:01", "last_occurrence": "2026-01-08 22:17:09", "all_datetimes": "2026-01-08 20:00:01, 2026-01-08 21:28:44, 2026-01-08 21:47:13, 2026-01-08 22:01:47, 2026-01-08 22:17:09" }, "geometry": { "type": "Polygon", "coordinates": [ [ [ -73.945458185010736, 45.825019914185958 ], [ -73.951845335254774, 45.827676955531437 ], [ -73.951747795856093, 45.832872590916644 ], [ -73.945261908866428, 45.835411163606587 ], [ -73.938874200314174, 45.832753752731463 ], [ -73.938972937050693, 45.82755813876134 ], [ -73.945458185010736, 45.825019914185958 ] ] ] } },
{ "type": "Feature", "properties": { "hex_id": 553130, "centroid_lon": -73.801239388663532, "centroid_lat": 45.041466511121548, "total_occurrences": 37.0, "days_affected": 2, "first_occurrence": "2026-01-08 20:00:01", "last_occurrence": "2026-01-09 04:46:45", "all_datetimes": "2026-01-08 20:00:01, 2026-01-08 21:28:44, 2026-01-08 21:47:13, 2026-01-08 22:01:47, 2026-01-08 22:17:09, 2026-01-08 22:46:50, 2026-01-08 23:01:55, 2026-01-08 23:09:46, 2026-01-08 23:17:15, 2026-01-08 23:31:42, 2026-01-08 23:46:54, 2026-01-08 23:52:00, 2026-01-09 00:01:40, 2026-01-09 00:17:14, 2026-01-09 00:32:07, 2026-01-09 00:42:03, 2026-01-09 00:46:41, 2026-01-09 01:02:06, 2026-01-09 01:17:10, 2026-01-09 01:32:04, 2026-01-09 01:46:43, 2026-01-09 01:52:00, 2026-01-09 02:01:57, 2026-01-09 02:17:06, 2026-01-09 02:31:43, 2026-01-09 02:38:00, 2026-01-09 02:46:53, 2026-01-09 03:02:02, 2026-01-09 03:16:51, 2026-01-09 03:31:45, 2026-01-09 03:46:36, 2026-01-09 03:47:30, 2026-01-09 04:02:03, 2026-01-09 04:16:51, 2026-01-09 04:31:38, 2026-01-09 04:41:54, 2026-01-09 04:46:45" }, "geometry": { "type": "Polygon", "coordinates": [ [ [ -73.801347896414711, 45.036270420896301 ], [ -73.80764050539112, 45.038934915827177 ], [ -73.807532557171868, 45.044131015548309 ], [ -73.801130851438842, 45.046662596393425 ], [ -73.794837712408892, 45.043997740503983 ], [ -73.794946809155732, 45.038801664791471 ], [ -73.801347896414711, 45.036270420896301 ] ] ] } },
{ "type": "Feature", "properties": { "hex_id": 558693, "centroid_lon": -73.720085548578496, "centroid_lat": 46.108520737953427, "total_occurrences": 4.0, "days_affected": 1, "first_occurrence": "2026-01-08 20:00:01", "last_occurrence": "2026-01-08 22:01:47", "all_datetimes": "2026-01-08 20:00:01, 2026-01-08 21:28:44, 2026-01-08 21:47:13, 2026-01-08 22:01:47" }, "geometry": { "type": "Polygon", "coordinates": [ [ [ -73.720205790898774, 46.103325781714432 ], [ -73.726613678578502, 46.105995509594131 ], [ -73.726494027068554, 46.111190476364712 ], [ -73.719965273173514, 46.113715689206458 ], [ -73.713556827773786, 46.111045586073871 ], [ -73.713677693977843, 46.105850645418371 ], [ -73.720205790898774, 46.103325781714432 ] ] ] } },
{ "type": "Feature", "properties": { "hex_id": 937321, "centroid_lon": -69.535939324565561, "centroid_lat": 47.824661051092001, "total_occurrences": 3.0, "days_affected": 1, "first_occurrence": "2026-01-08 21:28:44", "last_occurrence": "2026-01-08 22:01:47", "all_datetimes": "2026-01-08 21:28:44, 2026-01-08 21:47:13, 2026-01-08 22:01:47" }, "geometry": { "type": "Polygon", "coordinates": [ [ [ -69.536483587744542, 47.819489994755742 ], [ -69.54286102216507, 47.822392771945694 ], [ -69.542317337110319, 47.827563880761808 ], [ -69.535394908753048, 47.829832098054545 ], [ -69.529017048868894, 47.826928887075191 ], [ -69.529562042751508, 47.821757892660514 ], [ -69.536483587744542, 47.819489994755742 ] ] ] } },
{ "type": "Feature", "properties": { "hex_id": 459174, "centroid_lon": -74.775132034419585, "centroid_lat": 45.998549052403376, "total_occurrences": 48.0, "days_affected": 2, "first_occurrence": "2026-01-08 21:47:13", "last_occurrence": "2026-01-09 07:32:11", "all_datetimes": "2026-01-08 21:47:13, 2026-01-08 22:01:47, 2026-01-08 22:17:09, 2026-01-08 22:46:50, 2026-01-08 23:01:55, 2026-01-08 23:09:46, 2026-01-08 23:17:15, 2026-01-08 23:31:42, 2026-01-08 23:46:54, 2026-01-08 23:52:00, 2026-01-09 00:01:40, 2026-01-09 00:17:14, 2026-01-09 00:32:07, 2026-01-09 00:42:03, 2026-01-09 00:46:41, 2026-01-09 01:02:06, 2026-01-09 01:17:10, 2026-01-09 01:32:04, 2026-01-09 01:46:43, 2026-01-09 01:52:00, 2026-01-09 02:01:57, 2026-01-09 02:17:06, 2026-01-09 02:31:43, 2026-01-09 02:38:00, 2026-01-09 02:46:53, 2026-01-09 03:02:02, 2026-01-09 03:16:51, 2026-01-09 03:31:45, 2026-01-09 03:46:36, 2026-01-09 03:47:30, 2026-01-09 04:02:03, 2026-01-09 04:16:51, 2026-01-09 04:31:38, 2026-01-09 04:41:54, 2026-01-09 04:46:45, 2026-01-09 05:01:56, 2026-01-09 05:16:50, 2026-01-09 05:31:37, 2026-01-09 05:41:37, 2026-01-09 05:47:08, 2026-01-09 06:02:01, 2026-01-09 06:16:46, 2026-01-09 06:31:49, 2026-01-09 06:32:28, 2026-01-09 06:46:38, 2026-01-09 07:01:50, 2026-01-09 07:17:13, 2026-01-09 07:32:11" }, "geometry": { "type": "Polygon", "coordinates": [ [ [ -74.775153080606998, 45.993352737454721 ], [ -74.7815992920941, 45.995963416464114 ], [ -74.781578847422793, 46.001159731293583 ], [ -74.775110982447956, 46.003745362598742 ], [ -74.768664175229972, 46.001134320062491 ], [ -74.768685828715746, 45.995938009813706 ], [ -74.775153080606998, 45.993352737454721 ] ] ] } },
{ "type": "Feature", "properties": { "hex_id": 653887, "centroid_lon": -72.739268942922195, "centroid_lat": 45.40736319088257, "total_occurrences": 50.0, "days_affected": 1, "first_occurrence": "2026-01-09 01:32:04", "last_occurrence": "2026-01-09 14:31:46", "all_datetimes": "2026-01-09 01:32:04, 2026-01-09 01:46:43, 2026-01-09 01:52:00, 2026-01-09 02:01:57, 2026-01-09 02:17:06, 2026-01-09 02:31:43, 2026-01-09 02:38:00, 2026-01-09 02:46:53, 2026-01-09 03:02:02, 2026-01-09 03:16:51, 2026-01-09 03:31:45, 2026-01-09 03:46:36, 2026-01-09 03:47:30, 2026-01-09 04:02:03, 2026-01-09 04:16:51, 2026-01-09 04:31:38, 2026-01-09 04:41:54, 2026-01-09 04:46:45, 2026-01-09 05:01:56, 2026-01-09 05:16:50, 2026-01-09 05:31:37, 2026-01-09 05:41:37, 2026-01-09 05:47:08, 2026-01-09 06:02:01, 2026-01-09 09:40:52, 2026-01-09 09:46:40, 2026-01-09 10:01:38, 2026-01-09 10:16:52, 2026-01-09 10:31:59, 2026-01-09 10:38:15, 2026-01-09 10:46:38, 2026-01-09 11:01:42, 2026-01-09 11:17:05, 2026-01-09 11:31:41, 2026-01-09 11:46:33, 2026-01-09 11:46:39, 2026-01-09 12:01:46, 2026-01-09 12:16:39, 2026-01-09 12:32:07, 2026-01-09 12:37:31, 2026-01-09 12:46:51, 2026-01-09 13:01:41, 2026-01-09 13:17:09, 2026-01-09 13:31:39, 2026-01-09 13:46:49, 2026-01-09 13:49:30, 2026-01-09 14:02:06, 2026-01-09 14:17:02, 2026-01-09 14:31:13, 2026-01-09 14:31:46" }, "geometry": { "type": "Polygon", "coordinates": [ [ [ -72.739476164108041, 45.402170346922652 ], [ -72.745756691764868, 45.404893006813403 ], [ -72.745550026405837, 45.410085870765442 ], [ -72.739061665239277, 45.41255602936063 ], [ -72.732780638262128, 45.409832994237831 ], [ -72.732988471752947, 45.404640175815963 ], [ -72.739476164108041, 45.402170346922652 ] ] ] } },
{ "type": "Feature", "properties": { "hex_id": 681394, "centroid_lon": -72.427501664869212, "centroid_lat": 45.938628885876639, "total_occurrences": 9.0, "days_affected": 1, "first_occurrence": "2026-01-09 05:01:56", "last_occurrence": "2026-01-09 06:32:28", "all_datetimes": "2026-01-09 05:01:56, 2026-01-09 05:16:50, 2026-01-09 05:31:37, 2026-01-09 05:41:37, 2026-01-09 05:47:08, 2026-01-09 06:02:01, 2026-01-09 06:16:46, 2026-01-09 06:31:49, 2026-01-09 06:32:28" }, "geometry": { "type": "Polygon", "coordinates": [ [ [ -72.427741851903235, 45.933437720677674 ], [ -72.434065105805487, 45.93617825557871 ], [ -72.433825485921332, 45.941369444027444 ], [ -72.427261411939043, 45.943820045362564 ], [ -72.420937656794237, 45.94107912563959 ], [ -72.421178476851949, 45.935887989468561 ], [ -72.427741851903235, 45.933437720677674 ] ] ] } },
{ "type": "Feature", "properties": { "hex_id": 573916, "centroid_lon": -73.574177725666388, "centroid_lat": 45.490999092882156, "total_occurrences": 6.0, "days_affected": 1, "first_occurrence": "2026-01-09 05:41:37", "last_occurrence": "2026-01-09 06:32:28", "all_datetimes": "2026-01-09 05:41:37, 2026-01-09 05:47:08, 2026-01-09 06:02:01, 2026-01-09 06:16:46, 2026-01-09 06:31:49, 2026-01-09 06:32:28" }, "geometry": { "type": "Polygon", "coordinates": [ [ [ -73.574308820030609, 45.485803885699788 ], [ -73.580639845459416, 45.488481165864954 ], [ -73.580509320943918, 45.493676384882136 ], [ -73.574046595507809, 45.496194295023372 ], [ -73.567715036030648, 45.493516646137465 ], [ -73.567846736025942, 45.488321455895523 ], [ -73.574308820030609, 45.485803885699788 ] ] ] } },
{ "type": "Feature", "properties": { "hex_id": 617907, "centroid_lon": -73.095210320132935, "centroid_lat": 46.029662200636714, "total_occurrences": 6.0, "days_affected": 1, "first_occurrence": "2026-01-09 05:41:37", "last_occurrence": "2026-01-09 06:32:28", "all_datetimes": "2026-01-09 05:41:37, 2026-01-09 05:47:08, 2026-01-09 06:02:01, 2026-01-09 06:16:46, 2026-01-09 06:31:49, 2026-01-09 06:32:28" }, "geometry": { "type": "Polygon", "coordinates": [ [ [ -73.095388757389784, 46.024468749530229 ], [ -73.101756391409111, 46.0271729359159 ], [ -73.101578533727604, 46.032366403748206 ], [ -73.095031833842839, 46.034855646465658 ], [ -73.088663669289744, 46.032151080032904 ], [ -73.088842735138513, 46.02695765099535 ], [ -73.095388757389784, 46.024468749530229 ] ] ] } },
{ "type": "Feature", "properties": { "hex_id": 572695, "centroid_lon": -73.586971476370991, "centroid_lat": 45.491158101006626, "total_occurrences": 56.0, "days_affected": 1, "first_occurrence": "2026-01-09 06:46:38", "last_occurrence": "2026-01-09 21:17:15", "all_datetimes": "2026-01-09 06:46:38, 2026-01-09 07:01:50, 2026-01-09 07:17:13, 2026-01-09 07:32:11, 2026-01-09 07:46:38, 2026-01-09 08:01:45, 2026-01-09 08:07:18, 2026-01-09 08:17:17, 2026-01-09 08:31:50, 2026-01-09 08:46:44, 2026-01-09 08:49:24, 2026-01-09 12:01:46, 2026-01-09 12:16:39, 2026-01-09 12:32:07, 2026-01-09 12:37:31, 2026-01-09 12:46:51, 2026-01-09 13:01:41, 2026-01-09 13:17:09, 2026-01-09 13:31:39, 2026-01-09 13:46:49, 2026-01-09 13:49:30, 2026-01-09 14:02:06, 2026-01-09 14:17:02, 2026-01-09 14:31:13, 2026-01-09 14:31:46, 2026-01-09 14:46:37, 2026-01-09 15:01:45, 2026-01-09 15:16:43, 2026-01-09 15:31:49, 2026-01-09 15:37:38, 2026-01-09 15:46:42, 2026-01-09 16:02:10, 2026-01-09 16:17:15, 2026-01-09 16:31:55, 2026-01-09 16:33:06, 2026-01-09 16:46:55, 2026-01-09 17:02:11, 2026-01-09 17:17:03, 2026-01-09 17:32:08, 2026-01-09 17:37:10, 2026-01-09 17:47:04, 2026-01-09 18:01:46, 2026-01-09 18:16:55, 2026-01-09 18:31:40, 2026-01-09 18:32:50, 2026-01-09 18:46:50, 2026-01-09 19:01:45, 2026-01-09 19:17:09, 2026-01-09 19:31:38, 2026-01-09 19:46:40, 2026-01-09 20:01:45, 2026-01-09 20:16:40, 2026-01-09 20:32:09, 2026-01-09 20:47:17, 2026-01-09 21:01:42, 2026-01-09 21:17:15" }, "geometry": { "type": "Polygon", "coordinates": [ [ [ -73.587101395397752, 45.485962865180603 ], [ -73.593433061777091, 45.48863944349165 ], [ -73.593303712777228, 45.493834691026123 ], [ -73.586841521870511, 45.496353331796726 ], [ -73.580509320943918, 45.493676384882136 ], [ -73.580639845459416, 45.488481165864954 ], [ -73.587101395397752, 45.485962865180603 ] ] ] } },
{ "type": "Feature", "properties": { "hex_id": 572091, "centroid_lon": -73.590839357577181, "centroid_lat": 45.592543437747757, "total_occurrences": 55.0, "days_affected": 1, "first_occurrence": "2026-01-09 07:17:13", "last_occurrence": "2026-01-09 18:01:46", "all_datetimes": "2026-01-09 07:17:13, 2026-01-09 07:32:11, 2026-01-09 07:46:38, 2026-01-09 08:01:45, 2026-01-09 08:07:18, 2026-01-09 08:17:17, 2026-01-09 08:31:50, 2026-01-09 08:46:44, 2026-01-09 08:49:24, 2026-01-09 09:01:47, 2026-01-09 09:16:36, 2026-01-09 09:31:46, 2026-01-09 09:40:52, 2026-01-09 09:46:40, 2026-01-09 10:01:38, 2026-01-09 10:16:52, 2026-01-09 10:31:59, 2026-01-09 10:38:15, 2026-01-09 10:46:38, 2026-01-09 11:01:42, 2026-01-09 11:17:05, 2026-01-09 11:31:41, 2026-01-09 11:46:33, 2026-01-09 11:46:39, 2026-01-09 12:01:46, 2026-01-09 12:16:39, 2026-01-09 12:32:07, 2026-01-09 12:37:31, 2026-01-09 12:46:51, 2026-01-09 13:01:41, 2026-01-09 13:17:09, 2026-01-09 13:31:39, 2026-01-09 13:46:49, 2026-01-09 13:49:30, 2026-01-09 14:02:06, 2026-01-09 14:17:02, 2026-01-09 14:31:13, 2026-01-09 14:31:46, 2026-01-09 14:46:37, 2026-01-09 15:01:45, 2026-01-09 15:16:43, 2026-01-09 15:31:49, 2026-01-09 15:37:38, 2026-01-09 15:46:42, 2026-01-09 16:02:10, 2026-01-09 16:17:15, 2026-01-09 16:31:55, 2026-01-09 16:33:06, 2026-01-09 16:46:55, 2026-01-09 17:02:11, 2026-01-09 17:17:03, 2026-01-09 17:32:08, 2026-01-09 17:37:10, 2026-01-09 17:47:04, 2026-01-09 18:01:46" }, "geometry": { "type": "Polygon", "coordinates": [ [ [ -73.590969379675457, 45.587348285861346 ], [ -73.597312511528585, 45.590024740733597 ], [ -73.597183062567083, 45.595219904315037 ], [ -73.590709299933508, 45.59773858459922 ], [ -73.584365630494986, 45.595061759872991 ], [ -73.584496261263496, 45.58986662478123 ], [ -73.590969379675457, 45.587348285861346 ] ] ] } },
{ "type": "Feature", "properties": { "hex_id": 295975, "centroid_lon": -76.715678523643362, "centroid_lat": 52.452134214832832, "total_occurrences": 184.0, "days_affected": 2, "first_occurrence": "2026-01-09 07:46:38", "last_occurrence": "2026-01-10 21:16:56", "all_datetimes": "2026-01-09 07:46:38, 2026-01-09 08:01:45, 2026-01-09 08:07:18, 2026-01-09 08:17:17, 2026-01-09 08:31:50, 2026-01-09 08:46:44, 2026-01-09 08:49:24, 2026-01-09 09:01:47, 2026-01-09 09:16:36, 2026-01-09 09:31:46, 2026-01-09 09:40:52, 2026-01-09 09:46:40, 2026-01-09 10:01:38, 2026-01-09 10:16:52, 2026-01-09 10:31:59, 2026-01-09 10:38:15, 2026-01-09 10:46:38, 2026-01-09 11:01:42, 2026-01-09 11:17:05, 2026-01-09 11:31:41, 2026-01-09 11:46:33, 2026-01-09 11:46:39, 2026-01-09 12:01:46, 2026-01-09 12:16:39, 2026-01-09 12:32:07, 2026-01-09 12:37:31, 2026-01-09 12:46:51, 2026-01-09 13:01:41, 2026-01-09 13:17:09, 2026-01-09 13:31:39, 2026-01-09 13:46:49, 2026-01-09 13:49:30, 2026-01-09 14:02:06, 2026-01-09 14:17:02, 2026-01-09 14:31:13, 2026-01-09 14:31:46, 2026-01-09 14:46:37, 2026-01-09 15:01:45, 2026-01-09 15:16:43, 2026-01-09 15:31:49, 2026-01-09 15:37:38, 2026-01-09 15:46:42, 2026-01-09 16:02:10, 2026-01-09 16:17:15, 2026-01-09 16:31:55, 2026-01-09 16:33:06, 2026-01-09 16:46:55, 2026-01-09 17:02:11, 2026-01-09 17:17:03, 2026-01-09 17:32:08, 2026-01-09 17:37:10, 2026-01-09 17:47:04, 2026-01-09 18:01:46, 2026-01-09 18:16:55, 2026-01-09 18:31:40, 2026-01-09 18:32:50, 2026-01-09 18:46:50, 2026-01-09 19:17:09, 2026-01-09 19:31:38, 2026-01-09 19:46:40, 2026-01-09 20:01:45, 2026-01-09 20:16:40, 2026-01-09 20:32:09, 2026-01-09 20:47:17, 2026-01-09 21:01:42, 2026-01-09 21:17:15, 2026-01-09 21:24:07, 2026-01-09 21:31:39, 2026-01-09 21:47:12, 2026-01-09 22:01:44, 2026-01-09 22:16:46, 2026-01-09 22:32:04, 2026-01-09 22:46:41, 2026-01-09 23:02:08, 2026-01-09 23:04:08, 2026-01-09 23:16:40, 2026-01-09 23:31:48, 2026-01-09 23:46:45, 2026-01-09 23:47:20, 2026-01-10 00:01:46, 2026-01-10 00:17:13, 2026-01-10 00:31:53, 2026-01-10 00:36:33, 2026-01-10 00:46:46, 2026-01-10 01:01:52, 2026-01-10 01:16:57, 2026-01-10 01:31:57, 2026-01-10 01:47:16, 2026-01-10 01:47:22, 2026-01-10 02:01:45, 2026-01-10 02:16:50, 2026-01-10 02:31:07, 2026-01-10 02:32:06, 2026-01-10 02:46:45, 2026-01-10 03:01:57, 2026-01-10 03:17:07, 2026-01-10 03:31:48, 2026-01-10 03:40:14, 2026-01-10 03:46:52, 2026-01-10 04:01:38, 2026-01-10 04:16:52, 2026-01-10 04:31:46, 2026-01-10 04:32:51, 2026-01-10 04:46:51, 2026-01-10 05:02:13, 2026-01-10 05:16:44, 2026-01-10 05:31:37, 2026-01-10 05:35:58, 2026-01-10 05:46:51, 2026-01-10 06:01:50, 2026-01-10 06:16:51, 2026-01-10 06:28:23, 2026-01-10 06:32:04, 2026-01-10 06:47:08, 2026-01-10 07:01:41, 2026-01-10 07:16:37, 2026-01-10 07:31:49, 2026-01-10 07:46:56, 2026-01-10 08:00:39, 2026-01-10 08:01:56, 2026-01-10 08:16:49, 2026-01-10 08:32:06, 2026-01-10 08:40:23, 2026-01-10 08:47:00, 2026-01-10 09:02:09, 2026-01-10 09:16:39, 2026-01-10 09:31:52, 2026-01-10 09:33:53, 2026-01-10 09:46:44, 2026-01-10 10:02:10, 2026-01-10 10:16:42, 2026-01-10 10:31:44, 2026-01-10 10:32:02, 2026-01-10 10:46:49, 2026-01-10 11:01:52, 2026-01-10 11:17:04, 2026-01-10 11:31:52, 2026-01-10 11:38:28, 2026-01-10 11:46:36, 2026-01-10 12:01:39, 2026-01-10 12:16:53, 2026-01-10 12:31:48, 2026-01-10 12:32:08, 2026-01-10 12:46:59, 2026-01-10 13:01:55, 2026-01-10 13:16:53, 2026-01-10 13:31:50, 2026-01-10 13:45:18, 2026-01-10 13:46:47, 2026-01-10 14:01:49, 2026-01-10 14:17:10, 2026-01-10 14:26:43, 2026-01-10 14:31:57, 2026-01-10 14:46:44, 2026-01-10 15:02:09, 2026-01-10 15:16:35, 2026-01-10 15:31:36, 2026-01-10 15:35:25, 2026-01-10 15:46:38, 2026-01-10 16:01:42, 2026-01-10 16:16:42, 2026-01-10 16:30:18, 2026-01-10 16:31:48, 2026-01-10 16:46:49, 2026-01-10 17:01:47, 2026-01-10 17:16:52, 2026-01-10 17:32:06, 2026-01-10 17:35:18, 2026-01-10 17:46:57, 2026-01-10 18:01:40, 2026-01-10 18:17:22, 2026-01-10 18:31:07, 2026-01-10 18:31:38, 2026-01-10 18:46:46, 2026-01-10 19:02:37, 2026-01-10 19:17:03, 2026-01-10 19:31:52, 2026-01-10 19:47:00, 2026-01-10 20:02:11, 2026-01-10 20:17:06, 2026-01-10 20:31:43, 2026-01-10 20:47:07, 2026-01-10 21:01:33, 2026-01-10 21:16:56" }, "geometry": { "type": "Polygon", "coordinates": [ [ [ -76.715476883458024, 52.446946008960488 ], [ -76.722931558571247, 52.449433190334609 ], [ -76.723134092896757, 52.45462137373066 ], [ -76.715880225262467, 52.457322415580627 ], [ -76.708424594562814, 52.454834800819718 ], [ -76.708223787108835, 52.44964657768066 ], [ -76.715476883458024, 52.446946008960488 ] ] ] } },
{ "type": "Feature", "properties": { "hex_id": 573914, "centroid_lon": -73.574963755356109, "centroid_lat": 45.459827774173995, "total_occurrences": 38.0, "days_affected": 1, "first_occurrence": "2026-01-09 07:46:38", "last_occurrence": "2026-01-09 15:37:38", "all_datetimes": "2026-01-09 07:46:38, 2026-01-09 08:01:45, 2026-01-09 08:07:18, 2026-01-09 08:17:17, 2026-01-09 08:31:50, 2026-01-09 08:46:44, 2026-01-09 08:49:24, 2026-01-09 09:01:47, 2026-01-09 09:16:36, 2026-01-09 09:31:46, 2026-01-09 09:40:52, 2026-01-09 09:46:40, 2026-01-09 10:01:38, 2026-01-09 10:16:52, 2026-01-09 10:31:59, 2026-01-09 10:38:15, 2026-01-09 10:46:38, 2026-01-09 11:01:42, 2026-01-09 11:17:05, 2026-01-09 11:31:41, 2026-01-09 11:46:33, 2026-01-09 11:46:39, 2026-01-09 12:01:46, 2026-01-09 12:16:39, 2026-01-09 12:32:07, 2026-01-09 12:37:31, 2026-01-09 12:46:51, 2026-01-09 13:01:41, 2026-01-09 13:17:09, 2026-01-09 13:31:39, 2026-01-09 13:46:49, 2026-01-09 13:49:30, 2026-01-09 14:02:06, 2026-01-09 14:17:02, 2026-01-09 14:31:13, 2026-01-09 15:16:43, 2026-01-09 15:31:49, 2026-01-09 15:37:38" }, "geometry": { "type": "Polygon", "coordinates": [ [ [ -73.575094635205986, 45.454632536746644 ], [ -73.581422244780981, 45.457309745956906 ], [ -73.581291933854786, 45.462504995203666 ], [ -73.574832839783781, 45.465023006560735 ], [ -73.568504697013523, 45.4623454290317 ], [ -73.568636181497567, 45.457150208528731 ], [ -73.575094635205986, 45.454632536746644 ] ] ] } },
{ "type": "Feature", "properties": { "hex_id": 613584, "centroid_lon": -73.165765585904722, "centroid_lat": 45.259101977753545, "total_occurrences": 13.0, "days_affected": 1, "first_occurrence": "2026-01-09 07:46:38", "last_occurrence": "2026-01-09 10:01:38", "all_datetimes": "2026-01-09 07:46:38, 2026-01-09 08:01:45, 2026-01-09 08:07:18, 2026-01-09 08:17:17, 2026-01-09 08:31:50, 2026-01-09 08:46:44, 2026-01-09 08:49:24, 2026-01-09 09:01:47, 2026-01-09 09:16:36, 2026-01-09 09:31:46, 2026-01-09 09:40:52, 2026-01-09 09:46:40, 2026-01-09 10:01:38" }, "geometry": { "type": "Polygon", "coordinates": [ [ [ -73.165932862247033, 45.253907614181777 ], [ -73.172218419642917, 45.256606935484896 ], [ -73.17205170069866, 45.261801314839566 ], [ -73.165598264023885, 45.264296336095875 ], [ -73.159312194776064, 45.261596645255089 ], [ -73.159480074039791, 45.256402302759518 ], [ -73.165932862247033, 45.253907614181777 ] ] ] } },
{ "type": "Feature", "properties": { "hex_id": 538544, "centroid_lon": -73.93430289207619, "centroid_lat": 46.071746686177995, "total_occurrences": 7.0, "days_affected": 1, "first_occurrence": "2026-01-09 08:07:18", "last_occurrence": "2026-01-09 09:16:36", "all_datetimes": "2026-01-09 08:07:18, 2026-01-09 08:17:17, 2026-01-09 08:31:50, 2026-01-09 08:46:44, 2026-01-09 08:49:24, 2026-01-09 09:01:47, 2026-01-09 09:16:36" }, "geometry": { "type": "Polygon", "coordinates": [ [ [ -73.934402883854034, 46.066551298139643 ], [ -73.94081709282564, 46.069209083921741 ], [ -73.940717693652829, 46.074404480337193 ], [ -73.934202872796277, 46.076942069304202 ], [ -73.927788098726367, 46.074283910789418 ], [ -73.927888710601948, 46.0690885361062 ], [ -73.934402883854034, 46.066551298139643 ] ] ] } },
{ "type": "Feature", "properties": { "hex_id": 584902, "centroid_lon": -73.460312562756727, "centroid_lat": 45.442748939803273, "total_occurrences": 9.0, "days_affected": 1, "first_occurrence": "2026-01-09 08:07:18", "last_occurrence": "2026-01-09 09:40:52", "all_datetimes": "2026-01-09 08:07:18, 2026-01-09 08:17:17, 2026-01-09 08:31:50, 2026-01-09 08:46:44, 2026-01-09 08:49:24, 2026-01-09 09:01:47, 2026-01-09 09:16:36, 2026-01-09 09:31:46, 2026-01-09 09:40:52" }, "geometry": { "type": "Polygon", "coordinates": [ [ [ -73.4604538859667, 45.437553956209591 ], [ -73.466774014802652, 45.440237429923194 ], [ -73.466633258448923, 45.445432426462553 ], [ -73.460171200983766, 45.447943918307637 ], [ -73.45385054386098, 45.445260075428116 ], [ -73.453992472477282, 45.440065109933762 ], [ -73.4604538859667, 45.437553956209591 ] ] ] } },
{ "type": "Feature", "properties": { "hex_id": 683245, "centroid_lon": -72.393898509268794, "centroid_lat": 46.241860395071271, "total_occurrences": 11.0, "days_affected": 1, "first_occurrence": "2026-01-09 08:07:18", "last_occurrence": "2026-01-09 10:01:38", "all_datetimes": "2026-01-09 08:07:18, 2026-01-09 08:17:17, 2026-01-09 08:31:50, 2026-01-09 08:46:44, 2026-01-09 08:49:24, 2026-01-09 09:01:47, 2026-01-09 09:16:36, 2026-01-09 09:31:46, 2026-01-09 09:40:52, 2026-01-09 09:46:40, 2026-01-09 10:01:38" }, "geometry": { "type": "Polygon", "coordinates": [ [ [ -72.394144418180119, 46.236669644192446 ], [ -72.400500043257097, 46.239412607625979 ], [ -72.400254710229362, 46.244603382221094 ], [ -72.393652532633624, 46.247051140203268 ], [ -72.387296399408456, 46.244307787675012 ], [ -72.387542951904067, 46.239117066325157 ], [ -72.394144418180119, 46.236669644192446 ] ] ] } },
{ "type": "Feature", "properties": { "hex_id": 649080, "centroid_lon": -72.742037888165555, "centroid_lat": 46.607805240988014, "total_occurrences": 13.0, "days_affected": 1, "first_occurrence": "2026-01-09 08:17:17", "last_occurrence": "2026-01-09 10:38:15", "all_datetimes": "2026-01-09 08:17:17, 2026-01-09 08:31:50, 2026-01-09 08:46:44, 2026-01-09 08:49:24, 2026-01-09 09:01:47, 2026-01-09 09:16:36, 2026-01-09 09:31:46, 2026-01-09 09:40:52, 2026-01-09 09:46:40, 2026-01-09 10:01:38, 2026-01-09 10:16:52, 2026-01-09 10:31:59, 2026-01-09 10:38:15" }, "geometry": { "type": "Polygon", "coordinates": [ [ [ -72.742253703189306, 46.602613481987333 ], [ -72.748669549068794, 46.605337989969598 ], [ -72.74845432654638, 46.61052976941199 ], [ -72.741822013406434, 46.6129969944854 ], [ -72.735405634771325, 46.610272095645755 ], [ -72.735622102011135, 46.605080362656913 ], [ -72.742253703189306, 46.602613481987333 ] ] ] } },
{ "type": "Feature", "properties": { "hex_id": 782185, "centroid_lon": -71.304120911963054, "centroid_lat": 46.819778056178563, "total_occurrences": 10.0, "days_affected": 1, "first_occurrence": "2026-01-09 08:17:17", "last_occurrence": "2026-01-09 10:01:38", "all_datetimes": "2026-01-09 08:17:17, 2026-01-09 08:31:50, 2026-01-09 08:46:44, 2026-01-09 08:49:24, 2026-01-09 09:01:47, 2026-01-09 09:16:36, 2026-01-09 09:31:46, 2026-01-09 09:40:52, 2026-01-09 09:46:40, 2026-01-09 10:01:38" }, "geometry": { "type": "Polygon", "coordinates": [ [ [ -71.304476632182315, 46.814593271139238 ], [ -71.310839582213205, 46.817396959442704 ], [ -71.310484438860371, 46.822581779149829 ], [ -71.303765093134288, 46.82496283442277 ], [ -71.297401664863543, 46.822158740038979 ], [ -71.297758060524558, 46.816973996529271 ], [ -71.304476632182315, 46.814593271139238 ] ] ] } },
{ "type": "Feature", "properties": { "hex_id": 503076, "centroid_lon": -74.320474714890992, "centroid_lat": 45.154877321431321, "total_occurrences": 14.0, "days_affected": 1, "first_occurrence": "2026-01-09 08:46:44", "last_occurrence": "2026-01-09 11:17:05", "all_datetimes": "2026-01-09 08:46:44, 2026-01-09 08:49:24, 2026-01-09 09:01:47, 2026-01-09 09:16:36, 2026-01-09 09:31:46, 2026-01-09 09:40:52, 2026-01-09 09:46:40, 2026-01-09 10:01:38, 2026-01-09 10:16:52, 2026-01-09 10:31:59, 2026-01-09 10:38:15, 2026-01-09 10:46:38, 2026-01-09 11:01:42, 2026-01-09 11:17:05" }, "geometry": { "type": "Polygon", "coordinates": [ [ [ -74.320536469820539, 45.149680561641958 ], [ -74.32686597028821, 45.152316607839381 ], [ -74.326804784985825, 45.157513372008502 ], [ -74.32041294316268, 45.160074076405351 ], [ -74.314082889869454, 45.157437672783963 ], [ -74.314145231219342, 45.152240922253505 ], [ -74.320536469820539, 45.149680561641958 ] ] ] } },
{ "type": "Feature", "properties": { "hex_id": 554379, "centroid_lon": -73.779226731306039, "centroid_lat": 45.477784388960835, "total_occurrences": 22.0, "days_affected": 1, "first_occurrence": "2026-01-09 08:46:44", "last_occurrence": "2026-01-09 23:31:48", "all_datetimes": "2026-01-09 08:46:44, 2026-01-09 08:49:24, 2026-01-09 09:01:47, 2026-01-09 09:16:36, 2026-01-09 09:31:46, 2026-01-09 09:40:52, 2026-01-09 09:46:40, 2026-01-09 10:01:38, 2026-01-09 10:16:52, 2026-01-09 10:31:59, 2026-01-09 10:38:15, 2026-01-09 10:46:38, 2026-01-09 11:01:42, 2026-01-09 21:47:12, 2026-01-09 22:01:44, 2026-01-09 22:16:46, 2026-01-09 22:32:04, 2026-01-09 22:46:41, 2026-01-09 23:02:08, 2026-01-09 23:04:08, 2026-01-09 23:16:40, 2026-01-09 23:31:48" }, "geometry": { "type": "Polygon", "coordinates": [ [ [ -73.779338924245266, 45.472588739542758 ], [ -73.785678432095978, 45.475254743354085 ], [ -73.785566811372576, 45.480450402575457 ], [ -73.77911450773567, 45.482980033415892 ], [ -73.772774458305392, 45.480313662971909 ], [ -73.77288725408134, 45.475118028384614 ], [ -73.779338924245266, 45.472588739542758 ] ] ] } },
{ "type": "Feature", "properties": { "hex_id": 575751, "centroid_lon": -73.553590107123568, "centroid_lat": 45.545306809196546, "total_occurrences": 2.0, "days_affected": 1, "first_occurrence": "2026-01-09 08:46:44", "last_occurrence": "2026-01-09 08:49:24", "all_datetimes": "2026-01-09 08:46:44, 2026-01-09 08:49:24" }, "geometry": { "type": "Polygon", "coordinates": [ [ [ -73.553723345924837, 45.540111698482782 ], [ -73.560059397362508, 45.542790157542946 ], [ -73.55992672976457, 45.547985280308424 ], [ -73.553456831918936, 45.550501914860313 ], [ -73.547120245687395, 45.547823086198996 ], [ -73.547254092083151, 45.542627992651511 ], [ -73.553723345924837, 45.540111698482782 ] ] ] } },
{ "type": "Feature", "properties": { "hex_id": 606255, "centroid_lon": -73.243642827066054, "centroid_lat": 45.213552913282442, "total_occurrences": 12.0, "days_affected": 1, "first_occurrence": "2026-01-09 08:46:44", "last_occurrence": "2026-01-09 10:46:38", "all_datetimes": "2026-01-09 08:46:44, 2026-01-09 08:49:24, 2026-01-09 09:01:47, 2026-01-09 09:16:36, 2026-01-09 09:31:46, 2026-01-09 09:40:52, 2026-01-09 09:46:40, 2026-01-09 10:01:38, 2026-01-09 10:16:52, 2026-01-09 10:31:59, 2026-01-09 10:38:15, 2026-01-09 10:46:38" }, "geometry": { "type": "Polygon", "coordinates": [ [ [ -73.24380274947174, 45.208358286469149 ], [ -73.250087168537959, 45.211053320486869 ], [ -73.249927803257677, 45.21624796230801 ], [ -73.243482861145267, 45.218747534906754 ], [ -73.237197928475993, 45.216052132631837 ], [ -73.237358451507703, 45.210857526079124 ], [ -73.24380274947174, 45.208358286469149 ] ] ] } },
{ "type": "Feature", "properties": { "hex_id": 606866, "centroid_lon": -73.237037361764621, "centroid_lat": 45.221246733992295, "total_occurrences": 12.0, "days_affected": 1, "first_occurrence": "2026-01-09 08:46:44", "last_occurrence": "2026-01-09 10:46:38", "all_datetimes": "2026-01-09 08:46:44, 2026-01-09 08:49:24, 2026-01-09 09:01:47, 2026-01-09 09:16:36, 2026-01-09 09:31:46, 2026-01-09 09:40:52, 2026-01-09 09:46:40, 2026-01-09 10:01:38, 2026-01-09 10:16:52, 2026-01-09 10:31:59, 2026-01-09 10:38:15, 2026-01-09 10:46:38" }, "geometry": { "type": "Polygon", "coordinates": [ [ [ -73.237197928475993, 45.216052132631837 ], [ -73.243482861145267, 45.218747534906754 ], [ -73.243322851694884, 45.223942151341937 ], [ -73.236876751359063, 45.226441330160384 ], [ -73.230591305130261, 45.223745559471382 ], [ -73.230752472782271, 45.218550978441797 ], [ -73.237197928475993, 45.216052132631837 ] ] ] } },
{ "type": "Feature", "properties": { "hex_id": 724749, "centroid_lon": -71.962046080682541, "centroid_lat": 46.075297182052793, "total_occurrences": 23.0, "days_affected": 1, "first_occurrence": "2026-01-09 08:46:44", "last_occurrence": "2026-01-09 13:01:41", "all_datetimes": "2026-01-09 08:46:44, 2026-01-09 08:49:24, 2026-01-09 09:01:47, 2026-01-09 09:16:36, 2026-01-09 09:31:46, 2026-01-09 09:40:52, 2026-01-09 09:46:40, 2026-01-09 10:01:38, 2026-01-09 10:16:52, 2026-01-09 10:31:59, 2026-01-09 10:38:15, 2026-01-09 10:46:38, 2026-01-09 11:01:42, 2026-01-09 11:17:05, 2026-01-09 11:31:41, 2026-01-09 11:46:33, 2026-01-09 11:46:39, 2026-01-09 12:01:46, 2026-01-09 12:16:39, 2026-01-09 12:32:07, 2026-01-09 12:37:31, 2026-01-09 12:46:51, 2026-01-09 13:01:41" }, "geometry": { "type": "Polygon", "coordinates": [ [ [ -71.962331043303635, 46.070108210439074 ], [ -71.968645227211297, 46.072874275991524 ], [ -71.968360828937705, 46.078063275449566 ], [ -71.96176103977767, 46.080486147566823 ], [ -71.955446369819583, 46.077719691396418 ], [ -71.955731975045339, 46.072530753791995 ], [ -71.962331043303635, 46.070108210439074 ] ] ] } },
{ "type": "Feature", "properties": { "hex_id": 797549, "centroid_lon": -71.022576070014495, "centroid_lat": 48.392516228559906, "total_occurrences": 8.0, "days_affected": 1, "first_occurrence": "2026-01-09 08:46:44", "last_occurrence": "2026-01-09 10:01:38", "all_datetimes": "2026-01-09 08:46:44, 2026-01-09 08:49:24, 2026-01-09 09:01:47, 2026-01-09 09:16:36, 2026-01-09 09:31:46, 2026-01-09 09:40:52, 2026-01-09 09:46:40, 2026-01-09 10:01:38" }, "geometry": { "type": "Polygon", "coordinates": [ [ [ -71.0229805045131, 48.3873345796015 ], [ -71.029515925982409, 48.390158485926818 ], [ -71.029112115009454, 48.395340173448368 ], [ -71.022171520890836, 48.397697870287949 ], [ -71.015635590541635, 48.394873533420338 ], [ -71.016040763149547, 48.389691930326094 ], [ -71.0229805045131, 48.3873345796015 ] ] ] } },
{ "type": "Feature", "properties": { "hex_id": 379777, "centroid_lon": -75.609087534844292, "centroid_lat": 45.498274677902046, "total_occurrences": 7.0, "days_affected": 1, "first_occurrence": "2026-01-09 09:01:47", "last_occurrence": "2026-01-09 10:16:52", "all_datetimes": "2026-01-09 09:01:47, 2026-01-09 09:16:36, 2026-01-09 09:31:46, 2026-01-09 09:40:52, 2026-01-09 09:46:40, 2026-01-09 10:01:38, 2026-01-09 10:16:52" }, "geometry": { "type": "Polygon", "coordinates": [ [ [ -75.609031514611232, 45.493078159934186 ], [ -75.615458517658126, 45.495642120499433 ], [ -75.615515134099766, 45.500838629884989 ], [ -75.609143570378507, 45.503471191067881 ], [ -75.60271595581932, 45.500906881779066 ], [ -75.602660516498844, 45.495710360095508 ], [ -75.609031514611232, 45.493078159934186 ] ] ] } },
{ "type": "Feature", "properties": { "hex_id": 548285, "centroid_lon": -73.839661847129506, "centroid_lat": 45.649907739322387, "total_occurrences": 1.0, "days_affected": 1, "first_occurrence": "2026-01-09 09:01:47", "last_occurrence": "2026-01-09 09:01:47", "all_datetimes": "2026-01-09 09:01:47" }, "geometry": { "type": "Polygon", "coordinates": [ [ [ -73.83976912832172, 45.64471213305319 ], [ -73.846130790893056, 45.64737492029213 ], [ -73.846024087951221, 45.652570535800379 ], [ -73.839554536585453, 45.655103340648843 ], [ -73.833192325120507, 45.652440185168778 ], [ -73.833300213905062, 45.647244593146233 ], [ -73.83976912832172, 45.64471213305319 ] ] ] } },
{ "type": "Feature", "properties": { "hex_id": 559281, "centroid_lon": -73.721700558770578, "centroid_lat": 45.757778260597789, "total_occurrences": 16.0, "days_affected": 1, "first_occurrence": "2026-01-09 09:01:47", "last_occurrence": "2026-01-09 12:01:46", "all_datetimes": "2026-01-09 09:01:47, 2026-01-09 09:16:36, 2026-01-09 09:31:46, 2026-01-09 09:40:52, 2026-01-09 09:46:40, 2026-01-09 10:01:38, 2026-01-09 10:16:52, 2026-01-09 10:31:59, 2026-01-09 10:38:15, 2026-01-09 10:46:38, 2026-01-09 11:01:42, 2026-01-09 11:17:05, 2026-01-09 11:31:41, 2026-01-09 11:46:33, 2026-01-09 11:46:39, 2026-01-09 12:01:46" }, "geometry": { "type": "Polygon", "coordinates": [ [ [ -73.72181918979112, 45.75258298085388 ], [ -73.7281872456618, 45.755252358372708 ], [ -73.728069194593672, 45.760447648552109 ], [ -73.721581895251447, 45.762973535356977 ], [ -73.715213291932457, 45.760303787107468 ], [ -73.715332535393003, 45.755108522848865 ], [ -73.72181918979112, 45.75258298085388 ] ] ] } },
{ "type": "Feature", "properties": { "hex_id": 603208, "centroid_lon": -73.272869326051534, "centroid_lat": 45.299750048821849, "total_occurrences": 4.0, "days_affected": 1, "first_occurrence": "2026-01-09 09:01:47", "last_occurrence": "2026-01-09 09:40:52", "all_datetimes": "2026-01-09 09:01:47, 2026-01-09 09:16:36, 2026-01-09 09:31:46, 2026-01-09 09:40:52" }, "geometry": { "type": "Polygon", "coordinates": [ [ [ -73.273027061181608, 45.294555420018931 ], [ -73.279322307780362, 45.297248968118787 ], [ -73.279165132707789, 45.302443611668927 ], [ -73.272711547957286, 45.304944672449224 ], [ -73.266415784272354, 45.302250755271274 ], [ -73.266574122409764, 45.297056146455056 ], [ -73.273027061181608, 45.294555420018931 ] ] ] } },
{ "type": "Feature", "properties": { "hex_id": 643029, "centroid_lon": -72.772546158629766, "centroid_lat": 47.450104706274082, "total_occurrences": 7.0, "days_affected": 1, "first_occurrence": "2026-01-09 09:01:47", "last_occurrence": "2026-01-09 10:16:52", "all_datetimes": "2026-01-09 09:01:47, 2026-01-09 09:16:36, 2026-01-09 09:31:46, 2026-01-09 09:40:52, 2026-01-09 09:46:40, 2026-01-09 10:01:38, 2026-01-09 10:16:52" }, "geometry": { "type": "Polygon", "coordinates": [ [ [ -72.772765417017936, 47.444913605658243 ], [ -72.779283115001945, 47.447637772565045 ], [ -72.779064477090998, 47.452828893671011 ], [ -72.77232683884867, 47.455295801395557 ], [ -72.765808581791205, 47.452571232501832 ], [ -72.766028522027852, 47.447380157939484 ], [ -72.772765417017936, 47.444913605658243 ] ] ] } },
{ "type": "Feature", "properties": { "hex_id": 675911, "centroid_lon": -72.477356456018313, "centroid_lat": 46.119020249240272, "total_occurrences": 15.0, "days_affected": 1, "first_occurrence": "2026-01-09 09:01:47", "last_occurrence": "2026-01-09 11:46:39", "all_datetimes": "2026-01-09 09:01:47, 2026-01-09 09:16:36, 2026-01-09 09:31:46, 2026-01-09 09:40:52, 2026-01-09 09:46:40, 2026-01-09 10:01:38, 2026-01-09 10:16:52, 2026-01-09 10:31:59, 2026-01-09 10:38:15, 2026-01-09 10:46:38, 2026-01-09 11:01:42, 2026-01-09 11:17:05, 2026-01-09 11:31:41, 2026-01-09 11:46:33, 2026-01-09 11:46:39" }, "geometry": { "type": "Polygon", "coordinates": [ [ [ -72.477593477461525, 46.113829047247904 ], [ -72.483939556945785, 46.116567216948013 ], [ -72.483703108859629, 46.121758441783136 ], [ -72.477119369396917, 46.124211445552056 ], [ -72.470772781744884, 46.121472889105789 ], [ -72.471010441701125, 46.116281715702357 ], [ -72.477593477461525, 46.113829047247904 ] ] ] } },
{ "type": "Feature", "properties": { "hex_id": 702147, "centroid_lon": -72.211570359935735, "centroid_lat": 45.87120091596347, "total_occurrences": 29.0, "days_affected": 1, "first_occurrence": "2026-01-09 09:01:47", "last_occurrence": "2026-01-09 14:31:46", "all_datetimes": "2026-01-09 09:01:47, 2026-01-09 09:16:36, 2026-01-09 09:31:46, 2026-01-09 09:40:52, 2026-01-09 09:46:40, 2026-01-09 10:01:38, 2026-01-09 10:16:52, 2026-01-09 10:31:59, 2026-01-09 10:38:15, 2026-01-09 10:46:38, 2026-01-09 11:01:42, 2026-01-09 11:17:05, 2026-01-09 11:31:41, 2026-01-09 11:46:33, 2026-01-09 11:46:39, 2026-01-09 12:01:46, 2026-01-09 12:16:39, 2026-01-09 12:32:07, 2026-01-09 12:37:31, 2026-01-09 12:46:51, 2026-01-09 13:01:41, 2026-01-09 13:17:09, 2026-01-09 13:31:39, 2026-01-09 13:46:49, 2026-01-09 13:49:30, 2026-01-09 14:02:06, 2026-01-09 14:17:02, 2026-01-09 14:31:13, 2026-01-09 14:31:46" }, "geometry": { "type": "Polygon", "coordinates": [ [ [ -72.211830081386964, 45.866010606504382 ], [ -72.218134638392414, 45.868762709706473 ], [ -72.217875478892239, 45.873953044485752 ], [ -72.211310567301481, 45.876391219542839 ], [ -72.205005519540038, 45.873638730528285 ], [ -72.205265874101286, 45.868448452334015 ], [ -72.211830081386964, 45.866010606504382 ] ] ] } },
{ "type": "Feature", "properties": { "hex_id": 713081, "centroid_lon": -72.139398415943745, "centroid_lat": 45.011917880705454, "total_occurrences": 7.0, "days_affected": 1, "first_occurrence": "2026-01-09 09:01:47", "last_occurrence": "2026-01-09 10:16:52", "all_datetimes": "2026-01-09 09:01:47, 2026-01-09 09:16:36, 2026-01-09 09:31:46, 2026-01-09 09:40:52, 2026-01-09 09:46:40, 2026-01-09 10:01:38, 2026-01-09 10:16:52" }, "geometry": { "type": "Polygon", "coordinates": [ [ [ -72.139656993337951, 45.0067271107431 ], [ -72.14586479588894, 45.009481174090425 ], [ -72.145606754457702, 45.014671969660071 ], [ -72.139139768409422, 45.017108644761016 ], [ -72.132931500047192, 45.014354206025331 ], [ -72.133190683521292, 45.009163467640022 ], [ -72.139656993337951, 45.0067271107431 ] ] ] } },
{ "type": "Feature", "properties": { "hex_id": 563543, "centroid_lon": -73.680924952328766, "centroid_lat": 45.578029077741803, "total_occurrences": 26.0, "days_affected": 1, "first_occurrence": "2026-01-09 09:16:36", "last_occurrence": "2026-01-09 14:17:02", "all_datetimes": "2026-01-09 09:16:36, 2026-01-09 09:31:46, 2026-01-09 09:40:52, 2026-01-09 09:46:40, 2026-01-09 10:01:38, 2026-01-09 10:16:52, 2026-01-09 10:31:59, 2026-01-09 10:38:15, 2026-01-09 10:46:38, 2026-01-09 11:01:42, 2026-01-09 11:17:05, 2026-01-09 11:31:41, 2026-01-09 11:46:33, 2026-01-09 11:46:39, 2026-01-09 12:01:46, 2026-01-09 12:16:39, 2026-01-09 12:32:07, 2026-01-09 12:37:31, 2026-01-09 12:46:51, 2026-01-09 13:01:41, 2026-01-09 13:17:09, 2026-01-09 13:31:39, 2026-01-09 13:46:49, 2026-01-09 13:49:30, 2026-01-09 14:02:06, 2026-01-09 14:17:02" }, "geometry": { "type": "Polygon", "coordinates": [ [ [ -73.68104660225822, 45.572833717789152 ], [ -73.68739250824504, 45.575505205440756 ], [ -73.687271432236116, 45.580700576192854 ], [ -73.68080326914729, 45.583224432695104 ], [ -73.674456822497561, 45.580552576217158 ], [ -73.674579079588369, 45.575357232127999 ], [ -73.68104660225822, 45.572833717789152 ] ] ] } },
{ "type": "Feature", "properties": { "hex_id": 572674, "centroid_lon": -73.595087586934397, "centroid_lat": 45.163848412428543, "total_occurrences": 15.0, "days_affected": 1, "first_occurrence": "2026-01-09 09:16:36", "last_occurrence": "2026-01-09 12:01:46", "all_datetimes": "2026-01-09 09:16:36, 2026-01-09 09:31:46, 2026-01-09 09:40:52, 2026-01-09 09:46:40, 2026-01-09 10:01:38, 2026-01-09 10:16:52, 2026-01-09 10:31:59, 2026-01-09 10:38:15, 2026-01-09 10:46:38, 2026-01-09 11:01:42, 2026-01-09 11:17:05, 2026-01-09 11:31:41, 2026-01-09 11:46:33, 2026-01-09 11:46:39, 2026-01-09 12:01:46" }, "geometry": { "type": "Polygon", "coordinates": [ [ [ -73.5952152948649, 45.158652859515371 ], [ -73.601511358632834, 45.161328705293975 ], [ -73.601384211102996, 45.166524269756849 ], [ -73.594959844268686, 45.169043960311342 ], [ -73.588663254841052, 45.166367750125922 ], [ -73.588791557895888, 45.161172213856524 ], [ -73.5952152948649, 45.158652859515371 ] ] ] } },
{ "type": "Feature", "properties": { "hex_id": 586738, "centroid_lon": -73.439204076335145, "centroid_lat": 45.512619974988532, "total_occurrences": 9.0, "days_affected": 1, "first_occurrence": "2026-01-09 09:16:36", "last_occurrence": "2026-01-09 10:46:38", "all_datetimes": "2026-01-09 09:16:36, 2026-01-09 09:31:46, 2026-01-09 09:40:52, 2026-01-09 09:46:40, 2026-01-09 10:01:38, 2026-01-09 10:16:52, 2026-01-09 10:31:59, 2026-01-09 10:38:15, 2026-01-09 10:46:38" }, "geometry": { "type": "Polygon", "coordinates": [ [ [ -73.439347685831265, 45.507425107077601 ], [ -73.445674510436916, 45.510109807189522 ], [ -73.445531469601235, 45.515304688272806 ], [ -73.439060427619708, 45.517814837800159 ], [ -73.432733073579513, 45.515129767441216 ], [ -73.432877290942216, 45.509934917866424 ], [ -73.439347685831265, 45.507425107077601 ] ] ] } },
{ "type": "Feature", "properties": { "hex_id": 792053, "centroid_lon": -71.085012322598232, "centroid_lat": 48.371280797083536, "total_occurrences": 1.0, "days_affected": 1, "first_occurrence": "2026-01-09 09:31:46", "last_occurrence": "2026-01-09 09:31:46", "all_datetimes": "2026-01-09 09:31:46" }, "geometry": { "type": "Polygon", "coordinates": [ [ [ -71.085410121803832, 48.366098738925999 ], [ -71.091946565168953, 48.368919119010684 ], [ -71.091549389858216, 48.374101215095656 ], [ -71.084614410675883, 48.376462848090398 ], [ -71.078077456152982, 48.37364203828664 ], [ -71.078475991929508, 48.368460025277841 ], [ -71.085410121803832, 48.366098738925999 ] ] ] } },
{ "type": "Feature", "properties": { "hex_id": 504976, "centroid_lon": -74.287970907239014, "centroid_lat": 46.222589801807757, "total_occurrences": 5.0, "days_affected": 1, "first_occurrence": "2026-01-09 09:46:40", "last_occurrence": "2026-01-09 10:38:15", "all_datetimes": "2026-01-09 09:46:40, 2026-01-09 10:01:38, 2026-01-09 10:16:52, 2026-01-09 10:31:59, 2026-01-09 10:38:15" }, "geometry": { "type": "Polygon", "coordinates": [ [ [ -74.288038069709131, 46.217394053183888 ], [ -74.294486989783664, 46.22003211761016 ], [ -74.294420429512968, 46.225227871071873 ], [ -74.287903726259032, 46.227785545612555 ], [ -74.281454222498084, 46.225147109946882 ], [ -74.281522005671164, 46.219951371046207 ], [ -74.288038069709131, 46.217394053183888 ] ] ] } },
{ "type": "Feature", "properties": { "hex_id": 559916, "centroid_lon": -73.706419563251274, "centroid_lat": 46.139544604011697, "total_occurrences": 7.0, "days_affected": 1, "first_occurrence": "2026-01-09 09:46:40", "last_occurrence": "2026-01-09 11:01:42", "all_datetimes": "2026-01-09 09:46:40, 2026-01-09 10:01:38, 2026-01-09 10:16:52, 2026-01-09 10:31:59, 2026-01-09 10:38:15, 2026-01-09 10:46:38, 2026-01-09 11:01:42" }, "geometry": { "type": "Polygon", "coordinates": [ [ [ -73.706541220764706, 46.13434970396321 ], [ -73.712951997666337, 46.137020214523758 ], [ -73.712830931747931, 46.142215125247851 ], [ -73.706297872250715, 46.144739499069026 ], [ -73.699886537246869, 46.142068612724437 ], [ -73.700008819831027, 46.136873728408688 ], [ -73.706541220764706, 46.13434970396321 ] ] ] } },
{ "type": "Feature", "properties": { "hex_id": 568420, "centroid_lon": -73.632316288040656, "centroid_lat": 45.468324305668915, "total_occurrences": 32.0, "days_affected": 1, "first_occurrence": "2026-01-09 09:46:40", "last_occurrence": "2026-01-09 21:31:39", "all_datetimes": "2026-01-09 09:46:40, 2026-01-09 10:01:38, 2026-01-09 10:16:52, 2026-01-09 10:31:59, 2026-01-09 10:38:15, 2026-01-09 10:46:38, 2026-01-09 11:01:42, 2026-01-09 11:17:05, 2026-01-09 11:31:41, 2026-01-09 11:46:33, 2026-01-09 11:46:39, 2026-01-09 12:01:46, 2026-01-09 12:16:39, 2026-01-09 12:32:07, 2026-01-09 12:37:31, 2026-01-09 12:46:51, 2026-01-09 13:01:41, 2026-01-09 13:17:09, 2026-01-09 13:31:39, 2026-01-09 13:46:49, 2026-01-09 13:49:30, 2026-01-09 14:02:06, 2026-01-09 14:17:02, 2026-01-09 14:31:13, 2026-01-09 14:31:46, 2026-01-09 14:46:37, 2026-01-09 15:01:45, 2026-01-09 20:47:17, 2026-01-09 21:01:42, 2026-01-09 21:17:15, 2026-01-09 21:24:07, 2026-01-09 21:31:39" }, "geometry": { "type": "Polygon", "coordinates": [ [ [ -73.632441938669132, 45.463128949041 ], [ -73.63877327871711, 45.465803019058377 ], [ -73.638648198042844, 45.470998386941233 ], [ -73.63219060311269, 45.473519657279198 ], [ -73.625858727415746, 45.470845219370325 ], [ -73.625984982286454, 45.465649879079393 ], [ -73.632441938669132, 45.463128949041 ] ] ] } },
{ "type": "Feature", "properties": { "hex_id": 653315, "centroid_lon": -72.721402829816171, "centroid_lat": 46.007228625095713, "total_occurrences": 13.0, "days_affected": 1, "first_occurrence": "2026-01-09 09:46:40", "last_occurrence": "2026-01-09 12:16:39", "all_datetimes": "2026-01-09 09:46:40, 2026-01-09 10:01:38, 2026-01-09 10:16:52, 2026-01-09 10:31:59, 2026-01-09 10:38:15, 2026-01-09 10:46:38, 2026-01-09 11:01:42, 2026-01-09 11:17:05, 2026-01-09 11:31:41, 2026-01-09 11:46:33, 2026-01-09 11:46:39, 2026-01-09 12:01:46, 2026-01-09 12:16:39" }, "geometry": { "type": "Polygon", "coordinates": [ [ [ -72.721616100932877, 46.002036392719958 ], [ -72.72796217246588, 46.004761036141218 ], [ -72.727749474863344, 46.009953288918588 ], [ -72.721189500124666, 46.012420851965246 ], [ -72.714842913662224, 46.009695825418767 ], [ -72.715056816847991, 46.004503619016262 ], [ -72.721616100932877, 46.002036392719958 ] ] ] } },
{ "type": "Feature", "properties": { "hex_id": 516562, "centroid_lon": -74.167973606205791, "centroid_lat": 46.011330685484069, "total_occurrences": 22.0, "days_affected": 1, "first_occurrence": "2026-01-09 10:01:38", "last_occurrence": "2026-01-09 14:17:02", "all_datetimes": "2026-01-09 10:01:38, 2026-01-09 10:16:52, 2026-01-09 10:31:59, 2026-01-09 10:38:15, 2026-01-09 10:46:38, 2026-01-09 11:01:42, 2026-01-09 11:17:05, 2026-01-09 11:31:41, 2026-01-09 11:46:33, 2026-01-09 11:46:39, 2026-01-09 12:01:46, 2026-01-09 12:16:39, 2026-01-09 12:32:07, 2026-01-09 12:37:31, 2026-01-09 12:46:51, 2026-01-09 13:01:41, 2026-01-09 13:17:09, 2026-01-09 13:31:39, 2026-01-09 13:46:49, 2026-01-09 13:49:30, 2026-01-09 14:02:06, 2026-01-09 14:17:02" }, "geometry": { "type": "Polygon", "coordinates": [ [ [ -74.168051510683512, 46.006134890822587 ], [ -74.174470155752033, 46.008779617988374 ], [ -74.17439284515136, 46.013975418668565 ], [ -74.167895680315851, 46.016526475298292 ], [ -74.16147646278614, 46.013881378434824 ], [ -74.161554982545823, 46.008685594705057 ], [ -74.168051510683512, 46.006134890822587 ] ] ] } },
{ "type": "Feature", "properties": { "hex_id": 611162, "centroid_lon": -73.181263630239826, "centroid_lat": 45.571165094820557, "total_occurrences": 6.0, "days_affected": 1, "first_occurrence": "2026-01-09 10:01:38", "last_occurrence": "2026-01-09 11:01:42", "all_datetimes": "2026-01-09 10:01:38, 2026-01-09 10:16:52, 2026-01-09 10:31:59, 2026-01-09 10:38:15, 2026-01-09 10:46:38, 2026-01-09 11:01:42" }, "geometry": { "type": "Polygon", "coordinates": [ [ [ -73.181431307366125, 45.565970971296395 ], [ -73.187751893475507, 45.568669846904186 ], [ -73.187584783211278, 45.573863986156645 ], [ -73.181095907295131, 45.576359213119247 ], [ -73.174774800149763, 45.573659964153158 ], [ -73.174943089941138, 45.568465861647347 ], [ -73.181431307366125, 45.565970971296395 ] ] ] } },
{ "type": "Feature", "properties": { "hex_id": 648402, "centroid_lon": -72.790951047915016, "centroid_lat": 45.556486118310431, "total_occurrences": 3.0, "days_affected": 1, "first_occurrence": "2026-01-09 10:16:52", "last_occurrence": "2026-01-09 15:37:38", "all_datetimes": "2026-01-09 10:16:52, 2026-01-09 10:31:59, 2026-01-09 15:37:38" }, "geometry": { "type": "Polygon", "coordinates": [ [ [ -72.791154589306942, 45.551293227358549 ], [ -72.797454044822388, 45.554013334574819 ], [ -72.797251064385492, 45.55920624507209 ], [ -72.790747450927867, 45.561679003810461 ], [ -72.784447490061936, 45.558958519913553 ], [ -72.78465164798547, 45.553765654023309 ], [ -72.791154589306942, 45.551293227358549 ] ] ] } },
{ "type": "Feature", "properties": { "hex_id": 655110, "centroid_lon": -72.725248695190132, "centroid_lat": 45.438266298502377, "total_occurrences": 7.0, "days_affected": 1, "first_occurrence": "2026-01-09 10:16:52", "last_occurrence": "2026-01-09 11:31:41", "all_datetimes": "2026-01-09 10:16:52, 2026-01-09 10:31:59, 2026-01-09 10:38:15, 2026-01-09 10:46:38, 2026-01-09 11:01:42, 2026-01-09 11:17:05, 2026-01-09 11:31:41" }, "geometry": { "type": "Polygon", "coordinates": [ [ [ -72.725457425494582, 45.433073533141481 ], [ -72.731740620447695, 45.435797004050066 ], [ -72.73153244667995, 45.440989789551338 ], [ -72.725039907956699, 45.44345905837158 ], [ -72.718756213405385, 45.44073521171282 ], [ -72.718965557156437, 45.435542472048091 ], [ -72.725457425494582, 45.433073533141481 ] ] ] } },
{ "type": "Feature", "properties": { "hex_id": 658197, "centroid_lon": -72.671088068663323, "centroid_lat": 45.975034862337722, "total_occurrences": 3.0, "days_affected": 1, "first_occurrence": "2026-01-09 10:16:52", "last_occurrence": "2026-01-09 10:38:15", "all_datetimes": "2026-01-09 10:16:52, 2026-01-09 10:31:59, 2026-01-09 10:38:15" }, "geometry": { "type": "Polygon", "coordinates": [ [ [ -72.671305802022374, 45.969842784298166 ], [ -72.677645675121397, 45.972570120672977 ], [ -72.67742851356661, 45.977762219594943 ], [ -72.67087027553022, 45.980226934837788 ], [ -72.664529890411117, 45.977499215310061 ], [ -72.66474825532822, 45.972307163757712 ], [ -72.671305802022374, 45.969842784298166 ] ] ] } },
{ "type": "Feature", "properties": { "hex_id": 468355, "centroid_lon": -74.676133245549082, "centroid_lat": 46.364642708346764, "total_occurrences": 22.0, "days_affected": 1, "first_occurrence": "2026-01-09 10:31:59", "last_occurrence": "2026-01-09 14:31:46", "all_datetimes": "2026-01-09 10:31:59, 2026-01-09 10:38:15, 2026-01-09 10:46:38, 2026-01-09 11:01:42, 2026-01-09 11:17:05, 2026-01-09 11:31:41, 2026-01-09 11:46:33, 2026-01-09 11:46:39, 2026-01-09 12:01:46, 2026-01-09 12:16:39, 2026-01-09 12:32:07, 2026-01-09 12:37:31, 2026-01-09 12:46:51, 2026-01-09 13:01:41, 2026-01-09 13:17:09, 2026-01-09 13:31:39, 2026-01-09 13:46:49, 2026-01-09 13:49:30, 2026-01-09 14:02:06, 2026-01-09 14:17:02, 2026-01-09 14:31:13, 2026-01-09 14:31:46" }, "geometry": { "type": "Polygon", "coordinates": [ [ [ -74.676163946800159, 46.359446770720496 ], [ -74.682648271957177, 46.362062962706524 ], [ -74.682618182699386, 46.367258901240461 ], [ -74.676102535820789, 46.369838641214493 ], [ -74.669617607149178, 46.367222080020461 ], [ -74.669648928867829, 46.36202614812705 ], [ -74.676163946800159, 46.359446770720496 ] ] ] } },
{ "type": "Feature", "properties": { "hex_id": 721649, "centroid_lon": -72.033740239559179, "centroid_lat": 45.336640148152384, "total_occurrences": 8.0, "days_affected": 1, "first_occurrence": "2026-01-09 10:31:59", "last_occurrence": "2026-01-09 11:46:39", "all_datetimes": "2026-01-09 10:31:59, 2026-01-09 10:38:15, 2026-01-09 10:46:38, 2026-01-09 11:01:42, 2026-01-09 11:17:05, 2026-01-09 11:31:41, 2026-01-09 11:46:33, 2026-01-09 11:46:39" }, "geometry": { "type": "Polygon", "coordinates": [ [ [ -72.034011410512036, 45.331450162192347 ], [ -72.040248432516037, 45.33421061484983 ], [ -72.03997780525394, 45.339400627585036 ], [ -72.03346899477765, 45.341830128105066 ], [ -72.027231502923883, 45.339069295033674 ], [ -72.027503291371531, 45.333879341919783 ], [ -72.034011410512036, 45.331450162192347 ] ] ] } },
{ "type": "Feature", "properties": { "hex_id": 567824, "centroid_lon": -73.63323727541362, "centroid_lat": 45.694394460529736, "total_occurrences": 3.0, "days_affected": 1, "first_occurrence": "2026-01-09 10:38:15", "last_occurrence": "2026-01-09 11:01:42", "all_datetimes": "2026-01-09 10:38:15, 2026-01-09 10:46:38, 2026-01-09 11:01:42" }, "geometry": { "type": "Polygon", "coordinates": [ [ [ -73.633363834732947, 45.68919930836838 ], [ -73.639720434140912, 45.691873516561557 ], [ -73.639594451629478, 45.697068680022461 ], [ -73.633110681451967, 45.69958960767265 ], [ -73.626753539884277, 45.696915028725442 ], [ -73.626880710642155, 45.691719892947006 ], [ -73.633363834732947, 45.68919930836838 ] ] ] } },
{ "type": "Feature", "properties": { "hex_id": 647791, "centroid_lon": -72.79765696983381, "centroid_lat": 45.548820418629866, "total_occurrences": 26.0, "days_affected": 1, "first_occurrence": "2026-01-09 10:38:15", "last_occurrence": "2026-01-09 15:37:38", "all_datetimes": "2026-01-09 10:38:15, 2026-01-09 10:46:38, 2026-01-09 11:01:42, 2026-01-09 11:17:05, 2026-01-09 11:31:41, 2026-01-09 11:46:33, 2026-01-09 11:46:39, 2026-01-09 12:01:46, 2026-01-09 12:16:39, 2026-01-09 12:32:07, 2026-01-09 12:37:31, 2026-01-09 12:46:51, 2026-01-09 13:01:41, 2026-01-09 13:17:09, 2026-01-09 13:31:39, 2026-01-09 13:46:49, 2026-01-09 13:49:30, 2026-01-09 14:02:06, 2026-01-09 14:17:02, 2026-01-09 14:31:13, 2026-01-09 14:31:46, 2026-01-09 14:46:37, 2026-01-09 15:01:45, 2026-01-09 15:16:43, 2026-01-09 15:31:49, 2026-01-09 15:37:38" }, "geometry": { "type": "Polygon", "coordinates": [ [ [ -72.797859839438388, 45.543627497237473 ], [ -72.804158789547444, 45.546347227930895 ], [ -72.803956480765407, 45.551540168800344 ], [ -72.797454044822388, 45.554013334574819 ], [ -72.791154589306942, 45.551293227358549 ], [ -72.791358075122318, 45.546100330955035 ], [ -72.797859839438388, 45.543627497237473 ] ] ] } },
{ "type": "Feature", "properties": { "hex_id": 505587, "centroid_lon": -74.281386420643514, "centroid_lat": 46.230342844027142, "total_occurrences": 1.0, "days_affected": 1, "first_occurrence": "2026-01-09 10:46:38", "last_occurrence": "2026-01-09 10:46:38", "all_datetimes": "2026-01-09 10:46:38" }, "geometry": { "type": "Polygon", "coordinates": [ [ [ -74.281454222498084, 46.225147109946882 ], [ -74.287903726259032, 46.227785545612555 ], [ -74.287836526762845, 46.232981284598289 ], [ -74.281318600101031, 46.235538573286952 ], [ -74.274868512672811, 46.232899766217209 ], [ -74.274936935567297, 46.227704041929165 ], [ -74.281454222498084, 46.225147109946882 ] ] ] } },
{ "type": "Feature", "properties": { "hex_id": 573305, "centroid_lon": -73.580770334346866, "centroid_lat": 45.483285941809314, "total_occurrences": 4.0, "days_affected": 1, "first_occurrence": "2026-01-09 10:46:38", "last_occurrence": "2026-01-09 11:31:41", "all_datetimes": "2026-01-09 10:46:38, 2026-01-09 11:01:42, 2026-01-09 11:17:05, 2026-01-09 11:31:41" }, "geometry": { "type": "Polygon", "coordinates": [ [ [ -73.580900787618177, 45.478090712715264 ], [ -73.587231278962719, 45.480767624318766 ], [ -73.587101395397752, 45.485962865180603 ], [ -73.580639845459416, 45.488481165864954 ], [ -73.574308820030609, 45.485803885699788 ], [ -73.574439878612466, 45.480608673476389 ], [ -73.580900787618177, 45.478090712715264 ] ] ] } },
{ "type": "Feature", "properties": { "hex_id": 605686, "centroid_lon": -73.229825775010383, "centroid_lat": 45.860343311736102, "total_occurrences": 7.0, "days_affected": 1, "first_occurrence": "2026-01-09 10:46:38", "last_occurrence": "2026-01-09 12:01:46", "all_datetimes": "2026-01-09 10:46:38, 2026-01-09 11:01:42, 2026-01-09 11:17:05, 2026-01-09 11:31:41, 2026-01-09 11:46:33, 2026-01-09 11:46:39, 2026-01-09 12:01:46" }, "geometry": { "type": "Polygon", "coordinates": [ [ [ -73.229990629804746, 45.855149314057684 ], [ -73.236345913605703, 45.857845887276397 ], [ -73.236181635097893, 45.863039900294851 ], [ -73.22966087500761, 45.865537304211038 ], [ -73.223305060136184, 45.862840354368323 ], [ -73.22347053641019, 45.857646377298636 ], [ -73.229990629804746, 45.855149314057684 ] ] ] } },
{ "type": "Feature", "properties": { "hex_id": 498260, "centroid_lon": -74.359373144185582, "centroid_lat": 46.215217970494237, "total_occurrences": 5.0, "days_affected": 1, "first_occurrence": "2026-01-09 11:01:42", "last_occurrence": "2026-01-09 11:46:39", "all_datetimes": "2026-01-09 11:01:42, 2026-01-09 11:17:05, 2026-01-09 11:31:41, 2026-01-09 11:46:33, 2026-01-09 11:46:39" }, "geometry": { "type": "Polygon", "coordinates": [ [ [ -74.359433556367023, 46.210022138593907 ], [ -74.365885078757302, 46.21265619181095 ], [ -74.365825269502778, 46.217852027825415 ], [ -74.359312715355969, 46.220413797589728 ], [ -74.352860606689774, 46.217779373931542 ], [ -74.35292163844062, 46.212583551016458 ], [ -74.359433556367023, 46.210022138593907 ] ] ] } },
{ "type": "Feature", "properties": { "hex_id": 544004, "centroid_lon": -73.886885117621915, "centroid_lat": 45.533450953721314, "total_occurrences": 8.0, "days_affected": 1, "first_occurrence": "2026-01-09 11:01:42", "last_occurrence": "2026-01-09 12:32:07", "all_datetimes": "2026-01-09 11:01:42, 2026-01-09 11:17:05, 2026-01-09 11:31:41, 2026-01-09 11:46:33, 2026-01-09 11:46:39, 2026-01-09 12:01:46, 2026-01-09 12:16:39, 2026-01-09 12:32:07" }, "geometry": { "type": "Polygon", "coordinates": [ [ [ -73.886987616374455, 45.528255155980787 ], [ -73.893338521462496, 45.530915264932595 ], [ -73.893236598050564, 45.536111071419583 ], [ -73.886782590865138, 45.538646746534837 ], [ -73.880431138445445, 45.535986271265351 ], [ -73.880534240533422, 45.530790487262919 ], [ -73.886987616374455, 45.528255155980787 ] ] ] } },
{ "type": "Feature", "properties": { "hex_id": 979450, "centroid_lon": -69.069409990429023, "centroid_lat": 47.871596257693348, "total_occurrences": 5.0, "days_affected": 1, "first_occurrence": "2026-01-09 11:01:42", "last_occurrence": "2026-01-09 11:46:39", "all_datetimes": "2026-01-09 11:01:42, 2026-01-09 11:17:05, 2026-01-09 11:31:41, 2026-01-09 11:46:33, 2026-01-09 11:46:39" }, "geometry": { "type": "Polygon", "coordinates": [ [ [ -69.070001536265593, 47.866429447977644 ], [ -69.076355926605274, 47.869357365591597 ], [ -69.07576495179454, 47.874524232242649 ], [ -69.06881827872057, 47.876763057202069 ], [ -69.062463483256352, 47.873834701825899 ], [ -69.063055765931793, 47.868667959320248 ], [ -69.070001536265593, 47.866429447977644 ] ] ] } },
{ "type": "Feature", "properties": { "hex_id": 506196, "centroid_lon": -74.275210438677547, "centroid_lat": 46.206921096558752, "total_occurrences": 4.0, "days_affected": 1, "first_occurrence": "2026-01-09 11:17:05", "last_occurrence": "2026-01-09 11:46:39", "all_datetimes": "2026-01-09 11:17:05, 2026-01-09 11:31:41, 2026-01-09 11:46:33, 2026-01-09 11:46:39" }, "geometry": { "type": "Polygon", "coordinates": [ [ [ -74.275278767370423, 46.201725348161531 ], [ -74.281725243165184, 46.204364125421421 ], [ -74.281657515998333, 46.20955987878348 ], [ -74.27514209115725, 46.212116840134122 ], [ -74.268695032667139, 46.209477691711399 ], [ -74.268763981706996, 46.204281953167111 ], [ -74.275278767370423, 46.201725348161531 ] ] ] } },
{ "type": "Feature", "properties": { "hex_id": 584298, "centroid_lon": -73.463951575198195, "centroid_lat": 45.544136394148317, "total_occurrences": 1.0, "days_affected": 1, "first_occurrence": "2026-01-09 11:17:05", "last_occurrence": "2026-01-09 11:17:05", "all_datetimes": "2026-01-09 11:17:05" }, "geometry": { "type": "Polygon", "coordinates": [ [ [ -73.464093063541384, 45.538941494271057 ], [ -73.470424597341832, 45.541624870007986 ], [ -73.470283678944114, 45.54681978282192 ], [ -73.463810048199832, 45.549331288937054 ], [ -73.457477983115595, 45.546647542781642 ], [ -73.457620080046453, 45.541452660994125 ], [ -73.464093063541384, 45.538941494271057 ] ] ] } },
{ "type": "Feature", "properties": { "hex_id": 706989, "centroid_lon": -72.192858897221058, "centroid_lat": 45.215935477108701, "total_occurrences": 5.0, "days_affected": 1, "first_occurrence": "2026-01-09 11:17:05", "last_occurrence": "2026-01-09 12:01:46", "all_datetimes": "2026-01-09 11:17:05, 2026-01-09 11:31:41, 2026-01-09 11:46:33, 2026-01-09 11:46:39, 2026-01-09 12:01:46" }, "geometry": { "type": "Polygon", "coordinates": [ [ [ -72.193114456472117, 45.210744653087744 ], [ -72.199346679412159, 45.213496324079003 ], [ -72.199091662683429, 45.218687173290448 ], [ -72.192603268480937, 45.221126295258003 ], [ -72.186370572519195, 45.218374246740922 ], [ -72.186626743758538, 45.213183453845524 ], [ -72.193114456472117, 45.210744653087744 ] ] ] } },
{ "type": "Feature", "properties": { "hex_id": 757709, "centroid_lon": -71.62011039476495, "centroid_lat": 45.956557695807994, "total_occurrences": 4.0, "days_affected": 1, "first_occurrence": "2026-01-09 11:17:05", "last_occurrence": "2026-01-09 11:46:39", "all_datetimes": "2026-01-09 11:17:05, 2026-01-09 11:31:41, 2026-01-09 11:46:33, 2026-01-09 11:46:39" }, "geometry": { "type": "Polygon", "coordinates": [ [ [ -71.620426086352325, 45.95137035450233 ], [ -71.626708948473393, 45.954154539373235 ], [ -71.626393812510287, 45.959341911758877 ], [ -71.619794616610591, 45.961745030698424 ], [ -71.613511285446904, 45.958960453911871 ], [ -71.613827619196201, 45.953773150166256 ], [ -71.620426086352325, 45.95137035450233 ] ] ] } },
{ "type": "Feature", "properties": { "hex_id": 520189, "centroid_lon": -74.137904054838643, "centroid_lat": 45.449873757097322, "total_occurrences": 10.0, "days_affected": 1, "first_occurrence": "2026-01-09 11:31:41", "last_occurrence": "2026-01-09 13:17:09", "all_datetimes": "2026-01-09 11:31:41, 2026-01-09 11:46:33, 2026-01-09 11:46:39, 2026-01-09 12:01:46, 2026-01-09 12:16:39, 2026-01-09 12:32:07, 2026-01-09 12:37:31, 2026-01-09 12:46:51, 2026-01-09 13:01:41, 2026-01-09 13:17:09" }, "geometry": { "type": "Polygon", "coordinates": [ [ [ -74.137983210149613, 45.444677489975177 ], [ -74.144336806054653, 45.447323697442435 ], [ -74.144258226876801, 45.452519970799798 ], [ -74.137824877921304, 45.45507001936388 ], [ -74.131470727493152, 45.452423449030519 ], [ -74.131550480536362, 45.447227193063654 ], [ -74.137983210149613, 45.444677489975177 ] ] ] } },
{ "type": "Feature", "properties": { "hex_id": 689519, "centroid_lon": -72.191860980047707, "centroid_lat": 48.871184059494382, "total_occurrences": 3.0, "days_affected": 1, "first_occurrence": "2026-01-09 11:31:41", "last_occurrence": "2026-01-09 11:46:39", "all_datetimes": "2026-01-09 11:31:41, 2026-01-09 11:46:33, 2026-01-09 11:46:39" }, "geometry": { "type": "Polygon", "coordinates": [ [ [ -72.192151477169489, 48.865996562838568 ], [ -72.198816123348237, 48.868756078576709 ], [ -72.198526287066883, 48.873943602338471 ], [ -72.191570399883602, 48.876371550170497 ], [ -72.184905175921998, 48.873611606985762 ], [ -72.185196416896105, 48.868424143488262 ], [ -72.192151477169489, 48.865996562838568 ] ] ] } },
{ "type": "Feature", "properties": { "hex_id": 586132, "centroid_lon": -73.443668379006894, "centroid_lat": 45.582837678536997, "total_occurrences": 6.0, "days_affected": 1, "first_occurrence": "2026-01-09 11:46:33", "last_occurrence": "2026-01-09 12:37:31", "all_datetimes": "2026-01-09 11:46:33, 2026-01-09 11:46:39, 2026-01-09 12:01:46, 2026-01-09 12:16:39, 2026-01-09 12:32:07, 2026-01-09 12:37:31" }, "geometry": { "type": "Polygon", "coordinates": [ [ [ -73.443811928717309, 45.577642863716243 ], [ -73.450146767823824, 45.580327390611075 ], [ -73.450003788946503, 45.585522218579065 ], [ -73.443524790060124, 45.588032488259884 ], [ -73.437189419363435, 45.585347590266551 ], [ -73.437333579130112, 45.580152793755531 ], [ -73.443811928717309, 45.577642863716243 ] ] ] } },
{ "type": "Feature", "properties": { "hex_id": 550105, "centroid_lon": -73.824160576555741, "centroid_lat": 45.470460559415692, "total_occurrences": 1.0, "days_affected": 1, "first_occurrence": "2026-01-09 12:01:46", "last_occurrence": "2026-01-09 12:01:46", "all_datetimes": "2026-01-09 12:01:46" }, "geometry": { "type": "Polygon", "coordinates": [ [ [ -73.824268612940514, 45.465264817944529 ], [ -73.830609475273349, 45.467928343901399 ], [ -73.830502011485208, 45.473124094729002 ], [ -73.824052510676751, 45.475656295939345 ], [ -73.817711105246403, 45.472992403866272 ], [ -73.817819743712164, 45.46779667676352 ], [ -73.824268612940514, 45.465264817944529 ] ] ] } },
{ "type": "Feature", "properties": { "hex_id": 556819, "centroid_lon": -73.754330172546872, "centroid_lat": 45.446334397708632, "total_occurrences": 10.0, "days_affected": 1, "first_occurrence": "2026-01-09 12:01:46", "last_occurrence": "2026-01-09 13:49:30", "all_datetimes": "2026-01-09 12:01:46, 2026-01-09 12:16:39, 2026-01-09 12:32:07, 2026-01-09 12:37:31, 2026-01-09 12:46:51, 2026-01-09 13:01:41, 2026-01-09 13:17:09, 2026-01-09 13:31:39, 2026-01-09 13:46:49, 2026-01-09 13:49:30" }, "geometry": { "type": "Polygon", "coordinates": [ [ [ -73.754444527795073, 45.44113876823868 ], [ -73.760779340333258, 45.44380611887096 ], [ -73.760665556020058, 45.44900175838405 ], [ -73.754215786089247, 45.45153002220686 ], [ -73.747880433830744, 45.448862305104598 ], [ -73.747995391212896, 45.443666690713904 ], [ -73.754444527795073, 45.44113876823868 ] ] ] } },
{ "type": "Feature", "properties": { "hex_id": 565990, "centroid_lon": -73.653432865141525, "centroid_lat": 45.655659221100649, "total_occurrences": 5.0, "days_affected": 1, "first_occurrence": "2026-01-09 12:01:46", "last_occurrence": "2026-01-09 12:46:51", "all_datetimes": "2026-01-09 12:01:46, 2026-01-09 12:16:39, 2026-01-09 12:32:07, 2026-01-09 12:37:31, 2026-01-09 12:46:51" }, "geometry": { "type": "Polygon", "coordinates": [ [ [ -73.653557386500694, 45.650463990132586 ], [ -73.659910631040688, 45.653137053748232 ], [ -73.659786685585104, 45.658332295806332 ], [ -73.653308309713694, 45.660854447058398 ], [ -73.646954523344519, 45.658181013371674 ], [ -73.647079654664452, 45.652985798568793 ], [ -73.653557386500694, 45.650463990132586 ] ] ] } },
{ "type": "Feature", "properties": { "hex_id": 667992, "centroid_lon": -72.549284648931348, "centroid_lat": 46.393392768947713, "total_occurrences": 5.0, "days_affected": 1, "first_occurrence": "2026-01-09 12:01:46", "last_occurrence": "2026-01-09 12:46:51", "all_datetimes": "2026-01-09 12:01:46, 2026-01-09 12:16:39, 2026-01-09 12:32:07, 2026-01-09 12:37:31, 2026-01-09 12:46:51" }, "geometry": { "type": "Polygon", "coordinates": [ [ [ -72.549517130593003, 46.388201533631488 ], [ -72.555898153170403, 46.390936280810372 ], [ -72.555666254395348, 46.396127538383773 ], [ -72.549052103110654, 46.39858399862964 ], [ -72.542670561816692, 46.395848861720573 ], [ -72.542903690501959, 46.390657654362094 ], [ -72.549517130593003, 46.388201533631488 ] ] ] } },
{ "type": "Feature", "properties": { "hex_id": 833428, "centroid_lon": -70.801948647911956, "centroid_lat": 46.194428727492472, "total_occurrences": 6.0, "days_affected": 1, "first_occurrence": "2026-01-09 12:01:46", "last_occurrence": "2026-01-09 13:01:41", "all_datetimes": "2026-01-09 12:01:46, 2026-01-09 12:16:39, 2026-01-09 12:32:07, 2026-01-09 12:37:31, 2026-01-09 12:46:51, 2026-01-09 13:01:41" }, "geometry": { "type": "Polygon", "coordinates": [ [ [ -70.802343900347822, 46.189246513087795 ], [ -70.808608600267391, 46.192075159159302 ], [ -70.808213897728166, 46.197257412616445 ], [ -70.801553286868725, 46.199610934557846 ], [ -70.795288145678384, 46.196781886839958 ], [ -70.795684056581294, 46.191599718892007 ], [ -70.802343900347822, 46.189246513087795 ] ] ] } },
{ "type": "Feature", "properties": { "hex_id": 520800, "centroid_lon": -74.131390952679766, "centroid_lat": 45.457619700140199, "total_occurrences": 6.0, "days_affected": 1, "first_occurrence": "2026-01-09 12:16:39", "last_occurrence": "2026-01-09 13:17:09", "all_datetimes": "2026-01-09 12:16:39, 2026-01-09 12:32:07, 2026-01-09 12:37:31, 2026-01-09 12:46:51, 2026-01-09 13:01:41, 2026-01-09 13:17:09" }, "geometry": { "type": "Polygon", "coordinates": [ [ [ -74.131470727493152, 45.452423449030519 ], [ -74.137824877921304, 45.45507001936388 ], [ -74.137745679390349, 45.460266276774803 ], [ -74.131311156088941, 45.462815946392645 ], [ -74.124956451159477, 45.460169013033251 ], [ -74.125036824025429, 45.454972773146515 ], [ -74.131470727493152, 45.452423449030519 ] ] ] } },
{ "type": "Feature", "properties": { "hex_id": 589212, "centroid_lon": -73.399408742813108, "centroid_lat": 46.010944706756646, "total_occurrences": 51.0, "days_affected": 2, "first_occurrence": "2026-01-09 12:16:39", "last_occurrence": "2026-01-10 02:01:45", "all_datetimes": "2026-01-09 12:16:39, 2026-01-09 12:32:07, 2026-01-09 12:37:31, 2026-01-09 12:46:51, 2026-01-09 13:01:41, 2026-01-09 13:17:09, 2026-01-09 13:31:39, 2026-01-09 13:46:49, 2026-01-09 13:49:30, 2026-01-09 14:02:06, 2026-01-09 14:17:02, 2026-01-09 14:31:13, 2026-01-09 14:31:46, 2026-01-09 14:46:37, 2026-01-09 15:01:45, 2026-01-09 15:16:43, 2026-01-09 15:31:49, 2026-01-09 15:37:38, 2026-01-09 19:17:09, 2026-01-09 19:31:38, 2026-01-09 19:46:40, 2026-01-09 20:01:45, 2026-01-09 20:16:40, 2026-01-09 20:32:09, 2026-01-09 20:47:17, 2026-01-09 21:01:42, 2026-01-09 21:17:15, 2026-01-09 21:24:07, 2026-01-09 21:31:39, 2026-01-09 21:47:12, 2026-01-09 22:01:44, 2026-01-09 22:16:46, 2026-01-09 22:32:04, 2026-01-09 22:46:41, 2026-01-09 23:02:08, 2026-01-09 23:04:08, 2026-01-09 23:16:40, 2026-01-09 23:31:48, 2026-01-09 23:46:45, 2026-01-09 23:47:20, 2026-01-10 00:01:46, 2026-01-10 00:17:13, 2026-01-10 00:31:53, 2026-01-10 00:36:33, 2026-01-10 00:46:46, 2026-01-10 01:01:52, 2026-01-10 01:16:57, 2026-01-10 01:31:57, 2026-01-10 01:47:16, 2026-01-10 01:47:22, 2026-01-10 02:01:45" }, "geometry": { "type": "Polygon", "coordinates": [ [ [ -73.399558593555767, 46.005750393513651 ], [ -73.405939388939288, 46.00843779693826 ], [ -73.405790121494647, 46.013632123885557 ], [ -73.399258850895563, 46.016139014878483 ], [ -73.392877513395874, 46.013451234450983 ], [ -73.393027988597467, 46.008256940099074 ], [ -73.399558593555767, 46.005750393513651 ] ] ] } },
{ "type": "Feature", "properties": { "hex_id": 591019, "centroid_lon": -73.39107793841481, "centroid_lat": 45.628879686331523, "total_occurrences": 4.0, "days_affected": 1, "first_occurrence": "2026-01-09 12:16:39", "last_occurrence": "2026-01-09 12:46:51", "all_datetimes": "2026-01-09 12:16:39, 2026-01-09 12:32:07, 2026-01-09 12:37:31, 2026-01-09 12:46:51" }, "geometry": { "type": "Polygon", "coordinates": [ [ [ -73.391226575941459, 45.623685045491257 ], [ -73.397563951685115, 45.626372504592588 ], [ -73.397415885657878, 45.63156715911186 ], [ -73.390929260239474, 45.634074322049514 ], [ -73.384591353651913, 45.631386490776841 ], [ -73.384740603312991, 45.626191868802586 ], [ -73.391226575941459, 45.623685045491257 ] ] ] } },
{ "type": "Feature", "properties": { "hex_id": 1379382, "centroid_lon": -64.577614221755141, "centroid_lat": 48.400057925682312, "total_occurrences": 10.0, "days_affected": 1, "first_occurrence": "2026-01-09 12:16:39", "last_occurrence": "2026-01-09 14:02:06", "all_datetimes": "2026-01-09 12:16:39, 2026-01-09 12:32:07, 2026-01-09 12:37:31, 2026-01-09 12:46:51, 2026-01-09 13:01:41, 2026-01-09 13:17:09, 2026-01-09 13:31:39, 2026-01-09 13:46:49, 2026-01-09 13:49:30, 2026-01-09 14:02:06" }, "geometry": { "type": "Polygon", "coordinates": [ [ [ -64.578669309303706, 48.394949559795172 ], [ -64.584785201273945, 48.398112039781672 ], [ -64.583730609062457, 48.403220503272784 ], [ -64.576558839369241, 48.405166269728198 ], [ -64.570442746951329, 48.402003319606351 ], [ -64.571498624570125, 48.396895073227682 ], [ -64.578669309303706, 48.394949559795172 ] ] ] } },
{ "type": "Feature", "properties": { "hex_id": 486028, "centroid_lon": -74.492168134111779, "centroid_lat": 45.872928006582043, "total_occurrences": 16.0, "days_affected": 1, "first_occurrence": "2026-01-09 12:46:51", "last_occurrence": "2026-01-09 15:46:42", "all_datetimes": "2026-01-09 12:46:51, 2026-01-09 13:01:41, 2026-01-09 13:17:09, 2026-01-09 13:31:39, 2026-01-09 13:46:49, 2026-01-09 13:49:30, 2026-01-09 14:02:06, 2026-01-09 14:17:02, 2026-01-09 14:31:13, 2026-01-09 14:31:46, 2026-01-09 14:46:37, 2026-01-09 15:01:45, 2026-01-09 15:16:43, 2026-01-09 15:31:49, 2026-01-09 15:37:38, 2026-01-09 15:46:42" }, "geometry": { "type": "Polygon", "coordinates": [ [ [ -74.492215455680608, 45.867731741230486 ], [ -74.49863376812263, 45.870358321076729 ], [ -74.498587040396288, 45.875554589164075 ], [ -74.492120799558165, 45.878124267149275 ], [ -74.485701906260658, 45.875497322549371 ], [ -74.485749834652353, 45.870301064783412 ], [ -74.492215455680608, 45.867731741230486 ] ] ] } },
{ "type": "Feature", "properties": { "hex_id": 579413, "centroid_lon": -73.51558313045949, "centroid_lat": 45.529228731891131, "total_occurrences": 73.0, "days_affected": 2, "first_occurrence": "2026-01-09 12:46:51", "last_occurrence": "2026-01-10 12:46:59", "all_datetimes": "2026-01-09 12:46:51, 2026-01-09 13:01:41, 2026-01-09 13:17:09, 2026-01-09 13:31:39, 2026-01-09 13:46:49, 2026-01-09 13:49:30, 2026-01-09 15:37:38, 2026-01-09 15:46:42, 2026-01-09 16:02:10, 2026-01-09 16:17:15, 2026-01-09 16:31:55, 2026-01-09 16:33:06, 2026-01-09 16:46:55, 2026-01-09 17:02:11, 2026-01-09 17:17:03, 2026-01-09 17:32:08, 2026-01-09 17:37:10, 2026-01-09 17:47:04, 2026-01-09 18:01:46, 2026-01-09 18:16:55, 2026-01-09 18:31:40, 2026-01-09 18:32:50, 2026-01-09 18:46:50, 2026-01-09 19:01:45, 2026-01-09 19:17:09, 2026-01-09 19:31:38, 2026-01-09 19:46:40, 2026-01-09 20:16:40, 2026-01-09 20:32:09, 2026-01-09 20:47:17, 2026-01-09 21:01:42, 2026-01-09 21:17:15, 2026-01-09 21:24:07, 2026-01-09 21:31:39, 2026-01-09 21:47:12, 2026-01-09 22:01:44, 2026-01-09 22:16:46, 2026-01-09 22:32:04, 2026-01-09 22:46:41, 2026-01-09 23:02:08, 2026-01-09 23:04:08, 2026-01-09 23:16:40, 2026-01-09 23:31:48, 2026-01-10 07:01:41, 2026-01-10 07:16:37, 2026-01-10 07:31:49, 2026-01-10 07:46:56, 2026-01-10 08:00:39, 2026-01-10 08:01:56, 2026-01-10 08:16:49, 2026-01-10 08:32:06, 2026-01-10 08:40:23, 2026-01-10 08:47:00, 2026-01-10 09:02:09, 2026-01-10 09:16:39, 2026-01-10 09:31:52, 2026-01-10 09:33:53, 2026-01-10 09:46:44, 2026-01-10 10:02:10, 2026-01-10 10:16:42, 2026-01-10 10:31:44, 2026-01-10 10:32:02, 2026-01-10 10:46:49, 2026-01-10 11:01:52, 2026-01-10 11:17:04, 2026-01-10 11:31:52, 2026-01-10 11:38:28, 2026-01-10 11:46:36, 2026-01-10 12:01:39, 2026-01-10 12:16:53, 2026-01-10 12:31:48, 2026-01-10 12:32:08, 2026-01-10 12:46:59" }, "geometry": { "type": "Polygon", "coordinates": [ [ [ -73.515719792974863, 45.52403369478786 ], [ -73.5220521999954, 45.526714224591814 ], [ -73.521916107681704, 45.531909274118199 ], [ -73.515446430613196, 45.534423763928508 ], [ -73.509113490728168, 45.531742864374145 ], [ -73.509250760763592, 45.526547844824428 ], [ -73.515719792974863, 45.52403369478786 ] ] ] } },
{ "type": "Feature", "properties": { "hex_id": 608720, "centroid_lon": -73.20688269045877, "centroid_lat": 45.571570230796198, "total_occurrences": 3.0, "days_affected": 1, "first_occurrence": "2026-01-09 12:46:51", "last_occurrence": "2026-01-09 13:17:09", "all_datetimes": "2026-01-09 12:46:51, 2026-01-09 13:01:41, 2026-01-09 13:17:09" }, "geometry": { "type": "Polygon", "coordinates": [ [ [ -73.207048008760637, 45.566376034302088 ], [ -73.213369910427204, 45.569073510855738 ], [ -73.213205159354999, 45.57426772282647 ], [ -73.206717326982201, 45.576764422078163 ], [ -73.200394903268261, 45.574066572394479 ], [ -73.200560833959329, 45.568872396653703 ], [ -73.207048008760637, 45.566376034302088 ] ] ] } },
{ "type": "Feature", "properties": { "hex_id": 564768, "centroid_lon": -73.666634391122017, "centroid_lat": 45.640223980212006, "total_occurrences": 21.0, "days_affected": 1, "first_occurrence": "2026-01-09 13:01:41", "last_occurrence": "2026-01-09 17:02:11", "all_datetimes": "2026-01-09 13:01:41, 2026-01-09 13:17:09, 2026-01-09 13:31:39, 2026-01-09 13:46:49, 2026-01-09 13:49:30, 2026-01-09 14:02:06, 2026-01-09 14:17:02, 2026-01-09 14:31:13, 2026-01-09 14:31:46, 2026-01-09 14:46:37, 2026-01-09 15:01:45, 2026-01-09 15:16:43, 2026-01-09 15:31:49, 2026-01-09 15:37:38, 2026-01-09 15:46:42, 2026-01-09 16:02:10, 2026-01-09 16:17:15, 2026-01-09 16:31:55, 2026-01-09 16:33:06, 2026-01-09 16:46:55, 2026-01-09 17:02:11" }, "geometry": { "type": "Polygon", "coordinates": [ [ [ -73.66675762559646, 45.635028707105334 ], [ -73.67310978637525, 45.637701031059386 ], [ -73.67298712751456, 45.642896315121554 ], [ -73.666511122937152, 45.645419248313544 ], [ -73.660158420260686, 45.642746554608763 ], [ -73.660282264047936, 45.637551297527516 ], [ -73.66675762559646, 45.635028707105334 ] ] ] } },
{ "type": "Feature", "properties": { "hex_id": 587352, "centroid_lon": -73.431288731517469, "centroid_lat": 45.567077982548632, "total_occurrences": 6.0, "days_affected": 1, "first_occurrence": "2026-01-09 13:01:41", "last_occurrence": "2026-01-09 14:02:06", "all_datetimes": "2026-01-09 13:01:41, 2026-01-09 13:17:09, 2026-01-09 13:31:39, 2026-01-09 13:46:49, 2026-01-09 13:49:30, 2026-01-09 14:02:06" }, "geometry": { "type": "Polygon", "coordinates": [ [ [ -73.431433343339762, 45.561883184001026 ], [ -73.43776582213755, 45.564568373618762 ], [ -73.437621780503946, 45.569763185431526 ], [ -73.43114408017631, 45.572272775992943 ], [ -73.42481107071535, 45.569587215362795 ], [ -73.424956292231911, 45.564392435248223 ], [ -73.431433343339762, 45.561883184001026 ] ] ] } },
{ "type": "Feature", "properties": { "hex_id": 693579, "centroid_lon": -72.317362867755435, "centroid_lat": 45.546340068959751, "total_occurrences": 4.0, "days_affected": 1, "first_occurrence": "2026-01-09 13:01:41", "last_occurrence": "2026-01-09 13:49:30", "all_datetimes": "2026-01-09 13:01:41, 2026-01-09 13:31:39, 2026-01-09 13:46:49, 2026-01-09 13:49:30" }, "geometry": { "type": "Polygon", "coordinates": [ [ [ -72.317609929180819, 45.541149004642506 ], [ -72.323884216484501, 45.543894704952251 ], [ -72.32363770894267, 45.549085793412289 ], [ -72.317115738879892, 45.551531127491749 ], [ -72.310840965154114, 45.548785046489584 ], [ -72.311088647890585, 45.54359401216459 ], [ -72.317609929180819, 45.541149004642506 ] ] ] } },
{ "type": "Feature", "properties": { "hex_id": 699680, "centroid_lon": -72.25641531448106, "centroid_lat": 45.482528702286487, "total_occurrences": 4.0, "days_affected": 1, "first_occurrence": "2026-01-09 13:01:41", "last_occurrence": "2026-01-09 13:49:30", "all_datetimes": "2026-01-09 13:01:41, 2026-01-09 13:31:39, 2026-01-09 13:46:49, 2026-01-09 13:49:30" }, "geometry": { "type": "Polygon", "coordinates": [ [ [ -72.256667423440803, 45.4773378418408 ], [ -72.262931639194619, 45.480086687454417 ], [ -72.262680081371855, 45.485277572602612 ], [ -72.256163136749535, 45.487719556901496 ], [ -72.249898438642063, 45.484970330892899 ], [ -72.250151167487545, 45.479779501044419 ], [ -72.256667423440803, 45.4773378418408 ] ] ] } },
{ "type": "Feature", "properties": { "hex_id": 700286, "centroid_lon": -72.253430379194725, "centroid_lat": 45.412298182117311, "total_occurrences": 4.0, "days_affected": 1, "first_occurrence": "2026-01-09 13:01:41", "last_occurrence": "2026-01-09 13:49:30", "all_datetimes": "2026-01-09 13:01:41, 2026-01-09 13:31:39, 2026-01-09 13:46:49, 2026-01-09 13:49:30" }, "geometry": { "type": "Polygon", "coordinates": [ [ [ -72.253682145263284, 45.407107270605607 ], [ -72.259938592144081, 45.409856125624508 ], [ -72.259687375126589, 45.415047061835025 ], [ -72.253178544505801, 45.417489087798387 ], [ -72.2469216172058, 45.414739853260535 ], [ -72.24717400092284, 45.409548972342165 ], [ -72.253682145263284, 45.407107270605607 ] ] ] } },
{ "type": "Feature", "properties": { "hex_id": 953789, "centroid_lon": -69.382399782685681, "centroid_lat": 47.575558269708466, "total_occurrences": 19.0, "days_affected": 1, "first_occurrence": "2026-01-09 13:01:41", "last_occurrence": "2026-01-09 16:33:06", "all_datetimes": "2026-01-09 13:01:41, 2026-01-09 13:17:09, 2026-01-09 13:31:39, 2026-01-09 13:46:49, 2026-01-09 13:49:30, 2026-01-09 14:02:06, 2026-01-09 14:17:02, 2026-01-09 14:31:13, 2026-01-09 14:31:46, 2026-01-09 14:46:37, 2026-01-09 15:01:45, 2026-01-09 15:16:43, 2026-01-09 15:31:49, 2026-01-09 15:37:38, 2026-01-09 15:46:42, 2026-01-09 16:02:10, 2026-01-09 16:17:15, 2026-01-09 16:31:55, 2026-01-09 16:33:06" }, "geometry": { "type": "Polygon", "coordinates": [ [ [ -69.382954434336128, 47.570388334325891 ], [ -69.389293355784616, 47.573298170618038 ], [ -69.388739271658849, 47.57846815967941 ], [ -69.381844976085574, 47.580728195491986 ], [ -69.375505642089365, 47.577817927884993 ], [ -69.376061016159596, 47.572648055847488 ], [ -69.382954434336128, 47.570388334325891 ] ] ] } },
{ "type": "Feature", "properties": { "hex_id": 302265, "centroid_lon": -76.43017118317762, "centroid_lat": 45.826131744392889, "total_occurrences": 12.0, "days_affected": 1, "first_occurrence": "2026-01-09 13:17:09", "last_occurrence": "2026-01-09 15:31:49", "all_datetimes": "2026-01-09 13:17:09, 2026-01-09 13:31:39, 2026-01-09 13:46:49, 2026-01-09 13:49:30, 2026-01-09 14:02:06, 2026-01-09 14:17:02, 2026-01-09 14:31:13, 2026-01-09 14:31:46, 2026-01-09 14:46:37, 2026-01-09 15:01:45, 2026-01-09 15:16:43, 2026-01-09 15:31:49" }, "geometry": { "type": "Polygon", "coordinates": [ [ [ -76.430038144017573, 45.820936853088071 ], [ -76.436539457791071, 45.823453565310729 ], [ -76.436673113381559, 45.828648439544125 ], [ -76.430304258811802, 45.831326630652953 ], [ -76.423802292127533, 45.828809574430402 ], [ -76.423669832936127, 45.82361467116413 ], [ -76.430038144017573, 45.820936853088071 ] ] ] } },
{ "type": "Feature", "properties": { "hex_id": 371840, "centroid_lon": -75.692181855495974, "centroid_lat": 45.490006139458444, "total_occurrences": 9.0, "days_affected": 1, "first_occurrence": "2026-01-09 13:17:09", "last_occurrence": "2026-01-09 14:46:37", "all_datetimes": "2026-01-09 13:17:09, 2026-01-09 13:31:39, 2026-01-09 13:46:49, 2026-01-09 13:49:30, 2026-01-09 14:02:06, 2026-01-09 14:17:02, 2026-01-09 14:31:13, 2026-01-09 14:31:46, 2026-01-09 14:46:37" }, "geometry": { "type": "Polygon", "coordinates": [ [ [ -75.692118211434305, 45.484809699651073 ], [ -75.698547983552245, 45.487368972084674 ], [ -75.698612224567839, 45.492565402464223 ], [ -75.692245516939096, 45.4952025744482 ], [ -75.685815130482851, 45.492642954260745 ], [ -75.685752065999509, 45.487446509907755 ], [ -75.692118211434305, 45.484809699651073 ] ] ] } },
{ "type": "Feature", "properties": { "hex_id": 556202, "centroid_lon": -73.762935355699994, "centroid_lat": 45.345088024003751, "total_occurrences": 9.0, "days_affected": 1, "first_occurrence": "2026-01-09 13:17:09", "last_occurrence": "2026-01-09 14:46:37", "all_datetimes": "2026-01-09 13:17:09, 2026-01-09 13:31:39, 2026-01-09 13:46:49, 2026-01-09 13:49:30, 2026-01-09 14:02:06, 2026-01-09 14:17:02, 2026-01-09 14:31:13, 2026-01-09 14:31:46, 2026-01-09 14:46:37" }, "geometry": { "type": "Polygon", "coordinates": [ [ [ -73.763048521097502, 45.339892285114175 ], [ -73.769372546048373, 45.342559090239817 ], [ -73.769259948665578, 45.347754839065807 ], [ -73.762822159454927, 45.350283757925119 ], [ -73.756497597342076, 45.347616587685678 ], [ -73.756611361591524, 45.342420863764872 ], [ -73.763048521097502, 45.339892285114175 ] ] ] } },
{ "type": "Feature", "properties": { "hex_id": 556209, "centroid_lon": -73.760551740652147, "centroid_lat": 45.454197392927675, "total_occurrences": 12.0, "days_affected": 1, "first_occurrence": "2026-01-09 13:17:09", "last_occurrence": "2026-01-09 15:31:49", "all_datetimes": "2026-01-09 13:17:09, 2026-01-09 13:31:39, 2026-01-09 13:46:49, 2026-01-09 13:49:30, 2026-01-09 14:02:06, 2026-01-09 14:17:02, 2026-01-09 14:31:13, 2026-01-09 14:31:46, 2026-01-09 14:46:37, 2026-01-09 15:01:45, 2026-01-09 15:16:43, 2026-01-09 15:31:49" }, "geometry": { "type": "Polygon", "coordinates": [ [ [ -73.760665556020058, 45.44900175838405 ], [ -73.767001541642841, 45.451668772641803 ], [ -73.766888297529903, 45.456864417168674 ], [ -73.760437894219166, 45.459393022501757 ], [ -73.754101368411725, 45.456725641733293 ], [ -73.754215786089247, 45.45153002220686 ], [ -73.760665556020058, 45.44900175838405 ] ] ] } },
{ "type": "Feature", "properties": { "hex_id": 564762, "centroid_lon": -73.668847464946097, "centroid_lat": 45.546708298574266, "total_occurrences": 18.0, "days_affected": 2, "first_occurrence": "2026-01-09 13:17:09", "last_occurrence": "2026-01-10 12:01:39", "all_datetimes": "2026-01-09 13:17:09, 2026-01-09 13:31:39, 2026-01-09 13:46:49, 2026-01-09 13:49:30, 2026-01-09 14:02:06, 2026-01-09 14:17:02, 2026-01-09 14:31:13, 2026-01-09 14:31:46, 2026-01-09 14:46:37, 2026-01-09 15:16:43, 2026-01-09 15:31:49, 2026-01-09 15:37:38, 2026-01-09 15:46:42, 2026-01-10 11:17:04, 2026-01-10 11:31:52, 2026-01-10 11:38:28, 2026-01-10 11:46:36, 2026-01-10 12:01:39" }, "geometry": { "type": "Polygon", "coordinates": [ [ [ -73.668970094568692, 45.541512935387196 ], [ -73.675311920964646, 45.544185062557546 ], [ -73.675189864151619, 45.549380436656485 ], [ -73.668724801816566, 45.551903656757482 ], [ -73.662382436123607, 45.54923116104483 ], [ -73.662505672051466, 45.544035813838079 ], [ -73.668970094568692, 45.541512935387196 ] ] ] } },
{ "type": "Feature", "properties": { "hex_id": 565988, "centroid_lon": -73.654179482668098, "centroid_lat": 45.624487760139957, "total_occurrences": 4.0, "days_affected": 1, "first_occurrence": "2026-01-09 13:17:09", "last_occurrence": "2026-01-09 13:49:30", "all_datetimes": "2026-01-09 13:17:09, 2026-01-09 13:31:39, 2026-01-09 13:46:49, 2026-01-09 13:49:30" }, "geometry": { "type": "Polygon", "coordinates": [ [ [ -73.654303799856095, 45.619292499111495 ], [ -73.660653592255514, 45.621965496238587 ], [ -73.660529850033953, 45.62716076834235 ], [ -73.654055131480206, 45.629683016158552 ], [ -73.64770479811996, 45.627009649364012 ], [ -73.647829724262849, 45.621814404485498 ], [ -73.654303799856095, 45.619292499111495 ] ] ] } },
{ "type": "Feature", "properties": { "hex_id": 784019, "centroid_lon": -71.281812874234248, "centroid_lat": 46.858026686914855, "total_occurrences": 13.0, "days_affected": 1, "first_occurrence": "2026-01-09 13:17:09", "last_occurrence": "2026-01-09 15:37:38", "all_datetimes": "2026-01-09 13:17:09, 2026-01-09 13:31:39, 2026-01-09 13:46:49, 2026-01-09 13:49:30, 2026-01-09 14:02:06, 2026-01-09 14:17:02, 2026-01-09 14:31:13, 2026-01-09 14:31:46, 2026-01-09 14:46:37, 2026-01-09 15:01:45, 2026-01-09 15:16:43, 2026-01-09 15:31:49, 2026-01-09 15:37:38" }, "geometry": { "type": "Polygon", "coordinates": [ [ [ -71.28217121683268, 46.852842067606154 ], [ -71.288537333432416, 46.85564707932128 ], [ -71.28817956853112, 46.860831733539634 ], [ -71.281454432250683, 46.863211299401272 ], [ -71.275087837356196, 46.860405880901183 ], [ -71.275446857002422, 46.855221303391239 ], [ -71.28217121683268, 46.852842067606154 ] ] ] } },
{ "type": "Feature", "properties": { "hex_id": 360241, "centroid_lon": -75.813858436519354, "centroid_lat": 45.496999217245026, "total_occurrences": 4.0, "days_affected": 1, "first_occurrence": "2026-01-09 13:31:39", "last_occurrence": "2026-01-09 14:02:06", "all_datetimes": "2026-01-09 13:31:39, 2026-01-09 13:46:49, 2026-01-09 13:49:30, 2026-01-09 14:02:06" }, "geometry": { "type": "Polygon", "coordinates": [ [ [ -75.813783587110677, 45.491802929091293 ], [ -75.820219573314901, 45.494355305610711 ], [ -75.82029502135822, 45.499551583094586 ], [ -75.813933306370885, 45.502195500554791 ], [ -75.807496701085753, 45.499642777472992 ], [ -75.807422429875729, 45.494446483557951 ], [ -75.813783587110677, 45.491802929091293 ] ] ] } },
{ "type": "Feature", "properties": { "hex_id": 493952, "centroid_lon": -74.410476395604249, "centroid_lat": 45.677664607601912, "total_occurrences": 1.0, "days_affected": 1, "first_occurrence": "2026-01-09 13:31:39", "last_occurrence": "2026-01-09 13:31:39", "all_datetimes": "2026-01-09 13:31:39" }, "geometry": { "type": "Polygon", "coordinates": [ [ [ -74.410530956601391, 45.672468234939245 ], [ -74.416923120916138, 45.675099365842087 ], [ -74.416869146604228, 45.68029574204337 ], [ -74.410421819672038, 45.682860975466419 ], [ -74.404029083609657, 45.680229481476871 ], [ -74.404084246222055, 45.675033117215996 ], [ -74.410530956601391, 45.672468234939245 ] ] ] } },
{ "type": "Feature", "properties": { "hex_id": 520798, "centroid_lon": -74.131869275153448, "centroid_lat": 45.426442120624571, "total_occurrences": 8.0, "days_affected": 1, "first_occurrence": "2026-01-09 13:31:39", "last_occurrence": "2026-01-09 14:46:37", "all_datetimes": "2026-01-09 13:31:39, 2026-01-09 13:46:49, 2026-01-09 13:49:30, 2026-01-09 14:02:06, 2026-01-09 14:17:02, 2026-01-09 14:31:13, 2026-01-09 14:31:46, 2026-01-09 14:46:37" }, "geometry": { "type": "Polygon", "coordinates": [ [ [ -74.131948919455226, 45.421245840372016 ], [ -74.138299615474494, 45.423892372931 ], [ -74.138220546516663, 45.429088659475333 ], [ -74.131789609117973, 45.431638396020041 ], [ -74.125438359492136, 45.428991500831124 ], [ -74.125518600864268, 45.42379523179185 ], [ -74.131948919455226, 45.421245840372016 ] ] ] } },
{ "type": "Feature", "properties": { "hex_id": 558040, "centroid_lon": -73.74154568386615, "centroid_lat": 45.44619424171924, "total_occurrences": 12.0, "days_affected": 1, "first_occurrence": "2026-01-09 13:31:39", "last_occurrence": "2026-01-09 15:37:38", "all_datetimes": "2026-01-09 13:31:39, 2026-01-09 13:46:49, 2026-01-09 13:49:30, 2026-01-09 14:02:06, 2026-01-09 14:17:02, 2026-01-09 14:31:13, 2026-01-09 14:31:46, 2026-01-09 14:46:37, 2026-01-09 15:01:45, 2026-01-09 15:16:43, 2026-01-09 15:31:49, 2026-01-09 15:37:38" }, "geometry": { "type": "Polygon", "coordinates": [ [ [ -73.741661212007628, 45.440998637498197 ], [ -73.747995391212896, 45.443666690713904 ], [ -73.747880433830744, 45.448862305104598 ], [ -73.741430124195332, 45.451389840963948 ], [ -73.73509540576535, 45.448721421159817 ], [ -73.73521153618492, 45.443525832149156 ], [ -73.741661212007628, 45.440998637498197 ] ] ] } },
{ "type": "Feature", "properties": { "hex_id": 590437, "centroid_lon": -73.384680859231665, "centroid_lat": 46.073094070809724, "total_occurrences": 4.0, "days_affected": 1, "first_occurrence": "2026-01-09 13:31:39", "last_occurrence": "2026-01-09 14:02:06", "all_datetimes": "2026-01-09 13:31:39, 2026-01-09 13:46:49, 2026-01-09 13:49:30, 2026-01-09 14:02:06" }, "geometry": { "type": "Polygon", "coordinates": [ [ [ -73.384832416553465, 46.067899851824279 ], [ -73.391219554138132, 46.070588134098109 ], [ -73.391068581835427, 46.075782366952097 ], [ -73.384529260233705, 46.078288284666662 ], [ -73.378141579313194, 46.075599624448024 ], [ -73.378293763316066, 46.070405424525376 ], [ -73.384832416553465, 46.067899851824279 ] ] ] } },
{ "type": "Feature", "properties": { "hex_id": 657612, "centroid_lon": -72.660748295027318, "centroid_lat": 46.372345522799755, "total_occurrences": 15.0, "days_affected": 1, "first_occurrence": "2026-01-09 13:31:39", "last_occurrence": "2026-01-09 16:17:15", "all_datetimes": "2026-01-09 13:31:39, 2026-01-09 13:46:49, 2026-01-09 13:49:30, 2026-01-09 14:02:06, 2026-01-09 14:17:02, 2026-01-09 14:31:13, 2026-01-09 14:31:46, 2026-01-09 14:46:37, 2026-01-09 15:01:45, 2026-01-09 15:16:43, 2026-01-09 15:31:49, 2026-01-09 15:37:38, 2026-01-09 15:46:42, 2026-01-09 16:02:10, 2026-01-09 16:17:15" }, "geometry": { "type": "Polygon", "coordinates": [ [ [ -72.6609700460384, 46.367153845286083 ], [ -72.667354465558631, 46.369882434929401 ], [ -72.667133298432987, 46.375074133591674 ], [ -72.660526482830321, 46.377537194758752 ], [ -72.65414154062104, 46.374808216655254 ], [ -72.6543639366825, 46.369616565911087 ], [ -72.6609700460384, 46.367153845286083 ] ] ] } },
{ "type": "Feature", "properties": { "hex_id": 791447, "centroid_lon": -71.086375854344752, "centroid_lat": 48.44146781390895, "total_occurrences": 1.0, "days_affected": 1, "first_occurrence": "2026-01-09 13:31:39", "last_occurrence": "2026-01-09 13:31:39", "all_datetimes": "2026-01-09 13:31:39" }, "geometry": { "type": "Polygon", "coordinates": [ [ [ -71.086774495926136, 48.436285810744415 ], [ -71.093319802466496, 48.439106329846524 ], [ -71.092921787221655, 48.444288370979059 ], [ -71.085977099687568, 48.446649809919904 ], [ -71.079431279906956, 48.443828860088907 ], [ -71.07983066085977, 48.438646902116773 ], [ -71.086774495926136, 48.436285810744415 ] ] ] } },
{ "type": "Feature", "properties": { "hex_id": 909874, "centroid_lon": -69.795482281384437, "centroid_lat": 48.234309416941329, "total_occurrences": 4.0, "days_affected": 1, "first_occurrence": "2026-01-09 13:31:39", "last_occurrence": "2026-01-09 14:02:06", "all_datetimes": "2026-01-09 13:31:39, 2026-01-09 13:46:49, 2026-01-09 13:49:30, 2026-01-09 14:02:06" }, "geometry": { "type": "Polygon", "coordinates": [ [ [ -69.79600826113402, 48.22913653996509 ], [ -69.802450576881043, 48.232027117504217 ], [ -69.801925193228229, 48.237200044889711 ], [ -69.794956153171938, 48.239482284919994 ], [ -69.788513389817751, 48.23659126954724 ], [ -69.789040114073728, 48.23141845204713 ], [ -69.79600826113402, 48.22913653996509 ] ] ] } },
{ "type": "Feature", "properties": { "hex_id": 1010569, "centroid_lon": -68.761124367364062, "centroid_lat": 47.597907695417348, "total_occurrences": 19.0, "days_affected": 1, "first_occurrence": "2026-01-09 13:31:39", "last_occurrence": "2026-01-09 17:02:11", "all_datetimes": "2026-01-09 13:31:39, 2026-01-09 13:46:49, 2026-01-09 13:49:30, 2026-01-09 14:02:06, 2026-01-09 14:17:02, 2026-01-09 14:31:13, 2026-01-09 14:31:46, 2026-01-09 14:46:37, 2026-01-09 15:01:45, 2026-01-09 15:16:43, 2026-01-09 15:31:49, 2026-01-09 15:37:38, 2026-01-09 15:46:42, 2026-01-09 16:02:10, 2026-01-09 16:17:15, 2026-01-09 16:31:55, 2026-01-09 16:33:06, 2026-01-09 16:46:55, 2026-01-09 17:02:11" }, "geometry": { "type": "Polygon", "coordinates": [ [ [ -68.7617406126856, 47.592743605572657 ], [ -68.768044104844691, 47.595686461980449 ], [ -68.76742841636279, 47.600850611336689 ], [ -68.760507950024945, 47.603071774526107 ], [ -68.75420407307405, 47.600128482203495 ], [ -68.754821047192294, 47.594964462673012 ], [ -68.7617406126856, 47.592743605572657 ] ] ] } },
{ "type": "Feature", "properties": { "hex_id": 570256, "centroid_lon": -73.611409613015738, "centroid_lat": 45.538229224657037, "total_occurrences": 2.0, "days_affected": 1, "first_occurrence": "2026-01-09 13:46:49", "last_occurrence": "2026-01-09 13:49:30", "all_datetimes": "2026-01-09 13:46:49, 2026-01-09 13:49:30" }, "geometry": { "type": "Polygon", "coordinates": [ [ [ -73.611537495173224, 45.533033977550765 ], [ -73.617875581077385, 45.535709254911602 ], [ -73.617748270695401, 45.540904513496173 ], [ -73.611281695920525, 45.54342446673698 ], [ -73.604943073184458, 45.540748820403948 ], [ -73.605071562043435, 45.535553589866872 ], [ -73.611537495173224, 45.533033977550765 ] ] ] } },
{ "type": "Feature", "properties": { "hex_id": 664264, "centroid_lon": -72.63171702373721, "centroid_lat": 45.381796354978576, "total_occurrences": 7.0, "days_affected": 1, "first_occurrence": "2026-01-09 13:46:49", "last_occurrence": "2026-01-09 14:46:37", "all_datetimes": "2026-01-09 13:46:49, 2026-01-09 13:49:30, 2026-01-09 14:02:06, 2026-01-09 14:17:02, 2026-01-09 14:31:13, 2026-01-09 14:31:46, 2026-01-09 14:46:37" }, "geometry": { "type": "Polygon", "coordinates": [ [ [ -72.631933904471126, 45.376603882261946 ], [ -72.638206241007126, 45.379332309818089 ], [ -72.637989913834375, 45.384524803561554 ], [ -72.631500083895162, 45.386988822142605 ], [ -72.625227252915991, 45.384260018734174 ], [ -72.625444746299465, 45.379067572660944 ], [ -72.631933904471126, 45.376603882261946 ] ] ] } },
{ "type": "Feature", "properties": { "hex_id": 694186, "centroid_lon": -72.313561761062829, "centroid_lat": 45.491683350523154, "total_occurrences": 2.0, "days_affected": 1, "first_occurrence": "2026-01-09 13:46:49", "last_occurrence": "2026-01-09 13:49:30", "all_datetimes": "2026-01-09 13:46:49, 2026-01-09 13:49:30" }, "geometry": { "type": "Polygon", "coordinates": [ [ [ -72.313808701458484, 45.486492252527761 ], [ -72.320076838648603, 45.489238043359876 ], [ -72.319830450482172, 45.494429165509963 ], [ -72.313314753294677, 45.496874442732114 ], [ -72.307046131259114, 45.494128271877926 ], [ -72.307293691233923, 45.488937203887751 ], [ -72.313808701458484, 45.486492252527761 ] ] ] } },
{ "type": "Feature", "properties": { "hex_id": 741180, "centroid_lon": -71.834175486801271, "centroid_lat": 45.25332189224423, "total_occurrences": 5.0, "days_affected": 1, "first_occurrence": "2026-01-09 13:46:49", "last_occurrence": "2026-01-09 14:31:13", "all_datetimes": "2026-01-09 13:46:49, 2026-01-09 13:49:30, 2026-01-09 14:02:06, 2026-01-09 14:17:02, 2026-01-09 14:31:13" }, "geometry": { "type": "Polygon", "coordinates": [ [ [ -71.834464044733451, 45.248132800026696 ], [ -71.840681862653028, 45.250903687600257 ], [ -71.840393843128481, 45.256092808459591 ], [ -71.833886850398599, 45.25851097828356 ], [ -71.827668572554941, 45.25573970969527 ], [ -71.827957747339141, 45.250550652361099 ], [ -71.834464044733451, 45.248132800026696 ] ] ] } },
{ "type": "Feature", "properties": { "hex_id": 815776, "centroid_lon": -70.928586431624652, "centroid_lat": 47.017470326809004, "total_occurrences": 12.0, "days_affected": 1, "first_occurrence": "2026-01-09 13:46:49", "last_occurrence": "2026-01-09 15:46:42", "all_datetimes": "2026-01-09 13:46:49, 2026-01-09 13:49:30, 2026-01-09 14:02:06, 2026-01-09 14:17:02, 2026-01-09 14:31:13, 2026-01-09 14:31:46, 2026-01-09 14:46:37, 2026-01-09 15:01:45, 2026-01-09 15:16:43, 2026-01-09 15:31:49, 2026-01-09 15:37:38, 2026-01-09 15:46:42" }, "geometry": { "type": "Polygon", "coordinates": [ [ [ -70.928980952956607, 47.01228803091773 ], [ -70.935345683076704, 47.015112672428721 ], [ -70.934951738643889, 47.020295006759603 ], [ -70.928191800682427, 47.022652615451733 ], [ -70.92182660329253, 47.019827562113285 ], [ -70.922221811095724, 47.014645311977169 ], [ -70.928980952956607, 47.01228803091773 ] ] ] } },
{ "type": "Feature", "properties": { "hex_id": 394445, "centroid_lon": -75.45752595291961, "centroid_lat": 45.748423815962568, "total_occurrences": 11.0, "days_affected": 1, "first_occurrence": "2026-01-09 14:02:06", "last_occurrence": "2026-01-09 16:02:10", "all_datetimes": "2026-01-09 14:02:06, 2026-01-09 14:17:02, 2026-01-09 14:31:13, 2026-01-09 14:31:46, 2026-01-09 14:46:37, 2026-01-09 15:01:45, 2026-01-09 15:16:43, 2026-01-09 15:31:49, 2026-01-09 15:37:38, 2026-01-09 15:46:42, 2026-01-09 16:02:10" }, "geometry": { "type": "Polygon", "coordinates": [ [ [ -75.457483503570387, 45.743227398387361 ], [ -75.463932400752995, 45.745799688537566 ], [ -75.463975452335191, 45.750996099051925 ], [ -75.457568413898898, 45.753620228759928 ], [ -75.451118902851277, 45.751047585208383 ], [ -75.451077044108914, 45.745851165415353 ], [ -75.457483503570387, 45.743227398387361 ] ] ] } },
{ "type": "Feature", "properties": { "hex_id": 601989, "centroid_lon": -73.284677827929116, "centroid_lat": 45.33111004853599, "total_occurrences": 4.0, "days_affected": 1, "first_occurrence": "2026-01-09 14:02:06", "last_occurrence": "2026-01-09 14:31:46", "all_datetimes": "2026-01-09 14:02:06, 2026-01-09 14:17:02, 2026-01-09 14:31:13, 2026-01-09 14:31:46" }, "geometry": { "type": "Polygon", "coordinates": [ [ [ -73.284834656231354, 45.32591541614805 ], [ -73.291133912024264, 45.328608358192575 ], [ -73.290977644866473, 45.333803005221164 ], [ -73.284520956893587, 45.336304675753837 ], [ -73.278221182696626, 45.333611364342765 ], [ -73.278378614862348, 45.328416751829607 ], [ -73.284834656231354, 45.32591541614805 ] ] ] } },
{ "type": "Feature", "properties": { "hex_id": 617264, "centroid_lon": -73.118778856944203, "centroid_lat": 45.523381513770659, "total_occurrences": 7.0, "days_affected": 1, "first_occurrence": "2026-01-09 14:02:06", "last_occurrence": "2026-01-09 15:16:43", "all_datetimes": "2026-01-09 14:02:06, 2026-01-09 14:17:02, 2026-01-09 14:31:13, 2026-01-09 14:31:46, 2026-01-09 14:46:37, 2026-01-09 15:01:45, 2026-01-09 15:16:43" }, "geometry": { "type": "Polygon", "coordinates": [ [ [ -73.118952004188472, 45.518187529861933 ], [ -73.125264206774958, 45.520889753428953 ], [ -73.125091624097081, 45.526083753664217 ], [ -73.118605662415789, 45.52857549242124 ], [ -73.112292942555001, 45.525872895538008 ], [ -73.112466701633949, 45.520678933278397 ], [ -73.118952004188472, 45.518187529861933 ] ] ] } },
{ "type": "Feature", "properties": { "hex_id": 381008, "centroid_lon": -75.59794120852392, "centroid_lat": 45.654235878868718, "total_occurrences": 17.0, "days_affected": 1, "first_occurrence": "2026-01-09 14:17:02", "last_occurrence": "2026-01-09 17:32:08", "all_datetimes": "2026-01-09 14:17:02, 2026-01-09 14:31:13, 2026-01-09 14:31:46, 2026-01-09 14:46:37, 2026-01-09 15:01:45, 2026-01-09 15:16:43, 2026-01-09 15:31:49, 2026-01-09 15:37:38, 2026-01-09 15:46:42, 2026-01-09 16:02:10, 2026-01-09 16:17:15, 2026-01-09 16:31:55, 2026-01-09 16:33:06, 2026-01-09 16:46:55, 2026-01-09 17:02:11, 2026-01-09 17:17:03, 2026-01-09 17:32:08" }, "geometry": { "type": "Polygon", "coordinates": [ [ [ -75.597885913670709, 45.649039492725819 ], [ -75.604330304007476, 45.651603922217944 ], [ -75.604386199837961, 45.656800299875577 ], [ -75.597996518508737, 45.659432260211943 ], [ -75.591551512060562, 45.656867479952062 ], [ -75.591496803058106, 45.651671090188501 ], [ -75.597885913670709, 45.649039492725819 ] ] ] } },
{ "type": "Feature", "properties": { "hex_id": 586774, "centroid_lon": -73.423460607383248, "centroid_lat": 46.073635672903734, "total_occurrences": 1.0, "days_affected": 1, "first_occurrence": "2026-01-09 14:17:02", "last_occurrence": "2026-01-09 14:17:02", "all_datetimes": "2026-01-09 14:17:02" }, "geometry": { "type": "Polygon", "coordinates": [ [ [ -73.423608529913594, 46.06844135631755 ], [ -73.429997669659471, 46.071127495538207 ], [ -73.429850332710387, 46.076321825607266 ], [ -73.423312644175212, 46.078829984379581 ], [ -73.41692295953267, 46.076143467568009 ], [ -73.417071508308126, 46.070949169640805 ], [ -73.423608529913594, 46.06844135631755 ] ] ] } },
{ "type": "Feature", "properties": { "hex_id": 592268, "centroid_lon": -73.365521451492427, "centroid_lat": 46.065027081934723, "total_occurrences": 6.0, "days_affected": 1, "first_occurrence": "2026-01-09 14:17:02", "last_occurrence": "2026-01-09 15:16:43", "all_datetimes": "2026-01-09 14:17:02, 2026-01-09 14:31:13, 2026-01-09 14:31:46, 2026-01-09 14:46:37, 2026-01-09 15:01:45, 2026-01-09 15:16:43" }, "geometry": { "type": "Polygon", "coordinates": [ [ [ -73.365674762830793, 46.059832904931277 ], [ -73.372060020914049, 46.062522237139916 ], [ -73.371907294074418, 46.06771642820005 ], [ -73.36536809800026, 46.070221253800582 ], [ -73.358982297579232, 46.0675315435738 ], [ -73.359136235555766, 46.062337385830389 ], [ -73.365674762830793, 46.059832904931277 ] ] ] } },
{ "type": "Feature", "properties": { "hex_id": 792559, "centroid_lon": -71.197870749897078, "centroid_lat": 46.746142338386619, "total_occurrences": 36.0, "days_affected": 1, "first_occurrence": "2026-01-09 14:17:02", "last_occurrence": "2026-01-09 21:31:39", "all_datetimes": "2026-01-09 14:17:02, 2026-01-09 14:31:13, 2026-01-09 14:31:46, 2026-01-09 14:46:37, 2026-01-09 15:01:45, 2026-01-09 15:16:43, 2026-01-09 15:31:49, 2026-01-09 15:37:38, 2026-01-09 15:46:42, 2026-01-09 16:02:10, 2026-01-09 16:17:15, 2026-01-09 16:31:55, 2026-01-09 16:33:06, 2026-01-09 16:46:55, 2026-01-09 17:02:11, 2026-01-09 17:17:03, 2026-01-09 17:32:08, 2026-01-09 17:37:10, 2026-01-09 17:47:04, 2026-01-09 18:01:46, 2026-01-09 18:16:55, 2026-01-09 18:31:40, 2026-01-09 18:32:50, 2026-01-09 18:46:50, 2026-01-09 19:01:45, 2026-01-09 19:17:09, 2026-01-09 19:31:38, 2026-01-09 19:46:40, 2026-01-09 20:01:45, 2026-01-09 20:16:40, 2026-01-09 20:32:09, 2026-01-09 20:47:17, 2026-01-09 21:01:42, 2026-01-09 21:17:15, 2026-01-09 21:24:07, 2026-01-09 21:31:39" }, "geometry": { "type": "Polygon", "coordinates": [ [ [ -71.198235742163376, 46.740958117278346 ], [ -71.204584351385449, 46.743767335402254 ], [ -71.204219931993748, 46.74895159215724 ], [ -71.197505656563138, 46.751326552584842 ], [ -71.19115657555156, 46.748516928518391 ], [ -71.191522241725139, 46.743332750033396 ], [ -71.198235742163376, 46.740958117278346 ] ] ] } },
{ "type": "Feature", "properties": { "hex_id": 369394, "centroid_lon": -75.716983988172572, "centroid_lat": 45.427490928567522, "total_occurrences": 4.0, "days_affected": 1, "first_occurrence": "2026-01-09 14:31:13", "last_occurrence": "2026-01-09 15:01:45", "all_datetimes": "2026-01-09 14:31:13, 2026-01-09 14:31:46, 2026-01-09 14:46:37, 2026-01-09 15:01:45" }, "geometry": { "type": "Polygon", "coordinates": [ [ [ -75.716918207218569, 45.422294459348002 ], [ -75.723341947927821, 45.424852400445488 ], [ -75.723408324179601, 45.430048859992297 ], [ -75.717049787078082, 45.432687392964347 ], [ -75.710625433116533, 45.430129105140971 ], [ -75.710560229514826, 45.424932631135874 ], [ -75.716918207218569, 45.422294459348002 ] ] ] } },
{ "type": "Feature", "properties": { "hex_id": 574524, "centroid_lon": -73.568767630105185, "centroid_lat": 45.451954982982571, "total_occurrences": 3.0, "days_affected": 1, "first_occurrence": "2026-01-09 14:31:46", "last_occurrence": "2026-01-09 15:01:45", "all_datetimes": "2026-01-09 14:31:46, 2026-01-09 14:46:37, 2026-01-09 15:01:45" }, "geometry": { "type": "Polygon", "coordinates": [ [ [ -73.5688990428484, 45.446759752393298 ], [ -73.575225479345391, 45.449437294278752 ], [ -73.575094635205986, 45.454632536746644 ], [ -73.568636181497567, 45.457150208528731 ], [ -73.562309212267181, 45.454472298366447 ], [ -73.562441229466572, 45.449277084763267 ], [ -73.5688990428484, 45.446759752393298 ] ] ] } },
{ "type": "Feature", "properties": { "hex_id": 674229, "centroid_lon": -72.384392512944714, "centroid_lat": 48.44715973113184, "total_occurrences": 23.0, "days_affected": 1, "first_occurrence": "2026-01-09 14:31:46", "last_occurrence": "2026-01-09 19:01:45", "all_datetimes": "2026-01-09 14:31:46, 2026-01-09 14:46:37, 2026-01-09 15:01:45, 2026-01-09 15:16:43, 2026-01-09 15:31:49, 2026-01-09 15:37:38, 2026-01-09 15:46:42, 2026-01-09 16:02:10, 2026-01-09 16:17:15, 2026-01-09 16:31:55, 2026-01-09 16:33:06, 2026-01-09 16:46:55, 2026-01-09 17:02:11, 2026-01-09 17:17:03, 2026-01-09 17:32:08, 2026-01-09 17:37:10, 2026-01-09 17:47:04, 2026-01-09 18:01:46, 2026-01-09 18:16:55, 2026-01-09 18:31:40, 2026-01-09 18:32:50, 2026-01-09 18:46:50, 2026-01-09 19:01:45" }, "geometry": { "type": "Polygon", "coordinates": [ [ [ -72.384659106049824, 48.441971024134411 ], [ -72.39127990426644, 48.444718785079914 ], [ -72.391013959931684, 48.449907516980254 ], [ -72.384125844115275, 48.452348432325721 ], [ -72.37750447286642, 48.44960025183159 ], [ -72.377771790438743, 48.444411575612136 ], [ -72.384659106049824, 48.441971024134411 ] ] ] } },
{ "type": "Feature", "properties": { "hex_id": 799845, "centroid_lon": -71.163470055899325, "centroid_lat": 46.121408446984979, "total_occurrences": 2.0, "days_affected": 1, "first_occurrence": "2026-01-09 14:31:46", "last_occurrence": "2026-01-09 14:46:37", "all_datetimes": "2026-01-09 14:31:46, 2026-01-09 14:46:37" }, "geometry": { "type": "Polygon", "coordinates": [ [ [ -71.163830404789508, 46.116223865884535 ], [ -71.170106874528372, 46.119032992758257 ], [ -71.169747079092375, 46.124217609417478 ], [ -71.163109608040713, 46.126593021178159 ], [ -71.156832683832945, 46.123783496491704 ], [ -71.157193685112077, 46.118598957922273 ], [ -71.163830404789508, 46.116223865884535 ] ] ] } },
{ "type": "Feature", "properties": { "hex_id": 783399, "centroid_lon": -71.298514602795308, "centroid_lat": 46.710473997082737, "total_occurrences": 4.0, "days_affected": 1, "first_occurrence": "2026-01-09 14:46:37", "last_occurrence": "2026-01-09 15:31:49", "all_datetimes": "2026-01-09 14:46:37, 2026-01-09 15:01:45, 2026-01-09 15:16:43, 2026-01-09 15:31:49" }, "geometry": { "type": "Polygon", "coordinates": [ [ [ -71.298869504946268, 46.705289145530543 ], [ -71.305219607274822, 46.708092812664418 ], [ -71.304865278514598, 46.713277698866264 ], [ -71.298159602406187, 46.715658841840309 ], [ -71.291809024942012, 46.712854770068056 ], [ -71.292164598687947, 46.707669960026585 ], [ -71.298869504946268, 46.705289145530543 ] ] ] } },
{ "type": "Feature", "properties": { "hex_id": 732081, "centroid_lon": -71.87929382397671, "centroid_lat": 46.166603307927971, "total_occurrences": 9.0, "days_affected": 1, "first_occurrence": "2026-01-09 15:01:45", "last_occurrence": "2026-01-09 16:33:06", "all_datetimes": "2026-01-09 15:01:45, 2026-01-09 15:16:43, 2026-01-09 15:31:49, 2026-01-09 15:37:38, 2026-01-09 15:46:42, 2026-01-09 16:02:10, 2026-01-09 16:17:15, 2026-01-09 16:31:55, 2026-01-09 16:33:06" }, "geometry": { "type": "Polygon", "coordinates": [ [ [ -71.87958747482007, 46.161414823234573 ], [ -71.885907486004783, 46.164185586679523 ], [ -71.885614401008866, 46.169374100068701 ], [ -71.879000092375435, 46.171791786443038 ], [ -71.872679596114921, 46.169020630474542 ], [ -71.872973893536141, 46.163832180720711 ], [ -71.87958747482007, 46.161414823234573 ] ] ] } },
{ "type": "Feature", "properties": { "hex_id": 758894, "centroid_lon": -71.64095665603989, "centroid_lat": 45.395913094695985, "total_occurrences": 68.0, "days_affected": 2, "first_occurrence": "2026-01-09 15:01:45", "last_occurrence": "2026-01-10 17:01:47", "all_datetimes": "2026-01-09 15:01:45, 2026-01-09 15:16:43, 2026-01-09 15:31:49, 2026-01-09 15:37:38, 2026-01-09 15:46:42, 2026-01-09 16:02:10, 2026-01-09 16:17:15, 2026-01-09 16:31:55, 2026-01-09 16:33:06, 2026-01-10 05:31:37, 2026-01-10 05:35:58, 2026-01-10 05:46:51, 2026-01-10 06:01:50, 2026-01-10 06:16:51, 2026-01-10 06:28:23, 2026-01-10 06:32:04, 2026-01-10 06:47:08, 2026-01-10 07:01:41, 2026-01-10 07:16:37, 2026-01-10 07:31:49, 2026-01-10 07:46:56, 2026-01-10 08:00:39, 2026-01-10 08:01:56, 2026-01-10 08:16:49, 2026-01-10 08:32:06, 2026-01-10 08:40:23, 2026-01-10 08:47:00, 2026-01-10 09:02:09, 2026-01-10 09:16:39, 2026-01-10 09:31:52, 2026-01-10 09:33:53, 2026-01-10 09:46:44, 2026-01-10 10:02:10, 2026-01-10 10:16:42, 2026-01-10 10:31:44, 2026-01-10 10:32:02, 2026-01-10 10:46:49, 2026-01-10 11:01:52, 2026-01-10 11:17:04, 2026-01-10 11:31:52, 2026-01-10 11:38:28, 2026-01-10 11:46:36, 2026-01-10 12:01:39, 2026-01-10 12:16:53, 2026-01-10 12:31:48, 2026-01-10 12:32:08, 2026-01-10 12:46:59, 2026-01-10 13:01:55, 2026-01-10 13:16:53, 2026-01-10 13:31:50, 2026-01-10 13:45:18, 2026-01-10 13:46:47, 2026-01-10 14:01:49, 2026-01-10 14:17:10, 2026-01-10 14:26:43, 2026-01-10 14:31:57, 2026-01-10 14:46:44, 2026-01-10 15:02:09, 2026-01-10 15:16:35, 2026-01-10 15:31:36, 2026-01-10 15:35:25, 2026-01-10 15:46:38, 2026-01-10 16:01:42, 2026-01-10 16:16:42, 2026-01-10 16:30:18, 2026-01-10 16:31:48, 2026-01-10 16:46:49, 2026-01-10 17:01:47" }, "geometry": { "type": "Polygon", "coordinates": [ [ [ -71.641264331017823, 45.390725131360711 ], [ -71.647487344515625, 45.393506671842609 ], [ -71.647180209171253, 45.39869466573915 ], [ -71.640648897267525, 45.401101051665911 ], [ -71.634425427944592, 45.398319126743466 ], [ -71.634733726322551, 45.393131200398386 ], [ -71.641264331017823, 45.390725131360711 ] ] ] } },
{ "type": "Feature", "properties": { "hex_id": 147980, "centroid_lon": -78.214085254436839, "centroid_lat": 48.463158432239659, "total_occurrences": 54.0, "days_affected": 2, "first_occurrence": "2026-01-09 15:16:43", "last_occurrence": "2026-01-10 02:16:50", "all_datetimes": "2026-01-09 15:16:43, 2026-01-09 15:31:49, 2026-01-09 15:37:38, 2026-01-09 15:46:42, 2026-01-09 16:02:10, 2026-01-09 16:17:15, 2026-01-09 16:31:55, 2026-01-09 16:33:06, 2026-01-09 16:46:55, 2026-01-09 17:02:11, 2026-01-09 17:17:03, 2026-01-09 17:32:08, 2026-01-09 17:37:10, 2026-01-09 17:47:04, 2026-01-09 18:01:46, 2026-01-09 18:16:55, 2026-01-09 18:31:40, 2026-01-09 18:32:50, 2026-01-09 18:46:50, 2026-01-09 19:01:45, 2026-01-09 19:17:09, 2026-01-09 19:31:38, 2026-01-09 19:46:40, 2026-01-09 20:01:45, 2026-01-09 20:16:40, 2026-01-09 20:32:09, 2026-01-09 20:47:17, 2026-01-09 21:01:42, 2026-01-09 21:17:15, 2026-01-09 21:24:07, 2026-01-09 21:31:39, 2026-01-09 21:47:12, 2026-01-09 22:01:44, 2026-01-09 22:16:46, 2026-01-09 22:32:04, 2026-01-09 22:46:41, 2026-01-09 23:02:08, 2026-01-09 23:04:08, 2026-01-09 23:16:40, 2026-01-09 23:31:48, 2026-01-09 23:46:45, 2026-01-09 23:47:20, 2026-01-10 00:01:46, 2026-01-10 00:17:13, 2026-01-10 00:31:53, 2026-01-10 00:36:33, 2026-01-10 00:46:46, 2026-01-10 01:01:52, 2026-01-10 01:16:57, 2026-01-10 01:31:57, 2026-01-10 01:47:16, 2026-01-10 01:47:22, 2026-01-10 02:01:45, 2026-01-10 02:16:50" }, "geometry": { "type": "Polygon", "coordinates": [ [ [ -78.213757535891702, 48.457972501967426 ], [ -78.220673931207429, 48.460376506133017 ], [ -78.221002382021695, 48.465562398992446 ], [ -78.214413066041772, 48.468344356151547 ], [ -78.207495845380251, 48.46593999527574 ], [ -78.207168766078183, 48.460754034022344 ], [ -78.213757535891702, 48.457972501967426 ] ] ] } },
{ "type": "Feature", "properties": { "hex_id": 540360, "centroid_lon": -73.919614229401489, "centroid_lat": 45.829974986395889, "total_occurrences": 2.0, "days_affected": 1, "first_occurrence": "2026-01-09 15:16:43", "last_occurrence": "2026-01-09 15:31:49", "all_datetimes": "2026-01-09 15:16:43, 2026-01-09 15:31:49" }, "geometry": { "type": "Polygon", "coordinates": [ [ [ -73.9197147483126, 45.824779402579715 ], [ -73.926100620046483, 45.827437872118558 ], [ -73.926000685999625, 45.832633464412375 ], [ -73.919513682927018, 45.835170565295122 ], [ -73.913127253896903, 45.83251172598343 ], [ -73.913228385226304, 45.82731615562713 ], [ -73.9197147483126, 45.824779402579715 ] ] ] } },
{ "type": "Feature", "properties": { "hex_id": 591657, "centroid_lon": -73.37221270577335, "centroid_lat": 46.057328040945308, "total_occurrences": 21.0, "days_affected": 1, "first_occurrence": "2026-01-09 15:31:49", "last_occurrence": "2026-01-09 19:31:38", "all_datetimes": "2026-01-09 15:31:49, 2026-01-09 15:37:38, 2026-01-09 15:46:42, 2026-01-09 16:02:10, 2026-01-09 16:17:15, 2026-01-09 16:31:55, 2026-01-09 16:33:06, 2026-01-09 16:46:55, 2026-01-09 17:02:11, 2026-01-09 17:17:03, 2026-01-09 17:32:08, 2026-01-09 17:37:10, 2026-01-09 17:47:04, 2026-01-09 18:01:46, 2026-01-09 18:16:55, 2026-01-09 18:31:40, 2026-01-09 18:32:50, 2026-01-09 18:46:50, 2026-01-09 19:01:45, 2026-01-09 19:17:09, 2026-01-09 19:31:38" }, "geometry": { "type": "Polygon", "coordinates": [ [ [ -73.372365348666605, 46.052133839616367 ], [ -73.378750064369115, 46.054822793968761 ], [ -73.378598005829787, 46.060017009285652 ], [ -73.372060020914049, 46.062522237139916 ], [ -73.365674762830793, 46.059832904931277 ], [ -73.365828032029739, 46.054638722790351 ], [ -73.372365348666605, 46.052133839616367 ] ] ] } },
{ "type": "Feature", "properties": { "hex_id": 687078, "centroid_lon": -72.218238736862801, "centroid_lat": 48.887407589486827, "total_occurrences": 4.0, "days_affected": 1, "first_occurrence": "2026-01-09 15:31:49", "last_occurrence": "2026-01-09 16:02:10", "all_datetimes": "2026-01-09 15:31:49, 2026-01-09 15:37:38, 2026-01-09 15:46:42, 2026-01-09 16:02:10" }, "geometry": { "type": "Polygon", "coordinates": [ [ [ -72.218526671633697, 48.882219990763055 ], [ -72.225194954426684, 48.884978039823466 ], [ -72.224907681542504, 48.890165665392324 ], [ -72.217950719759259, 48.892595182254425 ], [ -72.211281857427295, 48.889836705748102 ], [ -72.211570536387327, 48.884649139898301 ], [ -72.218526671633697, 48.882219990763055 ] ] ] } },
{ "type": "Feature", "properties": { "hex_id": 690089, "centroid_lon": -72.21983114996749, "centroid_lat": 48.24069699126651, "total_occurrences": 13.0, "days_affected": 1, "first_occurrence": "2026-01-09 15:31:49", "last_occurrence": "2026-01-09 17:47:04", "all_datetimes": "2026-01-09 15:31:49, 2026-01-09 15:37:38, 2026-01-09 15:46:42, 2026-01-09 16:02:10, 2026-01-09 16:17:15, 2026-01-09 16:31:55, 2026-01-09 16:33:06, 2026-01-09 16:46:55, 2026-01-09 17:02:11, 2026-01-09 17:17:03, 2026-01-09 17:32:08, 2026-01-09 17:37:10, 2026-01-09 17:47:04" }, "geometry": { "type": "Polygon", "coordinates": [ [ [ -72.220112457960028, 48.235508800292038 ], [ -72.226697769239706, 48.238265444850967 ], [ -72.226417099986136, 48.243453662288687 ], [ -72.219549762330175, 48.245885176300625 ], [ -72.212963891970645, 48.243128113668035 ], [ -72.213245918318194, 48.237939955168073 ], [ -72.220112457960028, 48.235508800292038 ] ] ] } },
{ "type": "Feature", "properties": { "hex_id": 818920, "centroid_lon": -70.782298631027444, "centroid_lat": 48.438500576068023, "total_occurrences": 52.0, "days_affected": 2, "first_occurrence": "2026-01-09 15:31:49", "last_occurrence": "2026-01-10 02:01:45", "all_datetimes": "2026-01-09 15:31:49, 2026-01-09 15:37:38, 2026-01-09 15:46:42, 2026-01-09 16:02:10, 2026-01-09 16:17:15, 2026-01-09 16:31:55, 2026-01-09 16:33:06, 2026-01-09 16:46:55, 2026-01-09 17:02:11, 2026-01-09 17:17:03, 2026-01-09 17:32:08, 2026-01-09 17:37:10, 2026-01-09 17:47:04, 2026-01-09 18:01:46, 2026-01-09 18:16:55, 2026-01-09 18:31:40, 2026-01-09 18:32:50, 2026-01-09 18:46:50, 2026-01-09 19:01:45, 2026-01-09 19:17:09, 2026-01-09 19:31:38, 2026-01-09 19:46:40, 2026-01-09 20:01:45, 2026-01-09 20:16:40, 2026-01-09 20:32:09, 2026-01-09 20:47:17, 2026-01-09 21:01:42, 2026-01-09 21:17:15, 2026-01-09 21:24:07, 2026-01-09 21:31:39, 2026-01-09 21:47:12, 2026-01-09 22:01:44, 2026-01-09 22:16:46, 2026-01-09 22:32:04, 2026-01-09 22:46:41, 2026-01-09 23:02:08, 2026-01-09 23:04:08, 2026-01-09 23:16:40, 2026-01-09 23:31:48, 2026-01-09 23:46:45, 2026-01-09 23:47:20, 2026-01-10 00:01:46, 2026-01-10 00:17:13, 2026-01-10 00:31:53, 2026-01-10 00:36:33, 2026-01-10 00:46:46, 2026-01-10 01:01:52, 2026-01-10 01:16:57, 2026-01-10 01:31:57, 2026-01-10 01:47:16, 2026-01-10 01:47:22, 2026-01-10 02:01:45" }, "geometry": { "type": "Polygon", "coordinates": [ [ [ -70.782728147456652, 48.433320526988133 ], [ -70.789255081642182, 48.436157875240497 ], [ -70.788826186052432, 48.44133796529745 ], [ -70.781868992816186, 48.443680617601125 ], [ -70.775341559595262, 48.440842836177993 ], [ -70.775771818601953, 48.435662835692568 ], [ -70.782728147456652, 48.433320526988133 ] ] ] } },
{ "type": "Feature", "properties": { "hex_id": 1293962, "centroid_lon": -65.362051858328854, "centroid_lat": 49.249755303365703, "total_occurrences": 3.0, "days_affected": 1, "first_occurrence": "2026-01-09 15:31:49", "last_occurrence": "2026-01-09 15:46:42", "all_datetimes": "2026-01-09 15:31:49, 2026-01-09 15:37:38, 2026-01-09 15:46:42" }, "geometry": { "type": "Polygon", "coordinates": [ [ [ -65.363057924738982, 49.244635289397486 ], [ -65.369327989953547, 49.247765504441283 ], [ -65.368322461059122, 49.252885610877001 ], [ -65.36104550633631, 49.254875297521679 ], [ -65.354775189240314, 49.251744602642106 ], [ -65.355782078644864, 49.246624701020252 ], [ -65.363057924738982, 49.244635289397486 ] ] ] } },
{ "type": "Feature", "properties": { "hex_id": 28860, "centroid_lon": -79.4321546841241, "centroid_lat": 47.292455895568672, "total_occurrences": 25.0, "days_affected": 1, "first_occurrence": "2026-01-09 15:37:38", "last_occurrence": "2026-01-09 21:31:39", "all_datetimes": "2026-01-09 15:37:38, 2026-01-09 15:46:42, 2026-01-09 16:02:10, 2026-01-09 16:17:15, 2026-01-09 16:31:55, 2026-01-09 16:33:06, 2026-01-09 16:46:55, 2026-01-09 17:02:11, 2026-01-09 17:17:03, 2026-01-09 17:32:08, 2026-01-09 17:37:10, 2026-01-09 17:47:04, 2026-01-09 18:01:46, 2026-01-09 18:16:55, 2026-01-09 18:31:40, 2026-01-09 18:32:50, 2026-01-09 19:46:40, 2026-01-09 20:01:45, 2026-01-09 20:16:40, 2026-01-09 20:32:09, 2026-01-09 20:47:17, 2026-01-09 21:01:42, 2026-01-09 21:17:15, 2026-01-09 21:24:07, 2026-01-09 21:31:39" }, "geometry": { "type": "Polygon", "coordinates": [ [ [ -79.431721127186321, 47.287276277486761 ], [ -79.438530626316904, 47.289610430396579 ], [ -79.438964883539839, 47.294789998543429 ], [ -79.432588361919159, 47.297635505912694 ], [ -79.425778041624952, 47.295301026575409 ], [ -79.425345064157412, 47.290121366363799 ], [ -79.431721127186321, 47.287276277486761 ] ] ] } },
{ "type": "Feature", "properties": { "hex_id": 74104, "centroid_lon": -79.023877358421444, "centroid_lat": 48.351930643416885, "total_occurrences": 3.0, "days_affected": 1, "first_occurrence": "2026-01-09 15:37:38", "last_occurrence": "2026-01-09 16:02:10", "all_datetimes": "2026-01-09 15:37:38, 2026-01-09 15:46:42, 2026-01-09 16:02:10" }, "geometry": { "type": "Polygon", "coordinates": [ [ [ -79.023468790373386, 48.346749251940409 ], [ -79.030404864017655, 48.349103901003225 ], [ -79.030814169058019, 48.354285246131234 ], [ -79.024286042188521, 48.35711202760681 ], [ -79.017349115812081, 48.354757033550548 ], [ -79.016941169079075, 48.349575603082656 ], [ -79.023468790373386, 48.346749251940409 ] ] ] } },
{ "type": "Feature", "properties": { "hex_id": 535491, "centroid_lon": -73.96677104926934, "centroid_lat": 46.064250349288031, "total_occurrences": 32.0, "days_affected": 1, "first_occurrence": "2026-01-09 15:46:42", "last_occurrence": "2026-01-09 22:32:04", "all_datetimes": "2026-01-09 15:46:42, 2026-01-09 16:02:10, 2026-01-09 16:17:15, 2026-01-09 16:31:55, 2026-01-09 16:33:06, 2026-01-09 16:46:55, 2026-01-09 17:02:11, 2026-01-09 17:17:03, 2026-01-09 17:32:08, 2026-01-09 17:37:10, 2026-01-09 17:47:04, 2026-01-09 18:01:46, 2026-01-09 18:16:55, 2026-01-09 18:31:40, 2026-01-09 18:32:50, 2026-01-09 18:46:50, 2026-01-09 19:01:45, 2026-01-09 19:17:09, 2026-01-09 19:31:38, 2026-01-09 19:46:40, 2026-01-09 20:01:45, 2026-01-09 20:16:40, 2026-01-09 20:32:09, 2026-01-09 20:47:17, 2026-01-09 21:01:42, 2026-01-09 21:17:15, 2026-01-09 21:24:07, 2026-01-09 21:31:39, 2026-01-09 21:47:12, 2026-01-09 22:01:44, 2026-01-09 22:16:46, 2026-01-09 22:32:04" }, "geometry": { "type": "Polygon", "coordinates": [ [ [ -73.966867969633952, 46.059054900394209 ], [ -73.973282906175044, 46.061710873217052 ], [ -73.973186578623469, 46.066906330160677 ], [ -73.966674102249669, 46.069445793279698 ], [ -73.960258599555118, 46.066789448132859 ], [ -73.960356139378732, 46.061594012256862 ], [ -73.966867969633952, 46.059054900394209 ] ] ] } },
{ "type": "Feature", "properties": { "hex_id": 776645, "centroid_lon": -71.409896563817853, "centroid_lat": 46.113834909462135, "total_occurrences": 5.0, "days_affected": 1, "first_occurrence": "2026-01-09 15:46:42", "last_occurrence": "2026-01-09 16:33:06", "all_datetimes": "2026-01-09 15:46:42, 2026-01-09 16:02:10, 2026-01-09 16:17:15, 2026-01-09 16:31:55, 2026-01-09 16:33:06" }, "geometry": { "type": "Polygon", "coordinates": [ [ [ -71.410233709043851, 46.108648871954784 ], [ -71.416522697828498, 46.111444780752443 ], [ -71.416186109667834, 46.116630851453721 ], [ -71.409559325979217, 46.119020940331147 ], [ -71.403269872757619, 46.116224635813722 ], [ -71.403607667630084, 46.11103863820373 ], [ -71.410233709043851, 46.108648871954784 ] ] ] } },
{ "type": "Feature", "properties": { "hex_id": 793275, "centroid_lon": -71.070343081375, "centroid_lat": 48.386366756575313, "total_occurrences": 32.0, "days_affected": 1, "first_occurrence": "2026-01-09 16:02:10", "last_occurrence": "2026-01-09 22:46:41", "all_datetimes": "2026-01-09 16:02:10, 2026-01-09 16:17:15, 2026-01-09 16:31:55, 2026-01-09 16:33:06, 2026-01-09 16:46:55, 2026-01-09 17:02:11, 2026-01-09 17:17:03, 2026-01-09 17:32:08, 2026-01-09 17:37:10, 2026-01-09 17:47:04, 2026-01-09 18:01:46, 2026-01-09 18:16:55, 2026-01-09 18:31:40, 2026-01-09 18:32:50, 2026-01-09 18:46:50, 2026-01-09 19:01:45, 2026-01-09 19:17:09, 2026-01-09 19:31:38, 2026-01-09 19:46:40, 2026-01-09 20:01:45, 2026-01-09 20:16:40, 2026-01-09 20:32:09, 2026-01-09 20:47:17, 2026-01-09 21:01:42, 2026-01-09 21:17:15, 2026-01-09 21:24:07, 2026-01-09 21:31:39, 2026-01-09 21:47:12, 2026-01-09 22:01:44, 2026-01-09 22:16:46, 2026-01-09 22:32:04, 2026-01-09 22:46:41" }, "geometry": { "type": "Polygon", "coordinates": [ [ [ -71.070742580215139, 48.381184803132022 ], [ -71.07728004577352, 48.384006042825035 ], [ -71.076881171088957, 48.389188034352962 ], [ -71.069943469312705, 48.391548702848702 ], [ -71.063405492841369, 48.388727033096245 ], [ -71.063805729018327, 48.383545124978184 ], [ -71.070742580215139, 48.381184803132022 ] ] ] } },
{ "type": "Feature", "properties": { "hex_id": 44705, "centroid_lon": -79.22608449421881, "centroid_lat": 46.863758162688583, "total_occurrences": 37.0, "days_affected": 1, "first_occurrence": "2026-01-09 16:17:15", "last_occurrence": "2026-01-09 23:47:20", "all_datetimes": "2026-01-09 16:17:15, 2026-01-09 16:31:55, 2026-01-09 16:33:06, 2026-01-09 16:46:55, 2026-01-09 17:02:11, 2026-01-09 17:17:03, 2026-01-09 17:32:08, 2026-01-09 17:37:10, 2026-01-09 17:47:04, 2026-01-09 18:01:46, 2026-01-09 18:16:55, 2026-01-09 18:31:40, 2026-01-09 18:32:50, 2026-01-09 18:46:50, 2026-01-09 19:01:45, 2026-01-09 19:17:09, 2026-01-09 19:31:38, 2026-01-09 19:46:40, 2026-01-09 20:01:45, 2026-01-09 20:16:40, 2026-01-09 20:32:09, 2026-01-09 20:47:17, 2026-01-09 21:01:42, 2026-01-09 21:17:15, 2026-01-09 21:24:07, 2026-01-09 21:31:39, 2026-01-09 21:47:12, 2026-01-09 22:01:44, 2026-01-09 22:16:46, 2026-01-09 22:32:04, 2026-01-09 22:46:41, 2026-01-09 23:02:08, 2026-01-09 23:04:08, 2026-01-09 23:16:40, 2026-01-09 23:31:48, 2026-01-09 23:46:45, 2026-01-09 23:47:20" }, "geometry": { "type": "Polygon", "coordinates": [ [ [ -79.225677204233932, 46.858576743318643 ], [ -79.232422694131529, 46.860925326324299 ], [ -79.232830666560773, 46.866106698383824 ], [ -79.226491897103344, 46.868939574628477 ], [ -79.219745611842171, 46.866590667809 ], [ -79.219338891441126, 46.861409208625204 ], [ -79.225677204233932, 46.858576743318643 ] ] ] } },
{ "type": "Feature", "properties": { "hex_id": 562924, "centroid_lon": -73.690408684619271, "centroid_lat": 45.445619312816802, "total_occurrences": 11.0, "days_affected": 1, "first_occurrence": "2026-01-09 16:17:15", "last_occurrence": "2026-01-09 18:16:55", "all_datetimes": "2026-01-09 16:17:15, 2026-01-09 16:31:55, 2026-01-09 16:33:06, 2026-01-09 16:46:55, 2026-01-09 17:02:11, 2026-01-09 17:17:03, 2026-01-09 17:32:08, 2026-01-09 17:37:10, 2026-01-09 17:47:04, 2026-01-09 18:01:46, 2026-01-09 18:16:55" }, "geometry": { "type": "Polygon", "coordinates": [ [ [ -73.690528904013888, 45.44042381216714 ], [ -73.696860545250132, 45.443094674288503 ], [ -73.696740895910679, 45.448290185613565 ], [ -73.690288432415898, 45.450814808471286 ], [ -73.683956253938746, 45.448143579288889 ], [ -73.684077076186298, 45.442948094374181 ], [ -73.690528904013888, 45.44042381216714 ] ] ] } },
{ "type": "Feature", "properties": { "hex_id": 745092, "centroid_lon": -71.553665302607499, "centroid_lat": 49.126591742625507, "total_occurrences": 108.0, "days_affected": 2, "first_occurrence": "2026-01-09 16:17:15", "last_occurrence": "2026-01-10 14:01:49", "all_datetimes": "2026-01-09 16:17:15, 2026-01-09 16:31:55, 2026-01-09 16:33:06, 2026-01-09 16:46:55, 2026-01-09 17:02:11, 2026-01-09 17:17:03, 2026-01-09 17:32:08, 2026-01-09 17:37:10, 2026-01-09 17:47:04, 2026-01-09 18:01:46, 2026-01-09 18:16:55, 2026-01-09 18:31:40, 2026-01-09 18:32:50, 2026-01-09 18:46:50, 2026-01-09 19:01:45, 2026-01-09 19:17:09, 2026-01-09 19:31:38, 2026-01-09 19:46:40, 2026-01-09 20:01:45, 2026-01-09 20:16:40, 2026-01-09 20:32:09, 2026-01-09 20:47:17, 2026-01-09 21:01:42, 2026-01-09 21:17:15, 2026-01-09 21:24:07, 2026-01-09 21:31:39, 2026-01-09 21:47:12, 2026-01-09 22:01:44, 2026-01-09 22:16:46, 2026-01-09 22:32:04, 2026-01-09 22:46:41, 2026-01-09 23:02:08, 2026-01-09 23:04:08, 2026-01-09 23:16:40, 2026-01-09 23:31:48, 2026-01-09 23:46:45, 2026-01-09 23:47:20, 2026-01-10 00:01:46, 2026-01-10 00:17:13, 2026-01-10 00:31:53, 2026-01-10 00:36:33, 2026-01-10 00:46:46, 2026-01-10 01:01:52, 2026-01-10 01:16:57, 2026-01-10 01:31:57, 2026-01-10 01:47:16, 2026-01-10 01:47:22, 2026-01-10 02:01:45, 2026-01-10 02:16:50, 2026-01-10 02:31:07, 2026-01-10 02:32:06, 2026-01-10 02:46:45, 2026-01-10 03:01:57, 2026-01-10 03:17:07, 2026-01-10 03:31:48, 2026-01-10 03:40:14, 2026-01-10 03:46:52, 2026-01-10 04:01:38, 2026-01-10 04:16:52, 2026-01-10 04:31:46, 2026-01-10 04:32:51, 2026-01-10 04:46:51, 2026-01-10 05:02:13, 2026-01-10 05:16:44, 2026-01-10 05:31:37, 2026-01-10 05:35:58, 2026-01-10 05:46:51, 2026-01-10 06:01:50, 2026-01-10 06:16:51, 2026-01-10 06:28:23, 2026-01-10 06:32:04, 2026-01-10 06:47:08, 2026-01-10 07:01:41, 2026-01-10 07:16:37, 2026-01-10 07:31:49, 2026-01-10 07:46:56, 2026-01-10 08:00:39, 2026-01-10 08:01:56, 2026-01-10 08:16:49, 2026-01-10 08:32:06, 2026-01-10 08:40:23, 2026-01-10 08:47:00, 2026-01-10 09:02:09, 2026-01-10 09:16:39, 2026-01-10 09:31:52, 2026-01-10 09:33:53, 2026-01-10 09:46:44, 2026-01-10 10:02:10, 2026-01-10 10:16:42, 2026-01-10 10:31:44, 2026-01-10 10:32:02, 2026-01-10 10:46:49, 2026-01-10 11:01:52, 2026-01-10 11:17:04, 2026-01-10 11:31:52, 2026-01-10 11:38:28, 2026-01-10 11:46:36, 2026-01-10 12:01:39, 2026-01-10 12:16:53, 2026-01-10 12:31:48, 2026-01-10 12:32:08, 2026-01-10 12:46:59, 2026-01-10 13:01:55, 2026-01-10 13:16:53, 2026-01-10 13:31:50, 2026-01-10 13:45:18, 2026-01-10 13:46:47, 2026-01-10 14:01:49" }, "geometry": { "type": "Polygon", "coordinates": [ [ [ -71.554024966028962, 49.121407636014013 ], [ -71.560685775327059, 49.1242039146574 ], [ -71.560326770924519, 49.129388055051379 ], [ -71.553305536019082, 49.131775842600177 ], [ -71.546644170888058, 49.12897912708636 ], [ -71.547004596457327, 49.123795060967232 ], [ -71.554024966028962, 49.121407636014013 ] ] ] } },
{ "type": "Feature", "properties": { "hex_id": 817675, "centroid_lon": -70.826302195505889, "centroid_lat": 48.06600571730803, "total_occurrences": 13.0, "days_affected": 1, "first_occurrence": "2026-01-09 16:17:15", "last_occurrence": "2026-01-09 18:32:50", "all_datetimes": "2026-01-09 16:17:15, 2026-01-09 16:31:55, 2026-01-09 16:33:06, 2026-01-09 16:46:55, 2026-01-09 17:02:11, 2026-01-09 17:17:03, 2026-01-09 17:32:08, 2026-01-09 17:37:10, 2026-01-09 17:47:04, 2026-01-09 18:01:46, 2026-01-09 18:16:55, 2026-01-09 18:31:40, 2026-01-09 18:32:50" }, "geometry": { "type": "Polygon", "coordinates": [ [ [ -70.826721721935272, 48.060825039289959 ], [ -70.833205243650454, 48.063658725534452 ], [ -70.832786326237141, 48.068839443793138 ], [ -70.825882550782524, 48.071186387866973 ], [ -70.819398538366428, 48.068352274206504 ], [ -70.819818792063515, 48.063171643957816 ], [ -70.826721721935272, 48.060825039289959 ] ] ] } },
{ "type": "Feature", "properties": { "hex_id": 555056, "centroid_lon": -73.749701356373251, "centroid_lat": 46.514146066292199, "total_occurrences": 37.0, "days_affected": 2, "first_occurrence": "2026-01-09 16:31:55", "last_occurrence": "2026-01-10 15:35:25", "all_datetimes": "2026-01-09 16:31:55, 2026-01-09 16:33:06, 2026-01-09 23:16:40, 2026-01-09 23:31:48, 2026-01-09 23:46:45, 2026-01-09 23:47:20, 2026-01-10 00:01:46, 2026-01-10 00:17:13, 2026-01-10 10:02:10, 2026-01-10 10:16:42, 2026-01-10 10:31:44, 2026-01-10 10:32:02, 2026-01-10 10:46:49, 2026-01-10 11:01:52, 2026-01-10 11:17:04, 2026-01-10 11:31:52, 2026-01-10 11:38:28, 2026-01-10 11:46:36, 2026-01-10 12:01:39, 2026-01-10 12:16:53, 2026-01-10 12:31:48, 2026-01-10 12:32:08, 2026-01-10 12:46:59, 2026-01-10 13:01:55, 2026-01-10 13:16:53, 2026-01-10 13:31:50, 2026-01-10 13:45:18, 2026-01-10 13:46:47, 2026-01-10 14:01:49, 2026-01-10 14:17:10, 2026-01-10 14:26:43, 2026-01-10 14:31:57, 2026-01-10 14:46:44, 2026-01-10 15:02:09, 2026-01-10 15:16:35, 2026-01-10 15:31:36, 2026-01-10 15:35:25" }, "geometry": { "type": "Polygon", "coordinates": [ [ [ -73.7498204906815, 46.508951420811947 ], [ -73.756276961823801, 46.511619790023346 ], [ -73.756158431643257, 46.516814445831557 ], [ -73.749582189112729, 46.519340706797749 ], [ -73.743125146800679, 46.51667195733166 ], [ -73.743244918177538, 46.511477327220973 ], [ -73.7498204906815, 46.508951420811947 ] ] ] } },
{ "type": "Feature", "properties": { "hex_id": 611163, "centroid_lon": -73.180760323888919, "centroid_lat": 45.586747434039538, "total_occurrences": 58.0, "days_affected": 2, "first_occurrence": "2026-01-09 16:31:55", "last_occurrence": "2026-01-10 04:16:52", "all_datetimes": "2026-01-09 16:31:55, 2026-01-09 16:33:06, 2026-01-09 16:46:55, 2026-01-09 17:02:11, 2026-01-09 17:17:03, 2026-01-09 17:32:08, 2026-01-09 17:37:10, 2026-01-09 17:47:04, 2026-01-09 18:01:46, 2026-01-09 18:16:55, 2026-01-09 18:31:40, 2026-01-09 18:32:50, 2026-01-09 18:46:50, 2026-01-09 19:01:45, 2026-01-09 19:17:09, 2026-01-09 19:31:38, 2026-01-09 19:46:40, 2026-01-09 20:01:45, 2026-01-09 20:16:40, 2026-01-09 20:32:09, 2026-01-09 20:47:17, 2026-01-09 21:01:42, 2026-01-09 21:17:15, 2026-01-09 21:24:07, 2026-01-09 21:31:39, 2026-01-09 21:47:12, 2026-01-09 22:01:44, 2026-01-09 22:16:46, 2026-01-09 22:32:04, 2026-01-09 22:46:41, 2026-01-09 23:02:08, 2026-01-09 23:04:08, 2026-01-09 23:16:40, 2026-01-09 23:31:48, 2026-01-09 23:46:45, 2026-01-09 23:47:20, 2026-01-10 00:01:46, 2026-01-10 00:17:13, 2026-01-10 00:31:53, 2026-01-10 00:36:33, 2026-01-10 00:46:46, 2026-01-10 01:01:52, 2026-01-10 01:16:57, 2026-01-10 01:31:57, 2026-01-10 01:47:16, 2026-01-10 01:47:22, 2026-01-10 02:01:45, 2026-01-10 02:16:50, 2026-01-10 02:31:07, 2026-01-10 02:32:06, 2026-01-10 02:46:45, 2026-01-10 03:01:57, 2026-01-10 03:17:07, 2026-01-10 03:31:48, 2026-01-10 03:40:14, 2026-01-10 03:46:52, 2026-01-10 04:01:38, 2026-01-10 04:16:52" }, "geometry": { "type": "Polygon", "coordinates": [ [ [ -73.180928138516606, 45.581553326192278 ], [ -73.187250425671991, 45.584252248994815 ], [ -73.187083178366237, 45.589446372580198 ], [ -73.180592463396579, 45.591941536660833 ], [ -73.174269654791587, 45.589242240296485 ], [ -73.174438082590456, 45.584048153477902 ], [ -73.180928138516606, 45.581553326192278 ] ] ] } },
{ "type": "Feature", "properties": { "hex_id": 55110, "centroid_lon": -79.146743113575781, "centroid_lat": 47.279775167977995, "total_occurrences": 46.0, "days_affected": 2, "first_occurrence": "2026-01-09 16:46:55", "last_occurrence": "2026-01-10 02:16:50", "all_datetimes": "2026-01-09 16:46:55, 2026-01-09 17:02:11, 2026-01-09 17:17:03, 2026-01-09 17:32:08, 2026-01-09 17:37:10, 2026-01-09 17:47:04, 2026-01-09 18:01:46, 2026-01-09 18:16:55, 2026-01-09 18:31:40, 2026-01-09 18:32:50, 2026-01-09 18:46:50, 2026-01-09 19:01:45, 2026-01-09 19:17:09, 2026-01-09 19:31:38, 2026-01-09 19:46:40, 2026-01-09 20:01:45, 2026-01-09 20:16:40, 2026-01-09 20:32:09, 2026-01-09 20:47:17, 2026-01-09 21:01:42, 2026-01-09 21:17:15, 2026-01-09 21:24:07, 2026-01-09 21:31:39, 2026-01-09 21:47:12, 2026-01-09 22:01:44, 2026-01-09 22:16:46, 2026-01-09 22:32:04, 2026-01-09 22:46:41, 2026-01-09 23:02:08, 2026-01-09 23:04:08, 2026-01-09 23:16:40, 2026-01-09 23:31:48, 2026-01-09 23:46:45, 2026-01-09 23:47:20, 2026-01-10 00:01:46, 2026-01-10 00:17:13, 2026-01-10 00:31:53, 2026-01-10 00:36:33, 2026-01-10 00:46:46, 2026-01-10 01:01:52, 2026-01-10 01:16:57, 2026-01-10 01:31:57, 2026-01-10 01:47:16, 2026-01-10 01:47:22, 2026-01-10 02:01:45, 2026-01-10 02:16:50" }, "geometry": { "type": "Polygon", "coordinates": [ [ [ -79.146337605414132, 47.274593600203559 ], [ -79.15313397506479, 47.276945197538858 ], [ -79.15354018014007, 47.28212671851864 ], [ -79.147148734798208, 47.284956728389503 ], [ -79.140351555153345, 47.282604801147393 ], [ -79.139946630884168, 47.27742319400884 ], [ -79.146337605414132, 47.274593600203559 ] ] ] } },
{ "type": "Feature", "properties": { "hex_id": 784581, "centroid_lon": -71.326468303427873, "centroid_lat": 46.10338564022949, "total_occurrences": 1.0, "days_affected": 1, "first_occurrence": "2026-01-09 16:46:55", "last_occurrence": "2026-01-09 16:46:55", "all_datetimes": "2026-01-09 16:46:55" }, "geometry": { "type": "Polygon", "coordinates": [ [ [ -71.326813147127339, 46.098200073194242 ], [ -71.333096470202193, 46.10100042350129 ], [ -71.332752181964125, 46.106186024524092 ], [ -71.32612336502234, 46.108571200538151 ], [ -71.319839581208242, 46.10577045397153 ], [ -71.320185075042986, 46.100584927715438 ], [ -71.326813147127339, 46.098200073194242 ] ] ] } },
{ "type": "Feature", "properties": { "hex_id": 787064, "centroid_lon": -71.257195137807969, "centroid_lat": 46.740306223271126, "total_occurrences": 1.0, "days_affected": 1, "first_occurrence": "2026-01-09 16:46:55", "last_occurrence": "2026-01-09 16:46:55", "all_datetimes": "2026-01-09 16:46:55" }, "geometry": { "type": "Polygon", "coordinates": [ [ [ -71.257554370051295, 46.73512164241771 ], [ -71.263905600249089, 46.737927634560329 ], [ -71.263546941654752, 46.743112250482987 ], [ -71.256835806092965, 46.745490797281981 ], [ -71.250484101735069, 46.742684399758417 ], [ -71.250844007064671, 46.737499860883339 ], [ -71.257554370051295, 46.73512164241771 ] ] ] } },
{ "type": "Feature", "properties": { "hex_id": 830513, "centroid_lon": -70.662823229690346, "centroid_lat": 48.332730657324163, "total_occurrences": 20.0, "days_affected": 1, "first_occurrence": "2026-01-09 16:46:55", "last_occurrence": "2026-01-09 21:01:42", "all_datetimes": "2026-01-09 16:46:55, 2026-01-09 17:02:11, 2026-01-09 17:17:03, 2026-01-09 17:32:08, 2026-01-09 17:37:10, 2026-01-09 17:47:04, 2026-01-09 18:01:46, 2026-01-09 18:16:55, 2026-01-09 18:31:40, 2026-01-09 18:32:50, 2026-01-09 18:46:50, 2026-01-09 19:01:45, 2026-01-09 19:17:09, 2026-01-09 19:31:38, 2026-01-09 19:46:40, 2026-01-09 20:01:45, 2026-01-09 20:16:40, 2026-01-09 20:32:09, 2026-01-09 20:47:17, 2026-01-09 21:01:42" }, "geometry": { "type": "Polygon", "coordinates": [ [ [ -70.663263254039833, 48.32755132152522 ], [ -70.669769931898614, 48.330394900034278 ], [ -70.669330522652203, 48.335574277898615 ], [ -70.662383080798421, 48.337909985422762 ], [ -70.655875912401427, 48.335065974326163 ], [ -70.656316676351537, 48.329886688363182 ], [ -70.663263254039833, 48.32755132152522 ] ] ] } },
{ "type": "Feature", "properties": { "hex_id": 450039, "centroid_lon": -74.871171560422837, "centroid_lat": 46.349440681827012, "total_occurrences": 6.0, "days_affected": 1, "first_occurrence": "2026-01-09 17:02:11", "last_occurrence": "2026-01-09 18:01:46", "all_datetimes": "2026-01-09 17:02:11, 2026-01-09 17:17:03, 2026-01-09 17:32:08, 2026-01-09 17:37:10, 2026-01-09 17:47:04, 2026-01-09 18:01:46" }, "geometry": { "type": "Polygon", "coordinates": [ [ [ -74.871183766414489, 46.344244660349005 ], [ -74.877675622135158, 46.346849807352058 ], [ -74.877664030225276, 46.352045827744384 ], [ -74.871159351061479, 46.354636698559446 ], [ -74.864666884629315, 46.352031184518822 ], [ -74.864679708071293, 46.346835166767313 ], [ -74.871183766414489, 46.344244660349005 ] ] ] } },
{ "type": "Feature", "properties": { "hex_id": 584907, "centroid_lon": -73.458188079805424, "centroid_lat": 45.520673082932113, "total_occurrences": 22.0, "days_affected": 1, "first_occurrence": "2026-01-09 17:17:03", "last_occurrence": "2026-01-09 21:47:12", "all_datetimes": "2026-01-09 17:17:03, 2026-01-09 17:32:08, 2026-01-09 17:37:10, 2026-01-09 17:47:04, 2026-01-09 18:01:46, 2026-01-09 18:16:55, 2026-01-09 18:31:40, 2026-01-09 18:32:50, 2026-01-09 18:46:50, 2026-01-09 19:01:45, 2026-01-09 19:17:09, 2026-01-09 19:31:38, 2026-01-09 19:46:40, 2026-01-09 20:01:45, 2026-01-09 20:16:40, 2026-01-09 20:32:09, 2026-01-09 20:47:17, 2026-01-09 21:01:42, 2026-01-09 21:17:15, 2026-01-09 21:24:07, 2026-01-09 21:31:39, 2026-01-09 21:47:12" }, "geometry": { "type": "Polygon", "coordinates": [ [ [ -73.458329982819151, 45.515478175689147 ], [ -73.464658630621813, 45.518161843879 ], [ -73.464517296769628, 45.523356764109273 ], [ -73.458046138034305, 45.525867985084204 ], [ -73.451716959833988, 45.523183946720621 ], [ -73.451859470753647, 45.517989057620312 ], [ -73.458329982819151, 45.515478175689147 ] ] ] } },
{ "type": "Feature", "properties": { "hex_id": 586128, "centroid_lon": -73.445388389700156, "centroid_lat": 45.520499564259609, "total_occurrences": 23.0, "days_affected": 1, "first_occurrence": "2026-01-09 17:17:03", "last_occurrence": "2026-01-09 22:01:44", "all_datetimes": "2026-01-09 17:17:03, 2026-01-09 17:32:08, 2026-01-09 17:37:10, 2026-01-09 17:47:04, 2026-01-09 18:01:46, 2026-01-09 18:16:55, 2026-01-09 18:31:40, 2026-01-09 18:32:50, 2026-01-09 18:46:50, 2026-01-09 19:01:45, 2026-01-09 19:17:09, 2026-01-09 19:31:38, 2026-01-09 19:46:40, 2026-01-09 20:01:45, 2026-01-09 20:16:40, 2026-01-09 20:32:09, 2026-01-09 20:47:17, 2026-01-09 21:01:42, 2026-01-09 21:17:15, 2026-01-09 21:24:07, 2026-01-09 21:31:39, 2026-01-09 21:47:12, 2026-01-09 22:01:44" }, "geometry": { "type": "Polygon", "coordinates": [ [ [ -73.445531469601235, 45.515304688272806 ], [ -73.451859470753647, 45.517989057620312 ], [ -73.451716959833988, 45.523183946720621 ], [ -73.445245270720562, 45.525694435149816 ], [ -73.438916739671797, 45.523009695512393 ], [ -73.439060427619708, 45.517814837800159 ], [ -73.445531469601235, 45.515304688272806 ] ] ] } },
{ "type": "Feature", "properties": { "hex_id": 727844, "centroid_lon": -71.892387323773193, "centroid_lat": 46.735957439468564, "total_occurrences": 25.0, "days_affected": 1, "first_occurrence": "2026-01-09 17:17:03", "last_occurrence": "2026-01-09 22:32:04", "all_datetimes": "2026-01-09 17:17:03, 2026-01-09 17:32:08, 2026-01-09 17:37:10, 2026-01-09 17:47:04, 2026-01-09 18:01:46, 2026-01-09 18:16:55, 2026-01-09 18:31:40, 2026-01-09 18:32:50, 2026-01-09 18:46:50, 2026-01-09 19:01:45, 2026-01-09 19:17:09, 2026-01-09 19:31:38, 2026-01-09 19:46:40, 2026-01-09 20:01:45, 2026-01-09 20:16:40, 2026-01-09 20:32:09, 2026-01-09 20:47:17, 2026-01-09 21:01:42, 2026-01-09 21:17:15, 2026-01-09 21:24:07, 2026-01-09 21:31:39, 2026-01-09 21:47:12, 2026-01-09 22:01:44, 2026-01-09 22:16:46, 2026-01-09 22:32:04" }, "geometry": { "type": "Polygon", "coordinates": [ [ [ -71.892685610941527, 46.730769408535757 ], [ -71.89907112064941, 46.73354085303032 ], [ -71.898773417057583, 46.738728912846554 ], [ -71.89208895395879, 46.741145464211677 ], [ -71.885702943334749, 46.738373619690073 ], [ -71.886001896697053, 46.733185623897199 ], [ -71.892685610941527, 46.730769408535757 ] ] ] } },
{ "type": "Feature", "properties": { "hex_id": 150420, "centroid_lon": -78.185124524715221, "centroid_lat": 48.432793897064251, "total_occurrences": 10.0, "days_affected": 2, "first_occurrence": "2026-01-09 17:32:08", "last_occurrence": "2026-01-10 02:16:50", "all_datetimes": "2026-01-09 17:32:08, 2026-01-09 17:37:10, 2026-01-09 17:47:04, 2026-01-09 18:01:46, 2026-01-10 01:16:57, 2026-01-10 01:31:57, 2026-01-10 01:47:16, 2026-01-10 01:47:22, 2026-01-10 02:01:45, 2026-01-10 02:16:50" }, "geometry": { "type": "Polygon", "coordinates": [ [ [ -78.184800102013455, 48.427607792603347 ], [ -78.191711016788048, 48.430013670024969 ], [ -78.192036170210073, 48.435199737415239 ], [ -78.185449039500995, 48.437979995195434 ], [ -78.17853730190545, 48.435573761101772 ], [ -78.178213517873289, 48.430387625971157 ], [ -78.184800102013455, 48.427607792603347 ] ] ] } },
{ "type": "Feature", "properties": { "hex_id": 609329, "centroid_lon": -73.201224103595578, "centroid_lat": 45.548095641538097, "total_occurrences": 13.0, "days_affected": 1, "first_occurrence": "2026-01-09 17:32:08", "last_occurrence": "2026-01-09 20:01:45", "all_datetimes": "2026-01-09 17:32:08, 2026-01-09 17:37:10, 2026-01-09 17:47:04, 2026-01-09 18:01:46, 2026-01-09 18:16:55, 2026-01-09 18:31:40, 2026-01-09 18:32:50, 2026-01-09 18:46:50, 2026-01-09 19:01:45, 2026-01-09 19:17:09, 2026-01-09 19:31:38, 2026-01-09 19:46:40, 2026-01-09 20:01:45" }, "geometry": { "type": "Polygon", "coordinates": [ [ [ -73.201389807798719, 45.542901439721824 ], [ -73.207708830524481, 45.545599196207036 ], [ -73.207543692769733, 45.550793413548291 ], [ -73.20105835412528, 45.55328983813957 ], [ -73.1947388102259, 45.550591708772174 ], [ -73.194905126129413, 45.545397527760173 ], [ -73.201389807798719, 45.542901439721824 ] ] ] } },
{ "type": "Feature", "properties": { "hex_id": 743678, "centroid_lon": -71.758716694559197, "centroid_lat": 46.124270549265617, "total_occurrences": 4.0, "days_affected": 1, "first_occurrence": "2026-01-09 17:32:08", "last_occurrence": "2026-01-09 18:01:46", "all_datetimes": "2026-01-09 17:32:08, 2026-01-09 17:37:10, 2026-01-09 17:47:04, 2026-01-09 18:01:46" }, "geometry": { "type": "Polygon", "coordinates": [ [ [ -71.759021229675298, 46.11908263370178 ], [ -71.765330088811652, 46.121859804356134 ], [ -71.765026116432381, 46.12704774975969 ], [ -71.758412075746818, 46.129458458540299 ], [ -71.752102737584167, 46.126680894909384 ], [ -71.752407919104883, 46.121493015539727 ], [ -71.759021229675298, 46.11908263370178 ] ] ] } },
{ "type": "Feature", "properties": { "hex_id": 529986, "centroid_lon": -74.027814149299076, "centroid_lat": 45.901099580494019, "total_occurrences": 1.0, "days_affected": 1, "first_occurrence": "2026-01-09 17:47:04", "last_occurrence": "2026-01-09 17:47:04", "all_datetimes": "2026-01-09 17:47:04" }, "geometry": { "type": "Polygon", "coordinates": [ [ [ -74.027904826884438, 45.895903885601577 ], [ -74.034304048587401, 45.89855638122193 ], [ -74.034213959537155, 45.903752083522491 ], [ -74.027723446826101, 45.906295270501971 ], [ -74.02132366147984, 45.903642405238138 ], [ -74.021414952479503, 45.898446722703774 ], [ -74.027904826884438, 45.895903885601577 ] ] ] } },
{ "type": "Feature", "properties": { "hex_id": 1022793, "centroid_lon": -68.602332250304443, "centroid_lat": 47.807438001820579, "total_occurrences": 17.0, "days_affected": 1, "first_occurrence": "2026-01-09 18:01:46", "last_occurrence": "2026-01-09 21:31:39", "all_datetimes": "2026-01-09 18:01:46, 2026-01-09 18:16:55, 2026-01-09 18:31:40, 2026-01-09 18:32:50, 2026-01-09 18:46:50, 2026-01-09 19:01:45, 2026-01-09 19:17:09, 2026-01-09 19:31:38, 2026-01-09 19:46:40, 2026-01-09 20:01:45, 2026-01-09 20:16:40, 2026-01-09 20:32:09, 2026-01-09 20:47:17, 2026-01-09 21:01:42, 2026-01-09 21:17:15, 2026-01-09 21:24:07, 2026-01-09 21:31:39" }, "geometry": { "type": "Polygon", "coordinates": [ [ [ -68.60296876726288, 47.802275687145332 ], [ -68.609286632477975, 47.805228025344412 ], [ -68.608650675814687, 47.810390401243758 ], [ -68.601695555187703, 47.812600305408054 ], [ -68.595377307867253, 47.80964752721696 ], [ -68.596014563216158, 47.804485284920666 ], [ -68.60296876726288, 47.802275687145332 ] ] ] } },
{ "type": "Feature", "properties": { "hex_id": 517746, "centroid_lon": -74.16370836880084, "centroid_lat": 45.434475002019482, "total_occurrences": 108.0, "days_affected": 2, "first_occurrence": "2026-01-09 18:16:55", "last_occurrence": "2026-01-10 16:01:42", "all_datetimes": "2026-01-09 18:16:55, 2026-01-09 18:31:40, 2026-01-09 18:32:50, 2026-01-09 18:46:50, 2026-01-09 19:01:45, 2026-01-09 19:17:09, 2026-01-09 19:31:38, 2026-01-09 19:46:40, 2026-01-09 20:01:45, 2026-01-09 20:16:40, 2026-01-09 20:32:09, 2026-01-09 20:47:17, 2026-01-09 21:01:42, 2026-01-09 21:17:15, 2026-01-09 21:24:07, 2026-01-09 21:31:39, 2026-01-09 21:47:12, 2026-01-09 22:01:44, 2026-01-09 22:16:46, 2026-01-09 22:32:04, 2026-01-09 22:46:41, 2026-01-09 23:02:08, 2026-01-09 23:04:08, 2026-01-09 23:16:40, 2026-01-09 23:31:48, 2026-01-09 23:46:45, 2026-01-09 23:47:20, 2026-01-10 00:01:46, 2026-01-10 00:17:13, 2026-01-10 00:31:53, 2026-01-10 00:36:33, 2026-01-10 00:46:46, 2026-01-10 01:01:52, 2026-01-10 01:16:57, 2026-01-10 01:31:57, 2026-01-10 01:47:16, 2026-01-10 01:47:22, 2026-01-10 02:01:45, 2026-01-10 02:16:50, 2026-01-10 02:31:07, 2026-01-10 02:32:06, 2026-01-10 02:46:45, 2026-01-10 03:01:57, 2026-01-10 03:17:07, 2026-01-10 03:31:48, 2026-01-10 03:40:14, 2026-01-10 03:46:52, 2026-01-10 04:01:38, 2026-01-10 04:16:52, 2026-01-10 04:31:46, 2026-01-10 04:32:51, 2026-01-10 04:46:51, 2026-01-10 05:02:13, 2026-01-10 05:16:44, 2026-01-10 05:31:37, 2026-01-10 05:35:58, 2026-01-10 05:46:51, 2026-01-10 06:01:50, 2026-01-10 06:16:51, 2026-01-10 06:28:23, 2026-01-10 06:32:04, 2026-01-10 06:47:08, 2026-01-10 07:01:41, 2026-01-10 07:16:37, 2026-01-10 07:31:49, 2026-01-10 07:46:56, 2026-01-10 08:00:39, 2026-01-10 08:01:56, 2026-01-10 08:16:49, 2026-01-10 08:32:06, 2026-01-10 08:40:23, 2026-01-10 08:47:00, 2026-01-10 09:02:09, 2026-01-10 09:16:39, 2026-01-10 09:31:52, 2026-01-10 09:33:53, 2026-01-10 09:46:44, 2026-01-10 10:02:10, 2026-01-10 10:16:42, 2026-01-10 10:31:44, 2026-01-10 10:32:02, 2026-01-10 10:46:49, 2026-01-10 11:01:52, 2026-01-10 11:17:04, 2026-01-10 11:31:52, 2026-01-10 11:38:28, 2026-01-10 11:46:36, 2026-01-10 12:01:39, 2026-01-10 12:16:53, 2026-01-10 12:31:48, 2026-01-10 12:32:08, 2026-01-10 12:46:59, 2026-01-10 13:01:55, 2026-01-10 13:16:53, 2026-01-10 13:31:50, 2026-01-10 13:45:18, 2026-01-10 13:46:47, 2026-01-10 14:01:49, 2026-01-10 14:17:10, 2026-01-10 14:26:43, 2026-01-10 14:31:57, 2026-01-10 14:46:44, 2026-01-10 15:02:09, 2026-01-10 15:16:35, 2026-01-10 15:31:36, 2026-01-10 15:35:25, 2026-01-10 15:46:38, 2026-01-10 16:01:42" }, "geometry": { "type": "Polygon", "coordinates": [ [ [ -74.163785113803087, 45.429278686087173 ], [ -74.170138218477575, 45.431923461607504 ], [ -74.17006204948035, 45.437119783515762 ], [ -74.163631602853883, 45.439671313102501 ], [ -74.157277943122622, 45.43702617515774 ], [ -74.157355285067567, 45.431829870115088 ], [ -74.163785113803087, 45.429278686087173 ] ] ] } },
{ "type": "Feature", "properties": { "hex_id": 547095, "centroid_lon": -73.842497974691867, "centroid_lat": 46.13320932105939, "total_occurrences": 5.0, "days_affected": 1, "first_occurrence": "2026-01-09 18:16:55", "last_occurrence": "2026-01-09 19:01:45", "all_datetimes": "2026-01-09 18:16:55, 2026-01-09 18:31:40, 2026-01-09 18:32:50, 2026-01-09 18:46:50, 2026-01-09 19:01:45" }, "geometry": { "type": "Polygon", "coordinates": [ [ [ -73.842606812208146, 46.128014150889427 ], [ -73.849023584566027, 46.130677085914506 ], [ -73.848915340328546, 46.135872265395044 ], [ -73.842389107218168, 46.138404486287264 ], [ -73.835971771544038, 46.13574117685652 ], [ -73.836081232286318, 46.130546021005223 ], [ -73.842606812208146, 46.128014150889427 ] ] ] } },
{ "type": "Feature", "properties": { "hex_id": 569647, "centroid_lon": -73.617238681223256, "centroid_lat": 45.561685497595519, "total_occurrences": 2.0, "days_affected": 1, "first_occurrence": "2026-01-09 18:31:40", "last_occurrence": "2026-01-09 18:32:50", "all_datetimes": "2026-01-09 18:31:40, 2026-01-09 18:32:50" }, "geometry": { "type": "Polygon", "coordinates": [ [ [ -73.617366130806289, 45.556490259106681 ], [ -73.623707111962048, 45.559165236159707 ], [ -73.623580234941699, 45.564360486074818 ], [ -73.617111196810725, 45.566880731060223 ], [ -73.610769677927635, 45.56420538479184 ], [ -73.610897734891154, 45.559010162818019 ], [ -73.617366130806289, 45.556490259106681 ] ] ] } },
{ "type": "Feature", "properties": { "hex_id": 50860, "centroid_lon": -79.222093683916057, "centroid_lat": 47.643353149702804, "total_occurrences": 35.0, "days_affected": 2, "first_occurrence": "2026-01-09 18:46:50", "last_occurrence": "2026-01-10 02:01:45", "all_datetimes": "2026-01-09 18:46:50, 2026-01-09 19:01:45, 2026-01-09 19:17:09, 2026-01-09 19:31:38, 2026-01-09 19:46:40, 2026-01-09 20:01:45, 2026-01-09 20:16:40, 2026-01-09 20:32:09, 2026-01-09 20:47:17, 2026-01-09 21:01:42, 2026-01-09 21:17:15, 2026-01-09 21:24:07, 2026-01-09 21:31:39, 2026-01-09 21:47:12, 2026-01-09 22:01:44, 2026-01-09 22:16:46, 2026-01-09 22:32:04, 2026-01-09 22:46:41, 2026-01-09 23:02:08, 2026-01-09 23:04:08, 2026-01-09 23:16:40, 2026-01-09 23:31:48, 2026-01-09 23:46:45, 2026-01-09 23:47:20, 2026-01-10 00:01:46, 2026-01-10 00:17:13, 2026-01-10 00:31:53, 2026-01-10 00:36:33, 2026-01-10 00:46:46, 2026-01-10 01:01:52, 2026-01-10 01:16:57, 2026-01-10 01:31:57, 2026-01-10 01:47:16, 2026-01-10 01:47:22, 2026-01-10 02:01:45" }, "geometry": { "type": "Polygon", "coordinates": [ [ [ -79.221675536803829, 47.63817241066296 ], [ -79.228523198236061, 47.640517850883583 ], [ -79.228942056748423, 47.64569854198885 ], [ -79.222511948202609, 47.648533881253826 ], [ -79.215663458175186, 47.646188107571888 ], [ -79.215245905330249, 47.641007328154778 ], [ -79.221675536803829, 47.63817241066296 ] ] ] } },
{ "type": "Feature", "properties": { "hex_id": 301652, "centroid_lon": -76.435604893654272, "centroid_lat": 45.787089304354055, "total_occurrences": 35.0, "days_affected": 2, "first_occurrence": "2026-01-09 18:46:50", "last_occurrence": "2026-01-10 02:01:45", "all_datetimes": "2026-01-09 18:46:50, 2026-01-09 19:01:45, 2026-01-09 19:17:09, 2026-01-09 19:31:38, 2026-01-09 19:46:40, 2026-01-09 20:01:45, 2026-01-09 20:16:40, 2026-01-09 20:32:09, 2026-01-09 20:47:17, 2026-01-09 21:01:42, 2026-01-09 21:17:15, 2026-01-09 21:24:07, 2026-01-09 21:31:39, 2026-01-09 21:47:12, 2026-01-09 22:01:44, 2026-01-09 22:16:46, 2026-01-09 22:32:04, 2026-01-09 22:46:41, 2026-01-09 23:02:08, 2026-01-09 23:04:08, 2026-01-09 23:16:40, 2026-01-09 23:31:48, 2026-01-09 23:46:45, 2026-01-09 23:47:20, 2026-01-10 00:01:46, 2026-01-10 00:17:13, 2026-01-10 00:31:53, 2026-01-10 00:36:33, 2026-01-10 00:46:46, 2026-01-10 01:01:52, 2026-01-10 01:16:57, 2026-01-10 01:31:57, 2026-01-10 01:47:16, 2026-01-10 01:47:22, 2026-01-10 02:01:45" }, "geometry": { "type": "Polygon", "coordinates": [ [ [ -76.43547153077148, 45.78189438974367 ], [ -76.441968497749116, 45.784410860877479 ], [ -76.442102475861361, 45.789605758370357 ], [ -76.435738293082238, 45.792284213917611 ], [ -76.429240674323808, 45.789767399323573 ], [ -76.429107890137644, 45.784572472707644 ], [ -76.43547153077148, 45.78189438974367 ] ] ] } },
{ "type": "Feature", "properties": { "hex_id": 523234, "centroid_lon": -74.107778587130937, "centroid_lat": 45.332711811455013, "total_occurrences": 71.0, "days_affected": 2, "first_occurrence": "2026-01-09 18:46:50", "last_occurrence": "2026-01-10 09:16:39", "all_datetimes": "2026-01-09 18:46:50, 2026-01-09 19:01:45, 2026-01-09 19:17:09, 2026-01-09 19:31:38, 2026-01-09 19:46:40, 2026-01-09 20:01:45, 2026-01-09 20:16:40, 2026-01-09 20:32:09, 2026-01-09 20:47:17, 2026-01-09 21:01:42, 2026-01-09 21:17:15, 2026-01-09 21:24:07, 2026-01-09 21:31:39, 2026-01-09 21:47:12, 2026-01-09 22:01:44, 2026-01-09 22:16:46, 2026-01-09 22:32:04, 2026-01-09 22:46:41, 2026-01-09 23:02:08, 2026-01-09 23:04:08, 2026-01-09 23:16:40, 2026-01-09 23:31:48, 2026-01-09 23:46:45, 2026-01-09 23:47:20, 2026-01-10 00:01:46, 2026-01-10 00:17:13, 2026-01-10 00:31:53, 2026-01-10 00:36:33, 2026-01-10 00:46:46, 2026-01-10 01:01:52, 2026-01-10 01:16:57, 2026-01-10 01:31:57, 2026-01-10 01:47:16, 2026-01-10 01:47:22, 2026-01-10 02:01:45, 2026-01-10 02:16:50, 2026-01-10 02:31:07, 2026-01-10 02:32:06, 2026-01-10 02:46:45, 2026-01-10 03:01:57, 2026-01-10 03:17:07, 2026-01-10 03:31:48, 2026-01-10 03:40:14, 2026-01-10 03:46:52, 2026-01-10 04:01:38, 2026-01-10 04:16:52, 2026-01-10 04:31:46, 2026-01-10 04:32:51, 2026-01-10 04:46:51, 2026-01-10 05:02:13, 2026-01-10 05:16:44, 2026-01-10 05:31:37, 2026-01-10 05:35:58, 2026-01-10 05:46:51, 2026-01-10 06:01:50, 2026-01-10 06:16:51, 2026-01-10 06:28:23, 2026-01-10 06:32:04, 2026-01-10 06:47:08, 2026-01-10 07:01:41, 2026-01-10 07:16:37, 2026-01-10 07:31:49, 2026-01-10 07:46:56, 2026-01-10 08:00:39, 2026-01-10 08:01:56, 2026-01-10 08:16:49, 2026-01-10 08:32:06, 2026-01-10 08:40:23, 2026-01-10 08:47:00, 2026-01-10 09:02:09, 2026-01-10 09:16:39" }, "geometry": { "type": "Polygon", "coordinates": [ [ [ -74.107860174455965, 45.327515479184612 ], [ -74.114199309020933, 45.330163306366508 ], [ -74.114118293895842, 45.335359645154 ], [ -74.107696977566931, 45.337908138862304 ], [ -74.101357293044742, 45.335259949993876 ], [ -74.101439474801239, 45.33006362916786 ], [ -74.107860174455965, 45.327515479184612 ] ] ] } },
{ "type": "Feature", "properties": { "hex_id": 547663, "centroid_lon": -73.849741390039028, "centroid_lat": 45.47072105366756, "total_occurrences": 40.0, "days_affected": 2, "first_occurrence": "2026-01-09 18:46:50", "last_occurrence": "2026-01-10 03:01:57", "all_datetimes": "2026-01-09 18:46:50, 2026-01-09 19:01:45, 2026-01-09 19:17:09, 2026-01-09 19:31:38, 2026-01-09 19:46:40, 2026-01-09 20:01:45, 2026-01-09 20:16:40, 2026-01-09 20:32:09, 2026-01-09 20:47:17, 2026-01-09 21:01:42, 2026-01-09 21:17:15, 2026-01-09 21:24:07, 2026-01-09 21:31:39, 2026-01-09 21:47:12, 2026-01-09 22:01:44, 2026-01-09 22:16:46, 2026-01-09 22:32:04, 2026-01-09 22:46:41, 2026-01-09 23:02:08, 2026-01-09 23:04:08, 2026-01-09 23:16:40, 2026-01-09 23:31:48, 2026-01-09 23:46:45, 2026-01-09 23:47:20, 2026-01-10 00:01:46, 2026-01-10 00:17:13, 2026-01-10 00:31:53, 2026-01-10 00:36:33, 2026-01-10 00:46:46, 2026-01-10 01:01:52, 2026-01-10 01:16:57, 2026-01-10 01:31:57, 2026-01-10 01:47:16, 2026-01-10 01:47:22, 2026-01-10 02:01:45, 2026-01-10 02:16:50, 2026-01-10 02:31:07, 2026-01-10 02:32:06, 2026-01-10 02:46:45, 2026-01-10 03:01:57" }, "geometry": { "type": "Polygon", "coordinates": [ [ [ -73.849847077330111, 45.465525265266727 ], [ -73.856189201395878, 45.468187382926367 ], [ -73.856084087051173, 45.473383180430027 ], [ -73.84963567389471, 45.475916837129432 ], [ -73.843293005740662, 45.473254353592175 ], [ -73.84339929482168, 45.468058579297598 ], [ -73.849847077330111, 45.465525265266727 ] ] ] } },
{ "type": "Feature", "properties": { "hex_id": 800440, "centroid_lon": -71.173693142865574, "centroid_lat": 45.880102721861569, "total_occurrences": 4.0, "days_affected": 1, "first_occurrence": "2026-01-09 18:46:50", "last_occurrence": "2026-01-09 19:31:38", "all_datetimes": "2026-01-09 18:46:50, 2026-01-09 19:01:45, 2026-01-09 19:17:09, 2026-01-09 19:31:38" }, "geometry": { "type": "Polygon", "coordinates": [ [ [ -71.174049521847863, 45.874917859148219 ], [ -71.180300047648672, 45.877725681607224 ], [ -71.179944215196372, 45.882910579623882 ], [ -71.173336666300486, 45.885287577695657 ], [ -71.167085691569, 45.882479360700884 ], [ -71.167442714631107, 45.877294540234544 ], [ -71.174049521847863, 45.874917859148219 ] ] ] } },
{ "type": "Feature", "properties": { "hex_id": 897632, "centroid_lon": -69.978169833300399, "centroid_lat": 47.743578512917594, "total_occurrences": 4.0, "days_affected": 1, "first_occurrence": "2026-01-09 18:46:50", "last_occurrence": "2026-01-09 19:31:38", "all_datetimes": "2026-01-09 18:46:50, 2026-01-09 19:01:45, 2026-01-09 19:17:09, 2026-01-09 19:31:38" }, "geometry": { "type": "Polygon", "coordinates": [ [ [ -69.978668745841887, 47.738403714874515 ], [ -69.985063226990732, 47.74128236934741 ], [ -69.984564897957782, 47.746457215574807 ], [ -69.977670780908653, 47.748753302317191 ], [ -69.971275856126326, 47.745874218466938 ], [ -69.97177549197707, 47.740699477319815 ], [ -69.978668745841887, 47.738403714874515 ] ] ] } },
{ "type": "Feature", "properties": { "hex_id": 299038, "centroid_lon": -76.685152954287972, "centroid_lat": 52.616090988552529, "total_occurrences": 1.0, "days_affected": 1, "first_occurrence": "2026-01-09 19:01:45", "last_occurrence": "2026-01-09 19:01:45", "all_datetimes": "2026-01-09 19:01:45" }, "geometry": { "type": "Polygon", "coordinates": [ [ [ -76.684953725276372, 52.61090284509239 ], [ -76.692434750809753, 52.613391664518986 ], [ -76.692634882113552, 52.618579785794957 ], [ -76.685352244195329, 52.621279126911332 ], [ -76.677870255461571, 52.618789871078512 ], [ -76.677671867871226, 52.613601710621211 ], [ -76.684953725276372, 52.61090284509239 ] ] ] } },
{ "type": "Feature", "properties": { "hex_id": 527486, "centroid_lon": -74.068595771314293, "centroid_lat": 44.997184922186634, "total_occurrences": 67.0, "days_affected": 2, "first_occurrence": "2026-01-09 19:01:45", "last_occurrence": "2026-01-10 14:26:43", "all_datetimes": "2026-01-09 19:01:45, 2026-01-09 19:17:09, 2026-01-09 19:31:38, 2026-01-09 19:46:40, 2026-01-09 20:01:45, 2026-01-09 20:16:40, 2026-01-09 20:32:09, 2026-01-09 20:47:17, 2026-01-09 21:01:42, 2026-01-10 03:01:57, 2026-01-10 03:17:07, 2026-01-10 03:31:48, 2026-01-10 03:40:14, 2026-01-10 03:46:52, 2026-01-10 04:01:38, 2026-01-10 04:16:52, 2026-01-10 04:31:46, 2026-01-10 04:32:51, 2026-01-10 04:46:51, 2026-01-10 05:02:13, 2026-01-10 05:16:44, 2026-01-10 05:31:37, 2026-01-10 05:35:58, 2026-01-10 05:46:51, 2026-01-10 06:01:50, 2026-01-10 06:16:51, 2026-01-10 06:28:23, 2026-01-10 06:32:04, 2026-01-10 06:47:08, 2026-01-10 07:01:41, 2026-01-10 07:16:37, 2026-01-10 07:31:49, 2026-01-10 07:46:56, 2026-01-10 08:00:39, 2026-01-10 08:01:56, 2026-01-10 08:16:49, 2026-01-10 08:32:06, 2026-01-10 08:40:23, 2026-01-10 08:47:00, 2026-01-10 09:02:09, 2026-01-10 09:16:39, 2026-01-10 09:31:52, 2026-01-10 09:33:53, 2026-01-10 09:46:44, 2026-01-10 10:02:10, 2026-01-10 10:16:42, 2026-01-10 10:31:44, 2026-01-10 10:32:02, 2026-01-10 10:46:49, 2026-01-10 11:01:52, 2026-01-10 11:17:04, 2026-01-10 11:31:52, 2026-01-10 11:38:28, 2026-01-10 11:46:36, 2026-01-10 12:01:39, 2026-01-10 12:16:53, 2026-01-10 12:31:48, 2026-01-10 12:32:08, 2026-01-10 12:46:59, 2026-01-10 13:01:55, 2026-01-10 13:16:53, 2026-01-10 13:31:50, 2026-01-10 13:45:18, 2026-01-10 13:46:47, 2026-01-10 14:01:49, 2026-01-10 14:17:10, 2026-01-10 14:26:43" }, "geometry": { "type": "Polygon", "coordinates": [ [ [ -74.068679951300936, 44.991988339993021 ], [ -74.074980382166473, 44.994638183736178 ], [ -74.074896763891175, 44.999834772782805 ], [ -74.068511568471862, 45.002381499507656 ], [ -74.062210598754547, 44.999731297878427 ], [ -74.062295363300763, 44.994534727473855 ], [ -74.068679951300936, 44.991988339993021 ] ] ] } },
{ "type": "Feature", "properties": { "hex_id": 550149, "centroid_lon": -73.809637023415021, "centroid_lat": 46.156254985548216, "total_occurrences": 7.0, "days_affected": 1, "first_occurrence": "2026-01-09 19:17:09", "last_occurrence": "2026-01-09 20:47:17", "all_datetimes": "2026-01-09 19:17:09, 2026-01-09 19:31:38, 2026-01-09 19:46:40, 2026-01-09 20:01:45, 2026-01-09 20:16:40, 2026-01-09 20:32:09, 2026-01-09 20:47:17" }, "geometry": { "type": "Polygon", "coordinates": [ [ [ -73.809749040333756, 46.151059897560799 ], [ -73.816166847821734, 46.153724677306009 ], [ -73.816055424454547, 46.158919774938504 ], [ -73.809524975655037, 46.161450068582162 ], [ -73.803106605462006, 46.158784913819161 ], [ -73.803219246762993, 46.153589840496338 ], [ -73.809749040333756, 46.151059897560799 ] ] ] } },
{ "type": "Feature", "properties": { "hex_id": 556828, "centroid_lon": -73.751230749314985, "centroid_lat": 45.586614513881933, "total_occurrences": 3.0, "days_affected": 1, "first_occurrence": "2026-01-09 19:17:09", "last_occurrence": "2026-01-09 19:46:40", "all_datetimes": "2026-01-09 19:17:09, 2026-01-09 19:31:38, 2026-01-09 19:46:40" }, "geometry": { "type": "Polygon", "coordinates": [ [ [ -73.751345950903428, 45.581419018670211 ], [ -73.757696233153681, 45.584086641259937 ], [ -73.757581606696519, 45.589282146575876 ], [ -73.751115516233, 45.591810004120298 ], [ -73.744764690350337, 45.589142013256598 ], [ -73.744880498553002, 45.583946533187174 ], [ -73.751345950903428, 45.581419018670211 ] ] ] } },
{ "type": "Feature", "properties": { "hex_id": 603217, "centroid_lon": -73.268594189980575, "centroid_lat": 45.440003069684494, "total_occurrences": 77.0, "days_affected": 2, "first_occurrence": "2026-01-09 19:17:09", "last_occurrence": "2026-01-10 11:01:52", "all_datetimes": "2026-01-09 19:17:09, 2026-01-09 19:31:38, 2026-01-09 19:46:40, 2026-01-09 20:01:45, 2026-01-09 20:16:40, 2026-01-09 20:32:09, 2026-01-09 20:47:17, 2026-01-09 21:01:42, 2026-01-09 21:17:15, 2026-01-09 21:24:07, 2026-01-09 21:31:39, 2026-01-09 21:47:12, 2026-01-09 22:01:44, 2026-01-09 22:16:46, 2026-01-09 22:32:04, 2026-01-09 22:46:41, 2026-01-09 23:02:08, 2026-01-09 23:04:08, 2026-01-09 23:16:40, 2026-01-09 23:31:48, 2026-01-09 23:46:45, 2026-01-09 23:47:20, 2026-01-10 00:01:46, 2026-01-10 00:17:13, 2026-01-10 00:31:53, 2026-01-10 00:36:33, 2026-01-10 00:46:46, 2026-01-10 01:01:52, 2026-01-10 01:16:57, 2026-01-10 01:31:57, 2026-01-10 01:47:16, 2026-01-10 01:47:22, 2026-01-10 02:01:45, 2026-01-10 02:16:50, 2026-01-10 02:31:07, 2026-01-10 02:32:06, 2026-01-10 02:46:45, 2026-01-10 03:01:57, 2026-01-10 03:17:07, 2026-01-10 03:31:48, 2026-01-10 03:40:14, 2026-01-10 03:46:52, 2026-01-10 04:16:52, 2026-01-10 04:31:46, 2026-01-10 04:32:51, 2026-01-10 04:46:51, 2026-01-10 05:02:13, 2026-01-10 05:16:44, 2026-01-10 05:31:37, 2026-01-10 05:35:58, 2026-01-10 05:46:51, 2026-01-10 06:01:50, 2026-01-10 06:16:51, 2026-01-10 06:28:23, 2026-01-10 06:32:04, 2026-01-10 06:47:08, 2026-01-10 07:01:41, 2026-01-10 07:16:37, 2026-01-10 07:31:49, 2026-01-10 07:46:56, 2026-01-10 08:00:39, 2026-01-10 08:01:56, 2026-01-10 08:16:49, 2026-01-10 08:32:06, 2026-01-10 08:40:23, 2026-01-10 08:47:00, 2026-01-10 09:02:09, 2026-01-10 09:16:39, 2026-01-10 09:31:52, 2026-01-10 09:33:53, 2026-01-10 09:46:44, 2026-01-10 10:02:10, 2026-01-10 10:16:42, 2026-01-10 10:31:44, 2026-01-10 10:32:02, 2026-01-10 10:46:49, 2026-01-10 11:01:52" }, "geometry": { "type": "Polygon", "coordinates": [ [ [ -73.268753090195048, 45.43480858067052 ], [ -73.275063511508023, 45.437502528025412 ], [ -73.274905175446648, 45.442697031869862 ], [ -73.268435246412466, 45.445197553519144 ], [ -73.262124304307278, 45.44250323527173 ], [ -73.262283812013976, 45.437308766331824 ], [ -73.268753090195048, 45.43480858067052 ] ] ] } },
{ "type": "Feature", "properties": { "hex_id": 613621, "centroid_lon": -73.146911340052029, "centroid_lat": 45.83564379156293, "total_occurrences": 12.0, "days_affected": 1, "first_occurrence": "2026-01-09 19:17:09", "last_occurrence": "2026-01-09 21:47:12", "all_datetimes": "2026-01-09 19:17:09, 2026-01-09 19:31:38, 2026-01-09 19:46:40, 2026-01-09 20:01:45, 2026-01-09 20:16:40, 2026-01-09 20:32:09, 2026-01-09 20:47:17, 2026-01-09 21:01:42, 2026-01-09 21:17:15, 2026-01-09 21:24:07, 2026-01-09 21:31:39, 2026-01-09 21:47:12" }, "geometry": { "type": "Polygon", "coordinates": [ [ [ -73.147083765444265, 45.830450009430557 ], [ -73.153432121619204, 45.833151102729936 ], [ -73.153260270594288, 45.838344901013215 ], [ -73.146738867391946, 45.840837568448343 ], [ -73.140389984125576, 45.838136098084767 ], [ -73.140563031136963, 45.832942337415375 ], [ -73.147083765444265, 45.830450009430557 ] ] ] } },
{ "type": "Feature", "properties": { "hex_id": 879241, "centroid_lon": -70.283435162779398, "centroid_lat": 46.57173052392384, "total_occurrences": 13.0, "days_affected": 1, "first_occurrence": "2026-01-09 19:17:09", "last_occurrence": "2026-01-09 22:01:44", "all_datetimes": "2026-01-09 19:17:09, 2026-01-09 19:31:38, 2026-01-09 19:46:40, 2026-01-09 20:01:45, 2026-01-09 20:16:40, 2026-01-09 20:32:09, 2026-01-09 20:47:17, 2026-01-09 21:01:42, 2026-01-09 21:17:15, 2026-01-09 21:24:07, 2026-01-09 21:31:39, 2026-01-09 21:47:12, 2026-01-09 22:01:44" }, "geometry": { "type": "Polygon", "coordinates": [ [ [ -70.283885012790876, 46.56655231180774 ], [ -70.29016249551087, 46.569409916791514 ], [ -70.289713198128212, 46.574588173162525 ], [ -70.28298518863896, 46.576908727981269 ], [ -70.276707277440423, 46.574050712276971 ], [ -70.277157804167047, 46.568872552539965 ], [ -70.283885012790876, 46.56655231180774 ] ] ] } },
{ "type": "Feature", "properties": { "hex_id": 590400, "centroid_lon": -73.40125248161192, "centroid_lat": 45.496504478151095, "total_occurrences": 33.0, "days_affected": 2, "first_occurrence": "2026-01-09 19:46:40", "last_occurrence": "2026-01-10 11:38:28", "all_datetimes": "2026-01-09 19:46:40, 2026-01-10 05:31:37, 2026-01-10 05:35:58, 2026-01-10 05:46:51, 2026-01-10 06:01:50, 2026-01-10 06:16:51, 2026-01-10 06:28:23, 2026-01-10 06:32:04, 2026-01-10 06:47:08, 2026-01-10 07:01:41, 2026-01-10 07:16:37, 2026-01-10 07:31:49, 2026-01-10 07:46:56, 2026-01-10 08:00:39, 2026-01-10 08:01:56, 2026-01-10 08:16:49, 2026-01-10 08:32:06, 2026-01-10 08:40:23, 2026-01-10 08:47:00, 2026-01-10 09:02:09, 2026-01-10 09:16:39, 2026-01-10 09:31:52, 2026-01-10 09:33:53, 2026-01-10 09:46:44, 2026-01-10 10:02:10, 2026-01-10 10:16:42, 2026-01-10 10:31:44, 2026-01-10 10:32:02, 2026-01-10 10:46:49, 2026-01-10 11:01:52, 2026-01-10 11:17:04, 2026-01-10 11:31:52, 2026-01-10 11:38:28" }, "geometry": { "type": "Polygon", "coordinates": [ [ [ -73.401399499563382, 45.491309690568251 ], [ -73.407722678130853, 45.49399645185354 ], [ -73.407576227837765, 45.499191252978349 ], [ -73.401105423518814, 45.501699260617507 ], [ -73.394781717441319, 45.499012128939611 ], [ -73.394929343179356, 45.493817360079575 ], [ -73.401399499563382, 45.491309690568251 ] ] ] } },
{ "type": "Feature", "properties": { "hex_id": 591634, "centroid_lon": -73.382647388683793, "centroid_lat": 45.698916109997541, "total_occurrences": 72.0, "days_affected": 2, "first_occurrence": "2026-01-09 19:46:40", "last_occurrence": "2026-01-10 10:16:42", "all_datetimes": "2026-01-09 19:46:40, 2026-01-09 20:01:45, 2026-01-09 20:16:40, 2026-01-09 20:32:09, 2026-01-09 20:47:17, 2026-01-09 21:01:42, 2026-01-09 21:17:15, 2026-01-09 21:24:07, 2026-01-09 21:31:39, 2026-01-09 21:47:12, 2026-01-09 22:01:44, 2026-01-09 22:16:46, 2026-01-09 22:32:04, 2026-01-09 22:46:41, 2026-01-09 23:02:08, 2026-01-09 23:04:08, 2026-01-09 23:16:40, 2026-01-09 23:31:48, 2026-01-09 23:46:45, 2026-01-09 23:47:20, 2026-01-10 00:01:46, 2026-01-10 00:17:13, 2026-01-10 00:31:53, 2026-01-10 00:36:33, 2026-01-10 00:46:46, 2026-01-10 01:01:52, 2026-01-10 01:16:57, 2026-01-10 01:31:57, 2026-01-10 01:47:16, 2026-01-10 01:47:22, 2026-01-10 02:01:45, 2026-01-10 02:16:50, 2026-01-10 02:31:07, 2026-01-10 02:32:06, 2026-01-10 02:46:45, 2026-01-10 03:01:57, 2026-01-10 03:17:07, 2026-01-10 03:31:48, 2026-01-10 03:40:14, 2026-01-10 03:46:52, 2026-01-10 04:01:38, 2026-01-10 04:16:52, 2026-01-10 04:31:46, 2026-01-10 04:32:51, 2026-01-10 04:46:51, 2026-01-10 05:02:13, 2026-01-10 05:16:44, 2026-01-10 05:31:37, 2026-01-10 05:35:58, 2026-01-10 05:46:51, 2026-01-10 06:01:50, 2026-01-10 06:16:51, 2026-01-10 06:28:23, 2026-01-10 06:32:04, 2026-01-10 06:47:08, 2026-01-10 07:01:41, 2026-01-10 07:16:37, 2026-01-10 07:31:49, 2026-01-10 07:46:56, 2026-01-10 08:00:39, 2026-01-10 08:01:56, 2026-01-10 08:16:49, 2026-01-10 08:32:06, 2026-01-10 08:40:23, 2026-01-10 08:47:00, 2026-01-10 09:02:09, 2026-01-10 09:16:39, 2026-01-10 09:31:52, 2026-01-10 09:33:53, 2026-01-10 09:46:44, 2026-01-10 10:02:10, 2026-01-10 10:16:42" }, "geometry": { "type": "Polygon", "coordinates": [ [ [ -73.382797170042252, 45.693721554661174 ], [ -73.389141946550296, 45.696409551087676 ], [ -73.388992738694398, 45.701604120205971 ], [ -73.382497566328965, 45.704110660207121 ], [ -73.376152257321607, 45.701422290636629 ], [ -73.376302653165197, 45.696227754273863 ], [ -73.382797170042252, 45.693721554661174 ] ] ] } },
{ "type": "Feature", "properties": { "hex_id": 630758, "centroid_lon": -72.94190701954561, "centroid_lat": 46.502460612209411, "total_occurrences": 43.0, "days_affected": 2, "first_occurrence": "2026-01-09 19:46:40", "last_occurrence": "2026-01-10 05:46:51", "all_datetimes": "2026-01-09 19:46:40, 2026-01-09 20:01:45, 2026-01-09 20:16:40, 2026-01-09 20:32:09, 2026-01-09 20:47:17, 2026-01-09 21:01:42, 2026-01-09 21:17:15, 2026-01-09 21:24:07, 2026-01-09 21:31:39, 2026-01-09 21:47:12, 2026-01-09 22:01:44, 2026-01-09 22:16:46, 2026-01-09 22:32:04, 2026-01-09 22:46:41, 2026-01-10 00:17:13, 2026-01-10 00:31:53, 2026-01-10 00:36:33, 2026-01-10 00:46:46, 2026-01-10 01:01:52, 2026-01-10 01:16:57, 2026-01-10 01:31:57, 2026-01-10 01:47:16, 2026-01-10 01:47:22, 2026-01-10 02:01:45, 2026-01-10 02:16:50, 2026-01-10 02:31:07, 2026-01-10 02:32:06, 2026-01-10 02:46:45, 2026-01-10 03:01:57, 2026-01-10 03:17:07, 2026-01-10 03:31:48, 2026-01-10 03:40:14, 2026-01-10 03:46:52, 2026-01-10 04:01:38, 2026-01-10 04:16:52, 2026-01-10 04:31:46, 2026-01-10 04:32:51, 2026-01-10 04:46:51, 2026-01-10 05:02:13, 2026-01-10 05:16:44, 2026-01-10 05:31:37, 2026-01-10 05:35:58, 2026-01-10 05:46:51" }, "geometry": { "type": "Polygon", "coordinates": [ [ [ -72.942103017868362, 46.497268073718836 ], [ -72.948517015911463, 46.499981372772446 ], [ -72.94832160970897, 46.505173929677348 ], [ -72.941710967040621, 46.507653145326998 ], [ -72.935296431068863, 46.504939458626218 ], [ -72.935493075675424, 46.499746943989635 ], [ -72.942103017868362, 46.497268073718836 ] ] ] } },
{ "type": "Feature", "properties": { "hex_id": 671651, "centroid_lon": -72.513130038681155, "centroid_lat": 46.330256799695313, "total_occurrences": 6.0, "days_affected": 1, "first_occurrence": "2026-01-09 19:46:40", "last_occurrence": "2026-01-09 21:01:42", "all_datetimes": "2026-01-09 19:46:40, 2026-01-09 20:01:45, 2026-01-09 20:16:40, 2026-01-09 20:32:09, 2026-01-09 20:47:17, 2026-01-09 21:01:42" }, "geometry": { "type": "Polygon", "coordinates": [ [ [ -72.513365428914724, 46.325065648272314 ], [ -72.519737341546559, 46.327802260998432 ], [ -72.519502531699544, 46.332993435006749 ], [ -72.512894583540785, 46.335447945458995 ], [ -72.506522155440337, 46.332710943518599 ], [ -72.506758190945021, 46.327519820406351 ], [ -72.513365428914724, 46.325065648272314 ] ] ] } },
{ "type": "Feature", "properties": { "hex_id": 782183, "centroid_lon": -71.306253755331269, "centroid_lat": 46.788669244041408, "total_occurrences": 9.0, "days_affected": 1, "first_occurrence": "2026-01-09 19:46:40", "last_occurrence": "2026-01-09 21:31:39", "all_datetimes": "2026-01-09 19:46:40, 2026-01-09 20:01:45, 2026-01-09 20:16:40, 2026-01-09 20:32:09, 2026-01-09 20:47:17, 2026-01-09 21:01:42, 2026-01-09 21:17:15, 2026-01-09 21:24:07, 2026-01-09 21:31:39" }, "geometry": { "type": "Polygon", "coordinates": [ [ [ -71.30660888461037, 46.783484418246552 ], [ -71.312968376705214, 46.786287898687853 ], [ -71.31261382336065, 46.791472759109176 ], [ -71.305898527647386, 46.793854063045437 ], [ -71.299538558039814, 46.791050176965292 ], [ -71.299894361624169, 46.785865392654408 ], [ -71.30660888461037, 46.783484418246552 ] ] ] } },
{ "type": "Feature", "properties": { "hex_id": 586129, "centroid_lon": -73.444958915473364, "centroid_lat": 45.536084161640041, "total_occurrences": 3.0, "days_affected": 1, "first_occurrence": "2026-01-09 20:01:45", "last_occurrence": "2026-01-09 20:32:09", "all_datetimes": "2026-01-09 20:01:45, 2026-01-09 20:16:40, 2026-01-09 20:32:09" }, "geometry": { "type": "Polygon", "coordinates": [ [ [ -73.445102112649337, 45.530889300943329 ], [ -73.451431821208175, 45.533573709639747 ], [ -73.451289193475858, 45.538768583458364 ], [ -73.444815679179499, 45.541279017239859 ], [ -73.438485440301449, 45.538594238051559 ], [ -73.438629246025855, 45.533399395638199 ], [ -73.445102112649337, 45.530889300943329 ] ] ] } },
{ "type": "Feature", "properties": { "hex_id": 642919, "centroid_lon": -72.841693492934468, "centroid_lat": 45.736744516990541, "total_occurrences": 53.0, "days_affected": 2, "first_occurrence": "2026-01-09 20:01:45", "last_occurrence": "2026-01-10 06:32:04", "all_datetimes": "2026-01-09 20:01:45, 2026-01-09 20:16:40, 2026-01-09 20:32:09, 2026-01-09 20:47:17, 2026-01-09 21:01:42, 2026-01-09 21:17:15, 2026-01-09 21:24:07, 2026-01-09 21:31:39, 2026-01-09 21:47:12, 2026-01-09 22:01:44, 2026-01-09 22:16:46, 2026-01-09 22:32:04, 2026-01-09 22:46:41, 2026-01-09 23:02:08, 2026-01-09 23:04:08, 2026-01-09 23:16:40, 2026-01-09 23:31:48, 2026-01-09 23:46:45, 2026-01-09 23:47:20, 2026-01-10 00:01:46, 2026-01-10 00:17:13, 2026-01-10 00:31:53, 2026-01-10 00:36:33, 2026-01-10 00:46:46, 2026-01-10 01:01:52, 2026-01-10 01:16:57, 2026-01-10 01:31:57, 2026-01-10 01:47:16, 2026-01-10 01:47:22, 2026-01-10 02:01:45, 2026-01-10 02:16:50, 2026-01-10 02:31:07, 2026-01-10 02:32:06, 2026-01-10 02:46:45, 2026-01-10 03:01:57, 2026-01-10 03:17:07, 2026-01-10 03:31:48, 2026-01-10 03:40:14, 2026-01-10 03:46:52, 2026-01-10 04:01:38, 2026-01-10 04:16:52, 2026-01-10 04:31:46, 2026-01-10 04:32:51, 2026-01-10 04:46:51, 2026-01-10 05:02:13, 2026-01-10 05:16:44, 2026-01-10 05:31:37, 2026-01-10 05:35:58, 2026-01-10 05:46:51, 2026-01-10 06:01:50, 2026-01-10 06:16:51, 2026-01-10 06:28:23, 2026-01-10 06:32:04" }, "geometry": { "type": "Polygon", "coordinates": [ [ [ -72.841893614562466, 45.731551614905023 ], [ -72.848215558935351, 45.734269252148415 ], [ -72.848016004362847, 45.739462173350958 ], [ -72.841493316523241, 45.741937413652764 ], [ -72.835170859887342, 45.739219397863963 ], [ -72.835371603335574, 45.734026520383566 ], [ -72.841893614562466, 45.731551614905023 ] ] ] } },
{ "type": "Feature", "properties": { "hex_id": 293719, "centroid_lon": -76.520684475816964, "centroid_lat": 45.840552412880214, "total_occurrences": 114.0, "days_affected": 2, "first_occurrence": "2026-01-09 20:16:40", "last_occurrence": "2026-01-10 21:16:56", "all_datetimes": "2026-01-09 20:16:40, 2026-01-09 20:32:09, 2026-01-09 20:47:17, 2026-01-09 21:01:42, 2026-01-09 21:17:15, 2026-01-09 21:24:07, 2026-01-09 21:31:39, 2026-01-09 21:47:12, 2026-01-09 22:01:44, 2026-01-09 22:16:46, 2026-01-09 22:32:04, 2026-01-09 22:46:41, 2026-01-09 23:02:08, 2026-01-09 23:04:08, 2026-01-09 23:16:40, 2026-01-09 23:31:48, 2026-01-09 23:46:45, 2026-01-09 23:47:20, 2026-01-10 00:01:46, 2026-01-10 00:17:13, 2026-01-10 00:31:53, 2026-01-10 00:36:33, 2026-01-10 00:46:46, 2026-01-10 01:01:52, 2026-01-10 01:16:57, 2026-01-10 01:31:57, 2026-01-10 01:47:16, 2026-01-10 01:47:22, 2026-01-10 02:01:45, 2026-01-10 02:16:50, 2026-01-10 04:16:52, 2026-01-10 04:31:46, 2026-01-10 04:32:51, 2026-01-10 04:46:51, 2026-01-10 05:02:13, 2026-01-10 05:16:44, 2026-01-10 05:31:37, 2026-01-10 05:35:58, 2026-01-10 05:46:51, 2026-01-10 06:01:50, 2026-01-10 06:16:51, 2026-01-10 06:28:23, 2026-01-10 06:32:04, 2026-01-10 06:47:08, 2026-01-10 07:01:41, 2026-01-10 07:16:37, 2026-01-10 07:31:49, 2026-01-10 07:46:56, 2026-01-10 08:00:39, 2026-01-10 08:01:56, 2026-01-10 08:16:49, 2026-01-10 08:32:06, 2026-01-10 08:40:23, 2026-01-10 08:47:00, 2026-01-10 09:02:09, 2026-01-10 09:16:39, 2026-01-10 09:31:52, 2026-01-10 09:33:53, 2026-01-10 09:46:44, 2026-01-10 10:02:10, 2026-01-10 10:16:42, 2026-01-10 10:31:44, 2026-01-10 10:32:02, 2026-01-10 10:46:49, 2026-01-10 11:01:52, 2026-01-10 11:17:04, 2026-01-10 11:31:52, 2026-01-10 11:38:28, 2026-01-10 11:46:36, 2026-01-10 12:01:39, 2026-01-10 12:16:53, 2026-01-10 12:31:48, 2026-01-10 12:32:08, 2026-01-10 12:46:59, 2026-01-10 13:01:55, 2026-01-10 13:16:53, 2026-01-10 13:31:50, 2026-01-10 13:45:18, 2026-01-10 13:46:47, 2026-01-10 14:01:49, 2026-01-10 14:17:10, 2026-01-10 14:26:43, 2026-01-10 14:31:57, 2026-01-10 14:46:44, 2026-01-10 15:02:09, 2026-01-10 15:16:35, 2026-01-10 15:31:36, 2026-01-10 15:35:25, 2026-01-10 15:46:38, 2026-01-10 16:01:42, 2026-01-10 16:16:42, 2026-01-10 16:30:18, 2026-01-10 16:31:48, 2026-01-10 16:46:49, 2026-01-10 17:01:47, 2026-01-10 17:16:52, 2026-01-10 17:32:06, 2026-01-10 17:35:18, 2026-01-10 17:46:57, 2026-01-10 18:01:40, 2026-01-10 18:17:22, 2026-01-10 18:31:07, 2026-01-10 18:31:38, 2026-01-10 18:46:46, 2026-01-10 19:02:37, 2026-01-10 19:17:03, 2026-01-10 19:31:52, 2026-01-10 19:47:00, 2026-01-10 20:02:11, 2026-01-10 20:17:06, 2026-01-10 20:31:43, 2026-01-10 20:47:07, 2026-01-10 21:01:33, 2026-01-10 21:16:56" }, "geometry": { "type": "Polygon", "coordinates": [ [ [ -76.520542947594194, 45.83535774642985 ], [ -76.52704990446945, 45.837869228524291 ], [ -76.527192050646534, 45.843063876961928 ], [ -76.520826042846593, 45.845747074246844 ], [ -76.514318429203584, 45.84323524896589 ], [ -76.514177480141427, 45.838040569651767 ], [ -76.520542947594194, 45.83535774642985 ] ] ] } },
{ "type": "Feature", "properties": { "hex_id": 434179, "centroid_lon": -75.040276024633528, "centroid_lat": 46.552147809628927, "total_occurrences": 1.0, "days_affected": 1, "first_occurrence": "2026-01-09 20:16:40", "last_occurrence": "2026-01-09 20:16:40", "all_datetimes": "2026-01-09 20:16:40" }, "geometry": { "type": "Polygon", "coordinates": [ [ [ -75.040272181549554, 46.546951961289096 ], [ -75.046796223895583, 46.549547403930319 ], [ -75.046800689958673, 46.554743249451555 ], [ -75.040279868781255, 46.557343653227306 ], [ -75.033755202392143, 46.554747842669705 ], [ -75.033751981223901, 46.549551996319849 ], [ -75.040272181549554, 46.546951961289096 ] ] ] } },
{ "type": "Feature", "properties": { "hex_id": 435396, "centroid_lon": -75.027200025159161, "centroid_lat": 46.48980115730668, "total_occurrences": 30.0, "days_affected": 2, "first_occurrence": "2026-01-09 20:16:40", "last_occurrence": "2026-01-10 02:16:50", "all_datetimes": "2026-01-09 20:16:40, 2026-01-09 20:32:09, 2026-01-09 20:47:17, 2026-01-09 21:01:42, 2026-01-09 21:17:15, 2026-01-09 21:24:07, 2026-01-09 21:31:39, 2026-01-09 21:47:12, 2026-01-09 22:01:44, 2026-01-09 22:16:46, 2026-01-09 22:32:04, 2026-01-09 22:46:41, 2026-01-09 23:02:08, 2026-01-09 23:04:08, 2026-01-09 23:16:40, 2026-01-09 23:31:48, 2026-01-09 23:46:45, 2026-01-09 23:47:20, 2026-01-10 00:01:46, 2026-01-10 00:17:13, 2026-01-10 00:31:53, 2026-01-10 00:36:33, 2026-01-10 00:46:46, 2026-01-10 01:01:52, 2026-01-10 01:16:57, 2026-01-10 01:31:57, 2026-01-10 01:47:16, 2026-01-10 01:47:22, 2026-01-10 02:01:45, 2026-01-10 02:16:50" }, "geometry": { "type": "Polygon", "coordinates": [ [ [ -75.027197435409747, 46.484605251372592 ], [ -75.033713396642355, 46.487201470276993 ], [ -75.033716607134679, 46.492397373527133 ], [ -75.027202615624816, 46.494997058498818 ], [ -75.0206860329329, 46.492400472347626 ], [ -75.02068406321041, 46.487204568538502 ], [ -75.027197435409747, 46.484605251372592 ] ] ] } },
{ "type": "Feature", "properties": { "hex_id": 550076, "centroid_lon": -73.833450478250924, "centroid_lat": 45.018412548852176, "total_occurrences": 113.0, "days_affected": 2, "first_occurrence": "2026-01-09 20:16:40", "last_occurrence": "2026-01-10 18:46:46", "all_datetimes": "2026-01-09 20:16:40, 2026-01-09 20:32:09, 2026-01-09 20:47:17, 2026-01-09 21:01:42, 2026-01-09 21:17:15, 2026-01-09 21:24:07, 2026-01-09 21:31:39, 2026-01-09 21:47:12, 2026-01-09 22:01:44, 2026-01-09 22:16:46, 2026-01-09 22:32:04, 2026-01-09 22:46:41, 2026-01-09 23:02:08, 2026-01-09 23:04:08, 2026-01-09 23:16:40, 2026-01-09 23:31:48, 2026-01-09 23:46:45, 2026-01-09 23:47:20, 2026-01-10 00:01:46, 2026-01-10 00:17:13, 2026-01-10 00:31:53, 2026-01-10 00:36:33, 2026-01-10 00:46:46, 2026-01-10 01:01:52, 2026-01-10 01:16:57, 2026-01-10 01:31:57, 2026-01-10 01:47:16, 2026-01-10 01:47:22, 2026-01-10 02:01:45, 2026-01-10 02:16:50, 2026-01-10 02:31:07, 2026-01-10 02:32:06, 2026-01-10 02:46:45, 2026-01-10 03:01:57, 2026-01-10 03:17:07, 2026-01-10 03:31:48, 2026-01-10 03:40:14, 2026-01-10 03:46:52, 2026-01-10 04:01:38, 2026-01-10 04:16:52, 2026-01-10 04:31:46, 2026-01-10 04:32:51, 2026-01-10 04:46:51, 2026-01-10 05:02:13, 2026-01-10 05:16:44, 2026-01-10 05:31:37, 2026-01-10 05:35:58, 2026-01-10 05:46:51, 2026-01-10 06:01:50, 2026-01-10 06:16:51, 2026-01-10 06:28:23, 2026-01-10 06:32:04, 2026-01-10 06:47:08, 2026-01-10 07:01:41, 2026-01-10 07:16:37, 2026-01-10 07:31:49, 2026-01-10 07:46:56, 2026-01-10 08:00:39, 2026-01-10 08:01:56, 2026-01-10 08:16:49, 2026-01-10 08:32:06, 2026-01-10 08:40:23, 2026-01-10 08:47:00, 2026-01-10 09:02:09, 2026-01-10 09:16:39, 2026-01-10 09:31:52, 2026-01-10 09:33:53, 2026-01-10 09:46:44, 2026-01-10 10:02:10, 2026-01-10 10:16:42, 2026-01-10 10:31:44, 2026-01-10 10:32:02, 2026-01-10 10:46:49, 2026-01-10 11:01:52, 2026-01-10 11:17:04, 2026-01-10 11:31:52, 2026-01-10 11:38:28, 2026-01-10 11:46:36, 2026-01-10 12:01:39, 2026-01-10 12:16:53, 2026-01-10 12:31:48, 2026-01-10 12:32:08, 2026-01-10 12:46:59, 2026-01-10 13:01:55, 2026-01-10 13:16:53, 2026-01-10 13:31:50, 2026-01-10 13:45:18, 2026-01-10 13:46:47, 2026-01-10 14:01:49, 2026-01-10 14:17:10, 2026-01-10 14:26:43, 2026-01-10 14:31:57, 2026-01-10 14:46:44, 2026-01-10 15:02:09, 2026-01-10 15:16:35, 2026-01-10 15:31:36, 2026-01-10 15:35:25, 2026-01-10 15:46:38, 2026-01-10 16:01:42, 2026-01-10 16:16:42, 2026-01-10 16:30:18, 2026-01-10 16:31:48, 2026-01-10 16:46:49, 2026-01-10 17:01:47, 2026-01-10 17:16:52, 2026-01-10 17:32:06, 2026-01-10 17:35:18, 2026-01-10 17:46:57, 2026-01-10 18:01:40, 2026-01-10 18:17:22, 2026-01-10 18:31:07, 2026-01-10 18:31:38, 2026-01-10 18:46:46" }, "geometry": { "type": "Polygon", "coordinates": [ [ [ -73.833555985976133, 45.013216377163062 ], [ -73.839847621179032, 45.015879097166852 ], [ -73.839742672731873, 45.021075278030338 ], [ -73.833344941874373, 45.023608715598826 ], [ -73.827052776049527, 45.020945635224898 ], [ -73.827158871694635, 45.015749477716049 ], [ -73.833555985976133, 45.013216377163062 ] ] ] } },
{ "type": "Feature", "properties": { "hex_id": 367018, "centroid_lon": -75.756411932192165, "centroid_lat": 46.456127548778959, "total_occurrences": 11.0, "days_affected": 1, "first_occurrence": "2026-01-09 20:32:09", "last_occurrence": "2026-01-09 22:46:41", "all_datetimes": "2026-01-09 20:32:09, 2026-01-09 20:47:17, 2026-01-09 21:01:42, 2026-01-09 21:17:15, 2026-01-09 21:24:07, 2026-01-09 21:31:39, 2026-01-09 21:47:12, 2026-01-09 22:01:44, 2026-01-09 22:16:46, 2026-01-09 22:32:04, 2026-01-09 22:46:41" }, "geometry": { "type": "Polygon", "coordinates": [ [ [ -75.756339999884204, 46.450932064963474 ], [ -75.762886038983169, 46.453486567101507 ], [ -75.762958600288556, 46.458682040703167 ], [ -75.756483884384352, 46.461323027767122 ], [ -75.749937196400353, 46.458768166461944 ], [ -75.749865873212428, 46.453572677326818 ], [ -75.756339999884204, 46.450932064963474 ] ] ] } },
{ "type": "Feature", "properties": { "hex_id": 498190, "centroid_lon": -74.371702930859087, "centroid_lat": 45.123987810111572, "total_occurrences": 35.0, "days_affected": 2, "first_occurrence": "2026-01-09 20:32:09", "last_occurrence": "2026-01-10 03:31:48", "all_datetimes": "2026-01-09 20:32:09, 2026-01-09 20:47:17, 2026-01-09 21:01:42, 2026-01-09 21:17:15, 2026-01-09 21:24:07, 2026-01-09 21:31:39, 2026-01-09 21:47:12, 2026-01-09 22:01:44, 2026-01-09 22:16:46, 2026-01-09 22:32:04, 2026-01-09 22:46:41, 2026-01-09 23:02:08, 2026-01-09 23:04:08, 2026-01-09 23:16:40, 2026-01-09 23:31:48, 2026-01-09 23:46:45, 2026-01-09 23:47:20, 2026-01-10 00:01:46, 2026-01-10 00:17:13, 2026-01-10 00:31:53, 2026-01-10 00:36:33, 2026-01-10 00:46:46, 2026-01-10 01:01:52, 2026-01-10 01:16:57, 2026-01-10 01:31:57, 2026-01-10 01:47:16, 2026-01-10 01:47:22, 2026-01-10 02:01:45, 2026-01-10 02:16:50, 2026-01-10 02:31:07, 2026-01-10 02:32:06, 2026-01-10 02:46:45, 2026-01-10 03:01:57, 2026-01-10 03:17:07, 2026-01-10 03:31:48" }, "geometry": { "type": "Polygon", "coordinates": [ [ [ -74.371759968957377, 45.118790968979546 ], [ -74.378088459163379, 45.121424184670751 ], [ -74.378031990426265, 45.126621029669977 ], [ -74.371645877250501, 45.129184646437814 ], [ -74.365316833196204, 45.126551074201281 ], [ -74.365374456160822, 45.121354241805989 ], [ -74.371759968957377, 45.118790968979546 ] ] ] } },
{ "type": "Feature", "properties": { "hex_id": 511614, "centroid_lon": -74.23330597058731, "centroid_lat": 45.014001297737998, "total_occurrences": 1.0, "days_affected": 1, "first_occurrence": "2026-01-09 20:32:09", "last_occurrence": "2026-01-09 20:32:09", "all_datetimes": "2026-01-09 20:32:09" }, "geometry": { "type": "Polygon", "coordinates": [ [ [ -74.233375305720443, 45.008804509163028 ], [ -74.239685283463473, 45.011445321299 ], [ -74.239616512655616, 45.016642115100993 ], [ -74.233236616624467, 45.019198081479864 ], [ -74.226926093388954, 45.016556912823546 ], [ -74.226996011670849, 45.011360134372218 ], [ -74.233375305720443, 45.008804509163028 ] ] ] } },
{ "type": "Feature", "properties": { "hex_id": 326687, "centroid_lon": -76.173401422253477, "centroid_lat": 45.86023668526407, "total_occurrences": 41.0, "days_affected": 2, "first_occurrence": "2026-01-09 20:47:17", "last_occurrence": "2026-01-10 04:46:51", "all_datetimes": "2026-01-09 20:47:17, 2026-01-09 21:01:42, 2026-01-09 21:17:15, 2026-01-09 21:24:07, 2026-01-09 21:31:39, 2026-01-09 21:47:12, 2026-01-09 22:01:44, 2026-01-09 22:16:46, 2026-01-09 22:32:04, 2026-01-09 22:46:41, 2026-01-09 23:02:08, 2026-01-09 23:04:08, 2026-01-09 23:16:40, 2026-01-09 23:31:48, 2026-01-09 23:46:45, 2026-01-09 23:47:20, 2026-01-10 00:01:46, 2026-01-10 00:17:13, 2026-01-10 00:31:53, 2026-01-10 00:36:33, 2026-01-10 00:46:46, 2026-01-10 01:01:52, 2026-01-10 01:16:57, 2026-01-10 01:31:57, 2026-01-10 01:47:16, 2026-01-10 01:47:22, 2026-01-10 02:01:45, 2026-01-10 02:16:50, 2026-01-10 02:31:07, 2026-01-10 02:32:06, 2026-01-10 02:46:45, 2026-01-10 03:01:57, 2026-01-10 03:17:07, 2026-01-10 03:31:48, 2026-01-10 03:40:14, 2026-01-10 03:46:52, 2026-01-10 04:01:38, 2026-01-10 04:16:52, 2026-01-10 04:31:46, 2026-01-10 04:32:51, 2026-01-10 04:46:51" }, "geometry": { "type": "Polygon", "coordinates": [ [ [ -76.17329213510412, 45.85504129524179 ], [ -76.179786165517996, 45.857572678789204 ], [ -76.179896067172876, 45.862768054386081 ], [ -76.173510739380859, 45.865432070338848 ], [ -76.167016064478389, 45.862900339582758 ], [ -76.166907361866677, 45.85770494014794 ], [ -76.17329213510412, 45.85504129524179 ] ] ] } },
{ "type": "Feature", "properties": { "hex_id": 330965, "centroid_lon": -76.129744519840585, "centroid_lat": 45.930829139164686, "total_occurrences": 121.0, "days_affected": 2, "first_occurrence": "2026-01-09 20:47:17", "last_occurrence": "2026-01-10 21:16:56", "all_datetimes": "2026-01-09 20:47:17, 2026-01-09 21:01:42, 2026-01-09 21:17:15, 2026-01-09 21:24:07, 2026-01-09 21:31:39, 2026-01-09 21:47:12, 2026-01-09 22:01:44, 2026-01-09 22:16:46, 2026-01-09 22:32:04, 2026-01-09 22:46:41, 2026-01-09 23:02:08, 2026-01-09 23:04:08, 2026-01-09 23:16:40, 2026-01-09 23:31:48, 2026-01-09 23:46:45, 2026-01-09 23:47:20, 2026-01-10 00:01:46, 2026-01-10 00:17:13, 2026-01-10 00:31:53, 2026-01-10 00:36:33, 2026-01-10 00:46:46, 2026-01-10 01:01:52, 2026-01-10 01:16:57, 2026-01-10 01:31:57, 2026-01-10 01:47:16, 2026-01-10 01:47:22, 2026-01-10 02:01:45, 2026-01-10 02:16:50, 2026-01-10 02:31:07, 2026-01-10 02:32:06, 2026-01-10 02:46:45, 2026-01-10 03:01:57, 2026-01-10 03:17:07, 2026-01-10 03:31:48, 2026-01-10 03:40:14, 2026-01-10 03:46:52, 2026-01-10 04:01:38, 2026-01-10 04:16:52, 2026-01-10 04:31:46, 2026-01-10 04:32:51, 2026-01-10 04:46:51, 2026-01-10 05:02:13, 2026-01-10 05:16:44, 2026-01-10 05:31:37, 2026-01-10 05:35:58, 2026-01-10 05:46:51, 2026-01-10 06:01:50, 2026-01-10 06:16:51, 2026-01-10 06:28:23, 2026-01-10 06:32:04, 2026-01-10 06:47:08, 2026-01-10 07:01:41, 2026-01-10 07:16:37, 2026-01-10 07:31:49, 2026-01-10 07:46:56, 2026-01-10 08:00:39, 2026-01-10 08:01:56, 2026-01-10 08:16:49, 2026-01-10 08:32:06, 2026-01-10 08:40:23, 2026-01-10 08:47:00, 2026-01-10 09:02:09, 2026-01-10 09:16:39, 2026-01-10 09:31:52, 2026-01-10 09:33:53, 2026-01-10 09:46:44, 2026-01-10 10:02:10, 2026-01-10 10:16:42, 2026-01-10 10:31:44, 2026-01-10 10:32:02, 2026-01-10 10:46:49, 2026-01-10 11:01:52, 2026-01-10 11:17:04, 2026-01-10 11:31:52, 2026-01-10 11:38:28, 2026-01-10 11:46:36, 2026-01-10 12:01:39, 2026-01-10 12:16:53, 2026-01-10 12:31:48, 2026-01-10 12:32:08, 2026-01-10 12:46:59, 2026-01-10 13:01:55, 2026-01-10 13:16:53, 2026-01-10 13:31:50, 2026-01-10 13:45:18, 2026-01-10 13:46:47, 2026-01-10 14:01:49, 2026-01-10 14:17:10, 2026-01-10 14:26:43, 2026-01-10 14:31:57, 2026-01-10 14:46:44, 2026-01-10 15:02:09, 2026-01-10 15:16:35, 2026-01-10 15:31:36, 2026-01-10 15:35:25, 2026-01-10 15:46:38, 2026-01-10 16:01:42, 2026-01-10 16:16:42, 2026-01-10 16:30:18, 2026-01-10 16:31:48, 2026-01-10 16:46:49, 2026-01-10 17:01:47, 2026-01-10 17:16:52, 2026-01-10 17:32:06, 2026-01-10 17:35:18, 2026-01-10 17:46:57, 2026-01-10 18:01:40, 2026-01-10 18:17:22, 2026-01-10 18:31:07, 2026-01-10 18:31:38, 2026-01-10 18:46:46, 2026-01-10 19:02:37, 2026-01-10 19:17:03, 2026-01-10 19:31:52, 2026-01-10 19:47:00, 2026-01-10 20:02:11, 2026-01-10 20:17:06, 2026-01-10 20:31:43, 2026-01-10 20:47:07, 2026-01-10 21:01:33, 2026-01-10 21:16:56" }, "geometry": { "type": "Polygon", "coordinates": [ [ [ -76.129639038953471, 45.925633733908697 ], [ -76.136139429219313, 45.928167509428988 ], [ -76.136245526379227, 45.933362900695705 ], [ -76.129850029687518, 45.936024539487818 ], [ -76.123348994184127, 45.933490415412713 ], [ -76.123244100619829, 45.92829500116585 ], [ -76.129639038953471, 45.925633733908697 ] ] ] } },
{ "type": "Feature", "properties": { "hex_id": 388396, "centroid_lon": -75.530130478742365, "centroid_lat": 46.621070199010816, "total_occurrences": 1.0, "days_affected": 1, "first_occurrence": "2026-01-09 20:47:17", "last_occurrence": "2026-01-09 20:47:17", "all_datetimes": "2026-01-09 20:47:17" }, "geometry": { "type": "Polygon", "coordinates": [ [ [ -75.530079773301651, 46.615874634987442 ], [ -75.536635232835863, 46.618441974115576 ], [ -75.536686569929401, 46.623637530254129 ], [ -75.530181198230608, 46.626265758251591 ], [ -75.523625092993598, 46.623698055438915 ], [ -75.523575005163039, 46.618502488380571 ], [ -75.530079773301651, 46.615874634987442 ] ] ] } },
{ "type": "Feature", "properties": { "hex_id": 487264, "centroid_lon": -74.477086278075106, "centroid_lat": 46.106696535776614, "total_occurrences": 23.0, "days_affected": 2, "first_occurrence": "2026-01-09 20:47:17", "last_occurrence": "2026-01-10 01:16:57", "all_datetimes": "2026-01-09 20:47:17, 2026-01-09 21:01:42, 2026-01-09 21:17:15, 2026-01-09 21:24:07, 2026-01-09 21:31:39, 2026-01-09 21:47:12, 2026-01-09 22:01:44, 2026-01-09 22:16:46, 2026-01-09 22:32:04, 2026-01-09 22:46:41, 2026-01-09 23:02:08, 2026-01-09 23:04:08, 2026-01-09 23:16:40, 2026-01-09 23:31:48, 2026-01-09 23:46:45, 2026-01-09 23:47:20, 2026-01-10 00:01:46, 2026-01-10 00:17:13, 2026-01-10 00:31:53, 2026-01-10 00:36:33, 2026-01-10 00:46:46, 2026-01-10 01:01:52, 2026-01-10 01:16:57" }, "geometry": { "type": "Polygon", "coordinates": [ [ [ -74.477135403775449, 46.101500496239161 ], [ -74.483579973229254, 46.10412792709171 ], [ -74.483531448565216, 46.109323969539517 ], [ -74.477037138855337, 46.111892570528745 ], [ -74.470591981886983, 46.109264771792951 ], [ -74.470641722138453, 46.104068740017169 ], [ -74.477135403775449, 46.101500496239161 ] ] ] } },
{ "type": "Feature", "properties": { "hex_id": 518942, "centroid_lon": -74.156710200774029, "centroid_lat": 45.044644802498304, "total_occurrences": 1.0, "days_affected": 1, "first_occurrence": "2026-01-09 20:47:17", "last_occurrence": "2026-01-09 20:47:17", "all_datetimes": "2026-01-09 20:47:17" }, "geometry": { "type": "Polygon", "coordinates": [ [ [ -74.156786543763474, 45.039448139693228 ], [ -74.163096285091029, 45.042093168517347 ], [ -74.163020506348488, 45.04728983731173 ], [ -74.156633837044794, 45.049841460452811 ], [ -74.15032355221355, 45.047196073995536 ], [ -74.150400480182824, 45.041999422093866 ], [ -74.156786543763474, 45.039448139693228 ] ] ] } },
{ "type": "Feature", "properties": { "hex_id": 531151, "centroid_lon": -74.030013098843327, "centroid_lat": 45.028047233819386, "total_occurrences": 66.0, "days_affected": 2, "first_occurrence": "2026-01-09 20:47:17", "last_occurrence": "2026-01-10 15:35:25", "all_datetimes": "2026-01-09 20:47:17, 2026-01-09 21:01:42, 2026-01-10 03:01:57, 2026-01-10 03:17:07, 2026-01-10 03:31:48, 2026-01-10 03:40:14, 2026-01-10 03:46:52, 2026-01-10 04:01:38, 2026-01-10 04:16:52, 2026-01-10 04:31:46, 2026-01-10 04:32:51, 2026-01-10 04:46:51, 2026-01-10 05:02:13, 2026-01-10 05:16:44, 2026-01-10 05:31:37, 2026-01-10 05:35:58, 2026-01-10 05:46:51, 2026-01-10 06:01:50, 2026-01-10 06:16:51, 2026-01-10 06:28:23, 2026-01-10 06:32:04, 2026-01-10 06:47:08, 2026-01-10 07:01:41, 2026-01-10 07:16:37, 2026-01-10 07:31:49, 2026-01-10 07:46:56, 2026-01-10 08:00:39, 2026-01-10 08:01:56, 2026-01-10 08:16:49, 2026-01-10 08:32:06, 2026-01-10 08:40:23, 2026-01-10 08:47:00, 2026-01-10 09:02:09, 2026-01-10 09:16:39, 2026-01-10 09:31:52, 2026-01-10 09:33:53, 2026-01-10 09:46:44, 2026-01-10 10:02:10, 2026-01-10 10:16:42, 2026-01-10 10:31:44, 2026-01-10 10:32:02, 2026-01-10 10:46:49, 2026-01-10 11:01:52, 2026-01-10 11:17:04, 2026-01-10 11:31:52, 2026-01-10 11:38:28, 2026-01-10 11:46:36, 2026-01-10 12:01:39, 2026-01-10 12:16:53, 2026-01-10 12:31:48, 2026-01-10 12:32:08, 2026-01-10 12:46:59, 2026-01-10 13:01:55, 2026-01-10 13:16:53, 2026-01-10 13:31:50, 2026-01-10 13:45:18, 2026-01-10 13:46:47, 2026-01-10 14:01:49, 2026-01-10 14:17:10, 2026-01-10 14:26:43, 2026-01-10 14:31:57, 2026-01-10 14:46:44, 2026-01-10 15:02:09, 2026-01-10 15:16:35, 2026-01-10 15:31:36, 2026-01-10 15:35:25" }, "geometry": { "type": "Polygon", "coordinates": [ [ [ -74.030100859924687, 45.022850737986325 ], [ -74.03640283673812, 45.025502709684496 ], [ -74.036315637777321, 45.030699212756417 ], [ -74.029925313925673, 45.033243724769392 ], [ -74.023622798831923, 45.03059139443652 ], [ -74.023711145862237, 45.025394910788854 ], [ -74.030100859924687, 45.022850737986325 ] ] ] } },
{ "type": "Feature", "properties": { "hex_id": 546447, "centroid_lon": -73.860960807296706, "centroid_lat": 45.548785732927826, "total_occurrences": 6.0, "days_affected": 1, "first_occurrence": "2026-01-09 20:47:17", "last_occurrence": "2026-01-09 21:47:12", "all_datetimes": "2026-01-09 20:47:17, 2026-01-09 21:01:42, 2026-01-09 21:17:15, 2026-01-09 21:24:07, 2026-01-09 21:31:39, 2026-01-09 21:47:12" }, "geometry": { "type": "Polygon", "coordinates": [ [ [ -73.861065748995202, 45.543589995475365 ], [ -73.867417116393852, 45.546251543630568 ], [ -73.867312750154227, 45.551447290090046 ], [ -73.860855836921488, 45.553981465444842 ], [ -73.85450392274555, 45.551319550532114 ], [ -73.854609468570004, 45.546123827086745 ], [ -73.861065748995202, 45.543589995475365 ] ] ] } },
{ "type": "Feature", "properties": { "hex_id": 576362, "centroid_lon": -73.54698636272127, "centroid_lat": 45.553018174693754, "total_occurrences": 1.0, "days_affected": 1, "first_occurrence": "2026-01-09 20:47:17", "last_occurrence": "2026-01-09 20:47:17", "all_datetimes": "2026-01-09 20:47:17" }, "geometry": { "type": "Polygon", "coordinates": [ [ [ -73.547120245687395, 45.547823086198996 ], [ -73.553456831918936, 45.550501914860313 ], [ -73.55332352029869, 45.55569701547401 ], [ -73.54685244317244, 45.558213258135723 ], [ -73.540515322183836, 45.55553405971385 ], [ -73.540649813066267, 45.550338988455394 ], [ -73.547120245687395, 45.547823086198996 ] ] ] } },
{ "type": "Feature", "properties": { "hex_id": 728562, "centroid_lon": -71.784966428303491, "centroid_lat": 48.408583288920838, "total_occurrences": 3.0, "days_affected": 1, "first_occurrence": "2026-01-09 20:47:17", "last_occurrence": "2026-01-09 21:17:15", "all_datetimes": "2026-01-09 20:47:17, 2026-01-09 21:01:42, 2026-01-09 21:17:15" }, "geometry": { "type": "Polygon", "coordinates": [ [ [ -71.785293616108163, 48.403397314090768 ], [ -71.79187541720836, 48.406178766829726 ], [ -71.791548866712972, 48.41136477261545 ], [ -71.78463914766678, 48.41376925739165 ], [ -71.77805680210615, 48.410987380329537 ], [ -71.778384720018508, 48.405801442885526 ], [ -71.785293616108163, 48.403397314090768 ] ] ] } },
{ "type": "Feature", "properties": { "hex_id": 884733, "centroid_lon": -70.228327361953731, "centroid_lat": 46.530463738727406, "total_occurrences": 2.0, "days_affected": 1, "first_occurrence": "2026-01-09 20:47:17", "last_occurrence": "2026-01-09 21:01:42", "all_datetimes": "2026-01-09 20:47:17, 2026-01-09 21:01:42" }, "geometry": { "type": "Polygon", "coordinates": [ [ [ -70.228781801029598, 46.525285903067264 ], [ -70.235051544461584, 46.52814626879583 ], [ -70.23459765587387, 46.533324149197149 ], [ -70.227872797560735, 46.535641566255563 ], [ -70.221602628979241, 46.532780789954479 ], [ -70.222057743817373, 46.527603007232834 ], [ -70.228781801029598, 46.525285903067264 ] ] ] } },
{ "type": "Feature", "properties": { "hex_id": 340112, "centroid_lon": -76.029997030976105, "centroid_lat": 45.768081673646805, "total_occurrences": 79.0, "days_affected": 2, "first_occurrence": "2026-01-09 21:01:42", "last_occurrence": "2026-01-10 12:32:08", "all_datetimes": "2026-01-09 21:01:42, 2026-01-09 21:17:15, 2026-01-09 21:24:07, 2026-01-09 21:31:39, 2026-01-09 21:47:12, 2026-01-09 22:01:44, 2026-01-09 22:16:46, 2026-01-09 22:32:04, 2026-01-09 22:46:41, 2026-01-09 23:02:08, 2026-01-09 23:04:08, 2026-01-09 23:16:40, 2026-01-09 23:31:48, 2026-01-09 23:46:45, 2026-01-09 23:47:20, 2026-01-10 00:01:46, 2026-01-10 00:17:13, 2026-01-10 00:31:53, 2026-01-10 00:36:33, 2026-01-10 00:46:46, 2026-01-10 01:01:52, 2026-01-10 01:16:57, 2026-01-10 01:31:57, 2026-01-10 01:47:16, 2026-01-10 01:47:22, 2026-01-10 02:01:45, 2026-01-10 02:16:50, 2026-01-10 02:31:07, 2026-01-10 02:32:06, 2026-01-10 02:46:45, 2026-01-10 03:01:57, 2026-01-10 03:17:07, 2026-01-10 03:31:48, 2026-01-10 03:40:14, 2026-01-10 03:46:52, 2026-01-10 04:01:38, 2026-01-10 04:16:52, 2026-01-10 04:31:46, 2026-01-10 04:32:51, 2026-01-10 04:46:51, 2026-01-10 05:02:13, 2026-01-10 05:16:44, 2026-01-10 05:31:37, 2026-01-10 05:35:58, 2026-01-10 05:46:51, 2026-01-10 06:01:50, 2026-01-10 06:16:51, 2026-01-10 06:28:23, 2026-01-10 06:32:04, 2026-01-10 06:47:08, 2026-01-10 07:01:41, 2026-01-10 07:16:37, 2026-01-10 07:31:49, 2026-01-10 07:46:56, 2026-01-10 08:00:39, 2026-01-10 08:01:56, 2026-01-10 08:16:49, 2026-01-10 08:32:06, 2026-01-10 08:40:23, 2026-01-10 08:47:00, 2026-01-10 09:02:09, 2026-01-10 09:16:39, 2026-01-10 09:31:52, 2026-01-10 09:33:53, 2026-01-10 09:46:44, 2026-01-10 10:02:10, 2026-01-10 10:16:42, 2026-01-10 10:31:44, 2026-01-10 10:32:02, 2026-01-10 10:46:49, 2026-01-10 11:01:52, 2026-01-10 11:17:04, 2026-01-10 11:31:52, 2026-01-10 11:38:28, 2026-01-10 11:46:36, 2026-01-10 12:01:39, 2026-01-10 12:16:53, 2026-01-10 12:31:48, 2026-01-10 12:32:08" }, "geometry": { "type": "Polygon", "coordinates": [ [ [ -76.029901406252122, 45.762885949018525 ], [ -76.036378305900925, 45.76542567123019 ], [ -76.036474540449973, 45.770621382929114 ], [ -76.030092681901806, 45.773277393373604 ], [ -76.023615146221772, 45.770737323552389 ], [ -76.02352010512999, 45.765541590961426 ], [ -76.029901406252122, 45.762885949018525 ] ] ] } },
{ "type": "Feature", "properties": { "hex_id": 356004, "centroid_lon": -75.867429154994809, "centroid_lat": 46.065628993956558, "total_occurrences": 23.0, "days_affected": 2, "first_occurrence": "2026-01-09 21:01:42", "last_occurrence": "2026-01-10 01:31:57", "all_datetimes": "2026-01-09 21:01:42, 2026-01-09 21:17:15, 2026-01-09 21:24:07, 2026-01-09 21:31:39, 2026-01-09 21:47:12, 2026-01-09 22:01:44, 2026-01-09 22:16:46, 2026-01-09 22:32:04, 2026-01-09 22:46:41, 2026-01-09 23:02:08, 2026-01-09 23:04:08, 2026-01-09 23:16:40, 2026-01-09 23:31:48, 2026-01-09 23:46:45, 2026-01-09 23:47:20, 2026-01-10 00:01:46, 2026-01-10 00:17:13, 2026-01-10 00:31:53, 2026-01-10 00:36:33, 2026-01-10 00:46:46, 2026-01-10 01:01:52, 2026-01-10 01:16:57, 2026-01-10 01:31:57" }, "geometry": { "type": "Polygon", "coordinates": [ [ [ -75.867347782003918, 46.060433296561001 ], [ -75.873852312294147, 46.06298190692813 ], [ -75.873934302768262, 46.068177593018554 ], [ -75.867510550366362, 46.070824686496238 ], [ -75.861005380208439, 46.068275723079175 ], [ -75.860924602327714, 46.063080019300244 ], [ -75.867347782003918, 46.060433296561001 ] ] ] } },
{ "type": "Feature", "properties": { "hex_id": 389006, "centroid_lon": -75.523524931204605, "centroid_lat": 46.613306916540658, "total_occurrences": 17.0, "days_affected": 2, "first_occurrence": "2026-01-09 21:01:42", "last_occurrence": "2026-01-10 00:17:13", "all_datetimes": "2026-01-09 21:01:42, 2026-01-09 21:17:15, 2026-01-09 21:24:07, 2026-01-09 21:31:39, 2026-01-09 21:47:12, 2026-01-09 22:01:44, 2026-01-09 22:16:46, 2026-01-09 22:32:04, 2026-01-09 22:46:41, 2026-01-09 23:02:08, 2026-01-09 23:04:08, 2026-01-09 23:16:40, 2026-01-09 23:31:48, 2026-01-09 23:46:45, 2026-01-09 23:47:20, 2026-01-10 00:01:46, 2026-01-10 00:17:13" }, "geometry": { "type": "Polygon", "coordinates": [ [ [ -75.523474871113521, 46.608111339919141 ], [ -75.530029081903606, 46.610679066181461 ], [ -75.530079773301651, 46.615874634987442 ], [ -75.523575005163039, 46.618502488380571 ], [ -75.517020149196284, 46.615934398463502 ], [ -75.516970706549586, 46.610738818875305 ], [ -75.523474871113521, 46.608111339919141 ] ] ] } },
{ "type": "Feature", "properties": { "hex_id": 514667, "centroid_lon": -74.201473193902956, "centroid_lat": 45.021579020439738, "total_occurrences": 26.0, "days_affected": 2, "first_occurrence": "2026-01-09 21:01:42", "last_occurrence": "2026-01-10 02:01:45", "all_datetimes": "2026-01-09 21:01:42, 2026-01-09 21:17:15, 2026-01-09 21:24:07, 2026-01-09 21:31:39, 2026-01-09 21:47:12, 2026-01-09 22:01:44, 2026-01-09 22:16:46, 2026-01-09 22:32:04, 2026-01-09 22:46:41, 2026-01-09 23:02:08, 2026-01-09 23:04:08, 2026-01-09 23:16:40, 2026-01-09 23:31:48, 2026-01-09 23:46:45, 2026-01-09 23:47:20, 2026-01-10 00:01:46, 2026-01-10 00:17:13, 2026-01-10 00:31:53, 2026-01-10 00:36:33, 2026-01-10 00:46:46, 2026-01-10 01:01:52, 2026-01-10 01:16:57, 2026-01-10 01:31:57, 2026-01-10 01:47:16, 2026-01-10 01:47:22, 2026-01-10 02:01:45" }, "geometry": { "type": "Polygon", "coordinates": [ [ [ -74.201545426687645, 45.0163822782918 ], [ -74.207854744567612, 45.019024841326591 ], [ -74.207783075923871, 45.024221589017671 ], [ -74.201400941500054, 45.026775757747529 ], [ -74.195091079100564, 45.024132837793431 ], [ -74.195163895637918, 45.018936106092276 ], [ -74.201545426687645, 45.0163822782918 ] ] ] } },
{ "type": "Feature", "properties": { "hex_id": 522607, "centroid_lon": -74.118142150317667, "centroid_lat": 45.075536750992747, "total_occurrences": 6.0, "days_affected": 1, "first_occurrence": "2026-01-09 21:01:42", "last_occurrence": "2026-01-09 22:01:44", "all_datetimes": "2026-01-09 21:01:42, 2026-01-09 21:17:15, 2026-01-09 21:24:07, 2026-01-09 21:31:39, 2026-01-09 21:47:12, 2026-01-09 22:01:44" }, "geometry": { "type": "Polygon", "coordinates": [ [ [ -74.118222070588757, 45.070340169164922 ], [ -74.124533378177588, 45.072987327023675 ], [ -74.12445402256931, 45.078183915226866 ], [ -74.118062208327416, 45.080733327960502 ], [ -74.111750357798499, 45.078085811717401 ], [ -74.111830864444372, 45.072889241188619 ], [ -74.118222070588757, 45.070340169164922 ] ] ] } },
{ "type": "Feature", "properties": { "hex_id": 523830, "centroid_lon": -74.104952204027725, "centroid_lat": 45.106617231975584, "total_occurrences": 13.0, "days_affected": 1, "first_occurrence": "2026-01-09 21:01:42", "last_occurrence": "2026-01-09 23:31:48", "all_datetimes": "2026-01-09 21:01:42, 2026-01-09 21:17:15, 2026-01-09 21:24:07, 2026-01-09 21:31:39, 2026-01-09 21:47:12, 2026-01-09 22:01:44, 2026-01-09 22:16:46, 2026-01-09 22:32:04, 2026-01-09 22:46:41, 2026-01-09 23:02:08, 2026-01-09 23:04:08, 2026-01-09 23:16:40, 2026-01-09 23:31:48" }, "geometry": { "type": "Polygon", "coordinates": [ [ [ -74.105033407469776, 45.101420697127956 ], [ -74.111347496237414, 45.104068591435329 ], [ -74.111266858207955, 45.109265132793489 ], [ -74.104870978509922, 45.111813761959723 ], [ -74.098556346409083, 45.109165508756561 ], [ -74.098638137332145, 45.103968985346633 ], [ -74.105033407469776, 45.101420697127956 ] ] ] } },
{ "type": "Feature", "properties": { "hex_id": 528146, "centroid_lon": -74.049407490798615, "centroid_lat": 45.768769955389338, "total_occurrences": 1.0, "days_affected": 1, "first_occurrence": "2026-01-09 21:01:42", "last_occurrence": "2026-01-09 21:01:42", "all_datetimes": "2026-01-09 21:01:42" }, "geometry": { "type": "Polygon", "coordinates": [ [ [ -74.049495746440698, 45.763574106734161 ], [ -74.055880964401368, 45.766225343473117 ], [ -74.055793293479212, 45.771421199297521 ], [ -74.049319210973209, 45.773965799165879 ], [ -74.042933432480027, 45.771314194678773 ], [ -74.043022297017188, 45.766118358136659 ], [ -74.049495746440698, 45.763574106734161 ] ] ] } },
{ "type": "Feature", "properties": { "hex_id": 529931, "centroid_lon": -74.042445418706038, "centroid_lat": 45.043743853362372, "total_occurrences": 81.0, "days_affected": 2, "first_occurrence": "2026-01-09 21:01:42", "last_occurrence": "2026-01-10 13:01:55", "all_datetimes": "2026-01-09 21:01:42, 2026-01-09 21:17:15, 2026-01-09 21:24:07, 2026-01-09 21:31:39, 2026-01-09 21:47:12, 2026-01-09 22:01:44, 2026-01-09 22:16:46, 2026-01-09 22:32:04, 2026-01-09 22:46:41, 2026-01-09 23:02:08, 2026-01-09 23:04:08, 2026-01-09 23:16:40, 2026-01-09 23:31:48, 2026-01-09 23:46:45, 2026-01-09 23:47:20, 2026-01-10 00:01:46, 2026-01-10 00:17:13, 2026-01-10 00:31:53, 2026-01-10 00:36:33, 2026-01-10 00:46:46, 2026-01-10 01:01:52, 2026-01-10 01:16:57, 2026-01-10 01:31:57, 2026-01-10 01:47:16, 2026-01-10 01:47:22, 2026-01-10 02:01:45, 2026-01-10 02:16:50, 2026-01-10 02:31:07, 2026-01-10 02:32:06, 2026-01-10 02:46:45, 2026-01-10 03:01:57, 2026-01-10 03:17:07, 2026-01-10 03:31:48, 2026-01-10 03:40:14, 2026-01-10 03:46:52, 2026-01-10 04:01:38, 2026-01-10 04:16:52, 2026-01-10 04:31:46, 2026-01-10 04:32:51, 2026-01-10 04:46:51, 2026-01-10 05:02:13, 2026-01-10 05:16:44, 2026-01-10 05:31:37, 2026-01-10 05:35:58, 2026-01-10 05:46:51, 2026-01-10 06:01:50, 2026-01-10 06:16:51, 2026-01-10 06:28:23, 2026-01-10 06:32:04, 2026-01-10 06:47:08, 2026-01-10 07:01:41, 2026-01-10 07:16:37, 2026-01-10 07:31:49, 2026-01-10 07:46:56, 2026-01-10 08:00:39, 2026-01-10 08:01:56, 2026-01-10 08:16:49, 2026-01-10 08:32:06, 2026-01-10 08:40:23, 2026-01-10 08:47:00, 2026-01-10 09:02:09, 2026-01-10 09:16:39, 2026-01-10 09:31:52, 2026-01-10 09:33:53, 2026-01-10 09:46:44, 2026-01-10 10:02:10, 2026-01-10 10:16:42, 2026-01-10 10:31:44, 2026-01-10 10:32:02, 2026-01-10 10:46:49, 2026-01-10 11:01:52, 2026-01-10 11:17:04, 2026-01-10 11:31:52, 2026-01-10 11:38:28, 2026-01-10 11:46:36, 2026-01-10 12:01:39, 2026-01-10 12:16:53, 2026-01-10 12:31:48, 2026-01-10 12:32:08, 2026-01-10 12:46:59, 2026-01-10 13:01:55" }, "geometry": { "type": "Polygon", "coordinates": [ [ [ -74.042532102459191, 45.038547352872705 ], [ -74.048836375914647, 45.041198650449935 ], [ -74.048750254905656, 45.046395158058232 ], [ -74.042358711404873, 45.04894034897233 ], [ -74.036053898757203, 45.046288692683952 ], [ -74.036141168794714, 45.041092204256188 ], [ -74.042532102459191, 45.038547352872705 ] ] ] } },
{ "type": "Feature", "properties": { "hex_id": 545214, "centroid_lon": -73.877486739429884, "centroid_lat": 45.36186226464951, "total_occurrences": 69.0, "days_affected": 2, "first_occurrence": "2026-01-09 21:01:42", "last_occurrence": "2026-01-10 10:32:02", "all_datetimes": "2026-01-09 21:01:42, 2026-01-09 21:17:15, 2026-01-09 21:24:07, 2026-01-09 21:31:39, 2026-01-09 21:47:12, 2026-01-09 22:01:44, 2026-01-09 22:16:46, 2026-01-09 22:32:04, 2026-01-09 22:46:41, 2026-01-09 23:02:08, 2026-01-09 23:04:08, 2026-01-09 23:16:40, 2026-01-09 23:31:48, 2026-01-09 23:46:45, 2026-01-09 23:47:20, 2026-01-10 00:01:46, 2026-01-10 00:17:13, 2026-01-10 00:31:53, 2026-01-10 00:36:33, 2026-01-10 00:46:46, 2026-01-10 01:01:52, 2026-01-10 01:16:57, 2026-01-10 01:31:57, 2026-01-10 01:47:16, 2026-01-10 01:47:22, 2026-01-10 02:01:45, 2026-01-10 02:16:50, 2026-01-10 02:31:07, 2026-01-10 02:32:06, 2026-01-10 02:46:45, 2026-01-10 03:01:57, 2026-01-10 03:17:07, 2026-01-10 03:31:48, 2026-01-10 03:40:14, 2026-01-10 03:46:52, 2026-01-10 04:01:38, 2026-01-10 04:16:52, 2026-01-10 04:31:46, 2026-01-10 04:32:51, 2026-01-10 04:46:51, 2026-01-10 05:02:13, 2026-01-10 05:16:44, 2026-01-10 05:31:37, 2026-01-10 05:35:58, 2026-01-10 05:46:51, 2026-01-10 06:01:50, 2026-01-10 06:16:51, 2026-01-10 06:28:23, 2026-01-10 06:32:04, 2026-01-10 06:47:08, 2026-01-10 07:01:41, 2026-01-10 07:16:37, 2026-01-10 07:31:49, 2026-01-10 07:46:56, 2026-01-10 08:00:39, 2026-01-10 08:01:56, 2026-01-10 08:16:49, 2026-01-10 08:32:06, 2026-01-10 08:40:23, 2026-01-10 08:47:00, 2026-01-10 09:02:09, 2026-01-10 09:16:39, 2026-01-10 09:31:52, 2026-01-10 09:33:53, 2026-01-10 09:46:44, 2026-01-10 10:02:10, 2026-01-10 10:16:42, 2026-01-10 10:31:44, 2026-01-10 10:32:02" }, "geometry": { "type": "Polygon", "coordinates": [ [ [ -73.877589487231845, 45.356666326818811 ], [ -73.883920867804292, 45.359326850252778 ], [ -73.883818690042915, 45.364522796889958 ], [ -73.877383963613326, 45.367058197550612 ], [ -73.871052041019567, 45.364397309871968 ], [ -73.871155386867343, 45.359201385841565 ], [ -73.877589487231845, 45.356666326818811 ] ] ] } },
{ "type": "Feature", "properties": { "hex_id": 335850, "centroid_lon": -76.078462280451674, "centroid_lat": 45.94691396769614, "total_occurrences": 119.0, "days_affected": 2, "first_occurrence": "2026-01-09 21:17:15", "last_occurrence": "2026-01-10 21:16:56", "all_datetimes": "2026-01-09 21:17:15, 2026-01-09 21:24:07, 2026-01-09 21:31:39, 2026-01-09 21:47:12, 2026-01-09 22:01:44, 2026-01-09 22:16:46, 2026-01-09 22:32:04, 2026-01-09 22:46:41, 2026-01-09 23:02:08, 2026-01-09 23:04:08, 2026-01-09 23:16:40, 2026-01-09 23:31:48, 2026-01-09 23:46:45, 2026-01-09 23:47:20, 2026-01-10 00:01:46, 2026-01-10 00:17:13, 2026-01-10 00:31:53, 2026-01-10 00:36:33, 2026-01-10 00:46:46, 2026-01-10 01:01:52, 2026-01-10 01:16:57, 2026-01-10 01:31:57, 2026-01-10 01:47:16, 2026-01-10 01:47:22, 2026-01-10 02:01:45, 2026-01-10 02:16:50, 2026-01-10 02:31:07, 2026-01-10 02:32:06, 2026-01-10 02:46:45, 2026-01-10 03:01:57, 2026-01-10 03:17:07, 2026-01-10 03:31:48, 2026-01-10 03:40:14, 2026-01-10 03:46:52, 2026-01-10 04:01:38, 2026-01-10 04:16:52, 2026-01-10 04:31:46, 2026-01-10 04:32:51, 2026-01-10 04:46:51, 2026-01-10 05:02:13, 2026-01-10 05:16:44, 2026-01-10 05:31:37, 2026-01-10 05:35:58, 2026-01-10 05:46:51, 2026-01-10 06:01:50, 2026-01-10 06:16:51, 2026-01-10 06:28:23, 2026-01-10 06:32:04, 2026-01-10 06:47:08, 2026-01-10 07:01:41, 2026-01-10 07:16:37, 2026-01-10 07:31:49, 2026-01-10 07:46:56, 2026-01-10 08:00:39, 2026-01-10 08:01:56, 2026-01-10 08:16:49, 2026-01-10 08:32:06, 2026-01-10 08:40:23, 2026-01-10 08:47:00, 2026-01-10 09:02:09, 2026-01-10 09:16:39, 2026-01-10 09:31:52, 2026-01-10 09:33:53, 2026-01-10 09:46:44, 2026-01-10 10:02:10, 2026-01-10 10:16:42, 2026-01-10 10:31:44, 2026-01-10 10:32:02, 2026-01-10 10:46:49, 2026-01-10 11:01:52, 2026-01-10 11:17:04, 2026-01-10 11:31:52, 2026-01-10 11:38:28, 2026-01-10 11:46:36, 2026-01-10 12:01:39, 2026-01-10 12:16:53, 2026-01-10 12:31:48, 2026-01-10 12:32:08, 2026-01-10 12:46:59, 2026-01-10 13:01:55, 2026-01-10 13:16:53, 2026-01-10 13:31:50, 2026-01-10 13:45:18, 2026-01-10 13:46:47, 2026-01-10 14:01:49, 2026-01-10 14:17:10, 2026-01-10 14:26:43, 2026-01-10 14:31:57, 2026-01-10 14:46:44, 2026-01-10 15:02:09, 2026-01-10 15:16:35, 2026-01-10 15:31:36, 2026-01-10 15:35:25, 2026-01-10 15:46:38, 2026-01-10 16:01:42, 2026-01-10 16:16:42, 2026-01-10 16:30:18, 2026-01-10 16:31:48, 2026-01-10 16:46:49, 2026-01-10 17:01:47, 2026-01-10 17:16:52, 2026-01-10 17:32:06, 2026-01-10 17:35:18, 2026-01-10 17:46:57, 2026-01-10 18:01:40, 2026-01-10 18:17:22, 2026-01-10 18:31:07, 2026-01-10 18:31:38, 2026-01-10 18:46:46, 2026-01-10 19:02:37, 2026-01-10 19:17:03, 2026-01-10 19:31:52, 2026-01-10 19:47:00, 2026-01-10 20:02:11, 2026-01-10 20:17:06, 2026-01-10 20:31:43, 2026-01-10 20:47:07, 2026-01-10 21:01:33, 2026-01-10 21:16:56" }, "geometry": { "type": "Polygon", "coordinates": [ [ [ -76.078361530574398, 45.941718487373706 ], [ -76.084861531810731, 45.944255177205619 ], [ -76.084962897867911, 45.949450644065237 ], [ -76.078563057995922, 45.952109443102266 ], [ -76.072062412908011, 45.949572403963288 ], [ -76.07196225155306, 45.944376915159907 ], [ -76.078361530574398, 45.941718487373706 ] ] ] } },
{ "type": "Feature", "properties": { "hex_id": 348060, "centroid_lon": -75.949459469643784, "centroid_lat": 45.948058659784294, "total_occurrences": 49.0, "days_affected": 2, "first_occurrence": "2026-01-09 21:17:15", "last_occurrence": "2026-01-10 06:47:08", "all_datetimes": "2026-01-09 21:17:15, 2026-01-09 21:24:07, 2026-01-09 21:31:39, 2026-01-09 21:47:12, 2026-01-09 22:01:44, 2026-01-09 22:16:46, 2026-01-09 22:32:04, 2026-01-09 22:46:41, 2026-01-09 23:02:08, 2026-01-09 23:04:08, 2026-01-09 23:16:40, 2026-01-09 23:31:48, 2026-01-09 23:46:45, 2026-01-09 23:47:20, 2026-01-10 00:01:46, 2026-01-10 00:17:13, 2026-01-10 00:31:53, 2026-01-10 00:36:33, 2026-01-10 00:46:46, 2026-01-10 01:01:52, 2026-01-10 01:16:57, 2026-01-10 01:31:57, 2026-01-10 01:47:16, 2026-01-10 01:47:22, 2026-01-10 02:01:45, 2026-01-10 02:16:50, 2026-01-10 02:31:07, 2026-01-10 02:32:06, 2026-01-10 02:46:45, 2026-01-10 03:01:57, 2026-01-10 03:17:07, 2026-01-10 03:31:48, 2026-01-10 03:40:14, 2026-01-10 03:46:52, 2026-01-10 04:01:38, 2026-01-10 04:16:52, 2026-01-10 04:31:46, 2026-01-10 04:32:51, 2026-01-10 04:46:51, 2026-01-10 05:02:13, 2026-01-10 05:16:44, 2026-01-10 05:31:37, 2026-01-10 05:35:58, 2026-01-10 05:46:51, 2026-01-10 06:01:50, 2026-01-10 06:16:51, 2026-01-10 06:28:23, 2026-01-10 06:32:04, 2026-01-10 06:47:08" }, "geometry": { "type": "Polygon", "coordinates": [ [ [ -75.949370766488755, 45.942862973159862 ], [ -75.955865136155765, 45.945407045362472 ], [ -75.955954453970335, 45.950602719854906 ], [ -75.949548197158975, 45.953254341530652 ], [ -75.943053188468156, 45.95070991862324 ], [ -75.942965075620791, 45.945514224810466 ], [ -75.949370766488755, 45.942862973159862 ] ] ] } },
{ "type": "Feature", "properties": { "hex_id": 362068, "centroid_lon": -75.793676812671364, "centroid_lat": 45.42698375644764, "total_occurrences": 68.0, "days_affected": 2, "first_occurrence": "2026-01-09 21:17:15", "last_occurrence": "2026-01-10 10:32:02", "all_datetimes": "2026-01-09 21:17:15, 2026-01-09 21:24:07, 2026-01-09 21:31:39, 2026-01-09 21:47:12, 2026-01-09 22:01:44, 2026-01-09 22:16:46, 2026-01-09 22:32:04, 2026-01-09 22:46:41, 2026-01-09 23:02:08, 2026-01-09 23:04:08, 2026-01-09 23:16:40, 2026-01-09 23:31:48, 2026-01-09 23:46:45, 2026-01-09 23:47:20, 2026-01-10 00:01:46, 2026-01-10 00:17:13, 2026-01-10 00:31:53, 2026-01-10 00:36:33, 2026-01-10 00:46:46, 2026-01-10 01:01:52, 2026-01-10 01:16:57, 2026-01-10 01:31:57, 2026-01-10 01:47:16, 2026-01-10 01:47:22, 2026-01-10 02:01:45, 2026-01-10 02:16:50, 2026-01-10 02:31:07, 2026-01-10 02:32:06, 2026-01-10 02:46:45, 2026-01-10 03:01:57, 2026-01-10 03:17:07, 2026-01-10 03:31:48, 2026-01-10 03:40:14, 2026-01-10 03:46:52, 2026-01-10 04:01:38, 2026-01-10 04:16:52, 2026-01-10 04:31:46, 2026-01-10 04:32:51, 2026-01-10 04:46:51, 2026-01-10 05:02:13, 2026-01-10 05:16:44, 2026-01-10 05:31:37, 2026-01-10 05:35:58, 2026-01-10 05:46:51, 2026-01-10 06:01:50, 2026-01-10 06:16:51, 2026-01-10 06:28:23, 2026-01-10 06:32:04, 2026-01-10 06:47:08, 2026-01-10 07:01:41, 2026-01-10 07:16:37, 2026-01-10 07:31:49, 2026-01-10 07:46:56, 2026-01-10 08:00:39, 2026-01-10 08:01:56, 2026-01-10 08:16:49, 2026-01-10 08:32:06, 2026-01-10 08:40:23, 2026-01-10 08:47:00, 2026-01-10 09:02:09, 2026-01-10 09:16:39, 2026-01-10 09:31:52, 2026-01-10 09:33:53, 2026-01-10 09:46:44, 2026-01-10 10:02:10, 2026-01-10 10:16:42, 2026-01-10 10:31:44, 2026-01-10 10:32:02" }, "geometry": { "type": "Polygon", "coordinates": [ [ [ -75.793603997112669, 45.421787378607753 ], [ -75.800031083992849, 45.424340983699899 ], [ -75.800104495751611, 45.429537351085749 ], [ -75.793749648100828, 45.432180129448206 ], [ -75.787321945146473, 45.429626178440728 ], [ -75.787249705923756, 45.424429795050557 ], [ -75.793603997112669, 45.421787378607753 ] ] ] } },
{ "type": "Feature", "properties": { "hex_id": 362079, "centroid_lon": -75.796090913588344, "centroid_lat": 45.598461510217135, "total_occurrences": 8.0, "days_affected": 1, "first_occurrence": "2026-01-09 21:17:15", "last_occurrence": "2026-01-09 22:46:41", "all_datetimes": "2026-01-09 21:17:15, 2026-01-09 21:24:07, 2026-01-09 21:31:39, 2026-01-09 21:47:12, 2026-01-09 22:01:44, 2026-01-09 22:16:46, 2026-01-09 22:32:04, 2026-01-09 22:46:41" }, "geometry": { "type": "Polygon", "coordinates": [ [ [ -75.796017438762334, 45.593265292082158 ], [ -75.802464286758052, 45.59581855141262 ], [ -75.802538363201563, 45.60101475904483 ], [ -75.796164408506456, 45.603657723512384 ], [ -75.789716938797724, 45.601104116183187 ], [ -75.789644045503906, 45.595907892449965 ], [ -75.796017438762334, 45.593265292082158 ] ] ] } },
{ "type": "Feature", "properties": { "hex_id": 363913, "centroid_lon": -75.777397974918642, "centroid_lat": 45.637565576101387, "total_occurrences": 32.0, "days_affected": 2, "first_occurrence": "2026-01-09 21:17:15", "last_occurrence": "2026-01-10 03:31:48", "all_datetimes": "2026-01-09 21:17:15, 2026-01-09 21:24:07, 2026-01-09 21:31:39, 2026-01-09 21:47:12, 2026-01-09 22:01:44, 2026-01-09 22:16:46, 2026-01-09 22:32:04, 2026-01-09 22:46:41, 2026-01-09 23:02:08, 2026-01-09 23:04:08, 2026-01-09 23:16:40, 2026-01-09 23:31:48, 2026-01-09 23:46:45, 2026-01-09 23:47:20, 2026-01-10 00:01:46, 2026-01-10 00:17:13, 2026-01-10 00:31:53, 2026-01-10 00:36:33, 2026-01-10 00:46:46, 2026-01-10 01:01:52, 2026-01-10 01:16:57, 2026-01-10 01:31:57, 2026-01-10 01:47:16, 2026-01-10 01:47:22, 2026-01-10 02:01:45, 2026-01-10 02:16:50, 2026-01-10 02:31:07, 2026-01-10 02:32:06, 2026-01-10 02:46:45, 2026-01-10 03:01:57, 2026-01-10 03:17:07, 2026-01-10 03:31:48" }, "geometry": { "type": "Polygon", "coordinates": [ [ [ -75.777326127383901, 45.632369370374121 ], [ -75.783776647474568, 45.634923643247696 ], [ -75.783849097638523, 45.640119838657903 ], [ -75.777469842109937, 45.642761776993233 ], [ -75.771018699730192, 45.640207155441168 ], [ -75.770947435174733, 45.635010944297143 ], [ -75.777326127383901, 45.632369370374121 ] ] ] } },
{ "type": "Feature", "properties": { "hex_id": 368193, "centroid_lon": -75.733817130422793, "centroid_lat": 45.739188422865027, "total_occurrences": 87.0, "days_affected": 2, "first_occurrence": "2026-01-09 21:17:15", "last_occurrence": "2026-01-10 14:26:43", "all_datetimes": "2026-01-09 21:17:15, 2026-01-09 21:24:07, 2026-01-09 21:31:39, 2026-01-09 21:47:12, 2026-01-09 22:01:44, 2026-01-09 22:16:46, 2026-01-09 22:32:04, 2026-01-09 22:46:41, 2026-01-09 23:02:08, 2026-01-09 23:04:08, 2026-01-09 23:16:40, 2026-01-09 23:31:48, 2026-01-09 23:46:45, 2026-01-09 23:47:20, 2026-01-10 00:01:46, 2026-01-10 00:17:13, 2026-01-10 00:31:53, 2026-01-10 00:36:33, 2026-01-10 00:46:46, 2026-01-10 01:01:52, 2026-01-10 01:16:57, 2026-01-10 01:31:57, 2026-01-10 01:47:16, 2026-01-10 01:47:22, 2026-01-10 02:01:45, 2026-01-10 02:16:50, 2026-01-10 02:31:07, 2026-01-10 02:32:06, 2026-01-10 02:46:45, 2026-01-10 03:01:57, 2026-01-10 03:17:07, 2026-01-10 03:31:48, 2026-01-10 03:40:14, 2026-01-10 03:46:52, 2026-01-10 04:01:38, 2026-01-10 04:16:52, 2026-01-10 04:31:46, 2026-01-10 04:32:51, 2026-01-10 04:46:51, 2026-01-10 05:02:13, 2026-01-10 05:16:44, 2026-01-10 05:31:37, 2026-01-10 05:35:58, 2026-01-10 05:46:51, 2026-01-10 06:01:50, 2026-01-10 06:16:51, 2026-01-10 06:28:23, 2026-01-10 06:32:04, 2026-01-10 06:47:08, 2026-01-10 07:01:41, 2026-01-10 07:16:37, 2026-01-10 07:31:49, 2026-01-10 07:46:56, 2026-01-10 08:00:39, 2026-01-10 08:01:56, 2026-01-10 08:16:49, 2026-01-10 08:32:06, 2026-01-10 08:40:23, 2026-01-10 08:47:00, 2026-01-10 09:02:09, 2026-01-10 09:16:39, 2026-01-10 09:31:52, 2026-01-10 09:33:53, 2026-01-10 09:46:44, 2026-01-10 10:02:10, 2026-01-10 10:16:42, 2026-01-10 10:31:44, 2026-01-10 10:32:02, 2026-01-10 10:46:49, 2026-01-10 11:01:52, 2026-01-10 11:17:04, 2026-01-10 11:31:52, 2026-01-10 11:38:28, 2026-01-10 11:46:36, 2026-01-10 12:01:39, 2026-01-10 12:16:53, 2026-01-10 12:31:48, 2026-01-10 12:32:08, 2026-01-10 12:46:59, 2026-01-10 13:01:55, 2026-01-10 13:16:53, 2026-01-10 13:31:50, 2026-01-10 13:45:18, 2026-01-10 13:46:47, 2026-01-10 14:01:49, 2026-01-10 14:17:10, 2026-01-10 14:26:43" }, "geometry": { "type": "Polygon", "coordinates": [ [ [ -75.733749069768933, 45.733992257764307 ], [ -75.740209386775319, 45.736548885918943 ], [ -75.740278052758043, 45.741745041135026 ], [ -75.733885209720512, 45.744384583140089 ], [ -75.727424268738261, 45.741827604589432 ], [ -75.727356794775702, 45.736631434494868 ], [ -75.733749069768933, 45.733992257764307 ] ] ] } },
{ "type": "Feature", "properties": { "hex_id": 373686, "centroid_lon": -75.675695231112712, "centroid_lat": 45.716162215528037, "total_occurrences": 40.0, "days_affected": 2, "first_occurrence": "2026-01-09 21:17:15", "last_occurrence": "2026-01-10 05:02:13", "all_datetimes": "2026-01-09 21:17:15, 2026-01-09 21:24:07, 2026-01-09 21:31:39, 2026-01-09 21:47:12, 2026-01-09 22:01:44, 2026-01-09 22:16:46, 2026-01-09 22:32:04, 2026-01-09 22:46:41, 2026-01-09 23:02:08, 2026-01-09 23:04:08, 2026-01-09 23:16:40, 2026-01-09 23:31:48, 2026-01-09 23:46:45, 2026-01-09 23:47:20, 2026-01-10 00:01:46, 2026-01-10 00:17:13, 2026-01-10 00:31:53, 2026-01-10 00:36:33, 2026-01-10 00:46:46, 2026-01-10 01:01:52, 2026-01-10 01:16:57, 2026-01-10 01:31:57, 2026-01-10 01:47:16, 2026-01-10 01:47:22, 2026-01-10 02:01:45, 2026-01-10 02:16:50, 2026-01-10 02:31:07, 2026-01-10 02:32:06, 2026-01-10 02:46:45, 2026-01-10 03:01:57, 2026-01-10 03:17:07, 2026-01-10 03:31:48, 2026-01-10 03:40:14, 2026-01-10 03:46:52, 2026-01-10 04:01:38, 2026-01-10 04:16:52, 2026-01-10 04:31:46, 2026-01-10 04:32:51, 2026-01-10 04:46:51, 2026-01-10 05:02:13" }, "geometry": { "type": "Polygon", "coordinates": [ [ [ -75.675632611216869, 45.710965964455781 ], [ -75.682087649249368, 45.713525919433941 ], [ -75.682150873033692, 45.718722161219389 ], [ -75.67575786815739, 45.721358461786451 ], [ -75.669302209084677, 45.718798156086727 ], [ -75.669240175934263, 45.713601900606569 ], [ -75.675632611216869, 45.710965964455781 ] ] ] } },
{ "type": "Feature", "properties": { "hex_id": 401213, "centroid_lon": -75.392595238187752, "centroid_lat": 46.567068758680357, "total_occurrences": 10.0, "days_affected": 1, "first_occurrence": "2026-01-09 21:17:15", "last_occurrence": "2026-01-09 23:04:08", "all_datetimes": "2026-01-09 21:17:15, 2026-01-09 21:24:07, 2026-01-09 21:31:39, 2026-01-09 21:47:12, 2026-01-09 22:01:44, 2026-01-09 22:16:46, 2026-01-09 22:32:04, 2026-01-09 22:46:41, 2026-01-09 23:02:08, 2026-01-09 23:04:08" }, "geometry": { "type": "Polygon", "coordinates": [ [ [ -75.392557758056853, 46.561873044816636 ], [ -75.399100250477971, 46.564448328618738 ], [ -75.399138358679778, 46.569644036027277 ], [ -75.392632728695034, 46.572264467779966 ], [ -75.386089597824849, 46.569688819536353 ], [ -75.386052735392056, 46.564493104048715 ], [ -75.392557758056853, 46.561873044816636 ] ] ] } },
{ "type": "Feature", "properties": { "hex_id": 428065, "centroid_lon": -75.105229463465037, "centroid_lat": 46.411816883633151, "total_occurrences": 35.0, "days_affected": 2, "first_occurrence": "2026-01-09 21:17:15", "last_occurrence": "2026-01-10 04:01:38", "all_datetimes": "2026-01-09 21:17:15, 2026-01-09 21:24:07, 2026-01-09 21:31:39, 2026-01-09 21:47:12, 2026-01-09 22:01:44, 2026-01-09 22:16:46, 2026-01-09 22:32:04, 2026-01-09 22:46:41, 2026-01-09 23:02:08, 2026-01-09 23:04:08, 2026-01-09 23:16:40, 2026-01-09 23:31:48, 2026-01-09 23:46:45, 2026-01-09 23:47:20, 2026-01-10 00:01:46, 2026-01-10 00:17:13, 2026-01-10 00:31:53, 2026-01-10 00:36:33, 2026-01-10 00:46:46, 2026-01-10 01:01:52, 2026-01-10 01:16:57, 2026-01-10 01:31:57, 2026-01-10 01:47:16, 2026-01-10 01:47:22, 2026-01-10 02:01:45, 2026-01-10 02:16:50, 2026-01-10 02:31:07, 2026-01-10 02:32:06, 2026-01-10 02:46:45, 2026-01-10 03:01:57, 2026-01-10 03:17:07, 2026-01-10 03:31:48, 2026-01-10 03:40:14, 2026-01-10 03:46:52, 2026-01-10 04:01:38" }, "geometry": { "type": "Polygon", "coordinates": [ [ [ -75.105219471661854, 46.406620914713947 ], [ -75.111729832049207, 46.409212729251166 ], [ -75.111740443045022, 46.414408694685129 ], [ -75.105239458028876, 46.417012847808145 ], [ -75.098728475687736, 46.414420667831116 ], [ -75.098719100317496, 46.409224700237651 ], [ -75.105219471661854, 46.406620914713947 ] ] ] } },
{ "type": "Feature", "properties": { "hex_id": 432961, "centroid_lon": -75.053366741670956, "centroid_lat": 46.598904886078444, "total_occurrences": 4.0, "days_affected": 1, "first_occurrence": "2026-01-09 21:17:15", "last_occurrence": "2026-01-09 21:47:12", "all_datetimes": "2026-01-09 21:17:15, 2026-01-09 21:24:07, 2026-01-09 21:31:39, 2026-01-09 21:47:12" }, "geometry": { "type": "Polygon", "coordinates": [ [ [ -75.053361641172643, 46.593709081374151 ], [ -75.059891918426572, 46.596303753249074 ], [ -75.059897643630634, 46.601499554999734 ], [ -75.053371843581971, 46.604100686041576 ], [ -75.04684094020935, 46.601505645781103 ], [ -75.046836463004567, 46.596309842931547 ], [ -75.053361641172643, 46.593709081374151 ] ] ] } },
{ "type": "Feature", "properties": { "hex_id": 438436, "centroid_lon": -74.994644230684997, "centroid_lat": 46.294954525952178, "total_occurrences": 19.0, "days_affected": 2, "first_occurrence": "2026-01-09 21:17:15", "last_occurrence": "2026-01-10 00:46:46", "all_datetimes": "2026-01-09 21:17:15, 2026-01-09 21:24:07, 2026-01-09 21:31:39, 2026-01-09 21:47:12, 2026-01-09 22:01:44, 2026-01-09 22:16:46, 2026-01-09 22:32:04, 2026-01-09 22:46:41, 2026-01-09 23:02:08, 2026-01-09 23:04:08, 2026-01-09 23:16:40, 2026-01-09 23:31:48, 2026-01-09 23:46:45, 2026-01-09 23:47:20, 2026-01-10 00:01:46, 2026-01-10 00:17:13, 2026-01-10 00:31:53, 2026-01-10 00:36:33, 2026-01-10 00:46:46" }, "geometry": { "type": "Polygon", "coordinates": [ [ [ -74.994644737160101, 46.289758441603787 ], [ -75.001136010644004, 46.292356604149468 ], [ -75.001136118092177, 46.29755268614764 ], [ -74.994643724070173, 46.300150605556944 ], [ -74.988151836802743, 46.297552077932778 ], [ -74.988152957340816, 46.292355996044279 ], [ -74.994644737160101, 46.289758441603787 ] ] ] } },
{ "type": "Feature", "properties": { "hex_id": 525094, "centroid_lon": -74.081427923722671, "centroid_lat": 45.776826755636357, "total_occurrences": 63.0, "days_affected": 2, "first_occurrence": "2026-01-09 21:17:15", "last_occurrence": "2026-01-10 09:46:44", "all_datetimes": "2026-01-09 21:17:15, 2026-01-09 21:24:07, 2026-01-09 21:31:39, 2026-01-09 21:47:12, 2026-01-09 22:01:44, 2026-01-09 22:16:46, 2026-01-09 22:32:04, 2026-01-09 22:46:41, 2026-01-09 23:02:08, 2026-01-09 23:04:08, 2026-01-09 23:16:40, 2026-01-09 23:31:48, 2026-01-09 23:46:45, 2026-01-09 23:47:20, 2026-01-10 00:01:46, 2026-01-10 00:17:13, 2026-01-10 00:31:53, 2026-01-10 00:36:33, 2026-01-10 00:46:46, 2026-01-10 01:01:52, 2026-01-10 01:16:57, 2026-01-10 01:31:57, 2026-01-10 01:47:16, 2026-01-10 01:47:22, 2026-01-10 02:01:45, 2026-01-10 02:16:50, 2026-01-10 02:31:07, 2026-01-10 02:32:06, 2026-01-10 02:46:45, 2026-01-10 03:01:57, 2026-01-10 03:17:07, 2026-01-10 03:31:48, 2026-01-10 03:40:14, 2026-01-10 03:46:52, 2026-01-10 04:01:38, 2026-01-10 04:16:52, 2026-01-10 04:31:46, 2026-01-10 04:32:51, 2026-01-10 04:46:51, 2026-01-10 05:02:13, 2026-01-10 05:16:44, 2026-01-10 05:31:37, 2026-01-10 05:35:58, 2026-01-10 05:46:51, 2026-01-10 06:01:50, 2026-01-10 06:16:51, 2026-01-10 06:28:23, 2026-01-10 06:32:04, 2026-01-10 06:47:08, 2026-01-10 07:01:41, 2026-01-10 07:16:37, 2026-01-10 07:31:49, 2026-01-10 07:46:56, 2026-01-10 08:00:39, 2026-01-10 08:01:56, 2026-01-10 08:16:49, 2026-01-10 08:40:23, 2026-01-10 08:47:00, 2026-01-10 09:02:09, 2026-01-10 09:16:39, 2026-01-10 09:31:52, 2026-01-10 09:33:53, 2026-01-10 09:46:44" }, "geometry": { "type": "Polygon", "coordinates": [ [ [ -74.081513230712119, 45.771630866899443 ], [ -74.087900907054234, 45.77428032889641 ], [ -74.0878161854627, 45.779476224483567 ], [ -74.081342593355345, 45.782022639503332 ], [ -74.074954354997175, 45.779372809964137 ], [ -74.075040270754485, 45.774176933012619 ], [ -74.081513230712119, 45.771630866899443 ] ] ] } },
{ "type": "Feature", "properties": { "hex_id": 532982, "centroid_lon": -74.011108997727007, "centroid_lat": 45.020089232833712, "total_occurrences": 57.0, "days_affected": 2, "first_occurrence": "2026-01-09 21:17:15", "last_occurrence": "2026-01-10 09:33:53", "all_datetimes": "2026-01-09 21:17:15, 2026-01-09 21:24:07, 2026-01-09 21:31:39, 2026-01-09 21:47:12, 2026-01-09 22:01:44, 2026-01-09 22:16:46, 2026-01-09 22:32:04, 2026-01-09 22:46:41, 2026-01-09 23:02:08, 2026-01-09 23:04:08, 2026-01-09 23:16:40, 2026-01-09 23:31:48, 2026-01-09 23:46:45, 2026-01-09 23:47:20, 2026-01-10 00:01:46, 2026-01-10 00:17:13, 2026-01-10 00:31:53, 2026-01-10 00:36:33, 2026-01-10 00:46:46, 2026-01-10 01:01:52, 2026-01-10 01:16:57, 2026-01-10 01:31:57, 2026-01-10 01:47:16, 2026-01-10 01:47:22, 2026-01-10 02:01:45, 2026-01-10 02:16:50, 2026-01-10 02:31:07, 2026-01-10 02:32:06, 2026-01-10 02:46:45, 2026-01-10 03:31:48, 2026-01-10 03:40:14, 2026-01-10 03:46:52, 2026-01-10 04:01:38, 2026-01-10 04:16:52, 2026-01-10 04:31:46, 2026-01-10 04:32:51, 2026-01-10 04:46:51, 2026-01-10 05:02:13, 2026-01-10 05:16:44, 2026-01-10 05:31:37, 2026-01-10 05:35:58, 2026-01-10 05:46:51, 2026-01-10 06:01:50, 2026-01-10 06:16:51, 2026-01-10 06:28:23, 2026-01-10 06:32:04, 2026-01-10 06:47:08, 2026-01-10 07:01:41, 2026-01-10 07:16:37, 2026-01-10 07:31:49, 2026-01-10 07:46:56, 2026-01-10 08:00:39, 2026-01-10 08:01:56, 2026-01-10 08:16:49, 2026-01-10 09:16:39, 2026-01-10 09:31:52, 2026-01-10 09:33:53" }, "geometry": { "type": "Polygon", "coordinates": [ [ [ -74.011198444211544, 45.014892759087758 ], [ -74.017498663669343, 45.017545762591368 ], [ -74.017409778826121, 45.022742243761442 ], [ -74.01101952695079, 45.025285701691409 ], [ -74.004718770147392, 45.022632339472402 ], [ -74.00480880255688, 45.01743587810229 ], [ -74.011198444211544, 45.014892759087758 ] ] ] } },
{ "type": "Feature", "properties": { "hex_id": 548886, "centroid_lon": -73.836309155430286, "centroid_lat": 45.50176600906358, "total_occurrences": 1.0, "days_affected": 1, "first_occurrence": "2026-01-09 21:17:15", "last_occurrence": "2026-01-09 21:17:15", "all_datetimes": "2026-01-09 21:17:15" }, "geometry": { "type": "Polygon", "coordinates": [ [ [ -73.8364161924721, 45.496570273658726 ], [ -73.842761124865575, 45.49923315094739 ], [ -73.842654661528371, 45.504428895594543 ], [ -73.836202089155961, 45.506961739524897 ], [ -73.829856612295274, 45.504298495839635 ], [ -73.829964252264404, 45.499102774685149 ], [ -73.8364161924721, 45.496570273658726 ] ] ] } },
{ "type": "Feature", "properties": { "hex_id": 569645, "centroid_lon": -73.618002856688321, "centroid_lat": 45.53051399130328, "total_occurrences": 3.0, "days_affected": 1, "first_occurrence": "2026-01-09 21:17:15", "last_occurrence": "2026-01-09 21:31:39", "all_datetimes": "2026-01-09 21:17:15, 2026-01-09 21:24:07, 2026-01-09 21:31:39" }, "geometry": { "type": "Polygon", "coordinates": [ [ [ -73.61813009753989, 45.525318722671315 ], [ -73.624467646577031, 45.527993631219374 ], [ -73.62434097735769, 45.533188911262584 ], [ -73.617875581077385, 45.535709254911602 ], [ -73.611537495173224, 45.533033977550765 ], [ -73.61166534240472, 45.527838725418242 ], [ -73.61813009753989, 45.525318722671315 ] ] ] } },
{ "type": "Feature", "properties": { "hex_id": 653275, "centroid_lon": -72.74658279010184, "centroid_lat": 45.384121496231494, "total_occurrences": 65.0, "days_affected": 2, "first_occurrence": "2026-01-09 21:17:15", "last_occurrence": "2026-01-10 10:02:10", "all_datetimes": "2026-01-09 21:17:15, 2026-01-09 21:24:07, 2026-01-09 21:31:39, 2026-01-09 21:47:12, 2026-01-09 22:01:44, 2026-01-09 22:16:46, 2026-01-09 22:32:04, 2026-01-09 22:46:41, 2026-01-09 23:02:08, 2026-01-09 23:04:08, 2026-01-09 23:16:40, 2026-01-09 23:31:48, 2026-01-09 23:46:45, 2026-01-09 23:47:20, 2026-01-10 00:01:46, 2026-01-10 00:17:13, 2026-01-10 00:31:53, 2026-01-10 00:36:33, 2026-01-10 00:46:46, 2026-01-10 01:01:52, 2026-01-10 01:16:57, 2026-01-10 01:31:57, 2026-01-10 01:47:16, 2026-01-10 01:47:22, 2026-01-10 02:01:45, 2026-01-10 02:16:50, 2026-01-10 02:31:07, 2026-01-10 02:32:06, 2026-01-10 02:46:45, 2026-01-10 03:01:57, 2026-01-10 03:17:07, 2026-01-10 03:31:48, 2026-01-10 03:40:14, 2026-01-10 03:46:52, 2026-01-10 04:01:38, 2026-01-10 04:16:52, 2026-01-10 04:31:46, 2026-01-10 04:32:51, 2026-01-10 04:46:51, 2026-01-10 05:02:13, 2026-01-10 05:16:44, 2026-01-10 05:31:37, 2026-01-10 05:35:58, 2026-01-10 05:46:51, 2026-01-10 06:01:50, 2026-01-10 06:16:51, 2026-01-10 06:28:23, 2026-01-10 06:32:04, 2026-01-10 06:47:08, 2026-01-10 07:01:41, 2026-01-10 07:16:37, 2026-01-10 07:31:49, 2026-01-10 07:46:56, 2026-01-10 08:00:39, 2026-01-10 08:01:56, 2026-01-10 08:16:49, 2026-01-10 08:32:06, 2026-01-10 08:40:23, 2026-01-10 08:47:00, 2026-01-10 09:02:09, 2026-01-10 09:16:39, 2026-01-10 09:31:52, 2026-01-10 09:33:53, 2026-01-10 09:46:44, 2026-01-10 10:02:10" }, "geometry": { "type": "Polygon", "coordinates": [ [ [ -72.746789174005372, 45.378928604893822 ], [ -72.753067536092772, 45.381650829961025 ], [ -72.752861707437447, 45.386843741210811 ], [ -72.746376349944839, 45.389314382092529 ], [ -72.740097488872109, 45.386591782154156 ], [ -72.740304484258544, 45.381398916269234 ], [ -72.746789174005372, 45.378928604893822 ] ] ] } },
{ "type": "Feature", "properties": { "hex_id": 744263, "centroid_lon": -71.775358445942302, "centroid_lat": 45.727195803092918, "total_occurrences": 81.0, "days_affected": 2, "first_occurrence": "2026-01-09 21:17:15", "last_occurrence": "2026-01-10 13:16:53", "all_datetimes": "2026-01-09 21:17:15, 2026-01-09 21:24:07, 2026-01-09 21:31:39, 2026-01-09 21:47:12, 2026-01-09 22:01:44, 2026-01-09 22:16:46, 2026-01-09 22:32:04, 2026-01-09 22:46:41, 2026-01-09 23:02:08, 2026-01-09 23:04:08, 2026-01-09 23:16:40, 2026-01-09 23:31:48, 2026-01-09 23:46:45, 2026-01-09 23:47:20, 2026-01-10 00:01:46, 2026-01-10 00:17:13, 2026-01-10 00:31:53, 2026-01-10 00:36:33, 2026-01-10 00:46:46, 2026-01-10 01:01:52, 2026-01-10 01:16:57, 2026-01-10 01:31:57, 2026-01-10 01:47:16, 2026-01-10 01:47:22, 2026-01-10 02:01:45, 2026-01-10 02:16:50, 2026-01-10 02:31:07, 2026-01-10 02:32:06, 2026-01-10 02:46:45, 2026-01-10 03:01:57, 2026-01-10 03:17:07, 2026-01-10 03:31:48, 2026-01-10 03:40:14, 2026-01-10 03:46:52, 2026-01-10 04:01:38, 2026-01-10 04:16:52, 2026-01-10 04:31:46, 2026-01-10 04:32:51, 2026-01-10 04:46:51, 2026-01-10 05:02:13, 2026-01-10 05:16:44, 2026-01-10 05:31:37, 2026-01-10 05:35:58, 2026-01-10 05:46:51, 2026-01-10 06:01:50, 2026-01-10 06:16:51, 2026-01-10 06:28:23, 2026-01-10 06:32:04, 2026-01-10 06:47:08, 2026-01-10 07:01:41, 2026-01-10 07:16:37, 2026-01-10 07:31:49, 2026-01-10 07:46:56, 2026-01-10 08:00:39, 2026-01-10 08:01:56, 2026-01-10 08:16:49, 2026-01-10 08:32:06, 2026-01-10 08:40:23, 2026-01-10 08:47:00, 2026-01-10 09:02:09, 2026-01-10 09:16:39, 2026-01-10 09:31:52, 2026-01-10 09:33:53, 2026-01-10 09:46:44, 2026-01-10 10:02:10, 2026-01-10 10:16:42, 2026-01-10 10:31:44, 2026-01-10 10:32:02, 2026-01-10 10:46:49, 2026-01-10 11:01:52, 2026-01-10 11:17:04, 2026-01-10 11:31:52, 2026-01-10 11:38:28, 2026-01-10 11:46:36, 2026-01-10 12:01:39, 2026-01-10 12:16:53, 2026-01-10 12:31:48, 2026-01-10 12:32:08, 2026-01-10 12:46:59, 2026-01-10 13:01:55, 2026-01-10 13:16:53" }, "geometry": { "type": "Polygon", "coordinates": [ [ [ -71.775657253709497, 45.722007440560589 ], [ -71.781923150756057, 45.724782689091299 ], [ -71.781624894202352, 45.729971081082269 ], [ -71.775059556457848, 45.732384159370504 ], [ -71.768793189928857, 45.729608523215511 ], [ -71.769092630599275, 45.724420196460983 ], [ -71.775657253709497, 45.722007440560589 ] ] ] } },
{ "type": "Feature", "properties": { "hex_id": 376143, "centroid_lon": -75.652726902926688, "centroid_lat": 45.950138832234906, "total_occurrences": 19.0, "days_affected": 2, "first_occurrence": "2026-01-09 21:24:07", "last_occurrence": "2026-01-10 01:01:52", "all_datetimes": "2026-01-09 21:24:07, 2026-01-09 21:31:39, 2026-01-09 21:47:12, 2026-01-09 22:01:44, 2026-01-09 22:16:46, 2026-01-09 22:32:04, 2026-01-09 22:46:41, 2026-01-09 23:02:08, 2026-01-09 23:04:08, 2026-01-09 23:16:40, 2026-01-09 23:31:48, 2026-01-09 23:46:45, 2026-01-09 23:47:20, 2026-01-10 00:01:46, 2026-01-10 00:17:13, 2026-01-10 00:31:53, 2026-01-10 00:36:33, 2026-01-10 00:46:46, 2026-01-10 01:01:52" }, "geometry": { "type": "Polygon", "coordinates": [ [ [ -75.652665916094421, 45.944942770689963 ], [ -75.659147140452163, 45.947503776410166 ], [ -75.659208738381153, 45.952699828876042 ], [ -75.652787906509161, 45.955334888971308 ], [ -75.646306054301689, 45.952773529371719 ], [ -75.646245661821595, 45.947577463621883 ], [ -75.652665916094421, 45.944942770689963 ] ] ] } },
{ "type": "Feature", "properties": { "hex_id": 379172, "centroid_lon": -75.616423103865841, "centroid_lat": 45.583982126825966, "total_occurrences": 10.0, "days_affected": 2, "first_occurrence": "2026-01-09 21:24:07", "last_occurrence": "2026-01-10 01:01:52", "all_datetimes": "2026-01-09 21:24:07, 2026-01-09 21:31:39, 2026-01-09 23:46:45, 2026-01-09 23:47:20, 2026-01-10 00:01:46, 2026-01-10 00:17:13, 2026-01-10 00:31:53, 2026-01-10 00:36:33, 2026-01-10 00:46:46, 2026-01-10 01:01:52" }, "geometry": { "type": "Polygon", "coordinates": [ [ [ -75.61636623936883, 45.57878569429068 ], [ -75.622803384663413, 45.581349150496521 ], [ -75.622860848147468, 45.586545574365481 ], [ -75.616479983910651, 45.589178554558131 ], [ -75.610042224078612, 45.586614748647243 ], [ -75.609985943026089, 45.581418312313566 ], [ -75.61636623936883, 45.57878569429068 ] ] ] } },
{ "type": "Feature", "properties": { "hex_id": 548276, "centroid_lon": -73.842548169114352, "centroid_lat": 45.50962463530027, "total_occurrences": 14.0, "days_affected": 2, "first_occurrence": "2026-01-09 21:24:07", "last_occurrence": "2026-01-10 00:01:46", "all_datetimes": "2026-01-09 21:24:07, 2026-01-09 21:31:39, 2026-01-09 21:47:12, 2026-01-09 22:01:44, 2026-01-09 22:16:46, 2026-01-09 22:32:04, 2026-01-09 22:46:41, 2026-01-09 23:02:08, 2026-01-09 23:04:08, 2026-01-09 23:16:40, 2026-01-09 23:31:48, 2026-01-09 23:46:45, 2026-01-09 23:47:20, 2026-01-10 00:01:46" }, "geometry": { "type": "Polygon", "coordinates": [ [ [ -73.842654661528371, 45.504428895594543 ], [ -73.849000770568452, 45.507091434179593 ], [ -73.848894852180223, 45.512287183067315 ], [ -73.842441647613754, 45.514820370064541 ], [ -73.836094993639321, 45.512157465042641 ], [ -73.836202089155961, 45.506961739524897 ], [ -73.842654661528371, 45.504428895594543 ] ] ] } },
{ "type": "Feature", "properties": { "hex_id": 570255, "centroid_lon": -73.611793154721951, "centroid_lat": 45.522643468259531, "total_occurrences": 2.0, "days_affected": 1, "first_occurrence": "2026-01-09 21:24:07", "last_occurrence": "2026-01-09 21:31:39", "all_datetimes": "2026-01-09 21:24:07, 2026-01-09 21:31:39" }, "geometry": { "type": "Polygon", "coordinates": [ [ [ -73.611920932136627, 45.517448206074725 ], [ -73.61825730364373, 45.520123449015763 ], [ -73.61813009753989, 45.525318722671315 ], [ -73.61166534240472, 45.527838725418242 ], [ -73.605328434495206, 45.52516311370622 ], [ -73.605456818111549, 45.519967868082809 ], [ -73.611920932136627, 45.517448206074725 ] ] ] } },
{ "type": "Feature", "properties": { "hex_id": 594676, "centroid_lon": -73.355339696509674, "centroid_lat": 45.534828711737944, "total_occurrences": 19.0, "days_affected": 2, "first_occurrence": "2026-01-09 21:24:07", "last_occurrence": "2026-01-10 02:32:06", "all_datetimes": "2026-01-09 21:24:07, 2026-01-09 21:31:39, 2026-01-09 21:47:12, 2026-01-09 22:01:44, 2026-01-09 22:16:46, 2026-01-09 22:32:04, 2026-01-10 00:17:13, 2026-01-10 00:31:53, 2026-01-10 00:36:33, 2026-01-10 00:46:46, 2026-01-10 01:01:52, 2026-01-10 01:16:57, 2026-01-10 01:31:57, 2026-01-10 01:47:16, 2026-01-10 01:47:22, 2026-01-10 02:01:45, 2026-01-10 02:16:50, 2026-01-10 02:31:07, 2026-01-10 02:32:06" }, "geometry": { "type": "Polygon", "coordinates": [ [ [ -73.355491137521824, 45.529634077183168 ], [ -73.361816302809217, 45.532323392529044 ], [ -73.361665429974465, 45.537518041088717 ], [ -73.355188214130081, 45.540023341154523 ], [ -73.348862522039695, 45.53733365450627 ], [ -73.349014572582789, 45.532139039159127 ], [ -73.355491137521824, 45.529634077183168 ] ] ] } },
{ "type": "Feature", "properties": { "hex_id": 601979, "centroid_lon": -73.289364151934549, "centroid_lat": 45.175268828522341, "total_occurrences": 10.0, "days_affected": 1, "first_occurrence": "2026-01-09 21:24:07", "last_occurrence": "2026-01-09 23:16:40", "all_datetimes": "2026-01-09 21:24:07, 2026-01-09 21:31:39, 2026-01-09 21:47:12, 2026-01-09 22:01:44, 2026-01-09 22:16:46, 2026-01-09 22:32:04, 2026-01-09 22:46:41, 2026-01-09 23:02:08, 2026-01-09 23:04:08, 2026-01-09 23:16:40" }, "geometry": { "type": "Polygon", "coordinates": [ [ [ -73.289519704841851, 45.170074041095653 ], [ -73.295802196459647, 45.172766545334831 ], [ -73.295647200177555, 45.177961347311111 ], [ -73.289208556719018, 45.180463610783107 ], [ -73.282925550791276, 45.177770739184254 ], [ -73.283081702617949, 45.172575971536752 ], [ -73.289519704841851, 45.170074041095653 ] ] ] } },
{ "type": "Feature", "properties": { "hex_id": 606867, "centroid_lon": -73.236555399407095, "centroid_lat": 45.23683050691875, "total_occurrences": 4.0, "days_affected": 1, "first_occurrence": "2026-01-09 21:24:07", "last_occurrence": "2026-01-09 22:01:44", "all_datetimes": "2026-01-09 21:24:07, 2026-01-09 21:31:39, 2026-01-09 21:47:12, 2026-01-09 22:01:44" }, "geometry": { "type": "Polygon", "coordinates": [ [ [ -73.236716097244738, 45.231635921135904 ], [ -73.243002702147407, 45.23433136864432 ], [ -73.242842562021266, 45.239525969511234 ], [ -73.236394657831596, 45.242025087508743 ], [ -73.230107538962571, 45.239329271385508 ], [ -73.23026883823502, 45.234134705943383 ], [ -73.236716097244738, 45.231635921135904 ] ] ] } },
{ "type": "Feature", "properties": { "hex_id": 357270, "centroid_lon": -75.865528004349613, "centroid_lat": 46.767103356341309, "total_occurrences": 112.0, "days_affected": 2, "first_occurrence": "2026-01-09 21:47:12", "last_occurrence": "2026-01-10 21:16:56", "all_datetimes": "2026-01-09 21:47:12, 2026-01-09 22:01:44, 2026-01-09 22:16:46, 2026-01-09 22:32:04, 2026-01-09 22:46:41, 2026-01-09 23:02:08, 2026-01-09 23:04:08, 2026-01-09 23:16:40, 2026-01-09 23:31:48, 2026-01-09 23:46:45, 2026-01-09 23:47:20, 2026-01-10 00:01:46, 2026-01-10 00:17:13, 2026-01-10 00:31:53, 2026-01-10 00:36:33, 2026-01-10 00:46:46, 2026-01-10 01:01:52, 2026-01-10 01:16:57, 2026-01-10 01:31:57, 2026-01-10 01:47:16, 2026-01-10 01:47:22, 2026-01-10 02:01:45, 2026-01-10 02:16:50, 2026-01-10 02:31:07, 2026-01-10 02:32:06, 2026-01-10 02:46:45, 2026-01-10 03:01:57, 2026-01-10 03:17:07, 2026-01-10 03:31:48, 2026-01-10 03:40:14, 2026-01-10 03:46:52, 2026-01-10 04:01:38, 2026-01-10 04:16:52, 2026-01-10 04:31:46, 2026-01-10 04:32:51, 2026-01-10 04:46:51, 2026-01-10 05:02:13, 2026-01-10 05:16:44, 2026-01-10 05:31:37, 2026-01-10 05:35:58, 2026-01-10 05:46:51, 2026-01-10 06:01:50, 2026-01-10 06:16:51, 2026-01-10 06:28:23, 2026-01-10 06:32:04, 2026-01-10 06:47:08, 2026-01-10 07:01:41, 2026-01-10 07:16:37, 2026-01-10 07:31:49, 2026-01-10 07:46:56, 2026-01-10 08:00:39, 2026-01-10 08:01:56, 2026-01-10 08:16:49, 2026-01-10 08:32:06, 2026-01-10 08:40:23, 2026-01-10 08:47:00, 2026-01-10 09:02:09, 2026-01-10 09:16:39, 2026-01-10 09:31:52, 2026-01-10 09:33:53, 2026-01-10 09:46:44, 2026-01-10 10:02:10, 2026-01-10 10:16:42, 2026-01-10 11:17:04, 2026-01-10 11:31:52, 2026-01-10 11:38:28, 2026-01-10 11:46:36, 2026-01-10 12:01:39, 2026-01-10 12:16:53, 2026-01-10 12:31:48, 2026-01-10 12:32:08, 2026-01-10 12:46:59, 2026-01-10 13:01:55, 2026-01-10 13:16:53, 2026-01-10 13:31:50, 2026-01-10 13:45:18, 2026-01-10 13:46:47, 2026-01-10 14:01:49, 2026-01-10 14:17:10, 2026-01-10 14:26:43, 2026-01-10 14:31:57, 2026-01-10 14:46:44, 2026-01-10 15:02:09, 2026-01-10 15:16:35, 2026-01-10 15:31:36, 2026-01-10 15:35:25, 2026-01-10 15:46:38, 2026-01-10 16:01:42, 2026-01-10 16:16:42, 2026-01-10 16:30:18, 2026-01-10 16:31:48, 2026-01-10 16:46:49, 2026-01-10 17:01:47, 2026-01-10 17:16:52, 2026-01-10 17:32:06, 2026-01-10 17:35:18, 2026-01-10 17:46:57, 2026-01-10 18:01:40, 2026-01-10 18:17:22, 2026-01-10 18:31:07, 2026-01-10 18:31:38, 2026-01-10 18:46:46, 2026-01-10 19:02:37, 2026-01-10 19:17:03, 2026-01-10 19:31:52, 2026-01-10 19:47:00, 2026-01-10 20:02:11, 2026-01-10 20:17:06, 2026-01-10 20:31:43, 2026-01-10 20:47:07, 2026-01-10 21:01:33, 2026-01-10 21:16:56" }, "geometry": { "type": "Polygon", "coordinates": [ [ [ -75.865444797991159, 46.761908296458358 ], [ -75.872033660564483, 46.764456123468122 ], [ -75.872117507805399, 46.769651171954379 ], [ -75.865611233802937, 46.772298411372596 ], [ -75.85902170724826, 46.769750222390023 ], [ -75.858939118685399, 46.764555156029616 ], [ -75.865444797991159, 46.761908296458358 ] ] ] } },
{ "type": "Feature", "properties": { "hex_id": 362683, "centroid_lon": -75.78826285143586, "centroid_lat": 45.497178722260003, "total_occurrences": 49.0, "days_affected": 2, "first_occurrence": "2026-01-09 21:47:12", "last_occurrence": "2026-01-10 07:31:49", "all_datetimes": "2026-01-09 21:47:12, 2026-01-09 22:01:44, 2026-01-09 22:16:46, 2026-01-09 22:32:04, 2026-01-09 22:46:41, 2026-01-09 23:02:08, 2026-01-09 23:04:08, 2026-01-09 23:16:40, 2026-01-09 23:31:48, 2026-01-09 23:46:45, 2026-01-09 23:47:20, 2026-01-10 00:01:46, 2026-01-10 00:17:13, 2026-01-10 00:31:53, 2026-01-10 00:36:33, 2026-01-10 00:46:46, 2026-01-10 01:01:52, 2026-01-10 01:16:57, 2026-01-10 01:31:57, 2026-01-10 01:47:16, 2026-01-10 01:47:22, 2026-01-10 02:01:45, 2026-01-10 02:16:50, 2026-01-10 02:31:07, 2026-01-10 02:32:06, 2026-01-10 02:46:45, 2026-01-10 03:01:57, 2026-01-10 03:17:07, 2026-01-10 03:31:48, 2026-01-10 03:40:14, 2026-01-10 03:46:52, 2026-01-10 04:01:38, 2026-01-10 04:16:52, 2026-01-10 04:31:46, 2026-01-10 04:32:51, 2026-01-10 04:46:51, 2026-01-10 05:02:13, 2026-01-10 05:16:44, 2026-01-10 05:31:37, 2026-01-10 05:35:58, 2026-01-10 05:46:51, 2026-01-10 06:01:50, 2026-01-10 06:16:51, 2026-01-10 06:28:23, 2026-01-10 06:32:04, 2026-01-10 06:47:08, 2026-01-10 07:01:41, 2026-01-10 07:16:37, 2026-01-10 07:31:49" }, "geometry": { "type": "Polygon", "coordinates": [ [ [ -75.788190355413249, 45.491982401763458 ], [ -75.794625225600186, 45.494536227981591 ], [ -75.79469831995651, 45.499732538069516 ], [ -75.788335367258725, 45.502375037918483 ], [ -75.78189987893451, 45.499820864866379 ], [ -75.781827961452009, 45.49462453886386 ], [ -75.788190355413249, 45.491982401763458 ] ] ] } },
{ "type": "Feature", "properties": { "hex_id": 378562, "centroid_lon": -75.622918327343555, "centroid_lat": 45.591741993430198, "total_occurrences": 17.0, "days_affected": 2, "first_occurrence": "2026-01-09 21:47:12", "last_occurrence": "2026-01-10 01:01:52", "all_datetimes": "2026-01-09 21:47:12, 2026-01-09 22:01:44, 2026-01-09 22:16:46, 2026-01-09 22:32:04, 2026-01-09 22:46:41, 2026-01-09 23:02:08, 2026-01-09 23:04:08, 2026-01-09 23:16:40, 2026-01-09 23:31:48, 2026-01-09 23:46:45, 2026-01-09 23:47:20, 2026-01-10 00:01:46, 2026-01-10 00:17:13, 2026-01-10 00:31:53, 2026-01-10 00:36:33, 2026-01-10 00:46:46, 2026-01-10 01:01:52" }, "geometry": { "type": "Polygon", "coordinates": [ [ [ -75.622860848147468, 45.586545574365481 ], [ -75.629299175865697, 45.589108654835862 ], [ -75.629357254372096, 45.594305065167141 ], [ -75.622975822256976, 45.596938407690651 ], [ -75.616536879508473, 45.59437497748717 ], [ -75.616479983910651, 45.589178554558131 ], [ -75.622860848147468, 45.586545574365481 ] ] ] } },
{ "type": "Feature", "properties": { "hex_id": 395047, "centroid_lon": -75.450034291554886, "centroid_lat": 45.615939118020194, "total_occurrences": 67.0, "days_affected": 2, "first_occurrence": "2026-01-09 21:47:12", "last_occurrence": "2026-01-10 11:01:52", "all_datetimes": "2026-01-09 21:47:12, 2026-01-09 22:01:44, 2026-01-09 22:16:46, 2026-01-09 22:32:04, 2026-01-09 22:46:41, 2026-01-09 23:02:08, 2026-01-09 23:04:08, 2026-01-09 23:16:40, 2026-01-09 23:31:48, 2026-01-09 23:46:45, 2026-01-09 23:47:20, 2026-01-10 00:01:46, 2026-01-10 00:17:13, 2026-01-10 00:31:53, 2026-01-10 00:36:33, 2026-01-10 00:46:46, 2026-01-10 01:01:52, 2026-01-10 01:16:57, 2026-01-10 01:31:57, 2026-01-10 01:47:16, 2026-01-10 01:47:22, 2026-01-10 02:01:45, 2026-01-10 02:16:50, 2026-01-10 02:31:07, 2026-01-10 02:32:06, 2026-01-10 02:46:45, 2026-01-10 03:01:57, 2026-01-10 03:17:07, 2026-01-10 03:31:48, 2026-01-10 03:40:14, 2026-01-10 03:46:52, 2026-01-10 04:01:38, 2026-01-10 04:16:52, 2026-01-10 04:31:46, 2026-01-10 04:32:51, 2026-01-10 04:46:51, 2026-01-10 05:02:13, 2026-01-10 05:16:44, 2026-01-10 05:31:37, 2026-01-10 05:35:58, 2026-01-10 05:46:51, 2026-01-10 06:01:50, 2026-01-10 06:16:51, 2026-01-10 06:28:23, 2026-01-10 06:32:04, 2026-01-10 06:47:08, 2026-01-10 07:01:41, 2026-01-10 07:16:37, 2026-01-10 07:31:49, 2026-01-10 07:46:56, 2026-01-10 08:00:39, 2026-01-10 08:01:56, 2026-01-10 08:16:49, 2026-01-10 08:32:06, 2026-01-10 08:40:23, 2026-01-10 08:47:00, 2026-01-10 09:02:09, 2026-01-10 09:16:39, 2026-01-10 09:31:52, 2026-01-10 09:33:53, 2026-01-10 09:46:44, 2026-01-10 10:02:10, 2026-01-10 10:16:42, 2026-01-10 10:31:44, 2026-01-10 10:32:02, 2026-01-10 10:46:49, 2026-01-10 11:01:52" }, "geometry": { "type": "Polygon", "coordinates": [ [ [ -75.449992729642503, 45.610742574019795 ], [ -75.456426038151989, 45.613315406160396 ], [ -75.456468198021511, 45.618511943186874 ], [ -75.450075864835782, 45.621135657243187 ], [ -75.443641946998738, 45.618562473271105 ], [ -75.443600971678819, 45.61336592713905 ], [ -75.449992729642503, 45.610742574019795 ] ] ] } },
{ "type": "Feature", "properties": { "hex_id": 418316, "centroid_lon": -75.210461936657623, "centroid_lat": 46.707834645445082, "total_occurrences": 29.0, "days_affected": 2, "first_occurrence": "2026-01-09 21:47:12", "last_occurrence": "2026-01-10 03:31:48", "all_datetimes": "2026-01-09 21:47:12, 2026-01-09 22:01:44, 2026-01-09 22:16:46, 2026-01-09 22:32:04, 2026-01-09 22:46:41, 2026-01-09 23:02:08, 2026-01-09 23:04:08, 2026-01-09 23:16:40, 2026-01-09 23:31:48, 2026-01-09 23:46:45, 2026-01-09 23:47:20, 2026-01-10 00:01:46, 2026-01-10 00:17:13, 2026-01-10 00:31:53, 2026-01-10 00:36:33, 2026-01-10 00:46:46, 2026-01-10 01:01:52, 2026-01-10 01:16:57, 2026-01-10 01:31:57, 2026-01-10 01:47:16, 2026-01-10 01:47:22, 2026-01-10 02:01:45, 2026-01-10 02:16:50, 2026-01-10 02:31:07, 2026-01-10 02:32:06, 2026-01-10 02:46:45, 2026-01-10 03:01:57, 2026-01-10 03:17:07, 2026-01-10 03:31:48" }, "geometry": { "type": "Polygon", "coordinates": [ [ [ -75.210441745286118, 46.702638972963584 ], [ -75.216992643049693, 46.705224593641539 ], [ -75.217013464840363, 46.710420261545075 ], [ -75.210482133629654, 46.713030313180369 ], [ -75.203930599845435, 46.710444324337352 ], [ -75.203911033294517, 46.705248652091598 ], [ -75.210441745286118, 46.702638972963584 ] ] ] } },
{ "type": "Feature", "properties": { "hex_id": 429283, "centroid_lon": -75.092139389824084, "centroid_lat": 46.365064206255056, "total_occurrences": 46.0, "days_affected": 2, "first_occurrence": "2026-01-09 21:47:12", "last_occurrence": "2026-01-10 06:47:08", "all_datetimes": "2026-01-09 21:47:12, 2026-01-09 22:01:44, 2026-01-09 22:16:46, 2026-01-09 22:32:04, 2026-01-09 22:46:41, 2026-01-09 23:02:08, 2026-01-09 23:04:08, 2026-01-09 23:16:40, 2026-01-09 23:31:48, 2026-01-09 23:46:45, 2026-01-09 23:47:20, 2026-01-10 00:01:46, 2026-01-10 00:17:13, 2026-01-10 00:31:53, 2026-01-10 00:36:33, 2026-01-10 00:46:46, 2026-01-10 01:01:52, 2026-01-10 01:16:57, 2026-01-10 01:31:57, 2026-01-10 01:47:16, 2026-01-10 01:47:22, 2026-01-10 02:01:45, 2026-01-10 02:16:50, 2026-01-10 02:31:07, 2026-01-10 02:32:06, 2026-01-10 02:46:45, 2026-01-10 03:01:57, 2026-01-10 03:17:07, 2026-01-10 03:31:48, 2026-01-10 03:40:14, 2026-01-10 03:46:52, 2026-01-10 04:01:38, 2026-01-10 04:16:52, 2026-01-10 04:31:46, 2026-01-10 04:32:51, 2026-01-10 04:46:51, 2026-01-10 05:02:13, 2026-01-10 05:16:44, 2026-01-10 05:31:37, 2026-01-10 05:35:58, 2026-01-10 05:46:51, 2026-01-10 06:01:50, 2026-01-10 06:16:51, 2026-01-10 06:28:23, 2026-01-10 06:32:04, 2026-01-10 06:47:08" }, "geometry": { "type": "Polygon", "coordinates": [ [ [ -75.092130655213708, 46.359868192613455 ], [ -75.098634838408231, 46.362460778409051 ], [ -75.098644190504558, 46.367656788700565 ], [ -75.092148126846297, 46.370260215152399 ], [ -75.085643323753573, 46.367667264381616 ], [ -75.085635204218107, 46.362471252200827 ], [ -75.092130655213708, 46.359868192613455 ] ] ] } },
{ "type": "Feature", "properties": { "hex_id": 454307, "centroid_lon": -74.825955702980735, "centroid_lat": 46.263645605800043, "total_occurrences": 9.0, "days_affected": 2, "first_occurrence": "2026-01-09 21:47:12", "last_occurrence": "2026-01-10 19:47:00", "all_datetimes": "2026-01-09 21:47:12, 2026-01-10 18:17:22, 2026-01-10 18:31:07, 2026-01-10 18:31:38, 2026-01-10 18:46:46, 2026-01-10 19:02:37, 2026-01-10 19:17:03, 2026-01-10 19:31:52, 2026-01-10 19:47:00" }, "geometry": { "type": "Polygon", "coordinates": [ [ [ -74.82597214371016, 46.258449516853169 ], [ -74.832451726302651, 46.261057253401518 ], [ -74.832435896269502, 46.266253341722106 ], [ -74.825939257717565, 46.26884168999856 ], [ -74.819459068963326, 46.266233587054316 ], [ -74.819476124921223, 46.261037502295899 ], [ -74.82597214371016, 46.258449516853169 ] ] ] } },
{ "type": "Feature", "properties": { "hex_id": 461640, "centroid_lon": -74.747597480476998, "centroid_lat": 46.372616800734825, "total_occurrences": 41.0, "days_affected": 2, "first_occurrence": "2026-01-09 21:47:12", "last_occurrence": "2026-01-10 05:46:51", "all_datetimes": "2026-01-09 21:47:12, 2026-01-09 22:01:44, 2026-01-09 22:16:46, 2026-01-09 22:32:04, 2026-01-09 22:46:41, 2026-01-09 23:02:08, 2026-01-09 23:04:08, 2026-01-09 23:16:40, 2026-01-09 23:31:48, 2026-01-09 23:46:45, 2026-01-09 23:47:20, 2026-01-10 00:01:46, 2026-01-10 00:17:13, 2026-01-10 00:31:53, 2026-01-10 00:36:33, 2026-01-10 00:46:46, 2026-01-10 01:01:52, 2026-01-10 01:16:57, 2026-01-10 01:31:57, 2026-01-10 01:47:16, 2026-01-10 01:47:22, 2026-01-10 02:01:45, 2026-01-10 02:16:50, 2026-01-10 02:31:07, 2026-01-10 02:32:06, 2026-01-10 02:46:45, 2026-01-10 03:01:57, 2026-01-10 03:17:07, 2026-01-10 03:31:48, 2026-01-10 03:40:14, 2026-01-10 03:46:52, 2026-01-10 04:01:38, 2026-01-10 04:16:52, 2026-01-10 04:31:46, 2026-01-10 04:32:51, 2026-01-10 04:46:51, 2026-01-10 05:02:13, 2026-01-10 05:16:44, 2026-01-10 05:31:37, 2026-01-10 05:35:58, 2026-01-10 05:46:51" }, "geometry": { "type": "Polygon", "coordinates": [ [ [ -74.747621413916036, 46.367420837748767 ], [ -74.75411010869378, 46.370032982531583 ], [ -74.754086788458324, 46.375228945696115 ], [ -74.747573540428732, 46.377812758968496 ], [ -74.74108423905777, 46.375200245596211 ], [ -74.741108792307372, 46.370004287607685 ], [ -74.747621413916036, 46.367420837748767 ] ] ] } },
{ "type": "Feature", "properties": { "hex_id": 553784, "centroid_lon": -73.780399146964172, "centroid_lat": 45.719445363205672, "total_occurrences": 116.0, "days_affected": 2, "first_occurrence": "2026-01-09 21:47:12", "last_occurrence": "2026-01-10 21:16:56", "all_datetimes": "2026-01-09 21:47:12, 2026-01-09 22:01:44, 2026-01-09 22:16:46, 2026-01-09 22:32:04, 2026-01-09 22:46:41, 2026-01-09 23:02:08, 2026-01-09 23:04:08, 2026-01-09 23:16:40, 2026-01-09 23:31:48, 2026-01-09 23:46:45, 2026-01-09 23:47:20, 2026-01-10 00:01:46, 2026-01-10 00:17:13, 2026-01-10 00:31:53, 2026-01-10 00:36:33, 2026-01-10 00:46:46, 2026-01-10 01:01:52, 2026-01-10 01:16:57, 2026-01-10 01:31:57, 2026-01-10 01:47:16, 2026-01-10 01:47:22, 2026-01-10 02:01:45, 2026-01-10 02:16:50, 2026-01-10 02:31:07, 2026-01-10 02:32:06, 2026-01-10 02:46:45, 2026-01-10 03:01:57, 2026-01-10 03:17:07, 2026-01-10 03:31:48, 2026-01-10 03:40:14, 2026-01-10 03:46:52, 2026-01-10 04:01:38, 2026-01-10 04:16:52, 2026-01-10 04:31:46, 2026-01-10 04:32:51, 2026-01-10 04:46:51, 2026-01-10 05:02:13, 2026-01-10 05:16:44, 2026-01-10 05:31:37, 2026-01-10 05:35:58, 2026-01-10 05:46:51, 2026-01-10 06:01:50, 2026-01-10 06:16:51, 2026-01-10 06:28:23, 2026-01-10 06:32:04, 2026-01-10 06:47:08, 2026-01-10 07:01:41, 2026-01-10 07:16:37, 2026-01-10 07:31:49, 2026-01-10 07:46:56, 2026-01-10 08:00:39, 2026-01-10 08:01:56, 2026-01-10 08:16:49, 2026-01-10 08:32:06, 2026-01-10 08:40:23, 2026-01-10 08:47:00, 2026-01-10 09:02:09, 2026-01-10 09:16:39, 2026-01-10 09:31:52, 2026-01-10 09:33:53, 2026-01-10 09:46:44, 2026-01-10 10:02:10, 2026-01-10 10:16:42, 2026-01-10 10:31:44, 2026-01-10 10:32:02, 2026-01-10 10:46:49, 2026-01-10 11:01:52, 2026-01-10 11:17:04, 2026-01-10 11:31:52, 2026-01-10 11:38:28, 2026-01-10 11:46:36, 2026-01-10 12:01:39, 2026-01-10 12:16:53, 2026-01-10 12:31:48, 2026-01-10 12:32:08, 2026-01-10 12:46:59, 2026-01-10 13:01:55, 2026-01-10 13:16:53, 2026-01-10 13:31:50, 2026-01-10 13:45:18, 2026-01-10 13:46:47, 2026-01-10 14:01:49, 2026-01-10 14:17:10, 2026-01-10 14:26:43, 2026-01-10 14:31:57, 2026-01-10 14:46:44, 2026-01-10 15:02:09, 2026-01-10 15:16:35, 2026-01-10 15:31:36, 2026-01-10 15:35:25, 2026-01-10 15:46:38, 2026-01-10 16:01:42, 2026-01-10 16:16:42, 2026-01-10 16:30:18, 2026-01-10 16:31:48, 2026-01-10 16:46:49, 2026-01-10 17:01:47, 2026-01-10 17:16:52, 2026-01-10 17:32:06, 2026-01-10 17:35:18, 2026-01-10 17:46:57, 2026-01-10 18:01:40, 2026-01-10 18:17:22, 2026-01-10 18:31:07, 2026-01-10 18:31:38, 2026-01-10 18:46:46, 2026-01-10 19:02:37, 2026-01-10 19:17:03, 2026-01-10 19:31:52, 2026-01-10 19:47:00, 2026-01-10 20:02:11, 2026-01-10 20:17:06, 2026-01-10 20:31:43, 2026-01-10 20:47:07, 2026-01-10 21:01:33, 2026-01-10 21:16:56" }, "geometry": { "type": "Polygon", "coordinates": [ [ [ -73.780512180235561, 45.714249932239497 ], [ -73.786878781762653, 45.716916039430565 ], [ -73.786766328066861, 45.72211148023986 ], [ -73.780286082741554, 45.724640789208514 ], [ -73.773918932595322, 45.721974312330339 ], [ -73.774032576383092, 45.71677889623566 ], [ -73.780512180235561, 45.714249932239497 ] ] ] } },
{ "type": "Feature", "properties": { "hex_id": 565999, "centroid_lon": -73.650057872773786, "centroid_lat": 45.795928563108845, "total_occurrences": 12.0, "days_affected": 2, "first_occurrence": "2026-01-09 21:47:12", "last_occurrence": "2026-01-10 00:01:46", "all_datetimes": "2026-01-09 21:47:12, 2026-01-09 22:01:44, 2026-01-09 22:16:46, 2026-01-09 22:32:04, 2026-01-09 22:46:41, 2026-01-09 23:02:08, 2026-01-09 23:04:08, 2026-01-09 23:16:40, 2026-01-09 23:31:48, 2026-01-09 23:46:45, 2026-01-09 23:47:20, 2026-01-10 00:01:46" }, "geometry": { "type": "Polygon", "coordinates": [ [ [ -73.650183318031935, 45.790733467443893 ], [ -73.656552167006907, 45.793406831356002 ], [ -73.65642730189262, 45.798601938177718 ], [ -73.649932393135103, 45.801123653761621 ], [ -73.643562998402601, 45.798449917956383 ], [ -73.643689058173521, 45.79325483852552 ], [ -73.650183318031935, 45.790733467443893 ] ] ] } },
{ "type": "Feature", "properties": { "hex_id": 566593, "centroid_lon": -73.649823905149688, "centroid_lat": 45.538689804798906, "total_occurrences": 1.0, "days_affected": 1, "first_occurrence": "2026-01-09 21:47:12", "last_occurrence": "2026-01-09 21:47:12", "all_datetimes": "2026-01-09 21:47:12" }, "geometry": { "type": "Polygon", "coordinates": [ [ [ -73.649948252201725, 45.533494474720356 ], [ -73.656288260198522, 45.536167641369829 ], [ -73.656164485456443, 45.541362982546694 ], [ -73.649699524124998, 45.543885129866283 ], [ -73.643358977796609, 45.541211594597968 ], [ -73.643483931119832, 45.536016280693502 ], [ -73.649948252201725, 45.533494474720356 ] ] ] } },
{ "type": "Feature", "properties": { "hex_id": 567810, "centroid_lon": -73.63852308322349, "centroid_lat": 45.476193749808907, "total_occurrences": 2.0, "days_affected": 1, "first_occurrence": "2026-01-09 21:47:12", "last_occurrence": "2026-01-09 22:01:44", "all_datetimes": "2026-01-09 21:47:12, 2026-01-09 22:01:44" }, "geometry": { "type": "Polygon", "coordinates": [ [ [ -73.638648198042844, 45.470998386941233 ], [ -73.644980712304474, 45.473672122797765 ], [ -73.644856167759627, 45.478867496860872 ], [ -73.638397934247578, 45.481389107661329 ], [ -73.63206488387371, 45.478715003871748 ], [ -73.63219060311269, 45.473519657279198 ], [ -73.638648198042844, 45.470998386941233 ] ] ] } },
{ "type": "Feature", "properties": { "hex_id": 568421, "centroid_lon": -73.631939130312219, "centroid_lat": 45.483910345446489, "total_occurrences": 10.0, "days_affected": 2, "first_occurrence": "2026-01-09 21:47:12", "last_occurrence": "2026-01-10 15:16:35", "all_datetimes": "2026-01-09 21:47:12, 2026-01-09 22:01:44, 2026-01-09 23:02:08, 2026-01-09 23:04:08, 2026-01-10 14:17:10, 2026-01-10 14:26:43, 2026-01-10 14:31:57, 2026-01-10 14:46:44, 2026-01-10 15:02:09, 2026-01-10 15:16:35" }, "geometry": { "type": "Polygon", "coordinates": [ [ [ -73.63206488387371, 45.478715003871748 ], [ -73.638397934247578, 45.481389107661329 ], [ -73.638272751103656, 45.486584460498399 ], [ -73.63181334241672, 45.489105682003341 ], [ -73.62547975596506, 45.486431210121559 ], [ -73.625606114266603, 45.48123588489149 ], [ -73.63206488387371, 45.478715003871748 ] ] ] } },
{ "type": "Feature", "properties": { "hex_id": 583066, "centroid_lon": -73.481366804603439, "centroid_lat": 45.372872502613561, "total_occurrences": 17.0, "days_affected": 2, "first_occurrence": "2026-01-09 21:47:12", "last_occurrence": "2026-01-10 01:01:52", "all_datetimes": "2026-01-09 21:47:12, 2026-01-09 22:01:44, 2026-01-09 22:16:46, 2026-01-09 22:32:04, 2026-01-09 22:46:41, 2026-01-09 23:02:08, 2026-01-09 23:04:08, 2026-01-09 23:16:40, 2026-01-09 23:31:48, 2026-01-09 23:46:45, 2026-01-09 23:47:20, 2026-01-10 00:01:46, 2026-01-10 00:17:13, 2026-01-10 00:31:53, 2026-01-10 00:36:33, 2026-01-10 00:46:46, 2026-01-10 01:01:52" }, "geometry": { "type": "Polygon", "coordinates": [ [ [ -73.481505856732056, 45.367677404164247 ], [ -73.487819309447502, 45.370359656753145 ], [ -73.4876808223773, 45.375554767922495 ], [ -73.481227714562849, 45.378067595983367 ], [ -73.474913734707329, 45.375384975306773 ], [ -73.475053389793672, 45.370189894721193 ], [ -73.481505856732056, 45.367677404164247 ] ] ] } },
{ "type": "Feature", "properties": { "hex_id": 695437, "centroid_lon": -72.278168068324661, "centroid_lat": 45.958551923469336, "total_occurrences": 19.0, "days_affected": 2, "first_occurrence": "2026-01-09 21:47:12", "last_occurrence": "2026-01-10 01:31:57", "all_datetimes": "2026-01-09 21:47:12, 2026-01-09 22:01:44, 2026-01-09 22:16:46, 2026-01-09 22:32:04, 2026-01-09 22:46:41, 2026-01-09 23:02:08, 2026-01-09 23:04:08, 2026-01-09 23:16:40, 2026-01-09 23:31:48, 2026-01-09 23:46:45, 2026-01-09 23:47:20, 2026-01-10 00:01:46, 2026-01-10 00:17:13, 2026-01-10 00:31:53, 2026-01-10 00:36:33, 2026-01-10 00:46:46, 2026-01-10 01:01:52, 2026-01-10 01:16:57, 2026-01-10 01:31:57" }, "geometry": { "type": "Polygon", "coordinates": [ [ [ -72.278422364651803, 45.95336140288147 ], [ -72.284740096682413, 45.956110085399025 ], [ -72.28448636590791, 45.961300630701317 ], [ -72.277913702221454, 45.963742438228145 ], [ -72.271595474426078, 45.960993369331305 ], [ -72.271850406058277, 45.955802879352056 ], [ -72.278422364651803, 45.95336140288147 ] ] ] } },
{ "type": "Feature", "properties": { "hex_id": 726527, "centroid_lon": -71.987712330770037, "centroid_lat": 45.241887230835516, "total_occurrences": 86.0, "days_affected": 2, "first_occurrence": "2026-01-09 21:47:12", "last_occurrence": "2026-01-10 14:46:44", "all_datetimes": "2026-01-09 21:47:12, 2026-01-09 22:01:44, 2026-01-09 22:16:46, 2026-01-09 22:32:04, 2026-01-09 22:46:41, 2026-01-09 23:02:08, 2026-01-09 23:04:08, 2026-01-09 23:16:40, 2026-01-09 23:31:48, 2026-01-09 23:46:45, 2026-01-09 23:47:20, 2026-01-10 00:01:46, 2026-01-10 00:17:13, 2026-01-10 00:31:53, 2026-01-10 00:36:33, 2026-01-10 00:46:46, 2026-01-10 01:01:52, 2026-01-10 01:16:57, 2026-01-10 01:31:57, 2026-01-10 01:47:16, 2026-01-10 01:47:22, 2026-01-10 02:01:45, 2026-01-10 02:16:50, 2026-01-10 02:31:07, 2026-01-10 02:32:06, 2026-01-10 02:46:45, 2026-01-10 03:01:57, 2026-01-10 03:17:07, 2026-01-10 03:31:48, 2026-01-10 03:40:14, 2026-01-10 03:46:52, 2026-01-10 04:01:38, 2026-01-10 04:16:52, 2026-01-10 04:31:46, 2026-01-10 04:32:51, 2026-01-10 04:46:51, 2026-01-10 05:02:13, 2026-01-10 05:16:44, 2026-01-10 05:31:37, 2026-01-10 05:35:58, 2026-01-10 05:46:51, 2026-01-10 06:01:50, 2026-01-10 06:16:51, 2026-01-10 06:28:23, 2026-01-10 06:32:04, 2026-01-10 06:47:08, 2026-01-10 07:01:41, 2026-01-10 07:16:37, 2026-01-10 07:31:49, 2026-01-10 07:46:56, 2026-01-10 08:00:39, 2026-01-10 08:01:56, 2026-01-10 08:16:49, 2026-01-10 08:32:06, 2026-01-10 08:40:23, 2026-01-10 08:47:00, 2026-01-10 09:02:09, 2026-01-10 09:16:39, 2026-01-10 09:31:52, 2026-01-10 09:33:53, 2026-01-10 09:46:44, 2026-01-10 10:02:10, 2026-01-10 10:16:42, 2026-01-10 10:31:44, 2026-01-10 10:32:02, 2026-01-10 10:46:49, 2026-01-10 11:01:52, 2026-01-10 11:17:04, 2026-01-10 11:31:52, 2026-01-10 11:38:28, 2026-01-10 11:46:36, 2026-01-10 12:01:39, 2026-01-10 12:16:53, 2026-01-10 12:31:48, 2026-01-10 12:32:08, 2026-01-10 12:46:59, 2026-01-10 13:01:55, 2026-01-10 13:16:53, 2026-01-10 13:31:50, 2026-01-10 13:45:18, 2026-01-10 13:46:47, 2026-01-10 14:01:49, 2026-01-10 14:17:10, 2026-01-10 14:26:43, 2026-01-10 14:31:57, 2026-01-10 14:46:44" }, "geometry": { "type": "Polygon", "coordinates": [ [ [ -71.987986797922431, 45.236697376541358 ], [ -71.994211304429157, 45.239460059496665 ], [ -71.993937377588338, 45.244649940959832 ], [ -71.987437788978227, 45.247077079087063 ], [ -71.981212816811777, 45.244314016543612 ], [ -71.981487898890336, 45.239124195524468 ], [ -71.987986797922431, 45.236697376541358 ] ] ] } },
{ "type": "Feature", "properties": { "hex_id": 433569, "centroid_lon": -75.046805157258035, "centroid_lat": 46.559939090231296, "total_occurrences": 22.0, "days_affected": 2, "first_occurrence": "2026-01-09 22:01:44", "last_occurrence": "2026-01-10 02:16:50", "all_datetimes": "2026-01-09 22:01:44, 2026-01-09 22:16:46, 2026-01-09 22:32:04, 2026-01-09 22:46:41, 2026-01-09 23:02:08, 2026-01-09 23:04:08, 2026-01-09 23:16:40, 2026-01-09 23:31:48, 2026-01-09 23:46:45, 2026-01-09 23:47:20, 2026-01-10 00:01:46, 2026-01-10 00:17:13, 2026-01-10 00:31:53, 2026-01-10 00:36:33, 2026-01-10 00:46:46, 2026-01-10 01:01:52, 2026-01-10 01:16:57, 2026-01-10 01:31:57, 2026-01-10 01:47:16, 2026-01-10 01:47:22, 2026-01-10 02:01:45, 2026-01-10 02:16:50" }, "geometry": { "type": "Polygon", "coordinates": [ [ [ -75.046800689958673, 46.554743249451555 ], [ -75.05332597719898, 46.557338315687169 ], [ -75.053331067822072, 46.562534153581062 ], [ -75.046809625794069, 46.565134926269565 ], [ -75.040283713993134, 46.562539492084291 ], [ -75.040279868781255, 46.557343653227306 ], [ -75.046800689958673, 46.554743249451555 ] ] ] } },
{ "type": "Feature", "properties": { "hex_id": 453713, "centroid_lon": -74.831654847433185, "centroid_lat": 46.520855853986333, "total_occurrences": 96.0, "days_affected": 2, "first_occurrence": "2026-01-09 22:01:44", "last_occurrence": "2026-01-10 17:01:47", "all_datetimes": "2026-01-09 22:01:44, 2026-01-09 22:16:46, 2026-01-09 22:32:04, 2026-01-09 22:46:41, 2026-01-09 23:02:08, 2026-01-09 23:04:08, 2026-01-09 23:16:40, 2026-01-09 23:31:48, 2026-01-09 23:46:45, 2026-01-09 23:47:20, 2026-01-10 00:01:46, 2026-01-10 00:17:13, 2026-01-10 00:31:53, 2026-01-10 00:36:33, 2026-01-10 00:46:46, 2026-01-10 01:01:52, 2026-01-10 01:16:57, 2026-01-10 01:31:57, 2026-01-10 01:47:16, 2026-01-10 01:47:22, 2026-01-10 02:01:45, 2026-01-10 02:16:50, 2026-01-10 02:31:07, 2026-01-10 02:32:06, 2026-01-10 02:46:45, 2026-01-10 03:01:57, 2026-01-10 03:17:07, 2026-01-10 03:31:48, 2026-01-10 03:40:14, 2026-01-10 03:46:52, 2026-01-10 04:01:38, 2026-01-10 04:16:52, 2026-01-10 04:31:46, 2026-01-10 04:32:51, 2026-01-10 04:46:51, 2026-01-10 05:02:13, 2026-01-10 05:16:44, 2026-01-10 05:31:37, 2026-01-10 05:35:58, 2026-01-10 05:46:51, 2026-01-10 06:01:50, 2026-01-10 06:16:51, 2026-01-10 06:28:23, 2026-01-10 06:32:04, 2026-01-10 06:47:08, 2026-01-10 07:01:41, 2026-01-10 07:16:37, 2026-01-10 07:31:49, 2026-01-10 07:46:56, 2026-01-10 08:00:39, 2026-01-10 08:01:56, 2026-01-10 08:16:49, 2026-01-10 08:32:06, 2026-01-10 08:40:23, 2026-01-10 08:47:00, 2026-01-10 09:02:09, 2026-01-10 09:16:39, 2026-01-10 09:31:52, 2026-01-10 09:33:53, 2026-01-10 09:46:44, 2026-01-10 10:02:10, 2026-01-10 10:16:42, 2026-01-10 10:31:44, 2026-01-10 10:32:02, 2026-01-10 10:46:49, 2026-01-10 11:01:52, 2026-01-10 11:17:04, 2026-01-10 11:31:52, 2026-01-10 11:38:28, 2026-01-10 11:46:36, 2026-01-10 12:01:39, 2026-01-10 12:16:53, 2026-01-10 12:31:48, 2026-01-10 12:32:08, 2026-01-10 12:46:59, 2026-01-10 13:01:55, 2026-01-10 13:16:53, 2026-01-10 13:31:50, 2026-01-10 13:45:18, 2026-01-10 13:46:47, 2026-01-10 14:01:49, 2026-01-10 14:17:10, 2026-01-10 14:26:43, 2026-01-10 14:31:57, 2026-01-10 14:46:44, 2026-01-10 15:02:09, 2026-01-10 15:16:35, 2026-01-10 15:31:36, 2026-01-10 15:35:25, 2026-01-10 15:46:38, 2026-01-10 16:01:42, 2026-01-10 16:16:42, 2026-01-10 16:30:18, 2026-01-10 16:31:48, 2026-01-10 16:46:49, 2026-01-10 17:01:47" }, "geometry": { "type": "Polygon", "coordinates": [ [ [ -74.831670893147802, 46.515659998265484 ], [ -74.83818122224595, 46.518267333671965 ], [ -74.838165795713167, 46.523463188717194 ], [ -74.831638797278913, 46.526051704961446 ], [ -74.825127853439341, 46.523443999905034 ], [ -74.825144522773911, 46.518248148321341 ], [ -74.831670893147802, 46.515659998265484 ] ] ] } },
{ "type": "Feature", "properties": { "hex_id": 454916, "centroid_lon": -74.819544301749403, "centroid_lat": 46.240253115774685, "total_occurrences": 115.0, "days_affected": 2, "first_occurrence": "2026-01-09 22:01:44", "last_occurrence": "2026-01-10 21:16:56", "all_datetimes": "2026-01-09 22:01:44, 2026-01-09 22:16:46, 2026-01-09 22:32:04, 2026-01-09 22:46:41, 2026-01-09 23:02:08, 2026-01-09 23:04:08, 2026-01-09 23:16:40, 2026-01-09 23:31:48, 2026-01-09 23:46:45, 2026-01-09 23:47:20, 2026-01-10 00:01:46, 2026-01-10 00:17:13, 2026-01-10 00:31:53, 2026-01-10 00:36:33, 2026-01-10 00:46:46, 2026-01-10 01:01:52, 2026-01-10 01:16:57, 2026-01-10 01:31:57, 2026-01-10 01:47:16, 2026-01-10 01:47:22, 2026-01-10 02:01:45, 2026-01-10 02:16:50, 2026-01-10 02:31:07, 2026-01-10 02:32:06, 2026-01-10 02:46:45, 2026-01-10 03:01:57, 2026-01-10 03:17:07, 2026-01-10 03:31:48, 2026-01-10 03:40:14, 2026-01-10 03:46:52, 2026-01-10 04:01:38, 2026-01-10 04:16:52, 2026-01-10 04:31:46, 2026-01-10 04:32:51, 2026-01-10 04:46:51, 2026-01-10 05:02:13, 2026-01-10 05:16:44, 2026-01-10 05:31:37, 2026-01-10 05:35:58, 2026-01-10 05:46:51, 2026-01-10 06:01:50, 2026-01-10 06:16:51, 2026-01-10 06:28:23, 2026-01-10 06:32:04, 2026-01-10 06:47:08, 2026-01-10 07:01:41, 2026-01-10 07:16:37, 2026-01-10 07:31:49, 2026-01-10 07:46:56, 2026-01-10 08:00:39, 2026-01-10 08:01:56, 2026-01-10 08:16:49, 2026-01-10 08:32:06, 2026-01-10 08:40:23, 2026-01-10 08:47:00, 2026-01-10 09:02:09, 2026-01-10 09:16:39, 2026-01-10 09:31:52, 2026-01-10 09:33:53, 2026-01-10 09:46:44, 2026-01-10 10:02:10, 2026-01-10 10:16:42, 2026-01-10 10:31:44, 2026-01-10 10:32:02, 2026-01-10 10:46:49, 2026-01-10 11:01:52, 2026-01-10 11:17:04, 2026-01-10 11:31:52, 2026-01-10 11:38:28, 2026-01-10 11:46:36, 2026-01-10 12:01:39, 2026-01-10 12:16:53, 2026-01-10 12:31:48, 2026-01-10 12:32:08, 2026-01-10 12:46:59, 2026-01-10 13:01:55, 2026-01-10 13:16:53, 2026-01-10 13:31:50, 2026-01-10 13:45:18, 2026-01-10 13:46:47, 2026-01-10 14:01:49, 2026-01-10 14:17:10, 2026-01-10 14:26:43, 2026-01-10 14:31:57, 2026-01-10 14:46:44, 2026-01-10 15:02:09, 2026-01-10 15:16:35, 2026-01-10 15:31:36, 2026-01-10 15:35:25, 2026-01-10 15:46:38, 2026-01-10 16:01:42, 2026-01-10 16:16:42, 2026-01-10 16:30:18, 2026-01-10 16:31:48, 2026-01-10 16:46:49, 2026-01-10 17:01:47, 2026-01-10 17:16:52, 2026-01-10 17:32:06, 2026-01-10 17:35:18, 2026-01-10 17:46:57, 2026-01-10 18:01:40, 2026-01-10 18:17:22, 2026-01-10 18:31:07, 2026-01-10 18:31:38, 2026-01-10 18:46:46, 2026-01-10 19:02:37, 2026-01-10 19:17:03, 2026-01-10 19:31:52, 2026-01-10 19:47:00, 2026-01-10 20:02:11, 2026-01-10 20:17:06, 2026-01-10 20:31:43, 2026-01-10 20:47:07, 2026-01-10 21:01:33, 2026-01-10 21:16:56" }, "geometry": { "type": "Polygon", "coordinates": [ [ [ -74.819561334213631, 46.23505700727226 ], [ -74.826037861321367, 46.237665113581251 ], [ -74.82602143871145, 46.242861221521977 ], [ -74.819527264589667, 46.245449219528197 ], [ -74.813050132323966, 46.242840747058032 ], [ -74.813067779336393, 46.237644642809158 ], [ -74.819561334213631, 46.23505700727226 ] ] ] } },
{ "type": "Feature", "properties": { "hex_id": 545836, "centroid_lon": -73.867521454122567, "centroid_lat": 45.541055792237742, "total_occurrences": 1.0, "days_affected": 1, "first_occurrence": "2026-01-09 22:01:44", "last_occurrence": "2026-01-09 22:01:44", "all_datetimes": "2026-01-09 22:01:44" }, "geometry": { "type": "Polygon", "coordinates": [ [ [ -73.867625763349963, 45.535860035911611 ], [ -73.873976583942493, 45.538521217469288 ], [ -73.873872850027311, 45.543716982735724 ], [ -73.867417116393852, 45.546251543630568 ], [ -73.861065748995202, 45.543589995475365 ], [ -73.861170662026566, 45.538394253087468 ], [ -73.867625763349963, 45.535860035911611 ] ] ] } },
{ "type": "Feature", "properties": { "hex_id": 547058, "centroid_lon": -73.854398348078419, "centroid_lat": 45.556515269039878, "total_occurrences": 64.0, "days_affected": 2, "first_occurrence": "2026-01-09 22:01:44", "last_occurrence": "2026-01-10 10:32:02", "all_datetimes": "2026-01-09 22:01:44, 2026-01-09 22:16:46, 2026-01-09 22:32:04, 2026-01-09 22:46:41, 2026-01-09 23:02:08, 2026-01-09 23:04:08, 2026-01-09 23:16:40, 2026-01-09 23:31:48, 2026-01-09 23:46:45, 2026-01-09 23:47:20, 2026-01-10 00:01:46, 2026-01-10 00:17:13, 2026-01-10 00:31:53, 2026-01-10 00:36:33, 2026-01-10 00:46:46, 2026-01-10 01:01:52, 2026-01-10 01:16:57, 2026-01-10 01:31:57, 2026-01-10 01:47:16, 2026-01-10 01:47:22, 2026-01-10 02:01:45, 2026-01-10 02:16:50, 2026-01-10 02:31:07, 2026-01-10 02:32:06, 2026-01-10 02:46:45, 2026-01-10 03:01:57, 2026-01-10 03:17:07, 2026-01-10 03:31:48, 2026-01-10 03:40:14, 2026-01-10 03:46:52, 2026-01-10 04:01:38, 2026-01-10 04:16:52, 2026-01-10 04:31:46, 2026-01-10 04:32:51, 2026-01-10 04:46:51, 2026-01-10 05:02:13, 2026-01-10 05:16:44, 2026-01-10 05:31:37, 2026-01-10 05:35:58, 2026-01-10 05:46:51, 2026-01-10 06:01:50, 2026-01-10 06:16:51, 2026-01-10 06:28:23, 2026-01-10 06:32:04, 2026-01-10 06:47:08, 2026-01-10 07:01:41, 2026-01-10 07:16:37, 2026-01-10 07:31:49, 2026-01-10 07:46:56, 2026-01-10 08:00:39, 2026-01-10 08:01:56, 2026-01-10 08:16:49, 2026-01-10 08:32:06, 2026-01-10 08:40:23, 2026-01-10 08:47:00, 2026-01-10 09:02:09, 2026-01-10 09:16:39, 2026-01-10 09:31:52, 2026-01-10 09:33:53, 2026-01-10 09:46:44, 2026-01-10 10:02:10, 2026-01-10 10:16:42, 2026-01-10 10:31:44, 2026-01-10 10:32:02" }, "geometry": { "type": "Polygon", "coordinates": [ [ [ -73.85450392274555, 45.551319550532114 ], [ -73.860855836921488, 45.553981465444842 ], [ -73.860750837859868, 45.559177193026336 ], [ -73.854292744558961, 45.561710982609995 ], [ -73.847940283634699, 45.559048700779755 ], [ -73.848046462749977, 45.553852996348013 ], [ -73.85450392274555, 45.551319550532114 ] ] ] } },
{ "type": "Feature", "properties": { "hex_id": 565372, "centroid_lon": -73.662628874317079, "centroid_lat": 45.538840461625028, "total_occurrences": 4.0, "days_affected": 1, "first_occurrence": "2026-01-09 22:01:44", "last_occurrence": "2026-01-09 22:46:41", "all_datetimes": "2026-01-09 22:01:44, 2026-01-09 22:16:46, 2026-01-09 22:32:04, 2026-01-09 22:46:41" }, "geometry": { "type": "Polygon", "coordinates": [ [ [ -73.662752042931757, 45.533645104405764 ], [ -73.669092690695592, 45.536317567196335 ], [ -73.668970094568692, 45.541512935387196 ], [ -73.662505672051466, 45.544035813838079 ], [ -73.656164485456443, 45.541362982546694 ], [ -73.656288260198522, 45.536167641369829 ], [ -73.662752042931757, 45.533645104405764 ] ] ] } },
{ "type": "Feature", "properties": { "hex_id": 592231, "centroid_lon": -73.382284889640133, "centroid_lat": 45.48844209459952, "total_occurrences": 18.0, "days_affected": 2, "first_occurrence": "2026-01-09 22:01:44", "last_occurrence": "2026-01-10 01:31:57", "all_datetimes": "2026-01-09 22:01:44, 2026-01-09 22:16:46, 2026-01-09 22:32:04, 2026-01-09 22:46:41, 2026-01-09 23:02:08, 2026-01-09 23:04:08, 2026-01-09 23:16:40, 2026-01-09 23:31:48, 2026-01-09 23:46:45, 2026-01-09 23:47:20, 2026-01-10 00:01:46, 2026-01-10 00:17:13, 2026-01-10 00:31:53, 2026-01-10 00:36:33, 2026-01-10 00:46:46, 2026-01-10 01:01:52, 2026-01-10 01:16:57, 2026-01-10 01:31:57" }, "geometry": { "type": "Polygon", "coordinates": [ [ [ -73.382433609564913, 45.483247348011751 ], [ -73.388754965293913, 45.485935138548442 ], [ -73.388606812526604, 45.491129898862752 ], [ -73.382136129113334, 45.493636836062173 ], [ -73.375814246835688, 45.490948675060537 ], [ -73.375963574506329, 45.485753947388822 ], [ -73.382433609564913, 45.483247348011751 ] ] ] } },
{ "type": "Feature", "properties": { "hex_id": 594675, "centroid_lon": -73.355793895499261, "centroid_lat": 45.519244792659485, "total_occurrences": 63.0, "days_affected": 2, "first_occurrence": "2026-01-09 22:01:44", "last_occurrence": "2026-01-10 13:16:53", "all_datetimes": "2026-01-09 22:01:44, 2026-01-09 22:16:46, 2026-01-09 22:32:04, 2026-01-09 22:46:41, 2026-01-09 23:02:08, 2026-01-09 23:04:08, 2026-01-09 23:16:40, 2026-01-09 23:31:48, 2026-01-09 23:46:45, 2026-01-09 23:47:20, 2026-01-10 00:01:46, 2026-01-10 00:17:13, 2026-01-10 00:31:53, 2026-01-10 00:36:33, 2026-01-10 00:46:46, 2026-01-10 01:01:52, 2026-01-10 01:16:57, 2026-01-10 01:31:57, 2026-01-10 01:47:16, 2026-01-10 01:47:22, 2026-01-10 02:01:45, 2026-01-10 02:16:50, 2026-01-10 02:31:07, 2026-01-10 02:32:06, 2026-01-10 02:46:45, 2026-01-10 03:01:57, 2026-01-10 03:17:07, 2026-01-10 06:16:51, 2026-01-10 06:28:23, 2026-01-10 06:32:04, 2026-01-10 06:47:08, 2026-01-10 07:01:41, 2026-01-10 07:16:37, 2026-01-10 07:31:49, 2026-01-10 07:46:56, 2026-01-10 08:00:39, 2026-01-10 08:01:56, 2026-01-10 08:16:49, 2026-01-10 08:32:06, 2026-01-10 08:40:23, 2026-01-10 08:47:00, 2026-01-10 09:02:09, 2026-01-10 09:16:39, 2026-01-10 09:31:52, 2026-01-10 09:33:53, 2026-01-10 09:46:44, 2026-01-10 10:02:10, 2026-01-10 10:16:42, 2026-01-10 10:31:44, 2026-01-10 10:32:02, 2026-01-10 10:46:49, 2026-01-10 11:01:52, 2026-01-10 11:17:04, 2026-01-10 11:31:52, 2026-01-10 11:38:28, 2026-01-10 11:46:36, 2026-01-10 12:01:39, 2026-01-10 12:16:53, 2026-01-10 12:31:48, 2026-01-10 12:32:08, 2026-01-10 12:46:59, 2026-01-10 13:01:55, 2026-01-10 13:16:53" }, "geometry": { "type": "Polygon", "coordinates": [ [ [ -73.355945212492315, 45.514050142690827 ], [ -73.362268674169442, 45.516739416039769 ], [ -73.362117924892885, 45.521934080004435 ], [ -73.355642537180387, 45.524439437490308 ], [ -73.349318549119531, 45.52174979304138 ], [ -73.349470475141018, 45.516555162271054 ], [ -73.355945212492315, 45.514050142690827 ] ] ] } },
{ "type": "Feature", "properties": { "hex_id": 609942, "centroid_lon": -73.193573325852867, "centroid_lat": 45.5869508297382, "total_occurrences": 71.0, "days_affected": 2, "first_occurrence": "2026-01-09 22:01:44", "last_occurrence": "2026-01-10 12:01:39", "all_datetimes": "2026-01-09 22:01:44, 2026-01-09 22:16:46, 2026-01-09 22:32:04, 2026-01-09 22:46:41, 2026-01-09 23:02:08, 2026-01-09 23:04:08, 2026-01-09 23:16:40, 2026-01-09 23:31:48, 2026-01-09 23:46:45, 2026-01-09 23:47:20, 2026-01-10 00:01:46, 2026-01-10 00:17:13, 2026-01-10 00:31:53, 2026-01-10 00:36:33, 2026-01-10 00:46:46, 2026-01-10 01:01:52, 2026-01-10 01:16:57, 2026-01-10 01:31:57, 2026-01-10 01:47:16, 2026-01-10 01:47:22, 2026-01-10 02:01:45, 2026-01-10 02:16:50, 2026-01-10 02:31:07, 2026-01-10 02:32:06, 2026-01-10 02:46:45, 2026-01-10 03:01:57, 2026-01-10 03:17:07, 2026-01-10 03:31:48, 2026-01-10 03:40:14, 2026-01-10 03:46:52, 2026-01-10 04:01:38, 2026-01-10 04:16:52, 2026-01-10 04:31:46, 2026-01-10 04:32:51, 2026-01-10 04:46:51, 2026-01-10 05:02:13, 2026-01-10 05:16:44, 2026-01-10 05:31:37, 2026-01-10 05:35:58, 2026-01-10 05:46:51, 2026-01-10 06:01:50, 2026-01-10 06:16:51, 2026-01-10 06:28:23, 2026-01-10 06:32:04, 2026-01-10 06:47:08, 2026-01-10 07:01:41, 2026-01-10 07:16:37, 2026-01-10 07:31:49, 2026-01-10 07:46:56, 2026-01-10 08:00:39, 2026-01-10 08:01:56, 2026-01-10 08:16:49, 2026-01-10 08:32:06, 2026-01-10 08:40:23, 2026-01-10 08:47:00, 2026-01-10 09:02:09, 2026-01-10 09:16:39, 2026-01-10 09:31:52, 2026-01-10 09:33:53, 2026-01-10 09:46:44, 2026-01-10 10:02:10, 2026-01-10 10:16:42, 2026-01-10 10:31:44, 2026-01-10 10:32:02, 2026-01-10 10:46:49, 2026-01-10 11:01:52, 2026-01-10 11:17:04, 2026-01-10 11:31:52, 2026-01-10 11:38:28, 2026-01-10 11:46:36, 2026-01-10 12:01:39" }, "geometry": { "type": "Polygon", "coordinates": [ [ [ -73.193739960125441, 45.581756685256742 ], [ -73.200062905841122, 45.584454908229269 ], [ -73.199896839074569, 45.589649068322984 ], [ -73.193406646037829, 45.592144969000429 ], [ -73.187083178366237, 45.589446372580198 ], [ -73.187250425671991, 45.584252248994815 ], [ -73.193739960125441, 45.581756685256742 ] ] ] } },
{ "type": "Feature", "properties": { "hex_id": 613623, "centroid_lon": -73.145875794513273, "centroid_lat": 45.866806374166082, "total_occurrences": 6.0, "days_affected": 1, "first_occurrence": "2026-01-09 22:01:44", "last_occurrence": "2026-01-09 23:04:08", "all_datetimes": "2026-01-09 22:01:44, 2026-01-09 22:16:46, 2026-01-09 22:32:04, 2026-01-09 22:46:41, 2026-01-09 23:02:08, 2026-01-09 23:04:08" }, "geometry": { "type": "Polygon", "coordinates": [ [ [ -73.146048503752823, 45.861612623517637 ], [ -73.152400308468202, 45.864313813773336 ], [ -73.152228174530961, 45.86950758059303 ], [ -73.14570303790974, 45.872000119566678 ], [ -73.13935070526405, 45.8692985518353 ], [ -73.139524037153848, 45.864104822671187 ], [ -73.146048503752823, 45.861612623517637 ] ] ] } },
{ "type": "Feature", "properties": { "hex_id": 649671, "centroid_lon": -72.748075385846775, "centroid_lat": 46.303950433425662, "total_occurrences": 10.0, "days_affected": 1, "first_occurrence": "2026-01-09 22:01:44", "last_occurrence": "2026-01-09 23:47:20", "all_datetimes": "2026-01-09 22:01:44, 2026-01-09 22:16:46, 2026-01-09 22:32:04, 2026-01-09 22:46:41, 2026-01-09 23:02:08, 2026-01-09 23:04:08, 2026-01-09 23:16:40, 2026-01-09 23:31:48, 2026-01-09 23:46:45, 2026-01-09 23:47:20" }, "geometry": { "type": "Polygon", "coordinates": [ [ [ -72.748288354218133, 46.298758375889037 ], [ -72.754669468070702, 46.301482051756665 ], [ -72.754457082741851, 46.306674129551396 ], [ -72.747862358761196, 46.309142485468243 ], [ -72.741480720590388, 46.306418422824514 ], [ -72.74169433069838, 46.301226391106155 ], [ -72.748288354218133, 46.298758375889037 ] ] ] } },
{ "type": "Feature", "properties": { "hex_id": 688724, "centroid_lon": -72.347207953905141, "centroid_lat": 45.999150712881494, "total_occurrences": 1.0, "days_affected": 1, "first_occurrence": "2026-01-09 22:01:44", "last_occurrence": "2026-01-09 22:01:44", "all_datetimes": "2026-01-09 22:01:44" }, "geometry": { "type": "Polygon", "coordinates": [ [ [ -72.347456155684753, 45.993959935301056 ], [ -72.353782010945679, 45.996704954135019 ], [ -72.353534376961946, 46.001895755776104 ], [ -72.346959683983187, 46.004341484685845 ], [ -72.340633329080319, 46.001596079539866 ], [ -72.340882166774989, 45.996405331861432 ], [ -72.347456155684753, 45.993959935301056 ] ] ] } },
{ "type": "Feature", "properties": { "hex_id": 779703, "centroid_lon": -71.371982175683399, "centroid_lat": 46.198380536864946, "total_occurrences": 41.0, "days_affected": 2, "first_occurrence": "2026-01-09 22:01:44", "last_occurrence": "2026-01-10 06:01:50", "all_datetimes": "2026-01-09 22:01:44, 2026-01-09 22:16:46, 2026-01-09 22:32:04, 2026-01-09 22:46:41, 2026-01-09 23:02:08, 2026-01-09 23:04:08, 2026-01-09 23:16:40, 2026-01-09 23:31:48, 2026-01-09 23:46:45, 2026-01-09 23:47:20, 2026-01-10 00:01:46, 2026-01-10 00:17:13, 2026-01-10 00:31:53, 2026-01-10 00:36:33, 2026-01-10 00:46:46, 2026-01-10 01:01:52, 2026-01-10 01:16:57, 2026-01-10 01:31:57, 2026-01-10 01:47:16, 2026-01-10 01:47:22, 2026-01-10 02:01:45, 2026-01-10 02:16:50, 2026-01-10 02:31:07, 2026-01-10 02:32:06, 2026-01-10 02:46:45, 2026-01-10 03:01:57, 2026-01-10 03:17:07, 2026-01-10 03:31:48, 2026-01-10 03:40:14, 2026-01-10 03:46:52, 2026-01-10 04:01:38, 2026-01-10 04:16:52, 2026-01-10 04:31:46, 2026-01-10 04:32:51, 2026-01-10 04:46:51, 2026-01-10 05:02:13, 2026-01-10 05:16:44, 2026-01-10 05:31:37, 2026-01-10 05:35:58, 2026-01-10 05:46:51, 2026-01-10 06:01:50" }, "geometry": { "type": "Polygon", "coordinates": [ [ [ -71.372323882758536, 46.193194793065963 ], [ -71.378620217032804, 46.195992984239552 ], [ -71.378279068955663, 46.201178761649402 ], [ -71.371640374645281, 46.203566273980357 ], [ -71.365343575352014, 46.200767685654242 ], [ -71.365685935356098, 46.195581982214968 ], [ -71.372323882758536, 46.193194793065963 ] ] ] } },
{ "type": "Feature", "properties": { "hex_id": 468949, "centroid_lon": -74.671173159739638, "centroid_lat": 46.107419654552089, "total_occurrences": 55.0, "days_affected": 2, "first_occurrence": "2026-01-09 22:16:46", "last_occurrence": "2026-01-10 09:02:09", "all_datetimes": "2026-01-09 22:16:46, 2026-01-09 22:32:04, 2026-01-09 22:46:41, 2026-01-09 23:02:08, 2026-01-09 23:04:08, 2026-01-09 23:16:40, 2026-01-09 23:31:48, 2026-01-09 23:46:45, 2026-01-09 23:47:20, 2026-01-10 00:01:46, 2026-01-10 00:17:13, 2026-01-10 00:31:53, 2026-01-10 00:36:33, 2026-01-10 00:46:46, 2026-01-10 01:01:52, 2026-01-10 01:16:57, 2026-01-10 01:31:57, 2026-01-10 01:47:16, 2026-01-10 01:47:22, 2026-01-10 02:01:45, 2026-01-10 02:16:50, 2026-01-10 02:31:07, 2026-01-10 02:32:06, 2026-01-10 02:46:45, 2026-01-10 03:01:57, 2026-01-10 03:17:07, 2026-01-10 03:31:48, 2026-01-10 03:40:14, 2026-01-10 03:46:52, 2026-01-10 04:01:38, 2026-01-10 04:16:52, 2026-01-10 04:31:46, 2026-01-10 04:32:51, 2026-01-10 04:46:51, 2026-01-10 05:02:13, 2026-01-10 05:16:44, 2026-01-10 05:31:37, 2026-01-10 05:35:58, 2026-01-10 05:46:51, 2026-01-10 06:01:50, 2026-01-10 06:16:51, 2026-01-10 06:28:23, 2026-01-10 06:32:04, 2026-01-10 06:47:08, 2026-01-10 07:01:41, 2026-01-10 07:16:37, 2026-01-10 07:31:49, 2026-01-10 07:46:56, 2026-01-10 08:00:39, 2026-01-10 08:01:56, 2026-01-10 08:16:49, 2026-01-10 08:32:06, 2026-01-10 08:40:23, 2026-01-10 08:47:00, 2026-01-10 09:02:09" }, "geometry": { "type": "Polygon", "coordinates": [ [ [ -74.671204052772993, 46.102223484651248 ], [ -74.677657983754443, 46.104839996980083 ], [ -74.677627694349695, 46.11003616782304 ], [ -74.671142258204185, 46.112615819691925 ], [ -74.664687732097661, 46.109998941405607 ], [ -74.664719237258836, 46.10480277727391 ], [ -74.671204052772993, 46.102223484651248 ] ] ] } },
{ "type": "Feature", "properties": { "hex_id": 476873, "centroid_lon": -74.588515447360962, "centroid_lat": 45.91228897218037, "total_occurrences": 47.0, "days_affected": 2, "first_occurrence": "2026-01-09 22:16:46", "last_occurrence": "2026-01-10 07:31:49", "all_datetimes": "2026-01-09 22:16:46, 2026-01-09 22:32:04, 2026-01-09 22:46:41, 2026-01-09 23:02:08, 2026-01-09 23:04:08, 2026-01-09 23:16:40, 2026-01-09 23:31:48, 2026-01-09 23:46:45, 2026-01-09 23:47:20, 2026-01-10 00:01:46, 2026-01-10 00:17:13, 2026-01-10 00:31:53, 2026-01-10 00:36:33, 2026-01-10 00:46:46, 2026-01-10 01:01:52, 2026-01-10 01:16:57, 2026-01-10 01:31:57, 2026-01-10 01:47:16, 2026-01-10 01:47:22, 2026-01-10 02:01:45, 2026-01-10 02:16:50, 2026-01-10 02:31:07, 2026-01-10 02:32:06, 2026-01-10 02:46:45, 2026-01-10 03:01:57, 2026-01-10 03:17:07, 2026-01-10 03:31:48, 2026-01-10 03:40:14, 2026-01-10 03:46:52, 2026-01-10 04:01:38, 2026-01-10 04:16:52, 2026-01-10 04:31:46, 2026-01-10 04:32:51, 2026-01-10 04:46:51, 2026-01-10 05:02:13, 2026-01-10 05:16:44, 2026-01-10 05:31:37, 2026-01-10 05:35:58, 2026-01-10 05:46:51, 2026-01-10 06:01:50, 2026-01-10 06:16:51, 2026-01-10 06:28:23, 2026-01-10 06:32:04, 2026-01-10 06:47:08, 2026-01-10 07:01:41, 2026-01-10 07:16:37, 2026-01-10 07:31:49" }, "geometry": { "type": "Polygon", "coordinates": [ [ [ -74.588553843771365, 45.907092672574009 ], [ -74.594981256580411, 45.90971385327186 ], [ -74.594943456515622, 45.91491015464441 ], [ -74.588477040409472, 45.917485267015529 ], [ -74.582049041797688, 45.914863722019497 ], [ -74.582088045091226, 45.909667429016103 ], [ -74.588553843771365, 45.907092672574009 ] ] ] } },
{ "type": "Feature", "properties": { "hex_id": 481141, "centroid_lon": -74.544088826048579, "centroid_lat": 45.826378517653772, "total_occurrences": 34.0, "days_affected": 2, "first_occurrence": "2026-01-09 22:16:46", "last_occurrence": "2026-01-10 04:46:51", "all_datetimes": "2026-01-09 22:16:46, 2026-01-09 22:32:04, 2026-01-09 22:46:41, 2026-01-09 23:02:08, 2026-01-09 23:04:08, 2026-01-09 23:16:40, 2026-01-09 23:31:48, 2026-01-09 23:46:45, 2026-01-09 23:47:20, 2026-01-10 00:01:46, 2026-01-10 00:17:13, 2026-01-10 00:31:53, 2026-01-10 00:36:33, 2026-01-10 00:46:46, 2026-01-10 01:01:52, 2026-01-10 01:16:57, 2026-01-10 01:31:57, 2026-01-10 01:47:16, 2026-01-10 01:47:22, 2026-01-10 02:01:45, 2026-01-10 02:16:50, 2026-01-10 02:31:07, 2026-01-10 02:32:06, 2026-01-10 02:46:45, 2026-01-10 03:01:57, 2026-01-10 03:17:07, 2026-01-10 03:31:48, 2026-01-10 03:40:14, 2026-01-10 03:46:52, 2026-01-10 04:01:38, 2026-01-10 04:16:52, 2026-01-10 04:31:46, 2026-01-10 04:32:51, 2026-01-10 04:46:51" }, "geometry": { "type": "Polygon", "coordinates": [ [ [ -74.544131240685104, 45.82118217012026 ], [ -74.550546684044505, 45.823805844418573 ], [ -74.550504862471769, 45.829002194160076 ], [ -74.544046399780299, 45.831574860409994 ], [ -74.537630374990812, 45.828950822461891 ], [ -74.537673394318944, 45.823754481979009 ], [ -74.544131240685104, 45.82118217012026 ] ] ] } },
{ "type": "Feature", "properties": { "hex_id": 486048, "centroid_lon": -74.489304918250085, "centroid_lat": 46.184695173070189, "total_occurrences": 66.0, "days_affected": 2, "first_occurrence": "2026-01-09 22:16:46", "last_occurrence": "2026-01-10 11:17:04", "all_datetimes": "2026-01-09 22:16:46, 2026-01-09 22:32:04, 2026-01-09 22:46:41, 2026-01-09 23:02:08, 2026-01-09 23:04:08, 2026-01-09 23:16:40, 2026-01-09 23:31:48, 2026-01-09 23:46:45, 2026-01-09 23:47:20, 2026-01-10 00:01:46, 2026-01-10 00:17:13, 2026-01-10 00:31:53, 2026-01-10 00:36:33, 2026-01-10 00:46:46, 2026-01-10 01:01:52, 2026-01-10 01:16:57, 2026-01-10 01:31:57, 2026-01-10 01:47:16, 2026-01-10 01:47:22, 2026-01-10 02:01:45, 2026-01-10 02:16:50, 2026-01-10 02:31:07, 2026-01-10 02:32:06, 2026-01-10 02:46:45, 2026-01-10 03:01:57, 2026-01-10 03:17:07, 2026-01-10 03:31:48, 2026-01-10 03:40:14, 2026-01-10 03:46:52, 2026-01-10 04:01:38, 2026-01-10 04:16:52, 2026-01-10 04:31:46, 2026-01-10 04:32:51, 2026-01-10 04:46:51, 2026-01-10 05:02:13, 2026-01-10 05:16:44, 2026-01-10 05:31:37, 2026-01-10 05:35:58, 2026-01-10 05:46:51, 2026-01-10 06:01:50, 2026-01-10 06:16:51, 2026-01-10 06:28:23, 2026-01-10 06:32:04, 2026-01-10 06:47:08, 2026-01-10 07:01:41, 2026-01-10 07:16:37, 2026-01-10 07:31:49, 2026-01-10 07:46:56, 2026-01-10 08:00:39, 2026-01-10 08:01:56, 2026-01-10 08:16:49, 2026-01-10 08:32:06, 2026-01-10 08:40:23, 2026-01-10 08:47:00, 2026-01-10 09:02:09, 2026-01-10 09:16:39, 2026-01-10 09:31:52, 2026-01-10 09:33:53, 2026-01-10 09:46:44, 2026-01-10 10:02:10, 2026-01-10 10:16:42, 2026-01-10 10:31:44, 2026-01-10 10:32:02, 2026-01-10 10:46:49, 2026-01-10 11:01:52, 2026-01-10 11:17:04" }, "geometry": { "type": "Polygon", "coordinates": [ [ [ -74.48935302677161, 46.179499194741567 ], [ -74.49580725930241, 46.182125940444877 ], [ -74.495759754472175, 46.187321921567509 ], [ -74.489256796475857, 46.189891146615835 ], [ -74.482801973508742, 46.18726403215048 ], [ -74.482850698969742, 46.182068061465039 ], [ -74.48935302677161, 46.179499194741567 ] ] ] } },
{ "type": "Feature", "properties": { "hex_id": 487270, "centroid_lon": -74.476199699165235, "centroid_lat": 46.200224429182597, "total_occurrences": 61.0, "days_affected": 2, "first_occurrence": "2026-01-09 22:16:46", "last_occurrence": "2026-01-10 10:16:42", "all_datetimes": "2026-01-09 22:16:46, 2026-01-09 22:32:04, 2026-01-09 22:46:41, 2026-01-09 23:02:08, 2026-01-09 23:04:08, 2026-01-09 23:16:40, 2026-01-09 23:31:48, 2026-01-09 23:46:45, 2026-01-09 23:47:20, 2026-01-10 00:01:46, 2026-01-10 00:17:13, 2026-01-10 00:31:53, 2026-01-10 00:36:33, 2026-01-10 00:46:46, 2026-01-10 01:01:52, 2026-01-10 01:16:57, 2026-01-10 01:31:57, 2026-01-10 01:47:16, 2026-01-10 01:47:22, 2026-01-10 02:01:45, 2026-01-10 02:16:50, 2026-01-10 02:31:07, 2026-01-10 02:32:06, 2026-01-10 02:46:45, 2026-01-10 03:01:57, 2026-01-10 03:17:07, 2026-01-10 03:31:48, 2026-01-10 03:40:14, 2026-01-10 03:46:52, 2026-01-10 04:01:38, 2026-01-10 04:16:52, 2026-01-10 04:31:46, 2026-01-10 04:32:51, 2026-01-10 04:46:51, 2026-01-10 05:02:13, 2026-01-10 05:16:44, 2026-01-10 05:31:37, 2026-01-10 05:35:58, 2026-01-10 05:46:51, 2026-01-10 06:01:50, 2026-01-10 06:16:51, 2026-01-10 06:28:23, 2026-01-10 06:32:04, 2026-01-10 06:47:08, 2026-01-10 07:01:41, 2026-01-10 07:16:37, 2026-01-10 07:31:49, 2026-01-10 07:46:56, 2026-01-10 08:00:39, 2026-01-10 08:01:56, 2026-01-10 08:16:49, 2026-01-10 08:32:06, 2026-01-10 08:40:23, 2026-01-10 08:47:00, 2026-01-10 09:02:09, 2026-01-10 09:16:39, 2026-01-10 09:31:52, 2026-01-10 09:33:53, 2026-01-10 09:46:44, 2026-01-10 10:02:10, 2026-01-10 10:16:42" }, "geometry": { "type": "Polygon", "coordinates": [ [ [ -74.476249068923153, 46.195028475777363 ], [ -74.482704482312926, 46.197655959169538 ], [ -74.482655716568928, 46.202851915503224 ], [ -74.476150315804503, 46.205420377802973 ], [ -74.469694312005942, 46.202792525319119 ], [ -74.469744299375932, 46.197596579693403 ], [ -74.476249068923153, 46.195028475777363 ] ] ] } },
{ "type": "Feature", "properties": { "hex_id": 499436, "centroid_lon": -74.354578490581247, "centroid_lat": 45.5136655796993, "total_occurrences": 39.0, "days_affected": 2, "first_occurrence": "2026-01-09 22:16:46", "last_occurrence": "2026-01-10 06:16:51", "all_datetimes": "2026-01-09 22:16:46, 2026-01-09 22:32:04, 2026-01-09 22:46:41, 2026-01-09 23:02:08, 2026-01-09 23:04:08, 2026-01-09 23:16:40, 2026-01-09 23:31:48, 2026-01-09 23:46:45, 2026-01-09 23:47:20, 2026-01-10 00:01:46, 2026-01-10 00:17:13, 2026-01-10 00:31:53, 2026-01-10 00:36:33, 2026-01-10 00:46:46, 2026-01-10 01:01:52, 2026-01-10 01:16:57, 2026-01-10 01:31:57, 2026-01-10 01:47:16, 2026-01-10 01:47:22, 2026-01-10 02:01:45, 2026-01-10 02:16:50, 2026-01-10 02:31:07, 2026-01-10 02:32:06, 2026-01-10 02:46:45, 2026-01-10 03:01:57, 2026-01-10 03:17:07, 2026-01-10 03:31:48, 2026-01-10 04:01:38, 2026-01-10 04:16:52, 2026-01-10 04:31:46, 2026-01-10 04:32:51, 2026-01-10 04:46:51, 2026-01-10 05:02:13, 2026-01-10 05:16:44, 2026-01-10 05:31:37, 2026-01-10 05:35:58, 2026-01-10 05:46:51, 2026-01-10 06:01:50, 2026-01-10 06:16:51" }, "geometry": { "type": "Polygon", "coordinates": [ [ [ -74.354637884309881, 45.508469111926651 ], [ -74.361008895482144, 45.511103331613903 ], [ -74.360950082664033, 45.516299803467483 ], [ -74.354519080627171, 45.518862042663415 ], [ -74.34814750477257, 45.516227461406999 ], [ -74.348207495631712, 45.511031002588425 ], [ -74.354637884309881, 45.508469111926651 ] ] ] } },
{ "type": "Feature", "properties": { "hex_id": 511087, "centroid_lon": -74.221821218548854, "centroid_lat": 46.315688933009781, "total_occurrences": 13.0, "days_affected": 2, "first_occurrence": "2026-01-09 22:16:46", "last_occurrence": "2026-01-10 00:36:33", "all_datetimes": "2026-01-09 22:16:46, 2026-01-09 22:32:04, 2026-01-09 22:46:41, 2026-01-09 23:02:08, 2026-01-09 23:04:08, 2026-01-09 23:16:40, 2026-01-09 23:31:48, 2026-01-09 23:46:45, 2026-01-09 23:47:20, 2026-01-10 00:01:46, 2026-01-10 00:17:13, 2026-01-10 00:31:53, 2026-01-10 00:36:33" }, "geometry": { "type": "Polygon", "coordinates": [ [ [ -74.221894859001424, 46.310493347495452 ], [ -74.228351426922458, 46.313135148282448 ], [ -74.228278390756444, 46.318330739316998 ], [ -74.221747557777107, 46.320884513690984 ], [ -74.215290405892191, 46.318242339812222 ], [ -74.215364670943529, 46.313046764717704 ], [ -74.221894859001424, 46.310493347495452 ] ] ] } },
{ "type": "Feature", "properties": { "hex_id": 516503, "centroid_lon": -74.181435773739253, "centroid_lat": 45.091599536317304, "total_occurrences": 8.0, "days_affected": 2, "first_occurrence": "2026-01-09 22:16:46", "last_occurrence": "2026-01-10 00:46:46", "all_datetimes": "2026-01-09 22:16:46, 2026-01-09 22:32:04, 2026-01-09 22:46:41, 2026-01-09 23:02:08, 2026-01-09 23:04:08, 2026-01-09 23:16:40, 2026-01-09 23:31:48, 2026-01-10 00:46:46" }, "geometry": { "type": "Polygon", "coordinates": [ [ [ -74.181509999827384, 45.086402883840691 ], [ -74.187826037922747, 45.089046569801134 ], [ -74.187752377790289, 45.094243228028873 ], [ -74.18136152747536, 45.096796183949074 ], [ -74.175044943603439, 45.094152140010628 ], [ -74.175119755816311, 45.088955498193634 ], [ -74.181509999827384, 45.086402883840691 ] ] ] } },
{ "type": "Feature", "properties": { "hex_id": 517724, "centroid_lon": -74.168728946012777, "centroid_lat": 45.091507749694479, "total_occurrences": 10.0, "days_affected": 2, "first_occurrence": "2026-01-09 22:16:46", "last_occurrence": "2026-01-10 00:46:46", "all_datetimes": "2026-01-09 22:16:46, 2026-01-09 22:32:04, 2026-01-09 22:46:41, 2026-01-09 23:02:08, 2026-01-09 23:04:08, 2026-01-09 23:16:40, 2026-01-09 23:31:48, 2026-01-09 23:46:45, 2026-01-09 23:47:20, 2026-01-10 00:46:46" }, "geometry": { "type": "Polygon", "coordinates": [ [ [ -74.168804324014729, 45.086311113754441 ], [ -74.175119755816311, 45.088955498193634 ], [ -74.175044943603439, 45.094152140010628 ], [ -74.168653547522027, 45.096704380786683 ], [ -74.162337570423546, 45.094059638248886 ], [ -74.162413534696583, 45.088863013097281 ], [ -74.168804324014729, 45.086311113754441 ] ] ] } },
{ "type": "Feature", "properties": { "hex_id": 518396, "centroid_lon": -74.148001428873684, "centroid_lat": 46.050156108404053, "total_occurrences": 14.0, "days_affected": 2, "first_occurrence": "2026-01-09 22:16:46", "last_occurrence": "2026-01-10 00:46:46", "all_datetimes": "2026-01-09 22:16:46, 2026-01-09 22:32:04, 2026-01-09 22:46:41, 2026-01-09 23:02:08, 2026-01-09 23:04:08, 2026-01-09 23:16:40, 2026-01-09 23:31:48, 2026-01-09 23:46:45, 2026-01-09 23:47:20, 2026-01-10 00:01:46, 2026-01-10 00:17:13, 2026-01-10 00:31:53, 2026-01-10 00:36:33, 2026-01-10 00:46:46" }, "geometry": { "type": "Polygon", "coordinates": [ [ [ -74.14808131132672, 46.044960375852135 ], [ -74.154503457228557, 46.047606231267935 ], [ -74.154424169606187, 46.052801970045486 ], [ -74.147921524454119, 46.05535183610391 ], [ -74.141498805691853, 46.052705610298318 ], [ -74.141579304934609, 46.047509888889927 ], [ -74.14808131132672, 46.044960375852135 ] ] ] } },
{ "type": "Feature", "properties": { "hex_id": 521998, "centroid_lon": -74.124136384400799, "centroid_lat": 45.098970219454209, "total_occurrences": 13.0, "days_affected": 2, "first_occurrence": "2026-01-09 22:16:46", "last_occurrence": "2026-01-10 00:36:33", "all_datetimes": "2026-01-09 22:16:46, 2026-01-09 22:32:04, 2026-01-09 22:46:41, 2026-01-09 23:02:08, 2026-01-09 23:04:08, 2026-01-09 23:16:40, 2026-01-09 23:31:48, 2026-01-09 23:46:45, 2026-01-09 23:47:20, 2026-01-10 00:01:46, 2026-01-10 00:17:13, 2026-01-10 00:31:53, 2026-01-10 00:36:33" }, "geometry": { "type": "Polygon", "coordinates": [ [ [ -74.124215826317567, 45.093773650685236 ], [ -74.130529980340043, 45.096420488201936 ], [ -74.130451103857553, 45.101617063290419 ], [ -74.124056920888989, 45.104166783364512 ], [ -74.117742223030845, 45.101519587230086 ], [ -74.117822251969756, 45.096323029702965 ], [ -74.124215826317567, 45.093773650685236 ] ] ] } },
{ "type": "Feature", "properties": { "hex_id": 523217, "centroid_lon": -74.111911349218403, "centroid_lat": 45.067692665798184, "total_occurrences": 14.0, "days_affected": 2, "first_occurrence": "2026-01-09 22:16:46", "last_occurrence": "2026-01-10 00:46:46", "all_datetimes": "2026-01-09 22:16:46, 2026-01-09 22:32:04, 2026-01-09 22:46:41, 2026-01-09 23:02:08, 2026-01-09 23:04:08, 2026-01-09 23:16:40, 2026-01-09 23:31:48, 2026-01-09 23:46:45, 2026-01-09 23:47:20, 2026-01-10 00:01:46, 2026-01-10 00:17:13, 2026-01-10 00:31:53, 2026-01-10 00:36:33, 2026-01-10 00:46:46" }, "geometry": { "type": "Polygon", "coordinates": [ [ [ -74.11199181212784, 45.062496085546137 ], [ -74.118301969147936, 45.065143582477049 ], [ -74.118222070588757, 45.070340169164922 ], [ -74.111830864444372, 45.072889241188619 ], [ -74.105520164942206, 45.070241385911132 ], [ -74.105601214059249, 45.065044817020102 ], [ -74.11199181212784, 45.062496085546137 ] ] ] } },
{ "type": "Feature", "properties": { "hex_id": 538525, "centroid_lon": -73.939958817261683, "centroid_lat": 45.775601728965178, "total_occurrences": 10.0, "days_affected": 2, "first_occurrence": "2026-01-09 22:16:46", "last_occurrence": "2026-01-10 00:01:46", "all_datetimes": "2026-01-09 22:16:46, 2026-01-09 22:32:04, 2026-01-09 22:46:41, 2026-01-09 23:02:08, 2026-01-09 23:04:08, 2026-01-09 23:16:40, 2026-01-09 23:31:48, 2026-01-09 23:46:45, 2026-01-09 23:47:20, 2026-01-10 00:01:46" }, "geometry": { "type": "Polygon", "coordinates": [ [ [ -73.940057256768441, 45.770406060976732 ], [ -73.946437953305264, 45.773063372552933 ], [ -73.946340097257931, 45.778259048805474 ], [ -73.939860350779725, 45.780797392043006 ], [ -73.933479097763268, 45.778139711582007 ], [ -73.933578147695528, 45.772944056833467 ], [ -73.940057256768441, 45.770406060976732 ] ] ] } },
{ "type": "Feature", "properties": { "hex_id": 595908, "centroid_lon": -73.337477556387526, "centroid_lat": 45.706062578123124, "total_occurrences": 74.0, "days_affected": 2, "first_occurrence": "2026-01-09 22:16:46", "last_occurrence": "2026-01-10 12:46:59", "all_datetimes": "2026-01-09 22:16:46, 2026-01-09 22:32:04, 2026-01-09 22:46:41, 2026-01-09 23:02:08, 2026-01-09 23:04:08, 2026-01-09 23:16:40, 2026-01-09 23:31:48, 2026-01-09 23:46:45, 2026-01-09 23:47:20, 2026-01-10 00:01:46, 2026-01-10 00:17:13, 2026-01-10 00:31:53, 2026-01-10 00:36:33, 2026-01-10 00:46:46, 2026-01-10 01:01:52, 2026-01-10 01:16:57, 2026-01-10 01:31:57, 2026-01-10 01:47:16, 2026-01-10 01:47:22, 2026-01-10 02:01:45, 2026-01-10 02:16:50, 2026-01-10 02:31:07, 2026-01-10 02:32:06, 2026-01-10 02:46:45, 2026-01-10 03:01:57, 2026-01-10 03:17:07, 2026-01-10 03:31:48, 2026-01-10 03:40:14, 2026-01-10 03:46:52, 2026-01-10 04:01:38, 2026-01-10 04:16:52, 2026-01-10 04:31:46, 2026-01-10 04:32:51, 2026-01-10 04:46:51, 2026-01-10 05:02:13, 2026-01-10 05:16:44, 2026-01-10 05:31:37, 2026-01-10 05:35:58, 2026-01-10 05:46:51, 2026-01-10 06:01:50, 2026-01-10 06:16:51, 2026-01-10 06:28:23, 2026-01-10 06:32:04, 2026-01-10 06:47:08, 2026-01-10 07:01:41, 2026-01-10 07:16:37, 2026-01-10 07:31:49, 2026-01-10 07:46:56, 2026-01-10 08:00:39, 2026-01-10 08:01:56, 2026-01-10 08:16:49, 2026-01-10 08:32:06, 2026-01-10 08:40:23, 2026-01-10 08:47:00, 2026-01-10 09:02:09, 2026-01-10 09:16:39, 2026-01-10 09:31:52, 2026-01-10 09:33:53, 2026-01-10 09:46:44, 2026-01-10 10:02:10, 2026-01-10 10:16:42, 2026-01-10 10:31:44, 2026-01-10 10:32:02, 2026-01-10 10:46:49, 2026-01-10 11:01:52, 2026-01-10 11:17:04, 2026-01-10 11:31:52, 2026-01-10 11:38:28, 2026-01-10 11:46:36, 2026-01-10 12:01:39, 2026-01-10 12:16:53, 2026-01-10 12:31:48, 2026-01-10 12:32:08, 2026-01-10 12:46:59" }, "geometry": { "type": "Polygon", "coordinates": [ [ [ -73.337631558083032, 45.700868146733029 ], [ -73.343974897764994, 45.703558630346024 ], [ -73.343821469163331, 45.708753075966278 ], [ -73.337323512537779, 45.711257004364889 ], [ -73.330979641923335, 45.708566147099774 ], [ -73.331134258852686, 45.70337173515307 ], [ -73.337631558083032, 45.700868146733029 ] ] ] } },
{ "type": "Feature", "properties": { "hex_id": 804753, "centroid_lon": -71.085259288791462, "centroid_lat": 46.492909352676918, "total_occurrences": 11.0, "days_affected": 2, "first_occurrence": "2026-01-09 22:16:46", "last_occurrence": "2026-01-10 00:17:13", "all_datetimes": "2026-01-09 22:16:46, 2026-01-09 22:32:04, 2026-01-09 22:46:41, 2026-01-09 23:02:08, 2026-01-09 23:04:08, 2026-01-09 23:16:40, 2026-01-09 23:31:48, 2026-01-09 23:46:45, 2026-01-09 23:47:20, 2026-01-10 00:01:46, 2026-01-10 00:17:13" }, "geometry": { "type": "Polygon", "coordinates": [ [ [ -71.085631768211343, 46.487725589533596 ], [ -71.091945396381476, 46.490540083812746 ], [ -71.091573480291828, 46.495723883514167 ], [ -71.084886706589572, 46.49809310879764 ], [ -71.078572617888867, 46.495278211101173 ], [ -71.078945763385718, 46.490094491604374 ], [ -71.085631768211343, 46.487725589533596 ] ] ] } },
{ "type": "Feature", "properties": { "hex_id": 352353, "centroid_lon": -75.909289796837257, "centroid_lat": 46.252367963315656, "total_occurrences": 4.0, "days_affected": 1, "first_occurrence": "2026-01-09 22:32:04", "last_occurrence": "2026-01-09 23:04:08", "all_datetimes": "2026-01-09 22:32:04, 2026-01-09 22:46:41, 2026-01-09 23:02:08, 2026-01-09 23:04:08" }, "geometry": { "type": "Polygon", "coordinates": [ [ [ -75.909203939919465, 46.24717249534595 ], [ -75.915732539423473, 46.249718463134222 ], [ -75.915819020470622, 46.254913919335834 ], [ -75.909375677424933, 46.257563426419217 ], [ -75.90284643011762, 46.255017103681958 ], [ -75.9027611736674, 46.249821628876617 ], [ -75.909203939919465, 46.24717249534595 ] ] ] } },
{ "type": "Feature", "properties": { "hex_id": 478091, "centroid_lon": -74.575977654525261, "centroid_lat": 45.86547502457249, "total_occurrences": 113.0, "days_affected": 2, "first_occurrence": "2026-01-09 22:32:04", "last_occurrence": "2026-01-10 21:16:56", "all_datetimes": "2026-01-09 22:32:04, 2026-01-09 22:46:41, 2026-01-09 23:02:08, 2026-01-09 23:04:08, 2026-01-09 23:16:40, 2026-01-09 23:31:48, 2026-01-09 23:46:45, 2026-01-09 23:47:20, 2026-01-10 00:01:46, 2026-01-10 00:17:13, 2026-01-10 00:31:53, 2026-01-10 00:36:33, 2026-01-10 00:46:46, 2026-01-10 01:01:52, 2026-01-10 01:16:57, 2026-01-10 01:31:57, 2026-01-10 01:47:16, 2026-01-10 01:47:22, 2026-01-10 02:01:45, 2026-01-10 02:16:50, 2026-01-10 02:31:07, 2026-01-10 02:32:06, 2026-01-10 02:46:45, 2026-01-10 03:01:57, 2026-01-10 03:17:07, 2026-01-10 03:31:48, 2026-01-10 03:40:14, 2026-01-10 03:46:52, 2026-01-10 04:01:38, 2026-01-10 04:16:52, 2026-01-10 04:31:46, 2026-01-10 04:32:51, 2026-01-10 04:46:51, 2026-01-10 05:02:13, 2026-01-10 05:16:44, 2026-01-10 05:31:37, 2026-01-10 05:35:58, 2026-01-10 05:46:51, 2026-01-10 06:01:50, 2026-01-10 06:16:51, 2026-01-10 06:28:23, 2026-01-10 06:32:04, 2026-01-10 06:47:08, 2026-01-10 07:01:41, 2026-01-10 07:16:37, 2026-01-10 07:31:49, 2026-01-10 07:46:56, 2026-01-10 08:00:39, 2026-01-10 08:01:56, 2026-01-10 08:16:49, 2026-01-10 08:32:06, 2026-01-10 08:40:23, 2026-01-10 08:47:00, 2026-01-10 09:02:09, 2026-01-10 09:16:39, 2026-01-10 09:31:52, 2026-01-10 09:33:53, 2026-01-10 09:46:44, 2026-01-10 10:02:10, 2026-01-10 10:16:42, 2026-01-10 10:31:44, 2026-01-10 10:32:02, 2026-01-10 10:46:49, 2026-01-10 11:01:52, 2026-01-10 11:17:04, 2026-01-10 11:31:52, 2026-01-10 11:38:28, 2026-01-10 11:46:36, 2026-01-10 12:01:39, 2026-01-10 12:16:53, 2026-01-10 12:31:48, 2026-01-10 12:32:08, 2026-01-10 12:46:59, 2026-01-10 13:01:55, 2026-01-10 13:16:53, 2026-01-10 13:31:50, 2026-01-10 13:45:18, 2026-01-10 13:46:47, 2026-01-10 14:01:49, 2026-01-10 14:17:10, 2026-01-10 14:26:43, 2026-01-10 14:31:57, 2026-01-10 14:46:44, 2026-01-10 15:02:09, 2026-01-10 15:16:35, 2026-01-10 15:31:36, 2026-01-10 15:35:25, 2026-01-10 15:46:38, 2026-01-10 16:01:42, 2026-01-10 16:16:42, 2026-01-10 16:30:18, 2026-01-10 16:31:48, 2026-01-10 16:46:49, 2026-01-10 17:01:47, 2026-01-10 17:16:52, 2026-01-10 17:32:06, 2026-01-10 17:35:18, 2026-01-10 17:46:57, 2026-01-10 18:01:40, 2026-01-10 18:17:22, 2026-01-10 18:31:07, 2026-01-10 18:31:38, 2026-01-10 18:46:46, 2026-01-10 19:02:37, 2026-01-10 19:17:03, 2026-01-10 19:31:52, 2026-01-10 19:47:00, 2026-01-10 20:02:11, 2026-01-10 20:17:06, 2026-01-10 20:31:43, 2026-01-10 20:47:07, 2026-01-10 21:01:33, 2026-01-10 21:16:56" }, "geometry": { "type": "Polygon", "coordinates": [ [ [ -74.576017156317477, 45.860278690509539 ], [ -74.582438593470044, 45.862900577242634 ], [ -74.5823996863856, 45.868096913194883 ], [ -74.575938141894838, 45.870671353862463 ], [ -74.569516120874567, 45.86804910330045 ], [ -74.569556228209095, 45.862852775965216 ], [ -74.576017156317477, 45.860278690509539 ] ] ] } },
{ "type": "Feature", "properties": { "hex_id": 582455, "centroid_lon": -73.487957758771046, "centroid_lat": 45.365164540507124, "total_occurrences": 10.0, "days_affected": 2, "first_occurrence": "2026-01-09 22:32:04", "last_occurrence": "2026-01-10 00:17:13", "all_datetimes": "2026-01-09 22:32:04, 2026-01-09 22:46:41, 2026-01-09 23:02:08, 2026-01-09 23:04:08, 2026-01-09 23:16:40, 2026-01-09 23:31:48, 2026-01-09 23:46:45, 2026-01-09 23:47:20, 2026-01-10 00:01:46, 2026-01-10 00:17:13" }, "geometry": { "type": "Polygon", "coordinates": [ [ [ -73.488096170360578, 45.359969419184523 ], [ -73.494409095898007, 45.36265130384399 ], [ -73.494271249226813, 45.367846437819757 ], [ -73.487819309447502, 45.370359656753145 ], [ -73.481505856732056, 45.367677404164247 ], [ -73.481644870961304, 45.362482300635556 ], [ -73.488096170360578, 45.359969419184523 ] ] ] } },
{ "type": "Feature", "properties": { "hex_id": 586748, "centroid_lon": -73.434877495104161, "centroid_lat": 45.668463640663489, "total_occurrences": 6.0, "days_affected": 1, "first_occurrence": "2026-01-09 22:32:04", "last_occurrence": "2026-01-09 23:31:48", "all_datetimes": "2026-01-09 22:32:04, 2026-01-09 22:46:41, 2026-01-09 23:02:08, 2026-01-09 23:04:08, 2026-01-09 23:16:40, 2026-01-09 23:31:48" }, "geometry": { "type": "Polygon", "coordinates": [ [ [ -73.435022286931144, 45.663268925777793 ], [ -73.441366238510724, 45.665954022289469 ], [ -73.441222019983883, 45.671148750432472 ], [ -73.434732663660242, 45.673658350446715 ], [ -73.428388178404134, 45.670972881663367 ], [ -73.428533583134836, 45.665778185202257 ], [ -73.435022286931144, 45.663268925777793 ] ] ] } },
{ "type": "Feature", "properties": { "hex_id": 435387, "centroid_lon": -75.027130352526754, "centroid_lat": 46.349510032504831, "total_occurrences": 31.0, "days_affected": 2, "first_occurrence": "2026-01-09 22:46:41", "last_occurrence": "2026-01-10 04:32:51", "all_datetimes": "2026-01-09 22:46:41, 2026-01-09 23:02:08, 2026-01-09 23:04:08, 2026-01-09 23:16:40, 2026-01-09 23:31:48, 2026-01-09 23:46:45, 2026-01-09 23:47:20, 2026-01-10 00:01:46, 2026-01-10 00:17:13, 2026-01-10 00:31:53, 2026-01-10 00:36:33, 2026-01-10 00:46:46, 2026-01-10 01:01:52, 2026-01-10 01:16:57, 2026-01-10 01:31:57, 2026-01-10 01:47:16, 2026-01-10 01:47:22, 2026-01-10 02:01:45, 2026-01-10 02:16:50, 2026-01-10 02:31:07, 2026-01-10 02:32:06, 2026-01-10 02:46:45, 2026-01-10 03:01:57, 2026-01-10 03:17:07, 2026-01-10 03:31:48, 2026-01-10 03:40:14, 2026-01-10 03:46:52, 2026-01-10 04:01:38, 2026-01-10 04:16:52, 2026-01-10 04:31:46, 2026-01-10 04:32:51" }, "geometry": { "type": "Polygon", "coordinates": [ [ [ -75.027127782023499, 46.344313998519929 ], [ -75.033627047888899, 46.346910289877535 ], [ -75.033630234521112, 46.352106321179448 ], [ -75.027132923739657, 46.354706061746519 ], [ -75.020633041035524, 46.352109404944542 ], [ -75.020631085951848, 46.34691337308648 ], [ -75.027127782023499, 46.344313998519929 ] ] ] } },
{ "type": "Feature", "properties": { "hex_id": 513507, "centroid_lon": -74.200824362078478, "centroid_lat": 45.972592314556643, "total_occurrences": 88.0, "days_affected": 2, "first_occurrence": "2026-01-09 22:46:41", "last_occurrence": "2026-01-10 16:01:42", "all_datetimes": "2026-01-09 22:46:41, 2026-01-09 23:02:08, 2026-01-09 23:04:08, 2026-01-09 23:16:40, 2026-01-09 23:31:48, 2026-01-09 23:46:45, 2026-01-09 23:47:20, 2026-01-10 00:01:46, 2026-01-10 00:17:13, 2026-01-10 00:31:53, 2026-01-10 00:36:33, 2026-01-10 00:46:46, 2026-01-10 01:01:52, 2026-01-10 01:16:57, 2026-01-10 01:31:57, 2026-01-10 01:47:16, 2026-01-10 01:47:22, 2026-01-10 02:01:45, 2026-01-10 02:16:50, 2026-01-10 02:31:07, 2026-01-10 02:32:06, 2026-01-10 02:46:45, 2026-01-10 03:01:57, 2026-01-10 03:17:07, 2026-01-10 03:31:48, 2026-01-10 03:40:14, 2026-01-10 03:46:52, 2026-01-10 04:01:38, 2026-01-10 04:16:52, 2026-01-10 04:31:46, 2026-01-10 04:32:51, 2026-01-10 04:46:51, 2026-01-10 05:02:13, 2026-01-10 05:16:44, 2026-01-10 05:31:37, 2026-01-10 05:35:58, 2026-01-10 05:46:51, 2026-01-10 06:01:50, 2026-01-10 06:16:51, 2026-01-10 06:28:23, 2026-01-10 06:32:04, 2026-01-10 06:47:08, 2026-01-10 07:01:41, 2026-01-10 07:16:37, 2026-01-10 07:31:49, 2026-01-10 07:46:56, 2026-01-10 08:00:39, 2026-01-10 08:01:56, 2026-01-10 08:16:49, 2026-01-10 08:32:06, 2026-01-10 08:40:23, 2026-01-10 08:47:00, 2026-01-10 09:02:09, 2026-01-10 09:16:39, 2026-01-10 09:31:52, 2026-01-10 09:33:53, 2026-01-10 09:46:44, 2026-01-10 10:02:10, 2026-01-10 10:16:42, 2026-01-10 10:31:44, 2026-01-10 10:32:02, 2026-01-10 10:46:49, 2026-01-10 11:01:52, 2026-01-10 11:17:04, 2026-01-10 11:31:52, 2026-01-10 11:38:28, 2026-01-10 11:46:36, 2026-01-10 12:01:39, 2026-01-10 12:16:53, 2026-01-10 12:31:48, 2026-01-10 12:32:08, 2026-01-10 12:46:59, 2026-01-10 13:01:55, 2026-01-10 13:16:53, 2026-01-10 13:31:50, 2026-01-10 13:45:18, 2026-01-10 13:46:47, 2026-01-10 14:01:49, 2026-01-10 14:17:10, 2026-01-10 14:26:43, 2026-01-10 14:31:57, 2026-01-10 14:46:44, 2026-01-10 15:02:09, 2026-01-10 15:16:35, 2026-01-10 15:31:36, 2026-01-10 15:35:25, 2026-01-10 15:46:38, 2026-01-10 16:01:42" }, "geometry": { "type": "Polygon", "coordinates": [ [ [ -74.200899089866638, 45.967396442048283 ], [ -74.207314872306625, 45.970039323172848 ], [ -74.207240737619358, 45.975235201363674 ], [ -74.200749613761033, 45.977788182225453 ], [ -74.19433325875292, 45.975144932218818 ], [ -74.194408600164266, 45.969949070298156 ], [ -74.200899089866638, 45.967396442048283 ] ] ] } },
{ "type": "Feature", "properties": { "hex_id": 558117, "centroid_lon": -73.713991514171042, "centroid_lat": 46.646245353279021, "total_occurrences": 66.0, "days_affected": 2, "first_occurrence": "2026-01-09 22:46:41", "last_occurrence": "2026-01-10 11:38:28", "all_datetimes": "2026-01-09 22:46:41, 2026-01-09 23:02:08, 2026-01-09 23:04:08, 2026-01-09 23:16:40, 2026-01-09 23:31:48, 2026-01-09 23:46:45, 2026-01-09 23:47:20, 2026-01-10 00:01:46, 2026-01-10 00:17:13, 2026-01-10 00:31:53, 2026-01-10 00:36:33, 2026-01-10 00:46:46, 2026-01-10 01:01:52, 2026-01-10 01:16:57, 2026-01-10 01:31:57, 2026-01-10 01:47:16, 2026-01-10 01:47:22, 2026-01-10 02:01:45, 2026-01-10 02:16:50, 2026-01-10 02:31:07, 2026-01-10 02:32:06, 2026-01-10 02:46:45, 2026-01-10 03:01:57, 2026-01-10 03:17:07, 2026-01-10 03:31:48, 2026-01-10 03:40:14, 2026-01-10 03:46:52, 2026-01-10 04:01:38, 2026-01-10 04:16:52, 2026-01-10 04:31:46, 2026-01-10 04:32:51, 2026-01-10 04:46:51, 2026-01-10 05:02:13, 2026-01-10 05:16:44, 2026-01-10 05:31:37, 2026-01-10 05:35:58, 2026-01-10 05:46:51, 2026-01-10 06:01:50, 2026-01-10 06:16:51, 2026-01-10 06:28:23, 2026-01-10 06:32:04, 2026-01-10 06:47:08, 2026-01-10 07:01:41, 2026-01-10 07:16:37, 2026-01-10 07:31:49, 2026-01-10 07:46:56, 2026-01-10 08:00:39, 2026-01-10 08:01:56, 2026-01-10 08:16:49, 2026-01-10 08:32:06, 2026-01-10 08:40:23, 2026-01-10 08:47:00, 2026-01-10 09:02:09, 2026-01-10 09:16:39, 2026-01-10 09:31:52, 2026-01-10 09:33:53, 2026-01-10 09:46:44, 2026-01-10 10:02:10, 2026-01-10 10:16:42, 2026-01-10 10:31:44, 2026-01-10 10:32:02, 2026-01-10 10:46:49, 2026-01-10 11:01:52, 2026-01-10 11:17:04, 2026-01-10 11:31:52, 2026-01-10 11:38:28" }, "geometry": { "type": "Polygon", "coordinates": [ [ [ -73.71411461673901, 46.641050900054751 ], [ -73.720584857051108, 46.643721364720861 ], [ -73.720462362382136, 46.648915828664656 ], [ -73.713868377494265, 46.651439801515238 ], [ -73.707397563397876, 46.648768954514317 ], [ -73.707521307961855, 46.643574517064842 ], [ -73.71411461673901, 46.641050900054751 ] ] ] } },
{ "type": "Feature", "properties": { "hex_id": 570887, "centroid_lon": -73.597038421160576, "centroid_lat": 45.857648370444089, "total_occurrences": 38.0, "days_affected": 2, "first_occurrence": "2026-01-09 22:46:41", "last_occurrence": "2026-01-10 15:35:25", "all_datetimes": "2026-01-09 22:46:41, 2026-01-09 23:02:08, 2026-01-09 23:04:08, 2026-01-09 23:16:40, 2026-01-09 23:31:48, 2026-01-10 09:16:39, 2026-01-10 09:31:52, 2026-01-10 09:33:53, 2026-01-10 09:46:44, 2026-01-10 10:02:10, 2026-01-10 10:16:42, 2026-01-10 10:31:44, 2026-01-10 10:32:02, 2026-01-10 10:46:49, 2026-01-10 11:01:52, 2026-01-10 11:17:04, 2026-01-10 11:31:52, 2026-01-10 11:38:28, 2026-01-10 11:46:36, 2026-01-10 12:01:39, 2026-01-10 12:16:53, 2026-01-10 12:31:48, 2026-01-10 12:32:08, 2026-01-10 12:46:59, 2026-01-10 13:01:55, 2026-01-10 13:16:53, 2026-01-10 13:31:50, 2026-01-10 13:45:18, 2026-01-10 13:46:47, 2026-01-10 14:01:49, 2026-01-10 14:17:10, 2026-01-10 14:26:43, 2026-01-10 14:31:57, 2026-01-10 14:46:44, 2026-01-10 15:02:09, 2026-01-10 15:16:35, 2026-01-10 15:31:36, 2026-01-10 15:35:25" }, "geometry": { "type": "Polygon", "coordinates": [ [ [ -73.59716907317322, 45.852453446816327 ], [ -73.603542287218545, 45.85512979038343 ], [ -73.603412216518478, 45.860324725710079 ], [ -73.596907733313827, 45.86284328903816 ], [ -73.590533973796084, 45.860166572289003 ], [ -73.590665242943288, 45.854971665459132 ], [ -73.59716907317322, 45.852453446816327 ] ] ] } },
{ "type": "Feature", "properties": { "hex_id": 595897, "centroid_lon": -73.342537439640907, "centroid_lat": 45.534643624667545, "total_occurrences": 3.0, "days_affected": 1, "first_occurrence": "2026-01-09 22:46:41", "last_occurrence": "2026-01-09 23:04:08", "all_datetimes": "2026-01-09 22:46:41, 2026-01-09 23:02:08, 2026-01-09 23:04:08" }, "geometry": { "type": "Polygon", "coordinates": [ [ [ -73.342690058179898, 45.529449023451328 ], [ -73.349014572582789, 45.532139039159127 ], [ -73.348862522039695, 45.53733365450627 ], [ -73.342384779413166, 45.539838220739483 ], [ -73.336059738710134, 45.537147833613993 ], [ -73.33621296691976, 45.531953251737512 ], [ -73.342690058179898, 45.529449023451328 ] ] ] } },
{ "type": "Feature", "properties": { "hex_id": 600156, "centroid_lon": -73.304509322952455, "centroid_lat": 45.308019763962292, "total_occurrences": 77.0, "days_affected": 2, "first_occurrence": "2026-01-09 22:46:41", "last_occurrence": "2026-01-10 14:46:44", "all_datetimes": "2026-01-09 22:46:41, 2026-01-09 23:02:08, 2026-01-09 23:04:08, 2026-01-09 23:16:40, 2026-01-09 23:31:48, 2026-01-09 23:46:45, 2026-01-09 23:47:20, 2026-01-10 00:01:46, 2026-01-10 00:17:13, 2026-01-10 00:31:53, 2026-01-10 00:36:33, 2026-01-10 00:46:46, 2026-01-10 01:01:52, 2026-01-10 01:16:57, 2026-01-10 01:31:57, 2026-01-10 01:47:16, 2026-01-10 01:47:22, 2026-01-10 02:01:45, 2026-01-10 02:16:50, 2026-01-10 02:31:07, 2026-01-10 02:32:06, 2026-01-10 02:46:45, 2026-01-10 03:01:57, 2026-01-10 03:17:07, 2026-01-10 03:31:48, 2026-01-10 03:40:14, 2026-01-10 03:46:52, 2026-01-10 04:01:38, 2026-01-10 04:16:52, 2026-01-10 04:31:46, 2026-01-10 04:32:51, 2026-01-10 04:46:51, 2026-01-10 05:02:13, 2026-01-10 05:16:44, 2026-01-10 05:31:37, 2026-01-10 05:35:58, 2026-01-10 05:46:51, 2026-01-10 06:01:50, 2026-01-10 06:16:51, 2026-01-10 06:28:23, 2026-01-10 06:32:04, 2026-01-10 06:47:08, 2026-01-10 07:01:41, 2026-01-10 07:16:37, 2026-01-10 07:31:49, 2026-01-10 07:46:56, 2026-01-10 08:00:39, 2026-01-10 08:01:56, 2026-01-10 08:16:49, 2026-01-10 08:32:06, 2026-01-10 08:40:23, 2026-01-10 08:47:00, 2026-01-10 09:02:09, 2026-01-10 09:16:39, 2026-01-10 09:31:52, 2026-01-10 09:33:53, 2026-01-10 09:46:44, 2026-01-10 10:02:10, 2026-01-10 10:16:42, 2026-01-10 10:31:44, 2026-01-10 10:32:02, 2026-01-10 10:46:49, 2026-01-10 11:01:52, 2026-01-10 11:17:04, 2026-01-10 11:31:52, 2026-01-10 11:38:28, 2026-01-10 11:46:36, 2026-01-10 12:01:39, 2026-01-10 12:16:53, 2026-01-10 12:31:48, 2026-01-10 12:32:08, 2026-01-10 12:46:59, 2026-01-10 13:01:55, 2026-01-10 14:17:10, 2026-01-10 14:26:43, 2026-01-10 14:31:57, 2026-01-10 14:46:44" }, "geometry": { "type": "Polygon", "coordinates": [ [ [ -73.304664213947348, 45.302825056872287 ], [ -73.310961914272596, 45.305516891762721 ], [ -73.310807584010647, 45.310711613292263 ], [ -73.30435438976329, 45.313214465892102 ], [ -73.29805617090642, 45.31052226210786 ], [ -73.298211664814474, 45.305327574681556 ], [ -73.304664213947348, 45.302825056872287 ] ] ] } },
{ "type": "Feature", "properties": { "hex_id": 486051, "centroid_lon": -74.488871344640771, "centroid_lat": 46.231458762796983, "total_occurrences": 72.0, "days_affected": 2, "first_occurrence": "2026-01-09 23:02:08", "last_occurrence": "2026-01-10 13:01:55", "all_datetimes": "2026-01-09 23:02:08, 2026-01-09 23:04:08, 2026-01-09 23:16:40, 2026-01-09 23:31:48, 2026-01-09 23:46:45, 2026-01-09 23:47:20, 2026-01-10 00:01:46, 2026-01-10 00:17:13, 2026-01-10 00:31:53, 2026-01-10 00:36:33, 2026-01-10 00:46:46, 2026-01-10 01:01:52, 2026-01-10 01:16:57, 2026-01-10 01:31:57, 2026-01-10 01:47:16, 2026-01-10 01:47:22, 2026-01-10 02:01:45, 2026-01-10 02:16:50, 2026-01-10 02:31:07, 2026-01-10 02:32:06, 2026-01-10 02:46:45, 2026-01-10 03:01:57, 2026-01-10 03:17:07, 2026-01-10 03:31:48, 2026-01-10 03:40:14, 2026-01-10 03:46:52, 2026-01-10 04:01:38, 2026-01-10 04:16:52, 2026-01-10 04:31:46, 2026-01-10 04:32:51, 2026-01-10 04:46:51, 2026-01-10 05:02:13, 2026-01-10 05:16:44, 2026-01-10 05:31:37, 2026-01-10 05:35:58, 2026-01-10 05:46:51, 2026-01-10 06:01:50, 2026-01-10 06:16:51, 2026-01-10 06:28:23, 2026-01-10 06:32:04, 2026-01-10 06:47:08, 2026-01-10 07:01:41, 2026-01-10 07:16:37, 2026-01-10 07:31:49, 2026-01-10 07:46:56, 2026-01-10 08:00:39, 2026-01-10 08:01:56, 2026-01-10 08:16:49, 2026-01-10 08:32:06, 2026-01-10 08:40:23, 2026-01-10 08:47:00, 2026-01-10 09:02:09, 2026-01-10 09:16:39, 2026-01-10 09:31:52, 2026-01-10 09:33:53, 2026-01-10 09:46:44, 2026-01-10 10:02:10, 2026-01-10 10:16:42, 2026-01-10 10:31:44, 2026-01-10 10:32:02, 2026-01-10 10:46:49, 2026-01-10 11:01:52, 2026-01-10 11:17:04, 2026-01-10 11:31:52, 2026-01-10 11:38:28, 2026-01-10 11:46:36, 2026-01-10 12:01:39, 2026-01-10 12:16:53, 2026-01-10 12:31:48, 2026-01-10 12:32:08, 2026-01-10 12:46:59, 2026-01-10 13:01:55" }, "geometry": { "type": "Polygon", "coordinates": [ [ [ -74.488919572599869, 46.226262827514191 ], [ -74.495379244327651, 46.228889598399 ], [ -74.495331621554527, 46.234085536484649 ], [ -74.488823103388114, 46.236654693297041 ], [ -74.48236283977019, 46.234027553044974 ], [ -74.482411686204273, 46.228831625414117 ], [ -74.488919572599869, 46.226262827514191 ] ] ] } },
{ "type": "Feature", "properties": { "hex_id": 508012, "centroid_lon": -74.259009850291818, "centroid_lat": 45.965189815181645, "total_occurrences": 90.0, "days_affected": 2, "first_occurrence": "2026-01-09 23:02:08", "last_occurrence": "2026-01-10 16:31:48", "all_datetimes": "2026-01-09 23:02:08, 2026-01-09 23:04:08, 2026-01-09 23:16:40, 2026-01-09 23:31:48, 2026-01-09 23:46:45, 2026-01-09 23:47:20, 2026-01-10 00:01:46, 2026-01-10 00:17:13, 2026-01-10 00:31:53, 2026-01-10 00:36:33, 2026-01-10 00:46:46, 2026-01-10 01:01:52, 2026-01-10 01:16:57, 2026-01-10 01:31:57, 2026-01-10 01:47:16, 2026-01-10 01:47:22, 2026-01-10 02:01:45, 2026-01-10 02:16:50, 2026-01-10 02:31:07, 2026-01-10 02:32:06, 2026-01-10 02:46:45, 2026-01-10 03:01:57, 2026-01-10 03:17:07, 2026-01-10 03:31:48, 2026-01-10 03:40:14, 2026-01-10 03:46:52, 2026-01-10 04:01:38, 2026-01-10 04:16:52, 2026-01-10 04:31:46, 2026-01-10 04:32:51, 2026-01-10 04:46:51, 2026-01-10 05:02:13, 2026-01-10 05:16:44, 2026-01-10 05:31:37, 2026-01-10 05:35:58, 2026-01-10 05:46:51, 2026-01-10 06:01:50, 2026-01-10 06:16:51, 2026-01-10 06:28:23, 2026-01-10 06:32:04, 2026-01-10 06:47:08, 2026-01-10 07:01:41, 2026-01-10 07:16:37, 2026-01-10 07:31:49, 2026-01-10 07:46:56, 2026-01-10 08:00:39, 2026-01-10 08:01:56, 2026-01-10 08:16:49, 2026-01-10 08:32:06, 2026-01-10 08:40:23, 2026-01-10 08:47:00, 2026-01-10 09:02:09, 2026-01-10 09:16:39, 2026-01-10 09:31:52, 2026-01-10 09:33:53, 2026-01-10 09:46:44, 2026-01-10 10:02:10, 2026-01-10 10:16:42, 2026-01-10 10:31:44, 2026-01-10 10:32:02, 2026-01-10 10:46:49, 2026-01-10 11:01:52, 2026-01-10 11:17:04, 2026-01-10 11:31:52, 2026-01-10 11:38:28, 2026-01-10 11:46:36, 2026-01-10 12:01:39, 2026-01-10 12:16:53, 2026-01-10 12:31:48, 2026-01-10 12:32:08, 2026-01-10 12:46:59, 2026-01-10 13:01:55, 2026-01-10 13:16:53, 2026-01-10 13:31:50, 2026-01-10 13:45:18, 2026-01-10 13:46:47, 2026-01-10 14:01:49, 2026-01-10 14:17:10, 2026-01-10 14:26:43, 2026-01-10 14:31:57, 2026-01-10 14:46:44, 2026-01-10 15:02:09, 2026-01-10 15:16:35, 2026-01-10 15:31:36, 2026-01-10 15:35:25, 2026-01-10 15:46:38, 2026-01-10 16:01:42, 2026-01-10 16:16:42, 2026-01-10 16:30:18, 2026-01-10 16:31:48" }, "geometry": { "type": "Polygon", "coordinates": [ [ [ -74.259079119815581, 45.959993864883998 ], [ -74.265496859353817, 45.962633494443935 ], [ -74.265428183478051, 45.967829449837481 ], [ -74.258940561739777, 45.970385760652853 ], [ -74.252522247585048, 45.967745762873065 ], [ -74.25259212977862, 45.96254982256341 ], [ -74.259079119815581, 45.959993864883998 ] ] ] } },
{ "type": "Feature", "properties": { "hex_id": 514740, "centroid_lon": -74.185169932924438, "centroid_lat": 46.159548919533378, "total_occurrences": 2.0, "days_affected": 1, "first_occurrence": "2026-01-09 23:02:08", "last_occurrence": "2026-01-09 23:04:08", "all_datetimes": "2026-01-09 23:02:08, 2026-01-09 23:04:08" }, "geometry": { "type": "Polygon", "coordinates": [ [ [ -74.185246622735249, 46.154353237757839 ], [ -74.191683218877046, 46.156997049577726 ], [ -74.19160712786362, 46.162192737220963 ], [ -74.185093221995587, 46.164744596466385 ], [ -74.17865604817807, 46.162100413212364 ], [ -74.178733357897087, 46.156904742213158 ], [ -74.185246622735249, 46.154353237757839 ] ] ] } },
{ "type": "Feature", "properties": { "hex_id": 556212, "centroid_lon": -73.759526003161398, "centroid_lat": 45.500957880183627, "total_occurrences": 4.0, "days_affected": 1, "first_occurrence": "2026-01-09 23:02:08", "last_occurrence": "2026-01-09 23:31:48", "all_datetimes": "2026-01-09 23:02:08, 2026-01-09 23:04:08, 2026-01-09 23:16:40, 2026-01-09 23:31:48" }, "geometry": { "type": "Polygon", "coordinates": [ [ [ -73.75964009849038, 45.495762290368056 ], [ -73.76598123098691, 45.498429394555721 ], [ -73.765867708308434, 45.503624994374711 ], [ -73.759411876673425, 45.506153465029094 ], [ -73.753070202690608, 45.503485993730365 ], [ -73.753184901818628, 45.498290418952827 ], [ -73.75964009849038, 45.495762290368056 ] ] ] } },
{ "type": "Feature", "properties": { "hex_id": 558043, "centroid_lon": -73.740504510503953, "centroid_lat": 45.492954455766238, "total_occurrences": 4.0, "days_affected": 1, "first_occurrence": "2026-01-09 23:02:08", "last_occurrence": "2026-01-09 23:31:48", "all_datetimes": "2026-01-09 23:02:08, 2026-01-09 23:04:08, 2026-01-09 23:16:40, 2026-01-09 23:31:48" }, "geometry": { "type": "Polygon", "coordinates": [ [ [ -73.740620322790193, 45.487758896334441 ], [ -73.746959644402551, 45.49042704115891 ], [ -73.746844404269666, 45.495622610780863 ], [ -73.740388666593105, 45.498150010221153 ], [ -73.734048804457302, 45.495481498207766 ], [ -73.734165220510903, 45.49028595400749 ], [ -73.740620322790193, 45.487758896334441 ] ] ] } },
{ "type": "Feature", "properties": { "hex_id": 567817, "centroid_lon": -73.635887764173916, "centroid_lat": 45.585295211386736, "total_occurrences": 4.0, "days_affected": 1, "first_occurrence": "2026-01-09 23:02:08", "last_occurrence": "2026-01-09 23:31:48", "all_datetimes": "2026-01-09 23:02:08, 2026-01-09 23:04:08, 2026-01-09 23:16:40, 2026-01-09 23:31:48" }, "geometry": { "type": "Polygon", "coordinates": [ [ [ -73.636013598693509, 45.580099953855616 ], [ -73.642358121233997, 45.582773925333967 ], [ -73.642232860244263, 45.587969194112347 ], [ -73.635761895256081, 45.590490463900984 ], [ -73.629416833589744, 45.58781612308195 ], [ -73.629543276025871, 45.582620881879663 ], [ -73.636013598693509, 45.580099953855616 ] ] ] } },
{ "type": "Feature", "properties": { "hex_id": 575115, "centroid_lon": -73.570036989350839, "centroid_lat": 45.147946065551778, "total_occurrences": 37.0, "days_affected": 2, "first_occurrence": "2026-01-09 23:02:08", "last_occurrence": "2026-01-10 06:01:50", "all_datetimes": "2026-01-09 23:02:08, 2026-01-09 23:04:08, 2026-01-09 23:16:40, 2026-01-09 23:31:48, 2026-01-09 23:46:45, 2026-01-09 23:47:20, 2026-01-10 00:01:46, 2026-01-10 00:17:13, 2026-01-10 00:31:53, 2026-01-10 00:36:33, 2026-01-10 00:46:46, 2026-01-10 01:01:52, 2026-01-10 01:16:57, 2026-01-10 01:31:57, 2026-01-10 01:47:16, 2026-01-10 01:47:22, 2026-01-10 02:01:45, 2026-01-10 02:16:50, 2026-01-10 02:31:07, 2026-01-10 02:32:06, 2026-01-10 02:46:45, 2026-01-10 03:01:57, 2026-01-10 03:17:07, 2026-01-10 03:31:48, 2026-01-10 03:40:14, 2026-01-10 03:46:52, 2026-01-10 04:01:38, 2026-01-10 04:16:52, 2026-01-10 04:31:46, 2026-01-10 04:32:51, 2026-01-10 04:46:51, 2026-01-10 05:02:13, 2026-01-10 05:16:44, 2026-01-10 05:31:37, 2026-01-10 05:35:58, 2026-01-10 05:46:51, 2026-01-10 06:01:50" }, "geometry": { "type": "Polygon", "coordinates": [ [ [ -73.570166901928758, 45.142750554409162 ], [ -73.576460026298108, 45.145427752540385 ], [ -73.576330673318949, 45.150623275474963 ], [ -73.569907041445006, 45.153141571654075 ], [ -73.56361339281068, 45.15046400908296 ], [ -73.563743900303521, 45.14526851483631 ], [ -73.570166901928758, 45.142750554409162 ] ] ] } },
{ "type": "Feature", "properties": { "hex_id": 578775, "centroid_lon": -73.533086435924019, "centroid_lat": 45.100702942311358, "total_occurrences": 37.0, "days_affected": 2, "first_occurrence": "2026-01-09 23:02:08", "last_occurrence": "2026-01-10 06:01:50", "all_datetimes": "2026-01-09 23:02:08, 2026-01-09 23:04:08, 2026-01-09 23:16:40, 2026-01-09 23:31:48, 2026-01-09 23:46:45, 2026-01-09 23:47:20, 2026-01-10 00:01:46, 2026-01-10 00:17:13, 2026-01-10 00:31:53, 2026-01-10 00:36:33, 2026-01-10 00:46:46, 2026-01-10 01:01:52, 2026-01-10 01:16:57, 2026-01-10 01:31:57, 2026-01-10 01:47:16, 2026-01-10 01:47:22, 2026-01-10 02:01:45, 2026-01-10 02:16:50, 2026-01-10 02:31:07, 2026-01-10 02:32:06, 2026-01-10 02:46:45, 2026-01-10 03:01:57, 2026-01-10 03:17:07, 2026-01-10 03:31:48, 2026-01-10 03:40:14, 2026-01-10 03:46:52, 2026-01-10 04:01:38, 2026-01-10 04:16:52, 2026-01-10 04:31:46, 2026-01-10 04:32:51, 2026-01-10 04:46:51, 2026-01-10 05:02:13, 2026-01-10 05:16:44, 2026-01-10 05:31:37, 2026-01-10 05:35:58, 2026-01-10 05:46:51, 2026-01-10 06:01:50" }, "geometry": { "type": "Polygon", "coordinates": [ [ [ -73.533219485535227, 45.09550747287166 ], [ -73.539505692957263, 45.098186641030019 ], [ -73.539373201065999, 45.103382122612729 ], [ -73.532953350152269, 45.10589840669595 ], [ -73.52666662117683, 45.103218874346986 ], [ -73.526800264656515, 45.098023422168993 ], [ -73.533219485535227, 45.09550747287166 ] ] ] } },
{ "type": "Feature", "properties": { "hex_id": 612376, "centroid_lon": -73.171990626057138, "centroid_lat": 45.461883455172057, "total_occurrences": 55.0, "days_affected": 2, "first_occurrence": "2026-01-09 23:02:08", "last_occurrence": "2026-01-10 09:33:53", "all_datetimes": "2026-01-09 23:02:08, 2026-01-09 23:04:08, 2026-01-09 23:16:40, 2026-01-09 23:31:48, 2026-01-09 23:46:45, 2026-01-09 23:47:20, 2026-01-10 00:01:46, 2026-01-10 00:17:13, 2026-01-10 00:31:53, 2026-01-10 00:36:33, 2026-01-10 00:46:46, 2026-01-10 01:01:52, 2026-01-10 01:16:57, 2026-01-10 01:31:57, 2026-01-10 01:47:16, 2026-01-10 01:47:22, 2026-01-10 02:01:45, 2026-01-10 02:16:50, 2026-01-10 02:31:07, 2026-01-10 02:32:06, 2026-01-10 02:46:45, 2026-01-10 03:01:57, 2026-01-10 03:17:07, 2026-01-10 03:31:48, 2026-01-10 03:40:14, 2026-01-10 03:46:52, 2026-01-10 04:01:38, 2026-01-10 04:16:52, 2026-01-10 04:31:46, 2026-01-10 04:32:51, 2026-01-10 04:46:51, 2026-01-10 05:02:13, 2026-01-10 05:16:44, 2026-01-10 05:31:37, 2026-01-10 05:35:58, 2026-01-10 05:46:51, 2026-01-10 06:01:50, 2026-01-10 06:16:51, 2026-01-10 06:28:23, 2026-01-10 06:32:04, 2026-01-10 06:47:08, 2026-01-10 07:01:41, 2026-01-10 07:16:37, 2026-01-10 07:31:49, 2026-01-10 07:46:56, 2026-01-10 08:00:39, 2026-01-10 08:01:56, 2026-01-10 08:16:49, 2026-01-10 08:32:06, 2026-01-10 08:40:23, 2026-01-10 08:47:00, 2026-01-10 09:02:09, 2026-01-10 09:16:39, 2026-01-10 09:31:52, 2026-01-10 09:33:53" }, "geometry": { "type": "Polygon", "coordinates": [ [ [ -73.17215851715099, 45.45668925867934 ], [ -73.178466579849257, 45.459388501414089 ], [ -73.178299252228243, 45.464582713691925 ], [ -73.171822689147021, 45.467077646435818 ], [ -73.165514108799854, 45.464378031650675 ], [ -73.165682609167462, 45.459183856236322 ], [ -73.17215851715099, 45.45668925867934 ] ] ] } },
{ "type": "Feature", "properties": { "hex_id": 616036, "centroid_lon": -73.135178573521671, "centroid_lat": 45.41451607705099, "total_occurrences": 22.0, "days_affected": 2, "first_occurrence": "2026-01-09 23:02:08", "last_occurrence": "2026-01-10 03:01:57", "all_datetimes": "2026-01-09 23:02:08, 2026-01-09 23:04:08, 2026-01-09 23:16:40, 2026-01-09 23:31:48, 2026-01-09 23:46:45, 2026-01-09 23:47:20, 2026-01-10 00:01:46, 2026-01-10 00:17:13, 2026-01-10 00:31:53, 2026-01-10 00:36:33, 2026-01-10 00:46:46, 2026-01-10 01:01:52, 2026-01-10 01:16:57, 2026-01-10 01:31:57, 2026-01-10 01:47:16, 2026-01-10 01:47:22, 2026-01-10 02:01:45, 2026-01-10 02:16:50, 2026-01-10 02:31:07, 2026-01-10 02:32:06, 2026-01-10 02:46:45, 2026-01-10 03:01:57" }, "geometry": { "type": "Polygon", "coordinates": [ [ [ -73.135349561898082, 45.409321945060015 ], [ -73.141650598518098, 45.412023131602957 ], [ -73.141480171700422, 45.417217279724838 ], [ -73.135007538511175, 45.419710203794132 ], [ -73.128705986974339, 45.417008645468883 ], [ -73.128877583527967, 45.411814534920843 ], [ -73.135349561898082, 45.409321945060015 ] ] ] } },
{ "type": "Feature", "properties": { "hex_id": 616037, "centroid_lon": -73.134665328525443, "centroid_lat": 45.430098441536238, "total_occurrences": 10.0, "days_affected": 2, "first_occurrence": "2026-01-09 23:02:08", "last_occurrence": "2026-01-10 00:36:33", "all_datetimes": "2026-01-09 23:02:08, 2026-01-09 23:04:08, 2026-01-09 23:16:40, 2026-01-09 23:31:48, 2026-01-09 23:46:45, 2026-01-09 23:47:20, 2026-01-10 00:01:46, 2026-01-10 00:17:13, 2026-01-10 00:31:53, 2026-01-10 00:36:33" }, "geometry": { "type": "Polygon", "coordinates": [ [ [ -73.134836456850962, 45.424904325289283 ], [ -73.141139178601676, 45.427605560234944 ], [ -73.140968612289484, 45.432799692622815 ], [ -73.134494153518958, 45.435292552534889 ], [ -73.128190916443657, 45.432590945604325 ], [ -73.128362653447851, 45.427396850810794 ], [ -73.134836456850962, 45.424904325289283 ] ] ] } },
{ "type": "Feature", "properties": { "hex_id": 659399, "centroid_lon": -72.670574218930213, "centroid_lat": 45.678816566496856, "total_occurrences": 37.0, "days_affected": 2, "first_occurrence": "2026-01-09 23:02:08", "last_occurrence": "2026-01-10 06:01:50", "all_datetimes": "2026-01-09 23:02:08, 2026-01-09 23:04:08, 2026-01-09 23:16:40, 2026-01-09 23:31:48, 2026-01-09 23:46:45, 2026-01-09 23:47:20, 2026-01-10 00:01:46, 2026-01-10 00:17:13, 2026-01-10 00:31:53, 2026-01-10 00:36:33, 2026-01-10 00:46:46, 2026-01-10 01:01:52, 2026-01-10 01:16:57, 2026-01-10 01:31:57, 2026-01-10 01:47:16, 2026-01-10 01:47:22, 2026-01-10 02:01:45, 2026-01-10 02:16:50, 2026-01-10 02:31:07, 2026-01-10 02:32:06, 2026-01-10 02:46:45, 2026-01-10 03:01:57, 2026-01-10 03:17:07, 2026-01-10 03:31:48, 2026-01-10 03:40:14, 2026-01-10 03:46:52, 2026-01-10 04:01:38, 2026-01-10 04:16:52, 2026-01-10 04:31:46, 2026-01-10 04:32:51, 2026-01-10 04:46:51, 2026-01-10 05:02:13, 2026-01-10 05:16:44, 2026-01-10 05:31:37, 2026-01-10 05:35:58, 2026-01-10 05:46:51, 2026-01-10 06:01:50" }, "geometry": { "type": "Polygon", "coordinates": [ [ [ -72.670789762969704, 45.673624220132659 ], [ -72.677096616949882, 45.676351069452018 ], [ -72.676881635790664, 45.681543436583858 ], [ -72.67035861593439, 45.68400890732768 ], [ -72.664051258040189, 45.68128167868948 ], [ -72.664267423896433, 45.676089358690952 ], [ -72.670789762969704, 45.673624220132659 ] ] ] } },
{ "type": "Feature", "properties": { "hex_id": 684433, "centroid_lon": -72.405080163842115, "centroid_lat": 45.727657167883805, "total_occurrences": 58.0, "days_affected": 2, "first_occurrence": "2026-01-09 23:02:08", "last_occurrence": "2026-01-10 10:16:42", "all_datetimes": "2026-01-09 23:02:08, 2026-01-09 23:04:08, 2026-01-09 23:16:40, 2026-01-09 23:31:48, 2026-01-09 23:46:45, 2026-01-09 23:47:20, 2026-01-10 00:01:46, 2026-01-10 00:17:13, 2026-01-10 00:31:53, 2026-01-10 00:36:33, 2026-01-10 00:46:46, 2026-01-10 01:01:52, 2026-01-10 01:16:57, 2026-01-10 01:31:57, 2026-01-10 01:47:16, 2026-01-10 01:47:22, 2026-01-10 02:01:45, 2026-01-10 02:16:50, 2026-01-10 02:31:07, 2026-01-10 02:32:06, 2026-01-10 02:46:45, 2026-01-10 03:01:57, 2026-01-10 03:17:07, 2026-01-10 03:31:48, 2026-01-10 03:40:14, 2026-01-10 03:46:52, 2026-01-10 04:01:38, 2026-01-10 04:16:52, 2026-01-10 04:31:46, 2026-01-10 04:32:51, 2026-01-10 04:46:51, 2026-01-10 05:02:13, 2026-01-10 05:16:44, 2026-01-10 05:31:37, 2026-01-10 05:35:58, 2026-01-10 05:46:51, 2026-01-10 06:01:50, 2026-01-10 06:16:51, 2026-01-10 06:28:23, 2026-01-10 06:32:04, 2026-01-10 06:47:08, 2026-01-10 07:01:41, 2026-01-10 07:16:37, 2026-01-10 07:31:49, 2026-01-10 07:46:56, 2026-01-10 08:00:39, 2026-01-10 08:01:56, 2026-01-10 08:16:49, 2026-01-10 08:32:06, 2026-01-10 08:40:23, 2026-01-10 08:47:00, 2026-01-10 09:02:09, 2026-01-10 09:16:39, 2026-01-10 09:31:52, 2026-01-10 09:33:53, 2026-01-10 09:46:44, 2026-01-10 10:02:10, 2026-01-10 10:16:42" }, "geometry": { "type": "Polygon", "coordinates": [ [ [ -72.405320667540977, 45.722465902097582 ], [ -72.41161935164925, 45.725207235475089 ], [ -72.411379408457407, 45.730398524635191 ], [ -72.404839594333623, 45.732848427946109 ], [ -72.398540415539046, 45.730106712293583 ], [ -72.398781545532373, 45.724915475669803 ], [ -72.405320667540977, 45.722465902097582 ] ] ] } },
{ "type": "Feature", "properties": { "hex_id": 689882, "centroid_lon": -72.380254321975968, "centroid_lat": 45.017701191789129, "total_occurrences": 101.0, "days_affected": 2, "first_occurrence": "2026-01-09 23:02:08", "last_occurrence": "2026-01-10 18:46:46", "all_datetimes": "2026-01-09 23:02:08, 2026-01-09 23:04:08, 2026-01-09 23:16:40, 2026-01-09 23:31:48, 2026-01-09 23:46:45, 2026-01-09 23:47:20, 2026-01-10 00:01:46, 2026-01-10 00:17:13, 2026-01-10 00:31:53, 2026-01-10 00:36:33, 2026-01-10 00:46:46, 2026-01-10 01:01:52, 2026-01-10 01:16:57, 2026-01-10 01:31:57, 2026-01-10 01:47:16, 2026-01-10 01:47:22, 2026-01-10 02:01:45, 2026-01-10 02:16:50, 2026-01-10 02:31:07, 2026-01-10 02:32:06, 2026-01-10 02:46:45, 2026-01-10 03:01:57, 2026-01-10 03:17:07, 2026-01-10 03:31:48, 2026-01-10 03:40:14, 2026-01-10 03:46:52, 2026-01-10 04:01:38, 2026-01-10 04:16:52, 2026-01-10 04:31:46, 2026-01-10 04:32:51, 2026-01-10 04:46:51, 2026-01-10 05:02:13, 2026-01-10 05:16:44, 2026-01-10 05:31:37, 2026-01-10 05:35:58, 2026-01-10 05:46:51, 2026-01-10 06:01:50, 2026-01-10 06:16:51, 2026-01-10 06:28:23, 2026-01-10 06:32:04, 2026-01-10 06:47:08, 2026-01-10 07:01:41, 2026-01-10 07:16:37, 2026-01-10 07:31:49, 2026-01-10 07:46:56, 2026-01-10 08:00:39, 2026-01-10 08:01:56, 2026-01-10 08:16:49, 2026-01-10 08:32:06, 2026-01-10 08:40:23, 2026-01-10 08:47:00, 2026-01-10 09:02:09, 2026-01-10 09:16:39, 2026-01-10 09:31:52, 2026-01-10 09:33:53, 2026-01-10 09:46:44, 2026-01-10 10:02:10, 2026-01-10 10:16:42, 2026-01-10 10:31:44, 2026-01-10 10:32:02, 2026-01-10 10:46:49, 2026-01-10 11:01:52, 2026-01-10 11:17:04, 2026-01-10 11:31:52, 2026-01-10 11:38:28, 2026-01-10 11:46:36, 2026-01-10 12:01:39, 2026-01-10 12:16:53, 2026-01-10 12:31:48, 2026-01-10 12:32:08, 2026-01-10 12:46:59, 2026-01-10 13:01:55, 2026-01-10 13:16:53, 2026-01-10 13:31:50, 2026-01-10 13:45:18, 2026-01-10 13:46:47, 2026-01-10 14:01:49, 2026-01-10 14:17:10, 2026-01-10 14:26:43, 2026-01-10 14:31:57, 2026-01-10 14:46:44, 2026-01-10 15:02:09, 2026-01-10 15:16:35, 2026-01-10 15:31:36, 2026-01-10 15:35:25, 2026-01-10 15:46:38, 2026-01-10 16:01:42, 2026-01-10 16:16:42, 2026-01-10 16:30:18, 2026-01-10 16:31:48, 2026-01-10 16:46:49, 2026-01-10 17:01:47, 2026-01-10 17:16:52, 2026-01-10 17:32:06, 2026-01-10 17:35:18, 2026-01-10 17:46:57, 2026-01-10 18:01:40, 2026-01-10 18:17:22, 2026-01-10 18:31:07, 2026-01-10 18:31:38, 2026-01-10 18:46:46" }, "geometry": { "type": "Polygon", "coordinates": [ [ [ -72.380491191279575, 45.01250938096458 ], [ -72.386711759980031, 45.015250613740953 ], [ -72.38647543020754, 45.020442447868135 ], [ -72.380017388403445, 45.022892996893212 ], [ -72.373796344451449, 45.02015139070442 ], [ -72.374033817533842, 45.014959608966024 ], [ -72.380491191279575, 45.01250938096458 ] ] ] } },
{ "type": "Feature", "properties": { "hex_id": 743045, "centroid_lon": -71.785507400574957, "centroid_lat": 45.774253176652088, "total_occurrences": 12.0, "days_affected": 2, "first_occurrence": "2026-01-09 23:02:08", "last_occurrence": "2026-01-10 01:01:52", "all_datetimes": "2026-01-09 23:02:08, 2026-01-09 23:04:08, 2026-01-09 23:16:40, 2026-01-09 23:31:48, 2026-01-09 23:46:45, 2026-01-09 23:47:20, 2026-01-10 00:01:46, 2026-01-10 00:17:13, 2026-01-10 00:31:53, 2026-01-10 00:36:33, 2026-01-10 00:46:46, 2026-01-10 01:01:52" }, "geometry": { "type": "Polygon", "coordinates": [ [ [ -71.785805757887687, 45.769064805222293 ], [ -71.792077337142629, 45.771839631171012 ], [ -71.791779532575248, 45.77702803198769 ], [ -71.785208961620071, 45.779441541834373 ], [ -71.778936911275707, 45.776666327732123 ], [ -71.779235902948415, 45.771477992001223 ], [ -71.785805757887687, 45.769064805222293 ] ] ] } },
{ "type": "Feature", "properties": { "hex_id": 506188, "centroid_lon": -74.276845145697848, "centroid_lat": 46.082221804163041, "total_occurrences": 83.0, "days_affected": 2, "first_occurrence": "2026-01-09 23:16:40", "last_occurrence": "2026-01-10 15:35:25", "all_datetimes": "2026-01-09 23:16:40, 2026-01-09 23:31:48, 2026-01-09 23:46:45, 2026-01-09 23:47:20, 2026-01-10 00:01:46, 2026-01-10 00:17:13, 2026-01-10 00:31:53, 2026-01-10 00:36:33, 2026-01-10 00:46:46, 2026-01-10 01:01:52, 2026-01-10 01:16:57, 2026-01-10 01:31:57, 2026-01-10 01:47:16, 2026-01-10 01:47:22, 2026-01-10 02:01:45, 2026-01-10 02:16:50, 2026-01-10 02:31:07, 2026-01-10 02:32:06, 2026-01-10 02:46:45, 2026-01-10 03:01:57, 2026-01-10 03:17:07, 2026-01-10 03:31:48, 2026-01-10 03:40:14, 2026-01-10 03:46:52, 2026-01-10 04:01:38, 2026-01-10 04:16:52, 2026-01-10 04:31:46, 2026-01-10 04:32:51, 2026-01-10 04:46:51, 2026-01-10 05:02:13, 2026-01-10 05:16:44, 2026-01-10 05:31:37, 2026-01-10 05:35:58, 2026-01-10 05:46:51, 2026-01-10 06:01:50, 2026-01-10 06:16:51, 2026-01-10 06:28:23, 2026-01-10 06:32:04, 2026-01-10 06:47:08, 2026-01-10 07:01:41, 2026-01-10 07:16:37, 2026-01-10 07:31:49, 2026-01-10 07:46:56, 2026-01-10 08:00:39, 2026-01-10 08:01:56, 2026-01-10 08:16:49, 2026-01-10 08:32:06, 2026-01-10 08:40:23, 2026-01-10 08:47:00, 2026-01-10 09:02:09, 2026-01-10 09:16:39, 2026-01-10 09:31:52, 2026-01-10 09:33:53, 2026-01-10 09:46:44, 2026-01-10 10:02:10, 2026-01-10 10:16:42, 2026-01-10 10:31:44, 2026-01-10 10:32:02, 2026-01-10 10:46:49, 2026-01-10 11:01:52, 2026-01-10 11:17:04, 2026-01-10 11:31:52, 2026-01-10 11:38:28, 2026-01-10 11:46:36, 2026-01-10 12:01:39, 2026-01-10 12:16:53, 2026-01-10 12:31:48, 2026-01-10 12:32:08, 2026-01-10 12:46:59, 2026-01-10 13:01:55, 2026-01-10 13:16:53, 2026-01-10 13:31:50, 2026-01-10 13:45:18, 2026-01-10 13:46:47, 2026-01-10 14:01:49, 2026-01-10 14:17:10, 2026-01-10 14:26:43, 2026-01-10 14:31:57, 2026-01-10 14:46:44, 2026-01-10 15:02:09, 2026-01-10 15:16:35, 2026-01-10 15:31:36, 2026-01-10 15:35:25" }, "geometry": { "type": "Polygon", "coordinates": [ [ [ -74.276913024456022, 46.077025940037501 ], [ -74.283345113008465, 46.079664598555837 ], [ -74.283277831830873, 46.084860467613105 ], [ -74.276777248265859, 46.087417663466439 ], [ -74.270344580809834, 46.084778635404561 ], [ -74.270413075816037, 46.079582781098821 ], [ -74.276913024456022, 46.077025940037501 ] ] ] } },
{ "type": "Feature", "properties": { "hex_id": 508624, "centroid_lon": -74.25224252677387, "centroid_lat": 45.988529475833012, "total_occurrences": 54.0, "days_affected": 2, "first_occurrence": "2026-01-09 23:16:40", "last_occurrence": "2026-01-10 09:46:44", "all_datetimes": "2026-01-09 23:16:40, 2026-01-09 23:31:48, 2026-01-09 23:46:45, 2026-01-09 23:47:20, 2026-01-10 00:01:46, 2026-01-10 00:17:13, 2026-01-10 00:31:53, 2026-01-10 00:36:33, 2026-01-10 00:46:46, 2026-01-10 01:01:52, 2026-01-10 01:16:57, 2026-01-10 01:31:57, 2026-01-10 01:47:16, 2026-01-10 01:47:22, 2026-01-10 02:01:45, 2026-01-10 02:16:50, 2026-01-10 02:31:07, 2026-01-10 02:32:06, 2026-01-10 02:46:45, 2026-01-10 03:01:57, 2026-01-10 03:17:07, 2026-01-10 03:31:48, 2026-01-10 03:40:14, 2026-01-10 03:46:52, 2026-01-10 04:01:38, 2026-01-10 04:16:52, 2026-01-10 04:31:46, 2026-01-10 04:32:51, 2026-01-10 04:46:51, 2026-01-10 05:02:13, 2026-01-10 05:16:44, 2026-01-10 05:31:37, 2026-01-10 05:35:58, 2026-01-10 05:46:51, 2026-01-10 06:01:50, 2026-01-10 06:16:51, 2026-01-10 06:28:23, 2026-01-10 06:32:04, 2026-01-10 06:47:08, 2026-01-10 07:01:41, 2026-01-10 07:16:37, 2026-01-10 07:31:49, 2026-01-10 07:46:56, 2026-01-10 08:00:39, 2026-01-10 08:01:56, 2026-01-10 08:16:49, 2026-01-10 08:32:06, 2026-01-10 08:40:23, 2026-01-10 08:47:00, 2026-01-10 09:02:09, 2026-01-10 09:16:39, 2026-01-10 09:31:52, 2026-01-10 09:33:53, 2026-01-10 09:46:44" }, "geometry": { "type": "Polygon", "coordinates": [ [ [ -74.252312485795244, 45.983333554834815 ], [ -74.25873258184933, 45.985973568107681 ], [ -74.258663217119519, 45.991169494273066 ], [ -74.252172548529217, 45.99372539200337 ], [ -74.245751877410115, 45.991085010146193 ], [ -74.245822449939766, 45.985889099208727 ], [ -74.252312485795244, 45.983333554834815 ] ] ] } },
{ "type": "Feature", "properties": { "hex_id": 511678, "centroid_lon": -74.219637220611304, "centroid_lat": 46.01169513686802, "total_occurrences": 60.0, "days_affected": 2, "first_occurrence": "2026-01-09 23:16:40", "last_occurrence": "2026-01-10 11:01:52", "all_datetimes": "2026-01-09 23:16:40, 2026-01-09 23:31:48, 2026-01-09 23:46:45, 2026-01-09 23:47:20, 2026-01-10 00:01:46, 2026-01-10 00:17:13, 2026-01-10 00:31:53, 2026-01-10 00:36:33, 2026-01-10 00:46:46, 2026-01-10 01:01:52, 2026-01-10 01:16:57, 2026-01-10 01:31:57, 2026-01-10 01:47:16, 2026-01-10 01:47:22, 2026-01-10 02:01:45, 2026-01-10 02:16:50, 2026-01-10 02:31:07, 2026-01-10 02:32:06, 2026-01-10 02:46:45, 2026-01-10 03:01:57, 2026-01-10 03:17:07, 2026-01-10 03:31:48, 2026-01-10 03:40:14, 2026-01-10 03:46:52, 2026-01-10 04:01:38, 2026-01-10 04:16:52, 2026-01-10 04:31:46, 2026-01-10 04:32:51, 2026-01-10 04:46:51, 2026-01-10 05:02:13, 2026-01-10 05:16:44, 2026-01-10 05:31:37, 2026-01-10 05:35:58, 2026-01-10 05:46:51, 2026-01-10 06:01:50, 2026-01-10 06:16:51, 2026-01-10 06:28:23, 2026-01-10 06:32:04, 2026-01-10 06:47:08, 2026-01-10 07:01:41, 2026-01-10 07:16:37, 2026-01-10 07:31:49, 2026-01-10 07:46:56, 2026-01-10 08:00:39, 2026-01-10 08:01:56, 2026-01-10 08:16:49, 2026-01-10 08:32:06, 2026-01-10 08:40:23, 2026-01-10 08:47:00, 2026-01-10 09:02:09, 2026-01-10 09:16:39, 2026-01-10 09:31:52, 2026-01-10 09:33:53, 2026-01-10 09:46:44, 2026-01-10 10:02:10, 2026-01-10 10:16:42, 2026-01-10 10:31:44, 2026-01-10 10:32:02, 2026-01-10 10:46:49, 2026-01-10 11:01:52" }, "geometry": { "type": "Polygon", "coordinates": [ [ [ -74.219710288946118, 46.006499276515164 ], [ -74.226131475887385, 46.009141117841686 ], [ -74.226059002136182, 46.014336983693276 ], [ -74.219564132193156, 46.016890992385825 ], [ -74.213142370755037, 46.014248781860239 ], [ -74.21321605374996, 46.009052931906936 ], [ -74.219710288946118, 46.006499276515164 ] ] ] } },
{ "type": "Feature", "properties": { "hex_id": 515961, "centroid_lon": -74.172219494436504, "centroid_lat": 46.159455870361526, "total_occurrences": 35.0, "days_affected": 2, "first_occurrence": "2026-01-09 23:16:40", "last_occurrence": "2026-01-10 06:01:50", "all_datetimes": "2026-01-09 23:16:40, 2026-01-09 23:31:48, 2026-01-09 23:46:45, 2026-01-09 23:47:20, 2026-01-10 00:01:46, 2026-01-10 00:17:13, 2026-01-10 00:31:53, 2026-01-10 00:36:33, 2026-01-10 00:46:46, 2026-01-10 01:01:52, 2026-01-10 01:16:57, 2026-01-10 01:31:57, 2026-01-10 01:47:16, 2026-01-10 01:47:22, 2026-01-10 02:01:45, 2026-01-10 02:16:50, 2026-01-10 02:31:07, 2026-01-10 02:32:06, 2026-01-10 02:46:45, 2026-01-10 03:01:57, 2026-01-10 03:17:07, 2026-01-10 03:31:48, 2026-01-10 03:40:14, 2026-01-10 03:46:52, 2026-01-10 04:01:38, 2026-01-10 04:16:52, 2026-01-10 04:31:46, 2026-01-10 04:32:51, 2026-01-10 04:46:51, 2026-01-10 05:02:13, 2026-01-10 05:16:44, 2026-01-10 05:31:37, 2026-01-10 05:35:58, 2026-01-10 05:46:51, 2026-01-10 06:01:50" }, "geometry": { "type": "Polygon", "coordinates": [ [ [ -74.172297402774333, 46.15426020536065 ], [ -74.178733357897087, 46.156904742213158 ], [ -74.17865604817807, 46.162100413212364 ], [ -74.172141564645159, 46.1646515305167 ], [ -74.165705032360762, 46.16200662210489 ], [ -74.165783560763586, 46.156810968014142 ], [ -74.172297402774333, 46.15426020536065 ] ] ] } },
{ "type": "Feature", "properties": { "hex_id": 524479, "centroid_lon": -74.089000178447506, "centroid_lat": 45.706733243262342, "total_occurrences": 41.0, "days_affected": 2, "first_occurrence": "2026-01-09 23:16:40", "last_occurrence": "2026-01-10 07:31:49", "all_datetimes": "2026-01-09 23:16:40, 2026-01-09 23:31:48, 2026-01-09 23:46:45, 2026-01-09 23:47:20, 2026-01-10 00:01:46, 2026-01-10 00:17:13, 2026-01-10 00:31:53, 2026-01-10 00:36:33, 2026-01-10 00:46:46, 2026-01-10 01:01:52, 2026-01-10 01:16:57, 2026-01-10 01:31:57, 2026-01-10 01:47:16, 2026-01-10 01:47:22, 2026-01-10 02:01:45, 2026-01-10 02:16:50, 2026-01-10 02:31:07, 2026-01-10 02:32:06, 2026-01-10 02:46:45, 2026-01-10 03:01:57, 2026-01-10 03:17:07, 2026-01-10 03:31:48, 2026-01-10 03:40:14, 2026-01-10 03:46:52, 2026-01-10 04:01:38, 2026-01-10 04:16:52, 2026-01-10 04:31:46, 2026-01-10 04:32:51, 2026-01-10 04:46:51, 2026-01-10 05:02:13, 2026-01-10 05:16:44, 2026-01-10 05:31:37, 2026-01-10 05:35:58, 2026-01-10 05:46:51, 2026-01-10 06:01:50, 2026-01-10 06:16:51, 2026-01-10 06:28:23, 2026-01-10 06:32:04, 2026-01-10 06:47:08, 2026-01-10 07:01:41, 2026-01-10 07:31:49" }, "geometry": { "type": "Polygon", "coordinates": [ [ [ -74.089084575805586, 45.701537279521752 ], [ -74.095464679581568, 45.704186292869302 ], [ -74.095380865558909, 45.70938226337303 ], [ -74.088915757980672, 45.711929202134939 ], [ -74.082535093981917, 45.709279822208423 ], [ -74.082620097776342, 45.704083870163991 ], [ -74.089084575805586, 45.701537279521752 ] ] ] } },
{ "type": "Feature", "properties": { "hex_id": 524480, "centroid_lon": -74.088746847689592, "centroid_lat": 45.722321105276073, "total_occurrences": 2.0, "days_affected": 1, "first_occurrence": "2026-01-09 23:16:40", "last_occurrence": "2026-01-09 23:31:48", "all_datetimes": "2026-01-09 23:16:40, 2026-01-09 23:31:48" }, "geometry": { "type": "Polygon", "coordinates": [ [ [ -74.088831314397297, 45.717125156139531 ], [ -74.0952131686564, 45.719774189781546 ], [ -74.095129285761061, 45.724970145686271 ], [ -74.088662357849728, 45.727517049544588 ], [ -74.082279942914312, 45.724867649123354 ], [ -74.08236501655874, 45.719671711688129 ], [ -74.088831314397297, 45.717125156139531 ] ] ] } },
{ "type": "Feature", "properties": { "hex_id": 525090, "centroid_lon": -74.082450066911989, "centroid_lat": 45.714475769383135, "total_occurrences": 1.0, "days_affected": 1, "first_occurrence": "2026-01-09 23:16:40", "last_occurrence": "2026-01-09 23:16:40", "all_datetimes": "2026-01-09 23:16:40" }, "geometry": { "type": "Polygon", "coordinates": [ [ [ -74.082535093981917, 45.709279822208423 ], [ -74.088915757980672, 45.711929202134939 ], [ -74.088831314397297, 45.717125156139531 ], [ -74.08236501655874, 45.719671711688129 ], [ -74.075983792360702, 45.71702196502131 ], [ -74.076069426192632, 45.711826029611245 ], [ -74.082535093981917, 45.709279822208423 ] ] ] } },
{ "type": "Feature", "properties": { "hex_id": 547094, "centroid_lon": -73.842824397409302, "centroid_lat": 46.117623795723347, "total_occurrences": 86.0, "days_affected": 2, "first_occurrence": "2026-01-09 23:16:40", "last_occurrence": "2026-01-10 16:16:42", "all_datetimes": "2026-01-09 23:16:40, 2026-01-09 23:31:48, 2026-01-09 23:46:45, 2026-01-09 23:47:20, 2026-01-10 00:01:46, 2026-01-10 00:17:13, 2026-01-10 00:31:53, 2026-01-10 00:36:33, 2026-01-10 00:46:46, 2026-01-10 01:01:52, 2026-01-10 01:16:57, 2026-01-10 01:31:57, 2026-01-10 01:47:16, 2026-01-10 01:47:22, 2026-01-10 02:01:45, 2026-01-10 02:16:50, 2026-01-10 02:31:07, 2026-01-10 02:32:06, 2026-01-10 02:46:45, 2026-01-10 03:01:57, 2026-01-10 03:17:07, 2026-01-10 03:31:48, 2026-01-10 03:40:14, 2026-01-10 03:46:52, 2026-01-10 04:01:38, 2026-01-10 04:16:52, 2026-01-10 04:31:46, 2026-01-10 04:32:51, 2026-01-10 04:46:51, 2026-01-10 05:02:13, 2026-01-10 05:16:44, 2026-01-10 05:31:37, 2026-01-10 05:35:58, 2026-01-10 05:46:51, 2026-01-10 06:01:50, 2026-01-10 06:16:51, 2026-01-10 06:28:23, 2026-01-10 06:32:04, 2026-01-10 06:47:08, 2026-01-10 07:01:41, 2026-01-10 07:16:37, 2026-01-10 07:31:49, 2026-01-10 07:46:56, 2026-01-10 08:00:39, 2026-01-10 08:01:56, 2026-01-10 08:16:49, 2026-01-10 08:32:06, 2026-01-10 08:40:23, 2026-01-10 08:47:00, 2026-01-10 09:02:09, 2026-01-10 09:16:39, 2026-01-10 09:31:52, 2026-01-10 09:33:53, 2026-01-10 09:46:44, 2026-01-10 10:02:10, 2026-01-10 10:16:42, 2026-01-10 10:31:44, 2026-01-10 10:32:02, 2026-01-10 10:46:49, 2026-01-10 11:01:52, 2026-01-10 11:17:04, 2026-01-10 11:31:52, 2026-01-10 11:38:28, 2026-01-10 11:46:36, 2026-01-10 12:01:39, 2026-01-10 12:16:53, 2026-01-10 12:31:48, 2026-01-10 12:32:08, 2026-01-10 12:46:59, 2026-01-10 13:01:55, 2026-01-10 13:16:53, 2026-01-10 13:31:50, 2026-01-10 13:45:18, 2026-01-10 13:46:47, 2026-01-10 14:01:49, 2026-01-10 14:17:10, 2026-01-10 14:26:43, 2026-01-10 14:31:57, 2026-01-10 14:46:44, 2026-01-10 15:02:09, 2026-01-10 15:16:35, 2026-01-10 15:31:36, 2026-01-10 15:35:25, 2026-01-10 15:46:38, 2026-01-10 16:01:42, 2026-01-10 16:16:42" }, "geometry": { "type": "Polygon", "coordinates": [ [ [ -73.842933145114586, 46.112428610727285 ], [ -73.849348138608889, 46.115091517833733 ], [ -73.849239983696037, 46.120286712133819 ], [ -73.842715619777223, 46.122818975777399 ], [ -73.836300063422371, 46.12015569446978 ], [ -73.836409433836693, 46.114960523785712 ], [ -73.842933145114586, 46.112428610727285 ] ] ] } },
{ "type": "Feature", "properties": { "hex_id": 584269, "centroid_lon": -73.476117862063433, "centroid_lat": 45.092161080202629, "total_occurrences": 42.0, "days_affected": 2, "first_occurrence": "2026-01-09 23:16:40", "last_occurrence": "2026-01-10 07:31:49", "all_datetimes": "2026-01-09 23:16:40, 2026-01-09 23:31:48, 2026-01-09 23:46:45, 2026-01-09 23:47:20, 2026-01-10 00:01:46, 2026-01-10 00:17:13, 2026-01-10 00:31:53, 2026-01-10 00:36:33, 2026-01-10 00:46:46, 2026-01-10 01:01:52, 2026-01-10 01:16:57, 2026-01-10 01:31:57, 2026-01-10 01:47:16, 2026-01-10 01:47:22, 2026-01-10 02:01:45, 2026-01-10 02:16:50, 2026-01-10 02:31:07, 2026-01-10 02:32:06, 2026-01-10 02:46:45, 2026-01-10 03:01:57, 2026-01-10 03:17:07, 2026-01-10 03:31:48, 2026-01-10 03:40:14, 2026-01-10 03:46:52, 2026-01-10 04:01:38, 2026-01-10 04:16:52, 2026-01-10 04:31:46, 2026-01-10 04:32:51, 2026-01-10 04:46:51, 2026-01-10 05:02:13, 2026-01-10 05:16:44, 2026-01-10 05:31:37, 2026-01-10 05:35:58, 2026-01-10 05:46:51, 2026-01-10 06:01:50, 2026-01-10 06:16:51, 2026-01-10 06:28:23, 2026-01-10 06:32:04, 2026-01-10 06:47:08, 2026-01-10 07:01:41, 2026-01-10 07:16:37, 2026-01-10 07:31:49" }, "geometry": { "type": "Polygon", "coordinates": [ [ [ -73.476256036422228, 45.086965738028766 ], [ -73.482538570099521, 45.089647998782532 ], [ -73.482400952449851, 45.094843353655577 ], [ -73.475979650155978, 45.09735641729727 ], [ -73.469696597324443, 45.094673791934767 ], [ -73.46983536592856, 45.089478467602866 ], [ -73.476256036422228, 45.086965738028766 ] ] ] } },
{ "type": "Feature", "properties": { "hex_id": 590998, "centroid_lon": -73.400363281496638, "centroid_lat": 45.301607314367843, "total_occurrences": 70.0, "days_affected": 2, "first_occurrence": "2026-01-09 23:16:40", "last_occurrence": "2026-01-10 13:01:55", "all_datetimes": "2026-01-09 23:16:40, 2026-01-09 23:31:48, 2026-01-09 23:46:45, 2026-01-09 23:47:20, 2026-01-10 00:01:46, 2026-01-10 00:17:13, 2026-01-10 00:31:53, 2026-01-10 00:36:33, 2026-01-10 00:46:46, 2026-01-10 01:01:52, 2026-01-10 01:16:57, 2026-01-10 01:31:57, 2026-01-10 01:47:16, 2026-01-10 01:47:22, 2026-01-10 02:01:45, 2026-01-10 02:16:50, 2026-01-10 02:31:07, 2026-01-10 02:32:06, 2026-01-10 02:46:45, 2026-01-10 03:01:57, 2026-01-10 03:17:07, 2026-01-10 03:31:48, 2026-01-10 03:40:14, 2026-01-10 03:46:52, 2026-01-10 04:01:38, 2026-01-10 04:16:52, 2026-01-10 04:31:46, 2026-01-10 04:32:51, 2026-01-10 04:46:51, 2026-01-10 05:02:13, 2026-01-10 05:16:44, 2026-01-10 05:31:37, 2026-01-10 05:35:58, 2026-01-10 05:46:51, 2026-01-10 06:01:50, 2026-01-10 06:16:51, 2026-01-10 06:28:23, 2026-01-10 06:32:04, 2026-01-10 06:47:08, 2026-01-10 07:01:41, 2026-01-10 07:16:37, 2026-01-10 07:31:49, 2026-01-10 07:46:56, 2026-01-10 08:00:39, 2026-01-10 08:01:56, 2026-01-10 08:16:49, 2026-01-10 08:32:06, 2026-01-10 08:40:23, 2026-01-10 08:47:00, 2026-01-10 09:02:09, 2026-01-10 09:16:39, 2026-01-10 09:31:52, 2026-01-10 09:33:53, 2026-01-10 09:46:44, 2026-01-10 10:02:10, 2026-01-10 10:16:42, 2026-01-10 10:31:44, 2026-01-10 10:32:02, 2026-01-10 10:46:49, 2026-01-10 11:01:52, 2026-01-10 11:17:04, 2026-01-10 11:31:52, 2026-01-10 11:38:28, 2026-01-10 11:46:36, 2026-01-10 12:01:39, 2026-01-10 12:16:53, 2026-01-10 12:31:48, 2026-01-10 12:32:08, 2026-01-10 12:46:59, 2026-01-10 13:01:55" }, "geometry": { "type": "Polygon", "coordinates": [ [ [ -73.400509385462996, 45.296412351056127 ], [ -73.406811066687808, 45.299098954215609 ], [ -73.406665524567856, 45.304293931024709 ], [ -73.400217137730777, 45.306802272564582 ], [ -73.39391493446567, 45.304115301470276 ], [ -73.394061640064677, 45.298920356834898 ], [ -73.400509385462996, 45.296412351056127 ] ] ] } },
{ "type": "Feature", "properties": { "hex_id": 595286, "centroid_lon": -73.349166581604749, "centroid_lat": 45.526944418670766, "total_occurrences": 5.0, "days_affected": 2, "first_occurrence": "2026-01-09 23:16:40", "last_occurrence": "2026-01-10 00:01:46", "all_datetimes": "2026-01-09 23:16:40, 2026-01-09 23:31:48, 2026-01-09 23:46:45, 2026-01-09 23:47:20, 2026-01-10 00:01:46" }, "geometry": { "type": "Polygon", "coordinates": [ [ [ -73.349318549119531, 45.52174979304138 ], [ -73.355642537180387, 45.524439437490308 ], [ -73.355491137521824, 45.529634077183168 ], [ -73.349014572582789, 45.532139039159127 ], [ -73.342690058179898, 45.529449023451328 ], [ -73.342842635044136, 45.524254417090944 ], [ -73.349318549119531, 45.52174979304138 ] ] ] } },
{ "type": "Feature", "properties": { "hex_id": 596508, "centroid_lon": -73.335906468644083, "centroid_lat": 45.542342410343075, "total_occurrences": 6.0, "days_affected": 2, "first_occurrence": "2026-01-09 23:16:40", "last_occurrence": "2026-01-10 00:17:13", "all_datetimes": "2026-01-09 23:16:40, 2026-01-09 23:31:48, 2026-01-09 23:46:45, 2026-01-09 23:47:20, 2026-01-10 00:01:46, 2026-01-10 00:17:13" }, "geometry": { "type": "Polygon", "coordinates": [ [ [ -73.336059738710134, 45.537147833613993 ], [ -73.342384779413166, 45.539838220739483 ], [ -73.342232077482677, 45.545032811667006 ], [ -73.335753156707582, 45.547536981924623 ], [ -73.329427589746487, 45.544846223222514 ], [ -73.329581469804495, 45.539651665903925 ], [ -73.336059738710134, 45.537147833613993 ] ] ] } },
{ "type": "Feature", "properties": { "hex_id": 597699, "centroid_lon": -73.336835678435179, "centroid_lat": 45.074625627025632, "total_occurrences": 9.0, "days_affected": 2, "first_occurrence": "2026-01-09 23:16:40", "last_occurrence": "2026-01-10 00:46:46", "all_datetimes": "2026-01-09 23:16:40, 2026-01-09 23:31:48, 2026-01-09 23:46:45, 2026-01-09 23:47:20, 2026-01-10 00:01:46, 2026-01-10 00:17:13, 2026-01-10 00:31:53, 2026-01-10 00:36:33, 2026-01-10 00:46:46" }, "geometry": { "type": "Polygon", "coordinates": [ [ [ -73.336986386373709, 45.069430620727879 ], [ -73.343260282315441, 45.072120431218323 ], [ -73.343110128706059, 45.077315451573149 ], [ -73.336684929553101, 45.079820628181444 ], [ -73.330410520232533, 45.077130452026147 ], [ -73.330561823430202, 45.071935464990894 ], [ -73.336986386373709, 45.069430620727879 ] ] ] } },
{ "type": "Feature", "properties": { "hex_id": 614201, "centroid_lon": -73.156113787633871, "centroid_lat": 45.360288158239875, "total_occurrences": 56.0, "days_affected": 2, "first_occurrence": "2026-01-09 23:16:40", "last_occurrence": "2026-01-10 10:16:42", "all_datetimes": "2026-01-09 23:16:40, 2026-01-09 23:31:48, 2026-01-09 23:46:45, 2026-01-09 23:47:20, 2026-01-10 00:01:46, 2026-01-10 00:17:13, 2026-01-10 00:31:53, 2026-01-10 00:36:33, 2026-01-10 00:46:46, 2026-01-10 01:01:52, 2026-01-10 01:16:57, 2026-01-10 01:31:57, 2026-01-10 01:47:16, 2026-01-10 01:47:22, 2026-01-10 02:01:45, 2026-01-10 02:16:50, 2026-01-10 02:31:07, 2026-01-10 02:32:06, 2026-01-10 02:46:45, 2026-01-10 03:01:57, 2026-01-10 03:17:07, 2026-01-10 03:31:48, 2026-01-10 03:40:14, 2026-01-10 03:46:52, 2026-01-10 04:01:38, 2026-01-10 04:16:52, 2026-01-10 04:31:46, 2026-01-10 04:32:51, 2026-01-10 04:46:51, 2026-01-10 05:02:13, 2026-01-10 05:16:44, 2026-01-10 05:31:37, 2026-01-10 05:35:58, 2026-01-10 05:46:51, 2026-01-10 06:01:50, 2026-01-10 06:16:51, 2026-01-10 06:28:23, 2026-01-10 06:32:04, 2026-01-10 06:47:08, 2026-01-10 07:01:41, 2026-01-10 07:16:37, 2026-01-10 07:31:49, 2026-01-10 07:46:56, 2026-01-10 08:00:39, 2026-01-10 08:01:56, 2026-01-10 08:16:49, 2026-01-10 08:32:06, 2026-01-10 08:40:23, 2026-01-10 08:47:00, 2026-01-10 09:02:09, 2026-01-10 09:16:39, 2026-01-10 09:31:52, 2026-01-10 09:33:53, 2026-01-10 09:46:44, 2026-01-10 10:02:10, 2026-01-10 10:16:42" }, "geometry": { "type": "Polygon", "coordinates": [ [ [ -73.156282537882589, 45.355093915196662 ], [ -73.1625786657427, 45.357793891836856 ], [ -73.162410475737786, 45.362988150788894 ], [ -73.155944991390641, 45.365482396047128 ], [ -73.149648349288938, 45.362782048502112 ], [ -73.149817705760626, 45.357587826667753 ], [ -73.156282537882589, 45.355093915196662 ] ] ] } },
{ "type": "Feature", "properties": { "hex_id": 622745, "centroid_lon": -73.068376905631297, "centroid_lat": 45.312064676869284, "total_occurrences": 60.0, "days_affected": 2, "first_occurrence": "2026-01-09 23:16:40", "last_occurrence": "2026-01-10 11:01:52", "all_datetimes": "2026-01-09 23:16:40, 2026-01-09 23:31:48, 2026-01-09 23:46:45, 2026-01-09 23:47:20, 2026-01-10 00:01:46, 2026-01-10 00:17:13, 2026-01-10 00:31:53, 2026-01-10 00:36:33, 2026-01-10 00:46:46, 2026-01-10 01:01:52, 2026-01-10 01:16:57, 2026-01-10 01:31:57, 2026-01-10 01:47:16, 2026-01-10 01:47:22, 2026-01-10 02:01:45, 2026-01-10 02:16:50, 2026-01-10 02:31:07, 2026-01-10 02:32:06, 2026-01-10 02:46:45, 2026-01-10 03:01:57, 2026-01-10 03:17:07, 2026-01-10 03:31:48, 2026-01-10 03:40:14, 2026-01-10 03:46:52, 2026-01-10 04:01:38, 2026-01-10 04:16:52, 2026-01-10 04:31:46, 2026-01-10 04:32:51, 2026-01-10 04:46:51, 2026-01-10 05:02:13, 2026-01-10 05:16:44, 2026-01-10 05:31:37, 2026-01-10 05:35:58, 2026-01-10 05:46:51, 2026-01-10 06:01:50, 2026-01-10 06:16:51, 2026-01-10 06:28:23, 2026-01-10 06:32:04, 2026-01-10 06:47:08, 2026-01-10 07:01:41, 2026-01-10 07:16:37, 2026-01-10 07:31:49, 2026-01-10 07:46:56, 2026-01-10 08:00:39, 2026-01-10 08:01:56, 2026-01-10 08:16:49, 2026-01-10 08:32:06, 2026-01-10 08:40:23, 2026-01-10 08:47:00, 2026-01-10 09:02:09, 2026-01-10 09:16:39, 2026-01-10 09:31:52, 2026-01-10 09:33:53, 2026-01-10 09:46:44, 2026-01-10 10:02:10, 2026-01-10 10:16:42, 2026-01-10 10:31:44, 2026-01-10 10:32:02, 2026-01-10 10:46:49, 2026-01-10 11:01:52" }, "geometry": { "type": "Polygon", "coordinates": [ [ [ -73.068553385668139, 45.306870652356935 ], [ -73.074839914666541, 45.309575331982508 ], [ -73.074663992244481, 45.314769373245973 ], [ -73.068200377523013, 45.317258696099032 ], [ -73.061913338989285, 45.31455364538715 ], [ -73.062090424696308, 45.309359642972446 ], [ -73.068553385668139, 45.306870652356935 ] ] ] } },
{ "type": "Feature", "properties": { "hex_id": 630702, "centroid_lon": -72.974089120241786, "centroid_lat": 45.63003892065646, "total_occurrences": 48.0, "days_affected": 2, "first_occurrence": "2026-01-09 23:16:40", "last_occurrence": "2026-01-10 08:40:23", "all_datetimes": "2026-01-09 23:16:40, 2026-01-09 23:31:48, 2026-01-09 23:46:45, 2026-01-09 23:47:20, 2026-01-10 00:01:46, 2026-01-10 00:17:13, 2026-01-10 00:31:53, 2026-01-10 00:36:33, 2026-01-10 00:46:46, 2026-01-10 01:01:52, 2026-01-10 01:16:57, 2026-01-10 01:31:57, 2026-01-10 01:47:16, 2026-01-10 01:47:22, 2026-01-10 02:01:45, 2026-01-10 02:16:50, 2026-01-10 02:31:07, 2026-01-10 02:32:06, 2026-01-10 02:46:45, 2026-01-10 03:01:57, 2026-01-10 03:17:07, 2026-01-10 03:31:48, 2026-01-10 03:40:14, 2026-01-10 03:46:52, 2026-01-10 04:01:38, 2026-01-10 04:16:52, 2026-01-10 04:31:46, 2026-01-10 04:32:51, 2026-01-10 04:46:51, 2026-01-10 05:02:13, 2026-01-10 05:16:44, 2026-01-10 05:31:37, 2026-01-10 05:35:58, 2026-01-10 05:46:51, 2026-01-10 06:01:50, 2026-01-10 06:16:51, 2026-01-10 06:28:23, 2026-01-10 06:32:04, 2026-01-10 06:47:08, 2026-01-10 07:01:41, 2026-01-10 07:16:37, 2026-01-10 07:31:49, 2026-01-10 07:46:56, 2026-01-10 08:00:39, 2026-01-10 08:01:56, 2026-01-10 08:16:49, 2026-01-10 08:32:06, 2026-01-10 08:40:23" }, "geometry": { "type": "Polygon", "coordinates": [ [ [ -72.97427627380587, 45.624845482159358 ], [ -72.980593046260154, 45.627555741694223 ], [ -72.980406458425335, 45.632749197972373 ], [ -72.973901915506957, 45.635232353812263 ], [ -72.967584628502777, 45.632521718290967 ], [ -72.967772398949634, 45.627328302980821 ], [ -72.97427627380587, 45.624845482159358 ] ] ] } },
{ "type": "Feature", "properties": { "hex_id": 721661, "centroid_lon": -72.023928723248744, "centroid_lat": 45.523475638379558, "total_occurrences": 56.0, "days_affected": 2, "first_occurrence": "2026-01-09 23:16:40", "last_occurrence": "2026-01-10 10:16:42", "all_datetimes": "2026-01-09 23:16:40, 2026-01-09 23:31:48, 2026-01-09 23:46:45, 2026-01-09 23:47:20, 2026-01-10 00:01:46, 2026-01-10 00:17:13, 2026-01-10 00:31:53, 2026-01-10 00:36:33, 2026-01-10 00:46:46, 2026-01-10 01:01:52, 2026-01-10 01:16:57, 2026-01-10 01:31:57, 2026-01-10 01:47:16, 2026-01-10 01:47:22, 2026-01-10 02:01:45, 2026-01-10 02:16:50, 2026-01-10 02:31:07, 2026-01-10 02:32:06, 2026-01-10 02:46:45, 2026-01-10 03:01:57, 2026-01-10 03:17:07, 2026-01-10 03:31:48, 2026-01-10 03:40:14, 2026-01-10 03:46:52, 2026-01-10 04:01:38, 2026-01-10 04:16:52, 2026-01-10 04:31:46, 2026-01-10 04:32:51, 2026-01-10 04:46:51, 2026-01-10 05:02:13, 2026-01-10 05:16:44, 2026-01-10 05:31:37, 2026-01-10 05:35:58, 2026-01-10 05:46:51, 2026-01-10 06:01:50, 2026-01-10 06:16:51, 2026-01-10 06:28:23, 2026-01-10 06:32:04, 2026-01-10 06:47:08, 2026-01-10 07:01:41, 2026-01-10 07:16:37, 2026-01-10 07:31:49, 2026-01-10 07:46:56, 2026-01-10 08:00:39, 2026-01-10 08:01:56, 2026-01-10 08:16:49, 2026-01-10 08:32:06, 2026-01-10 08:40:23, 2026-01-10 08:47:00, 2026-01-10 09:02:09, 2026-01-10 09:16:39, 2026-01-10 09:31:52, 2026-01-10 09:33:53, 2026-01-10 09:46:44, 2026-01-10 10:02:10, 2026-01-10 10:16:42" }, "geometry": { "type": "Polygon", "coordinates": [ [ [ -72.024202567631406, 45.518285868963332 ], [ -72.030459254309662, 45.521047288797249 ], [ -72.030185958874242, 45.526237085175936 ], [ -72.02365480414349, 45.528665401772436 ], [ -72.017397643253076, 45.525903599039317 ], [ -72.017672111280532, 45.520713862672928 ], [ -72.024202567631406, 45.518285868963332 ] ] ] } },
{ "type": "Feature", "properties": { "hex_id": 525700, "centroid_lon": -74.076155036582321, "centroid_lat": 45.706630089329735, "total_occurrences": 1.0, "days_affected": 1, "first_occurrence": "2026-01-09 23:31:48", "last_occurrence": "2026-01-09 23:31:48", "all_datetimes": "2026-01-09 23:31:48" }, "geometry": { "type": "Polygon", "coordinates": [ [ [ -74.076240623537629, 45.701434144176829 ], [ -74.082620097776342, 45.704083870163991 ], [ -74.082535093981917, 45.709279822208423 ], [ -74.076069426192632, 45.711826029611245 ], [ -74.069689392231339, 45.709175936922719 ], [ -74.069775585773996, 45.703980003597763 ], [ -74.076240623537629, 45.701434144176829 ] ] ] } },
{ "type": "Feature", "properties": { "hex_id": 552016, "centroid_lon": -73.777908870802889, "centroid_lat": 46.709295616450831, "total_occurrences": 80.0, "days_affected": 2, "first_occurrence": "2026-01-09 23:31:48", "last_occurrence": "2026-01-10 15:16:35", "all_datetimes": "2026-01-09 23:31:48, 2026-01-09 23:46:45, 2026-01-09 23:47:20, 2026-01-10 00:01:46, 2026-01-10 00:17:13, 2026-01-10 00:31:53, 2026-01-10 00:36:33, 2026-01-10 00:46:46, 2026-01-10 01:01:52, 2026-01-10 01:16:57, 2026-01-10 01:31:57, 2026-01-10 01:47:16, 2026-01-10 01:47:22, 2026-01-10 02:01:45, 2026-01-10 02:16:50, 2026-01-10 02:31:07, 2026-01-10 02:32:06, 2026-01-10 02:46:45, 2026-01-10 03:01:57, 2026-01-10 03:17:07, 2026-01-10 03:31:48, 2026-01-10 03:40:14, 2026-01-10 03:46:52, 2026-01-10 04:01:38, 2026-01-10 04:16:52, 2026-01-10 04:31:46, 2026-01-10 04:32:51, 2026-01-10 04:46:51, 2026-01-10 05:02:13, 2026-01-10 05:16:44, 2026-01-10 05:31:37, 2026-01-10 05:35:58, 2026-01-10 05:46:51, 2026-01-10 06:01:50, 2026-01-10 06:16:51, 2026-01-10 06:28:23, 2026-01-10 06:32:04, 2026-01-10 06:47:08, 2026-01-10 07:01:41, 2026-01-10 07:16:37, 2026-01-10 07:31:49, 2026-01-10 07:46:56, 2026-01-10 08:00:39, 2026-01-10 08:01:56, 2026-01-10 08:16:49, 2026-01-10 08:32:06, 2026-01-10 08:40:23, 2026-01-10 08:47:00, 2026-01-10 09:02:09, 2026-01-10 09:16:39, 2026-01-10 09:31:52, 2026-01-10 09:33:53, 2026-01-10 09:46:44, 2026-01-10 10:02:10, 2026-01-10 10:16:42, 2026-01-10 10:31:44, 2026-01-10 10:32:02, 2026-01-10 10:46:49, 2026-01-10 11:01:52, 2026-01-10 11:17:04, 2026-01-10 11:31:52, 2026-01-10 11:38:28, 2026-01-10 11:46:36, 2026-01-10 12:01:39, 2026-01-10 12:16:53, 2026-01-10 12:31:48, 2026-01-10 12:32:08, 2026-01-10 12:46:59, 2026-01-10 13:01:55, 2026-01-10 13:16:53, 2026-01-10 13:31:50, 2026-01-10 13:45:18, 2026-01-10 13:46:47, 2026-01-10 14:01:49, 2026-01-10 14:17:10, 2026-01-10 14:26:43, 2026-01-10 14:31:57, 2026-01-10 14:46:44, 2026-01-10 15:02:09, 2026-01-10 15:16:35" }, "geometry": { "type": "Polygon", "coordinates": [ [ [ -73.778026113608007, 46.704101093692564 ], [ -73.784507044130009, 46.706768015621655 ], [ -73.7843904121886, 46.711962548467916 ], [ -73.777791595484501, 46.71449013424526 ], [ -73.77131008661766, 46.711822829762461 ], [ -73.771427972788516, 46.706628322123407 ], [ -73.778026113608007, 46.704101093692564 ] ] ] } },
{ "type": "Feature", "properties": { "hex_id": 562969, "centroid_lon": -73.67387330204879, "centroid_lat": 46.146966017180212, "total_occurrences": 108.0, "days_affected": 2, "first_occurrence": "2026-01-09 23:31:48", "last_occurrence": "2026-01-10 21:16:56", "all_datetimes": "2026-01-09 23:31:48, 2026-01-09 23:46:45, 2026-01-09 23:47:20, 2026-01-10 00:01:46, 2026-01-10 00:17:13, 2026-01-10 00:31:53, 2026-01-10 00:36:33, 2026-01-10 00:46:46, 2026-01-10 01:01:52, 2026-01-10 01:16:57, 2026-01-10 01:31:57, 2026-01-10 01:47:16, 2026-01-10 01:47:22, 2026-01-10 02:01:45, 2026-01-10 02:16:50, 2026-01-10 02:31:07, 2026-01-10 02:32:06, 2026-01-10 02:46:45, 2026-01-10 03:01:57, 2026-01-10 03:17:07, 2026-01-10 03:31:48, 2026-01-10 03:40:14, 2026-01-10 03:46:52, 2026-01-10 04:01:38, 2026-01-10 04:16:52, 2026-01-10 04:31:46, 2026-01-10 04:32:51, 2026-01-10 04:46:51, 2026-01-10 05:02:13, 2026-01-10 05:16:44, 2026-01-10 05:31:37, 2026-01-10 05:35:58, 2026-01-10 05:46:51, 2026-01-10 06:01:50, 2026-01-10 06:16:51, 2026-01-10 06:28:23, 2026-01-10 06:32:04, 2026-01-10 06:47:08, 2026-01-10 07:01:41, 2026-01-10 07:16:37, 2026-01-10 07:31:49, 2026-01-10 07:46:56, 2026-01-10 08:00:39, 2026-01-10 08:01:56, 2026-01-10 08:16:49, 2026-01-10 08:32:06, 2026-01-10 08:40:23, 2026-01-10 08:47:00, 2026-01-10 09:02:09, 2026-01-10 09:16:39, 2026-01-10 09:31:52, 2026-01-10 09:33:53, 2026-01-10 09:46:44, 2026-01-10 10:02:10, 2026-01-10 10:16:42, 2026-01-10 10:31:44, 2026-01-10 10:32:02, 2026-01-10 10:46:49, 2026-01-10 11:01:52, 2026-01-10 11:17:04, 2026-01-10 11:31:52, 2026-01-10 11:38:28, 2026-01-10 11:46:36, 2026-01-10 12:01:39, 2026-01-10 12:16:53, 2026-01-10 12:31:48, 2026-01-10 12:32:08, 2026-01-10 12:46:59, 2026-01-10 13:01:55, 2026-01-10 13:16:53, 2026-01-10 13:31:50, 2026-01-10 13:45:18, 2026-01-10 13:46:47, 2026-01-10 14:01:49, 2026-01-10 14:17:10, 2026-01-10 14:26:43, 2026-01-10 14:31:57, 2026-01-10 14:46:44, 2026-01-10 15:02:09, 2026-01-10 15:16:35, 2026-01-10 15:31:36, 2026-01-10 15:35:25, 2026-01-10 15:46:38, 2026-01-10 16:01:42, 2026-01-10 16:16:42, 2026-01-10 16:30:18, 2026-01-10 16:31:48, 2026-01-10 16:46:49, 2026-01-10 17:01:47, 2026-01-10 17:16:52, 2026-01-10 17:32:06, 2026-01-10 17:35:18, 2026-01-10 17:46:57, 2026-01-10 18:01:40, 2026-01-10 18:17:22, 2026-01-10 18:31:07, 2026-01-10 18:31:38, 2026-01-10 18:46:46, 2026-01-10 19:02:37, 2026-01-10 19:17:03, 2026-01-10 19:31:52, 2026-01-10 19:47:00, 2026-01-10 20:02:11, 2026-01-10 20:17:06, 2026-01-10 20:31:43, 2026-01-10 20:47:07, 2026-01-10 21:01:33, 2026-01-10 21:16:56" }, "geometry": { "type": "Polygon", "coordinates": [ [ [ -73.673998052190186, 46.141771191476771 ], [ -73.680408068578345, 46.144443516533165 ], [ -73.680283909812687, 46.149638353239681 ], [ -73.67374851756621, 46.152160837879904 ], [ -73.667337944149352, 46.149488136634794 ], [ -73.66746331999596, 46.144293327004149 ], [ -73.673998052190186, 46.141771191476771 ] ] ] } },
{ "type": "Feature", "properties": { "hex_id": 605637, "centroid_lon": -73.253582262491349, "centroid_lat": 45.09676988869316, "total_occurrences": 29.0, "days_affected": 2, "first_occurrence": "2026-01-09 23:31:48", "last_occurrence": "2026-01-10 05:02:13", "all_datetimes": "2026-01-09 23:31:48, 2026-01-09 23:46:45, 2026-01-09 23:47:20, 2026-01-10 00:01:46, 2026-01-10 00:17:13, 2026-01-10 00:31:53, 2026-01-10 00:36:33, 2026-01-10 00:46:46, 2026-01-10 01:01:52, 2026-01-10 01:16:57, 2026-01-10 01:31:57, 2026-01-10 01:47:16, 2026-01-10 01:47:22, 2026-01-10 02:01:45, 2026-01-10 02:16:50, 2026-01-10 02:31:07, 2026-01-10 02:32:06, 2026-01-10 02:46:45, 2026-01-10 03:01:57, 2026-01-10 03:17:07, 2026-01-10 03:31:48, 2026-01-10 03:40:14, 2026-01-10 03:46:52, 2026-01-10 04:01:38, 2026-01-10 04:16:52, 2026-01-10 04:31:46, 2026-01-10 04:32:51, 2026-01-10 04:46:51, 2026-01-10 05:02:13" }, "geometry": { "type": "Polygon", "coordinates": [ [ [ -73.253740634345561, 45.091575127637562 ], [ -73.260012877551915, 45.094269480505766 ], [ -73.259855059547959, 45.099464256437727 ], [ -73.253423847602306, 45.101964644566273 ], [ -73.247151093587647, 45.099269924998538 ], [ -73.24731006231265, 45.094075184065304 ], [ -73.253740634345561, 45.091575127637562 ] ] ] } },
{ "type": "Feature", "properties": { "hex_id": 628258, "centroid_lon": -73.000839877284051, "centroid_lat": 45.599329763586766, "total_occurrences": 6.0, "days_affected": 2, "first_occurrence": "2026-01-09 23:31:48", "last_occurrence": "2026-01-10 01:01:52", "all_datetimes": "2026-01-09 23:31:48, 2026-01-10 00:17:13, 2026-01-10 00:31:53, 2026-01-10 00:36:33, 2026-01-10 00:46:46, 2026-01-10 01:01:52" }, "geometry": { "type": "Polygon", "coordinates": [ [ [ -73.001024363049368, 45.594136211724056 ], [ -73.007339076790558, 45.596844968898992 ], [ -73.007155156211979, 45.602038538269909 ], [ -73.000655341095396, 45.604523310124208 ], [ -72.994340112599289, 45.601814177597106 ], [ -72.994525213957715, 45.596620648632424 ], [ -73.001024363049368, 45.594136211724056 ] ] ] } },
{ "type": "Feature", "properties": { "hex_id": 631922, "centroid_lon": -72.961832812098223, "centroid_lat": 45.6142305341926, "total_occurrences": 14.0, "days_affected": 2, "first_occurrence": "2026-01-09 23:31:48", "last_occurrence": "2026-01-10 02:01:45", "all_datetimes": "2026-01-09 23:31:48, 2026-01-09 23:46:45, 2026-01-09 23:47:20, 2026-01-10 00:01:46, 2026-01-10 00:17:13, 2026-01-10 00:31:53, 2026-01-10 00:36:33, 2026-01-10 00:46:46, 2026-01-10 01:01:52, 2026-01-10 01:16:57, 2026-01-10 01:31:57, 2026-01-10 01:47:16, 2026-01-10 01:47:22, 2026-01-10 02:01:45" }, "geometry": { "type": "Polygon", "coordinates": [ [ [ -72.962020993710539, 45.609037120743793 ], [ -72.968335402418333, 45.611748024981438 ], [ -72.968147785890153, 45.616941456325868 ], [ -72.961644579044361, 45.619423942293182 ], [ -72.955329656702631, 45.616712662161547 ], [ -72.955518454823348, 45.61151927202117 ], [ -72.962020993710539, 45.609037120743793 ] ] ] } },
{ "type": "Feature", "properties": { "hex_id": 672189, "centroid_lon": -72.556475927778436, "centroid_lat": 45.200912640814529, "total_occurrences": 40.0, "days_affected": 2, "first_occurrence": "2026-01-09 23:31:48", "last_occurrence": "2026-01-10 07:16:37", "all_datetimes": "2026-01-09 23:31:48, 2026-01-09 23:46:45, 2026-01-09 23:47:20, 2026-01-10 00:01:46, 2026-01-10 00:17:13, 2026-01-10 00:31:53, 2026-01-10 00:36:33, 2026-01-10 00:46:46, 2026-01-10 01:01:52, 2026-01-10 01:16:57, 2026-01-10 01:31:57, 2026-01-10 01:47:16, 2026-01-10 01:47:22, 2026-01-10 02:01:45, 2026-01-10 02:16:50, 2026-01-10 02:31:07, 2026-01-10 02:32:06, 2026-01-10 02:46:45, 2026-01-10 03:01:57, 2026-01-10 03:17:07, 2026-01-10 03:31:48, 2026-01-10 03:40:14, 2026-01-10 03:46:52, 2026-01-10 04:01:38, 2026-01-10 04:16:52, 2026-01-10 04:31:46, 2026-01-10 04:32:51, 2026-01-10 04:46:51, 2026-01-10 05:02:13, 2026-01-10 05:16:44, 2026-01-10 05:31:37, 2026-01-10 05:35:58, 2026-01-10 05:46:51, 2026-01-10 06:01:50, 2026-01-10 06:16:51, 2026-01-10 06:28:23, 2026-01-10 06:32:04, 2026-01-10 06:47:08, 2026-01-10 07:01:41, 2026-01-10 07:16:37" }, "geometry": { "type": "Polygon", "coordinates": [ [ [ -72.556698288720355, 45.195720289979498 ], [ -72.562947285854179, 45.198452438841521 ], [ -72.562725472162271, 45.203644811358835 ], [ -72.556253506367398, 45.206104986050036 ], [ -72.550004022462716, 45.203372462979416 ], [ -72.550226991103656, 45.198180139489708 ], [ -72.556698288720355, 45.195720289979498 ] ] ] } },
{ "type": "Feature", "properties": { "hex_id": 752275, "centroid_lon": -71.620323269094925, "centroid_lat": 46.899711574243895, "total_occurrences": 71.0, "days_affected": 2, "first_occurrence": "2026-01-09 23:31:48", "last_occurrence": "2026-01-10 13:46:47", "all_datetimes": "2026-01-09 23:31:48, 2026-01-09 23:46:45, 2026-01-09 23:47:20, 2026-01-10 00:01:46, 2026-01-10 00:17:13, 2026-01-10 00:31:53, 2026-01-10 00:36:33, 2026-01-10 00:46:46, 2026-01-10 01:01:52, 2026-01-10 01:16:57, 2026-01-10 01:31:57, 2026-01-10 01:47:16, 2026-01-10 01:47:22, 2026-01-10 02:01:45, 2026-01-10 02:16:50, 2026-01-10 02:46:45, 2026-01-10 03:01:57, 2026-01-10 03:17:07, 2026-01-10 03:31:48, 2026-01-10 03:40:14, 2026-01-10 03:46:52, 2026-01-10 04:01:38, 2026-01-10 04:16:52, 2026-01-10 04:31:46, 2026-01-10 04:32:51, 2026-01-10 04:46:51, 2026-01-10 05:02:13, 2026-01-10 05:16:44, 2026-01-10 05:31:37, 2026-01-10 05:35:58, 2026-01-10 05:46:51, 2026-01-10 06:01:50, 2026-01-10 06:16:51, 2026-01-10 06:28:23, 2026-01-10 06:32:04, 2026-01-10 06:47:08, 2026-01-10 07:01:41, 2026-01-10 07:16:37, 2026-01-10 07:31:49, 2026-01-10 07:46:56, 2026-01-10 08:00:39, 2026-01-10 08:01:56, 2026-01-10 08:16:49, 2026-01-10 08:32:06, 2026-01-10 08:40:23, 2026-01-10 08:47:00, 2026-01-10 09:02:09, 2026-01-10 09:16:39, 2026-01-10 09:31:52, 2026-01-10 09:33:53, 2026-01-10 09:46:44, 2026-01-10 10:02:10, 2026-01-10 10:16:42, 2026-01-10 10:31:44, 2026-01-10 10:32:02, 2026-01-10 10:46:49, 2026-01-10 11:01:52, 2026-01-10 11:17:04, 2026-01-10 11:31:52, 2026-01-10 11:38:28, 2026-01-10 11:46:36, 2026-01-10 12:01:39, 2026-01-10 12:16:53, 2026-01-10 12:31:48, 2026-01-10 12:32:08, 2026-01-10 12:46:59, 2026-01-10 13:01:55, 2026-01-10 13:16:53, 2026-01-10 13:31:50, 2026-01-10 13:45:18, 2026-01-10 13:46:47" }, "geometry": { "type": "Polygon", "coordinates": [ [ [ -71.620649501642418, 46.894525090112978 ], [ -71.627039143192476, 46.89731180600365 ], [ -71.62671349507788, 46.902498321775795 ], [ -71.619996945983701, 46.904898051912284 ], [ -71.613606810580237, 46.902110931470673 ], [ -71.613933718092909, 46.89692448551061 ], [ -71.620649501642418, 46.894525090112978 ] ] ] } },
{ "type": "Feature", "properties": { "hex_id": 399930, "centroid_lon": -75.398620951469482, "centroid_lat": 45.600539951744175, "total_occurrences": 7.0, "days_affected": 2, "first_occurrence": "2026-01-09 23:46:45", "last_occurrence": "2026-01-10 00:46:46", "all_datetimes": "2026-01-09 23:46:45, 2026-01-09 23:47:20, 2026-01-10 00:01:46, 2026-01-10 00:17:13, 2026-01-10 00:31:53, 2026-01-10 00:36:33, 2026-01-10 00:46:46" }, "geometry": { "type": "Polygon", "coordinates": [ [ [ -75.398584157393842, 45.595343359087067 ], [ -75.40501337103278, 45.597919107262491 ], [ -75.405050761948758, 45.603115693469995 ], [ -75.398657755607658, 45.605736539630144 ], [ -75.392227935064142, 45.603160439282462 ], [ -75.392191727769699, 45.597963845011726 ], [ -75.398584157393842, 45.595343359087067 ] ] ] } },
{ "type": "Feature", "properties": { "hex_id": 500753, "centroid_lon": -74.323620381670267, "centroid_lat": 47.009971276541698, "total_occurrences": 4.0, "days_affected": 2, "first_occurrence": "2026-01-09 23:46:45", "last_occurrence": "2026-01-10 00:17:13", "all_datetimes": "2026-01-09 23:46:45, 2026-01-09 23:47:20, 2026-01-10 00:01:46, 2026-01-10 00:17:13" }, "geometry": { "type": "Polygon", "coordinates": [ [ [ -74.323685959308705, 47.004776206982314 ], [ -74.330230359780288, 47.007412401492964 ], [ -74.330165410698186, 47.0126074756311 ], [ -74.323554785769289, 47.015166341295654 ], [ -74.317009775007094, 47.012529765601187 ], [ -74.317075999458027, 47.007334705494202 ], [ -74.323685959308705, 47.004776206982314 ] ] ] } },
{ "type": "Feature", "properties": { "hex_id": 553768, "centroid_lon": -73.785790022353609, "centroid_lat": 45.470059079171953, "total_occurrences": 3.0, "days_affected": 2, "first_occurrence": "2026-01-09 23:46:45", "last_occurrence": "2026-01-10 00:01:46", "all_datetimes": "2026-01-09 23:46:45, 2026-01-09 23:47:20, 2026-01-10 00:01:46" }, "geometry": { "type": "Polygon", "coordinates": [ [ [ -73.785901582155716, 45.464863410029132 ], [ -73.792240548396123, 45.467529047367215 ], [ -73.792129560664947, 45.472724726246675 ], [ -73.785678432095978, 45.475254743354085 ], [ -73.779338924245266, 45.472588739542758 ], [ -73.779451086563625, 45.467393085161717 ], [ -73.785901582155716, 45.464863410029132 ] ] ] } },
{ "type": "Feature", "properties": { "hex_id": 567237, "centroid_lon": -73.63068930865316, "centroid_lat": 46.060717653727778, "total_occurrences": 22.0, "days_affected": 2, "first_occurrence": "2026-01-09 23:46:45", "last_occurrence": "2026-01-10 03:46:52", "all_datetimes": "2026-01-09 23:46:45, 2026-01-09 23:47:20, 2026-01-10 00:01:46, 2026-01-10 00:17:13, 2026-01-10 00:31:53, 2026-01-10 00:36:33, 2026-01-10 00:46:46, 2026-01-10 01:01:52, 2026-01-10 01:16:57, 2026-01-10 01:31:57, 2026-01-10 01:47:16, 2026-01-10 01:47:22, 2026-01-10 02:01:45, 2026-01-10 02:16:50, 2026-01-10 02:31:07, 2026-01-10 02:32:06, 2026-01-10 02:46:45, 2026-01-10 03:01:57, 2026-01-10 03:17:07, 2026-01-10 03:31:48, 2026-01-10 03:40:14, 2026-01-10 03:46:52" }, "geometry": { "type": "Polygon", "coordinates": [ [ [ -73.630817733560235, 46.055522841548694 ], [ -73.637215713944713, 46.058197494279142 ], [ -73.637087877111398, 46.063392317871994 ], [ -73.630560848432609, 46.065912460886175 ], [ -73.624162315293873, 46.063237432674953 ], [ -73.624291363576162, 46.05804263699612 ], [ -73.630817733560235, 46.055522841548694 ] ] ] } },
{ "type": "Feature", "properties": { "hex_id": 602042, "centroid_lon": -73.259188819444802, "centroid_lat": 46.156990744156943, "total_occurrences": 2.0, "days_affected": 1, "first_occurrence": "2026-01-09 23:46:45", "last_occurrence": "2026-01-09 23:47:20", "all_datetimes": "2026-01-09 23:46:45, 2026-01-09 23:47:20" }, "geometry": { "type": "Polygon", "coordinates": [ [ [ -73.2593526261319, 46.151796935495135 ], [ -73.265743038805283, 46.154492244552443 ], [ -73.265579817972821, 46.159686068355661 ], [ -73.259024967668054, 46.162184547627739 ], [ -73.252634014237387, 46.1594888583722 ], [ -73.252798451853394, 46.154295070108738 ], [ -73.2593526261319, 46.151796935495135 ] ] ] } },
{ "type": "Feature", "properties": { "hex_id": 605634, "centroid_lon": -73.255006061638198, "centroid_lat": 45.050016852641477, "total_occurrences": 2.0, "days_affected": 1, "first_occurrence": "2026-01-09 23:46:45", "last_occurrence": "2026-01-09 23:47:20", "all_datetimes": "2026-01-09 23:46:45, 2026-01-09 23:47:20" }, "geometry": { "type": "Polygon", "coordinates": [ [ [ -73.255164046820823, 45.044822044950287 ], [ -73.261431312072574, 45.047516264068896 ], [ -73.26127387940123, 45.052711086608909 ], [ -73.25484803354901, 45.055211655151531 ], [ -73.248580258699633, 45.052517069932023 ], [ -73.248738839285892, 45.0473222823342 ], [ -73.255164046820823, 45.044822044950287 ] ] ] } },
{ "type": "Feature", "properties": { "hex_id": 605724, "centroid_lon": -73.210732155644124, "centroid_lat": 46.452424905179996, "total_occurrences": 36.0, "days_affected": 2, "first_occurrence": "2026-01-09 23:46:45", "last_occurrence": "2026-01-10 06:32:04", "all_datetimes": "2026-01-09 23:46:45, 2026-01-09 23:47:20, 2026-01-10 00:01:46, 2026-01-10 00:17:13, 2026-01-10 00:31:53, 2026-01-10 00:36:33, 2026-01-10 00:46:46, 2026-01-10 01:01:52, 2026-01-10 01:16:57, 2026-01-10 01:31:57, 2026-01-10 01:47:16, 2026-01-10 01:47:22, 2026-01-10 02:01:45, 2026-01-10 02:16:50, 2026-01-10 02:31:07, 2026-01-10 02:32:06, 2026-01-10 02:46:45, 2026-01-10 03:01:57, 2026-01-10 03:17:07, 2026-01-10 03:31:48, 2026-01-10 03:40:14, 2026-01-10 03:46:52, 2026-01-10 04:01:38, 2026-01-10 04:16:52, 2026-01-10 04:31:46, 2026-01-10 04:32:51, 2026-01-10 04:46:51, 2026-01-10 05:02:13, 2026-01-10 05:16:44, 2026-01-10 05:31:37, 2026-01-10 05:35:58, 2026-01-10 05:46:51, 2026-01-10 06:01:50, 2026-01-10 06:16:51, 2026-01-10 06:28:23, 2026-01-10 06:32:04" }, "geometry": { "type": "Polygon", "coordinates": [ [ [ -73.210902264603561, 46.447231501558122 ], [ -73.217324264882365, 46.449929844755111 ], [ -73.217154750375428, 46.455123264095313 ], [ -73.21056199968271, 46.457618303583317 ], [ -73.204139451961481, 46.454919575868665 ], [ -73.204310202359224, 46.449726193250306 ], [ -73.210902264603561, 46.447231501558122 ] ] ] } },
{ "type": "Feature", "properties": { "hex_id": 607556, "centroid_lon": -73.190952261327823, "centroid_lat": 46.459907747647627, "total_occurrences": 43.0, "days_affected": 2, "first_occurrence": "2026-01-09 23:46:45", "last_occurrence": "2026-01-10 08:01:56", "all_datetimes": "2026-01-09 23:46:45, 2026-01-09 23:47:20, 2026-01-10 00:01:46, 2026-01-10 00:17:13, 2026-01-10 00:31:53, 2026-01-10 00:36:33, 2026-01-10 00:46:46, 2026-01-10 01:01:52, 2026-01-10 01:16:57, 2026-01-10 01:31:57, 2026-01-10 01:47:16, 2026-01-10 01:47:22, 2026-01-10 02:01:45, 2026-01-10 02:16:50, 2026-01-10 02:31:07, 2026-01-10 02:32:06, 2026-01-10 02:46:45, 2026-01-10 03:01:57, 2026-01-10 03:17:07, 2026-01-10 03:31:48, 2026-01-10 03:40:14, 2026-01-10 03:46:52, 2026-01-10 04:01:38, 2026-01-10 04:16:52, 2026-01-10 04:31:46, 2026-01-10 04:32:51, 2026-01-10 04:46:51, 2026-01-10 05:02:13, 2026-01-10 05:16:44, 2026-01-10 05:31:37, 2026-01-10 05:35:58, 2026-01-10 05:46:51, 2026-01-10 06:01:50, 2026-01-10 06:16:51, 2026-01-10 06:28:23, 2026-01-10 06:32:04, 2026-01-10 06:47:08, 2026-01-10 07:01:41, 2026-01-10 07:16:37, 2026-01-10 07:31:49, 2026-01-10 07:46:56, 2026-01-10 08:00:39, 2026-01-10 08:01:56" }, "geometry": { "type": "Polygon", "coordinates": [ [ [ -73.191124295089267, 46.45471440724679 ], [ -73.197546153850624, 46.457413856723676 ], [ -73.19737471449298, 46.462607213042723 ], [ -73.19078018002844, 46.465101082819267 ], [ -73.184357774409378, 46.462401248543067 ], [ -73.184530450096219, 46.457207929356294 ], [ -73.191124295089267, 46.45471440724679 ] ] ] } },
{ "type": "Feature", "properties": { "hex_id": 609922, "centroid_lon": -73.203491319131743, "centroid_lat": 45.275292928206412, "total_occurrences": 63.0, "days_affected": 2, "first_occurrence": "2026-01-09 23:46:45", "last_occurrence": "2026-01-10 12:01:39", "all_datetimes": "2026-01-09 23:46:45, 2026-01-09 23:47:20, 2026-01-10 00:01:46, 2026-01-10 00:17:13, 2026-01-10 00:31:53, 2026-01-10 00:36:33, 2026-01-10 00:46:46, 2026-01-10 01:01:52, 2026-01-10 01:16:57, 2026-01-10 01:31:57, 2026-01-10 01:47:16, 2026-01-10 01:47:22, 2026-01-10 02:01:45, 2026-01-10 02:16:50, 2026-01-10 02:31:07, 2026-01-10 02:32:06, 2026-01-10 02:46:45, 2026-01-10 03:01:57, 2026-01-10 03:17:07, 2026-01-10 03:31:48, 2026-01-10 03:40:14, 2026-01-10 03:46:52, 2026-01-10 04:01:38, 2026-01-10 04:16:52, 2026-01-10 04:31:46, 2026-01-10 04:32:51, 2026-01-10 04:46:51, 2026-01-10 05:02:13, 2026-01-10 05:16:44, 2026-01-10 05:31:37, 2026-01-10 05:35:58, 2026-01-10 05:46:51, 2026-01-10 06:01:50, 2026-01-10 06:16:51, 2026-01-10 06:28:23, 2026-01-10 06:32:04, 2026-01-10 06:47:08, 2026-01-10 07:01:41, 2026-01-10 07:16:37, 2026-01-10 07:31:49, 2026-01-10 07:46:56, 2026-01-10 08:00:39, 2026-01-10 08:01:56, 2026-01-10 08:16:49, 2026-01-10 08:32:06, 2026-01-10 08:40:23, 2026-01-10 08:47:00, 2026-01-10 09:02:09, 2026-01-10 09:16:39, 2026-01-10 09:31:52, 2026-01-10 09:33:53, 2026-01-10 09:46:44, 2026-01-10 10:02:10, 2026-01-10 10:16:42, 2026-01-10 10:31:44, 2026-01-10 10:32:02, 2026-01-10 10:46:49, 2026-01-10 11:01:52, 2026-01-10 11:17:04, 2026-01-10 11:31:52, 2026-01-10 11:38:28, 2026-01-10 11:46:36, 2026-01-10 12:01:39" }, "geometry": { "type": "Polygon", "coordinates": [ [ [ -73.203655248606594, 45.270098470846577 ], [ -73.20994442290116, 45.272795762999621 ], [ -73.20978105181608, 45.277990235778482 ], [ -73.203327345020071, 45.280487380356099 ], [ -73.197037656980015, 45.277789718802829 ], [ -73.19720218946658, 45.272595282136045 ], [ -73.203655248606594, 45.270098470846577 ] ] ] } },
{ "type": "Feature", "properties": { "hex_id": 612355, "centroid_lon": -73.18247892058892, "centroid_lat": 45.134638870516945, "total_occurrences": 24.0, "days_affected": 2, "first_occurrence": "2026-01-09 23:46:45", "last_occurrence": "2026-01-10 04:16:52", "all_datetimes": "2026-01-09 23:46:45, 2026-01-09 23:47:20, 2026-01-10 00:01:46, 2026-01-10 00:17:13, 2026-01-10 00:31:53, 2026-01-10 00:36:33, 2026-01-10 00:46:46, 2026-01-10 01:01:52, 2026-01-10 01:16:57, 2026-01-10 01:31:57, 2026-01-10 01:47:16, 2026-01-10 01:47:22, 2026-01-10 02:01:45, 2026-01-10 02:16:50, 2026-01-10 02:31:07, 2026-01-10 02:32:06, 2026-01-10 02:46:45, 2026-01-10 03:01:57, 2026-01-10 03:17:07, 2026-01-10 03:31:48, 2026-01-10 03:40:14, 2026-01-10 03:46:52, 2026-01-10 04:01:38, 2026-01-10 04:16:52" }, "geometry": { "type": "Polygon", "coordinates": [ [ [ -73.182643955895642, 45.129444344917502 ], [ -73.188916824339373, 45.132142599733015 ], [ -73.188752343020738, 45.137337140913921 ], [ -73.182313840418743, 45.139833390897422 ], [ -73.176040462857856, 45.137134768263003 ], [ -73.176206097001213, 45.131940263527568 ], [ -73.182643955895642, 45.129444344917502 ] ] ] } },
{ "type": "Feature", "properties": { "hex_id": 627648, "centroid_lon": -73.006971185362673, "centroid_lat": 45.607232102319166, "total_occurrences": 3.0, "days_affected": 2, "first_occurrence": "2026-01-09 23:46:45", "last_occurrence": "2026-01-10 00:01:46", "all_datetimes": "2026-01-09 23:46:45, 2026-01-09 23:47:20, 2026-01-10 00:01:46" }, "geometry": { "type": "Polygon", "coordinates": [ [ [ -73.007155156211979, 45.602038538269909 ], [ -73.013471050758397, 45.604746972582149 ], [ -73.013287645418046, 45.609940554082215 ], [ -73.006787164225756, 45.612425661046544 ], [ -73.000470754466463, 45.609716851336195 ], [ -73.000655341095396, 45.604523310124208 ], [ -73.007155156211979, 45.602038538269909 ] ] ] } },
{ "type": "Feature", "properties": { "hex_id": 653987, "centroid_lon": -72.674463612931291, "centroid_lat": 46.964967756671946, "total_occurrences": 22.0, "days_affected": 2, "first_occurrence": "2026-01-09 23:46:45", "last_occurrence": "2026-01-10 03:46:52", "all_datetimes": "2026-01-09 23:46:45, 2026-01-09 23:47:20, 2026-01-10 00:01:46, 2026-01-10 00:17:13, 2026-01-10 00:31:53, 2026-01-10 00:36:33, 2026-01-10 00:46:46, 2026-01-10 01:01:52, 2026-01-10 01:16:57, 2026-01-10 01:31:57, 2026-01-10 01:47:16, 2026-01-10 01:47:22, 2026-01-10 02:01:45, 2026-01-10 02:16:50, 2026-01-10 02:31:07, 2026-01-10 02:32:06, 2026-01-10 02:46:45, 2026-01-10 03:01:57, 2026-01-10 03:17:07, 2026-01-10 03:31:48, 2026-01-10 03:40:14, 2026-01-10 03:46:52" }, "geometry": { "type": "Polygon", "coordinates": [ [ [ -72.674688672279743, 46.95977656836579 ], [ -72.681142875316283, 46.962505412533083 ], [ -72.680918418914047, 46.967696622104349 ], [ -72.674238490992437, 46.97015893942239 ], [ -72.667783747610983, 46.96742969899374 ], [ -72.668009472474225, 46.962238537576134 ], [ -72.674688672279743, 46.95977656836579 ] ] ] } },
{ "type": "Feature", "properties": { "hex_id": 674022, "centroid_lon": -72.53638565085862, "centroid_lat": 45.223867739619941, "total_occurrences": 2.0, "days_affected": 1, "first_occurrence": "2026-01-09 23:46:45", "last_occurrence": "2026-01-09 23:47:20", "all_datetimes": "2026-01-09 23:46:45, 2026-01-09 23:47:20" }, "geometry": { "type": "Polygon", "coordinates": [ [ [ -72.536610018306249, 45.218675487865909 ], [ -72.542860475571203, 45.22140875981971 ], [ -72.542636655753, 45.226601033459495 ], [ -72.536161222380741, 45.229059985759783 ], [ -72.529910278526771, 45.226326339131383 ], [ -72.530135254613768, 45.221134114940874 ], [ -72.536610018306249, 45.218675487865909 ] ] ] } },
{ "type": "Feature", "properties": { "hex_id": 685015, "centroid_lon": -72.419038762549519, "centroid_lat": 45.283639458704791, "total_occurrences": 6.0, "days_affected": 2, "first_occurrence": "2026-01-09 23:46:45", "last_occurrence": "2026-01-10 00:36:33", "all_datetimes": "2026-01-09 23:46:45, 2026-01-09 23:47:20, 2026-01-10 00:01:46, 2026-01-10 00:17:13, 2026-01-10 00:31:53, 2026-01-10 00:36:33" }, "geometry": { "type": "Polygon", "coordinates": [ [ [ -72.41927430013267, 45.278447730638625 ], [ -72.425525275652561, 45.281187424395398 ], [ -72.425290285764419, 45.286379175505516 ], [ -72.418803160858459, 45.288831181070641 ], [ -72.412551701762169, 45.286091110862621 ], [ -72.412787851126879, 45.280899411604373 ], [ -72.41927430013267, 45.278447730638625 ] ] ] } },
{ "type": "Feature", "properties": { "hex_id": 691734, "centroid_lon": -72.346438609943831, "centroid_lat": 45.33654354456305, "total_occurrences": 56.0, "days_affected": 2, "first_occurrence": "2026-01-09 23:46:45", "last_occurrence": "2026-01-10 10:32:02", "all_datetimes": "2026-01-09 23:46:45, 2026-01-09 23:47:20, 2026-01-10 00:01:46, 2026-01-10 00:17:13, 2026-01-10 00:31:53, 2026-01-10 00:36:33, 2026-01-10 00:46:46, 2026-01-10 01:01:52, 2026-01-10 01:16:57, 2026-01-10 01:31:57, 2026-01-10 01:47:16, 2026-01-10 01:47:22, 2026-01-10 02:01:45, 2026-01-10 02:16:50, 2026-01-10 02:31:07, 2026-01-10 02:32:06, 2026-01-10 02:46:45, 2026-01-10 03:01:57, 2026-01-10 03:17:07, 2026-01-10 03:31:48, 2026-01-10 03:40:14, 2026-01-10 03:46:52, 2026-01-10 04:01:38, 2026-01-10 04:16:52, 2026-01-10 04:31:46, 2026-01-10 04:32:51, 2026-01-10 04:46:51, 2026-01-10 05:02:13, 2026-01-10 05:16:44, 2026-01-10 05:31:37, 2026-01-10 05:35:58, 2026-01-10 05:46:51, 2026-01-10 06:01:50, 2026-01-10 06:16:51, 2026-01-10 06:28:23, 2026-01-10 06:32:04, 2026-01-10 06:47:08, 2026-01-10 07:01:41, 2026-01-10 07:16:37, 2026-01-10 07:31:49, 2026-01-10 07:46:56, 2026-01-10 08:00:39, 2026-01-10 08:01:56, 2026-01-10 08:16:49, 2026-01-10 08:32:06, 2026-01-10 08:40:23, 2026-01-10 08:47:00, 2026-01-10 09:02:09, 2026-01-10 09:16:39, 2026-01-10 09:31:52, 2026-01-10 09:33:53, 2026-01-10 09:46:44, 2026-01-10 10:02:10, 2026-01-10 10:16:42, 2026-01-10 10:31:44, 2026-01-10 10:32:02" }, "geometry": { "type": "Polygon", "coordinates": [ [ [ -72.346681215201869, 45.331352165930994 ], [ -72.352934215154377, 45.334095866529026 ], [ -72.352692158086583, 45.339287268928643 ], [ -72.346195938616717, 45.34173491743887 ], [ -72.339942456554041, 45.338990839089163 ], [ -72.340185676049344, 45.333799490044647 ], [ -72.346681215201869, 45.331352165930994 ] ] ] } },
{ "type": "Feature", "properties": { "hex_id": 700268, "centroid_lon": -72.266928149071589, "centroid_lat": 45.131980626739882, "total_occurrences": 81.0, "days_affected": 2, "first_occurrence": "2026-01-09 23:46:45", "last_occurrence": "2026-01-10 15:35:25", "all_datetimes": "2026-01-09 23:46:45, 2026-01-09 23:47:20, 2026-01-10 00:01:46, 2026-01-10 00:17:13, 2026-01-10 00:31:53, 2026-01-10 00:36:33, 2026-01-10 00:46:46, 2026-01-10 01:01:52, 2026-01-10 01:16:57, 2026-01-10 01:31:57, 2026-01-10 01:47:16, 2026-01-10 01:47:22, 2026-01-10 02:01:45, 2026-01-10 02:16:50, 2026-01-10 02:31:07, 2026-01-10 02:32:06, 2026-01-10 02:46:45, 2026-01-10 03:01:57, 2026-01-10 03:17:07, 2026-01-10 03:31:48, 2026-01-10 03:40:14, 2026-01-10 03:46:52, 2026-01-10 04:01:38, 2026-01-10 04:16:52, 2026-01-10 04:31:46, 2026-01-10 04:32:51, 2026-01-10 04:46:51, 2026-01-10 05:02:13, 2026-01-10 05:16:44, 2026-01-10 05:31:37, 2026-01-10 05:35:58, 2026-01-10 05:46:51, 2026-01-10 06:01:50, 2026-01-10 06:16:51, 2026-01-10 06:28:23, 2026-01-10 06:32:04, 2026-01-10 06:47:08, 2026-01-10 07:01:41, 2026-01-10 07:16:37, 2026-01-10 07:31:49, 2026-01-10 07:46:56, 2026-01-10 08:00:39, 2026-01-10 08:01:56, 2026-01-10 08:16:49, 2026-01-10 08:32:06, 2026-01-10 08:40:23, 2026-01-10 08:47:00, 2026-01-10 09:02:09, 2026-01-10 09:16:39, 2026-01-10 09:31:52, 2026-01-10 09:33:53, 2026-01-10 09:46:44, 2026-01-10 10:02:10, 2026-01-10 10:16:42, 2026-01-10 10:31:44, 2026-01-10 10:32:02, 2026-01-10 10:46:49, 2026-01-10 11:01:52, 2026-01-10 11:17:04, 2026-01-10 11:31:52, 2026-01-10 11:38:28, 2026-01-10 11:46:36, 2026-01-10 12:01:39, 2026-01-10 12:16:53, 2026-01-10 12:31:48, 2026-01-10 12:32:08, 2026-01-10 12:46:59, 2026-01-10 13:01:55, 2026-01-10 13:16:53, 2026-01-10 13:31:50, 2026-01-10 13:45:18, 2026-01-10 13:46:47, 2026-01-10 14:01:49, 2026-01-10 14:17:10, 2026-01-10 14:26:43, 2026-01-10 14:31:57, 2026-01-10 14:46:44, 2026-01-10 15:02:09, 2026-01-10 15:16:35, 2026-01-10 15:31:36, 2026-01-10 15:35:25" }, "geometry": { "type": "Polygon", "coordinates": [ [ [ -72.2671762434111, 45.126789400933731 ], [ -72.27340325858907, 45.129536929330769 ], [ -72.273155705430028, 45.134728179577912 ], [ -72.266679987334669, 45.137171846735747 ], [ -72.260452498384822, 45.134423942510765 ], [ -72.260701201279829, 45.129232747019117 ], [ -72.2671762434111, 45.126789400933731 ] ] ] } },
{ "type": "Feature", "properties": { "hex_id": 700276, "centroid_lon": -72.260953614124062, "centroid_lat": 45.256568302135648, "total_occurrences": 91.0, "days_affected": 2, "first_occurrence": "2026-01-09 23:46:45", "last_occurrence": "2026-01-10 21:16:56", "all_datetimes": "2026-01-09 23:46:45, 2026-01-09 23:47:20, 2026-01-10 00:01:46, 2026-01-10 00:17:13, 2026-01-10 00:31:53, 2026-01-10 00:36:33, 2026-01-10 00:46:46, 2026-01-10 01:01:52, 2026-01-10 01:16:57, 2026-01-10 01:31:57, 2026-01-10 01:47:16, 2026-01-10 01:47:22, 2026-01-10 02:01:45, 2026-01-10 02:16:50, 2026-01-10 02:31:07, 2026-01-10 02:32:06, 2026-01-10 02:46:45, 2026-01-10 03:01:57, 2026-01-10 03:17:07, 2026-01-10 03:31:48, 2026-01-10 03:40:14, 2026-01-10 03:46:52, 2026-01-10 04:01:38, 2026-01-10 04:16:52, 2026-01-10 04:31:46, 2026-01-10 04:32:51, 2026-01-10 04:46:51, 2026-01-10 05:02:13, 2026-01-10 05:16:44, 2026-01-10 05:31:37, 2026-01-10 05:35:58, 2026-01-10 05:46:51, 2026-01-10 06:01:50, 2026-01-10 06:16:51, 2026-01-10 06:28:23, 2026-01-10 06:32:04, 2026-01-10 06:47:08, 2026-01-10 07:01:41, 2026-01-10 07:16:37, 2026-01-10 07:31:49, 2026-01-10 07:46:56, 2026-01-10 08:00:39, 2026-01-10 08:01:56, 2026-01-10 08:16:49, 2026-01-10 08:32:06, 2026-01-10 08:40:23, 2026-01-10 08:47:00, 2026-01-10 09:02:09, 2026-01-10 09:16:39, 2026-01-10 09:31:52, 2026-01-10 09:33:53, 2026-01-10 09:46:44, 2026-01-10 10:02:10, 2026-01-10 10:16:42, 2026-01-10 10:31:44, 2026-01-10 10:32:02, 2026-01-10 10:46:49, 2026-01-10 11:01:52, 2026-01-10 11:17:04, 2026-01-10 11:31:52, 2026-01-10 11:38:28, 2026-01-10 11:46:36, 2026-01-10 12:01:39, 2026-01-10 12:16:53, 2026-01-10 12:31:48, 2026-01-10 12:32:08, 2026-01-10 12:46:59, 2026-01-10 13:01:55, 2026-01-10 13:16:53, 2026-01-10 13:31:50, 2026-01-10 13:45:18, 2026-01-10 13:46:47, 2026-01-10 14:01:49, 2026-01-10 14:17:10, 2026-01-10 14:26:43, 2026-01-10 14:31:57, 2026-01-10 14:46:44, 2026-01-10 15:02:09, 2026-01-10 15:16:35, 2026-01-10 15:31:36, 2026-01-10 15:35:25, 2026-01-10 15:46:38, 2026-01-10 16:01:42, 2026-01-10 16:16:42, 2026-01-10 19:47:00, 2026-01-10 20:02:11, 2026-01-10 20:17:06, 2026-01-10 20:31:43, 2026-01-10 20:47:07, 2026-01-10 21:01:33, 2026-01-10 21:16:56" }, "geometry": { "type": "Polygon", "coordinates": [ [ [ -72.261203332195919, 45.251377215880289 ], [ -72.267443375685801, 45.25412533216906 ], [ -72.267194202275633, 45.259316442979348 ], [ -72.260703828115098, 45.26175938257169 ], [ -72.254463307911948, 45.259010888819262 ], [ -72.254713638559991, 45.253819833001678 ], [ -72.261203332195919, 45.251377215880289 ] ] ] } },
{ "type": "Feature", "properties": { "hex_id": 735101, "centroid_lon": -71.875505932839914, "centroid_lat": 45.659824350663179, "total_occurrences": 58.0, "days_affected": 2, "first_occurrence": "2026-01-09 23:46:45", "last_occurrence": "2026-01-10 11:01:52", "all_datetimes": "2026-01-09 23:46:45, 2026-01-09 23:47:20, 2026-01-10 00:01:46, 2026-01-10 00:17:13, 2026-01-10 00:31:53, 2026-01-10 00:36:33, 2026-01-10 00:46:46, 2026-01-10 01:01:52, 2026-01-10 01:16:57, 2026-01-10 01:31:57, 2026-01-10 01:47:16, 2026-01-10 01:47:22, 2026-01-10 02:01:45, 2026-01-10 02:16:50, 2026-01-10 02:31:07, 2026-01-10 02:32:06, 2026-01-10 02:46:45, 2026-01-10 03:01:57, 2026-01-10 03:17:07, 2026-01-10 03:31:48, 2026-01-10 03:40:14, 2026-01-10 03:46:52, 2026-01-10 04:01:38, 2026-01-10 04:16:52, 2026-01-10 04:31:46, 2026-01-10 04:32:51, 2026-01-10 04:46:51, 2026-01-10 05:02:13, 2026-01-10 05:16:44, 2026-01-10 05:31:37, 2026-01-10 05:35:58, 2026-01-10 05:46:51, 2026-01-10 06:01:50, 2026-01-10 06:16:51, 2026-01-10 06:28:23, 2026-01-10 06:32:04, 2026-01-10 06:47:08, 2026-01-10 07:01:41, 2026-01-10 07:16:37, 2026-01-10 07:31:49, 2026-01-10 07:46:56, 2026-01-10 08:00:39, 2026-01-10 08:01:56, 2026-01-10 08:16:49, 2026-01-10 08:32:06, 2026-01-10 08:40:23, 2026-01-10 08:47:00, 2026-01-10 09:02:09, 2026-01-10 09:16:39, 2026-01-10 09:31:52, 2026-01-10 09:33:53, 2026-01-10 09:46:44, 2026-01-10 10:02:10, 2026-01-10 10:16:42, 2026-01-10 10:31:44, 2026-01-10 10:32:02, 2026-01-10 10:46:49, 2026-01-10 11:01:52" }, "geometry": { "type": "Polygon", "coordinates": [ [ [ -71.875794790723745, 45.654635422964418 ], [ -71.882058585744943, 45.657405131750309 ], [ -71.881770278595283, 45.662594087909035 ], [ -71.875216996017329, 45.665013272202266 ], [ -71.868952729213987, 45.662243177504536 ], [ -71.869242216744198, 45.657054284489718 ], [ -71.875794790723745, 45.654635422964418 ] ] ] } },
{ "type": "Feature", "properties": { "hex_id": 753988, "centroid_lon": -71.711799237178482, "centroid_lat": 45.054966940286697, "total_occurrences": 16.0, "days_affected": 2, "first_occurrence": "2026-01-09 23:46:45", "last_occurrence": "2026-01-10 02:32:06", "all_datetimes": "2026-01-09 23:46:45, 2026-01-09 23:47:20, 2026-01-10 00:01:46, 2026-01-10 00:17:13, 2026-01-10 00:31:53, 2026-01-10 00:36:33, 2026-01-10 00:46:46, 2026-01-10 01:01:52, 2026-01-10 01:16:57, 2026-01-10 01:31:57, 2026-01-10 01:47:16, 2026-01-10 01:47:22, 2026-01-10 02:01:45, 2026-01-10 02:16:50, 2026-01-10 02:31:07, 2026-01-10 02:32:06" }, "geometry": { "type": "Polygon", "coordinates": [ [ [ -71.712096873086423, 45.049778293125179 ], [ -71.718287358515767, 45.052555151686853 ], [ -71.717990253637993, 45.057743828549512 ], [ -71.711501520528032, 45.060155581167855 ], [ -71.705310584824417, 45.057378343113747 ], [ -71.705608832478333, 45.052189731996592 ], [ -71.712096873086423, 45.049778293125179 ] ] ] } },
{ "type": "Feature", "properties": { "hex_id": 769323, "centroid_lon": -71.483429401273071, "centroid_lat": 46.178482906212878, "total_occurrences": 107.0, "days_affected": 2, "first_occurrence": "2026-01-09 23:46:45", "last_occurrence": "2026-01-10 21:16:56", "all_datetimes": "2026-01-09 23:46:45, 2026-01-09 23:47:20, 2026-01-10 00:01:46, 2026-01-10 00:17:13, 2026-01-10 00:31:53, 2026-01-10 00:36:33, 2026-01-10 00:46:46, 2026-01-10 01:01:52, 2026-01-10 01:16:57, 2026-01-10 01:31:57, 2026-01-10 01:47:16, 2026-01-10 01:47:22, 2026-01-10 02:01:45, 2026-01-10 02:16:50, 2026-01-10 02:31:07, 2026-01-10 02:32:06, 2026-01-10 02:46:45, 2026-01-10 03:01:57, 2026-01-10 03:17:07, 2026-01-10 03:31:48, 2026-01-10 03:40:14, 2026-01-10 03:46:52, 2026-01-10 04:01:38, 2026-01-10 04:16:52, 2026-01-10 04:31:46, 2026-01-10 04:32:51, 2026-01-10 04:46:51, 2026-01-10 05:02:13, 2026-01-10 05:16:44, 2026-01-10 05:31:37, 2026-01-10 05:35:58, 2026-01-10 05:46:51, 2026-01-10 06:01:50, 2026-01-10 06:16:51, 2026-01-10 06:28:23, 2026-01-10 06:32:04, 2026-01-10 06:47:08, 2026-01-10 07:01:41, 2026-01-10 07:16:37, 2026-01-10 07:31:49, 2026-01-10 07:46:56, 2026-01-10 08:00:39, 2026-01-10 08:01:56, 2026-01-10 08:16:49, 2026-01-10 08:32:06, 2026-01-10 08:40:23, 2026-01-10 08:47:00, 2026-01-10 09:02:09, 2026-01-10 09:16:39, 2026-01-10 09:31:52, 2026-01-10 09:33:53, 2026-01-10 09:46:44, 2026-01-10 10:02:10, 2026-01-10 10:16:42, 2026-01-10 10:31:44, 2026-01-10 10:32:02, 2026-01-10 10:46:49, 2026-01-10 11:01:52, 2026-01-10 11:17:04, 2026-01-10 11:31:52, 2026-01-10 11:38:28, 2026-01-10 11:46:36, 2026-01-10 12:01:39, 2026-01-10 12:16:53, 2026-01-10 12:31:48, 2026-01-10 12:32:08, 2026-01-10 12:46:59, 2026-01-10 13:01:55, 2026-01-10 13:16:53, 2026-01-10 13:31:50, 2026-01-10 13:45:18, 2026-01-10 13:46:47, 2026-01-10 14:01:49, 2026-01-10 14:17:10, 2026-01-10 14:26:43, 2026-01-10 14:31:57, 2026-01-10 14:46:44, 2026-01-10 15:02:09, 2026-01-10 15:16:35, 2026-01-10 15:31:36, 2026-01-10 15:35:25, 2026-01-10 15:46:38, 2026-01-10 16:01:42, 2026-01-10 16:16:42, 2026-01-10 16:30:18, 2026-01-10 16:31:48, 2026-01-10 16:46:49, 2026-01-10 17:01:47, 2026-01-10 17:16:52, 2026-01-10 17:32:06, 2026-01-10 17:35:18, 2026-01-10 17:46:57, 2026-01-10 18:01:40, 2026-01-10 18:17:22, 2026-01-10 18:31:07, 2026-01-10 18:31:38, 2026-01-10 18:46:46, 2026-01-10 19:02:37, 2026-01-10 19:17:03, 2026-01-10 19:31:52, 2026-01-10 19:47:00, 2026-01-10 20:02:11, 2026-01-10 20:17:06, 2026-01-10 20:31:43, 2026-01-10 20:47:07, 2026-01-10 21:01:33, 2026-01-10 21:16:56" }, "geometry": { "type": "Polygon", "coordinates": [ [ [ -71.483760395174571, 46.173296513631954 ], [ -71.490060537826281, 46.176088658920335 ], [ -71.489730104057656, 46.181275084028165 ], [ -71.483098316366565, 46.183669292228466 ], [ -71.476797704602475, 46.18087675096357 ], [ -71.477129349610863, 46.175690397540194 ], [ -71.483760395174571, 46.173296513631954 ] ] ] } },
{ "type": "Feature", "properties": { "hex_id": 784580, "centroid_lon": -71.327502550536877, "centroid_lat": 46.087828918946798, "total_occurrences": 28.0, "days_affected": 2, "first_occurrence": "2026-01-09 23:46:45", "last_occurrence": "2026-01-10 05:02:13", "all_datetimes": "2026-01-09 23:46:45, 2026-01-09 23:47:20, 2026-01-10 00:01:46, 2026-01-10 00:17:13, 2026-01-10 00:31:53, 2026-01-10 00:36:33, 2026-01-10 00:46:46, 2026-01-10 01:01:52, 2026-01-10 01:16:57, 2026-01-10 01:31:57, 2026-01-10 01:47:16, 2026-01-10 01:47:22, 2026-01-10 02:01:45, 2026-01-10 02:16:50, 2026-01-10 02:31:07, 2026-01-10 02:32:06, 2026-01-10 02:46:45, 2026-01-10 03:01:57, 2026-01-10 03:17:07, 2026-01-10 03:31:48, 2026-01-10 03:40:14, 2026-01-10 03:46:52, 2026-01-10 04:01:38, 2026-01-10 04:16:52, 2026-01-10 04:31:46, 2026-01-10 04:32:51, 2026-01-10 04:46:51, 2026-01-10 05:02:13" }, "geometry": { "type": "Polygon", "coordinates": [ [ [ -71.327847110311254, 46.082643331736001 ], [ -71.334128767892565, 46.085443580119907 ], [ -71.33378476313429, 46.090629201298512 ], [ -71.327157896152954, 46.09301449943311 ], [ -71.320875778181133, 46.090213855004428 ], [ -71.321220987549026, 46.08502830855091 ], [ -71.327847110311254, 46.082643331736001 ] ] ] } },
{ "type": "Feature", "properties": { "hex_id": 816291, "centroid_lon": -71.030890318773018, "centroid_lat": 45.532227330757586, "total_occurrences": 28.0, "days_affected": 2, "first_occurrence": "2026-01-09 23:46:45", "last_occurrence": "2026-01-10 05:16:44", "all_datetimes": "2026-01-09 23:46:45, 2026-01-09 23:47:20, 2026-01-10 00:01:46, 2026-01-10 00:17:13, 2026-01-10 00:31:53, 2026-01-10 00:36:33, 2026-01-10 00:46:46, 2026-01-10 01:01:52, 2026-01-10 01:16:57, 2026-01-10 01:47:16, 2026-01-10 01:47:22, 2026-01-10 02:01:45, 2026-01-10 02:16:50, 2026-01-10 02:31:07, 2026-01-10 02:32:06, 2026-01-10 02:46:45, 2026-01-10 03:01:57, 2026-01-10 03:17:07, 2026-01-10 03:31:48, 2026-01-10 03:40:14, 2026-01-10 03:46:52, 2026-01-10 04:01:38, 2026-01-10 04:16:52, 2026-01-10 04:31:46, 2026-01-10 04:32:51, 2026-01-10 04:46:51, 2026-01-10 05:02:13, 2026-01-10 05:16:44" }, "geometry": { "type": "Polygon", "coordinates": [ [ [ -71.031255522142573, 45.527043033193863 ], [ -71.037460801214721, 45.52985730112259 ], [ -71.037096132177453, 45.535041635115455 ], [ -71.030525015846635, 45.537411621306234 ], [ -71.02431930201567, 45.534596962268743 ], [ -71.024685139241029, 45.529412708212789 ], [ -71.031255522142573, 45.527043033193863 ] ] ] } },
{ "type": "Feature", "properties": { "hex_id": 563561, "centroid_lon": -73.674306181726777, "centroid_lat": 45.858571089319931, "total_occurrences": 15.0, "days_affected": 1, "first_occurrence": "2026-01-10 00:01:46", "last_occurrence": "2026-01-10 09:02:09", "all_datetimes": "2026-01-10 00:01:46, 2026-01-10 00:17:13, 2026-01-10 00:31:53, 2026-01-10 00:36:33, 2026-01-10 00:46:46, 2026-01-10 01:01:52, 2026-01-10 01:16:57, 2026-01-10 01:31:57, 2026-01-10 01:47:16, 2026-01-10 01:47:22, 2026-01-10 02:01:45, 2026-01-10 08:32:06, 2026-01-10 08:40:23, 2026-01-10 08:47:00, 2026-01-10 09:02:09" }, "geometry": { "type": "Polygon", "coordinates": [ [ [ -73.674429643398383, 45.853375999430241 ], [ -73.680806765215564, 45.85604807370715 ], [ -73.680683885947772, 45.861243174527146 ], [ -73.674182686191699, 45.863766174206646 ], [ -73.667805015839932, 45.861093727462467 ], [ -73.667929093767327, 45.855898653571394 ], [ -73.674429643398383, 45.853375999430241 ] ] ] } },
{ "type": "Feature", "properties": { "hex_id": 598379, "centroid_lon": -73.298025009670653, "centroid_lat": 46.157575726833173, "total_occurrences": 1.0, "days_affected": 1, "first_occurrence": "2026-01-10 00:01:46", "last_occurrence": "2026-01-10 00:01:46", "all_datetimes": "2026-01-10 00:01:46" }, "geometry": { "type": "Polygon", "coordinates": [ [ [ -73.298185166302574, 46.152381812749212 ], [ -73.304577604113305, 46.155074976679835 ], [ -73.304418033906089, 46.160268905519267 ], [ -73.297864808952568, 46.162769635745811 ], [ -73.291471828810828, 46.160076091968484 ], [ -73.291632615938553, 46.154882197877271 ], [ -73.298185166302574, 46.152381812749212 ] ] ] } },
{ "type": "Feature", "properties": { "hex_id": 603263, "centroid_lon": -73.246243691902862, "centroid_lat": 46.156792819305913, "total_occurrences": 1.0, "days_affected": 1, "first_occurrence": "2026-01-10 00:01:46", "last_occurrence": "2026-01-10 00:01:46", "all_datetimes": "2026-01-10 00:01:46" }, "geometry": { "type": "Polygon", "coordinates": [ [ [ -73.246408715183151, 46.151599046312462 ], [ -73.252798451853394, 46.154295070108738 ], [ -73.252634014237387, 46.1594888583722 ], [ -73.246078623198457, 46.161986587101701 ], [ -73.239688346295793, 46.159290182990233 ], [ -73.23985400064899, 46.154096430530366 ], [ -73.246408715183151, 46.151599046312462 ] ] ] } },
{ "type": "Feature", "properties": { "hex_id": 609298, "centroid_lon": -73.216442956944732, "centroid_lat": 45.065012583906871, "total_occurrences": 26.0, "days_affected": 1, "first_occurrence": "2026-01-10 00:01:46", "last_occurrence": "2026-01-10 05:02:13", "all_datetimes": "2026-01-10 00:01:46, 2026-01-10 00:17:13, 2026-01-10 00:31:53, 2026-01-10 00:36:33, 2026-01-10 00:46:46, 2026-01-10 01:01:52, 2026-01-10 01:16:57, 2026-01-10 01:31:57, 2026-01-10 01:47:16, 2026-01-10 01:47:22, 2026-01-10 02:01:45, 2026-01-10 02:16:50, 2026-01-10 02:31:07, 2026-01-10 02:32:06, 2026-01-10 02:46:45, 2026-01-10 03:01:57, 2026-01-10 03:17:07, 2026-01-10 03:31:48, 2026-01-10 03:40:14, 2026-01-10 03:46:52, 2026-01-10 04:01:38, 2026-01-10 04:16:52, 2026-01-10 04:31:46, 2026-01-10 04:32:51, 2026-01-10 04:46:51, 2026-01-10 05:02:13" }, "geometry": { "type": "Polygon", "coordinates": [ [ [ -73.21660451677684, 45.059817897775481 ], [ -73.222871522189379, 45.062514224418187 ], [ -73.22271051478242, 45.067708925778867 ], [ -73.216281353228567, 45.070207264837663 ], [ -73.210013839282212, 45.067510571556895 ], [ -73.210175995408974, 45.062315905918801 ], [ -73.21660451677684, 45.059817897775481 ] ] ] } },
{ "type": "Feature", "properties": { "hex_id": 654484, "centroid_lon": -72.741255562251382, "centroid_lat": 45.19692294319713, "total_occurrences": 54.0, "days_affected": 1, "first_occurrence": "2026-01-10 00:01:46", "last_occurrence": "2026-01-10 10:32:02", "all_datetimes": "2026-01-10 00:01:46, 2026-01-10 00:17:13, 2026-01-10 00:31:53, 2026-01-10 00:36:33, 2026-01-10 00:46:46, 2026-01-10 01:01:52, 2026-01-10 01:16:57, 2026-01-10 01:31:57, 2026-01-10 01:47:16, 2026-01-10 01:47:22, 2026-01-10 02:01:45, 2026-01-10 02:16:50, 2026-01-10 02:31:07, 2026-01-10 02:32:06, 2026-01-10 02:46:45, 2026-01-10 03:01:57, 2026-01-10 03:17:07, 2026-01-10 03:31:48, 2026-01-10 03:40:14, 2026-01-10 03:46:52, 2026-01-10 04:01:38, 2026-01-10 04:16:52, 2026-01-10 04:31:46, 2026-01-10 04:32:51, 2026-01-10 04:46:51, 2026-01-10 05:02:13, 2026-01-10 05:16:44, 2026-01-10 05:31:37, 2026-01-10 05:35:58, 2026-01-10 05:46:51, 2026-01-10 06:01:50, 2026-01-10 06:16:51, 2026-01-10 06:28:23, 2026-01-10 06:32:04, 2026-01-10 06:47:08, 2026-01-10 07:01:41, 2026-01-10 07:16:37, 2026-01-10 07:31:49, 2026-01-10 07:46:56, 2026-01-10 08:00:39, 2026-01-10 08:01:56, 2026-01-10 08:16:49, 2026-01-10 08:32:06, 2026-01-10 08:40:23, 2026-01-10 08:47:00, 2026-01-10 09:02:09, 2026-01-10 09:16:39, 2026-01-10 09:31:52, 2026-01-10 09:33:53, 2026-01-10 09:46:44, 2026-01-10 10:02:10, 2026-01-10 10:16:42, 2026-01-10 10:31:44, 2026-01-10 10:32:02" }, "geometry": { "type": "Polygon", "coordinates": [ [ [ -72.741461088670661, 45.191729900060459 ], [ -72.747718899803175, 45.194452096263198 ], [ -72.747513923105515, 45.199645159292679 ], [ -72.741049979936207, 45.20211598085799 ], [ -72.734791674987278, 45.199393412114226 ], [ -72.734997807005499, 45.194200394409762 ], [ -72.741461088670661, 45.191729900060459 ] ] ] } },
{ "type": "Feature", "properties": { "hex_id": 673412, "centroid_lon": -72.542412775051247, "centroid_lat": 45.231793301489397, "total_occurrences": 17.0, "days_affected": 1, "first_occurrence": "2026-01-10 00:01:46", "last_occurrence": "2026-01-10 04:01:38", "all_datetimes": "2026-01-10 00:01:46, 2026-01-10 00:17:13, 2026-01-10 00:31:53, 2026-01-10 00:36:33, 2026-01-10 00:46:46, 2026-01-10 01:01:52, 2026-01-10 01:16:57, 2026-01-10 01:31:57, 2026-01-10 02:31:07, 2026-01-10 02:32:06, 2026-01-10 02:46:45, 2026-01-10 03:01:57, 2026-01-10 03:17:07, 2026-01-10 03:31:48, 2026-01-10 03:40:14, 2026-01-10 03:46:52, 2026-01-10 04:01:38" }, "geometry": { "type": "Polygon", "coordinates": [ [ [ -72.542636655753, 45.226601033459495 ], [ -72.548888269317175, 45.22933399636063 ], [ -72.548664936558609, 45.234526286221325 ], [ -72.542188833445707, 45.236985563909116 ], [ -72.535936732852278, 45.234252226285143 ], [ -72.536161222380741, 45.229059985759783 ], [ -72.542636655753, 45.226601033459495 ] ] ] } },
{ "type": "Feature", "properties": { "hex_id": 699067, "centroid_lon": -72.264690624408033, "centroid_lat": 45.443750328324548, "total_occurrences": 50.0, "days_affected": 1, "first_occurrence": "2026-01-10 00:01:46", "last_occurrence": "2026-01-10 09:46:44", "all_datetimes": "2026-01-10 00:01:46, 2026-01-10 00:17:13, 2026-01-10 00:31:53, 2026-01-10 00:36:33, 2026-01-10 00:46:46, 2026-01-10 01:01:52, 2026-01-10 01:16:57, 2026-01-10 01:31:57, 2026-01-10 01:47:16, 2026-01-10 01:47:22, 2026-01-10 02:01:45, 2026-01-10 02:16:50, 2026-01-10 02:31:07, 2026-01-10 02:32:06, 2026-01-10 02:46:45, 2026-01-10 03:01:57, 2026-01-10 03:17:07, 2026-01-10 03:31:48, 2026-01-10 03:40:14, 2026-01-10 03:46:52, 2026-01-10 04:01:38, 2026-01-10 04:16:52, 2026-01-10 04:31:46, 2026-01-10 04:32:51, 2026-01-10 04:46:51, 2026-01-10 05:02:13, 2026-01-10 05:16:44, 2026-01-10 05:31:37, 2026-01-10 05:35:58, 2026-01-10 05:46:51, 2026-01-10 06:01:50, 2026-01-10 06:16:51, 2026-01-10 06:28:23, 2026-01-10 06:32:04, 2026-01-10 06:47:08, 2026-01-10 07:01:41, 2026-01-10 07:16:37, 2026-01-10 07:31:49, 2026-01-10 07:46:56, 2026-01-10 08:00:39, 2026-01-10 08:01:56, 2026-01-10 08:16:49, 2026-01-10 08:32:06, 2026-01-10 08:40:23, 2026-01-10 08:47:00, 2026-01-10 09:02:09, 2026-01-10 09:16:39, 2026-01-10 09:31:52, 2026-01-10 09:33:53, 2026-01-10 09:46:44" }, "geometry": { "type": "Polygon", "coordinates": [ [ [ -72.264941634064314, 45.438559396582967 ], [ -72.271202064420507, 45.441307714257171 ], [ -72.270951604891422, 45.446498670603454 ], [ -72.264439546311166, 45.448941254243252 ], [ -72.258178634279815, 45.446192556743064 ], [ -72.258430262480971, 45.441001655493011 ], [ -72.264941634064314, 45.438559396582967 ] ] ] } },
{ "type": "Feature", "properties": { "hex_id": 703942, "centroid_lon": -72.220481784919087, "centroid_lat": 45.302363362496948, "total_occurrences": 11.0, "days_affected": 1, "first_occurrence": "2026-01-10 00:01:46", "last_occurrence": "2026-01-10 02:01:45", "all_datetimes": "2026-01-10 00:01:46, 2026-01-10 00:17:13, 2026-01-10 00:31:53, 2026-01-10 00:36:33, 2026-01-10 00:46:46, 2026-01-10 01:01:52, 2026-01-10 01:16:57, 2026-01-10 01:31:57, 2026-01-10 01:47:16, 2026-01-10 01:47:22, 2026-01-10 02:01:45" }, "geometry": { "type": "Polygon", "coordinates": [ [ [ -72.220735594659757, 45.297172495007722 ], [ -72.226978497405966, 45.299922878402114 ], [ -72.226725233064542, 45.3051137708566 ], [ -72.2202279060932, 45.307554224133398 ], [ -72.213984527044474, 45.304803462345674 ], [ -72.2142389512466, 45.299612625738106 ], [ -72.220735594659757, 45.297172495007722 ] ] ] } },
{ "type": "Feature", "properties": { "hex_id": 706370, "centroid_lon": -72.205699628019858, "centroid_lat": 45.083723188249195, "total_occurrences": 81.0, "days_affected": 1, "first_occurrence": "2026-01-10 00:01:46", "last_occurrence": "2026-01-10 16:01:42", "all_datetimes": "2026-01-10 00:01:46, 2026-01-10 00:17:13, 2026-01-10 00:31:53, 2026-01-10 00:36:33, 2026-01-10 00:46:46, 2026-01-10 01:01:52, 2026-01-10 01:16:57, 2026-01-10 01:31:57, 2026-01-10 01:47:16, 2026-01-10 01:47:22, 2026-01-10 02:01:45, 2026-01-10 02:16:50, 2026-01-10 02:31:07, 2026-01-10 02:32:06, 2026-01-10 02:46:45, 2026-01-10 03:01:57, 2026-01-10 03:17:07, 2026-01-10 03:31:48, 2026-01-10 03:40:14, 2026-01-10 03:46:52, 2026-01-10 04:01:38, 2026-01-10 04:16:52, 2026-01-10 04:31:46, 2026-01-10 04:32:51, 2026-01-10 04:46:51, 2026-01-10 05:02:13, 2026-01-10 05:16:44, 2026-01-10 05:31:37, 2026-01-10 05:35:58, 2026-01-10 05:46:51, 2026-01-10 06:01:50, 2026-01-10 06:16:51, 2026-01-10 06:28:23, 2026-01-10 06:32:04, 2026-01-10 06:47:08, 2026-01-10 07:01:41, 2026-01-10 07:16:37, 2026-01-10 07:31:49, 2026-01-10 07:46:56, 2026-01-10 08:00:39, 2026-01-10 08:01:56, 2026-01-10 08:16:49, 2026-01-10 08:32:06, 2026-01-10 08:40:23, 2026-01-10 08:47:00, 2026-01-10 09:02:09, 2026-01-10 09:16:39, 2026-01-10 09:31:52, 2026-01-10 09:33:53, 2026-01-10 09:46:44, 2026-01-10 10:02:10, 2026-01-10 10:16:42, 2026-01-10 10:31:44, 2026-01-10 10:32:02, 2026-01-10 10:46:49, 2026-01-10 11:01:52, 2026-01-10 11:17:04, 2026-01-10 11:31:52, 2026-01-10 11:38:28, 2026-01-10 11:46:36, 2026-01-10 12:01:39, 2026-01-10 12:16:53, 2026-01-10 12:31:48, 2026-01-10 12:32:08, 2026-01-10 12:46:59, 2026-01-10 13:01:55, 2026-01-10 13:16:53, 2026-01-10 13:31:50, 2026-01-10 13:45:18, 2026-01-10 13:46:47, 2026-01-10 14:01:49, 2026-01-10 14:17:10, 2026-01-10 14:26:43, 2026-01-10 14:31:57, 2026-01-10 14:46:44, 2026-01-10 15:02:09, 2026-01-10 15:16:35, 2026-01-10 15:31:36, 2026-01-10 15:35:25, 2026-01-10 15:46:38, 2026-01-10 16:01:42" }, "geometry": { "type": "Polygon", "coordinates": [ [ [ -72.205952849860537, 45.078532186640395 ], [ -72.21217162544005, 45.081282878779746 ], [ -72.211918942536713, 45.086473905394712 ], [ -72.205446337430899, 45.088914184001496 ], [ -72.199227091673734, 45.086163116125448 ], [ -72.199480921177269, 45.080972145442459 ], [ -72.205952849860537, 45.078532186640395 ] ] ] } },
{ "type": "Feature", "properties": { "hex_id": 795568, "centroid_lon": -71.212404616525077, "centroid_lat": 46.068477492056047, "total_occurrences": 10.0, "days_affected": 1, "first_occurrence": "2026-01-10 00:01:46", "last_occurrence": "2026-01-10 01:47:22", "all_datetimes": "2026-01-10 00:01:46, 2026-01-10 00:17:13, 2026-01-10 00:31:53, 2026-01-10 00:36:33, 2026-01-10 00:46:46, 2026-01-10 01:01:52, 2026-01-10 01:16:57, 2026-01-10 01:31:57, 2026-01-10 01:47:16, 2026-01-10 01:47:22" }, "geometry": { "type": "Polygon", "coordinates": [ [ [ -71.21275971985763, 46.06329256731162 ], [ -71.219033005504087, 46.066098913880161 ], [ -71.218678454825792, 46.071283873681146 ], [ -71.212049415724593, 46.073662409951453 ], [ -71.205775674908367, 46.070855666666006 ], [ -71.206131428329982, 46.065670783892052 ], [ -71.21275971985763, 46.06329256731162 ] ] ] } },
{ "type": "Feature", "properties": { "hex_id": 894609, "centroid_lon": -69.966971466214318, "centroid_lat": 48.20298969074674, "total_occurrences": 97.0, "days_affected": 1, "first_occurrence": "2026-01-10 00:01:46", "last_occurrence": "2026-01-10 19:47:00", "all_datetimes": "2026-01-10 00:01:46, 2026-01-10 00:17:13, 2026-01-10 00:31:53, 2026-01-10 00:36:33, 2026-01-10 00:46:46, 2026-01-10 01:01:52, 2026-01-10 01:16:57, 2026-01-10 01:31:57, 2026-01-10 01:47:16, 2026-01-10 01:47:22, 2026-01-10 02:01:45, 2026-01-10 02:16:50, 2026-01-10 02:31:07, 2026-01-10 02:32:06, 2026-01-10 02:46:45, 2026-01-10 03:01:57, 2026-01-10 03:17:07, 2026-01-10 03:31:48, 2026-01-10 03:40:14, 2026-01-10 03:46:52, 2026-01-10 04:01:38, 2026-01-10 04:16:52, 2026-01-10 04:31:46, 2026-01-10 04:32:51, 2026-01-10 04:46:51, 2026-01-10 05:02:13, 2026-01-10 05:16:44, 2026-01-10 05:31:37, 2026-01-10 05:35:58, 2026-01-10 05:46:51, 2026-01-10 06:01:50, 2026-01-10 06:16:51, 2026-01-10 06:28:23, 2026-01-10 06:32:04, 2026-01-10 06:47:08, 2026-01-10 07:01:41, 2026-01-10 07:16:37, 2026-01-10 07:31:49, 2026-01-10 07:46:56, 2026-01-10 08:00:39, 2026-01-10 08:01:56, 2026-01-10 08:16:49, 2026-01-10 08:32:06, 2026-01-10 08:40:23, 2026-01-10 08:47:00, 2026-01-10 09:02:09, 2026-01-10 09:16:39, 2026-01-10 09:31:52, 2026-01-10 09:33:53, 2026-01-10 09:46:44, 2026-01-10 10:02:10, 2026-01-10 10:16:42, 2026-01-10 10:31:44, 2026-01-10 10:32:02, 2026-01-10 10:46:49, 2026-01-10 11:01:52, 2026-01-10 11:17:04, 2026-01-10 11:31:52, 2026-01-10 11:38:28, 2026-01-10 11:46:36, 2026-01-10 12:01:39, 2026-01-10 12:16:53, 2026-01-10 12:31:48, 2026-01-10 12:32:08, 2026-01-10 12:46:59, 2026-01-10 13:01:55, 2026-01-10 13:16:53, 2026-01-10 13:31:50, 2026-01-10 13:45:18, 2026-01-10 13:46:47, 2026-01-10 14:01:49, 2026-01-10 14:17:10, 2026-01-10 14:26:43, 2026-01-10 15:02:09, 2026-01-10 15:16:35, 2026-01-10 15:31:36, 2026-01-10 15:35:25, 2026-01-10 15:46:38, 2026-01-10 16:01:42, 2026-01-10 16:16:42, 2026-01-10 16:30:18, 2026-01-10 16:31:48, 2026-01-10 16:46:49, 2026-01-10 17:01:47, 2026-01-10 17:16:52, 2026-01-10 17:32:06, 2026-01-10 17:35:18, 2026-01-10 17:46:57, 2026-01-10 18:01:40, 2026-01-10 18:17:22, 2026-01-10 18:31:07, 2026-01-10 18:31:38, 2026-01-10 18:46:46, 2026-01-10 19:02:37, 2026-01-10 19:17:03, 2026-01-10 19:31:52, 2026-01-10 19:47:00" }, "geometry": { "type": "Polygon", "coordinates": [ [ [ -69.967479601670163, 48.19781539671699 ], [ -69.973928547704915, 48.200696539057155 ], [ -69.973421010457315, 48.205870881813048 ], [ -69.966463187360944, 48.208163976059531 ], [ -69.960013786541225, 48.205282397624472 ], [ -69.960522663551416, 48.200108161107174 ], [ -69.967479601670163, 48.19781539671699 ] ] ] } },
{ "type": "Feature", "properties": { "hex_id": 511072, "centroid_lon": -74.225115028124122, "centroid_lat": 46.081882799909167, "total_occurrences": 73.0, "days_affected": 1, "first_occurrence": "2026-01-10 00:17:13", "last_occurrence": "2026-01-10 14:31:57", "all_datetimes": "2026-01-10 00:17:13, 2026-01-10 00:31:53, 2026-01-10 00:36:33, 2026-01-10 00:46:46, 2026-01-10 01:01:52, 2026-01-10 01:16:57, 2026-01-10 01:31:57, 2026-01-10 01:47:16, 2026-01-10 01:47:22, 2026-01-10 02:01:45, 2026-01-10 02:16:50, 2026-01-10 02:31:07, 2026-01-10 02:32:06, 2026-01-10 02:46:45, 2026-01-10 03:01:57, 2026-01-10 03:17:07, 2026-01-10 03:31:48, 2026-01-10 03:40:14, 2026-01-10 03:46:52, 2026-01-10 04:01:38, 2026-01-10 04:16:52, 2026-01-10 04:31:46, 2026-01-10 04:32:51, 2026-01-10 04:46:51, 2026-01-10 05:02:13, 2026-01-10 05:16:44, 2026-01-10 05:31:37, 2026-01-10 05:35:58, 2026-01-10 05:46:51, 2026-01-10 06:01:50, 2026-01-10 06:16:51, 2026-01-10 06:28:23, 2026-01-10 06:32:04, 2026-01-10 06:47:08, 2026-01-10 07:01:41, 2026-01-10 07:16:37, 2026-01-10 07:31:49, 2026-01-10 07:46:56, 2026-01-10 08:00:39, 2026-01-10 08:01:56, 2026-01-10 08:16:49, 2026-01-10 08:32:06, 2026-01-10 08:40:23, 2026-01-10 08:47:00, 2026-01-10 09:02:09, 2026-01-10 09:16:39, 2026-01-10 09:31:52, 2026-01-10 09:33:53, 2026-01-10 09:46:44, 2026-01-10 10:02:10, 2026-01-10 10:16:42, 2026-01-10 10:31:44, 2026-01-10 10:32:02, 2026-01-10 10:46:49, 2026-01-10 11:01:52, 2026-01-10 11:17:04, 2026-01-10 11:31:52, 2026-01-10 11:38:28, 2026-01-10 11:46:36, 2026-01-10 12:01:39, 2026-01-10 12:16:53, 2026-01-10 12:31:48, 2026-01-10 12:32:08, 2026-01-10 12:46:59, 2026-01-10 13:01:55, 2026-01-10 13:16:53, 2026-01-10 13:31:50, 2026-01-10 13:45:18, 2026-01-10 13:46:47, 2026-01-10 14:01:49, 2026-01-10 14:17:10, 2026-01-10 14:26:43, 2026-01-10 14:31:57" }, "geometry": { "type": "Polygon", "coordinates": [ [ [ -74.225187761372965, 46.076686996893841 ], [ -74.231617307318842, 46.079328550810892 ], [ -74.231545170943704, 46.084524359279698 ], [ -74.225042274866325, 46.087078598090962 ], [ -74.218612152059166, 46.084436674128504 ], [ -74.218685502183831, 46.07924088146612 ], [ -74.225187761372965, 46.076686996893841 ] ] ] } },
{ "type": "Feature", "properties": { "hex_id": 517779, "centroid_lon": -74.156005789201529, "centroid_lat": 45.948886272910634, "total_occurrences": 23.0, "days_affected": 1, "first_occurrence": "2026-01-10 00:17:13", "last_occurrence": "2026-01-10 05:35:58", "all_datetimes": "2026-01-10 00:17:13, 2026-01-10 01:31:57, 2026-01-10 01:47:16, 2026-01-10 01:47:22, 2026-01-10 02:01:45, 2026-01-10 02:16:50, 2026-01-10 02:31:07, 2026-01-10 02:32:06, 2026-01-10 02:46:45, 2026-01-10 03:01:57, 2026-01-10 03:17:07, 2026-01-10 03:31:48, 2026-01-10 03:40:14, 2026-01-10 03:46:52, 2026-01-10 04:01:38, 2026-01-10 04:16:52, 2026-01-10 04:31:46, 2026-01-10 04:32:51, 2026-01-10 04:46:51, 2026-01-10 05:02:13, 2026-01-10 05:16:44, 2026-01-10 05:31:37, 2026-01-10 05:35:58" }, "geometry": { "type": "Polygon", "coordinates": [ [ [ -74.156084642303995, 45.943690437124459 ], [ -74.162495538935076, 45.946335811738585 ], [ -74.162417277587764, 45.951531653654335 ], [ -74.155926914443143, 45.95408210384641 ], [ -74.149515447716496, 45.951436360217507 ], [ -74.149594914222675, 45.946240535476896 ], [ -74.156084642303995, 45.943690437124459 ] ] ] } },
{ "type": "Feature", "properties": { "hex_id": 533027, "centroid_lon": -73.998807371493186, "centroid_lat": 45.721568298014368, "total_occurrences": 48.0, "days_affected": 1, "first_occurrence": "2026-01-10 00:17:13", "last_occurrence": "2026-01-10 14:46:44", "all_datetimes": "2026-01-10 00:17:13, 2026-01-10 00:31:53, 2026-01-10 00:36:33, 2026-01-10 00:46:46, 2026-01-10 01:01:52, 2026-01-10 01:16:57, 2026-01-10 01:31:57, 2026-01-10 01:47:16, 2026-01-10 01:47:22, 2026-01-10 02:01:45, 2026-01-10 02:16:50, 2026-01-10 02:31:07, 2026-01-10 02:32:06, 2026-01-10 02:46:45, 2026-01-10 03:01:57, 2026-01-10 03:17:07, 2026-01-10 03:31:48, 2026-01-10 03:40:14, 2026-01-10 03:46:52, 2026-01-10 04:01:38, 2026-01-10 04:16:52, 2026-01-10 04:31:46, 2026-01-10 04:32:51, 2026-01-10 04:46:51, 2026-01-10 05:02:13, 2026-01-10 05:16:44, 2026-01-10 05:31:37, 2026-01-10 05:35:58, 2026-01-10 05:46:51, 2026-01-10 11:17:04, 2026-01-10 11:31:52, 2026-01-10 11:38:28, 2026-01-10 11:46:36, 2026-01-10 12:01:39, 2026-01-10 12:16:53, 2026-01-10 12:31:48, 2026-01-10 12:32:08, 2026-01-10 12:46:59, 2026-01-10 13:01:55, 2026-01-10 13:16:53, 2026-01-10 13:31:50, 2026-01-10 13:45:18, 2026-01-10 13:46:47, 2026-01-10 14:01:49, 2026-01-10 14:17:10, 2026-01-10 14:26:43, 2026-01-10 14:31:57, 2026-01-10 14:46:44" }, "geometry": { "type": "Polygon", "coordinates": [ [ [ -73.998900171711412, 45.716372484528762 ], [ -74.005277605533692, 45.719026506390136 ], [ -74.005185387901534, 45.724222327542414 ], [ -73.998714545861475, 45.726764106606971 ], [ -73.992336554870874, 45.724109717111652 ], [ -73.992429963080085, 45.718913916250798 ], [ -73.998900171711412, 45.716372484528762 ] ] ] } },
{ "type": "Feature", "properties": { "hex_id": 540968, "centroid_lon": -73.913935528820616, "centroid_lat": 45.790947025404115, "total_occurrences": 1.0, "days_affected": 1, "first_occurrence": "2026-01-10 00:17:13", "last_occurrence": "2026-01-10 00:17:13", "all_datetimes": "2026-01-10 00:17:13" }, "geometry": { "type": "Polygon", "coordinates": [ [ [ -73.914036438630589, 45.785751415697092 ], [ -73.920417609698916, 45.788410178194809 ], [ -73.920317283470467, 45.793605796428658 ], [ -73.913834591353492, 45.796142630192413 ], [ -73.907452864365453, 45.793483498365646 ], [ -73.907554385404765, 45.788287902169401 ], [ -73.914036438630589, 45.785751415697092 ] ] ] } },
{ "type": "Feature", "properties": { "hex_id": 564779, "centroid_lon": -73.662548673733241, "centroid_lat": 45.811665184442205, "total_occurrences": 1.0, "days_affected": 1, "first_occurrence": "2026-01-10 00:17:13", "last_occurrence": "2026-01-10 00:17:13", "all_datetimes": "2026-01-10 00:17:13" }, "geometry": { "type": "Polygon", "coordinates": [ [ [ -73.662673026675648, 45.806470076540968 ], [ -73.669044265506855, 45.809142763315627 ], [ -73.668920493362876, 45.814337882253142 ], [ -73.662424286702887, 45.816860287336056 ], [ -73.656052501166982, 45.814187228584331 ], [ -73.656177468984239, 45.808992136791943 ], [ -73.662673026675648, 45.806470076540968 ] ] ] } },
{ "type": "Feature", "properties": { "hex_id": 565998, "centroid_lon": -73.650434105453144, "centroid_lat": 45.780343261077668, "total_occurrences": 18.0, "days_affected": 1, "first_occurrence": "2026-01-10 00:17:13", "last_occurrence": "2026-01-10 10:46:49", "all_datetimes": "2026-01-10 00:17:13, 2026-01-10 00:31:53, 2026-01-10 00:36:33, 2026-01-10 00:46:46, 2026-01-10 01:01:52, 2026-01-10 01:16:57, 2026-01-10 01:31:57, 2026-01-10 01:47:16, 2026-01-10 01:47:22, 2026-01-10 02:01:45, 2026-01-10 02:16:50, 2026-01-10 02:31:07, 2026-01-10 02:32:06, 2026-01-10 02:46:45, 2026-01-10 03:01:57, 2026-01-10 03:17:07, 2026-01-10 03:31:48, 2026-01-10 10:46:49" }, "geometry": { "type": "Polygon", "coordinates": [ [ [ -73.650559447639438, 45.775148150376538 ], [ -73.656926557128969, 45.777821480833317 ], [ -73.656801794613514, 45.783016602683738 ], [ -73.650308728921189, 45.785538366766822 ], [ -73.643941074112291, 45.782864664619822 ], [ -73.644067030303503, 45.777669570145115 ], [ -73.650559447639438, 45.775148150376538 ] ] ] } },
{ "type": "Feature", "properties": { "hex_id": 596507, "centroid_lon": -73.336366153287031, "centroid_lat": 45.526758664713704, "total_occurrences": 5.0, "days_affected": 1, "first_occurrence": "2026-01-10 00:17:13", "last_occurrence": "2026-01-10 01:01:52", "all_datetimes": "2026-01-10 00:17:13, 2026-01-10 00:31:53, 2026-01-10 00:36:33, 2026-01-10 00:46:46, 2026-01-10 01:01:52" }, "geometry": { "type": "Polygon", "coordinates": [ [ [ -73.336519297825973, 45.521564072542766 ], [ -73.342842635044136, 45.524254417090944 ], [ -73.342690058179898, 45.529449023451328 ], [ -73.33621296691976, 45.531953251737512 ], [ -73.329889103862229, 45.529262535815221 ], [ -73.330042857890177, 45.524067963045376 ], [ -73.336519297825973, 45.521564072542766 ] ] ] } },
{ "type": "Feature", "properties": { "hex_id": 604481, "centroid_lon": -73.234793213640756, "centroid_lat": 46.109849608314768, "total_occurrences": 7.0, "days_affected": 1, "first_occurrence": "2026-01-10 00:17:13", "last_occurrence": "2026-01-10 01:31:57", "all_datetimes": "2026-01-10 00:17:13, 2026-01-10 00:31:53, 2026-01-10 00:36:33, 2026-01-10 00:46:46, 2026-01-10 01:01:52, 2026-01-10 01:16:57, 2026-01-10 01:31:57" }, "geometry": { "type": "Polygon", "coordinates": [ [ [ -73.234959042342581, 46.104655824419964 ], [ -73.241342840432779, 46.1073524243644 ], [ -73.241177595772257, 46.112546223628158 ], [ -73.234627339320639, 46.115043387006352 ], [ -73.228243002815205, 46.112346407252311 ], [ -73.228409461161078, 46.107152643995484 ], [ -73.234959042342581, 46.104655824419964 ] ] ] } },
{ "type": "Feature", "properties": { "hex_id": 627037, "centroid_lon": -73.013654405980745, "centroid_lat": 45.599553385763997, "total_occurrences": 33.0, "days_affected": 1, "first_occurrence": "2026-01-10 00:17:13", "last_occurrence": "2026-01-10 06:32:04", "all_datetimes": "2026-01-10 00:17:13, 2026-01-10 00:31:53, 2026-01-10 00:36:33, 2026-01-10 00:46:46, 2026-01-10 01:01:52, 2026-01-10 01:16:57, 2026-01-10 01:31:57, 2026-01-10 01:47:16, 2026-01-10 01:47:22, 2026-01-10 02:01:45, 2026-01-10 02:16:50, 2026-01-10 02:31:07, 2026-01-10 02:32:06, 2026-01-10 02:46:45, 2026-01-10 03:01:57, 2026-01-10 03:17:07, 2026-01-10 03:31:48, 2026-01-10 03:40:14, 2026-01-10 03:46:52, 2026-01-10 04:01:38, 2026-01-10 04:16:52, 2026-01-10 04:31:46, 2026-01-10 04:32:51, 2026-01-10 04:46:51, 2026-01-10 05:02:13, 2026-01-10 05:16:44, 2026-01-10 05:31:37, 2026-01-10 05:35:58, 2026-01-10 05:46:51, 2026-01-10 06:01:50, 2026-01-10 06:16:51, 2026-01-10 06:28:23, 2026-01-10 06:32:04" }, "geometry": { "type": "Polygon", "coordinates": [ [ [ -73.0138377111019, 45.59435979362793 ], [ -73.020153090384824, 45.597067852700604 ], [ -73.019970350636754, 45.602261462219332 ], [ -73.013471050758397, 45.604746972582149 ], [ -73.007155156211979, 45.602038538269909 ], [ -73.007339076790558, 45.596844968898992 ], [ -73.0138377111019, 45.59435979362793 ] ] ] } },
{ "type": "Feature", "properties": { "hex_id": 633186, "centroid_lon": -72.924147156268688, "centroid_lat": 46.283901066466015, "total_occurrences": 20.0, "days_affected": 1, "first_occurrence": "2026-01-10 00:17:13", "last_occurrence": "2026-01-10 04:01:38", "all_datetimes": "2026-01-10 00:17:13, 2026-01-10 00:31:53, 2026-01-10 00:36:33, 2026-01-10 00:46:46, 2026-01-10 01:01:52, 2026-01-10 01:16:57, 2026-01-10 01:31:57, 2026-01-10 01:47:16, 2026-01-10 01:47:22, 2026-01-10 02:01:45, 2026-01-10 02:16:50, 2026-01-10 02:31:07, 2026-01-10 02:32:06, 2026-01-10 02:46:45, 2026-01-10 03:01:57, 2026-01-10 03:17:07, 2026-01-10 03:31:48, 2026-01-10 03:40:14, 2026-01-10 03:46:52, 2026-01-10 04:01:38" }, "geometry": { "type": "Polygon", "coordinates": [ [ [ -72.924343343535099, 46.278708386868985 ], [ -72.930731232894104, 46.281422344662502 ], [ -72.930535630619644, 46.286615042768489 ], [ -72.923950914922202, 46.289093740682027 ], [ -72.917562494660572, 46.286379397963572 ], [ -72.917759320980494, 46.281186742322689 ], [ -72.924343343535099, 46.278708386868985 ] ] ] } },
{ "type": "Feature", "properties": { "hex_id": 664265, "centroid_lon": -72.631066026807602, "centroid_lat": 45.397373739811776, "total_occurrences": 69.0, "days_affected": 1, "first_occurrence": "2026-01-10 00:17:13", "last_occurrence": "2026-01-10 13:46:47", "all_datetimes": "2026-01-10 00:17:13, 2026-01-10 00:31:53, 2026-01-10 00:36:33, 2026-01-10 00:46:46, 2026-01-10 01:01:52, 2026-01-10 01:16:57, 2026-01-10 01:31:57, 2026-01-10 01:47:16, 2026-01-10 01:47:22, 2026-01-10 02:01:45, 2026-01-10 02:16:50, 2026-01-10 02:31:07, 2026-01-10 02:32:06, 2026-01-10 02:46:45, 2026-01-10 03:01:57, 2026-01-10 03:17:07, 2026-01-10 03:31:48, 2026-01-10 03:40:14, 2026-01-10 03:46:52, 2026-01-10 04:01:38, 2026-01-10 04:16:52, 2026-01-10 04:31:46, 2026-01-10 04:32:51, 2026-01-10 04:46:51, 2026-01-10 05:02:13, 2026-01-10 05:16:44, 2026-01-10 05:31:37, 2026-01-10 05:35:58, 2026-01-10 05:46:51, 2026-01-10 06:01:50, 2026-01-10 06:16:51, 2026-01-10 06:28:23, 2026-01-10 06:32:04, 2026-01-10 06:47:08, 2026-01-10 07:01:41, 2026-01-10 07:16:37, 2026-01-10 07:31:49, 2026-01-10 07:46:56, 2026-01-10 08:00:39, 2026-01-10 08:01:56, 2026-01-10 08:16:49, 2026-01-10 08:32:06, 2026-01-10 08:40:23, 2026-01-10 08:47:00, 2026-01-10 09:02:09, 2026-01-10 09:16:39, 2026-01-10 09:31:52, 2026-01-10 09:33:53, 2026-01-10 09:46:44, 2026-01-10 10:02:10, 2026-01-10 10:16:42, 2026-01-10 10:31:44, 2026-01-10 10:32:02, 2026-01-10 10:46:49, 2026-01-10 11:01:52, 2026-01-10 11:17:04, 2026-01-10 11:31:52, 2026-01-10 11:38:28, 2026-01-10 11:46:36, 2026-01-10 12:01:39, 2026-01-10 12:16:53, 2026-01-10 12:31:48, 2026-01-10 12:32:08, 2026-01-10 12:46:59, 2026-01-10 13:01:55, 2026-01-10 13:16:53, 2026-01-10 13:31:50, 2026-01-10 13:45:18, 2026-01-10 13:46:47" }, "geometry": { "type": "Polygon", "coordinates": [ [ [ -72.631283084925201, 45.392181283753757 ], [ -72.637557082590789, 45.394909774402983 ], [ -72.637340578480533, 45.400102251500407 ], [ -72.63084890952257, 45.402566190316371 ], [ -72.624574417026949, 45.399837323610384 ], [ -72.624792088299557, 45.394644894209165 ], [ -72.631283084925201, 45.392181283753757 ] ] ] } },
{ "type": "Feature", "properties": { "hex_id": 686322, "centroid_lon": -72.343017283624391, "centroid_lat": 46.622611411659371, "total_occurrences": 104.0, "days_affected": 1, "first_occurrence": "2026-01-10 00:17:13", "last_occurrence": "2026-01-10 21:16:56", "all_datetimes": "2026-01-10 00:17:13, 2026-01-10 00:31:53, 2026-01-10 00:36:33, 2026-01-10 00:46:46, 2026-01-10 01:01:52, 2026-01-10 01:16:57, 2026-01-10 01:31:57, 2026-01-10 01:47:16, 2026-01-10 01:47:22, 2026-01-10 02:01:45, 2026-01-10 02:16:50, 2026-01-10 02:31:07, 2026-01-10 02:32:06, 2026-01-10 02:46:45, 2026-01-10 03:01:57, 2026-01-10 03:17:07, 2026-01-10 03:31:48, 2026-01-10 03:40:14, 2026-01-10 03:46:52, 2026-01-10 04:01:38, 2026-01-10 04:16:52, 2026-01-10 04:31:46, 2026-01-10 04:32:51, 2026-01-10 04:46:51, 2026-01-10 05:02:13, 2026-01-10 05:16:44, 2026-01-10 05:31:37, 2026-01-10 05:35:58, 2026-01-10 05:46:51, 2026-01-10 06:01:50, 2026-01-10 06:16:51, 2026-01-10 06:28:23, 2026-01-10 06:32:04, 2026-01-10 06:47:08, 2026-01-10 07:01:41, 2026-01-10 07:16:37, 2026-01-10 07:31:49, 2026-01-10 07:46:56, 2026-01-10 08:00:39, 2026-01-10 08:01:56, 2026-01-10 08:16:49, 2026-01-10 08:32:06, 2026-01-10 08:40:23, 2026-01-10 08:47:00, 2026-01-10 09:02:09, 2026-01-10 09:16:39, 2026-01-10 09:31:52, 2026-01-10 09:33:53, 2026-01-10 09:46:44, 2026-01-10 10:02:10, 2026-01-10 10:16:42, 2026-01-10 10:31:44, 2026-01-10 10:32:02, 2026-01-10 10:46:49, 2026-01-10 11:01:52, 2026-01-10 11:17:04, 2026-01-10 11:31:52, 2026-01-10 11:38:28, 2026-01-10 11:46:36, 2026-01-10 12:01:39, 2026-01-10 12:16:53, 2026-01-10 12:31:48, 2026-01-10 12:32:08, 2026-01-10 12:46:59, 2026-01-10 13:01:55, 2026-01-10 13:16:53, 2026-01-10 13:31:50, 2026-01-10 13:45:18, 2026-01-10 13:46:47, 2026-01-10 14:01:49, 2026-01-10 14:17:10, 2026-01-10 14:26:43, 2026-01-10 14:31:57, 2026-01-10 14:46:44, 2026-01-10 15:02:09, 2026-01-10 15:16:35, 2026-01-10 15:31:36, 2026-01-10 15:35:25, 2026-01-10 15:46:38, 2026-01-10 16:01:42, 2026-01-10 16:16:42, 2026-01-10 16:30:18, 2026-01-10 16:31:48, 2026-01-10 16:46:49, 2026-01-10 17:01:47, 2026-01-10 17:16:52, 2026-01-10 17:32:06, 2026-01-10 17:35:18, 2026-01-10 17:46:57, 2026-01-10 18:01:40, 2026-01-10 18:17:22, 2026-01-10 18:31:07, 2026-01-10 18:31:38, 2026-01-10 18:46:46, 2026-01-10 19:02:37, 2026-01-10 19:17:03, 2026-01-10 19:31:52, 2026-01-10 19:47:00, 2026-01-10 20:02:11, 2026-01-10 20:17:06, 2026-01-10 20:31:43, 2026-01-10 20:47:07, 2026-01-10 21:01:33, 2026-01-10 21:16:56" }, "geometry": { "type": "Polygon", "coordinates": [ [ [ -72.343271342953017, 46.617421219841695 ], [ -72.349667897335976, 46.620167729524148 ], [ -72.349414424967165, 46.625357945737797 ], [ -72.34276315398202, 46.627801597680175 ], [ -72.336366082965128, 46.625054693394411 ], [ -72.336620799543041, 46.619864531836321 ], [ -72.343271342953017, 46.617421219841695 ] ] ] } },
{ "type": "Feature", "properties": { "hex_id": 707013, "centroid_lon": -72.174274564622337, "centroid_lat": 45.58965935125417, "total_occurrences": 51.0, "days_affected": 1, "first_occurrence": "2026-01-10 00:17:13", "last_occurrence": "2026-01-10 10:16:42", "all_datetimes": "2026-01-10 00:17:13, 2026-01-10 00:31:53, 2026-01-10 00:36:33, 2026-01-10 00:46:46, 2026-01-10 01:01:52, 2026-01-10 01:16:57, 2026-01-10 01:31:57, 2026-01-10 01:47:16, 2026-01-10 01:47:22, 2026-01-10 02:01:45, 2026-01-10 02:16:50, 2026-01-10 02:31:07, 2026-01-10 02:32:06, 2026-01-10 02:46:45, 2026-01-10 03:01:57, 2026-01-10 03:17:07, 2026-01-10 03:31:48, 2026-01-10 03:40:14, 2026-01-10 03:46:52, 2026-01-10 04:01:38, 2026-01-10 04:16:52, 2026-01-10 04:31:46, 2026-01-10 04:32:51, 2026-01-10 04:46:51, 2026-01-10 05:02:13, 2026-01-10 05:16:44, 2026-01-10 05:31:37, 2026-01-10 05:35:58, 2026-01-10 05:46:51, 2026-01-10 06:01:50, 2026-01-10 06:16:51, 2026-01-10 06:28:23, 2026-01-10 06:32:04, 2026-01-10 06:47:08, 2026-01-10 07:01:41, 2026-01-10 07:16:37, 2026-01-10 07:31:49, 2026-01-10 07:46:56, 2026-01-10 08:00:39, 2026-01-10 08:01:56, 2026-01-10 08:16:49, 2026-01-10 08:32:06, 2026-01-10 08:40:23, 2026-01-10 08:47:00, 2026-01-10 09:02:09, 2026-01-10 09:16:39, 2026-01-10 09:31:52, 2026-01-10 09:33:53, 2026-01-10 09:46:44, 2026-01-10 10:02:10, 2026-01-10 10:16:42" }, "geometry": { "type": "Polygon", "coordinates": [ [ [ -72.174535186809138, 45.584468951006734 ], [ -72.180806844531219, 45.587222448276734 ], [ -72.180546775419927, 45.592412874070178 ], [ -72.174013871254431, 45.594849745601316 ], [ -72.167741731649897, 45.592095865853679 ], [ -72.168002978069424, 45.586905497116781 ], [ -72.174535186809138, 45.584468951006734 ] ] ] } },
{ "type": "Feature", "properties": { "hex_id": 742408, "centroid_lon": -71.81534869939523, "centroid_lat": 45.361936286874155, "total_occurrences": 74.0, "days_affected": 1, "first_occurrence": "2026-01-10 00:17:13", "last_occurrence": "2026-01-10 14:46:44", "all_datetimes": "2026-01-10 00:17:13, 2026-01-10 00:31:53, 2026-01-10 00:36:33, 2026-01-10 00:46:46, 2026-01-10 01:01:52, 2026-01-10 01:16:57, 2026-01-10 01:31:57, 2026-01-10 01:47:16, 2026-01-10 01:47:22, 2026-01-10 02:01:45, 2026-01-10 02:16:50, 2026-01-10 02:31:07, 2026-01-10 02:32:06, 2026-01-10 02:46:45, 2026-01-10 03:01:57, 2026-01-10 03:17:07, 2026-01-10 03:31:48, 2026-01-10 03:40:14, 2026-01-10 03:46:52, 2026-01-10 04:01:38, 2026-01-10 04:16:52, 2026-01-10 04:31:46, 2026-01-10 04:32:51, 2026-01-10 04:46:51, 2026-01-10 05:02:13, 2026-01-10 05:16:44, 2026-01-10 05:31:37, 2026-01-10 05:35:58, 2026-01-10 05:46:51, 2026-01-10 06:01:50, 2026-01-10 06:16:51, 2026-01-10 06:28:23, 2026-01-10 06:32:04, 2026-01-10 06:47:08, 2026-01-10 07:01:41, 2026-01-10 07:16:37, 2026-01-10 07:31:49, 2026-01-10 07:46:56, 2026-01-10 08:00:39, 2026-01-10 08:01:56, 2026-01-10 08:16:49, 2026-01-10 08:32:06, 2026-01-10 08:40:23, 2026-01-10 08:47:00, 2026-01-10 09:02:09, 2026-01-10 09:16:39, 2026-01-10 09:31:52, 2026-01-10 09:33:53, 2026-01-10 09:46:44, 2026-01-10 10:02:10, 2026-01-10 10:16:42, 2026-01-10 10:31:44, 2026-01-10 10:32:02, 2026-01-10 10:46:49, 2026-01-10 11:01:52, 2026-01-10 11:17:04, 2026-01-10 11:31:52, 2026-01-10 11:38:28, 2026-01-10 11:46:36, 2026-01-10 12:01:39, 2026-01-10 12:16:53, 2026-01-10 12:31:48, 2026-01-10 12:32:08, 2026-01-10 12:46:59, 2026-01-10 13:01:55, 2026-01-10 13:16:53, 2026-01-10 13:31:50, 2026-01-10 13:45:18, 2026-01-10 13:46:47, 2026-01-10 14:01:49, 2026-01-10 14:17:10, 2026-01-10 14:26:43, 2026-01-10 14:31:57, 2026-01-10 14:46:44" }, "geometry": { "type": "Polygon", "coordinates": [ [ [ -71.815640072362172, 45.356747388393501 ], [ -71.821868527596322, 45.359519557024086 ], [ -71.821577695860753, 45.364708484383485 ], [ -71.815057247091914, 45.367125179154357 ], [ -71.808828329976023, 45.364352627959498 ], [ -71.809120323484237, 45.359163764621634 ], [ -71.815640072362172, 45.356747388393501 ] ] ] } },
{ "type": "Feature", "properties": { "hex_id": 515336, "centroid_lon": -74.182037638658812, "centroid_lat": 45.933486306706946, "total_occurrences": 5.0, "days_affected": 1, "first_occurrence": "2026-01-10 00:31:53", "last_occurrence": "2026-01-10 01:16:57", "all_datetimes": "2026-01-10 00:31:53, 2026-01-10 00:36:33, 2026-01-10 00:46:46, 2026-01-10 01:01:52, 2026-01-10 01:16:57" }, "geometry": { "type": "Polygon", "coordinates": [ [ [ -74.182114018790799, 45.928290422566086 ], [ -74.188524408718706, 45.93093434033667 ], [ -74.188448620208973, 45.936130230343167 ], [ -74.181961237553978, 45.938682186003653 ], [ -74.175550276980204, 45.936037899668051 ], [ -74.175627269700158, 45.930842026302578 ], [ -74.182114018790799, 45.928290422566086 ] ] ] } },
{ "type": "Feature", "properties": { "hex_id": 517175, "centroid_lon": -74.160926219761052, "centroid_lat": 46.050251728775315, "total_occurrences": 4.0, "days_affected": 1, "first_occurrence": "2026-01-10 00:31:53", "last_occurrence": "2026-01-10 01:01:52", "all_datetimes": "2026-01-10 00:31:53, 2026-01-10 00:36:33, 2026-01-10 00:46:46, 2026-01-10 01:01:52" }, "geometry": { "type": "Polygon", "coordinates": [ [ [ -74.161004890749027, 46.04505597898752 ], [ -74.167427674911323, 46.047701112390975 ], [ -74.167349598931636, 46.052896868274303 ], [ -74.160847527139623, 46.055447473714239 ], [ -74.154424169606187, 46.052801970045486 ], [ -74.154503457228557, 46.047606231267935 ], [ -74.161004890749027, 46.04505597898752 ] ] ] } },
{ "type": "Feature", "properties": { "hex_id": 591044, "centroid_lon": -73.379813304744474, "centroid_lat": 46.018463143082627, "total_occurrences": 9.0, "days_affected": 1, "first_occurrence": "2026-01-10 00:31:53", "last_occurrence": "2026-01-10 02:01:45", "all_datetimes": "2026-01-10 00:31:53, 2026-01-10 00:36:33, 2026-01-10 00:46:46, 2026-01-10 01:01:52, 2026-01-10 01:16:57, 2026-01-10 01:31:57, 2026-01-10 01:47:16, 2026-01-10 01:47:22, 2026-01-10 02:01:45" }, "geometry": { "type": "Polygon", "coordinates": [ [ [ -73.379965029339971, 46.01326888671904 ], [ -73.386345700701639, 46.015957379925055 ], [ -73.386194559362025, 46.021151650189807 ], [ -73.379661538455693, 46.023657394315755 ], [ -73.373280325538545, 46.020968523827548 ], [ -73.373432675069012, 46.015774286561218 ], [ -73.379965029339971, 46.01326888671904 ] ] ] } },
{ "type": "Feature", "properties": { "hex_id": 695997, "centroid_lon": -72.309555950372953, "centroid_lat": 45.171972151407296, "total_occurrences": 24.0, "days_affected": 1, "first_occurrence": "2026-01-10 00:31:53", "last_occurrence": "2026-01-10 11:17:04", "all_datetimes": "2026-01-10 00:31:53, 2026-01-10 00:36:33, 2026-01-10 00:46:46, 2026-01-10 07:16:37, 2026-01-10 07:31:49, 2026-01-10 07:46:56, 2026-01-10 08:00:39, 2026-01-10 08:01:56, 2026-01-10 08:16:49, 2026-01-10 08:32:06, 2026-01-10 08:40:23, 2026-01-10 08:47:00, 2026-01-10 09:02:09, 2026-01-10 09:16:39, 2026-01-10 09:31:52, 2026-01-10 09:33:53, 2026-01-10 09:46:44, 2026-01-10 10:02:10, 2026-01-10 10:16:42, 2026-01-10 10:31:44, 2026-01-10 10:32:02, 2026-01-10 10:46:49, 2026-01-10 11:01:52, 2026-01-10 11:17:04" }, "geometry": { "type": "Polygon", "coordinates": [ [ [ -72.309800518616015, 45.166780778856179 ], [ -72.316033963479398, 45.169526112867665 ], [ -72.315789938164812, 45.174717509468231 ], [ -72.309311315657084, 45.17716351817959 ], [ -72.303077394349089, 45.174417808196466 ], [ -72.303322571971336, 45.169226465536994 ], [ -72.309800518616015, 45.166780778856179 ] ] ] } },
{ "type": "Feature", "properties": { "hex_id": 802922, "centroid_lon": -71.104203861717409, "centroid_lat": 46.501351954063786, "total_occurrences": 44.0, "days_affected": 1, "first_occurrence": "2026-01-10 00:31:53", "last_occurrence": "2026-01-10 09:02:09", "all_datetimes": "2026-01-10 00:31:53, 2026-01-10 00:36:33, 2026-01-10 00:46:46, 2026-01-10 01:01:52, 2026-01-10 01:16:57, 2026-01-10 01:31:57, 2026-01-10 01:47:16, 2026-01-10 01:47:22, 2026-01-10 02:01:45, 2026-01-10 02:16:50, 2026-01-10 02:31:07, 2026-01-10 02:32:06, 2026-01-10 02:46:45, 2026-01-10 03:01:57, 2026-01-10 03:17:07, 2026-01-10 03:31:48, 2026-01-10 03:40:14, 2026-01-10 03:46:52, 2026-01-10 04:01:38, 2026-01-10 04:16:52, 2026-01-10 04:31:46, 2026-01-10 04:32:51, 2026-01-10 04:46:51, 2026-01-10 05:02:13, 2026-01-10 05:16:44, 2026-01-10 05:31:37, 2026-01-10 05:35:58, 2026-01-10 05:46:51, 2026-01-10 06:01:50, 2026-01-10 06:16:51, 2026-01-10 06:28:23, 2026-01-10 06:32:04, 2026-01-10 06:47:08, 2026-01-10 07:01:41, 2026-01-10 07:16:37, 2026-01-10 07:31:49, 2026-01-10 07:46:56, 2026-01-10 08:00:39, 2026-01-10 08:01:56, 2026-01-10 08:16:49, 2026-01-10 08:32:06, 2026-01-10 08:40:23, 2026-01-10 08:47:00, 2026-01-10 09:02:09" }, "geometry": { "type": "Polygon", "coordinates": [ [ [ -71.104574650588177, 46.496168081422205 ], [ -71.110890276695102, 46.498981584543067 ], [ -71.110520051712996, 46.504165493566653 ], [ -71.103832970517459, 46.506535819704162 ], [ -71.097516882868604, 46.503721913203904 ], [ -71.097888337922072, 46.498538084011372 ], [ -71.104574650588177, 46.496168081422205 ] ] ] } },
{ "type": "Feature", "properties": { "hex_id": 840719, "centroid_lon": -70.766069506504721, "centroid_lat": 45.647431026195129, "total_occurrences": 19.0, "days_affected": 1, "first_occurrence": "2026-01-10 00:31:53", "last_occurrence": "2026-01-10 04:01:38", "all_datetimes": "2026-01-10 00:31:53, 2026-01-10 00:36:33, 2026-01-10 00:46:46, 2026-01-10 01:01:52, 2026-01-10 01:16:57, 2026-01-10 01:31:57, 2026-01-10 01:47:16, 2026-01-10 01:47:22, 2026-01-10 02:01:45, 2026-01-10 02:16:50, 2026-01-10 02:31:07, 2026-01-10 02:32:06, 2026-01-10 02:46:45, 2026-01-10 03:01:57, 2026-01-10 03:17:07, 2026-01-10 03:31:48, 2026-01-10 03:40:14, 2026-01-10 03:46:52, 2026-01-10 04:01:38" }, "geometry": { "type": "Polygon", "coordinates": [ [ [ -70.76646060085146, 45.642248554002308 ], [ -70.772663894175238, 45.645077177103396 ], [ -70.772273333344728, 45.650259688298071 ], [ -70.765678305429503, 45.652613491050928 ], [ -70.759474585335866, 45.649784473271161 ], [ -70.759866319891515, 45.644602047480909 ], [ -70.76646060085146, 45.642248554002308 ] ] ] } },
{ "type": "Feature", "properties": { "hex_id": 512308, "centroid_lon": -74.208833878775522, "centroid_lat": 46.315599803984476, "total_occurrences": 4.0, "days_affected": 1, "first_occurrence": "2026-01-10 00:46:46", "last_occurrence": "2026-01-10 01:31:57", "all_datetimes": "2026-01-10 00:46:46, 2026-01-10 01:01:52, 2026-01-10 01:16:57, 2026-01-10 01:31:57" }, "geometry": { "type": "Polygon", "coordinates": [ [ [ -74.208908747933464, 46.310404234541643 ], [ -74.215364670943529, 46.313046764717704 ], [ -74.215290405892191, 46.318242339812222 ], [ -74.208758988959445, 46.32079536859117 ], [ -74.20230248250445, 46.318152465197144 ], [ -74.202377976420053, 46.3129569063086 ], [ -74.208908747933464, 46.310404234541643 ] ] ] } },
{ "type": "Feature", "properties": { "hex_id": 517113, "centroid_lon": -74.175194547700258, "centroid_lat": 45.08375885153032, "total_occurrences": 40.0, "days_affected": 1, "first_occurrence": "2026-01-10 00:46:46", "last_occurrence": "2026-01-10 18:01:40", "all_datetimes": "2026-01-10 00:46:46, 2026-01-10 10:31:44, 2026-01-10 10:32:02, 2026-01-10 10:46:49, 2026-01-10 11:01:52, 2026-01-10 11:17:04, 2026-01-10 11:31:52, 2026-01-10 11:38:28, 2026-01-10 11:46:36, 2026-01-10 12:01:39, 2026-01-10 12:16:53, 2026-01-10 12:31:48, 2026-01-10 12:32:08, 2026-01-10 12:46:59, 2026-01-10 13:01:55, 2026-01-10 13:16:53, 2026-01-10 13:31:50, 2026-01-10 13:45:18, 2026-01-10 13:46:47, 2026-01-10 14:01:49, 2026-01-10 14:17:10, 2026-01-10 14:26:43, 2026-01-10 14:31:57, 2026-01-10 14:46:44, 2026-01-10 15:02:09, 2026-01-10 15:16:35, 2026-01-10 15:31:36, 2026-01-10 15:35:25, 2026-01-10 15:46:38, 2026-01-10 16:01:42, 2026-01-10 16:16:42, 2026-01-10 16:30:18, 2026-01-10 16:31:48, 2026-01-10 16:46:49, 2026-01-10 17:01:47, 2026-01-10 17:16:52, 2026-01-10 17:32:06, 2026-01-10 17:35:18, 2026-01-10 17:46:57, 2026-01-10 18:01:40" }, "geometry": { "type": "Polygon", "coordinates": [ [ [ -74.175269319262071, 45.078562200020734 ], [ -74.181584205746432, 45.081206226519257 ], [ -74.181509999827384, 45.086402883840691 ], [ -74.175119755816311, 45.088955498193634 ], [ -74.168804324014729, 45.086311113754441 ], [ -74.16887968153469, 45.081114472966618 ], [ -74.175269319262071, 45.078562200020734 ] ] ] } },
{ "type": "Feature", "properties": { "hex_id": 573306, "centroid_lon": -73.580378760788392, "centroid_lat": 45.498871598860745, "total_occurrences": 67.0, "days_affected": 1, "first_occurrence": "2026-01-10 00:46:46", "last_occurrence": "2026-01-10 14:01:49", "all_datetimes": "2026-01-10 00:46:46, 2026-01-10 01:01:52, 2026-01-10 01:16:57, 2026-01-10 01:31:57, 2026-01-10 01:47:16, 2026-01-10 01:47:22, 2026-01-10 02:01:45, 2026-01-10 02:16:50, 2026-01-10 02:31:07, 2026-01-10 02:32:06, 2026-01-10 02:46:45, 2026-01-10 03:01:57, 2026-01-10 03:17:07, 2026-01-10 03:31:48, 2026-01-10 03:40:14, 2026-01-10 03:46:52, 2026-01-10 04:01:38, 2026-01-10 04:16:52, 2026-01-10 04:31:46, 2026-01-10 04:32:51, 2026-01-10 04:46:51, 2026-01-10 05:02:13, 2026-01-10 05:16:44, 2026-01-10 05:31:37, 2026-01-10 05:35:58, 2026-01-10 05:46:51, 2026-01-10 06:01:50, 2026-01-10 06:16:51, 2026-01-10 06:28:23, 2026-01-10 06:32:04, 2026-01-10 06:47:08, 2026-01-10 07:01:41, 2026-01-10 07:16:37, 2026-01-10 07:31:49, 2026-01-10 07:46:56, 2026-01-10 08:00:39, 2026-01-10 08:01:56, 2026-01-10 08:16:49, 2026-01-10 08:32:06, 2026-01-10 08:40:23, 2026-01-10 08:47:00, 2026-01-10 09:02:09, 2026-01-10 09:16:39, 2026-01-10 09:31:52, 2026-01-10 09:33:53, 2026-01-10 09:46:44, 2026-01-10 10:02:10, 2026-01-10 10:16:42, 2026-01-10 10:31:44, 2026-01-10 10:32:02, 2026-01-10 10:46:49, 2026-01-10 11:01:52, 2026-01-10 11:17:04, 2026-01-10 11:31:52, 2026-01-10 11:38:28, 2026-01-10 11:46:36, 2026-01-10 12:01:39, 2026-01-10 12:16:53, 2026-01-10 12:31:48, 2026-01-10 12:32:08, 2026-01-10 12:46:59, 2026-01-10 13:01:55, 2026-01-10 13:16:53, 2026-01-10 13:31:50, 2026-01-10 13:45:18, 2026-01-10 13:46:47, 2026-01-10 14:01:49" }, "geometry": { "type": "Polygon", "coordinates": [ [ [ -73.580509320943918, 45.493676384882136 ], [ -73.586841521870511, 45.496353331796726 ], [ -73.586711531884404, 45.501548557550834 ], [ -73.580248164980915, 45.504066807800697 ], [ -73.573915429542865, 45.501389492123373 ], [ -73.574046595507809, 45.496194295023372 ], [ -73.580509320943918, 45.493676384882136 ] ] ] } },
{ "type": "Feature", "properties": { "hex_id": 608721, "centroid_lon": -73.206386464444194, "centroid_lat": 45.587152789005046, "total_occurrences": 71.0, "days_affected": 1, "first_occurrence": "2026-01-10 00:46:46", "last_occurrence": "2026-01-10 14:46:44", "all_datetimes": "2026-01-10 00:46:46, 2026-01-10 01:01:52, 2026-01-10 01:16:57, 2026-01-10 01:31:57, 2026-01-10 01:47:16, 2026-01-10 01:47:22, 2026-01-10 02:01:45, 2026-01-10 02:16:50, 2026-01-10 02:31:07, 2026-01-10 02:32:06, 2026-01-10 02:46:45, 2026-01-10 03:01:57, 2026-01-10 03:17:07, 2026-01-10 03:31:48, 2026-01-10 03:40:14, 2026-01-10 03:46:52, 2026-01-10 04:01:38, 2026-01-10 04:16:52, 2026-01-10 04:31:46, 2026-01-10 04:32:51, 2026-01-10 04:46:51, 2026-01-10 05:02:13, 2026-01-10 05:16:44, 2026-01-10 05:31:37, 2026-01-10 05:35:58, 2026-01-10 05:46:51, 2026-01-10 06:01:50, 2026-01-10 06:16:51, 2026-01-10 06:28:23, 2026-01-10 06:32:04, 2026-01-10 06:47:08, 2026-01-10 07:01:41, 2026-01-10 07:16:37, 2026-01-10 07:31:49, 2026-01-10 07:46:56, 2026-01-10 08:00:39, 2026-01-10 08:01:56, 2026-01-10 08:16:49, 2026-01-10 08:32:06, 2026-01-10 08:40:23, 2026-01-10 08:47:00, 2026-01-10 09:02:09, 2026-01-10 09:16:39, 2026-01-10 09:31:52, 2026-01-10 09:33:53, 2026-01-10 09:46:44, 2026-01-10 10:02:10, 2026-01-10 10:16:42, 2026-01-10 10:31:44, 2026-01-10 10:32:02, 2026-01-10 10:46:49, 2026-01-10 11:01:52, 2026-01-10 11:17:04, 2026-01-10 11:31:52, 2026-01-10 11:38:28, 2026-01-10 11:46:36, 2026-01-10 12:01:39, 2026-01-10 12:16:53, 2026-01-10 12:31:48, 2026-01-10 12:32:08, 2026-01-10 12:46:59, 2026-01-10 13:01:55, 2026-01-10 13:16:53, 2026-01-10 13:31:50, 2026-01-10 13:45:18, 2026-01-10 13:46:47, 2026-01-10 14:01:49, 2026-01-10 14:17:10, 2026-01-10 14:26:43, 2026-01-10 14:31:57, 2026-01-10 14:46:44" }, "geometry": { "type": "Polygon", "coordinates": [ [ [ -73.206551918315725, 45.581958608147829 ], [ -73.212875522131483, 45.58465613114106 ], [ -73.212710635949875, 45.589850327484626 ], [ -73.206220965352387, 45.592346964649671 ], [ -73.199896839074569, 45.589649068322984 ], [ -73.200062905841122, 45.584454908229269 ], [ -73.206551918315725, 45.581958608147829 ] ] ] } },
{ "type": "Feature", "properties": { "hex_id": 704623, "centroid_lon": -72.158715027892413, "centroid_lat": 46.399938352508208, "total_occurrences": 62.0, "days_affected": 1, "first_occurrence": "2026-01-10 00:46:46", "last_occurrence": "2026-01-10 13:01:55", "all_datetimes": "2026-01-10 00:46:46, 2026-01-10 01:01:52, 2026-01-10 01:16:57, 2026-01-10 01:31:57, 2026-01-10 01:47:16, 2026-01-10 01:47:22, 2026-01-10 02:01:45, 2026-01-10 02:16:50, 2026-01-10 02:31:07, 2026-01-10 02:32:06, 2026-01-10 02:46:45, 2026-01-10 03:01:57, 2026-01-10 03:17:07, 2026-01-10 03:31:48, 2026-01-10 03:40:14, 2026-01-10 03:46:52, 2026-01-10 04:01:38, 2026-01-10 04:16:52, 2026-01-10 04:31:46, 2026-01-10 04:32:51, 2026-01-10 04:46:51, 2026-01-10 05:02:13, 2026-01-10 05:16:44, 2026-01-10 05:31:37, 2026-01-10 05:35:58, 2026-01-10 05:46:51, 2026-01-10 06:01:50, 2026-01-10 06:16:51, 2026-01-10 06:28:23, 2026-01-10 06:32:04, 2026-01-10 06:47:08, 2026-01-10 07:01:41, 2026-01-10 07:16:37, 2026-01-10 07:31:49, 2026-01-10 07:46:56, 2026-01-10 08:00:39, 2026-01-10 08:01:56, 2026-01-10 08:16:49, 2026-01-10 08:32:06, 2026-01-10 08:40:23, 2026-01-10 08:47:00, 2026-01-10 09:02:09, 2026-01-10 09:16:39, 2026-01-10 09:31:52, 2026-01-10 09:33:53, 2026-01-10 09:46:44, 2026-01-10 10:02:10, 2026-01-10 10:16:42, 2026-01-10 10:31:44, 2026-01-10 10:32:02, 2026-01-10 10:46:49, 2026-01-10 11:01:52, 2026-01-10 11:17:04, 2026-01-10 11:31:52, 2026-01-10 11:38:28, 2026-01-10 11:46:36, 2026-01-10 12:01:39, 2026-01-10 12:16:53, 2026-01-10 12:31:48, 2026-01-10 12:32:08, 2026-01-10 12:46:59, 2026-01-10 13:01:55" }, "geometry": { "type": "Polygon", "coordinates": [ [ [ -72.158984593479246, 46.394748760636993 ], [ -72.16534580646632, 46.397504889077887 ], [ -72.165076818096935, 46.402694507045517 ], [ -72.158445387929461, 46.405127938438319 ], [ -72.15208367211379, 46.402371416762875 ], [ -72.152353889268667, 46.39718185699531 ], [ -72.158984593479246, 46.394748760636993 ] ] ] } },
{ "type": "Feature", "properties": { "hex_id": 378570, "centroid_lon": -75.624302555443165, "centroid_lat": 45.716454609713161, "total_occurrences": 41.0, "days_affected": 1, "first_occurrence": "2026-01-10 01:01:52", "last_occurrence": "2026-01-10 09:02:09", "all_datetimes": "2026-01-10 01:01:52, 2026-01-10 01:16:57, 2026-01-10 01:31:57, 2026-01-10 01:47:16, 2026-01-10 01:47:22, 2026-01-10 02:01:45, 2026-01-10 02:16:50, 2026-01-10 02:31:07, 2026-01-10 02:32:06, 2026-01-10 02:46:45, 2026-01-10 03:01:57, 2026-01-10 03:17:07, 2026-01-10 03:31:48, 2026-01-10 03:40:14, 2026-01-10 03:46:52, 2026-01-10 04:01:38, 2026-01-10 04:16:52, 2026-01-10 04:31:46, 2026-01-10 04:32:51, 2026-01-10 04:46:51, 2026-01-10 05:02:13, 2026-01-10 05:16:44, 2026-01-10 05:31:37, 2026-01-10 05:35:58, 2026-01-10 05:46:51, 2026-01-10 06:01:50, 2026-01-10 06:16:51, 2026-01-10 06:28:23, 2026-01-10 06:32:04, 2026-01-10 06:47:08, 2026-01-10 07:01:41, 2026-01-10 07:16:37, 2026-01-10 07:31:49, 2026-01-10 07:46:56, 2026-01-10 08:00:39, 2026-01-10 08:01:56, 2026-01-10 08:16:49, 2026-01-10 08:32:06, 2026-01-10 08:40:23, 2026-01-10 08:47:00, 2026-01-10 09:02:09" }, "geometry": { "type": "Polygon", "coordinates": [ [ [ -75.624244697566482, 45.711258305949627 ], [ -75.630697454205986, 45.713821176498008 ], [ -75.630755915352822, 45.719017471500258 ], [ -75.624360429164796, 45.721650908672544 ], [ -75.617907053407535, 45.719087686860064 ], [ -75.6178497829614, 45.713891379204483 ], [ -75.624244697566482, 45.711258305949627 ] ] ] } },
{ "type": "Feature", "properties": { "hex_id": 597698, "centroid_lon": -73.337287679474471, "centroid_lat": 45.059040592707049, "total_occurrences": 5.0, "days_affected": 1, "first_occurrence": "2026-01-10 01:01:52", "last_occurrence": "2026-01-10 01:47:22", "all_datetimes": "2026-01-10 01:01:52, 2026-01-10 01:16:57, 2026-01-10 01:31:57, 2026-01-10 01:47:16, 2026-01-10 01:47:22" }, "geometry": { "type": "Polygon", "coordinates": [ [ [ -73.337438264663817, 45.053845570984265 ], [ -73.343710498512792, 45.056535339320995 ], [ -73.343560467205307, 45.061730375092118 ], [ -73.337137053382293, 45.064235609288296 ], [ -73.330864306561082, 45.061545475485865 ], [ -73.331015486521565, 45.056350473016359 ], [ -73.337438264663817, 45.053845570984265 ] ] ] } },
{ "type": "Feature", "properties": { "hex_id": 695384, "centroid_lon": -72.317740285354347, "centroid_lat": 45.133186175016874, "total_occurrences": 31.0, "days_affected": 1, "first_occurrence": "2026-01-10 01:01:52", "last_occurrence": "2026-01-10 07:01:41", "all_datetimes": "2026-01-10 01:01:52, 2026-01-10 01:16:57, 2026-01-10 01:31:57, 2026-01-10 01:47:16, 2026-01-10 01:47:22, 2026-01-10 02:01:45, 2026-01-10 02:16:50, 2026-01-10 02:31:07, 2026-01-10 02:32:06, 2026-01-10 02:46:45, 2026-01-10 03:01:57, 2026-01-10 03:17:07, 2026-01-10 03:31:48, 2026-01-10 03:40:14, 2026-01-10 03:46:52, 2026-01-10 04:01:38, 2026-01-10 04:16:52, 2026-01-10 04:31:46, 2026-01-10 04:32:51, 2026-01-10 04:46:51, 2026-01-10 05:02:13, 2026-01-10 05:16:44, 2026-01-10 05:31:37, 2026-01-10 05:35:58, 2026-01-10 05:46:51, 2026-01-10 06:01:50, 2026-01-10 06:16:51, 2026-01-10 06:28:23, 2026-01-10 06:32:04, 2026-01-10 06:47:08, 2026-01-10 07:01:41" }, "geometry": { "type": "Polygon", "coordinates": [ [ [ -72.317983780839299, 45.127994732235862 ], [ -72.324213495403228, 45.130739546639404 ], [ -72.32397054185428, 45.135931013373948 ], [ -72.317496723717611, 45.138377612026602 ], [ -72.311266533380461, 45.135632422213831 ], [ -72.311510636931231, 45.130441009220888 ], [ -72.317983780839299, 45.127994732235862 ] ] ] } },
{ "type": "Feature", "properties": { "hex_id": 769268, "centroid_lon": -71.536834863007314, "centroid_lat": 45.32263977134307, "total_occurrences": 31.0, "days_affected": 1, "first_occurrence": "2026-01-10 01:01:52", "last_occurrence": "2026-01-10 07:01:41", "all_datetimes": "2026-01-10 01:01:52, 2026-01-10 01:16:57, 2026-01-10 01:31:57, 2026-01-10 01:47:16, 2026-01-10 01:47:22, 2026-01-10 02:01:45, 2026-01-10 02:16:50, 2026-01-10 02:31:07, 2026-01-10 02:32:06, 2026-01-10 02:46:45, 2026-01-10 03:01:57, 2026-01-10 03:17:07, 2026-01-10 03:31:48, 2026-01-10 03:40:14, 2026-01-10 03:46:52, 2026-01-10 04:01:38, 2026-01-10 04:16:52, 2026-01-10 04:31:46, 2026-01-10 04:32:51, 2026-01-10 04:46:51, 2026-01-10 05:02:13, 2026-01-10 05:16:44, 2026-01-10 05:31:37, 2026-01-10 05:35:58, 2026-01-10 05:46:51, 2026-01-10 06:01:50, 2026-01-10 06:16:51, 2026-01-10 06:28:23, 2026-01-10 06:32:04, 2026-01-10 06:47:08, 2026-01-10 07:01:41" }, "geometry": { "type": "Polygon", "coordinates": [ [ [ -71.53715125480818, 45.317452304048146 ], [ -71.54336099556626, 45.320239167627101 ], [ -71.54304513977138, 45.325426666432442 ], [ -71.536518385122321, 45.327827232175188 ], [ -71.530308194456751, 45.325039984249067 ], [ -71.530625208319037, 45.319852554990732 ], [ -71.53715125480818, 45.317452304048146 ] ] ] } },
{ "type": "Feature", "properties": { "hex_id": 539806, "centroid_lon": -73.9087105585578, "centroid_lat": 46.710617938238016, "total_occurrences": 76.0, "days_affected": 1, "first_occurrence": "2026-01-10 01:16:57", "last_occurrence": "2026-01-10 16:16:42", "all_datetimes": "2026-01-10 01:16:57, 2026-01-10 01:31:57, 2026-01-10 01:47:16, 2026-01-10 01:47:22, 2026-01-10 02:01:45, 2026-01-10 02:16:50, 2026-01-10 02:31:07, 2026-01-10 02:32:06, 2026-01-10 02:46:45, 2026-01-10 03:01:57, 2026-01-10 03:17:07, 2026-01-10 03:31:48, 2026-01-10 03:40:14, 2026-01-10 03:46:52, 2026-01-10 04:01:38, 2026-01-10 04:16:52, 2026-01-10 04:31:46, 2026-01-10 04:32:51, 2026-01-10 04:46:51, 2026-01-10 05:02:13, 2026-01-10 05:16:44, 2026-01-10 05:31:37, 2026-01-10 05:35:58, 2026-01-10 05:46:51, 2026-01-10 06:01:50, 2026-01-10 06:16:51, 2026-01-10 06:28:23, 2026-01-10 06:32:04, 2026-01-10 06:47:08, 2026-01-10 07:01:41, 2026-01-10 07:16:37, 2026-01-10 07:31:49, 2026-01-10 07:46:56, 2026-01-10 08:00:39, 2026-01-10 08:01:56, 2026-01-10 08:16:49, 2026-01-10 08:32:06, 2026-01-10 08:40:23, 2026-01-10 08:47:00, 2026-01-10 09:02:09, 2026-01-10 09:16:39, 2026-01-10 09:31:52, 2026-01-10 09:33:53, 2026-01-10 09:46:44, 2026-01-10 10:02:10, 2026-01-10 10:16:42, 2026-01-10 10:31:44, 2026-01-10 10:32:02, 2026-01-10 10:46:49, 2026-01-10 11:01:52, 2026-01-10 11:17:04, 2026-01-10 11:31:52, 2026-01-10 11:38:28, 2026-01-10 11:46:36, 2026-01-10 12:01:39, 2026-01-10 12:16:53, 2026-01-10 12:31:48, 2026-01-10 12:32:08, 2026-01-10 12:46:59, 2026-01-10 13:01:55, 2026-01-10 13:16:53, 2026-01-10 13:31:50, 2026-01-10 13:45:18, 2026-01-10 13:46:47, 2026-01-10 14:01:49, 2026-01-10 14:17:10, 2026-01-10 14:26:43, 2026-01-10 14:31:57, 2026-01-10 14:46:44, 2026-01-10 15:02:09, 2026-01-10 15:16:35, 2026-01-10 15:31:36, 2026-01-10 15:35:25, 2026-01-10 15:46:38, 2026-01-10 16:01:42, 2026-01-10 16:16:42" }, "geometry": { "type": "Polygon", "coordinates": [ [ [ -73.908815259176691, 46.705423176909861 ], [ -73.915302920602528, 46.7080827446092 ], [ -73.915198832744863, 46.713277514700025 ], [ -73.908605828901955, 46.715812694647767 ], [ -73.902117583756876, 46.71315274564099 ], [ -73.902222926163887, 46.707957998061346 ], [ -73.908815259176691, 46.705423176909861 ] ] ] } },
{ "type": "Feature", "properties": { "hex_id": 683417, "centroid_lon": -72.25741120096103, "centroid_lat": 48.919513676549322, "total_occurrences": 14.0, "days_affected": 1, "first_occurrence": "2026-01-10 01:16:57", "last_occurrence": "2026-01-10 03:46:52", "all_datetimes": "2026-01-10 01:16:57, 2026-01-10 01:31:57, 2026-01-10 01:47:16, 2026-01-10 01:47:22, 2026-01-10 02:01:45, 2026-01-10 02:16:50, 2026-01-10 02:31:07, 2026-01-10 02:32:06, 2026-01-10 02:46:45, 2026-01-10 03:01:57, 2026-01-10 03:17:07, 2026-01-10 03:31:48, 2026-01-10 03:40:14, 2026-01-10 03:46:52" }, "geometry": { "type": "Polygon", "coordinates": [ [ [ -72.257695404929862, 48.914325935520189 ], [ -72.264370142382248, 48.917081819847496 ], [ -72.264086602150101, 48.922269587338349 ], [ -72.257126915682747, 48.924701411656713 ], [ -72.250451595818078, 48.921945099767704 ], [ -72.250736544803189, 48.916757391194842 ], [ -72.257695404929862, 48.914325935520189 ] ] ] } },
{ "type": "Feature", "properties": { "hex_id": 867036, "centroid_lon": -70.406928880281555, "centroid_lat": 46.654717474062437, "total_occurrences": 28.0, "days_affected": 1, "first_occurrence": "2026-01-10 01:16:57", "last_occurrence": "2026-01-10 06:32:04", "all_datetimes": "2026-01-10 01:16:57, 2026-01-10 01:31:57, 2026-01-10 01:47:16, 2026-01-10 01:47:22, 2026-01-10 02:01:45, 2026-01-10 02:16:50, 2026-01-10 02:31:07, 2026-01-10 02:32:06, 2026-01-10 02:46:45, 2026-01-10 03:01:57, 2026-01-10 03:17:07, 2026-01-10 03:31:48, 2026-01-10 03:40:14, 2026-01-10 03:46:52, 2026-01-10 04:01:38, 2026-01-10 04:16:52, 2026-01-10 04:31:46, 2026-01-10 04:32:51, 2026-01-10 04:46:51, 2026-01-10 05:02:13, 2026-01-10 05:16:44, 2026-01-10 05:31:37, 2026-01-10 05:35:58, 2026-01-10 05:46:51, 2026-01-10 06:01:50, 2026-01-10 06:16:51, 2026-01-10 06:28:23, 2026-01-10 06:32:04" }, "geometry": { "type": "Polygon", "coordinates": [ [ [ -70.407368248057352, 46.649538427161396 ], [ -70.413662054177649, 46.652389783839517 ], [ -70.413223243560978, 46.657568873893553 ], [ -70.40648939111469, 46.659896513067565 ], [ -70.400195149247239, 46.65704474547222 ], [ -70.400635195531436, 46.651865749685832 ], [ -70.407368248057352, 46.649538427161396 ] ] ] } },
{ "type": "Feature", "properties": { "hex_id": 1206029, "centroid_lon": -66.396219008249872, "centroid_lat": 49.004340420164638, "total_occurrences": 8.0, "days_affected": 1, "first_occurrence": "2026-01-10 01:16:57", "last_occurrence": "2026-01-10 02:32:06", "all_datetimes": "2026-01-10 01:16:57, 2026-01-10 01:31:57, 2026-01-10 01:47:16, 2026-01-10 01:47:22, 2026-01-10 02:01:45, 2026-01-10 02:16:50, 2026-01-10 02:31:07, 2026-01-10 02:32:06" }, "geometry": { "type": "Polygon", "coordinates": [ [ [ -66.397110245890829, 48.999205312852133 ], [ -66.403423946005944, 49.002280492160715 ], [ -66.402533261159064, 49.007415682431372 ], [ -66.395327517876368, 49.00947551081093 ], [ -66.389013517745511, 49.006399860533989 ], [ -66.389905560821532, 49.001264852913394 ], [ -66.397110245890829, 48.999205312852133 ] ] ] } },
{ "type": "Feature", "properties": { "hex_id": 513504, "centroid_lon": -74.201496173954155, "centroid_lat": 45.925829287757473, "total_occurrences": 68.0, "days_affected": 1, "first_occurrence": "2026-01-10 01:31:57", "last_occurrence": "2026-01-10 14:46:44", "all_datetimes": "2026-01-10 01:31:57, 2026-01-10 01:47:16, 2026-01-10 01:47:22, 2026-01-10 02:01:45, 2026-01-10 02:16:50, 2026-01-10 02:31:07, 2026-01-10 02:32:06, 2026-01-10 02:46:45, 2026-01-10 03:01:57, 2026-01-10 03:17:07, 2026-01-10 03:31:48, 2026-01-10 03:40:14, 2026-01-10 03:46:52, 2026-01-10 04:01:38, 2026-01-10 04:16:52, 2026-01-10 04:31:46, 2026-01-10 04:32:51, 2026-01-10 04:46:51, 2026-01-10 05:02:13, 2026-01-10 05:16:44, 2026-01-10 05:31:37, 2026-01-10 05:35:58, 2026-01-10 05:46:51, 2026-01-10 06:01:50, 2026-01-10 06:16:51, 2026-01-10 06:28:23, 2026-01-10 06:32:04, 2026-01-10 06:47:08, 2026-01-10 07:01:41, 2026-01-10 07:16:37, 2026-01-10 07:31:49, 2026-01-10 07:46:56, 2026-01-10 08:00:39, 2026-01-10 08:01:56, 2026-01-10 08:16:49, 2026-01-10 08:32:06, 2026-01-10 08:40:23, 2026-01-10 08:47:00, 2026-01-10 09:02:09, 2026-01-10 09:16:39, 2026-01-10 09:31:52, 2026-01-10 09:33:53, 2026-01-10 09:46:44, 2026-01-10 10:02:10, 2026-01-10 10:16:42, 2026-01-10 10:31:44, 2026-01-10 10:32:02, 2026-01-10 10:46:49, 2026-01-10 11:01:52, 2026-01-10 11:17:04, 2026-01-10 11:31:52, 2026-01-10 11:38:28, 2026-01-10 11:46:36, 2026-01-10 12:01:39, 2026-01-10 12:16:53, 2026-01-10 12:31:48, 2026-01-10 12:32:08, 2026-01-10 12:46:59, 2026-01-10 13:01:55, 2026-01-10 13:16:53, 2026-01-10 13:31:50, 2026-01-10 13:45:18, 2026-01-10 13:46:47, 2026-01-10 14:01:49, 2026-01-10 14:17:10, 2026-01-10 14:26:43, 2026-01-10 14:31:57, 2026-01-10 14:46:44" }, "geometry": { "type": "Polygon", "coordinates": [ [ [ -74.201570717292256, 45.92063337169315 ], [ -74.207981169115669, 45.923276201742993 ], [ -74.207907217420825, 45.928472123476283 ], [ -74.20142161014941, 45.931025198982262 ], [ -74.195010587152836, 45.928382000654437 ], [ -74.195085742593889, 45.923186095164183 ], [ -74.201570717292256, 45.92063337169315 ] ] ] } },
{ "type": "Feature", "properties": { "hex_id": 775434, "centroid_lon": -71.412691124000077, "centroid_lat": 46.26982059060316, "total_occurrences": 88.0, "days_affected": 1, "first_occurrence": "2026-01-10 01:31:57", "last_occurrence": "2026-01-10 18:46:46", "all_datetimes": "2026-01-10 01:31:57, 2026-01-10 01:47:16, 2026-01-10 01:47:22, 2026-01-10 02:01:45, 2026-01-10 02:16:50, 2026-01-10 02:31:07, 2026-01-10 02:32:06, 2026-01-10 02:46:45, 2026-01-10 03:01:57, 2026-01-10 03:17:07, 2026-01-10 03:31:48, 2026-01-10 03:40:14, 2026-01-10 03:46:52, 2026-01-10 04:01:38, 2026-01-10 04:16:52, 2026-01-10 04:31:46, 2026-01-10 04:32:51, 2026-01-10 04:46:51, 2026-01-10 05:02:13, 2026-01-10 05:16:44, 2026-01-10 05:31:37, 2026-01-10 05:35:58, 2026-01-10 05:46:51, 2026-01-10 06:01:50, 2026-01-10 06:16:51, 2026-01-10 06:28:23, 2026-01-10 06:32:04, 2026-01-10 06:47:08, 2026-01-10 07:01:41, 2026-01-10 07:16:37, 2026-01-10 07:31:49, 2026-01-10 07:46:56, 2026-01-10 08:00:39, 2026-01-10 08:01:56, 2026-01-10 08:16:49, 2026-01-10 08:32:06, 2026-01-10 08:40:23, 2026-01-10 08:47:00, 2026-01-10 09:02:09, 2026-01-10 09:16:39, 2026-01-10 09:31:52, 2026-01-10 09:33:53, 2026-01-10 09:46:44, 2026-01-10 10:02:10, 2026-01-10 10:16:42, 2026-01-10 10:31:44, 2026-01-10 10:32:02, 2026-01-10 10:46:49, 2026-01-10 11:01:52, 2026-01-10 11:17:04, 2026-01-10 11:31:52, 2026-01-10 11:38:28, 2026-01-10 11:46:36, 2026-01-10 12:01:39, 2026-01-10 12:16:53, 2026-01-10 12:31:48, 2026-01-10 12:32:08, 2026-01-10 12:46:59, 2026-01-10 13:01:55, 2026-01-10 13:16:53, 2026-01-10 13:31:50, 2026-01-10 13:45:18, 2026-01-10 13:46:47, 2026-01-10 14:01:49, 2026-01-10 14:17:10, 2026-01-10 14:26:43, 2026-01-10 14:31:57, 2026-01-10 14:46:44, 2026-01-10 15:02:09, 2026-01-10 15:16:35, 2026-01-10 15:31:36, 2026-01-10 15:35:25, 2026-01-10 15:46:38, 2026-01-10 16:01:42, 2026-01-10 16:16:42, 2026-01-10 16:30:18, 2026-01-10 16:31:48, 2026-01-10 16:46:49, 2026-01-10 17:01:47, 2026-01-10 17:16:52, 2026-01-10 17:32:06, 2026-01-10 17:35:18, 2026-01-10 17:46:57, 2026-01-10 18:01:40, 2026-01-10 18:17:22, 2026-01-10 18:31:07, 2026-01-10 18:31:38, 2026-01-10 18:46:46" }, "geometry": { "type": "Polygon", "coordinates": [ [ [ -71.413029844838704, 46.26463467917128 ], [ -71.419336358812529, 46.267430891087173 ], [ -71.418998199747662, 46.272616835783275 ], [ -71.412352309930071, 46.275006495390492 ], [ -71.40604532742978, 46.272209885702118 ], [ -71.406384703241713, 46.267024014244484 ], [ -71.413029844838704, 46.26463467917128 ] ] ] } },
{ "type": "Feature", "properties": { "hex_id": 822394, "centroid_lon": -70.969237579279749, "centroid_lat": 45.498882873445098, "total_occurrences": 4.0, "days_affected": 1, "first_occurrence": "2026-01-10 01:31:57", "last_occurrence": "2026-01-10 12:16:53", "all_datetimes": "2026-01-10 01:31:57, 2026-01-10 11:46:36, 2026-01-10 12:01:39, 2026-01-10 12:16:53" }, "geometry": { "type": "Polygon", "coordinates": [ [ [ -70.969608015426047, 45.493698936204304 ], [ -70.975806426582281, 45.496516343892289 ], [ -70.975436522880159, 45.501700318121358 ], [ -70.968867042198326, 45.504066803602591 ], [ -70.962668199549952, 45.501249004756502 ], [ -70.963039269041786, 45.496065111650729 ], [ -70.969608015426047, 45.493698936204304 ] ] ] } },
{ "type": "Feature", "properties": { "hex_id": 604482, "centroid_lon": -73.234295453763323, "centroid_lat": 46.125430928779444, "total_occurrences": 3.0, "days_affected": 1, "first_occurrence": "2026-01-10 01:47:16", "last_occurrence": "2026-01-10 02:01:45", "all_datetimes": "2026-01-10 01:47:16, 2026-01-10 01:47:22, 2026-01-10 02:01:45" }, "geometry": { "type": "Polygon", "coordinates": [ [ [ -73.234461419366681, 46.120237160494632 ], [ -73.240846970057731, 46.1229338065558 ], [ -73.240681588972677, 46.128127590219414 ], [ -73.234129442494989, 46.130624691860646 ], [ -73.227743352958385, 46.127927665782529 ], [ -73.227909948729476, 46.122733918145961 ], [ -73.234461419366681, 46.120237160494632 ] ] ] } },
{ "type": "Feature", "properties": { "hex_id": 606257, "centroid_lon": -73.242682378307535, "centroid_lat": 45.244720565188409, "total_occurrences": 53.0, "days_affected": 1, "first_occurrence": "2026-01-10 01:47:16", "last_occurrence": "2026-01-10 12:01:39", "all_datetimes": "2026-01-10 01:47:16, 2026-01-10 01:47:22, 2026-01-10 02:01:45, 2026-01-10 02:16:50, 2026-01-10 02:31:07, 2026-01-10 02:32:06, 2026-01-10 02:46:45, 2026-01-10 03:01:57, 2026-01-10 03:17:07, 2026-01-10 03:31:48, 2026-01-10 03:40:14, 2026-01-10 03:46:52, 2026-01-10 04:01:38, 2026-01-10 04:16:52, 2026-01-10 04:31:46, 2026-01-10 04:32:51, 2026-01-10 04:46:51, 2026-01-10 05:02:13, 2026-01-10 05:16:44, 2026-01-10 05:31:37, 2026-01-10 05:35:58, 2026-01-10 05:46:51, 2026-01-10 06:01:50, 2026-01-10 06:16:51, 2026-01-10 06:28:23, 2026-01-10 06:32:04, 2026-01-10 06:47:08, 2026-01-10 07:01:41, 2026-01-10 07:16:37, 2026-01-10 07:31:49, 2026-01-10 07:46:56, 2026-01-10 08:00:39, 2026-01-10 08:01:56, 2026-01-10 08:16:49, 2026-01-10 08:32:06, 2026-01-10 08:40:23, 2026-01-10 08:47:00, 2026-01-10 09:02:09, 2026-01-10 09:16:39, 2026-01-10 09:31:52, 2026-01-10 09:33:53, 2026-01-10 09:46:44, 2026-01-10 10:02:10, 2026-01-10 10:16:42, 2026-01-10 10:31:44, 2026-01-10 10:32:02, 2026-01-10 10:46:49, 2026-01-10 11:01:52, 2026-01-10 11:17:04, 2026-01-10 11:31:52, 2026-01-10 11:38:28, 2026-01-10 11:46:36, 2026-01-10 12:01:39" }, "geometry": { "type": "Polygon", "coordinates": [ [ [ -73.242842562021266, 45.239525969511234 ], [ -73.249130326092072, 45.242221093622618 ], [ -73.248970700404939, 45.247415704326293 ], [ -73.242522150991661, 45.249915155675744 ], [ -73.236233872503647, 45.247219662905763 ], [ -73.236394657831596, 45.242025087508743 ], [ -73.242842562021266, 45.239525969511234 ] ] ] } },
{ "type": "Feature", "properties": { "hex_id": 694216, "centroid_lon": -72.291058463877519, "centroid_lat": 45.95885843098975, "total_occurrences": 22.0, "days_affected": 1, "first_occurrence": "2026-01-10 01:47:16", "last_occurrence": "2026-01-10 06:47:08", "all_datetimes": "2026-01-10 01:47:16, 2026-01-10 01:47:22, 2026-01-10 03:01:57, 2026-01-10 03:17:07, 2026-01-10 03:31:48, 2026-01-10 03:40:14, 2026-01-10 03:46:52, 2026-01-10 04:01:38, 2026-01-10 04:16:52, 2026-01-10 04:31:46, 2026-01-10 04:32:51, 2026-01-10 04:46:51, 2026-01-10 05:02:13, 2026-01-10 05:16:44, 2026-01-10 05:31:37, 2026-01-10 05:35:58, 2026-01-10 05:46:51, 2026-01-10 06:01:50, 2026-01-10 06:16:51, 2026-01-10 06:28:23, 2026-01-10 06:32:04, 2026-01-10 06:47:08" }, "geometry": { "type": "Polygon", "coordinates": [ [ [ -72.291311559475716, 45.953667855214384 ], [ -72.29762999610665, 45.956415839187486 ], [ -72.297377466260684, 45.961606439551907 ], [ -72.290805298831714, 45.96404900094624 ], [ -72.28448636590791, 45.961300630701317 ], [ -72.284740096682413, 45.956110085399025 ], [ -72.291311559475716, 45.953667855214384 ] ] ] } },
{ "type": "Feature", "properties": { "hex_id": 698489, "centroid_lon": -72.246328917699529, "centroid_lat": 45.949993726323584, "total_occurrences": 28.0, "days_affected": 1, "first_occurrence": "2026-01-10 01:47:16", "last_occurrence": "2026-01-10 07:01:41", "all_datetimes": "2026-01-10 01:47:16, 2026-01-10 01:47:22, 2026-01-10 02:01:45, 2026-01-10 02:16:50, 2026-01-10 02:31:07, 2026-01-10 02:32:06, 2026-01-10 02:46:45, 2026-01-10 03:01:57, 2026-01-10 03:17:07, 2026-01-10 03:31:48, 2026-01-10 03:40:14, 2026-01-10 03:46:52, 2026-01-10 04:01:38, 2026-01-10 04:16:52, 2026-01-10 04:31:46, 2026-01-10 04:32:51, 2026-01-10 04:46:51, 2026-01-10 05:02:13, 2026-01-10 05:16:44, 2026-01-10 05:31:37, 2026-01-10 05:35:58, 2026-01-10 05:46:51, 2026-01-10 06:01:50, 2026-01-10 06:16:51, 2026-01-10 06:28:23, 2026-01-10 06:32:04, 2026-01-10 06:47:08, 2026-01-10 07:01:41" }, "geometry": { "type": "Polygon", "coordinates": [ [ [ -72.246586109687073, 45.944803336064219 ], [ -72.2529012309233, 45.947553726705536 ], [ -72.25264460376053, 45.952744141985093 ], [ -72.246071655150828, 45.955184110728702 ], [ -72.239756039662936, 45.952433333545116 ], [ -72.240013867012493, 45.947242974225283 ], [ -72.246586109687073, 45.944803336064219 ] ] ] } },
{ "type": "Feature", "properties": { "hex_id": 752180, "centroid_lon": -71.70975176395072, "centroid_lat": 45.421304278779132, "total_occurrences": 78.0, "days_affected": 1, "first_occurrence": "2026-01-10 01:47:16", "last_occurrence": "2026-01-10 17:01:47", "all_datetimes": "2026-01-10 01:47:16, 2026-01-10 01:47:22, 2026-01-10 02:01:45, 2026-01-10 02:16:50, 2026-01-10 02:31:07, 2026-01-10 02:32:06, 2026-01-10 02:46:45, 2026-01-10 03:01:57, 2026-01-10 03:17:07, 2026-01-10 03:31:48, 2026-01-10 03:40:14, 2026-01-10 03:46:52, 2026-01-10 04:01:38, 2026-01-10 04:16:52, 2026-01-10 04:31:46, 2026-01-10 04:32:51, 2026-01-10 04:46:51, 2026-01-10 05:02:13, 2026-01-10 05:16:44, 2026-01-10 05:31:37, 2026-01-10 05:35:58, 2026-01-10 05:46:51, 2026-01-10 06:01:50, 2026-01-10 06:16:51, 2026-01-10 06:28:23, 2026-01-10 06:32:04, 2026-01-10 06:47:08, 2026-01-10 07:01:41, 2026-01-10 07:16:37, 2026-01-10 07:31:49, 2026-01-10 07:46:56, 2026-01-10 08:00:39, 2026-01-10 08:01:56, 2026-01-10 08:16:49, 2026-01-10 08:32:06, 2026-01-10 08:40:23, 2026-01-10 08:47:00, 2026-01-10 09:02:09, 2026-01-10 09:16:39, 2026-01-10 09:31:52, 2026-01-10 09:33:53, 2026-01-10 09:46:44, 2026-01-10 10:02:10, 2026-01-10 10:16:42, 2026-01-10 10:31:44, 2026-01-10 10:32:02, 2026-01-10 10:46:49, 2026-01-10 11:01:52, 2026-01-10 11:17:04, 2026-01-10 11:31:52, 2026-01-10 11:38:28, 2026-01-10 11:46:36, 2026-01-10 12:01:39, 2026-01-10 12:16:53, 2026-01-10 12:31:48, 2026-01-10 12:32:08, 2026-01-10 12:46:59, 2026-01-10 13:01:55, 2026-01-10 13:16:53, 2026-01-10 13:31:50, 2026-01-10 13:45:18, 2026-01-10 13:46:47, 2026-01-10 14:01:49, 2026-01-10 14:17:10, 2026-01-10 14:26:43, 2026-01-10 14:31:57, 2026-01-10 14:46:44, 2026-01-10 15:02:09, 2026-01-10 15:16:35, 2026-01-10 15:31:36, 2026-01-10 15:35:25, 2026-01-10 15:46:38, 2026-01-10 16:01:42, 2026-01-10 16:16:42, 2026-01-10 16:30:18, 2026-01-10 16:31:48, 2026-01-10 16:46:49, 2026-01-10 17:01:47" }, "geometry": { "type": "Polygon", "coordinates": [ [ [ -71.710053411336602, 45.416115976148191 ], [ -71.716282740957425, 45.418893924927588 ], [ -71.715981634949003, 45.424082257477771 ], [ -71.709450034381376, 45.426492575108881 ], [ -71.703220245580297, 45.423714242127318 ], [ -71.70352251649966, 45.418525975780462 ], [ -71.710053411336602, 45.416115976148191 ] ] ] } },
{ "type": "Feature", "properties": { "hex_id": 780963, "centroid_lon": -71.318266316987746, "centroid_lat": 46.804645707396226, "total_occurrences": 13.0, "days_affected": 1, "first_occurrence": "2026-01-10 01:47:16", "last_occurrence": "2026-01-10 04:01:38", "all_datetimes": "2026-01-10 01:47:16, 2026-01-10 01:47:22, 2026-01-10 02:01:45, 2026-01-10 02:16:50, 2026-01-10 02:31:07, 2026-01-10 02:32:06, 2026-01-10 02:46:45, 2026-01-10 03:01:57, 2026-01-10 03:17:07, 2026-01-10 03:31:48, 2026-01-10 03:40:14, 2026-01-10 03:46:52, 2026-01-10 04:01:38" }, "geometry": { "type": "Polygon", "coordinates": [ [ [ -71.318620490431201, 46.799460825963017 ], [ -71.324982483675527, 46.802263702589023 ], [ -71.32462888685572, 46.807448618542857 ], [ -71.317912045381973, 46.809830582050964 ], [ -71.311549573693298, 46.80702729966675 ], [ -71.311904421888741, 46.801842459599342 ], [ -71.318620490431201, 46.799460825963017 ] ] ] } },
{ "type": "Feature", "properties": { "hex_id": 785807, "centroid_lon": -71.308354289095433, "centroid_lat": 46.180750952156636, "total_occurrences": 96.0, "days_affected": 1, "first_occurrence": "2026-01-10 01:47:16", "last_occurrence": "2026-01-10 21:01:33", "all_datetimes": "2026-01-10 01:47:16, 2026-01-10 01:47:22, 2026-01-10 02:01:45, 2026-01-10 02:16:50, 2026-01-10 02:31:07, 2026-01-10 02:32:06, 2026-01-10 02:46:45, 2026-01-10 03:01:57, 2026-01-10 03:17:07, 2026-01-10 03:31:48, 2026-01-10 03:40:14, 2026-01-10 03:46:52, 2026-01-10 04:01:38, 2026-01-10 04:16:52, 2026-01-10 04:31:46, 2026-01-10 04:32:51, 2026-01-10 04:46:51, 2026-01-10 05:02:13, 2026-01-10 05:16:44, 2026-01-10 05:31:37, 2026-01-10 05:35:58, 2026-01-10 05:46:51, 2026-01-10 06:01:50, 2026-01-10 06:16:51, 2026-01-10 06:28:23, 2026-01-10 06:32:04, 2026-01-10 06:47:08, 2026-01-10 07:01:41, 2026-01-10 07:16:37, 2026-01-10 07:31:49, 2026-01-10 07:46:56, 2026-01-10 08:00:39, 2026-01-10 08:01:56, 2026-01-10 08:16:49, 2026-01-10 08:32:06, 2026-01-10 08:40:23, 2026-01-10 08:47:00, 2026-01-10 09:02:09, 2026-01-10 09:16:39, 2026-01-10 09:31:52, 2026-01-10 09:33:53, 2026-01-10 09:46:44, 2026-01-10 10:02:10, 2026-01-10 10:16:42, 2026-01-10 10:31:44, 2026-01-10 10:32:02, 2026-01-10 10:46:49, 2026-01-10 11:01:52, 2026-01-10 11:17:04, 2026-01-10 11:31:52, 2026-01-10 11:38:28, 2026-01-10 11:46:36, 2026-01-10 12:01:39, 2026-01-10 12:16:53, 2026-01-10 12:31:48, 2026-01-10 12:32:08, 2026-01-10 12:46:59, 2026-01-10 13:01:55, 2026-01-10 13:16:53, 2026-01-10 13:31:50, 2026-01-10 13:45:18, 2026-01-10 13:46:47, 2026-01-10 14:01:49, 2026-01-10 14:17:10, 2026-01-10 14:26:43, 2026-01-10 14:31:57, 2026-01-10 14:46:44, 2026-01-10 15:02:09, 2026-01-10 15:16:35, 2026-01-10 15:31:36, 2026-01-10 15:35:25, 2026-01-10 15:46:38, 2026-01-10 16:01:42, 2026-01-10 16:16:42, 2026-01-10 16:30:18, 2026-01-10 16:31:48, 2026-01-10 16:46:49, 2026-01-10 17:01:47, 2026-01-10 17:16:52, 2026-01-10 17:32:06, 2026-01-10 17:35:18, 2026-01-10 17:46:57, 2026-01-10 18:01:40, 2026-01-10 18:17:22, 2026-01-10 18:31:07, 2026-01-10 18:31:38, 2026-01-10 18:46:46, 2026-01-10 19:02:37, 2026-01-10 19:17:03, 2026-01-10 19:31:52, 2026-01-10 19:47:00, 2026-01-10 20:02:11, 2026-01-10 20:17:06, 2026-01-10 20:31:43, 2026-01-10 20:47:07, 2026-01-10 21:01:33" }, "geometry": { "type": "Polygon", "coordinates": [ [ [ -71.308701767106967, 46.1755655611923 ], [ -71.31499268970876, 46.178367114182961 ], [ -71.314645769177432, 46.183552539357734 ], [ -71.308006715562314, 46.185936336369977 ], [ -71.301715331018158, 46.183134385944491 ], [ -71.302063461998927, 46.177949036006773 ], [ -71.308701767106967, 46.1755655611923 ] ] ] } },
{ "type": "Feature", "properties": { "hex_id": 793097, "centroid_lon": -71.268535679471938, "centroid_lat": 45.618203677142297, "total_occurrences": 74.0, "days_affected": 1, "first_occurrence": "2026-01-10 01:47:16", "last_occurrence": "2026-01-10 16:16:42", "all_datetimes": "2026-01-10 01:47:16, 2026-01-10 01:47:22, 2026-01-10 02:01:45, 2026-01-10 02:16:50, 2026-01-10 02:31:07, 2026-01-10 02:32:06, 2026-01-10 02:46:45, 2026-01-10 03:01:57, 2026-01-10 03:17:07, 2026-01-10 03:31:48, 2026-01-10 03:40:14, 2026-01-10 03:46:52, 2026-01-10 04:01:38, 2026-01-10 04:16:52, 2026-01-10 04:31:46, 2026-01-10 04:32:51, 2026-01-10 04:46:51, 2026-01-10 05:02:13, 2026-01-10 05:16:44, 2026-01-10 05:31:37, 2026-01-10 05:35:58, 2026-01-10 05:46:51, 2026-01-10 06:01:50, 2026-01-10 06:16:51, 2026-01-10 06:28:23, 2026-01-10 06:32:04, 2026-01-10 06:47:08, 2026-01-10 07:01:41, 2026-01-10 07:16:37, 2026-01-10 07:31:49, 2026-01-10 07:46:56, 2026-01-10 08:00:39, 2026-01-10 08:01:56, 2026-01-10 08:16:49, 2026-01-10 08:32:06, 2026-01-10 08:40:23, 2026-01-10 08:47:00, 2026-01-10 09:02:09, 2026-01-10 09:16:39, 2026-01-10 09:31:52, 2026-01-10 09:33:53, 2026-01-10 09:46:44, 2026-01-10 10:02:10, 2026-01-10 10:16:42, 2026-01-10 10:31:44, 2026-01-10 10:32:02, 2026-01-10 10:46:49, 2026-01-10 11:01:52, 2026-01-10 11:17:04, 2026-01-10 11:31:52, 2026-01-10 11:38:28, 2026-01-10 11:46:36, 2026-01-10 12:01:39, 2026-01-10 12:16:53, 2026-01-10 12:31:48, 2026-01-10 12:32:08, 2026-01-10 12:46:59, 2026-01-10 13:01:55, 2026-01-10 13:16:53, 2026-01-10 13:31:50, 2026-01-10 13:45:18, 2026-01-10 13:46:47, 2026-01-10 14:01:49, 2026-01-10 14:17:10, 2026-01-10 14:26:43, 2026-01-10 14:31:57, 2026-01-10 14:46:44, 2026-01-10 15:02:09, 2026-01-10 15:16:35, 2026-01-10 15:31:36, 2026-01-10 15:35:25, 2026-01-10 15:46:38, 2026-01-10 16:01:42, 2026-01-10 16:16:42" }, "geometry": { "type": "Polygon", "coordinates": [ [ [ -71.268880078961914, 45.613018008259886 ], [ -71.2751073002905, 45.615819975191698 ], [ -71.274763441211689, 45.621005678309096 ], [ -71.268191185972341, 45.623389339266865 ], [ -71.261963518258, 45.620586981992155 ], [ -71.262308552137213, 45.615401354166472 ], [ -71.268880078961914, 45.613018008259886 ] ] ] } },
{ "type": "Feature", "properties": { "hex_id": 814542, "centroid_lon": -70.956967575649188, "centroid_lat": 46.815818810556607, "total_occurrences": 2.0, "days_affected": 1, "first_occurrence": "2026-01-10 01:47:16", "last_occurrence": "2026-01-10 01:47:22", "all_datetimes": "2026-01-10 01:47:16, 2026-01-10 01:47:22" }, "geometry": { "type": "Polygon", "coordinates": [ [ [ -70.957356601998129, 46.81063614922499 ], [ -70.963699740185632, 46.81345859414202 ], [ -70.963311284950663, 46.818641293492597 ], [ -70.956578441507915, 46.821001464689559 ], [ -70.950234840017416, 46.818178610941509 ], [ -70.950624545235357, 46.812995994894017 ], [ -70.957356601998129, 46.81063614922499 ] ] ] } },
{ "type": "Feature", "properties": { "hex_id": 826109, "centroid_lon": -70.871332650483382, "centroid_lat": 46.306090887905199, "total_occurrences": 46.0, "days_affected": 1, "first_occurrence": "2026-01-10 01:47:16", "last_occurrence": "2026-01-10 10:32:02", "all_datetimes": "2026-01-10 01:47:16, 2026-01-10 01:47:22, 2026-01-10 02:01:45, 2026-01-10 02:16:50, 2026-01-10 02:31:07, 2026-01-10 02:32:06, 2026-01-10 02:46:45, 2026-01-10 03:01:57, 2026-01-10 03:17:07, 2026-01-10 03:31:48, 2026-01-10 03:40:14, 2026-01-10 03:46:52, 2026-01-10 04:01:38, 2026-01-10 04:16:52, 2026-01-10 04:31:46, 2026-01-10 04:32:51, 2026-01-10 04:46:51, 2026-01-10 05:02:13, 2026-01-10 05:16:44, 2026-01-10 05:31:37, 2026-01-10 05:35:58, 2026-01-10 05:46:51, 2026-01-10 06:01:50, 2026-01-10 06:16:51, 2026-01-10 06:28:23, 2026-01-10 06:32:04, 2026-01-10 06:47:08, 2026-01-10 07:01:41, 2026-01-10 07:16:37, 2026-01-10 07:31:49, 2026-01-10 07:46:56, 2026-01-10 08:00:39, 2026-01-10 08:01:56, 2026-01-10 08:16:49, 2026-01-10 08:32:06, 2026-01-10 08:40:23, 2026-01-10 08:47:00, 2026-01-10 09:02:09, 2026-01-10 09:16:39, 2026-01-10 09:31:52, 2026-01-10 09:33:53, 2026-01-10 09:46:44, 2026-01-10 10:02:10, 2026-01-10 10:16:42, 2026-01-10 10:31:44, 2026-01-10 10:32:02" }, "geometry": { "type": "Polygon", "coordinates": [ [ [ -70.871722898606322, 46.300908317510519 ], [ -70.878003797935662, 46.303733650656859 ], [ -70.877614104120497, 46.30891625952431 ], [ -70.870942294964806, 46.31127345103657 ], [ -70.864660948741673, 46.308447715290519 ], [ -70.865051858531345, 46.303265190697161 ], [ -70.871722898606322, 46.300908317510519 ] ] ] } },
{ "type": "Feature", "properties": { "hex_id": 1127862, "centroid_lon": -67.317871606593513, "centroid_lat": 48.711001961917034, "total_occurrences": 23.0, "days_affected": 1, "first_occurrence": "2026-01-10 01:47:16", "last_occurrence": "2026-01-10 06:01:50", "all_datetimes": "2026-01-10 01:47:16, 2026-01-10 01:47:22, 2026-01-10 02:01:45, 2026-01-10 02:16:50, 2026-01-10 02:31:07, 2026-01-10 02:32:06, 2026-01-10 02:46:45, 2026-01-10 03:01:57, 2026-01-10 03:17:07, 2026-01-10 03:31:48, 2026-01-10 03:40:14, 2026-01-10 03:46:52, 2026-01-10 04:01:38, 2026-01-10 04:16:52, 2026-01-10 04:31:46, 2026-01-10 04:32:51, 2026-01-10 04:46:51, 2026-01-10 05:02:13, 2026-01-10 05:16:44, 2026-01-10 05:31:37, 2026-01-10 05:35:58, 2026-01-10 05:46:51, 2026-01-10 06:01:50" }, "geometry": { "type": "Polygon", "coordinates": [ [ [ -67.318659805756056, 48.705854746134058 ], [ -67.325001134348696, 48.70887992443086 ], [ -67.324213498264243, 48.714027214420092 ], [ -67.317083184427048, 48.7161491635378 ], [ -67.310741515800473, 48.713123523861519 ], [ -67.311530500964579, 48.707976396514987 ], [ -67.318659805756056, 48.705854746134058 ] ] ] } },
{ "type": "Feature", "properties": { "hex_id": 470777, "centroid_lon": -74.652107231231213, "centroid_lat": 46.0528022594807, "total_occurrences": 60.0, "days_affected": 1, "first_occurrence": "2026-01-10 02:01:45", "last_occurrence": "2026-01-10 13:46:47", "all_datetimes": "2026-01-10 02:01:45, 2026-01-10 02:16:50, 2026-01-10 02:31:07, 2026-01-10 02:32:06, 2026-01-10 02:46:45, 2026-01-10 03:01:57, 2026-01-10 03:17:07, 2026-01-10 03:31:48, 2026-01-10 03:40:14, 2026-01-10 03:46:52, 2026-01-10 04:01:38, 2026-01-10 04:16:52, 2026-01-10 04:31:46, 2026-01-10 04:32:51, 2026-01-10 04:46:51, 2026-01-10 05:02:13, 2026-01-10 05:16:44, 2026-01-10 05:31:37, 2026-01-10 05:35:58, 2026-01-10 05:46:51, 2026-01-10 06:01:50, 2026-01-10 06:16:51, 2026-01-10 06:28:23, 2026-01-10 06:32:04, 2026-01-10 06:47:08, 2026-01-10 07:01:41, 2026-01-10 07:16:37, 2026-01-10 07:31:49, 2026-01-10 07:46:56, 2026-01-10 08:00:39, 2026-01-10 08:01:56, 2026-01-10 08:16:49, 2026-01-10 08:32:06, 2026-01-10 08:40:23, 2026-01-10 08:47:00, 2026-01-10 09:02:09, 2026-01-10 09:16:39, 2026-01-10 09:31:52, 2026-01-10 09:33:53, 2026-01-10 09:46:44, 2026-01-10 10:02:10, 2026-01-10 10:16:42, 2026-01-10 10:31:44, 2026-01-10 10:32:02, 2026-01-10 10:46:49, 2026-01-10 11:01:52, 2026-01-10 11:17:04, 2026-01-10 11:31:52, 2026-01-10 11:38:28, 2026-01-10 11:46:36, 2026-01-10 12:01:39, 2026-01-10 12:16:53, 2026-01-10 12:31:48, 2026-01-10 12:32:08, 2026-01-10 12:46:59, 2026-01-10 13:01:55, 2026-01-10 13:16:53, 2026-01-10 13:31:50, 2026-01-10 13:45:18, 2026-01-10 13:46:47" }, "geometry": { "type": "Polygon", "coordinates": [ [ [ -74.652139853282733, 46.047606049929897 ], [ -74.658586527734045, 46.05022364357248 ], [ -74.658554507316595, 46.05541985425544 ], [ -74.652074600207982, 46.057998464268223 ], [ -74.645627333095845, 46.055380505174121 ], [ -74.645660565750077, 46.05018430158465 ], [ -74.652139853282733, 46.047606049929897 ] ] ] } },
{ "type": "Feature", "properties": { "hex_id": 604480, "centroid_lon": -73.235290562953494, "centroid_lat": 46.09426824102129, "total_occurrences": 4.0, "days_affected": 1, "first_occurrence": "2026-01-10 02:01:45", "last_occurrence": "2026-01-10 02:32:06", "all_datetimes": "2026-01-10 02:01:45, 2026-01-10 02:16:50, 2026-01-10 02:31:07, 2026-01-10 02:32:06" }, "geometry": { "type": "Polygon", "coordinates": [ [ [ -73.235456254893677, 46.089074441517681 ], [ -73.241838301813161, 46.091770995374937 ], [ -73.241673193437748, 46.096964810237672 ], [ -73.235124825441645, 46.099462035322098 ], [ -73.228742240536846, 46.096765101862481 ], [ -73.228908561597933, 46.091571322986553 ], [ -73.235456254893677, 46.089074441517681 ] ] ] } },
{ "type": "Feature", "properties": { "hex_id": 692996, "centroid_lon": -72.303192968568851, "centroid_lat": 45.974735343342729, "total_occurrences": 5.0, "days_affected": 1, "first_occurrence": "2026-01-10 02:01:45", "last_occurrence": "2026-01-10 02:46:45", "all_datetimes": "2026-01-10 02:01:45, 2026-01-10 02:16:50, 2026-01-10 02:31:07, 2026-01-10 02:32:06, 2026-01-10 02:46:45" }, "geometry": { "type": "Polygon", "coordinates": [ [ [ -72.303445070795149, 45.969544730067966 ], [ -72.309765909881861, 45.972292088741263 ], [ -72.30951437406506, 45.977482726494372 ], [ -72.302940797153042, 45.979925950807718 ], [ -72.296619460858068, 45.977178205759998 ], [ -72.296872198659912, 45.971987622838512 ], [ -72.303445070795149, 45.969544730067966 ] ] ] } },
{ "type": "Feature", "properties": { "hex_id": 696657, "centroid_lon": -72.26604416283692, "centroid_lat": 45.942672550655615, "total_occurrences": 5.0, "days_affected": 1, "first_occurrence": "2026-01-10 02:01:45", "last_occurrence": "2026-01-10 02:46:45", "all_datetimes": "2026-01-10 02:01:45, 2026-01-10 02:16:50, 2026-01-10 02:31:07, 2026-01-10 02:32:06, 2026-01-10 02:46:45" }, "geometry": { "type": "Polygon", "coordinates": [ [ [ -72.266299449651143, 45.937482068000293 ], [ -72.272614781479149, 45.940231374411653 ], [ -72.272360059561123, 45.945421881891868 ], [ -72.265788805989487, 45.947863027472685 ], [ -72.259472979310374, 45.945113334784871 ], [ -72.259728901030243, 45.939922882857772 ], [ -72.266299449651143, 45.937482068000293 ] ] ] } },
{ "type": "Feature", "properties": { "hex_id": 819427, "centroid_lon": -70.903484164662757, "centroid_lat": 46.82950325992195, "total_occurrences": 70.0, "days_affected": 1, "first_occurrence": "2026-01-10 02:01:45", "last_occurrence": "2026-01-10 16:16:42", "all_datetimes": "2026-01-10 02:01:45, 2026-01-10 02:16:50, 2026-01-10 02:31:07, 2026-01-10 02:32:06, 2026-01-10 02:46:45, 2026-01-10 03:01:57, 2026-01-10 03:17:07, 2026-01-10 03:31:48, 2026-01-10 03:40:14, 2026-01-10 03:46:52, 2026-01-10 04:01:38, 2026-01-10 04:16:52, 2026-01-10 04:31:46, 2026-01-10 04:32:51, 2026-01-10 04:46:51, 2026-01-10 05:02:13, 2026-01-10 05:16:44, 2026-01-10 05:31:37, 2026-01-10 05:35:58, 2026-01-10 05:46:51, 2026-01-10 06:01:50, 2026-01-10 06:16:51, 2026-01-10 06:28:23, 2026-01-10 06:32:04, 2026-01-10 06:47:08, 2026-01-10 07:01:41, 2026-01-10 07:16:37, 2026-01-10 07:31:49, 2026-01-10 07:46:56, 2026-01-10 08:00:39, 2026-01-10 08:01:56, 2026-01-10 08:16:49, 2026-01-10 08:32:06, 2026-01-10 08:40:23, 2026-01-10 08:47:00, 2026-01-10 09:02:09, 2026-01-10 09:16:39, 2026-01-10 09:31:52, 2026-01-10 09:33:53, 2026-01-10 09:46:44, 2026-01-10 10:02:10, 2026-01-10 10:16:42, 2026-01-10 10:31:44, 2026-01-10 10:32:02, 2026-01-10 11:17:04, 2026-01-10 11:31:52, 2026-01-10 11:38:28, 2026-01-10 11:46:36, 2026-01-10 12:01:39, 2026-01-10 12:16:53, 2026-01-10 12:31:48, 2026-01-10 12:32:08, 2026-01-10 12:46:59, 2026-01-10 13:01:55, 2026-01-10 13:16:53, 2026-01-10 13:31:50, 2026-01-10 13:45:18, 2026-01-10 13:46:47, 2026-01-10 14:01:49, 2026-01-10 14:17:10, 2026-01-10 14:26:43, 2026-01-10 14:31:57, 2026-01-10 14:46:44, 2026-01-10 15:02:09, 2026-01-10 15:16:35, 2026-01-10 15:31:36, 2026-01-10 15:35:25, 2026-01-10 15:46:38, 2026-01-10 16:01:42, 2026-01-10 16:16:42" }, "geometry": { "type": "Polygon", "coordinates": [ [ [ -70.903878516972398, 46.824320955695839 ], [ -70.910220216970785, 46.827146328576774 ], [ -70.909826435321548, 46.832328671346417 ], [ -70.90308970307224, 46.834685556882953 ], [ -70.896747541713282, 46.83185977455804 ], [ -70.897142573926345, 46.826677516207091 ], [ -70.903878516972398, 46.824320955695839 ] ] ] } },
{ "type": "Feature", "properties": { "hex_id": 841390, "centroid_lon": -70.686773569835452, "centroid_lat": 46.5876816282113, "total_occurrences": 65.0, "days_affected": 1, "first_occurrence": "2026-01-10 02:01:45", "last_occurrence": "2026-01-10 14:46:44", "all_datetimes": "2026-01-10 02:01:45, 2026-01-10 02:16:50, 2026-01-10 02:31:07, 2026-01-10 02:32:06, 2026-01-10 02:46:45, 2026-01-10 03:01:57, 2026-01-10 03:17:07, 2026-01-10 03:31:48, 2026-01-10 03:40:14, 2026-01-10 03:46:52, 2026-01-10 04:01:38, 2026-01-10 04:16:52, 2026-01-10 04:31:46, 2026-01-10 04:32:51, 2026-01-10 04:46:51, 2026-01-10 05:02:13, 2026-01-10 05:16:44, 2026-01-10 05:31:37, 2026-01-10 05:35:58, 2026-01-10 05:46:51, 2026-01-10 06:01:50, 2026-01-10 06:16:51, 2026-01-10 06:28:23, 2026-01-10 06:32:04, 2026-01-10 06:47:08, 2026-01-10 07:01:41, 2026-01-10 07:16:37, 2026-01-10 07:31:49, 2026-01-10 07:46:56, 2026-01-10 08:00:39, 2026-01-10 08:01:56, 2026-01-10 08:16:49, 2026-01-10 08:32:06, 2026-01-10 08:40:23, 2026-01-10 08:47:00, 2026-01-10 09:02:09, 2026-01-10 09:16:39, 2026-01-10 09:31:52, 2026-01-10 09:33:53, 2026-01-10 09:46:44, 2026-01-10 10:02:10, 2026-01-10 10:16:42, 2026-01-10 10:31:44, 2026-01-10 10:32:02, 2026-01-10 10:46:49, 2026-01-10 11:01:52, 2026-01-10 11:17:04, 2026-01-10 11:31:52, 2026-01-10 11:38:28, 2026-01-10 11:46:36, 2026-01-10 12:01:39, 2026-01-10 12:16:53, 2026-01-10 12:31:48, 2026-01-10 12:32:08, 2026-01-10 12:46:59, 2026-01-10 13:01:55, 2026-01-10 13:16:53, 2026-01-10 13:31:50, 2026-01-10 13:45:18, 2026-01-10 13:46:47, 2026-01-10 14:01:49, 2026-01-10 14:17:10, 2026-01-10 14:26:43, 2026-01-10 14:31:57, 2026-01-10 14:46:44" }, "geometry": { "type": "Polygon", "coordinates": [ [ [ -70.687185255633977, 46.582500547303589 ], [ -70.693487343691373, 46.585336719081091 ], [ -70.693076217642385, 46.590517840427616 ], [ -70.686361770351553, 46.592862701601078 ], [ -70.680059236249505, 46.590026121975363 ], [ -70.680471595443834, 46.584845089090216 ], [ -70.687185255633977, 46.582500547303589 ] ] ] } },
{ "type": "Feature", "properties": { "hex_id": 567224, "centroid_lon": -73.635671830984094, "centroid_lat": 45.858116259062356, "total_occurrences": 31.0, "days_affected": 1, "first_occurrence": "2026-01-10 02:16:50", "last_occurrence": "2026-01-10 08:16:49", "all_datetimes": "2026-01-10 02:16:50, 2026-01-10 02:31:07, 2026-01-10 02:32:06, 2026-01-10 02:46:45, 2026-01-10 03:01:57, 2026-01-10 03:17:07, 2026-01-10 03:31:48, 2026-01-10 03:40:14, 2026-01-10 03:46:52, 2026-01-10 04:01:38, 2026-01-10 04:16:52, 2026-01-10 04:31:46, 2026-01-10 04:32:51, 2026-01-10 04:46:51, 2026-01-10 05:02:13, 2026-01-10 05:16:44, 2026-01-10 05:31:37, 2026-01-10 05:35:58, 2026-01-10 05:46:51, 2026-01-10 06:01:50, 2026-01-10 06:16:51, 2026-01-10 06:28:23, 2026-01-10 06:32:04, 2026-01-10 06:47:08, 2026-01-10 07:01:41, 2026-01-10 07:16:37, 2026-01-10 07:31:49, 2026-01-10 07:46:56, 2026-01-10 08:00:39, 2026-01-10 08:01:56, 2026-01-10 08:16:49" }, "geometry": { "type": "Polygon", "coordinates": [ [ [ -73.635798887985516, 45.852921251127846 ], [ -73.64217405805374, 45.855595460706709 ], [ -73.642047582911232, 45.860790479955952 ], [ -73.635544739133792, 45.863311261978758 ], [ -73.629169022061447, 45.860636679574732 ], [ -73.629296695758839, 45.855441688038383 ], [ -73.635798887985516, 45.852921251127846 ] ] ] } },
{ "type": "Feature", "properties": { "hex_id": 702721, "centroid_lon": -72.233222014479296, "centroid_lat": 45.302672933356604, "total_occurrences": 40.0, "days_affected": 1, "first_occurrence": "2026-01-10 02:16:50", "last_occurrence": "2026-01-10 10:02:10", "all_datetimes": "2026-01-10 02:16:50, 2026-01-10 02:31:07, 2026-01-10 02:32:06, 2026-01-10 02:46:45, 2026-01-10 03:01:57, 2026-01-10 03:17:07, 2026-01-10 03:31:48, 2026-01-10 03:40:14, 2026-01-10 03:46:52, 2026-01-10 04:01:38, 2026-01-10 04:16:52, 2026-01-10 04:31:46, 2026-01-10 04:32:51, 2026-01-10 04:46:51, 2026-01-10 05:02:13, 2026-01-10 05:16:44, 2026-01-10 05:31:37, 2026-01-10 05:35:58, 2026-01-10 05:46:51, 2026-01-10 06:01:50, 2026-01-10 06:16:51, 2026-01-10 06:28:23, 2026-01-10 06:32:04, 2026-01-10 06:47:08, 2026-01-10 07:01:41, 2026-01-10 07:16:37, 2026-01-10 07:31:49, 2026-01-10 07:46:56, 2026-01-10 08:00:39, 2026-01-10 08:01:56, 2026-01-10 08:16:49, 2026-01-10 08:32:06, 2026-01-10 08:40:23, 2026-01-10 08:47:00, 2026-01-10 09:02:09, 2026-01-10 09:16:39, 2026-01-10 09:31:52, 2026-01-10 09:33:53, 2026-01-10 09:46:44, 2026-01-10 10:02:10" }, "geometry": { "type": "Polygon", "coordinates": [ [ [ -72.233474664482088, 45.297482010152955 ], [ -72.23971825031451, 45.300231711725253 ], [ -72.239466145902711, 45.305422659771743 ], [ -72.232969295705956, 45.30786385071756 ], [ -72.226725233064542, 45.3051137708566 ], [ -72.226978497405966, 45.299922878402114 ], [ -72.233474664482088, 45.297482010152955 ] ] ] } },
{ "type": "Feature", "properties": { "hex_id": 856098, "centroid_lon": -70.457250571963399, "centroid_lat": 47.451804832906923, "total_occurrences": 18.0, "days_affected": 1, "first_occurrence": "2026-01-10 02:16:50", "last_occurrence": "2026-01-10 05:35:58", "all_datetimes": "2026-01-10 02:16:50, 2026-01-10 02:31:07, 2026-01-10 02:32:06, 2026-01-10 02:46:45, 2026-01-10 03:01:57, 2026-01-10 03:17:07, 2026-01-10 03:31:48, 2026-01-10 03:40:14, 2026-01-10 03:46:52, 2026-01-10 04:01:38, 2026-01-10 04:16:52, 2026-01-10 04:31:46, 2026-01-10 04:32:51, 2026-01-10 04:46:51, 2026-01-10 05:02:13, 2026-01-10 05:16:44, 2026-01-10 05:31:37, 2026-01-10 05:35:58" }, "geometry": { "type": "Polygon", "coordinates": [ [ [ -70.457697407820064, 47.446626144827675 ], [ -70.464085717934609, 47.449477793021821 ], [ -70.463639464691298, 47.454656524426596 ], [ -70.456803611287697, 47.456983513081255 ], [ -70.450414843400779, 47.454131443299097 ], [ -70.450862386645923, 47.448952806518072 ], [ -70.457697407820064, 47.446626144827675 ] ] ] } },
{ "type": "Feature", "properties": { "hex_id": 672191, "centroid_lon": -72.555140491571393, "centroid_lat": 45.232066628224466, "total_occurrences": 10.0, "days_affected": 1, "first_occurrence": "2026-01-10 02:31:07", "last_occurrence": "2026-01-10 04:16:52", "all_datetimes": "2026-01-10 02:31:07, 2026-01-10 02:32:06, 2026-01-10 02:46:45, 2026-01-10 03:01:57, 2026-01-10 03:17:07, 2026-01-10 03:31:48, 2026-01-10 03:40:14, 2026-01-10 03:46:52, 2026-01-10 04:01:38, 2026-01-10 04:16:52" }, "geometry": { "type": "Polygon", "coordinates": [ [ [ -72.555363215629811, 45.226874310990986 ], [ -72.561615498463865, 45.229606590010718 ], [ -72.561393322535835, 45.234798928952088 ], [ -72.55491770692305, 45.237258939856645 ], [ -72.548664936558609, 45.234526286221325 ], [ -72.548888269317175, 45.22933399636063 ], [ -72.555363215629811, 45.226874310990986 ] ] ] } },
{ "type": "Feature", "properties": { "hex_id": 672801, "centroid_lon": -72.549111541338988, "centroid_lat": 45.224141700894364, "total_occurrences": 10.0, "days_affected": 1, "first_occurrence": "2026-01-10 02:31:07", "last_occurrence": "2026-01-10 04:16:52", "all_datetimes": "2026-01-10 02:31:07, 2026-01-10 02:32:06, 2026-01-10 02:46:45, 2026-01-10 03:01:57, 2026-01-10 03:17:07, 2026-01-10 03:31:48, 2026-01-10 03:40:14, 2026-01-10 03:46:52, 2026-01-10 04:01:38, 2026-01-10 04:16:52" }, "geometry": { "type": "Polygon", "coordinates": [ [ [ -72.549334752644256, 45.21894939982279 ], [ -72.555585879118496, 45.221681988156504 ], [ -72.555363215629811, 45.226874310990986 ], [ -72.548888269317175, 45.22933399636063 ], [ -72.542636655753, 45.226601033459495 ], [ -72.542860475571203, 45.22140875981971 ], [ -72.549334752644256, 45.21894939982279 ] ] ] } },
{ "type": "Feature", "properties": { "hex_id": 672802, "centroid_lon": -72.548441543043069, "centroid_lat": 45.239718570476128, "total_occurrences": 10.0, "days_affected": 1, "first_occurrence": "2026-01-10 02:31:07", "last_occurrence": "2026-01-10 04:16:52", "all_datetimes": "2026-01-10 02:31:07, 2026-01-10 02:32:06, 2026-01-10 02:46:45, 2026-01-10 03:01:57, 2026-01-10 03:17:07, 2026-01-10 03:31:48, 2026-01-10 03:40:14, 2026-01-10 03:46:52, 2026-01-10 04:01:38, 2026-01-10 04:16:52" }, "geometry": { "type": "Polygon", "coordinates": [ [ [ -72.548664936558609, 45.234526286221325 ], [ -72.55491770692305, 45.237258939856645 ], [ -72.554694861664629, 45.242451245887224 ], [ -72.548218088750346, 45.244910849124757 ], [ -72.5419648309161, 45.242177820718368 ], [ -72.542188833445707, 45.236985563909116 ], [ -72.548664936558609, 45.234526286221325 ] ] ] } },
{ "type": "Feature", "properties": { "hex_id": 674023, "centroid_lon": -72.535712182252936, "centroid_lat": 45.239444461195703, "total_occurrences": 10.0, "days_affected": 1, "first_occurrence": "2026-01-10 02:31:07", "last_occurrence": "2026-01-10 04:16:52", "all_datetimes": "2026-01-10 02:31:07, 2026-01-10 02:32:06, 2026-01-10 02:46:45, 2026-01-10 03:01:57, 2026-01-10 03:17:07, 2026-01-10 03:31:48, 2026-01-10 03:40:14, 2026-01-10 03:46:52, 2026-01-10 04:01:38, 2026-01-10 04:16:52" }, "geometry": { "type": "Polygon", "coordinates": [ [ [ -72.535936732852278, 45.234252226285143 ], [ -72.542188833445707, 45.236985563909116 ], [ -72.5419648309161, 45.242177820718368 ], [ -72.535487570562395, 45.244636690491184 ], [ -72.52923498300062, 45.241902977988914 ], [ -72.529460142740547, 45.236710770655698 ], [ -72.535936732852278, 45.234252226285143 ] ] ] } },
{ "type": "Feature", "properties": { "hex_id": 674633, "centroid_lon": -72.52968524124249, "centroid_lat": 45.23151855770309, "total_occurrences": 9.0, "days_affected": 1, "first_occurrence": "2026-01-10 02:31:07", "last_occurrence": "2026-01-10 04:01:38", "all_datetimes": "2026-01-10 02:31:07, 2026-01-10 02:32:06, 2026-01-10 02:46:45, 2026-01-10 03:01:57, 2026-01-10 03:17:07, 2026-01-10 03:31:48, 2026-01-10 03:40:14, 2026-01-10 03:46:52, 2026-01-10 04:01:38" }, "geometry": { "type": "Polygon", "coordinates": [ [ [ -72.529910278526771, 45.226326339131383 ], [ -72.536161222380741, 45.229059985759783 ], [ -72.535936732852278, 45.234252226285143 ], [ -72.529460142740547, 45.236710770655698 ], [ -72.523208712358581, 45.233976749197325 ], [ -72.523434358595978, 45.228784558261935 ], [ -72.529910278526771, 45.226326339131383 ] ] ] } },
{ "type": "Feature", "properties": { "hex_id": 723510, "centroid_lon": -71.990172005997806, "centroid_lat": 45.795423506503795, "total_occurrences": 8.0, "days_affected": 1, "first_occurrence": "2026-01-10 02:31:07", "last_occurrence": "2026-01-10 03:46:52", "all_datetimes": "2026-01-10 02:31:07, 2026-01-10 02:32:06, 2026-01-10 02:46:45, 2026-01-10 03:01:57, 2026-01-10 03:17:07, 2026-01-10 03:31:48, 2026-01-10 03:40:14, 2026-01-10 03:46:52" }, "geometry": { "type": "Polygon", "coordinates": [ [ [ -71.99045159132919, 45.790234145087041 ], [ -71.996736234047972, 45.792998024254437 ], [ -71.996457205138285, 45.798187413097253 ], [ -71.989892344126119, 45.800612861856976 ], [ -71.983607221538847, 45.79784859597796 ], [ -71.983887439806395, 45.792659268115479 ], [ -71.99045159132919, 45.790234145087041 ] ] ] } },
{ "type": "Feature", "properties": { "hex_id": 754831, "centroid_lon": -71.476105767754774, "centroid_lat": 48.672278829123663, "total_occurrences": 27.0, "days_affected": 1, "first_occurrence": "2026-01-10 02:31:07", "last_occurrence": "2026-01-10 07:46:56", "all_datetimes": "2026-01-10 02:31:07, 2026-01-10 02:32:06, 2026-01-10 02:46:45, 2026-01-10 03:01:57, 2026-01-10 03:17:07, 2026-01-10 03:31:48, 2026-01-10 03:40:14, 2026-01-10 03:46:52, 2026-01-10 04:01:38, 2026-01-10 04:16:52, 2026-01-10 04:31:46, 2026-01-10 04:32:51, 2026-01-10 04:46:51, 2026-01-10 05:02:13, 2026-01-10 05:16:44, 2026-01-10 05:31:37, 2026-01-10 05:35:58, 2026-01-10 05:46:51, 2026-01-10 06:01:50, 2026-01-10 06:16:51, 2026-01-10 06:28:23, 2026-01-10 06:32:04, 2026-01-10 06:47:08, 2026-01-10 07:01:41, 2026-01-10 07:16:37, 2026-01-10 07:31:49, 2026-01-10 07:46:56" }, "geometry": { "type": "Polygon", "coordinates": [ [ [ -71.47646768569804, 48.667094740330619 ], [ -71.483065096994068, 48.669894183827502 ], [ -71.482703820315095, 48.675078306863405 ], [ -71.475743746743305, 48.677462911213397 ], [ -71.469145797269945, 48.674663036892952 ], [ -71.469508459508134, 48.669478989117771 ], [ -71.47646768569804, 48.667094740330619 ] ] ] } },
{ "type": "Feature", "properties": { "hex_id": 860907, "centroid_lon": -70.502956973692562, "centroid_lat": 46.284374432244313, "total_occurrences": 50.0, "days_affected": 1, "first_occurrence": "2026-01-10 02:31:07", "last_occurrence": "2026-01-10 12:16:53", "all_datetimes": "2026-01-10 02:31:07, 2026-01-10 02:32:06, 2026-01-10 02:46:45, 2026-01-10 03:01:57, 2026-01-10 03:17:07, 2026-01-10 03:31:48, 2026-01-10 03:40:14, 2026-01-10 03:46:52, 2026-01-10 04:01:38, 2026-01-10 04:16:52, 2026-01-10 04:31:46, 2026-01-10 04:32:51, 2026-01-10 04:46:51, 2026-01-10 05:02:13, 2026-01-10 05:16:44, 2026-01-10 05:31:37, 2026-01-10 05:35:58, 2026-01-10 05:46:51, 2026-01-10 06:01:50, 2026-01-10 06:16:51, 2026-01-10 06:28:23, 2026-01-10 06:32:04, 2026-01-10 06:47:08, 2026-01-10 07:01:41, 2026-01-10 07:16:37, 2026-01-10 07:31:49, 2026-01-10 07:46:56, 2026-01-10 08:00:39, 2026-01-10 08:01:56, 2026-01-10 08:16:49, 2026-01-10 08:32:06, 2026-01-10 08:40:23, 2026-01-10 08:47:00, 2026-01-10 09:02:09, 2026-01-10 09:16:39, 2026-01-10 09:31:52, 2026-01-10 09:33:53, 2026-01-10 09:46:44, 2026-01-10 10:02:10, 2026-01-10 10:16:42, 2026-01-10 10:31:44, 2026-01-10 10:32:02, 2026-01-10 10:46:49, 2026-01-10 11:01:52, 2026-01-10 11:17:04, 2026-01-10 11:31:52, 2026-01-10 11:38:28, 2026-01-10 11:46:36, 2026-01-10 12:01:39, 2026-01-10 12:16:53" }, "geometry": { "type": "Polygon", "coordinates": [ [ [ -70.503381651199348, 46.279194358053601 ], [ -70.509639638915175, 46.282039210076462 ], [ -70.509215509141058, 46.287219326218853 ], [ -70.502532179404668, 46.28955449870503 ], [ -70.496273760757205, 46.286709241519915 ], [ -70.496699102737949, 46.281529217075835 ], [ -70.503381651199348, 46.279194358053601 ] ] ] } },
{ "type": "Feature", "properties": { "hex_id": 512919, "centroid_lon": -74.202226967757696, "centroid_lat": 46.323348019248009, "total_occurrences": 35.0, "days_affected": 1, "first_occurrence": "2026-01-10 02:46:45", "last_occurrence": "2026-01-10 09:33:53", "all_datetimes": "2026-01-10 02:46:45, 2026-01-10 03:01:57, 2026-01-10 03:17:07, 2026-01-10 03:31:48, 2026-01-10 03:40:14, 2026-01-10 03:46:52, 2026-01-10 04:01:38, 2026-01-10 04:16:52, 2026-01-10 04:31:46, 2026-01-10 04:32:51, 2026-01-10 04:46:51, 2026-01-10 05:02:13, 2026-01-10 05:16:44, 2026-01-10 05:31:37, 2026-01-10 05:35:58, 2026-01-10 05:46:51, 2026-01-10 06:01:50, 2026-01-10 06:16:51, 2026-01-10 06:28:23, 2026-01-10 06:32:04, 2026-01-10 06:47:08, 2026-01-10 07:01:41, 2026-01-10 07:16:37, 2026-01-10 07:31:49, 2026-01-10 07:46:56, 2026-01-10 08:00:39, 2026-01-10 08:01:56, 2026-01-10 08:16:49, 2026-01-10 08:32:06, 2026-01-10 08:40:23, 2026-01-10 08:47:00, 2026-01-10 09:02:09, 2026-01-10 09:16:39, 2026-01-10 09:31:52, 2026-01-10 09:33:53" }, "geometry": { "type": "Polygon", "coordinates": [ [ [ -74.20230248250445, 46.318152465197144 ], [ -74.208758988959445, 46.32079536859117 ], [ -74.208684078478171, 46.325990928361712 ], [ -74.202151432172627, 46.328543568461214 ], [ -74.195694342294061, 46.325900291684142 ], [ -74.195770482137448, 46.320704748257135 ], [ -74.20230248250445, 46.318152465197144 ] ] ] } },
{ "type": "Feature", "properties": { "hex_id": 591010, "centroid_lon": -73.395076928622231, "centroid_lat": 45.488622586100249, "total_occurrences": 8.0, "days_affected": 1, "first_occurrence": "2026-01-10 02:46:45", "last_occurrence": "2026-01-10 04:16:52", "all_datetimes": "2026-01-10 02:46:45, 2026-01-10 03:01:57, 2026-01-10 03:17:07, 2026-01-10 03:31:48, 2026-01-10 03:40:14, 2026-01-10 03:46:52, 2026-01-10 04:01:38, 2026-01-10 04:16:52" }, "geometry": { "type": "Polygon", "coordinates": [ [ [ -73.395224473783458, 45.483427807001732 ], [ -73.401546477386674, 45.486114897869115 ], [ -73.401399499563382, 45.491309690568251 ], [ -73.394929343179356, 45.493817360079575 ], [ -73.388606812526604, 45.491129898862752 ], [ -73.388754965293913, 45.485935138548442 ], [ -73.395224473783458, 45.483427807001732 ] ] ] } },
{ "type": "Feature", "properties": { "hex_id": 744223, "centroid_lon": -71.810639731913625, "centroid_lat": 45.104547791152378, "total_occurrences": 5.0, "days_affected": 1, "first_occurrence": "2026-01-10 02:46:45", "last_occurrence": "2026-01-10 03:40:14", "all_datetimes": "2026-01-10 02:46:45, 2026-01-10 03:01:57, 2026-01-10 03:17:07, 2026-01-10 03:31:48, 2026-01-10 03:40:14" }, "geometry": { "type": "Polygon", "coordinates": [ [ [ -71.81092892969518, 45.099358681845558 ], [ -71.817129737903826, 45.102130436196383 ], [ -71.816841073978068, 45.107319574291481 ], [ -71.810350455625922, 45.109736894266973 ], [ -71.804149192080644, 45.106964760606203 ], [ -71.804439002198123, 45.101775686342911 ], [ -71.81092892969518, 45.099358681845558 ] ] ] } },
{ "type": "Feature", "properties": { "hex_id": 755209, "centroid_lon": -71.699120261021079, "centroid_lat": 45.054600785074207, "total_occurrences": 5.0, "days_affected": 1, "first_occurrence": "2026-01-10 02:46:45", "last_occurrence": "2026-01-10 03:40:14", "all_datetimes": "2026-01-10 02:46:45, 2026-01-10 03:01:57, 2026-01-10 03:17:07, 2026-01-10 03:31:48, 2026-01-10 03:40:14" }, "geometry": { "type": "Polygon", "coordinates": [ [ [ -71.699419039510772, 45.049412203778296 ], [ -71.705608832478333, 45.052189731996592 ], [ -71.705310584824417, 45.057378343113747 ], [ -71.698821401480288, 45.059789360077978 ], [ -71.692631158741463, 45.05701145226795 ], [ -71.69293054909123, 45.051822907148271 ], [ -71.699419039510772, 45.049412203778296 ] ] ] } },
{ "type": "Feature", "properties": { "hex_id": 505508, "centroid_lon": -74.29694662802855, "centroid_lat": 44.998819046019484, "total_occurrences": 2.0, "days_affected": 1, "first_occurrence": "2026-01-10 03:01:57", "last_occurrence": "2026-01-10 03:17:07", "all_datetimes": "2026-01-10 03:01:57, 2026-01-10 03:17:07" }, "geometry": { "type": "Polygon", "coordinates": [ [ [ -74.297010174560967, 44.993622169413293 ], [ -74.303321460765019, 44.99625948005307 ], [ -74.303258478922771, 45.001456361254164 ], [ -74.296883064241243, 45.004015917805866 ], [ -74.290571230604741, 45.001378251445082 ], [ -74.290635359076532, 44.996181384317062 ], [ -74.297010174560967, 44.993622169413293 ] ] ] } },
{ "type": "Feature", "properties": { "hex_id": 539698, "centroid_lon": -73.94116904988249, "centroid_lat": 45.027258021479106, "total_occurrences": 46.0, "days_affected": 1, "first_occurrence": "2026-01-10 03:01:57", "last_occurrence": "2026-01-10 12:01:39", "all_datetimes": "2026-01-10 03:01:57, 2026-01-10 03:17:07, 2026-01-10 03:31:48, 2026-01-10 03:40:14, 2026-01-10 03:46:52, 2026-01-10 04:01:38, 2026-01-10 04:16:52, 2026-01-10 04:31:46, 2026-01-10 04:32:51, 2026-01-10 04:46:51, 2026-01-10 05:02:13, 2026-01-10 05:16:44, 2026-01-10 05:31:37, 2026-01-10 05:35:58, 2026-01-10 05:46:51, 2026-01-10 06:01:50, 2026-01-10 06:16:51, 2026-01-10 06:28:23, 2026-01-10 06:32:04, 2026-01-10 06:47:08, 2026-01-10 07:01:41, 2026-01-10 07:16:37, 2026-01-10 07:31:49, 2026-01-10 07:46:56, 2026-01-10 08:00:39, 2026-01-10 08:01:56, 2026-01-10 08:16:49, 2026-01-10 08:32:06, 2026-01-10 08:40:23, 2026-01-10 08:47:00, 2026-01-10 09:02:09, 2026-01-10 09:16:39, 2026-01-10 09:31:52, 2026-01-10 09:33:53, 2026-01-10 09:46:44, 2026-01-10 10:02:10, 2026-01-10 10:16:42, 2026-01-10 10:31:44, 2026-01-10 10:32:02, 2026-01-10 10:46:49, 2026-01-10 11:01:52, 2026-01-10 11:17:04, 2026-01-10 11:31:52, 2026-01-10 11:38:28, 2026-01-10 11:46:36, 2026-01-10 12:01:39" }, "geometry": { "type": "Polygon", "coordinates": [ [ [ -73.941264845761651, 45.022061667826527 ], [ -73.947562544576471, 45.024718503934196 ], [ -73.947467309640828, 45.029914865701933 ], [ -73.941073227985711, 45.032454370223128 ], [ -73.93477499424931, 45.029797174649467 ], [ -73.934871377080995, 45.024600834084055 ], [ -73.941264845761651, 45.022061667826527 ] ] ] } },
{ "type": "Feature", "properties": { "hex_id": 584900, "centroid_lon": -73.461159924023946, "centroid_lat": 45.411578961905263, "total_occurrences": 46.0, "days_affected": 1, "first_occurrence": "2026-01-10 03:01:57", "last_occurrence": "2026-01-10 12:01:39", "all_datetimes": "2026-01-10 03:01:57, 2026-01-10 03:17:07, 2026-01-10 03:31:48, 2026-01-10 03:40:14, 2026-01-10 03:46:52, 2026-01-10 04:01:38, 2026-01-10 04:16:52, 2026-01-10 04:31:46, 2026-01-10 04:32:51, 2026-01-10 04:46:51, 2026-01-10 05:02:13, 2026-01-10 05:16:44, 2026-01-10 05:31:37, 2026-01-10 05:35:58, 2026-01-10 05:46:51, 2026-01-10 06:01:50, 2026-01-10 06:16:51, 2026-01-10 06:28:23, 2026-01-10 06:32:04, 2026-01-10 06:47:08, 2026-01-10 07:01:41, 2026-01-10 07:16:37, 2026-01-10 07:31:49, 2026-01-10 07:46:56, 2026-01-10 08:00:39, 2026-01-10 08:01:56, 2026-01-10 08:16:49, 2026-01-10 08:32:06, 2026-01-10 08:40:23, 2026-01-10 08:47:00, 2026-01-10 09:02:09, 2026-01-10 09:16:39, 2026-01-10 09:31:52, 2026-01-10 09:33:53, 2026-01-10 09:46:44, 2026-01-10 10:02:10, 2026-01-10 10:16:42, 2026-01-10 10:31:44, 2026-01-10 10:32:02, 2026-01-10 10:46:49, 2026-01-10 11:01:52, 2026-01-10 11:17:04, 2026-01-10 11:31:52, 2026-01-10 11:38:28, 2026-01-10 11:46:36, 2026-01-10 12:01:39" }, "geometry": { "type": "Polygon", "coordinates": [ [ [ -73.461301016127109, 45.40638394777794 ], [ -73.467617747042567, 45.409067343875499 ], [ -73.467477220876745, 45.414262370931922 ], [ -73.461018793435187, 45.416773970943915 ], [ -73.45470153507442, 45.414090206082768 ], [ -73.454843231587631, 45.408895210037471 ], [ -73.461301016127109, 45.40638394777794 ] ] ] } },
{ "type": "Feature", "properties": { "hex_id": 590399, "centroid_lon": -73.401693415095238, "centroid_lat": 45.480920100053801, "total_occurrences": 7.0, "days_affected": 1, "first_occurrence": "2026-01-10 03:01:57", "last_occurrence": "2026-01-10 04:16:52", "all_datetimes": "2026-01-10 03:01:57, 2026-01-10 03:17:07, 2026-01-10 03:31:48, 2026-01-10 03:40:14, 2026-01-10 03:46:52, 2026-01-10 04:01:38, 2026-01-10 04:16:52" }, "geometry": { "type": "Polygon", "coordinates": [ [ [ -73.401840312702546, 45.475725297122409 ], [ -73.408161789215768, 45.478412017799059 ], [ -73.408015458806446, 45.483606834263774 ], [ -73.401546477386674, 45.486114897869115 ], [ -73.395224473783458, 45.483427807001732 ], [ -73.39537197867655, 45.478233022784138 ], [ -73.401840312702546, 45.475725297122409 ] ] ] } },
{ "type": "Feature", "properties": { "hex_id": 748554, "centroid_lon": -71.714429105809543, "centroid_lat": 45.998286260227466, "total_occurrences": 74.0, "days_affected": 1, "first_occurrence": "2026-01-10 03:01:57", "last_occurrence": "2026-01-10 17:35:18", "all_datetimes": "2026-01-10 03:01:57, 2026-01-10 03:17:07, 2026-01-10 03:31:48, 2026-01-10 03:40:14, 2026-01-10 03:46:52, 2026-01-10 04:01:38, 2026-01-10 04:16:52, 2026-01-10 04:31:46, 2026-01-10 04:32:51, 2026-01-10 04:46:51, 2026-01-10 05:02:13, 2026-01-10 05:16:44, 2026-01-10 05:31:37, 2026-01-10 05:35:58, 2026-01-10 05:46:51, 2026-01-10 06:01:50, 2026-01-10 06:16:51, 2026-01-10 06:28:23, 2026-01-10 06:32:04, 2026-01-10 06:47:08, 2026-01-10 07:01:41, 2026-01-10 07:16:37, 2026-01-10 07:31:49, 2026-01-10 07:46:56, 2026-01-10 08:00:39, 2026-01-10 08:01:56, 2026-01-10 08:16:49, 2026-01-10 08:32:06, 2026-01-10 08:40:23, 2026-01-10 08:47:00, 2026-01-10 09:02:09, 2026-01-10 09:16:39, 2026-01-10 09:31:52, 2026-01-10 09:33:53, 2026-01-10 09:46:44, 2026-01-10 10:02:10, 2026-01-10 10:16:42, 2026-01-10 10:31:44, 2026-01-10 10:32:02, 2026-01-10 10:46:49, 2026-01-10 11:01:52, 2026-01-10 11:17:04, 2026-01-10 11:31:52, 2026-01-10 11:38:28, 2026-01-10 11:46:36, 2026-01-10 12:01:39, 2026-01-10 12:16:53, 2026-01-10 12:31:48, 2026-01-10 12:32:08, 2026-01-10 12:46:59, 2026-01-10 13:01:55, 2026-01-10 13:16:53, 2026-01-10 13:31:50, 2026-01-10 13:45:18, 2026-01-10 13:46:47, 2026-01-10 14:01:49, 2026-01-10 14:17:10, 2026-01-10 14:26:43, 2026-01-10 14:31:57, 2026-01-10 14:46:44, 2026-01-10 15:02:09, 2026-01-10 15:16:35, 2026-01-10 15:31:36, 2026-01-10 15:35:25, 2026-01-10 15:46:38, 2026-01-10 16:01:42, 2026-01-10 16:16:42, 2026-01-10 16:30:18, 2026-01-10 16:31:48, 2026-01-10 16:46:49, 2026-01-10 17:01:47, 2026-01-10 17:16:52, 2026-01-10 17:32:06, 2026-01-10 17:35:18" }, "geometry": { "type": "Polygon", "coordinates": [ [ [ -71.714736444329432, 45.993098458904527 ], [ -71.721028939916479, 45.995877687016069 ], [ -71.720722159693338, 46.001065518535029 ], [ -71.714121682960993, 46.003474055224935 ], [ -71.707828713420199, 46.00069443543029 ], [ -71.70813669453689, 45.995506670693807 ], [ -71.714736444329432, 45.993098458904527 ] ] ] } },
{ "type": "Feature", "properties": { "hex_id": 818912, "centroid_lon": -70.792573514463683, "centroid_lat": 48.314177317503933, "total_occurrences": 49.0, "days_affected": 1, "first_occurrence": "2026-01-10 03:01:57", "last_occurrence": "2026-01-10 12:32:08", "all_datetimes": "2026-01-10 03:01:57, 2026-01-10 03:17:07, 2026-01-10 03:31:48, 2026-01-10 03:40:14, 2026-01-10 03:46:52, 2026-01-10 04:01:38, 2026-01-10 04:16:52, 2026-01-10 04:31:46, 2026-01-10 04:32:51, 2026-01-10 04:46:51, 2026-01-10 05:02:13, 2026-01-10 05:16:44, 2026-01-10 05:31:37, 2026-01-10 05:35:58, 2026-01-10 05:46:51, 2026-01-10 06:01:50, 2026-01-10 06:16:51, 2026-01-10 06:28:23, 2026-01-10 06:32:04, 2026-01-10 06:47:08, 2026-01-10 07:01:41, 2026-01-10 07:16:37, 2026-01-10 07:31:49, 2026-01-10 07:46:56, 2026-01-10 08:00:39, 2026-01-10 08:01:56, 2026-01-10 08:16:49, 2026-01-10 08:32:06, 2026-01-10 08:40:23, 2026-01-10 08:47:00, 2026-01-10 09:02:09, 2026-01-10 09:16:39, 2026-01-10 09:31:52, 2026-01-10 09:33:53, 2026-01-10 09:46:44, 2026-01-10 10:02:10, 2026-01-10 10:16:42, 2026-01-10 10:31:44, 2026-01-10 10:32:02, 2026-01-10 10:46:49, 2026-01-10 11:01:52, 2026-01-10 11:17:04, 2026-01-10 11:31:52, 2026-01-10 11:38:28, 2026-01-10 11:46:36, 2026-01-10 12:01:39, 2026-01-10 12:16:53, 2026-01-10 12:31:48, 2026-01-10 12:32:08" }, "geometry": { "type": "Polygon", "coordinates": [ [ [ -70.793000121280798, 48.308997087596531 ], [ -70.799512206099791, 48.311833454949316 ], [ -70.799086216064936, 48.317013725630112 ], [ -70.792146786915055, 48.319357539888159 ], [ -70.785634206067058, 48.316520741259112 ], [ -70.786061550354418, 48.311340559718531 ], [ -70.793000121280798, 48.308997087596531 ] ] ] } },
{ "type": "Feature", "properties": { "hex_id": 981264, "centroid_lon": -69.08039489856381, "centroid_lat": 47.599298811885298, "total_occurrences": 14.0, "days_affected": 1, "first_occurrence": "2026-01-10 03:01:57", "last_occurrence": "2026-01-10 05:35:58", "all_datetimes": "2026-01-10 03:01:57, 2026-01-10 03:17:07, 2026-01-10 03:31:48, 2026-01-10 03:40:14, 2026-01-10 03:46:52, 2026-01-10 04:01:38, 2026-01-10 04:16:52, 2026-01-10 04:31:46, 2026-01-10 04:32:51, 2026-01-10 04:46:51, 2026-01-10 05:02:13, 2026-01-10 05:16:44, 2026-01-10 05:31:37, 2026-01-10 05:35:58" }, "geometry": { "type": "Polygon", "coordinates": [ [ [ -69.080979751184699, 47.594131653691875 ], [ -69.08730304049665, 47.597057644703966 ], [ -69.08671875063898, 47.602224859435672 ], [ -69.079809882587938, 47.604465959939617 ], [ -69.073486193896514, 47.601539535161983 ], [ -69.074071772578094, 47.596372443712966 ], [ -69.080979751184699, 47.594131653691875 ] ] ] } },
{ "type": "Feature", "properties": { "hex_id": 1036883, "centroid_lon": -68.352971368173286, "centroid_lat": 48.54956281517341, "total_occurrences": 7.0, "days_affected": 1, "first_occurrence": "2026-01-10 03:01:57", "last_occurrence": "2026-01-10 04:16:52", "all_datetimes": "2026-01-10 03:01:57, 2026-01-10 03:17:07, 2026-01-10 03:31:48, 2026-01-10 03:40:14, 2026-01-10 03:46:52, 2026-01-10 04:01:38, 2026-01-10 04:16:52" }, "geometry": { "type": "Polygon", "coordinates": [ [ [ -68.35365001691693, 48.544403738443627 ], [ -68.360039936314863, 48.547373310605366 ], [ -68.359361866410367, 48.552532451776088 ], [ -68.352292527461131, 48.554721880143802 ], [ -68.345902221227178, 48.551751855430609 ], [ -68.346581640709289, 48.546592854969923 ], [ -68.35365001691693, 48.544403738443627 ] ] ] } },
{ "type": "Feature", "properties": { "hex_id": 508627, "centroid_lon": -74.251612029748955, "centroid_lat": 46.035292547564239, "total_occurrences": 82.0, "days_affected": 1, "first_occurrence": "2026-01-10 03:17:07", "last_occurrence": "2026-01-10 19:31:52", "all_datetimes": "2026-01-10 03:17:07, 2026-01-10 03:31:48, 2026-01-10 03:40:14, 2026-01-10 03:46:52, 2026-01-10 04:01:38, 2026-01-10 04:16:52, 2026-01-10 04:31:46, 2026-01-10 04:32:51, 2026-01-10 04:46:51, 2026-01-10 05:02:13, 2026-01-10 05:16:44, 2026-01-10 05:31:37, 2026-01-10 05:35:58, 2026-01-10 05:46:51, 2026-01-10 06:01:50, 2026-01-10 06:16:51, 2026-01-10 06:28:23, 2026-01-10 06:32:04, 2026-01-10 06:47:08, 2026-01-10 07:01:41, 2026-01-10 07:16:37, 2026-01-10 07:31:49, 2026-01-10 07:46:56, 2026-01-10 08:00:39, 2026-01-10 08:01:56, 2026-01-10 08:16:49, 2026-01-10 08:32:06, 2026-01-10 08:40:23, 2026-01-10 08:47:00, 2026-01-10 09:02:09, 2026-01-10 09:16:39, 2026-01-10 09:31:52, 2026-01-10 09:33:53, 2026-01-10 09:46:44, 2026-01-10 10:02:10, 2026-01-10 10:16:42, 2026-01-10 10:31:44, 2026-01-10 10:32:02, 2026-01-10 10:46:49, 2026-01-10 11:01:52, 2026-01-10 11:17:04, 2026-01-10 11:31:52, 2026-01-10 11:38:28, 2026-01-10 11:46:36, 2026-01-10 12:01:39, 2026-01-10 12:16:53, 2026-01-10 12:31:48, 2026-01-10 12:32:08, 2026-01-10 12:46:59, 2026-01-10 13:01:55, 2026-01-10 13:16:53, 2026-01-10 13:31:50, 2026-01-10 13:45:18, 2026-01-10 13:46:47, 2026-01-10 14:01:49, 2026-01-10 14:17:10, 2026-01-10 14:26:43, 2026-01-10 14:31:57, 2026-01-10 14:46:44, 2026-01-10 15:02:09, 2026-01-10 15:16:35, 2026-01-10 15:31:36, 2026-01-10 15:35:25, 2026-01-10 15:46:38, 2026-01-10 16:01:42, 2026-01-10 16:16:42, 2026-01-10 16:30:18, 2026-01-10 16:31:48, 2026-01-10 16:46:49, 2026-01-10 17:01:47, 2026-01-10 17:16:52, 2026-01-10 17:32:06, 2026-01-10 17:35:18, 2026-01-10 17:46:57, 2026-01-10 18:01:40, 2026-01-10 18:17:22, 2026-01-10 18:31:07, 2026-01-10 18:31:38, 2026-01-10 18:46:46, 2026-01-10 19:02:37, 2026-01-10 19:17:03, 2026-01-10 19:31:52" }, "geometry": { "type": "Polygon", "coordinates": [ [ [ -74.251682162015399, 46.030096670016491 ], [ -74.258107612553076, 46.032736729844778 ], [ -74.258038076043903, 46.037932612572426 ], [ -74.251541878200285, 46.040488420284177 ], [ -74.245115851190832, 46.037847991266922 ], [ -74.245186598490221, 46.032652123792673 ], [ -74.251682162015399, 46.030096670016491 ] ] ] } },
{ "type": "Feature", "properties": { "hex_id": 794497, "centroid_lon": -71.055664991863566, "centroid_lat": 48.401450576150516, "total_occurrences": 17.0, "days_affected": 1, "first_occurrence": "2026-01-10 03:17:07", "last_occurrence": "2026-01-10 07:16:37", "all_datetimes": "2026-01-10 03:17:07, 2026-01-10 03:31:48, 2026-01-10 03:40:14, 2026-01-10 03:46:52, 2026-01-10 04:01:38, 2026-01-10 04:16:52, 2026-01-10 04:31:46, 2026-01-10 04:32:51, 2026-01-10 05:02:13, 2026-01-10 05:16:44, 2026-01-10 05:31:37, 2026-01-10 05:35:58, 2026-01-10 06:28:23, 2026-01-10 06:32:04, 2026-01-10 06:47:08, 2026-01-10 07:01:41, 2026-01-10 07:16:37" }, "geometry": { "type": "Polygon", "coordinates": [ [ [ -71.056066192882298, 48.396268727813208 ], [ -71.062604680143693, 48.399090827795284 ], [ -71.062204103540978, 48.404272714374549 ], [ -71.055263677116287, 48.406632417298532 ], [ -71.048724679187984, 48.403809886916598 ], [ -71.049126618310169, 48.398628084081224 ], [ -71.056066192882298, 48.396268727813208 ] ] ] } },
{ "type": "Feature", "properties": { "hex_id": 810373, "centroid_lon": -70.876695129460799, "centroid_lat": 48.441927543973186, "total_occurrences": 51.0, "days_affected": 1, "first_occurrence": "2026-01-10 03:17:07", "last_occurrence": "2026-01-10 13:16:53", "all_datetimes": "2026-01-10 03:17:07, 2026-01-10 03:31:48, 2026-01-10 03:40:14, 2026-01-10 03:46:52, 2026-01-10 04:01:38, 2026-01-10 04:16:52, 2026-01-10 04:31:46, 2026-01-10 04:32:51, 2026-01-10 04:46:51, 2026-01-10 05:02:13, 2026-01-10 05:16:44, 2026-01-10 05:31:37, 2026-01-10 05:35:58, 2026-01-10 05:46:51, 2026-01-10 06:01:50, 2026-01-10 06:16:51, 2026-01-10 06:28:23, 2026-01-10 06:32:04, 2026-01-10 06:47:08, 2026-01-10 07:01:41, 2026-01-10 07:16:37, 2026-01-10 07:31:49, 2026-01-10 07:46:56, 2026-01-10 08:00:39, 2026-01-10 08:01:56, 2026-01-10 08:16:49, 2026-01-10 08:32:06, 2026-01-10 08:40:23, 2026-01-10 08:47:00, 2026-01-10 09:02:09, 2026-01-10 09:16:39, 2026-01-10 09:31:52, 2026-01-10 09:33:53, 2026-01-10 09:46:44, 2026-01-10 10:02:10, 2026-01-10 10:16:42, 2026-01-10 10:31:44, 2026-01-10 10:32:02, 2026-01-10 10:46:49, 2026-01-10 11:01:52, 2026-01-10 11:17:04, 2026-01-10 11:31:52, 2026-01-10 11:38:28, 2026-01-10 11:46:36, 2026-01-10 12:01:39, 2026-01-10 12:16:53, 2026-01-10 12:31:48, 2026-01-10 12:32:08, 2026-01-10 12:46:59, 2026-01-10 13:01:55, 2026-01-10 13:16:53" }, "geometry": { "type": "Polygon", "coordinates": [ [ [ -70.877115100101008, 48.436746874901175 ], [ -70.883648070222264, 48.439579015618008 ], [ -70.883228722221403, 48.444759724737118 ], [ -70.876275039724561, 48.447108205623408 ], [ -70.86974156608153, 48.444275632450967 ], [ -70.870162278414043, 48.439095010918528 ], [ -70.877115100101008, 48.436746874901175 ] ] ] } },
{ "type": "Feature", "properties": { "hex_id": 810988, "centroid_lon": -70.864261432853695, "centroid_lat": 48.511623035799417, "total_occurrences": 48.0, "days_affected": 1, "first_occurrence": "2026-01-10 03:17:07", "last_occurrence": "2026-01-10 12:32:08", "all_datetimes": "2026-01-10 03:17:07, 2026-01-10 03:31:48, 2026-01-10 03:40:14, 2026-01-10 03:46:52, 2026-01-10 04:01:38, 2026-01-10 04:16:52, 2026-01-10 04:31:46, 2026-01-10 04:32:51, 2026-01-10 04:46:51, 2026-01-10 05:02:13, 2026-01-10 05:16:44, 2026-01-10 05:31:37, 2026-01-10 05:35:58, 2026-01-10 05:46:51, 2026-01-10 06:01:50, 2026-01-10 06:16:51, 2026-01-10 06:28:23, 2026-01-10 06:32:04, 2026-01-10 06:47:08, 2026-01-10 07:01:41, 2026-01-10 07:16:37, 2026-01-10 07:31:49, 2026-01-10 07:46:56, 2026-01-10 08:00:39, 2026-01-10 08:01:56, 2026-01-10 08:16:49, 2026-01-10 08:32:06, 2026-01-10 08:40:23, 2026-01-10 08:47:00, 2026-01-10 09:02:09, 2026-01-10 09:16:39, 2026-01-10 09:31:52, 2026-01-10 09:33:53, 2026-01-10 09:46:44, 2026-01-10 10:02:10, 2026-01-10 10:16:42, 2026-01-10 10:31:44, 2026-01-10 10:32:02, 2026-01-10 10:46:49, 2026-01-10 11:01:52, 2026-01-10 11:17:04, 2026-01-10 11:31:52, 2026-01-10 11:38:28, 2026-01-10 11:46:36, 2026-01-10 12:01:39, 2026-01-10 12:16:53, 2026-01-10 12:31:48, 2026-01-10 12:32:08" }, "geometry": { "type": "Polygon", "coordinates": [ [ [ -70.864683699583836, 48.506442510944879 ], [ -70.871224657693887, 48.509275566184321 ], [ -70.87080301578041, 48.514456131265696 ], [ -70.863839046251115, 48.516803553210579 ], [ -70.857297583218553, 48.513970064395465 ], [ -70.857720594594355, 48.508789587281996 ], [ -70.864683699583836, 48.506442510944879 ] ] ] } },
{ "type": "Feature", "properties": { "hex_id": 810993, "centroid_lon": -70.857913022837323, "centroid_lat": 48.589330014879891, "total_occurrences": 5.0, "days_affected": 1, "first_occurrence": "2026-01-10 03:17:07", "last_occurrence": "2026-01-10 04:01:38", "all_datetimes": "2026-01-10 03:17:07, 2026-01-10 03:31:48, 2026-01-10 03:40:14, 2026-01-10 03:46:52, 2026-01-10 04:01:38" }, "geometry": { "type": "Polygon", "coordinates": [ [ [ -70.858337092226222, 48.58414960177582 ], [ -70.8648874405893, 48.586983261302329 ], [ -70.864463998591276, 48.592163714759728 ], [ -70.857488832921931, 48.594510420526319 ], [ -70.850937977716342, 48.591676326232943 ], [ -70.851362794978826, 48.586495961010932 ], [ -70.858337092226222, 48.58414960177582 ] ] ] } },
{ "type": "Feature", "properties": { "hex_id": 821885, "centroid_lon": -70.858149318407499, "centroid_lat": 47.077296444924364, "total_occurrences": 65.0, "days_affected": 1, "first_occurrence": "2026-01-10 03:17:07", "last_occurrence": "2026-01-10 16:01:42", "all_datetimes": "2026-01-10 03:17:07, 2026-01-10 03:31:48, 2026-01-10 03:40:14, 2026-01-10 03:46:52, 2026-01-10 04:01:38, 2026-01-10 04:16:52, 2026-01-10 04:31:46, 2026-01-10 04:32:51, 2026-01-10 04:46:51, 2026-01-10 05:02:13, 2026-01-10 05:16:44, 2026-01-10 05:31:37, 2026-01-10 05:35:58, 2026-01-10 05:46:51, 2026-01-10 06:01:50, 2026-01-10 06:16:51, 2026-01-10 06:28:23, 2026-01-10 06:32:04, 2026-01-10 06:47:08, 2026-01-10 07:01:41, 2026-01-10 07:16:37, 2026-01-10 07:31:49, 2026-01-10 07:46:56, 2026-01-10 08:00:39, 2026-01-10 08:01:56, 2026-01-10 08:16:49, 2026-01-10 08:32:06, 2026-01-10 08:40:23, 2026-01-10 08:47:00, 2026-01-10 09:02:09, 2026-01-10 09:16:39, 2026-01-10 09:31:52, 2026-01-10 09:33:53, 2026-01-10 09:46:44, 2026-01-10 10:02:10, 2026-01-10 10:16:42, 2026-01-10 10:31:44, 2026-01-10 10:32:02, 2026-01-10 10:46:49, 2026-01-10 11:01:52, 2026-01-10 11:17:04, 2026-01-10 11:31:52, 2026-01-10 11:38:28, 2026-01-10 11:46:36, 2026-01-10 12:01:39, 2026-01-10 12:16:53, 2026-01-10 12:31:48, 2026-01-10 12:32:08, 2026-01-10 12:46:59, 2026-01-10 13:01:55, 2026-01-10 13:16:53, 2026-01-10 13:31:50, 2026-01-10 13:45:18, 2026-01-10 13:46:47, 2026-01-10 14:01:49, 2026-01-10 14:17:10, 2026-01-10 14:26:43, 2026-01-10 14:31:57, 2026-01-10 14:46:44, 2026-01-10 15:02:09, 2026-01-10 15:16:35, 2026-01-10 15:31:36, 2026-01-10 15:35:25, 2026-01-10 15:46:38, 2026-01-10 16:01:42" }, "geometry": { "type": "Polygon", "coordinates": [ [ [ -70.858551493067651, 47.072114661344955 ], [ -70.86491915742927, 47.074943310867603 ], [ -70.864517560369663, 47.08012513361092 ], [ -70.857747031929037, 47.082478221162951 ], [ -70.851378901804694, 47.079649158425546 ], [ -70.851781765844706, 47.074467421417999 ], [ -70.858551493067651, 47.072114661344955 ] ] ] } },
{ "type": "Feature", "properties": { "hex_id": 838446, "centroid_lon": -70.580086956080478, "centroid_lat": 48.275016747322788, "total_occurrences": 1.0, "days_affected": 1, "first_occurrence": "2026-01-10 03:17:07", "last_occurrence": "2026-01-10 03:17:07", "all_datetimes": "2026-01-10 03:17:07" }, "geometry": { "type": "Polygon", "coordinates": [ [ [ -70.580534451035035, 48.269837932718502 ], [ -70.587029072371351, 48.272685859314571 ], [ -70.586582189092937, 48.277864716747075 ], [ -70.579639334592997, 48.280195554117093 ], [ -70.573144228136258, 48.277347195114977 ], [ -70.57359246125435, 48.272168431218923 ], [ -70.580534451035035, 48.269837932718502 ] ] ] } },
{ "type": "Feature", "properties": { "hex_id": 509782, "centroid_lon": -74.252442216224537, "centroid_lat": 45.006332284737532, "total_occurrences": 35.0, "days_affected": 1, "first_occurrence": "2026-01-10 03:31:48", "last_occurrence": "2026-01-10 10:16:42", "all_datetimes": "2026-01-10 03:31:48, 2026-01-10 03:40:14, 2026-01-10 03:46:52, 2026-01-10 04:01:38, 2026-01-10 04:16:52, 2026-01-10 04:31:46, 2026-01-10 04:32:51, 2026-01-10 04:46:51, 2026-01-10 05:02:13, 2026-01-10 05:16:44, 2026-01-10 05:31:37, 2026-01-10 05:35:58, 2026-01-10 05:46:51, 2026-01-10 06:01:50, 2026-01-10 06:16:51, 2026-01-10 06:28:23, 2026-01-10 06:32:04, 2026-01-10 06:47:08, 2026-01-10 07:01:41, 2026-01-10 07:16:37, 2026-01-10 07:31:49, 2026-01-10 07:46:56, 2026-01-10 08:00:39, 2026-01-10 08:01:56, 2026-01-10 08:16:49, 2026-01-10 08:32:06, 2026-01-10 08:40:23, 2026-01-10 08:47:00, 2026-01-10 09:02:09, 2026-01-10 09:16:39, 2026-01-10 09:31:52, 2026-01-10 09:33:53, 2026-01-10 09:46:44, 2026-01-10 10:02:10, 2026-01-10 10:16:42" }, "geometry": { "type": "Polygon", "coordinates": [ [ [ -74.252509802827134, 45.001135466180919 ], [ -74.258819836097146, 45.003775224803462 ], [ -74.258752813838228, 45.008972048396686 ], [ -74.252374611268635, 45.011529098465189 ], [ -74.246064032011276, 45.008888983600777 ], [ -74.246132201304775, 45.003692174973203 ], [ -74.252509802827134, 45.001135466180919 ] ] ] } },
{ "type": "Feature", "properties": { "hex_id": 534203, "centroid_lon": -73.998418599424681, "centroid_lat": 45.019978633484563, "total_occurrences": 68.0, "days_affected": 1, "first_occurrence": "2026-01-10 03:31:48", "last_occurrence": "2026-01-10 17:35:18", "all_datetimes": "2026-01-10 03:31:48, 2026-01-10 03:40:14, 2026-01-10 03:46:52, 2026-01-10 04:01:38, 2026-01-10 04:16:52, 2026-01-10 04:31:46, 2026-01-10 04:32:51, 2026-01-10 04:46:51, 2026-01-10 05:02:13, 2026-01-10 05:16:44, 2026-01-10 05:31:37, 2026-01-10 05:35:58, 2026-01-10 05:46:51, 2026-01-10 06:01:50, 2026-01-10 06:16:51, 2026-01-10 06:28:23, 2026-01-10 06:32:04, 2026-01-10 06:47:08, 2026-01-10 07:01:41, 2026-01-10 07:16:37, 2026-01-10 07:31:49, 2026-01-10 07:46:56, 2026-01-10 08:00:39, 2026-01-10 08:01:56, 2026-01-10 08:16:49, 2026-01-10 08:40:23, 2026-01-10 08:47:00, 2026-01-10 09:02:09, 2026-01-10 09:46:44, 2026-01-10 10:02:10, 2026-01-10 10:16:42, 2026-01-10 10:31:44, 2026-01-10 10:32:02, 2026-01-10 10:46:49, 2026-01-10 11:01:52, 2026-01-10 11:17:04, 2026-01-10 11:31:52, 2026-01-10 11:38:28, 2026-01-10 11:46:36, 2026-01-10 12:01:39, 2026-01-10 12:16:53, 2026-01-10 12:31:48, 2026-01-10 12:32:08, 2026-01-10 12:46:59, 2026-01-10 13:01:55, 2026-01-10 13:16:53, 2026-01-10 13:31:50, 2026-01-10 13:45:18, 2026-01-10 13:46:47, 2026-01-10 14:01:49, 2026-01-10 14:17:10, 2026-01-10 14:26:43, 2026-01-10 14:31:57, 2026-01-10 14:46:44, 2026-01-10 15:02:09, 2026-01-10 15:16:35, 2026-01-10 15:31:36, 2026-01-10 15:35:25, 2026-01-10 15:46:38, 2026-01-10 16:01:42, 2026-01-10 16:16:42, 2026-01-10 16:30:18, 2026-01-10 16:31:48, 2026-01-10 16:46:49, 2026-01-10 17:01:47, 2026-01-10 17:16:52, 2026-01-10 17:32:06, 2026-01-10 17:35:18" }, "geometry": { "type": "Polygon", "coordinates": [ [ [ -73.998509193307655, 45.014782179663747 ], [ -74.00480880255688, 45.01743587810229 ], [ -74.004718770147392, 45.022632339472402 ], [ -73.998327980938555, 45.025175082413504 ], [ -73.992027834823105, 45.022521025140684 ], [ -73.992119014774559, 45.017324583824497 ], [ -73.998509193307655, 45.014782179663747 ] ] ] } },
{ "type": "Feature", "properties": { "hex_id": 497604, "centroid_lon": -74.37386796253891, "centroid_lat": 45.50597773669412, "total_occurrences": 14.0, "days_affected": 1, "first_occurrence": "2026-01-10 03:40:14", "last_occurrence": "2026-01-10 06:16:51", "all_datetimes": "2026-01-10 03:40:14, 2026-01-10 03:46:52, 2026-01-10 04:01:38, 2026-01-10 04:16:52, 2026-01-10 04:31:46, 2026-01-10 04:32:51, 2026-01-10 04:46:51, 2026-01-10 05:02:13, 2026-01-10 05:16:44, 2026-01-10 05:31:37, 2026-01-10 05:35:58, 2026-01-10 05:46:51, 2026-01-10 06:01:50, 2026-01-10 06:16:51" }, "geometry": { "type": "Polygon", "coordinates": [ [ [ -74.373925565824649, 45.500781242453961 ], [ -74.380296624684121, 45.503414390051802 ], [ -74.38023960232492, 45.508610888179028 ], [ -74.373810343518244, 45.511174226129221 ], [ -74.367438719469817, 45.508540717246838 ], [ -74.367496919411735, 45.503344231763393 ], [ -74.373925565824649, 45.500781242453961 ] ] ] } },
{ "type": "Feature", "properties": { "hex_id": 498826, "centroid_lon": -74.360891253778647, "centroid_lat": 45.521496270513673, "total_occurrences": 2.0, "days_affected": 1, "first_occurrence": "2026-01-10 03:40:14", "last_occurrence": "2026-01-10 03:46:52", "all_datetimes": "2026-01-10 03:40:14, 2026-01-10 03:46:52" }, "geometry": { "type": "Polygon", "coordinates": [ [ [ -74.360950082664033, 45.516299803467483 ], [ -74.367322271885484, 45.518933673795097 ], [ -74.367264024232398, 45.524130144859924 ], [ -74.360832408820571, 45.526692732752508 ], [ -74.354459654442209, 45.524058500818967 ], [ -74.354519080627171, 45.518862042663415 ], [ -74.360950082664033, 45.516299803467483 ] ] ] } },
{ "type": "Feature", "properties": { "hex_id": 499411, "centroid_lon": -74.358988374165122, "centroid_lat": 45.123917153251419, "total_occurrences": 61.0, "days_affected": 1, "first_occurrence": "2026-01-10 03:40:14", "last_occurrence": "2026-01-10 15:35:25", "all_datetimes": "2026-01-10 03:40:14, 2026-01-10 03:46:52, 2026-01-10 04:01:38, 2026-01-10 04:16:52, 2026-01-10 04:31:46, 2026-01-10 04:32:51, 2026-01-10 04:46:51, 2026-01-10 05:02:13, 2026-01-10 05:16:44, 2026-01-10 05:31:37, 2026-01-10 05:35:58, 2026-01-10 05:46:51, 2026-01-10 06:01:50, 2026-01-10 06:16:51, 2026-01-10 06:28:23, 2026-01-10 06:32:04, 2026-01-10 06:47:08, 2026-01-10 07:01:41, 2026-01-10 07:16:37, 2026-01-10 07:31:49, 2026-01-10 07:46:56, 2026-01-10 08:00:39, 2026-01-10 08:01:56, 2026-01-10 08:16:49, 2026-01-10 08:32:06, 2026-01-10 08:40:23, 2026-01-10 08:47:00, 2026-01-10 09:02:09, 2026-01-10 09:16:39, 2026-01-10 09:31:52, 2026-01-10 09:33:53, 2026-01-10 09:46:44, 2026-01-10 10:02:10, 2026-01-10 10:16:42, 2026-01-10 10:31:44, 2026-01-10 10:32:02, 2026-01-10 10:46:49, 2026-01-10 11:01:52, 2026-01-10 11:17:04, 2026-01-10 11:31:52, 2026-01-10 11:38:28, 2026-01-10 11:46:36, 2026-01-10 12:01:39, 2026-01-10 12:16:53, 2026-01-10 12:31:48, 2026-01-10 12:32:08, 2026-01-10 12:46:59, 2026-01-10 13:01:55, 2026-01-10 13:16:53, 2026-01-10 13:31:50, 2026-01-10 13:45:18, 2026-01-10 13:46:47, 2026-01-10 14:01:49, 2026-01-10 14:17:10, 2026-01-10 14:26:43, 2026-01-10 14:31:57, 2026-01-10 14:46:44, 2026-01-10 15:02:09, 2026-01-10 15:16:35, 2026-01-10 15:31:36, 2026-01-10 15:35:25" }, "geometry": { "type": "Polygon", "coordinates": [ [ [ -74.359046566326285, 45.11872032484969 ], [ -74.365374456160822, 45.121354241805989 ], [ -74.365316833196204, 45.126551074201281 ], [ -74.358930166179903, 45.129113976845069 ], [ -74.352601722975507, 45.126479703221115 ], [ -74.352660500152027, 45.121282883684771 ], [ -74.359046566326285, 45.11872032484969 ] ] ] } },
{ "type": "Feature", "properties": { "hex_id": 564778, "centroid_lon": -73.662921630342709, "centroid_lat": 45.796079845716655, "total_occurrences": 36.0, "days_affected": 1, "first_occurrence": "2026-01-10 03:40:14", "last_occurrence": "2026-01-10 10:32:02", "all_datetimes": "2026-01-10 03:40:14, 2026-01-10 03:46:52, 2026-01-10 04:01:38, 2026-01-10 04:16:52, 2026-01-10 04:31:46, 2026-01-10 04:32:51, 2026-01-10 04:46:51, 2026-01-10 05:02:13, 2026-01-10 05:16:44, 2026-01-10 05:31:37, 2026-01-10 05:35:58, 2026-01-10 05:46:51, 2026-01-10 06:01:50, 2026-01-10 06:16:51, 2026-01-10 06:28:23, 2026-01-10 06:32:04, 2026-01-10 06:47:08, 2026-01-10 07:01:41, 2026-01-10 07:16:37, 2026-01-10 07:31:49, 2026-01-10 07:46:56, 2026-01-10 08:00:39, 2026-01-10 08:01:56, 2026-01-10 08:16:49, 2026-01-10 08:32:06, 2026-01-10 08:40:23, 2026-01-10 08:47:00, 2026-01-10 09:02:09, 2026-01-10 09:16:39, 2026-01-10 09:31:52, 2026-01-10 09:33:53, 2026-01-10 09:46:44, 2026-01-10 10:02:10, 2026-01-10 10:16:42, 2026-01-10 10:31:44, 2026-01-10 10:32:02" }, "geometry": { "type": "Polygon", "coordinates": [ [ [ -73.663045881090383, 45.790884722793727 ], [ -73.669415378473801, 45.793557376474354 ], [ -73.669291708050864, 45.798752510426183 ], [ -73.662797345541634, 45.80127496363243 ], [ -73.65642730189262, 45.798601938177718 ], [ -73.656552167006907, 45.793406831356002 ], [ -73.663045881090383, 45.790884722793727 ] ] ] } },
{ "type": "Feature", "properties": { "hex_id": 567219, "centroid_lon": -73.637574033471708, "centroid_lat": 45.780190613183358, "total_occurrences": 6.0, "days_affected": 1, "first_occurrence": "2026-01-10 03:40:14", "last_occurrence": "2026-01-10 10:32:02", "all_datetimes": "2026-01-10 03:40:14, 2026-01-10 09:46:44, 2026-01-10 10:02:10, 2026-01-10 10:16:42, 2026-01-10 10:31:44, 2026-01-10 10:32:02" }, "geometry": { "type": "Polygon", "coordinates": [ [ [ -73.637700569152926, 45.774995529985709 ], [ -73.644067030303503, 45.777669570145115 ], [ -73.643941074112291, 45.782864664619822 ], [ -73.637447463118036, 45.785385691363949 ], [ -73.631080457155775, 45.782711279395436 ], [ -73.631207606987743, 45.777516212557039 ], [ -73.637700569152926, 45.774995529985709 ] ] ] } },
{ "type": "Feature", "properties": { "hex_id": 594065, "centroid_lon": -73.361967134444086, "centroid_lat": 45.527128738834229, "total_occurrences": 36.0, "days_affected": 1, "first_occurrence": "2026-01-10 03:40:14", "last_occurrence": "2026-01-10 10:32:02", "all_datetimes": "2026-01-10 03:40:14, 2026-01-10 03:46:52, 2026-01-10 04:01:38, 2026-01-10 04:16:52, 2026-01-10 04:31:46, 2026-01-10 04:32:51, 2026-01-10 04:46:51, 2026-01-10 05:02:13, 2026-01-10 05:16:44, 2026-01-10 05:31:37, 2026-01-10 05:35:58, 2026-01-10 05:46:51, 2026-01-10 06:01:50, 2026-01-10 06:16:51, 2026-01-10 06:28:23, 2026-01-10 06:32:04, 2026-01-10 06:47:08, 2026-01-10 07:01:41, 2026-01-10 07:16:37, 2026-01-10 07:31:49, 2026-01-10 07:46:56, 2026-01-10 08:00:39, 2026-01-10 08:01:56, 2026-01-10 08:16:49, 2026-01-10 08:32:06, 2026-01-10 08:40:23, 2026-01-10 08:47:00, 2026-01-10 09:02:09, 2026-01-10 09:16:39, 2026-01-10 09:31:52, 2026-01-10 09:33:53, 2026-01-10 09:46:44, 2026-01-10 10:02:10, 2026-01-10 10:16:42, 2026-01-10 10:31:44, 2026-01-10 10:32:02" }, "geometry": { "type": "Polygon", "coordinates": [ [ [ -73.362117924892885, 45.521934080004435 ], [ -73.368442563335734, 45.524623024206832 ], [ -73.368292340924469, 45.529817696974085 ], [ -73.361816302809217, 45.532323392529044 ], [ -73.355491137521824, 45.529634077183168 ], [ -73.355642537180387, 45.524439437490308 ], [ -73.362117924892885, 45.521934080004435 ] ] ] } },
{ "type": "Feature", "properties": { "hex_id": 1023403, "centroid_lon": -68.59665164025985, "centroid_lat": 47.799323031524658, "total_occurrences": 28.0, "days_affected": 1, "first_occurrence": "2026-01-10 03:40:14", "last_occurrence": "2026-01-10 09:02:09", "all_datetimes": "2026-01-10 03:40:14, 2026-01-10 03:46:52, 2026-01-10 04:01:38, 2026-01-10 04:16:52, 2026-01-10 04:31:46, 2026-01-10 04:32:51, 2026-01-10 04:46:51, 2026-01-10 05:02:13, 2026-01-10 05:16:44, 2026-01-10 05:31:37, 2026-01-10 05:35:58, 2026-01-10 05:46:51, 2026-01-10 06:01:50, 2026-01-10 06:16:51, 2026-01-10 06:28:23, 2026-01-10 06:32:04, 2026-01-10 06:47:08, 2026-01-10 07:01:41, 2026-01-10 07:16:37, 2026-01-10 07:31:49, 2026-01-10 07:46:56, 2026-01-10 08:00:39, 2026-01-10 08:01:56, 2026-01-10 08:16:49, 2026-01-10 08:32:06, 2026-01-10 08:40:23, 2026-01-10 08:47:00, 2026-01-10 09:02:09" }, "geometry": { "type": "Polygon", "coordinates": [ [ [ -68.597288539061338, 47.7941607670313 ], [ -68.603605106125983, 47.797113361384604 ], [ -68.60296876726288, 47.802275687145332 ], [ -68.596014563216158, 47.804485284920666 ], [ -68.589697614486838, 47.801532250655363 ], [ -68.590335251405918, 47.79637005859378 ], [ -68.597288539061338, 47.7941607670313 ] ] ] } },
{ "type": "Feature", "properties": { "hex_id": 614816, "centroid_lon": -73.147442508887252, "centroid_lat": 45.430306455503619, "total_occurrences": 31.0, "days_affected": 1, "first_occurrence": "2026-01-10 03:46:52", "last_occurrence": "2026-01-10 09:46:44", "all_datetimes": "2026-01-10 03:46:52, 2026-01-10 04:01:38, 2026-01-10 04:16:52, 2026-01-10 04:31:46, 2026-01-10 04:32:51, 2026-01-10 04:46:51, 2026-01-10 05:02:13, 2026-01-10 05:16:44, 2026-01-10 05:31:37, 2026-01-10 05:35:58, 2026-01-10 05:46:51, 2026-01-10 06:01:50, 2026-01-10 06:16:51, 2026-01-10 06:28:23, 2026-01-10 06:32:04, 2026-01-10 06:47:08, 2026-01-10 07:01:41, 2026-01-10 07:16:37, 2026-01-10 07:31:49, 2026-01-10 07:46:56, 2026-01-10 08:00:39, 2026-01-10 08:01:56, 2026-01-10 08:16:49, 2026-01-10 08:32:06, 2026-01-10 08:40:23, 2026-01-10 08:47:00, 2026-01-10 09:02:09, 2026-01-10 09:16:39, 2026-01-10 09:31:52, 2026-01-10 09:33:53, 2026-01-10 09:46:44" }, "geometry": { "type": "Polygon", "coordinates": [ [ [ -73.147612466656781, 45.425112301794236 ], [ -73.153915843296687, 45.427812841271141 ], [ -73.153746447723236, 45.433007010996327 ], [ -73.147272504755634, 45.435500603971512 ], [ -73.140968612289484, 45.432799692622815 ], [ -73.141139178601676, 45.427605560234944 ], [ -73.147612466656781, 45.425112301794236 ] ] ] } },
{ "type": "Feature", "properties": { "hex_id": 909263, "centroid_lon": -69.802975812284444, "centroid_lat": 48.226854181132914, "total_occurrences": 47.0, "days_affected": 1, "first_occurrence": "2026-01-10 03:46:52", "last_occurrence": "2026-01-10 13:01:55", "all_datetimes": "2026-01-10 03:46:52, 2026-01-10 04:01:38, 2026-01-10 04:16:52, 2026-01-10 04:31:46, 2026-01-10 04:32:51, 2026-01-10 04:46:51, 2026-01-10 05:02:13, 2026-01-10 05:16:44, 2026-01-10 05:31:37, 2026-01-10 05:35:58, 2026-01-10 05:46:51, 2026-01-10 06:01:50, 2026-01-10 06:16:51, 2026-01-10 06:28:23, 2026-01-10 06:32:04, 2026-01-10 06:47:08, 2026-01-10 07:01:41, 2026-01-10 07:16:37, 2026-01-10 07:31:49, 2026-01-10 07:46:56, 2026-01-10 08:00:39, 2026-01-10 08:01:56, 2026-01-10 08:16:49, 2026-01-10 08:32:06, 2026-01-10 08:40:23, 2026-01-10 08:47:00, 2026-01-10 09:02:09, 2026-01-10 09:16:39, 2026-01-10 09:31:52, 2026-01-10 09:33:53, 2026-01-10 09:46:44, 2026-01-10 10:02:10, 2026-01-10 10:16:42, 2026-01-10 10:31:44, 2026-01-10 10:32:02, 2026-01-10 10:46:49, 2026-01-10 11:01:52, 2026-01-10 11:17:04, 2026-01-10 11:31:52, 2026-01-10 11:38:28, 2026-01-10 11:46:36, 2026-01-10 12:01:39, 2026-01-10 12:16:53, 2026-01-10 12:31:48, 2026-01-10 12:32:08, 2026-01-10 12:46:59, 2026-01-10 13:01:55" }, "geometry": { "type": "Polygon", "coordinates": [ [ [ -69.80350089949161, 48.221681235777275 ], [ -69.809942767471796, 48.224571375647315 ], [ -69.809418276254291, 48.229744371332728 ], [ -69.802450576881043, 48.232027117504217 ], [ -69.79600826113402, 48.22913653996509 ], [ -69.796534092473905, 48.22396365399284 ], [ -69.80350089949161, 48.221681235777275 ] ] ] } },
{ "type": "Feature", "properties": { "hex_id": 498217, "centroid_lon": -74.367030874422497, "centroid_lat": 45.544915981057258, "total_occurrences": 12.0, "days_affected": 1, "first_occurrence": "2026-01-10 04:01:38", "last_occurrence": "2026-01-10 06:16:51", "all_datetimes": "2026-01-10 04:01:38, 2026-01-10 04:16:52, 2026-01-10 04:31:46, 2026-01-10 04:32:51, 2026-01-10 04:46:51, 2026-01-10 05:02:13, 2026-01-10 05:16:44, 2026-01-10 05:31:37, 2026-01-10 05:35:58, 2026-01-10 05:46:51, 2026-01-10 06:01:50, 2026-01-10 06:16:51" }, "geometry": { "type": "Polygon", "coordinates": [ [ [ -74.367089185765295, 45.53971952921723 ], [ -74.373464298664643, 45.542353061834085 ], [ -74.373406569351388, 45.547549517633918 ], [ -74.366972547143888, 45.550112428091111 ], [ -74.360596868153479, 45.547478533634084 ], [ -74.360655777456273, 45.542282090624752 ], [ -74.367089185765295, 45.53971952921723 ] ] ] } },
{ "type": "Feature", "properties": { "hex_id": 539709, "centroid_lon": -73.937993138191359, "centroid_lat": 45.198734938006957, "total_occurrences": 82.0, "days_affected": 1, "first_occurrence": "2026-01-10 04:01:38", "last_occurrence": "2026-01-10 20:31:43", "all_datetimes": "2026-01-10 04:01:38, 2026-01-10 04:16:52, 2026-01-10 04:31:46, 2026-01-10 04:32:51, 2026-01-10 04:46:51, 2026-01-10 05:02:13, 2026-01-10 05:16:44, 2026-01-10 05:31:37, 2026-01-10 05:35:58, 2026-01-10 05:46:51, 2026-01-10 06:01:50, 2026-01-10 06:16:51, 2026-01-10 06:28:23, 2026-01-10 06:32:04, 2026-01-10 06:47:08, 2026-01-10 07:01:41, 2026-01-10 07:16:37, 2026-01-10 07:31:49, 2026-01-10 07:46:56, 2026-01-10 08:00:39, 2026-01-10 08:01:56, 2026-01-10 08:16:49, 2026-01-10 08:32:06, 2026-01-10 08:40:23, 2026-01-10 08:47:00, 2026-01-10 09:02:09, 2026-01-10 09:16:39, 2026-01-10 09:31:52, 2026-01-10 09:33:53, 2026-01-10 09:46:44, 2026-01-10 10:02:10, 2026-01-10 10:16:42, 2026-01-10 10:31:44, 2026-01-10 10:32:02, 2026-01-10 10:46:49, 2026-01-10 11:01:52, 2026-01-10 11:17:04, 2026-01-10 11:31:52, 2026-01-10 11:38:28, 2026-01-10 11:46:36, 2026-01-10 12:01:39, 2026-01-10 12:16:53, 2026-01-10 12:31:48, 2026-01-10 12:32:08, 2026-01-10 12:46:59, 2026-01-10 13:01:55, 2026-01-10 13:16:53, 2026-01-10 13:31:50, 2026-01-10 13:45:18, 2026-01-10 13:46:47, 2026-01-10 14:01:49, 2026-01-10 14:17:10, 2026-01-10 14:26:43, 2026-01-10 14:31:57, 2026-01-10 14:46:44, 2026-01-10 15:02:09, 2026-01-10 15:16:35, 2026-01-10 15:31:36, 2026-01-10 15:35:25, 2026-01-10 15:46:38, 2026-01-10 16:01:42, 2026-01-10 16:16:42, 2026-01-10 16:30:18, 2026-01-10 16:31:48, 2026-01-10 16:46:49, 2026-01-10 17:01:47, 2026-01-10 17:16:52, 2026-01-10 17:32:06, 2026-01-10 17:35:18, 2026-01-10 17:46:57, 2026-01-10 18:01:40, 2026-01-10 18:17:22, 2026-01-10 18:31:07, 2026-01-10 18:31:38, 2026-01-10 18:46:46, 2026-01-10 19:02:37, 2026-01-10 19:17:03, 2026-01-10 19:31:52, 2026-01-10 19:47:00, 2026-01-10 20:02:11, 2026-01-10 20:17:06, 2026-01-10 20:31:43" }, "geometry": { "type": "Polygon", "coordinates": [ [ [ -73.938089797227491, 45.193538746363444 ], [ -73.944406087444634, 45.196195851262537 ], [ -73.944309994378003, 45.20139205108331 ], [ -73.937896452850893, 45.203931124740279 ], [ -73.93157962297299, 45.201273658211676 ], [ -73.931676874274189, 45.196077479719513 ], [ -73.938089797227491, 45.193538746363444 ] ] ] } },
{ "type": "Feature", "properties": { "hex_id": 567236, "centroid_lon": -73.631074477481974, "centroid_lat": 46.045133202128739, "total_occurrences": 5.0, "days_affected": 1, "first_occurrence": "2026-01-10 04:01:38", "last_occurrence": "2026-01-10 04:46:51", "all_datetimes": "2026-01-10 04:01:38, 2026-01-10 04:16:52, 2026-01-10 04:31:46, 2026-01-10 04:32:51, 2026-01-10 04:46:51" }, "geometry": { "type": "Polygon", "coordinates": [ [ [ -73.631202796520682, 46.039938374887988 ], [ -73.637599013645925, 46.042612993392467 ], [ -73.637471282200025, 46.047807832039318 ], [ -73.630946123165842, 46.050328024348993 ], [ -73.62454935373124, 46.047653030568725 ], [ -73.624678295628186, 46.042458219820318 ], [ -73.631202796520682, 46.039938374887988 ] ] ] } },
{ "type": "Feature", "properties": { "hex_id": 760116, "centroid_lon": -71.627275563973285, "centroid_lat": 45.411100527328607, "total_occurrences": 46.0, "days_affected": 1, "first_occurrence": "2026-01-10 04:01:38", "last_occurrence": "2026-01-10 13:01:55", "all_datetimes": "2026-01-10 04:01:38, 2026-01-10 04:16:52, 2026-01-10 04:31:46, 2026-01-10 04:32:51, 2026-01-10 04:46:51, 2026-01-10 05:02:13, 2026-01-10 05:16:44, 2026-01-10 05:31:37, 2026-01-10 05:35:58, 2026-01-10 05:46:51, 2026-01-10 06:01:50, 2026-01-10 06:16:51, 2026-01-10 06:28:23, 2026-01-10 06:32:04, 2026-01-10 06:47:08, 2026-01-10 07:01:41, 2026-01-10 07:16:37, 2026-01-10 07:31:49, 2026-01-10 07:46:56, 2026-01-10 08:00:39, 2026-01-10 08:01:56, 2026-01-10 08:16:49, 2026-01-10 08:32:06, 2026-01-10 08:40:23, 2026-01-10 08:47:00, 2026-01-10 09:02:09, 2026-01-10 09:16:39, 2026-01-10 09:31:52, 2026-01-10 09:33:53, 2026-01-10 09:46:44, 2026-01-10 10:02:10, 2026-01-10 10:16:42, 2026-01-10 10:31:44, 2026-01-10 10:32:02, 2026-01-10 10:46:49, 2026-01-10 11:01:52, 2026-01-10 11:17:04, 2026-01-10 11:31:52, 2026-01-10 11:38:28, 2026-01-10 11:46:36, 2026-01-10 12:01:39, 2026-01-10 12:16:53, 2026-01-10 12:31:48, 2026-01-10 12:32:08, 2026-01-10 12:46:59, 2026-01-10 13:01:55" }, "geometry": { "type": "Polygon", "coordinates": [ [ [ -71.627584654198401, 45.405912650800701 ], [ -71.633808579262464, 45.408694960317732 ], [ -71.633500028902219, 45.413882867545759 ], [ -71.626966389554227, 45.416288397477153 ], [ -71.62074200883329, 45.413505703211527 ], [ -71.621051723089096, 45.40831786382671 ], [ -71.627584654198401, 45.405912650800701 ] ] ] } },
{ "type": "Feature", "properties": { "hex_id": 821333, "centroid_lon": -70.792482935820047, "centroid_lat": 47.98683035936952, "total_occurrences": 69.0, "days_affected": 1, "first_occurrence": "2026-01-10 04:01:38", "last_occurrence": "2026-01-10 17:35:18", "all_datetimes": "2026-01-10 04:01:38, 2026-01-10 04:16:52, 2026-01-10 04:31:46, 2026-01-10 04:32:51, 2026-01-10 04:46:51, 2026-01-10 05:02:13, 2026-01-10 05:16:44, 2026-01-10 05:31:37, 2026-01-10 05:35:58, 2026-01-10 05:46:51, 2026-01-10 06:01:50, 2026-01-10 06:16:51, 2026-01-10 06:28:23, 2026-01-10 06:32:04, 2026-01-10 06:47:08, 2026-01-10 07:01:41, 2026-01-10 07:16:37, 2026-01-10 07:31:49, 2026-01-10 07:46:56, 2026-01-10 08:00:39, 2026-01-10 08:01:56, 2026-01-10 08:16:49, 2026-01-10 08:32:06, 2026-01-10 08:40:23, 2026-01-10 08:47:00, 2026-01-10 09:02:09, 2026-01-10 09:16:39, 2026-01-10 09:31:52, 2026-01-10 09:33:53, 2026-01-10 09:46:44, 2026-01-10 10:02:10, 2026-01-10 10:16:42, 2026-01-10 10:31:44, 2026-01-10 10:32:02, 2026-01-10 10:46:49, 2026-01-10 11:01:52, 2026-01-10 11:17:04, 2026-01-10 11:31:52, 2026-01-10 11:38:28, 2026-01-10 11:46:36, 2026-01-10 12:01:39, 2026-01-10 12:16:53, 2026-01-10 12:31:48, 2026-01-10 12:32:08, 2026-01-10 12:46:59, 2026-01-10 13:01:55, 2026-01-10 13:16:53, 2026-01-10 13:31:50, 2026-01-10 13:45:18, 2026-01-10 13:46:47, 2026-01-10 14:01:49, 2026-01-10 14:17:10, 2026-01-10 14:26:43, 2026-01-10 14:31:57, 2026-01-10 14:46:44, 2026-01-10 15:02:09, 2026-01-10 15:16:35, 2026-01-10 15:31:36, 2026-01-10 15:35:25, 2026-01-10 15:46:38, 2026-01-10 16:01:42, 2026-01-10 16:16:42, 2026-01-10 16:30:18, 2026-01-10 16:31:48, 2026-01-10 16:46:49, 2026-01-10 17:01:47, 2026-01-10 17:16:52, 2026-01-10 17:32:06, 2026-01-10 17:35:18" }, "geometry": { "type": "Polygon", "coordinates": [ [ [ -70.792904683853408, 47.981649834050977 ], [ -70.799376563380946, 47.984485112797792 ], [ -70.798955421135787, 47.989665678624959 ], [ -70.792061069010174, 47.992010877190751 ], [ -70.785588702492149, 47.989175171893493 ], [ -70.786011175047804, 47.983994694650292 ], [ -70.792904683853408, 47.981649834050977 ] ] ] } },
{ "type": "Feature", "properties": { "hex_id": 787797, "centroid_lon": -71.111371913370675, "centroid_lat": 48.644941373669909, "total_occurrences": 40.0, "days_affected": 1, "first_occurrence": "2026-01-10 04:16:52", "last_occurrence": "2026-01-10 12:01:39", "all_datetimes": "2026-01-10 04:16:52, 2026-01-10 04:31:46, 2026-01-10 04:32:51, 2026-01-10 04:46:51, 2026-01-10 05:02:13, 2026-01-10 05:16:44, 2026-01-10 05:31:37, 2026-01-10 05:35:58, 2026-01-10 05:46:51, 2026-01-10 06:01:50, 2026-01-10 06:16:51, 2026-01-10 06:28:23, 2026-01-10 06:32:04, 2026-01-10 06:47:08, 2026-01-10 07:01:41, 2026-01-10 07:16:37, 2026-01-10 07:31:49, 2026-01-10 07:46:56, 2026-01-10 08:00:39, 2026-01-10 08:01:56, 2026-01-10 08:16:49, 2026-01-10 08:32:06, 2026-01-10 08:40:23, 2026-01-10 08:47:00, 2026-01-10 09:02:09, 2026-01-10 09:16:39, 2026-01-10 09:31:52, 2026-01-10 09:33:53, 2026-01-10 09:46:44, 2026-01-10 10:02:10, 2026-01-10 10:16:42, 2026-01-10 10:31:44, 2026-01-10 10:32:02, 2026-01-10 10:46:49, 2026-01-10 11:01:52, 2026-01-10 11:17:04, 2026-01-10 11:31:52, 2026-01-10 11:38:28, 2026-01-10 11:46:36, 2026-01-10 12:01:39" }, "geometry": { "type": "Polygon", "coordinates": [ [ [ -71.111770852995306, 48.639759399972093 ], [ -71.118343298601644, 48.642579147007424 ], [ -71.117944992834907, 48.647761158581972 ], [ -71.110972860229467, 48.650123340232149 ], [ -71.104399894302432, 48.647303159698986 ], [ -71.104799581260238, 48.642121231084893 ], [ -71.111770852995306, 48.639759399972093 ] ] ] } },
{ "type": "Feature", "properties": { "hex_id": 810382, "centroid_lon": -70.86531076227665, "centroid_lat": 48.581802800396673, "total_occurrences": 28.0, "days_affected": 1, "first_occurrence": "2026-01-10 04:16:52", "last_occurrence": "2026-01-10 09:33:53", "all_datetimes": "2026-01-10 04:16:52, 2026-01-10 04:31:46, 2026-01-10 04:32:51, 2026-01-10 04:46:51, 2026-01-10 05:02:13, 2026-01-10 05:16:44, 2026-01-10 05:31:37, 2026-01-10 05:35:58, 2026-01-10 05:46:51, 2026-01-10 06:01:50, 2026-01-10 06:16:51, 2026-01-10 06:28:23, 2026-01-10 06:32:04, 2026-01-10 06:47:08, 2026-01-10 07:01:41, 2026-01-10 07:16:37, 2026-01-10 07:31:49, 2026-01-10 07:46:56, 2026-01-10 08:00:39, 2026-01-10 08:01:56, 2026-01-10 08:16:49, 2026-01-10 08:32:06, 2026-01-10 08:40:23, 2026-01-10 08:47:00, 2026-01-10 09:02:09, 2026-01-10 09:16:39, 2026-01-10 09:31:52, 2026-01-10 09:33:53" }, "geometry": { "type": "Polygon", "coordinates": [ [ [ -70.86573396369694, 48.576622332043748 ], [ -70.872283805086397, 48.579455556974175 ], [ -70.871861230928602, 48.584636065600918 ], [ -70.8648874405893, 48.586983261302329 ], [ -70.858337092226222, 48.58414960177582 ], [ -70.858761041132396, 48.578969181215058 ], [ -70.86573396369694, 48.576622332043748 ] ] ] } },
{ "type": "Feature", "properties": { "hex_id": 761548, "centroid_lon": -71.399880947167773, "centroid_lat": 48.693297394869298, "total_occurrences": 3.0, "days_affected": 1, "first_occurrence": "2026-01-10 04:31:46", "last_occurrence": "2026-01-10 04:46:51", "all_datetimes": "2026-01-10 04:31:46, 2026-01-10 04:32:51, 2026-01-10 04:46:51" }, "geometry": { "type": "Polygon", "coordinates": [ [ [ -71.400250956708518, 48.688113754868475 ], [ -71.406846581959144, 48.690917526184911 ], [ -71.406477213087982, 48.696101201209984 ], [ -71.399510832228998, 48.698481028078533 ], [ -71.392914671726004, 48.695676824980453 ], [ -71.39328542729595, 48.69049322686719 ], [ -71.400250956708518, 48.688113754868475 ] ] ] } },
{ "type": "Feature", "properties": { "hex_id": 763987, "centroid_lon": -71.376109107974912, "centroid_lat": 48.64579391598032, "total_occurrences": 51.0, "days_affected": 1, "first_occurrence": "2026-01-10 04:31:46", "last_occurrence": "2026-01-10 14:26:43", "all_datetimes": "2026-01-10 04:31:46, 2026-01-10 04:32:51, 2026-01-10 04:46:51, 2026-01-10 05:02:13, 2026-01-10 05:16:44, 2026-01-10 05:31:37, 2026-01-10 05:35:58, 2026-01-10 05:46:51, 2026-01-10 06:01:50, 2026-01-10 06:16:51, 2026-01-10 06:28:23, 2026-01-10 06:32:04, 2026-01-10 06:47:08, 2026-01-10 07:01:41, 2026-01-10 07:16:37, 2026-01-10 07:31:49, 2026-01-10 07:46:56, 2026-01-10 08:00:39, 2026-01-10 08:01:56, 2026-01-10 08:16:49, 2026-01-10 08:32:06, 2026-01-10 08:40:23, 2026-01-10 08:47:00, 2026-01-10 09:02:09, 2026-01-10 09:16:39, 2026-01-10 09:31:52, 2026-01-10 09:33:53, 2026-01-10 09:46:44, 2026-01-10 10:02:10, 2026-01-10 10:16:42, 2026-01-10 10:31:44, 2026-01-10 10:32:02, 2026-01-10 10:46:49, 2026-01-10 11:01:52, 2026-01-10 11:17:04, 2026-01-10 11:31:52, 2026-01-10 11:38:28, 2026-01-10 11:46:36, 2026-01-10 12:01:39, 2026-01-10 12:16:53, 2026-01-10 12:31:48, 2026-01-10 12:32:08, 2026-01-10 12:46:59, 2026-01-10 13:01:55, 2026-01-10 13:16:53, 2026-01-10 13:31:50, 2026-01-10 13:45:18, 2026-01-10 13:46:47, 2026-01-10 14:01:49, 2026-01-10 14:17:10, 2026-01-10 14:26:43" }, "geometry": { "type": "Polygon", "coordinates": [ [ [ -71.376480936379096, 48.640610368986906 ], [ -71.383069104822084, 48.643415339254553 ], [ -71.382697914989322, 48.648598921476378 ], [ -71.375737173735018, 48.650977456157058 ], [ -71.369148472575588, 48.648172054602277 ], [ -71.369521045348378, 48.642988549725544 ], [ -71.376480936379096, 48.640610368986906 ] ] ] } },
{ "type": "Feature", "properties": { "hex_id": 764599, "centroid_lon": -71.367657120591574, "centroid_lat": 48.668906005853074, "total_occurrences": 51.0, "days_affected": 1, "first_occurrence": "2026-01-10 04:31:46", "last_occurrence": "2026-01-10 14:26:43", "all_datetimes": "2026-01-10 04:31:46, 2026-01-10 04:32:51, 2026-01-10 04:46:51, 2026-01-10 05:02:13, 2026-01-10 05:16:44, 2026-01-10 05:31:37, 2026-01-10 05:35:58, 2026-01-10 05:46:51, 2026-01-10 06:01:50, 2026-01-10 06:16:51, 2026-01-10 06:28:23, 2026-01-10 06:32:04, 2026-01-10 06:47:08, 2026-01-10 07:01:41, 2026-01-10 07:16:37, 2026-01-10 07:31:49, 2026-01-10 07:46:56, 2026-01-10 08:00:39, 2026-01-10 08:01:56, 2026-01-10 08:16:49, 2026-01-10 08:32:06, 2026-01-10 08:40:23, 2026-01-10 08:47:00, 2026-01-10 09:02:09, 2026-01-10 09:16:39, 2026-01-10 09:31:52, 2026-01-10 09:33:53, 2026-01-10 09:46:44, 2026-01-10 10:02:10, 2026-01-10 10:16:42, 2026-01-10 10:31:44, 2026-01-10 10:32:02, 2026-01-10 10:46:49, 2026-01-10 11:01:52, 2026-01-10 11:17:04, 2026-01-10 11:31:52, 2026-01-10 11:38:28, 2026-01-10 11:46:36, 2026-01-10 12:01:39, 2026-01-10 12:16:53, 2026-01-10 12:31:48, 2026-01-10 12:32:08, 2026-01-10 12:46:59, 2026-01-10 13:01:55, 2026-01-10 13:16:53, 2026-01-10 13:31:50, 2026-01-10 13:45:18, 2026-01-10 13:46:47, 2026-01-10 14:01:49, 2026-01-10 14:17:10, 2026-01-10 14:26:43" }, "geometry": { "type": "Polygon", "coordinates": [ [ [ -71.368030117798781, 48.663722528280225 ], [ -71.374620735615537, 48.666528035780075 ], [ -71.374248377647177, 48.671711548683007 ], [ -71.367284017179102, 48.674089476598176 ], [ -71.360692866348074, 48.671283537400811 ], [ -71.361066608960726, 48.666100102057413 ], [ -71.368030117798781, 48.663722528280225 ] ] ] } },
{ "type": "Feature", "properties": { "hex_id": 792666, "centroid_lon": -71.075284541432055, "centroid_lat": 48.409915928836661, "total_occurrences": 15.0, "days_affected": 1, "first_occurrence": "2026-01-10 04:31:46", "last_occurrence": "2026-01-10 07:16:37", "all_datetimes": "2026-01-10 04:31:46, 2026-01-10 04:32:51, 2026-01-10 04:46:51, 2026-01-10 05:02:13, 2026-01-10 05:16:44, 2026-01-10 05:31:37, 2026-01-10 05:35:58, 2026-01-10 05:46:51, 2026-01-10 06:01:50, 2026-01-10 06:16:51, 2026-01-10 06:28:23, 2026-01-10 06:32:04, 2026-01-10 06:47:08, 2026-01-10 07:01:41, 2026-01-10 07:16:37" }, "geometry": { "type": "Polygon", "coordinates": [ [ [ -71.075683868565832, 48.404733965961626 ], [ -71.082224569808503, 48.407555003920869 ], [ -71.081825867727702, 48.412737004849703 ], [ -71.074885101083709, 48.41509788454637 ], [ -71.068343888023094, 48.412276416225978 ], [ -71.068743953383461, 48.40709449864076 ], [ -71.075683868565832, 48.404733965961626 ] ] ] } },
{ "type": "Feature", "properties": { "hex_id": 795107, "centroid_lon": -71.049528443532623, "centroid_lat": 48.393446274048536, "total_occurrences": 5.0, "days_affected": 1, "first_occurrence": "2026-01-10 04:46:51", "last_occurrence": "2026-01-10 05:35:58", "all_datetimes": "2026-01-10 04:46:51, 2026-01-10 05:02:13, 2026-01-10 05:16:44, 2026-01-10 05:31:37, 2026-01-10 05:35:58" }, "geometry": { "type": "Polygon", "coordinates": [ [ [ -71.049930154896515, 48.388264456819392 ], [ -71.056467280213568, 48.391086872287445 ], [ -71.056066192882298, 48.396268727813208 ], [ -71.049126618310169, 48.398628084081224 ], [ -71.042588982839646, 48.395805238279173 ], [ -71.042991432053569, 48.390623466613768 ], [ -71.049930154896515, 48.388264456819392 ] ] ] } },
{ "type": "Feature", "properties": { "hex_id": 840285, "centroid_lon": -70.549783581931564, "centroid_lat": 48.390756864002952, "total_occurrences": 38.0, "days_affected": 1, "first_occurrence": "2026-01-10 04:46:51", "last_occurrence": "2026-01-10 12:16:53", "all_datetimes": "2026-01-10 04:46:51, 2026-01-10 05:02:13, 2026-01-10 05:16:44, 2026-01-10 05:31:37, 2026-01-10 05:35:58, 2026-01-10 05:46:51, 2026-01-10 06:01:50, 2026-01-10 06:16:51, 2026-01-10 06:28:23, 2026-01-10 06:32:04, 2026-01-10 06:47:08, 2026-01-10 07:01:41, 2026-01-10 07:16:37, 2026-01-10 07:31:49, 2026-01-10 07:46:56, 2026-01-10 08:00:39, 2026-01-10 08:01:56, 2026-01-10 08:16:49, 2026-01-10 08:32:06, 2026-01-10 08:40:23, 2026-01-10 08:47:00, 2026-01-10 09:02:09, 2026-01-10 09:16:39, 2026-01-10 09:31:52, 2026-01-10 09:33:53, 2026-01-10 09:46:44, 2026-01-10 10:02:10, 2026-01-10 10:16:42, 2026-01-10 10:31:44, 2026-01-10 10:32:02, 2026-01-10 10:46:49, 2026-01-10 11:01:52, 2026-01-10 11:17:04, 2026-01-10 11:31:52, 2026-01-10 11:38:28, 2026-01-10 11:46:36, 2026-01-10 12:01:39, 2026-01-10 12:16:53" }, "geometry": { "type": "Polygon", "coordinates": [ [ [ -70.550235972069245, 48.385578366630341 ], [ -70.556743090577939, 48.388428367475342 ], [ -70.556291315485211, 48.393606908072996 ], [ -70.549331063658684, 48.395935353512563 ], [ -70.542823458263371, 48.393084918334473 ], [ -70.543276591534962, 48.387906472120186 ], [ -70.550235972069245, 48.385578366630341 ] ] ] } },
{ "type": "Feature", "properties": { "hex_id": 793890, "centroid_lon": -71.058192085081188, "centroid_lat": 48.456091185055861, "total_occurrences": 37.0, "days_affected": 1, "first_occurrence": "2026-01-10 05:02:13", "last_occurrence": "2026-01-10 12:16:53", "all_datetimes": "2026-01-10 05:02:13, 2026-01-10 05:16:44, 2026-01-10 05:31:37, 2026-01-10 05:35:58, 2026-01-10 05:46:51, 2026-01-10 06:01:50, 2026-01-10 06:16:51, 2026-01-10 06:28:23, 2026-01-10 06:32:04, 2026-01-10 06:47:08, 2026-01-10 07:01:41, 2026-01-10 07:16:37, 2026-01-10 07:31:49, 2026-01-10 07:46:56, 2026-01-10 08:00:39, 2026-01-10 08:01:56, 2026-01-10 08:16:49, 2026-01-10 08:32:06, 2026-01-10 08:40:23, 2026-01-10 08:47:00, 2026-01-10 09:02:09, 2026-01-10 09:16:39, 2026-01-10 09:31:52, 2026-01-10 09:33:53, 2026-01-10 09:46:44, 2026-01-10 10:02:10, 2026-01-10 10:16:42, 2026-01-10 10:31:44, 2026-01-10 10:32:02, 2026-01-10 10:46:49, 2026-01-10 11:01:52, 2026-01-10 11:17:04, 2026-01-10 11:31:52, 2026-01-10 11:38:28, 2026-01-10 11:46:36, 2026-01-10 12:01:39, 2026-01-10 12:16:53" }, "geometry": { "type": "Polygon", "coordinates": [ [ [ -71.058593799106916, 48.450909370327743 ], [ -71.065139278321183, 48.453731498567286 ], [ -71.064738190639702, 48.45891335155472 ], [ -71.057790257086651, 48.461272992594211 ], [ -71.051244265517553, 48.458450433179806 ], [ -71.051646719815096, 48.453268663971642 ], [ -71.058593799106916, 48.450909370327743 ] ] ] } },
{ "type": "Feature", "properties": { "hex_id": 1028915, "centroid_lon": -68.502941980318695, "centroid_lat": 48.066933774606369, "total_occurrences": 31.0, "days_affected": 1, "first_occurrence": "2026-01-10 05:02:13", "last_occurrence": "2026-01-10 11:01:52", "all_datetimes": "2026-01-10 05:02:13, 2026-01-10 05:16:44, 2026-01-10 05:31:37, 2026-01-10 05:35:58, 2026-01-10 05:46:51, 2026-01-10 06:01:50, 2026-01-10 06:16:51, 2026-01-10 06:28:23, 2026-01-10 06:32:04, 2026-01-10 06:47:08, 2026-01-10 07:01:41, 2026-01-10 07:16:37, 2026-01-10 07:31:49, 2026-01-10 07:46:56, 2026-01-10 08:00:39, 2026-01-10 08:01:56, 2026-01-10 08:16:49, 2026-01-10 08:32:06, 2026-01-10 08:40:23, 2026-01-10 08:47:00, 2026-01-10 09:02:09, 2026-01-10 09:16:39, 2026-01-10 09:31:52, 2026-01-10 09:33:53, 2026-01-10 09:46:44, 2026-01-10 10:02:10, 2026-01-10 10:16:42, 2026-01-10 10:31:44, 2026-01-10 10:32:02, 2026-01-10 10:46:49, 2026-01-10 11:01:52" }, "geometry": { "type": "Polygon", "coordinates": [ [ [ -68.503594246220629, 48.06177270649782 ], [ -68.509936217673626, 48.064731691870506 ], [ -68.509284518228426, 48.069892822431768 ], [ -68.502289531190968, 48.072094831372993 ], [ -68.495947176539644, 48.069135401573284 ], [ -68.496600192058892, 48.063974407327009 ], [ -68.503594246220629, 48.06177270649782 ] ] ] } },
{ "type": "Feature", "properties": { "hex_id": 586773, "centroid_lon": -73.423904252996635, "centroid_lat": 46.058052707814568, "total_occurrences": 5.0, "days_affected": 1, "first_occurrence": "2026-01-10 05:16:44", "last_occurrence": "2026-01-10 06:01:50", "all_datetimes": "2026-01-10 05:16:44, 2026-01-10 05:31:37, 2026-01-10 05:35:58, 2026-01-10 05:46:51, 2026-01-10 06:01:50" }, "geometry": { "type": "Polygon", "coordinates": [ [ [ -73.424052053577029, 46.052858375897962 ], [ -73.430439437535711, 46.055544474687601 ], [ -73.430292222058341, 46.060738820078285 ], [ -73.423756411780104, 46.063247034621142 ], [ -73.417368483361486, 46.06056055844666 ], [ -73.417516909667199, 46.055366245179911 ], [ -73.424052053577029, 46.052858375897962 ] ] ] } },
{ "type": "Feature", "properties": { "hex_id": 599529, "centroid_lon": -73.318472884895044, "centroid_lat": 45.050969222108094, "total_occurrences": 78.0, "days_affected": 1, "first_occurrence": "2026-01-10 05:16:44", "last_occurrence": "2026-01-10 21:16:56", "all_datetimes": "2026-01-10 05:16:44, 2026-01-10 05:31:37, 2026-01-10 05:46:51, 2026-01-10 06:01:50, 2026-01-10 06:16:51, 2026-01-10 06:28:23, 2026-01-10 06:32:04, 2026-01-10 06:47:08, 2026-01-10 07:01:41, 2026-01-10 07:16:37, 2026-01-10 07:31:49, 2026-01-10 07:46:56, 2026-01-10 08:00:39, 2026-01-10 08:01:56, 2026-01-10 08:16:49, 2026-01-10 08:32:06, 2026-01-10 08:40:23, 2026-01-10 08:47:00, 2026-01-10 09:02:09, 2026-01-10 09:16:39, 2026-01-10 09:31:52, 2026-01-10 09:33:53, 2026-01-10 09:46:44, 2026-01-10 10:02:10, 2026-01-10 10:16:42, 2026-01-10 10:31:44, 2026-01-10 10:32:02, 2026-01-10 10:46:49, 2026-01-10 11:01:52, 2026-01-10 11:17:04, 2026-01-10 11:31:52, 2026-01-10 11:38:28, 2026-01-10 11:46:36, 2026-01-10 12:01:39, 2026-01-10 12:16:53, 2026-01-10 12:31:48, 2026-01-10 12:32:08, 2026-01-10 12:46:59, 2026-01-10 13:01:55, 2026-01-10 13:16:53, 2026-01-10 13:31:50, 2026-01-10 13:45:18, 2026-01-10 13:46:47, 2026-01-10 14:01:49, 2026-01-10 14:17:10, 2026-01-10 14:26:43, 2026-01-10 14:31:57, 2026-01-10 14:46:44, 2026-01-10 15:02:09, 2026-01-10 15:16:35, 2026-01-10 15:31:36, 2026-01-10 15:35:25, 2026-01-10 15:46:38, 2026-01-10 16:01:42, 2026-01-10 16:16:42, 2026-01-10 16:30:18, 2026-01-10 16:31:48, 2026-01-10 16:46:49, 2026-01-10 17:01:47, 2026-01-10 17:16:52, 2026-01-10 17:32:06, 2026-01-10 17:35:18, 2026-01-10 17:46:57, 2026-01-10 18:01:40, 2026-01-10 18:17:22, 2026-01-10 18:31:07, 2026-01-10 18:31:38, 2026-01-10 18:46:46, 2026-01-10 19:02:37, 2026-01-10 19:17:03, 2026-01-10 19:31:52, 2026-01-10 19:47:00, 2026-01-10 20:02:11, 2026-01-10 20:17:06, 2026-01-10 20:31:43, 2026-01-10 20:47:07, 2026-01-10 21:01:33, 2026-01-10 21:16:56" }, "geometry": { "type": "Polygon", "coordinates": [ [ [ -73.318625130754612, 45.045774242893252 ], [ -73.324895580798341, 45.048465022672907 ], [ -73.324743888332961, 45.053660016117547 ], [ -73.318320597685812, 45.056164196172581 ], [ -73.31204963560441, 45.053473050856788 ], [ -73.31220247619413, 45.048278091085514 ], [ -73.318625130754612, 45.045774242893252 ] ] ] } },
{ "type": "Feature", "properties": { "hex_id": 603802, "centroid_lon": -73.274280155372082, "centroid_lat": 45.042513973448699, "total_occurrences": 1.0, "days_affected": 1, "first_occurrence": "2026-01-10 05:16:44", "last_occurrence": "2026-01-10 05:16:44", "all_datetimes": "2026-01-10 05:16:44" }, "geometry": { "type": "Polygon", "coordinates": [ [ [ -73.274436355235053, 45.037319105876961 ], [ -73.280703748208978, 45.040012271586676 ], [ -73.280548100899637, 45.045207153817081 ], [ -73.274123913090662, 45.047708835848894 ], [ -73.267856009988577, 45.045015304307036 ], [ -73.268012804809572, 45.039820456628917 ], [ -73.274436355235053, 45.037319105876961 ] ] ] } },
{ "type": "Feature", "properties": { "hex_id": 613572, "centroid_lon": -73.171758962365473, "centroid_lat": 45.072101595873306, "total_occurrences": 30.0, "days_affected": 1, "first_occurrence": "2026-01-10 05:16:44", "last_occurrence": "2026-01-10 11:01:52", "all_datetimes": "2026-01-10 05:16:44, 2026-01-10 05:31:37, 2026-01-10 05:35:58, 2026-01-10 05:46:51, 2026-01-10 06:01:50, 2026-01-10 06:16:51, 2026-01-10 06:28:23, 2026-01-10 06:32:04, 2026-01-10 06:47:08, 2026-01-10 07:01:41, 2026-01-10 07:16:37, 2026-01-10 07:31:49, 2026-01-10 07:46:56, 2026-01-10 08:00:39, 2026-01-10 08:01:56, 2026-01-10 08:16:49, 2026-01-10 08:32:06, 2026-01-10 08:40:23, 2026-01-10 08:47:00, 2026-01-10 09:02:09, 2026-01-10 09:16:39, 2026-01-10 09:31:52, 2026-01-10 09:33:53, 2026-01-10 09:46:44, 2026-01-10 10:02:10, 2026-01-10 10:16:42, 2026-01-10 10:31:44, 2026-01-10 10:32:02, 2026-01-10 10:46:49, 2026-01-10 11:01:52" }, "geometry": { "type": "Polygon", "coordinates": [ [ [ -73.171924609369555, 45.06690704414936 ], [ -73.178190200019614, 45.06960579941893 ], [ -73.178025105040831, 45.074800366809761 ], [ -73.171593270364554, 45.077296142373669 ], [ -73.165327172693509, 45.074597019973339 ], [ -73.16549341670482, 45.069402489203306 ], [ -73.171924609369555, 45.06690704414936 ] ] ] } },
{ "type": "Feature", "properties": { "hex_id": 752873, "centroid_lon": -71.625965783249072, "centroid_lat": 46.705021442316756, "total_occurrences": 30.0, "days_affected": 1, "first_occurrence": "2026-01-10 05:16:44", "last_occurrence": "2026-01-10 11:01:52", "all_datetimes": "2026-01-10 05:16:44, 2026-01-10 05:31:37, 2026-01-10 05:35:58, 2026-01-10 05:46:51, 2026-01-10 06:01:50, 2026-01-10 06:16:51, 2026-01-10 06:28:23, 2026-01-10 06:32:04, 2026-01-10 06:47:08, 2026-01-10 07:01:41, 2026-01-10 07:16:37, 2026-01-10 07:31:49, 2026-01-10 07:46:56, 2026-01-10 08:00:39, 2026-01-10 08:01:56, 2026-01-10 08:16:49, 2026-01-10 08:32:06, 2026-01-10 08:40:23, 2026-01-10 08:47:00, 2026-01-10 09:02:09, 2026-01-10 09:16:39, 2026-01-10 09:31:52, 2026-01-10 09:33:53, 2026-01-10 09:46:44, 2026-01-10 10:02:10, 2026-01-10 10:16:42, 2026-01-10 10:31:44, 2026-01-10 10:32:02, 2026-01-10 10:46:49, 2026-01-10 11:01:52" }, "geometry": { "type": "Polygon", "coordinates": [ [ [ -71.626289265352057, 46.699834750951318 ], [ -71.632656725825356, 46.702620639476713 ], [ -71.632333822150017, 46.707807362309552 ], [ -71.625642211579915, 46.710208127234964 ], [ -71.619274262260618, 46.707421836851395 ], [ -71.619598412326454, 46.702235183467231 ], [ -71.626289265352057, 46.699834750951318 ] ] ] } },
{ "type": "Feature", "properties": { "hex_id": 594659, "centroid_lon": -73.363010749702767, "centroid_lat": 45.26989580093818, "total_occurrences": 28.0, "days_affected": 1, "first_occurrence": "2026-01-10 05:35:58", "last_occurrence": "2026-01-10 11:01:52", "all_datetimes": "2026-01-10 05:35:58, 2026-01-10 05:46:51, 2026-01-10 06:01:50, 2026-01-10 06:16:51, 2026-01-10 06:28:23, 2026-01-10 06:32:04, 2026-01-10 06:47:08, 2026-01-10 07:01:41, 2026-01-10 07:16:37, 2026-01-10 07:31:49, 2026-01-10 07:46:56, 2026-01-10 08:00:39, 2026-01-10 08:01:56, 2026-01-10 08:16:49, 2026-01-10 08:32:06, 2026-01-10 08:40:23, 2026-01-10 08:47:00, 2026-01-10 09:02:09, 2026-01-10 09:16:39, 2026-01-10 09:31:52, 2026-01-10 09:33:53, 2026-01-10 09:46:44, 2026-01-10 10:02:10, 2026-01-10 10:16:42, 2026-01-10 10:31:44, 2026-01-10 10:32:02, 2026-01-10 10:46:49, 2026-01-10 11:01:52" }, "geometry": { "type": "Polygon", "coordinates": [ [ [ -73.363160099241483, 45.264700904497708 ], [ -73.369456490156566, 45.267389509499239 ], [ -73.369307701021285, 45.272584419794875 ], [ -73.362861359496392, 45.275090692246728 ], [ -73.356564448852282, 45.272401719367402 ], [ -73.356714399448535, 45.267206841977909 ], [ -73.363160099241483, 45.264700904497708 ] ] ] } },
{ "type": "Feature", "properties": { "hex_id": 713159, "centroid_lon": -72.076911881751485, "centroid_lat": 46.226394756047995, "total_occurrences": 6.0, "days_affected": 1, "first_occurrence": "2026-01-10 05:46:51", "last_occurrence": "2026-01-10 06:47:08", "all_datetimes": "2026-01-10 05:46:51, 2026-01-10 06:01:50, 2026-01-10 06:16:51, 2026-01-10 06:28:23, 2026-01-10 06:32:04, 2026-01-10 06:47:08" }, "geometry": { "type": "Polygon", "coordinates": [ [ [ -72.077187528026855, 46.221205379643656 ], [ -72.083524736547631, 46.22396557275902 ], [ -72.083249660927848, 46.229154975970019 ], [ -72.076636159597939, 46.231584126447508 ], [ -72.070298456312713, 46.228823541697508 ], [ -72.07057474909594, 46.22363419817033 ], [ -72.077187528026855, 46.221205379643656 ] ] ] } },
{ "type": "Feature", "properties": { "hex_id": 825499, "centroid_lon": -70.877224303057488, "centroid_lat": 46.314098861135818, "total_occurrences": 37.0, "days_affected": 1, "first_occurrence": "2026-01-10 06:01:50", "last_occurrence": "2026-01-10 17:16:52", "all_datetimes": "2026-01-10 06:01:50, 2026-01-10 06:16:51, 2026-01-10 06:28:23, 2026-01-10 06:32:04, 2026-01-10 06:47:08, 2026-01-10 07:01:41, 2026-01-10 07:16:37, 2026-01-10 07:31:49, 2026-01-10 07:46:56, 2026-01-10 08:00:39, 2026-01-10 08:01:56, 2026-01-10 08:16:49, 2026-01-10 08:32:06, 2026-01-10 08:40:23, 2026-01-10 08:47:00, 2026-01-10 09:02:09, 2026-01-10 09:16:39, 2026-01-10 09:31:52, 2026-01-10 09:33:53, 2026-01-10 09:46:44, 2026-01-10 10:02:10, 2026-01-10 10:16:42, 2026-01-10 10:31:44, 2026-01-10 10:32:02, 2026-01-10 14:46:44, 2026-01-10 15:02:09, 2026-01-10 15:16:35, 2026-01-10 15:31:36, 2026-01-10 15:35:25, 2026-01-10 15:46:38, 2026-01-10 16:01:42, 2026-01-10 16:16:42, 2026-01-10 16:30:18, 2026-01-10 16:31:48, 2026-01-10 16:46:49, 2026-01-10 17:01:47, 2026-01-10 17:16:52" }, "geometry": { "type": "Polygon", "coordinates": [ [ [ -70.877614104120497, 46.30891625952431 ], [ -70.88389621947934, 46.311741305450212 ], [ -70.883506973056356, 46.316923945484078 ], [ -70.876834394709959, 46.319281455490547 ], [ -70.870551832013902, 46.316456006903692 ], [ -70.870942294964806, 46.31127345103657 ], [ -70.877614104120497, 46.30891625952431 ] ] ] } },
{ "type": "Feature", "properties": { "hex_id": 431736, "centroid_lon": -75.066346754787489, "centroid_lat": 46.536548096264632, "total_occurrences": 61.0, "days_affected": 1, "first_occurrence": "2026-01-10 06:16:51", "last_occurrence": "2026-01-10 18:17:22", "all_datetimes": "2026-01-10 06:16:51, 2026-01-10 06:28:23, 2026-01-10 06:32:04, 2026-01-10 06:47:08, 2026-01-10 07:01:41, 2026-01-10 07:16:37, 2026-01-10 07:31:49, 2026-01-10 07:46:56, 2026-01-10 08:00:39, 2026-01-10 08:01:56, 2026-01-10 08:16:49, 2026-01-10 08:32:06, 2026-01-10 08:40:23, 2026-01-10 08:47:00, 2026-01-10 09:02:09, 2026-01-10 09:16:39, 2026-01-10 09:31:52, 2026-01-10 09:33:53, 2026-01-10 09:46:44, 2026-01-10 10:02:10, 2026-01-10 10:16:42, 2026-01-10 10:31:44, 2026-01-10 10:32:02, 2026-01-10 10:46:49, 2026-01-10 11:01:52, 2026-01-10 11:17:04, 2026-01-10 11:31:52, 2026-01-10 11:38:28, 2026-01-10 11:46:36, 2026-01-10 12:01:39, 2026-01-10 12:16:53, 2026-01-10 12:31:48, 2026-01-10 12:32:08, 2026-01-10 12:46:59, 2026-01-10 13:01:55, 2026-01-10 13:16:53, 2026-01-10 13:31:50, 2026-01-10 13:45:18, 2026-01-10 13:46:47, 2026-01-10 14:01:49, 2026-01-10 14:17:10, 2026-01-10 14:26:43, 2026-01-10 14:31:57, 2026-01-10 14:46:44, 2026-01-10 15:02:09, 2026-01-10 15:16:35, 2026-01-10 15:31:36, 2026-01-10 15:35:25, 2026-01-10 15:46:38, 2026-01-10 16:01:42, 2026-01-10 16:16:42, 2026-01-10 16:30:18, 2026-01-10 16:31:48, 2026-01-10 16:46:49, 2026-01-10 17:01:47, 2026-01-10 17:16:52, 2026-01-10 17:32:06, 2026-01-10 17:35:18, 2026-01-10 17:46:57, 2026-01-10 18:01:40, 2026-01-10 18:17:22" }, "geometry": { "type": "Polygon", "coordinates": [ [ [ -75.066340427515897, 46.531352235892683 ], [ -75.072863841083233, 46.533946199286511 ], [ -75.072870791159474, 46.539142056571592 ], [ -75.066353083810128, 46.541743951894524 ], [ -75.059829045686797, 46.539149621054612 ], [ -75.059823339469403, 46.533953762404913 ], [ -75.066340427515897, 46.531352235892683 ] ] ] } },
{ "type": "Feature", "properties": { "hex_id": 793886, "centroid_lon": -71.063005143230157, "centroid_lat": 48.393908934035565, "total_occurrences": 16.0, "days_affected": 1, "first_occurrence": "2026-01-10 06:16:51", "last_occurrence": "2026-01-10 09:16:39", "all_datetimes": "2026-01-10 06:16:51, 2026-01-10 06:28:23, 2026-01-10 06:32:04, 2026-01-10 06:47:08, 2026-01-10 07:01:41, 2026-01-10 07:16:37, 2026-01-10 07:31:49, 2026-01-10 07:46:56, 2026-01-10 08:00:39, 2026-01-10 08:01:56, 2026-01-10 08:16:49, 2026-01-10 08:32:06, 2026-01-10 08:40:23, 2026-01-10 08:47:00, 2026-01-10 09:02:09, 2026-01-10 09:16:39" }, "geometry": { "type": "Polygon", "coordinates": [ [ [ -71.063405492841369, 48.388727033096245 ], [ -71.069943469312705, 48.391548702848702 ], [ -71.06954374398731, 48.396730641951279 ], [ -71.062604680143693, 48.399090827795284 ], [ -71.056066192882298, 48.396268727813208 ], [ -71.056467280213568, 48.391086872287445 ], [ -71.063405492841369, 48.388727033096245 ] ] ] } },
{ "type": "Feature", "properties": { "hex_id": 795605, "centroid_lon": -71.172374641088012, "centroid_lat": 46.643961395227102, "total_occurrences": 74.0, "days_affected": 1, "first_occurrence": "2026-01-10 06:16:51", "last_occurrence": "2026-01-10 21:16:56", "all_datetimes": "2026-01-10 06:16:51, 2026-01-10 06:28:23, 2026-01-10 06:32:04, 2026-01-10 06:47:08, 2026-01-10 07:01:41, 2026-01-10 07:16:37, 2026-01-10 07:31:49, 2026-01-10 07:46:56, 2026-01-10 08:00:39, 2026-01-10 08:01:56, 2026-01-10 08:16:49, 2026-01-10 08:32:06, 2026-01-10 08:40:23, 2026-01-10 08:47:00, 2026-01-10 09:02:09, 2026-01-10 09:16:39, 2026-01-10 09:31:52, 2026-01-10 09:33:53, 2026-01-10 09:46:44, 2026-01-10 10:02:10, 2026-01-10 10:16:42, 2026-01-10 10:31:44, 2026-01-10 10:32:02, 2026-01-10 10:46:49, 2026-01-10 11:01:52, 2026-01-10 11:17:04, 2026-01-10 11:31:52, 2026-01-10 11:38:28, 2026-01-10 11:46:36, 2026-01-10 12:01:39, 2026-01-10 12:16:53, 2026-01-10 12:31:48, 2026-01-10 12:32:08, 2026-01-10 12:46:59, 2026-01-10 13:01:55, 2026-01-10 13:16:53, 2026-01-10 13:31:50, 2026-01-10 13:45:18, 2026-01-10 13:46:47, 2026-01-10 14:01:49, 2026-01-10 14:17:10, 2026-01-10 14:26:43, 2026-01-10 14:31:57, 2026-01-10 14:46:44, 2026-01-10 15:02:09, 2026-01-10 15:16:35, 2026-01-10 15:31:36, 2026-01-10 15:35:25, 2026-01-10 15:46:38, 2026-01-10 16:01:42, 2026-01-10 16:16:42, 2026-01-10 16:30:18, 2026-01-10 16:31:48, 2026-01-10 16:46:49, 2026-01-10 17:01:47, 2026-01-10 17:16:52, 2026-01-10 17:32:06, 2026-01-10 17:35:18, 2026-01-10 17:46:57, 2026-01-10 18:01:40, 2026-01-10 18:17:22, 2026-01-10 18:31:07, 2026-01-10 18:31:38, 2026-01-10 18:46:46, 2026-01-10 19:02:37, 2026-01-10 19:17:03, 2026-01-10 19:31:52, 2026-01-10 19:47:00, 2026-01-10 20:02:11, 2026-01-10 20:17:06, 2026-01-10 20:31:43, 2026-01-10 20:47:07, 2026-01-10 21:01:33, 2026-01-10 21:16:56" }, "geometry": { "type": "Polygon", "coordinates": [ [ [ -71.17274076903243, 46.638777235287826 ], [ -71.179076310594098, 46.641587515013256 ], [ -71.178710751973298, 46.646771710775909 ], [ -71.172008411902368, 46.649145548233946 ], [ -71.165672402275732, 46.646334863748152 ], [ -71.166039200750077, 46.641150746630927 ], [ -71.17274076903243, 46.638777235287826 ] ] ] } },
{ "type": "Feature", "properties": { "hex_id": 807811, "centroid_lon": -71.046548037346795, "centroid_lat": 46.577318415016194, "total_occurrences": 25.0, "days_affected": 1, "first_occurrence": "2026-01-10 06:16:51", "last_occurrence": "2026-01-10 11:01:52", "all_datetimes": "2026-01-10 06:16:51, 2026-01-10 06:28:23, 2026-01-10 06:32:04, 2026-01-10 06:47:08, 2026-01-10 07:01:41, 2026-01-10 07:16:37, 2026-01-10 07:31:49, 2026-01-10 07:46:56, 2026-01-10 08:00:39, 2026-01-10 08:01:56, 2026-01-10 08:16:49, 2026-01-10 08:32:06, 2026-01-10 08:40:23, 2026-01-10 08:47:00, 2026-01-10 09:02:09, 2026-01-10 09:16:39, 2026-01-10 09:31:52, 2026-01-10 09:33:53, 2026-01-10 09:46:44, 2026-01-10 10:02:10, 2026-01-10 10:16:42, 2026-01-10 10:31:44, 2026-01-10 10:32:02, 2026-01-10 10:46:49, 2026-01-10 11:01:52" }, "geometry": { "type": "Polygon", "coordinates": [ [ [ -71.046925303894824, 46.572134969792558 ], [ -71.053246314265508, 46.574951815312723 ], [ -71.052869612986242, 46.580135297524627 ], [ -71.046170666585041, 46.582501853165908 ], [ -71.03984919517724, 46.579684602777093 ], [ -71.040227131171903, 46.574501201681656 ], [ -71.046925303894824, 46.572134969792558 ] ] ] } },
{ "type": "Feature", "properties": { "hex_id": 1008177, "centroid_lon": -68.693547059225963, "centroid_lat": 48.373878873382374, "total_occurrences": 9.0, "days_affected": 1, "first_occurrence": "2026-01-10 06:28:23", "last_occurrence": "2026-01-10 08:01:56", "all_datetimes": "2026-01-10 06:28:23, 2026-01-10 06:32:04, 2026-01-10 06:47:08, 2026-01-10 07:01:41, 2026-01-10 07:16:37, 2026-01-10 07:31:49, 2026-01-10 07:46:56, 2026-01-10 08:00:39, 2026-01-10 08:01:56" }, "geometry": { "type": "Polygon", "coordinates": [ [ [ -68.694187120211723, 48.368716152125863 ], [ -68.700577679550051, 48.371666642539786 ], [ -68.699938198410379, 48.376829424833488 ], [ -68.692906817548121, 48.379041583616228 ], [ -68.686515859088246, 48.376090645520492 ], [ -68.68715668054729, 48.370927996392496 ], [ -68.694187120211723, 48.368716152125863 ] ] ] } },
{ "type": "Feature", "properties": { "hex_id": 501877, "centroid_lon": -74.32915980926272, "centroid_lat": 45.497928701362838, "total_occurrences": 27.0, "days_affected": 1, "first_occurrence": "2026-01-10 06:47:08", "last_occurrence": "2026-01-10 12:01:39", "all_datetimes": "2026-01-10 06:47:08, 2026-01-10 07:01:41, 2026-01-10 07:16:37, 2026-01-10 07:31:49, 2026-01-10 07:46:56, 2026-01-10 08:00:39, 2026-01-10 08:01:56, 2026-01-10 08:16:49, 2026-01-10 08:32:06, 2026-01-10 08:40:23, 2026-01-10 08:47:00, 2026-01-10 09:02:09, 2026-01-10 09:16:39, 2026-01-10 09:31:52, 2026-01-10 09:33:53, 2026-01-10 09:46:44, 2026-01-10 10:02:10, 2026-01-10 10:16:42, 2026-01-10 10:31:44, 2026-01-10 10:32:02, 2026-01-10 10:46:49, 2026-01-10 11:01:52, 2026-01-10 11:17:04, 2026-01-10 11:31:52, 2026-01-10 11:38:28, 2026-01-10 11:46:36, 2026-01-10 12:01:39" }, "geometry": { "type": "Polygon", "coordinates": [ [ [ -74.329221508145949, 45.492732245734494 ], [ -74.335589551374099, 45.495367873618754 ], [ -74.335528432589271, 45.500564333580378 ], [ -74.329098093527577, 45.503125152177788 ], [ -74.322729487055767, 45.500489162674349 ], [ -74.322791782883669, 45.495292716257275 ], [ -74.329221508145949, 45.492732245734494 ] ] ] } },
{ "type": "Feature", "properties": { "hex_id": 870088, "centroid_lon": -70.37502496813363, "centroid_lat": 46.645634431178493, "total_occurrences": 31.0, "days_affected": 1, "first_occurrence": "2026-01-10 06:47:08", "last_occurrence": "2026-01-10 12:46:59", "all_datetimes": "2026-01-10 06:47:08, 2026-01-10 07:01:41, 2026-01-10 07:16:37, 2026-01-10 07:31:49, 2026-01-10 07:46:56, 2026-01-10 08:00:39, 2026-01-10 08:01:56, 2026-01-10 08:16:49, 2026-01-10 08:32:06, 2026-01-10 08:40:23, 2026-01-10 08:47:00, 2026-01-10 09:02:09, 2026-01-10 09:16:39, 2026-01-10 09:31:52, 2026-01-10 09:33:53, 2026-01-10 09:46:44, 2026-01-10 10:02:10, 2026-01-10 10:16:42, 2026-01-10 10:31:44, 2026-01-10 10:32:02, 2026-01-10 10:46:49, 2026-01-10 11:01:52, 2026-01-10 11:17:04, 2026-01-10 11:31:52, 2026-01-10 11:38:28, 2026-01-10 11:46:36, 2026-01-10 12:01:39, 2026-01-10 12:16:53, 2026-01-10 12:31:48, 2026-01-10 12:32:08, 2026-01-10 12:46:59" }, "geometry": { "type": "Polygon", "coordinates": [ [ [ -70.375467240986737, 46.640455608840945 ], [ -70.381758212038392, 46.643308630341288 ], [ -70.381316495542478, 46.648487496127096 ], [ -70.37458257310702, 46.650813245577162 ], [ -70.368291167892679, 46.647959813040856 ], [ -70.368734119234432, 46.642781042156173 ], [ -70.375467240986737, 46.640455608840945 ] ] ] } },
{ "type": "Feature", "properties": { "hex_id": 981262, "centroid_lon": -69.083901565975495, "centroid_lat": 47.568295710707034, "total_occurrences": 24.0, "days_affected": 1, "first_occurrence": "2026-01-10 06:47:08", "last_occurrence": "2026-01-10 11:31:52", "all_datetimes": "2026-01-10 06:47:08, 2026-01-10 07:01:41, 2026-01-10 07:16:37, 2026-01-10 07:31:49, 2026-01-10 07:46:56, 2026-01-10 08:00:39, 2026-01-10 08:01:56, 2026-01-10 08:16:49, 2026-01-10 08:32:06, 2026-01-10 08:40:23, 2026-01-10 08:47:00, 2026-01-10 09:02:09, 2026-01-10 09:16:39, 2026-01-10 09:31:52, 2026-01-10 09:33:53, 2026-01-10 09:46:44, 2026-01-10 10:02:10, 2026-01-10 10:16:42, 2026-01-10 10:31:44, 2026-01-10 10:32:02, 2026-01-10 10:46:49, 2026-01-10 11:01:52, 2026-01-10 11:17:04, 2026-01-10 11:31:52" }, "geometry": { "type": "Polygon", "coordinates": [ [ [ -69.084485439672775, 47.563128491720299 ], [ -69.090805355521127, 47.566054143733588 ], [ -69.090222043697082, 47.571221419192639 ], [ -69.083317529267745, 47.573462919566474 ], [ -69.076997214585276, 47.57053683425552 ], [ -69.077581813108949, 47.56536968193538 ], [ -69.084485439672775, 47.563128491720299 ] ] ] } },
{ "type": "Feature", "properties": { "hex_id": 1020979, "centroid_lon": -68.588676084290299, "centroid_lat": 48.079566947856307, "total_occurrences": 21.0, "days_affected": 1, "first_occurrence": "2026-01-10 06:47:08", "last_occurrence": "2026-01-10 10:46:49", "all_datetimes": "2026-01-10 06:47:08, 2026-01-10 07:01:41, 2026-01-10 07:16:37, 2026-01-10 07:31:49, 2026-01-10 07:46:56, 2026-01-10 08:00:39, 2026-01-10 08:01:56, 2026-01-10 08:16:49, 2026-01-10 08:32:06, 2026-01-10 08:40:23, 2026-01-10 08:47:00, 2026-01-10 09:02:09, 2026-01-10 09:16:39, 2026-01-10 09:31:52, 2026-01-10 09:33:53, 2026-01-10 09:46:44, 2026-01-10 10:02:10, 2026-01-10 10:16:42, 2026-01-10 10:31:44, 2026-01-10 10:32:02, 2026-01-10 10:46:49" }, "geometry": { "type": "Polygon", "coordinates": [ [ [ -68.58932006409843, 48.074405016310337 ], [ -68.595668940173468, 48.077359530791568 ], [ -68.595025528857619, 48.082521524007355 ], [ -68.58803192351948, 48.084728868230599 ], [ -68.581682659947049, 48.081773909703003 ], [ -68.582327389145718, 48.076612051066292 ], [ -68.58932006409843, 48.074405016310337 ] ] ] } },
{ "type": "Feature", "properties": { "hex_id": 1096715, "centroid_lon": -67.687485050259511, "centroid_lat": 48.555808781764028, "total_occurrences": 5.0, "days_affected": 1, "first_occurrence": "2026-01-10 06:47:08", "last_occurrence": "2026-01-10 07:46:56", "all_datetimes": "2026-01-10 06:47:08, 2026-01-10 07:01:41, 2026-01-10 07:16:37, 2026-01-10 07:31:49, 2026-01-10 07:46:56" }, "geometry": { "type": "Polygon", "coordinates": [ [ [ -67.688231456692066, 48.550657050270097 ], [ -67.694578760911128, 48.553661858588811 ], [ -67.693832920222221, 48.558813660692778 ], [ -67.686738432972177, 48.56096050002256 ], [ -67.680390773902161, 48.55795523486789 ], [ -67.681137956857299, 48.552803587287407 ], [ -67.688231456692066, 48.550657050270097 ] ] ] } },
{ "type": "Feature", "properties": { "hex_id": 1115051, "centroid_lon": -67.437204952337666, "centroid_lat": 48.86714173614476, "total_occurrences": 5.0, "days_affected": 1, "first_occurrence": "2026-01-10 06:47:08", "last_occurrence": "2026-01-10 07:46:56", "all_datetimes": "2026-01-10 06:47:08, 2026-01-10 07:01:41, 2026-01-10 07:16:37, 2026-01-10 07:31:49, 2026-01-10 07:46:56" }, "geometry": { "type": "Polygon", "coordinates": [ [ [ -67.437985250297928, 48.861993223246536 ], [ -67.444353343058694, 48.865013122711609 ], [ -67.443573615588051, 48.870161708949539 ], [ -67.436424433010032, 48.872290235123288 ], [ -67.430055991167137, 48.869269872610033 ], [ -67.430837080904183, 48.86412144703975 ], [ -67.437985250297928, 48.861993223246536 ] ] ] } },
{ "type": "Feature", "properties": { "hex_id": 511697, "centroid_lon": -74.215438915509722, "centroid_lat": 46.307851184788568, "total_occurrences": 20.0, "days_affected": 1, "first_occurrence": "2026-01-10 07:16:37", "last_occurrence": "2026-01-10 11:01:52", "all_datetimes": "2026-01-10 07:16:37, 2026-01-10 07:31:49, 2026-01-10 07:46:56, 2026-01-10 08:00:39, 2026-01-10 08:01:56, 2026-01-10 08:16:49, 2026-01-10 08:32:06, 2026-01-10 08:40:23, 2026-01-10 08:47:00, 2026-01-10 09:02:09, 2026-01-10 09:16:39, 2026-01-10 09:31:52, 2026-01-10 09:33:53, 2026-01-10 09:46:44, 2026-01-10 10:02:10, 2026-01-10 10:16:42, 2026-01-10 10:31:44, 2026-01-10 10:32:02, 2026-01-10 10:46:49, 2026-01-10 11:01:52" }, "geometry": { "type": "Polygon", "coordinates": [ [ [ -74.215513139597775, 46.30265560002475 ], [ -74.221968479141751, 46.305297757147969 ], [ -74.221894859001424, 46.310493347495452 ], [ -74.215364670943529, 46.313046764717704 ], [ -74.208908747933464, 46.310404234541643 ], [ -74.208983596440348, 46.305208660262636 ], [ -74.215513139597775, 46.30265560002475 ] ] ] } },
{ "type": "Feature", "properties": { "hex_id": 587364, "centroid_lon": -73.426056282720239, "centroid_lat": 45.754087330629474, "total_occurrences": 29.0, "days_affected": 1, "first_occurrence": "2026-01-10 07:16:37", "last_occurrence": "2026-01-10 12:46:59", "all_datetimes": "2026-01-10 07:16:37, 2026-01-10 07:31:49, 2026-01-10 07:46:56, 2026-01-10 08:00:39, 2026-01-10 08:01:56, 2026-01-10 08:16:49, 2026-01-10 08:32:06, 2026-01-10 08:40:23, 2026-01-10 08:47:00, 2026-01-10 09:02:09, 2026-01-10 09:16:39, 2026-01-10 09:31:52, 2026-01-10 09:33:53, 2026-01-10 09:46:44, 2026-01-10 10:02:10, 2026-01-10 10:16:42, 2026-01-10 10:31:44, 2026-01-10 10:32:02, 2026-01-10 10:46:49, 2026-01-10 11:01:52, 2026-01-10 11:17:04, 2026-01-10 11:31:52, 2026-01-10 11:38:28, 2026-01-10 11:46:36, 2026-01-10 12:01:39, 2026-01-10 12:16:53, 2026-01-10 12:31:48, 2026-01-10 12:32:08, 2026-01-10 12:46:59" }, "geometry": { "type": "Polygon", "coordinates": [ [ [ -73.426202325635302, 45.748892715868045 ], [ -73.43255542887502, 45.75157838482712 ], [ -73.432409961740007, 45.756773012956593 ], [ -73.42591019980415, 45.759281940283806 ], [ -73.419556560792188, 45.756595897876061 ], [ -73.419703219474826, 45.751401301654774 ], [ -73.426202325635302, 45.748892715868045 ] ] ] } },
{ "type": "Feature", "properties": { "hex_id": 724145, "centroid_lon": -71.962942386311198, "centroid_lat": 46.176653106728345, "total_occurrences": 64.0, "days_affected": 1, "first_occurrence": "2026-01-10 07:16:37", "last_occurrence": "2026-01-10 20:02:11", "all_datetimes": "2026-01-10 07:16:37, 2026-01-10 07:31:49, 2026-01-10 07:46:56, 2026-01-10 08:00:39, 2026-01-10 08:01:56, 2026-01-10 08:16:49, 2026-01-10 08:32:06, 2026-01-10 08:40:23, 2026-01-10 08:47:00, 2026-01-10 09:02:09, 2026-01-10 09:16:39, 2026-01-10 09:31:52, 2026-01-10 09:33:53, 2026-01-10 09:46:44, 2026-01-10 10:02:10, 2026-01-10 10:16:42, 2026-01-10 10:31:44, 2026-01-10 10:32:02, 2026-01-10 10:46:49, 2026-01-10 11:01:52, 2026-01-10 11:17:04, 2026-01-10 11:31:52, 2026-01-10 11:38:28, 2026-01-10 11:46:36, 2026-01-10 12:01:39, 2026-01-10 12:16:53, 2026-01-10 12:31:48, 2026-01-10 12:32:08, 2026-01-10 12:46:59, 2026-01-10 13:01:55, 2026-01-10 13:16:53, 2026-01-10 13:31:50, 2026-01-10 13:45:18, 2026-01-10 13:46:47, 2026-01-10 14:01:49, 2026-01-10 14:17:10, 2026-01-10 14:26:43, 2026-01-10 14:31:57, 2026-01-10 14:46:44, 2026-01-10 15:02:09, 2026-01-10 15:16:35, 2026-01-10 15:31:36, 2026-01-10 15:35:25, 2026-01-10 15:46:38, 2026-01-10 16:01:42, 2026-01-10 16:16:42, 2026-01-10 16:30:18, 2026-01-10 16:31:48, 2026-01-10 16:46:49, 2026-01-10 17:01:47, 2026-01-10 17:16:52, 2026-01-10 17:32:06, 2026-01-10 17:35:18, 2026-01-10 17:46:57, 2026-01-10 18:01:40, 2026-01-10 18:17:22, 2026-01-10 18:31:07, 2026-01-10 18:31:38, 2026-01-10 18:46:46, 2026-01-10 19:02:37, 2026-01-10 19:17:03, 2026-01-10 19:31:52, 2026-01-10 19:47:00, 2026-01-10 20:02:11" }, "geometry": { "type": "Polygon", "coordinates": [ [ [ -71.96322827364871, 46.17146422313904 ], [ -71.969553852038828, 46.174230482633313 ], [ -71.96926853212193, 46.179419394112003 ], [ -71.962656420334596, 46.181841984214699 ], [ -71.956330353176355, 46.179075332772051 ], [ -71.956616886546755, 46.173886483240594 ], [ -71.96322827364871, 46.17146422313904 ] ] ] } },
{ "type": "Feature", "properties": { "hex_id": 758281, "centroid_lon": -71.64963495204816, "centroid_lat": 45.357190536547819, "total_occurrences": 13.0, "days_affected": 1, "first_occurrence": "2026-01-10 07:16:37", "last_occurrence": "2026-01-10 09:33:53", "all_datetimes": "2026-01-10 07:16:37, 2026-01-10 07:31:49, 2026-01-10 07:46:56, 2026-01-10 08:00:39, 2026-01-10 08:01:56, 2026-01-10 08:16:49, 2026-01-10 08:32:06, 2026-01-10 08:40:23, 2026-01-10 08:47:00, 2026-01-10 09:02:09, 2026-01-10 09:16:39, 2026-01-10 09:31:52, 2026-01-10 09:33:53" }, "geometry": { "type": "Polygon", "coordinates": [ [ [ -71.649941419190341, 45.352002491795567 ], [ -71.656160742685785, 45.354783465161574 ], [ -71.655854814200623, 45.359971540370864 ], [ -71.649328401478186, 45.362378574945097 ], [ -71.643108622767414, 45.359597217708583 ], [ -71.643415711966597, 45.354409209831829 ], [ -71.649941419190341, 45.352002491795567 ] ] ] } },
{ "type": "Feature", "properties": { "hex_id": 772320, "centroid_lon": -71.505473653688355, "centroid_lat": 45.31388778134388, "total_occurrences": 13.0, "days_affected": 1, "first_occurrence": "2026-01-10 07:16:37", "last_occurrence": "2026-01-10 09:33:53", "all_datetimes": "2026-01-10 07:16:37, 2026-01-10 07:31:49, 2026-01-10 07:46:56, 2026-01-10 08:00:39, 2026-01-10 08:01:56, 2026-01-10 08:16:49, 2026-01-10 08:32:06, 2026-01-10 08:40:23, 2026-01-10 08:47:00, 2026-01-10 09:02:09, 2026-01-10 09:16:39, 2026-01-10 09:31:52, 2026-01-10 09:33:53" }, "geometry": { "type": "Polygon", "coordinates": [ [ [ -71.505792809748982, 45.308700478954172 ], [ -71.511999976421606, 45.311488979357151 ], [ -71.511681355653948, 45.316676313550012 ], [ -71.505154410803343, 45.319075077240157 ], [ -71.498946795676545, 45.316286192347867 ], [ -71.499266573825622, 45.311098928318074 ], [ -71.505792809748982, 45.308700478954172 ] ] ] } },
{ "type": "Feature", "properties": { "hex_id": 1152878, "centroid_lon": -67.077127256536542, "centroid_lat": 48.468379865370856, "total_occurrences": 3.0, "days_affected": 1, "first_occurrence": "2026-01-10 07:16:37", "last_occurrence": "2026-01-10 07:46:56", "all_datetimes": "2026-01-10 07:16:37, 2026-01-10 07:31:49, 2026-01-10 07:46:56" }, "geometry": { "type": "Polygon", "coordinates": [ [ [ -67.077933105786357, 48.463235399183901 ], [ -67.084229582926241, 48.466271556960137 ], [ -67.083424284268702, 48.471416099183756 ], [ -67.076321180267556, 48.473524316878169 ], [ -67.070024379595196, 48.470487699995076 ], [ -67.070831006375201, 48.465343324591466 ], [ -67.077933105786357, 48.463235399183901 ] ] ] } },
{ "type": "Feature", "properties": { "hex_id": 738141, "centroid_lon": -71.854352745544361, "centroid_lat": 45.464359596468825, "total_occurrences": 54.0, "days_affected": 1, "first_occurrence": "2026-01-10 07:31:49", "last_occurrence": "2026-01-10 18:01:40", "all_datetimes": "2026-01-10 07:31:49, 2026-01-10 07:46:56, 2026-01-10 08:00:39, 2026-01-10 08:01:56, 2026-01-10 08:16:49, 2026-01-10 08:32:06, 2026-01-10 08:40:23, 2026-01-10 08:47:00, 2026-01-10 09:02:09, 2026-01-10 09:16:39, 2026-01-10 09:31:52, 2026-01-10 09:33:53, 2026-01-10 09:46:44, 2026-01-10 10:02:10, 2026-01-10 10:16:42, 2026-01-10 10:31:44, 2026-01-10 10:32:02, 2026-01-10 10:46:49, 2026-01-10 11:01:52, 2026-01-10 11:17:04, 2026-01-10 11:31:52, 2026-01-10 11:38:28, 2026-01-10 11:46:36, 2026-01-10 12:01:39, 2026-01-10 12:16:53, 2026-01-10 12:31:48, 2026-01-10 12:32:08, 2026-01-10 12:46:59, 2026-01-10 13:01:55, 2026-01-10 13:16:53, 2026-01-10 13:31:50, 2026-01-10 13:45:18, 2026-01-10 13:46:47, 2026-01-10 14:01:49, 2026-01-10 14:17:10, 2026-01-10 14:26:43, 2026-01-10 14:31:57, 2026-01-10 14:46:44, 2026-01-10 15:02:09, 2026-01-10 15:16:35, 2026-01-10 15:31:36, 2026-01-10 15:35:25, 2026-01-10 15:46:38, 2026-01-10 16:01:42, 2026-01-10 16:16:42, 2026-01-10 16:30:18, 2026-01-10 16:31:48, 2026-01-10 16:46:49, 2026-01-10 17:01:47, 2026-01-10 17:16:52, 2026-01-10 17:32:06, 2026-01-10 17:35:18, 2026-01-10 17:46:57, 2026-01-10 18:01:40" }, "geometry": { "type": "Polygon", "coordinates": [ [ [ -71.854641582654509, 45.459170595706773 ], [ -71.860883077526282, 45.461940944949681 ], [ -71.860594785163286, 45.467129974271472 ], [ -71.854063829689153, 45.469548591061006 ], [ -71.84782186882849, 45.466777858259363 ], [ -71.848111329404503, 45.461588892290727 ], [ -71.854641582654509, 45.459170595706773 ] ] ] } },
{ "type": "Feature", "properties": { "hex_id": 790828, "centroid_lon": -71.103233608946951, "centroid_lat": 48.309552981642263, "total_occurrences": 24.0, "days_affected": 1, "first_occurrence": "2026-01-10 07:31:49", "last_occurrence": "2026-01-10 12:01:39", "all_datetimes": "2026-01-10 07:31:49, 2026-01-10 07:46:56, 2026-01-10 08:00:39, 2026-01-10 08:01:56, 2026-01-10 08:16:49, 2026-01-10 08:32:06, 2026-01-10 08:40:23, 2026-01-10 08:47:00, 2026-01-10 09:02:09, 2026-01-10 09:16:39, 2026-01-10 09:31:52, 2026-01-10 09:33:53, 2026-01-10 09:46:44, 2026-01-10 10:02:10, 2026-01-10 10:16:42, 2026-01-10 10:31:44, 2026-01-10 10:32:02, 2026-01-10 10:46:49, 2026-01-10 11:01:52, 2026-01-10 11:17:04, 2026-01-10 11:31:52, 2026-01-10 11:38:28, 2026-01-10 11:46:36, 2026-01-10 12:01:39" }, "geometry": { "type": "Polygon", "coordinates": [ [ [ -71.103628702968606, 48.304370755015412 ], [ -71.110158518633739, 48.307189936593801 ], [ -71.109764046709387, 48.312372200920073 ], [ -71.102838403076817, 48.314735201145062 ], [ -71.096308077183039, 48.311915590893655 ], [ -71.096703905110147, 48.306733409160735 ], [ -71.103628702968606, 48.304370755015412 ] ] ] } },
{ "type": "Feature", "properties": { "hex_id": 1213972, "centroid_lon": -66.290758893969908, "centroid_lat": 49.09781299126233, "total_occurrences": 44.0, "days_affected": 1, "first_occurrence": "2026-01-10 07:31:49", "last_occurrence": "2026-01-10 16:01:42", "all_datetimes": "2026-01-10 07:31:49, 2026-01-10 07:46:56, 2026-01-10 08:00:39, 2026-01-10 08:01:56, 2026-01-10 08:16:49, 2026-01-10 08:32:06, 2026-01-10 08:40:23, 2026-01-10 08:47:00, 2026-01-10 09:02:09, 2026-01-10 09:16:39, 2026-01-10 09:31:52, 2026-01-10 09:33:53, 2026-01-10 09:46:44, 2026-01-10 10:02:10, 2026-01-10 10:16:42, 2026-01-10 10:31:44, 2026-01-10 10:32:02, 2026-01-10 10:46:49, 2026-01-10 11:01:52, 2026-01-10 11:17:04, 2026-01-10 11:31:52, 2026-01-10 11:38:28, 2026-01-10 11:46:36, 2026-01-10 12:01:39, 2026-01-10 12:16:53, 2026-01-10 12:31:48, 2026-01-10 12:32:08, 2026-01-10 12:46:59, 2026-01-10 13:01:55, 2026-01-10 13:16:53, 2026-01-10 13:31:50, 2026-01-10 13:45:18, 2026-01-10 13:46:47, 2026-01-10 14:01:49, 2026-01-10 14:17:10, 2026-01-10 14:26:43, 2026-01-10 14:31:57, 2026-01-10 14:46:44, 2026-01-10 15:02:09, 2026-01-10 15:16:35, 2026-01-10 15:31:36, 2026-01-10 15:35:25, 2026-01-10 15:46:38, 2026-01-10 16:01:42" }, "geometry": { "type": "Polygon", "coordinates": [ [ [ -66.291663945170455, 49.092679407378633 ], [ -66.297981523936798, 49.095760721225744 ], [ -66.29707702615228, 49.100894389158263 ], [ -66.289853585811372, 49.102946558148474 ], [ -66.283535710633643, 49.099864771341444 ], [ -66.284441572114915, 49.094731288571751 ], [ -66.291663945170455, 49.092679407378633 ] ] ] } },
{ "type": "Feature", "properties": { "hex_id": 561094, "centroid_lon": -73.709051406798821, "centroid_lat": 45.469217461416179, "total_occurrences": 6.0, "days_affected": 1, "first_occurrence": "2026-01-10 07:46:56", "last_occurrence": "2026-01-10 08:40:23", "all_datetimes": "2026-01-10 07:46:56, 2026-01-10 08:00:39, 2026-01-10 08:01:56, 2026-01-10 08:16:49, 2026-01-10 08:32:06, 2026-01-10 08:40:23" }, "geometry": { "type": "Polygon", "coordinates": [ [ [ -73.709170012600069, 45.46402194389097 ], [ -73.715505174098908, 45.466691800145206 ], [ -73.715387139312995, 45.471887328166694 ], [ -73.708932768619761, 45.474412973953051 ], [ -73.702597068488814, 45.471742750514458 ], [ -73.702716277672337, 45.466547248538298 ], [ -73.709170012600069, 45.46402194389097 ] ] ] } },
{ "type": "Feature", "properties": { "hex_id": 760125, "centroid_lon": -71.618898210186359, "centroid_lat": 45.551170780291294, "total_occurrences": 16.0, "days_affected": 1, "first_occurrence": "2026-01-10 07:46:56", "last_occurrence": "2026-01-10 10:32:02", "all_datetimes": "2026-01-10 07:46:56, 2026-01-10 08:00:39, 2026-01-10 08:01:56, 2026-01-10 08:16:49, 2026-01-10 08:32:06, 2026-01-10 08:40:23, 2026-01-10 08:47:00, 2026-01-10 09:02:09, 2026-01-10 09:16:39, 2026-01-10 09:31:52, 2026-01-10 09:33:53, 2026-01-10 09:46:44, 2026-01-10 10:02:10, 2026-01-10 10:16:42, 2026-01-10 10:31:44, 2026-01-10 10:32:02" }, "geometry": { "type": "Polygon", "coordinates": [ [ [ -71.619209583557577, 45.545983076209069 ], [ -71.625448135554777, 45.54876621669176 ], [ -71.625137305945103, 45.553953951633019 ], [ -71.618586751857237, 45.556358477978527 ], [ -71.61234774107065, 45.553574950866768 ], [ -71.612659743132852, 45.548387284102461 ], [ -71.619209583557577, 45.545983076209069 ] ] ] } },
{ "type": "Feature", "properties": { "hex_id": 325464, "centroid_lon": -76.185618318458509, "centroid_lat": 45.828931415701426, "total_occurrences": 14.0, "days_affected": 1, "first_occurrence": "2026-01-10 08:00:39", "last_occurrence": "2026-01-10 16:31:48", "all_datetimes": "2026-01-10 08:00:39, 2026-01-10 08:01:56, 2026-01-10 08:16:49, 2026-01-10 08:32:06, 2026-01-10 08:40:23, 2026-01-10 08:47:00, 2026-01-10 09:02:09, 2026-01-10 09:16:39, 2026-01-10 09:31:52, 2026-01-10 09:33:53, 2026-01-10 16:01:42, 2026-01-10 16:16:42, 2026-01-10 16:30:18, 2026-01-10 16:31:48" }, "geometry": { "type": "Polygon", "coordinates": [ [ [ -76.185508014070237, 45.823736019934991 ], [ -76.191998914174945, 45.826266753201168 ], [ -76.192109832201965, 45.831462134422786 ], [ -76.185728653091928, 45.83412680651621 ], [ -76.179237109098167, 45.831595726560437 ], [ -76.179127388113741, 45.826400321266128 ], [ -76.185508014070237, 45.823736019934991 ] ] ] } },
{ "type": "Feature", "properties": { "hex_id": 666770, "centroid_lon": -72.562973386913455, "centroid_lat": 46.378096809743532, "total_occurrences": 16.0, "days_affected": 1, "first_occurrence": "2026-01-10 08:00:39", "last_occurrence": "2026-01-10 10:46:49", "all_datetimes": "2026-01-10 08:00:39, 2026-01-10 08:01:56, 2026-01-10 08:16:49, 2026-01-10 08:32:06, 2026-01-10 08:40:23, 2026-01-10 08:47:00, 2026-01-10 09:02:09, 2026-01-10 09:16:39, 2026-01-10 09:31:52, 2026-01-10 09:33:53, 2026-01-10 09:46:44, 2026-01-10 10:02:10, 2026-01-10 10:16:42, 2026-01-10 10:31:44, 2026-01-10 10:32:02, 2026-01-10 10:46:49" }, "geometry": { "type": "Polygon", "coordinates": [ [ [ -72.563204447471051, 46.372905507476787 ], [ -72.569584432417713, 46.375639475681318 ], [ -72.569353954474124, 46.380830800063606 ], [ -72.56274226260102, 46.383288106386225 ], [ -72.556361758806133, 46.380553748775505 ], [ -72.556593465710691, 46.375362474314599 ], [ -72.563204447471051, 46.372905507476787 ] ] ] } },
{ "type": "Feature", "properties": { "hex_id": 1149826, "centroid_lon": -67.109423266594064, "centroid_lat": 48.478413116633, "total_occurrences": 47.0, "days_affected": 1, "first_occurrence": "2026-01-10 08:00:39", "last_occurrence": "2026-01-10 17:01:47", "all_datetimes": "2026-01-10 08:00:39, 2026-01-10 08:01:56, 2026-01-10 08:16:49, 2026-01-10 08:32:06, 2026-01-10 08:40:23, 2026-01-10 08:47:00, 2026-01-10 09:02:09, 2026-01-10 09:16:39, 2026-01-10 09:31:52, 2026-01-10 09:33:53, 2026-01-10 09:46:44, 2026-01-10 10:02:10, 2026-01-10 10:16:42, 2026-01-10 10:31:44, 2026-01-10 10:32:02, 2026-01-10 10:46:49, 2026-01-10 11:01:52, 2026-01-10 11:17:04, 2026-01-10 11:31:52, 2026-01-10 11:38:28, 2026-01-10 11:46:36, 2026-01-10 12:01:39, 2026-01-10 12:16:53, 2026-01-10 12:31:48, 2026-01-10 12:32:08, 2026-01-10 12:46:59, 2026-01-10 13:01:55, 2026-01-10 13:16:53, 2026-01-10 13:31:50, 2026-01-10 13:45:18, 2026-01-10 13:46:47, 2026-01-10 14:01:49, 2026-01-10 14:17:10, 2026-01-10 14:26:43, 2026-01-10 14:31:57, 2026-01-10 14:46:44, 2026-01-10 15:02:09, 2026-01-10 15:16:35, 2026-01-10 15:31:36, 2026-01-10 15:35:25, 2026-01-10 15:46:38, 2026-01-10 16:01:42, 2026-01-10 16:16:42, 2026-01-10 16:30:18, 2026-01-10 16:31:48, 2026-01-10 16:46:49, 2026-01-10 17:01:47" }, "geometry": { "type": "Polygon", "coordinates": [ [ [ -67.110226134426696, 48.473268256183843 ], [ -67.116525947963183, 48.47630280191126 ], [ -67.115723631693641, 48.481447738120529 ], [ -67.108620172529882, 48.483557962479807 ], [ -67.102320033702384, 48.480522957678218 ], [ -67.103123679248597, 48.475378187658642 ], [ -67.110226134426696, 48.473268256183843 ] ] ] } },
{ "type": "Feature", "properties": { "hex_id": 558646, "centroid_lon": -73.736718352256133, "centroid_lat": 45.375982721980655, "total_occurrences": 16.0, "days_affected": 1, "first_occurrence": "2026-01-10 08:16:49", "last_occurrence": "2026-01-10 11:17:04", "all_datetimes": "2026-01-10 08:16:49, 2026-01-10 08:32:06, 2026-01-10 08:40:23, 2026-01-10 08:47:00, 2026-01-10 09:02:09, 2026-01-10 09:16:39, 2026-01-10 09:31:52, 2026-01-10 09:33:53, 2026-01-10 09:46:44, 2026-01-10 10:02:10, 2026-01-10 10:16:42, 2026-01-10 10:31:44, 2026-01-10 10:32:02, 2026-01-10 10:46:49, 2026-01-10 11:01:52, 2026-01-10 11:17:04" }, "geometry": { "type": "Polygon", "coordinates": [ [ [ -73.736834040064011, 45.370787063275408 ], [ -73.743160213475988, 45.373455329808344 ], [ -73.743045094256615, 45.378650998715756 ], [ -73.736602632901835, 45.381178375708153 ], [ -73.730275922453032, 45.378509743426534 ], [ -73.73039221038529, 45.373314099965405 ], [ -73.736834040064011, 45.370787063275408 ] ] ] } },
{ "type": "Feature", "properties": { "hex_id": 619078, "centroid_lon": -73.108700544876882, "centroid_lat": 45.250375374771636, "total_occurrences": 33.0, "days_affected": 1, "first_occurrence": "2026-01-10 08:16:49", "last_occurrence": "2026-01-10 14:31:57", "all_datetimes": "2026-01-10 08:16:49, 2026-01-10 08:32:06, 2026-01-10 08:40:23, 2026-01-10 08:47:00, 2026-01-10 09:02:09, 2026-01-10 09:16:39, 2026-01-10 09:31:52, 2026-01-10 09:33:53, 2026-01-10 09:46:44, 2026-01-10 10:02:10, 2026-01-10 10:16:42, 2026-01-10 10:31:44, 2026-01-10 10:32:02, 2026-01-10 10:46:49, 2026-01-10 11:01:52, 2026-01-10 11:17:04, 2026-01-10 11:31:52, 2026-01-10 11:38:28, 2026-01-10 11:46:36, 2026-01-10 12:01:39, 2026-01-10 12:16:53, 2026-01-10 12:31:48, 2026-01-10 12:32:08, 2026-01-10 12:46:59, 2026-01-10 13:01:55, 2026-01-10 13:16:53, 2026-01-10 13:31:50, 2026-01-10 13:45:18, 2026-01-10 13:46:47, 2026-01-10 14:01:49, 2026-01-10 14:17:10, 2026-01-10 14:26:43, 2026-01-10 14:31:57" }, "geometry": { "type": "Polygon", "coordinates": [ [ [ -73.108872971074518, 45.245181171747873 ], [ -73.115154772329689, 45.247883579130047 ], [ -73.114982902492088, 45.253077798491312 ], [ -73.108528071745113, 45.255569572535755 ], [ -73.102245761071885, 45.25286679521065 ], [ -73.102418790548057, 45.247672613847826 ], [ -73.108872971074518, 45.245181171747873 ] ] ] } },
{ "type": "Feature", "properties": { "hex_id": 689334, "centroid_lon": -72.341130936174196, "centroid_lat": 45.991214578402086, "total_occurrences": 18.0, "days_affected": 1, "first_occurrence": "2026-01-10 08:16:49", "last_occurrence": "2026-01-10 11:38:28", "all_datetimes": "2026-01-10 08:16:49, 2026-01-10 08:32:06, 2026-01-10 08:40:23, 2026-01-10 08:47:00, 2026-01-10 09:02:09, 2026-01-10 09:16:39, 2026-01-10 09:31:52, 2026-01-10 09:33:53, 2026-01-10 09:46:44, 2026-01-10 10:02:10, 2026-01-10 10:16:42, 2026-01-10 10:31:44, 2026-01-10 10:32:02, 2026-01-10 10:46:49, 2026-01-10 11:01:52, 2026-01-10 11:17:04, 2026-01-10 11:31:52, 2026-01-10 11:38:28" }, "geometry": { "type": "Polygon", "coordinates": [ [ [ -72.341379637301102, 45.986023819162192 ], [ -72.347704289345131, 45.988769151944922 ], [ -72.347456155684753, 45.993959935301056 ], [ -72.340882166774989, 45.996405331861432 ], [ -72.334557015548313, 45.993659612817723 ], [ -72.334806352390871, 45.988468883539873 ], [ -72.341379637301102, 45.986023819162192 ] ] ] } },
{ "type": "Feature", "properties": { "hex_id": 790741, "centroid_lon": -71.202673850754906, "centroid_lat": 46.956752501695028, "total_occurrences": 17.0, "days_affected": 1, "first_occurrence": "2026-01-10 08:16:49", "last_occurrence": "2026-01-10 11:31:52", "all_datetimes": "2026-01-10 08:16:49, 2026-01-10 08:32:06, 2026-01-10 08:40:23, 2026-01-10 08:47:00, 2026-01-10 09:02:09, 2026-01-10 09:16:39, 2026-01-10 09:31:52, 2026-01-10 09:33:53, 2026-01-10 09:46:44, 2026-01-10 10:02:10, 2026-01-10 10:16:42, 2026-01-10 10:31:44, 2026-01-10 10:32:02, 2026-01-10 10:46:49, 2026-01-10 11:01:52, 2026-01-10 11:17:04, 2026-01-10 11:31:52" }, "geometry": { "type": "Polygon", "coordinates": [ [ [ -71.20304107337428, 46.951568443048714 ], [ -71.20941418303272, 46.954378045461695 ], [ -71.209047539910102, 46.95956213985216 ], [ -71.202306526160498, 46.961936553423115 ], [ -71.195932938998055, 46.959126542227601 ], [ -71.196300843053734, 46.953942526310684 ], [ -71.20304107337428, 46.951568443048714 ] ] ] } },
{ "type": "Feature", "properties": { "hex_id": 791934, "centroid_lon": -71.220159413578102, "centroid_lat": 46.520837775321247, "total_occurrences": 13.0, "days_affected": 1, "first_occurrence": "2026-01-10 08:16:49", "last_occurrence": "2026-01-10 10:32:02", "all_datetimes": "2026-01-10 08:16:49, 2026-01-10 08:32:06, 2026-01-10 08:40:23, 2026-01-10 08:47:00, 2026-01-10 09:02:09, 2026-01-10 09:16:39, 2026-01-10 09:31:52, 2026-01-10 09:33:53, 2026-01-10 09:46:44, 2026-01-10 10:02:10, 2026-01-10 10:16:42, 2026-01-10 10:31:44, 2026-01-10 10:32:02" }, "geometry": { "type": "Polygon", "coordinates": [ [ [ -71.220519427074791, 46.51565321557473 ], [ -71.226843647130906, 46.51846054016039 ], [ -71.226484199964091, 46.523645135186989 ], [ -71.219799300687058, 46.526022328197627 ], [ -71.213474613712478, 46.523214600904105 ], [ -71.213835292899233, 46.518030083373745 ], [ -71.220519427074791, 46.51565321557473 ] ] ] } },
{ "type": "Feature", "properties": { "hex_id": 797400, "centroid_lon": -71.192516133894443, "centroid_lat": 46.075610804818872, "total_occurrences": 24.0, "days_affected": 1, "first_occurrence": "2026-01-10 08:16:49", "last_occurrence": "2026-01-10 12:46:59", "all_datetimes": "2026-01-10 08:16:49, 2026-01-10 08:32:06, 2026-01-10 08:40:23, 2026-01-10 08:47:00, 2026-01-10 09:02:09, 2026-01-10 09:16:39, 2026-01-10 09:31:52, 2026-01-10 09:33:53, 2026-01-10 09:46:44, 2026-01-10 10:02:10, 2026-01-10 10:16:42, 2026-01-10 10:31:44, 2026-01-10 10:32:02, 2026-01-10 10:46:49, 2026-01-10 11:01:52, 2026-01-10 11:17:04, 2026-01-10 11:31:52, 2026-01-10 11:38:28, 2026-01-10 11:46:36, 2026-01-10 12:01:39, 2026-01-10 12:16:53, 2026-01-10 12:31:48, 2026-01-10 12:32:08, 2026-01-10 12:46:59" }, "geometry": { "type": "Polygon", "coordinates": [ [ [ -71.192873187936584, 46.070426006203078 ], [ -71.199146180687094, 46.073233437617731 ], [ -71.198789679199706, 46.078418271484736 ], [ -71.192158981842354, 46.08079559656305 ], [ -71.185885534563667, 46.077987768177138 ], [ -71.186243239137227, 46.072803011749073 ], [ -71.192873187936584, 46.070426006203078 ] ] ] } },
{ "type": "Feature", "properties": { "hex_id": 1188872, "centroid_lon": -66.746106578930977, "centroid_lat": 48.047111153928974, "total_occurrences": 15.0, "days_affected": 1, "first_occurrence": "2026-01-10 08:16:49", "last_occurrence": "2026-01-10 11:01:52", "all_datetimes": "2026-01-10 08:16:49, 2026-01-10 08:32:06, 2026-01-10 08:40:23, 2026-01-10 08:47:00, 2026-01-10 09:02:09, 2026-01-10 09:16:39, 2026-01-10 09:31:52, 2026-01-10 09:33:53, 2026-01-10 09:46:44, 2026-01-10 10:02:10, 2026-01-10 10:16:42, 2026-01-10 10:31:44, 2026-01-10 10:32:02, 2026-01-10 10:46:49, 2026-01-10 11:01:52" }, "geometry": { "type": "Polygon", "coordinates": [ [ [ -66.746933560091321, 48.04197053888462 ], [ -66.753159202579155, 48.045020909149692 ], [ -66.752332752597937, 48.050161602573375 ], [ -66.745279366455605, 48.052251753600686 ], [ -66.739053424144572, 48.049200928667467 ], [ -66.739881167717343, 48.044060407440639 ], [ -66.746933560091321, 48.04197053888462 ] ] ] } },
{ "type": "Feature", "properties": { "hex_id": 1231003, "centroid_lon": -66.271370095550949, "centroid_lat": 48.113187199936021, "total_occurrences": 8.0, "days_affected": 1, "first_occurrence": "2026-01-10 08:16:49", "last_occurrence": "2026-01-10 09:33:53", "all_datetimes": "2026-01-10 08:16:49, 2026-01-10 08:32:06, 2026-01-10 08:40:23, 2026-01-10 08:47:00, 2026-01-10 09:02:09, 2026-01-10 09:16:39, 2026-01-10 09:31:52, 2026-01-10 09:33:53" }, "geometry": { "type": "Polygon", "coordinates": [ [ [ -66.272246311915026, 48.108053006820484 ], [ -66.278447622725125, 48.111128101732625 ], [ -66.277571929742294, 48.116262377506295 ], [ -66.270493634164097, 48.118321376401447 ], [ -66.2642920450388, 48.115245823344836 ], [ -66.265169029720298, 48.110111729602593 ], [ -66.272246311915026, 48.108053006820484 ] ] ] } },
{ "type": "Feature", "properties": { "hex_id": 569666, "centroid_lon": -73.60991611824636, "centroid_lat": 45.857805784194341, "total_occurrences": 3.0, "days_affected": 1, "first_occurrence": "2026-01-10 08:32:06", "last_occurrence": "2026-01-10 08:47:00", "all_datetimes": "2026-01-10 08:32:06, 2026-01-10 08:40:23, 2026-01-10 08:47:00" }, "geometry": { "type": "Polygon", "coordinates": [ [ [ -73.610045571957883, 45.852610832203055 ], [ -73.616419438485408, 45.855286464586939 ], [ -73.616290566268731, 45.860481428149086 ], [ -73.609786629029117, 45.863000731157179 ], [ -73.603412216518478, 45.860324725710079 ], [ -73.603542287218545, 45.85512979038343 ], [ -73.610045571957883, 45.852610832203055 ] ] ] } },
{ "type": "Feature", "properties": { "hex_id": 895834, "centroid_lon": -69.947440199077889, "centroid_lat": 48.264490050626158, "total_occurrences": 63.0, "days_affected": 1, "first_occurrence": "2026-01-10 08:32:06", "last_occurrence": "2026-01-10 21:16:56", "all_datetimes": "2026-01-10 08:32:06, 2026-01-10 08:40:23, 2026-01-10 08:47:00, 2026-01-10 09:02:09, 2026-01-10 09:16:39, 2026-01-10 09:31:52, 2026-01-10 09:33:53, 2026-01-10 09:46:44, 2026-01-10 10:02:10, 2026-01-10 10:16:42, 2026-01-10 10:31:44, 2026-01-10 10:32:02, 2026-01-10 10:46:49, 2026-01-10 11:01:52, 2026-01-10 11:17:04, 2026-01-10 11:31:52, 2026-01-10 11:38:28, 2026-01-10 11:46:36, 2026-01-10 12:01:39, 2026-01-10 12:16:53, 2026-01-10 12:31:48, 2026-01-10 12:32:08, 2026-01-10 12:46:59, 2026-01-10 13:01:55, 2026-01-10 13:16:53, 2026-01-10 13:31:50, 2026-01-10 13:45:18, 2026-01-10 13:46:47, 2026-01-10 14:01:49, 2026-01-10 14:17:10, 2026-01-10 14:26:43, 2026-01-10 14:31:57, 2026-01-10 14:46:44, 2026-01-10 15:02:09, 2026-01-10 15:16:35, 2026-01-10 15:31:36, 2026-01-10 15:35:25, 2026-01-10 15:46:38, 2026-01-10 16:01:42, 2026-01-10 16:16:42, 2026-01-10 16:30:18, 2026-01-10 16:31:48, 2026-01-10 16:46:49, 2026-01-10 17:01:47, 2026-01-10 17:16:52, 2026-01-10 17:32:06, 2026-01-10 17:35:18, 2026-01-10 17:46:57, 2026-01-10 18:01:40, 2026-01-10 18:17:22, 2026-01-10 18:31:07, 2026-01-10 18:31:38, 2026-01-10 18:46:46, 2026-01-10 19:02:37, 2026-01-10 19:17:03, 2026-01-10 19:31:52, 2026-01-10 19:47:00, 2026-01-10 20:02:11, 2026-01-10 20:17:06, 2026-01-10 20:31:43, 2026-01-10 20:47:07, 2026-01-10 21:01:33, 2026-01-10 21:16:56" }, "geometry": { "type": "Polygon", "coordinates": [ [ [ -69.947951402697797, 48.25931596791736 ], [ -69.954406649808163, 48.262198422931029 ], [ -69.953896046069474, 48.26737255461375 ], [ -69.946928851066076, 48.2696641245794 ], [ -69.940473148492359, 48.266781232426432 ], [ -69.940985096333506, 48.261607207516619 ], [ -69.947951402697797, 48.25931596791736 ] ] ] } },
{ "type": "Feature", "properties": { "hex_id": 591622, "centroid_lon": -73.388013796835438, "centroid_lat": 45.511908888896755, "total_occurrences": 6.0, "days_affected": 1, "first_occurrence": "2026-01-10 08:40:23", "last_occurrence": "2026-01-10 09:33:53", "all_datetimes": "2026-01-10 08:40:23, 2026-01-10 08:47:00, 2026-01-10 09:02:09, 2026-01-10 09:16:39, 2026-01-10 09:31:52, 2026-01-10 09:33:53" }, "geometry": { "type": "Polygon", "coordinates": [ [ [ -73.388162111478664, 45.506714149071968 ], [ -73.394486345025697, 45.509401651301282 ], [ -73.39433859832107, 45.51459640480271 ], [ -73.387865441689286, 45.517103623598885 ], [ -73.381540680713385, 45.51441575065931 ], [ -73.381689603784551, 45.509221029698274 ], [ -73.388162111478664, 45.506714149071968 ] ] ] } },
{ "type": "Feature", "properties": { "hex_id": 1052751, "centroid_lon": -68.18847579798863, "centroid_lat": 48.46192423926442, "total_occurrences": 11.0, "days_affected": 1, "first_occurrence": "2026-01-10 08:40:23", "last_occurrence": "2026-01-10 10:32:02", "all_datetimes": "2026-01-10 08:40:23, 2026-01-10 08:47:00, 2026-01-10 09:02:09, 2026-01-10 09:16:39, 2026-01-10 09:31:52, 2026-01-10 09:33:53, 2026-01-10 09:46:44, 2026-01-10 10:02:10, 2026-01-10 10:16:42, 2026-01-10 10:31:44, 2026-01-10 10:32:02" }, "geometry": { "type": "Polygon", "coordinates": [ [ [ -68.189169027261812, 48.456766833383 ], [ -68.195537789202859, 48.459744648752377 ], [ -68.194845132717219, 48.464902120495573 ], [ -68.187782372951062, 48.467081633055891 ], [ -68.181413234022045, 48.46410336538154 ], [ -68.182107231776826, 48.458946037520192 ], [ -68.189169027261812, 48.456766833383 ] ] ] } },
{ "type": "Feature", "properties": { "hex_id": 525704, "centroid_lon": -74.075126162974357, "centroid_lat": 45.768981051189449, "total_occurrences": 12.0, "days_affected": 1, "first_occurrence": "2026-01-10 08:47:00", "last_occurrence": "2026-01-10 11:01:52", "all_datetimes": "2026-01-10 08:47:00, 2026-01-10 09:02:09, 2026-01-10 09:16:39, 2026-01-10 09:31:52, 2026-01-10 09:33:53, 2026-01-10 09:46:44, 2026-01-10 10:02:10, 2026-01-10 10:16:42, 2026-01-10 10:31:44, 2026-01-10 10:32:02, 2026-01-10 10:46:49, 2026-01-10 11:01:52" }, "geometry": { "type": "Polygon", "coordinates": [ [ [ -74.075212031664705, 45.763785164494649 ], [ -74.08159851433156, 45.76643497329264 ], [ -74.081513230712119, 45.771630866899443 ], [ -74.075040270754485, 45.774176933012619 ], [ -74.068653226550211, 45.771526756711424 ], [ -74.068739703833018, 45.766330881865457 ], [ -74.075212031664705, 45.763785164494649 ] ] ] } },
{ "type": "Feature", "properties": { "hex_id": 569037, "centroid_lon": -73.623453323247105, "centroid_lat": 45.569555730968297, "total_occurrences": 16.0, "days_affected": 1, "first_occurrence": "2026-01-10 08:47:00", "last_occurrence": "2026-01-10 11:46:36", "all_datetimes": "2026-01-10 08:47:00, 2026-01-10 09:02:09, 2026-01-10 09:16:39, 2026-01-10 09:31:52, 2026-01-10 09:33:53, 2026-01-10 09:46:44, 2026-01-10 10:02:10, 2026-01-10 10:16:42, 2026-01-10 10:31:44, 2026-01-10 10:32:02, 2026-01-10 10:46:49, 2026-01-10 11:01:52, 2026-01-10 11:17:04, 2026-01-10 11:31:52, 2026-01-10 11:38:28, 2026-01-10 11:46:36" }, "geometry": { "type": "Polygon", "coordinates": [ [ [ -73.623580234941699, 45.564360486074818 ], [ -73.629922396058163, 45.567035128156988 ], [ -73.62979605724847, 45.572230384417104 ], [ -73.623326376866615, 45.574750970840078 ], [ -73.616983677556973, 45.572075959500729 ], [ -73.617111196810725, 45.566880731060223 ], [ -73.623580234941699, 45.564360486074818 ] ] ] } },
{ "type": "Feature", "properties": { "hex_id": 552558, "centroid_lon": -73.794920433643298, "centroid_lat": 45.641649442775247, "total_occurrences": 25.0, "days_affected": 1, "first_occurrence": "2026-01-10 09:02:09", "last_occurrence": "2026-01-10 13:46:47", "all_datetimes": "2026-01-10 09:02:09, 2026-01-10 09:16:39, 2026-01-10 09:31:52, 2026-01-10 09:33:53, 2026-01-10 09:46:44, 2026-01-10 10:02:10, 2026-01-10 10:16:42, 2026-01-10 10:31:44, 2026-01-10 10:32:02, 2026-01-10 10:46:49, 2026-01-10 11:01:52, 2026-01-10 11:17:04, 2026-01-10 11:31:52, 2026-01-10 11:38:28, 2026-01-10 11:46:36, 2026-01-10 12:01:39, 2026-01-10 12:16:53, 2026-01-10 12:31:48, 2026-01-10 12:32:08, 2026-01-10 12:46:59, 2026-01-10 13:01:55, 2026-01-10 13:16:53, 2026-01-10 13:31:50, 2026-01-10 13:45:18, 2026-01-10 13:46:47" }, "geometry": { "type": "Polygon", "coordinates": [ [ [ -73.795031818823247, 45.636453912850669 ], [ -73.801390383912178, 45.63911916481814 ], [ -73.801279576127186, 45.644314704424879 ], [ -73.794809017992236, 45.646844967741771 ], [ -73.788449905984621, 45.644179347214262 ], [ -73.788561899020365, 45.638983831994743 ], [ -73.795031818823247, 45.636453912850669 ] ] ] } },
{ "type": "Feature", "properties": { "hex_id": 1268251, "centroid_lon": -65.846033975504923, "centroid_lat": 48.196866780793279, "total_occurrences": 15.0, "days_affected": 1, "first_occurrence": "2026-01-10 09:02:09", "last_occurrence": "2026-01-10 11:46:36", "all_datetimes": "2026-01-10 09:02:09, 2026-01-10 09:16:39, 2026-01-10 09:31:52, 2026-01-10 09:33:53, 2026-01-10 09:46:44, 2026-01-10 10:02:10, 2026-01-10 10:16:42, 2026-01-10 10:31:44, 2026-01-10 10:32:02, 2026-01-10 10:46:49, 2026-01-10 11:01:52, 2026-01-10 11:17:04, 2026-01-10 11:31:52, 2026-01-10 11:38:28, 2026-01-10 11:46:36" }, "geometry": { "type": "Polygon", "coordinates": [ [ [ -65.84695523377151, 48.191738662644418 ], [ -65.853137062228143, 48.194835967771091 ], [ -65.852216320888616, 48.199964172409096 ], [ -65.845112459600628, 48.201994881073723 ], [ -65.83893037190019, 48.198897114445323 ], [ -65.839852404640453, 48.193769100718683 ], [ -65.84695523377151, 48.191738662644418 ] ] ] } },
{ "type": "Feature", "properties": { "hex_id": 552559, "centroid_lon": -73.794586095235729, "centroid_lat": 45.657236002800474, "total_occurrences": 36.0, "days_affected": 1, "first_occurrence": "2026-01-10 09:16:39", "last_occurrence": "2026-01-10 16:16:42", "all_datetimes": "2026-01-10 09:16:39, 2026-01-10 09:31:52, 2026-01-10 09:33:53, 2026-01-10 09:46:44, 2026-01-10 10:02:10, 2026-01-10 10:16:42, 2026-01-10 10:31:44, 2026-01-10 10:32:02, 2026-01-10 10:46:49, 2026-01-10 11:01:52, 2026-01-10 11:17:04, 2026-01-10 11:31:52, 2026-01-10 11:38:28, 2026-01-10 11:46:36, 2026-01-10 12:01:39, 2026-01-10 12:16:53, 2026-01-10 12:31:48, 2026-01-10 12:32:08, 2026-01-10 12:46:59, 2026-01-10 13:01:55, 2026-01-10 13:16:53, 2026-01-10 13:31:50, 2026-01-10 13:45:18, 2026-01-10 13:46:47, 2026-01-10 14:01:49, 2026-01-10 14:17:10, 2026-01-10 14:26:43, 2026-01-10 14:31:57, 2026-01-10 14:46:44, 2026-01-10 15:02:09, 2026-01-10 15:16:35, 2026-01-10 15:31:36, 2026-01-10 15:35:25, 2026-01-10 15:46:38, 2026-01-10 16:01:42, 2026-01-10 16:16:42" }, "geometry": { "type": "Polygon", "coordinates": [ [ [ -73.794697571859814, 45.652040487750192 ], [ -73.80105786960435, 45.654705768770796 ], [ -73.80094697084607, 45.659901293509868 ], [ -73.794474588109722, 45.662431512892553 ], [ -73.78811374300642, 45.659765863110707 ], [ -73.788225827987972, 45.65457036277229 ], [ -73.794697571859814, 45.652040487750192 ] ] ] } },
{ "type": "Feature", "properties": { "hex_id": 553169, "centroid_lon": -73.788337882310586, "centroid_lat": 45.649374857473461, "total_occurrences": 36.0, "days_affected": 1, "first_occurrence": "2026-01-10 09:16:39", "last_occurrence": "2026-01-10 16:16:42", "all_datetimes": "2026-01-10 09:16:39, 2026-01-10 09:31:52, 2026-01-10 09:33:53, 2026-01-10 09:46:44, 2026-01-10 10:02:10, 2026-01-10 10:16:42, 2026-01-10 10:31:44, 2026-01-10 10:32:02, 2026-01-10 10:46:49, 2026-01-10 11:01:52, 2026-01-10 11:17:04, 2026-01-10 11:31:52, 2026-01-10 11:38:28, 2026-01-10 11:46:36, 2026-01-10 12:01:39, 2026-01-10 12:16:53, 2026-01-10 12:31:48, 2026-01-10 12:32:08, 2026-01-10 12:46:59, 2026-01-10 13:01:55, 2026-01-10 13:16:53, 2026-01-10 13:31:50, 2026-01-10 13:45:18, 2026-01-10 13:46:47, 2026-01-10 14:01:49, 2026-01-10 14:17:10, 2026-01-10 14:26:43, 2026-01-10 14:31:57, 2026-01-10 14:46:44, 2026-01-10 15:02:09, 2026-01-10 15:16:35, 2026-01-10 15:31:36, 2026-01-10 15:35:25, 2026-01-10 15:46:38, 2026-01-10 16:01:42, 2026-01-10 16:16:42" }, "geometry": { "type": "Polygon", "coordinates": [ [ [ -73.788449905984621, 45.644179347214262 ], [ -73.794809017992236, 45.646844967741771 ], [ -73.794697571859814, 45.652040487750192 ], [ -73.788225827987972, 45.65457036277229 ], [ -73.781866169092496, 45.651904373524353 ], [ -73.781978800946391, 45.646708878039611 ], [ -73.788449905984621, 45.644179347214262 ] ] ] } },
{ "type": "Feature", "properties": { "hex_id": 568430, "centroid_lon": -73.628530768054802, "centroid_lat": 45.624182670949693, "total_occurrences": 21.0, "days_affected": 1, "first_occurrence": "2026-01-10 09:16:39", "last_occurrence": "2026-01-10 13:16:53", "all_datetimes": "2026-01-10 09:16:39, 2026-01-10 09:31:52, 2026-01-10 09:33:53, 2026-01-10 09:46:44, 2026-01-10 10:02:10, 2026-01-10 10:16:42, 2026-01-10 10:31:44, 2026-01-10 10:32:02, 2026-01-10 10:46:49, 2026-01-10 11:01:52, 2026-01-10 11:17:04, 2026-01-10 11:31:52, 2026-01-10 11:38:28, 2026-01-10 11:46:36, 2026-01-10 12:01:39, 2026-01-10 12:16:53, 2026-01-10 12:31:48, 2026-01-10 12:32:08, 2026-01-10 12:46:59, 2026-01-10 13:01:55, 2026-01-10 13:16:53" }, "geometry": { "type": "Polygon", "coordinates": [ [ [ -73.62865745269292, 45.618987464885009 ], [ -73.635005958737878, 45.621661873628156 ], [ -73.634879848708152, 45.626857091022252 ], [ -73.628404048769795, 45.629377871994414 ], [ -73.622055002769159, 45.626703093347381 ], [ -73.622182296650891, 45.621507903696838 ], [ -73.62865745269292, 45.618987464885009 ] ] ] } },
{ "type": "Feature", "properties": { "hex_id": 575754, "centroid_lon": -73.552389318291645, "centroid_lat": 45.592062578360085, "total_occurrences": 21.0, "days_affected": 1, "first_occurrence": "2026-01-10 09:16:39", "last_occurrence": "2026-01-10 13:16:53", "all_datetimes": "2026-01-10 09:16:39, 2026-01-10 09:31:52, 2026-01-10 09:33:53, 2026-01-10 09:46:44, 2026-01-10 10:02:10, 2026-01-10 10:16:42, 2026-01-10 10:31:44, 2026-01-10 10:32:02, 2026-01-10 10:46:49, 2026-01-10 11:01:52, 2026-01-10 11:17:04, 2026-01-10 11:31:52, 2026-01-10 11:38:28, 2026-01-10 11:46:36, 2026-01-10 12:01:39, 2026-01-10 12:16:53, 2026-01-10 12:31:48, 2026-01-10 12:32:08, 2026-01-10 12:46:59, 2026-01-10 13:01:55, 2026-01-10 13:16:53" }, "geometry": { "type": "Polygon", "coordinates": [ [ [ -73.552522885164009, 45.586867513099449 ], [ -73.558864083008459, 45.589546080719444 ], [ -73.55873108873439, 45.594741158055413 ], [ -73.552255714905613, 45.597257638569943 ], [ -73.545913980982661, 45.59457870074349 ], [ -73.546048156954683, 45.589383652673632 ], [ -73.552522885164009, 45.586867513099449 ] ] ] } },
{ "type": "Feature", "properties": { "hex_id": 579423, "centroid_lon": -73.511465839588155, "centroid_lat": 45.685077488907396, "total_occurrences": 4.0, "days_affected": 1, "first_occurrence": "2026-01-10 09:16:39", "last_occurrence": "2026-01-10 10:16:42", "all_datetimes": "2026-01-10 09:16:39, 2026-01-10 09:46:44, 2026-01-10 10:02:10, 2026-01-10 10:16:42" }, "geometry": { "type": "Polygon", "coordinates": [ [ [ -73.511603627508123, 45.679882603822946 ], [ -73.517953207971331, 45.682563507491729 ], [ -73.51781599490873, 45.68775840508026 ], [ -73.511328013958604, 45.690272368923118 ], [ -73.50497789635395, 45.687591093481586 ], [ -73.505116296828163, 45.682396226034832 ], [ -73.511603627508123, 45.679882603822946 ] ] ] } },
{ "type": "Feature", "properties": { "hex_id": 654554, "centroid_lon": -72.696827225601965, "centroid_lat": 46.287340297772843, "total_occurrences": 10.0, "days_affected": 1, "first_occurrence": "2026-01-10 09:16:39", "last_occurrence": "2026-01-10 11:01:52", "all_datetimes": "2026-01-10 09:16:39, 2026-01-10 09:31:52, 2026-01-10 09:33:53, 2026-01-10 09:46:44, 2026-01-10 10:02:10, 2026-01-10 10:16:42, 2026-01-10 10:31:44, 2026-01-10 10:32:02, 2026-01-10 10:46:49, 2026-01-10 11:01:52" }, "geometry": { "type": "Polygon", "coordinates": [ [ [ -72.697044911868574, 46.282148410056486 ], [ -72.703421475356947, 46.284874872861714 ], [ -72.703204370863261, 46.290066781335241 ], [ -72.696609479335422, 46.292532179960929 ], [ -72.690232394084319, 46.289805330139856 ], [ -72.690450722103236, 46.284613468775014 ], [ -72.697044911868574, 46.282148410056486 ] ] ] } },
{ "type": "Feature", "properties": { "hex_id": 324853, "centroid_lon": -76.191888026551936, "centroid_lat": 45.821071367025681, "total_occurrences": 31.0, "days_affected": 1, "first_occurrence": "2026-01-10 09:46:44", "last_occurrence": "2026-01-10 16:31:48", "all_datetimes": "2026-01-10 09:46:44, 2026-01-10 10:02:10, 2026-01-10 10:16:42, 2026-01-10 10:31:44, 2026-01-10 10:32:02, 2026-01-10 10:46:49, 2026-01-10 11:01:52, 2026-01-10 11:17:04, 2026-01-10 11:31:52, 2026-01-10 11:38:28, 2026-01-10 11:46:36, 2026-01-10 12:01:39, 2026-01-10 12:16:53, 2026-01-10 12:31:48, 2026-01-10 12:32:08, 2026-01-10 12:46:59, 2026-01-10 13:01:55, 2026-01-10 13:16:53, 2026-01-10 13:31:50, 2026-01-10 13:45:18, 2026-01-10 13:46:47, 2026-01-10 14:01:49, 2026-01-10 14:17:10, 2026-01-10 14:26:43, 2026-01-10 14:31:57, 2026-01-10 14:46:44, 2026-01-10 15:02:09, 2026-01-10 16:01:42, 2026-01-10 16:16:42, 2026-01-10 16:30:18, 2026-01-10 16:31:48" }, "geometry": { "type": "Polygon", "coordinates": [ [ [ -76.191777169322634, 45.815875975896382 ], [ -76.198267425569099, 45.818406362637788 ], [ -76.198378896257779, 45.82360173915928 ], [ -76.191998914174945, 45.826266753201168 ], [ -76.185508014070237, 45.823736019934991 ], [ -76.18539773991688, 45.818540619216947 ], [ -76.191777169322634, 45.815875975896382 ] ] ] } },
{ "type": "Feature", "properties": { "hex_id": 363972, "centroid_lon": -75.790430887928053, "centroid_lat": 46.557217816506139, "total_occurrences": 3.0, "days_affected": 1, "first_occurrence": "2026-01-10 09:46:44", "last_occurrence": "2026-01-10 10:16:42", "all_datetimes": "2026-01-10 09:46:44, 2026-01-10 10:02:10, 2026-01-10 10:16:42" }, "geometry": { "type": "Polygon", "coordinates": [ [ [ -75.790355455107559, 46.552022466631811 ], [ -75.79691526986349, 46.554574890332937 ], [ -75.796991335499257, 46.559770229625684 ], [ -75.790506341627889, 46.562413161545962 ], [ -75.783945873173735, 46.559860377752891 ], [ -75.783871052296377, 46.554665022198556 ], [ -75.790355455107559, 46.552022466631811 ] ] ] } },
{ "type": "Feature", "properties": { "hex_id": 532397, "centroid_lon": -74.010583306915933, "centroid_lat": 45.417660511737537, "total_occurrences": 37.0, "days_affected": 1, "first_occurrence": "2026-01-10 09:46:44", "last_occurrence": "2026-01-10 17:01:47", "all_datetimes": "2026-01-10 09:46:44, 2026-01-10 10:02:10, 2026-01-10 10:16:42, 2026-01-10 10:31:44, 2026-01-10 10:32:02, 2026-01-10 10:46:49, 2026-01-10 11:01:52, 2026-01-10 11:17:04, 2026-01-10 11:31:52, 2026-01-10 11:38:28, 2026-01-10 11:46:36, 2026-01-10 12:01:39, 2026-01-10 12:16:53, 2026-01-10 12:31:48, 2026-01-10 12:32:08, 2026-01-10 12:46:59, 2026-01-10 13:01:55, 2026-01-10 13:16:53, 2026-01-10 13:31:50, 2026-01-10 13:45:18, 2026-01-10 13:46:47, 2026-01-10 14:01:49, 2026-01-10 14:17:10, 2026-01-10 14:26:43, 2026-01-10 14:31:57, 2026-01-10 14:46:44, 2026-01-10 15:02:09, 2026-01-10 15:16:35, 2026-01-10 15:31:36, 2026-01-10 15:35:25, 2026-01-10 15:46:38, 2026-01-10 16:01:42, 2026-01-10 16:16:42, 2026-01-10 16:30:18, 2026-01-10 16:31:48, 2026-01-10 16:46:49, 2026-01-10 17:01:47" }, "geometry": { "type": "Polygon", "coordinates": [ [ [ -74.010674049462494, 45.412464402056997 ], [ -74.017017987733382, 45.415117626264824 ], [ -74.016927818668051, 45.420313743441838 ], [ -74.010492539610567, 45.422856616528655 ], [ -74.004148052621431, 45.420203028639683 ], [ -74.004239393399729, 45.415006931409387 ], [ -74.010674049462494, 45.412464402056997 ] ] ] } },
{ "type": "Feature", "properties": { "hex_id": 569650, "centroid_lon": -73.616090066242521, "centroid_lat": 45.608442417899731, "total_occurrences": 12.0, "days_affected": 1, "first_occurrence": "2026-01-10 09:46:44", "last_occurrence": "2026-01-10 12:01:39", "all_datetimes": "2026-01-10 09:46:44, 2026-01-10 10:02:10, 2026-01-10 10:16:42, 2026-01-10 10:31:44, 2026-01-10 10:32:02, 2026-01-10 10:46:49, 2026-01-10 11:01:52, 2026-01-10 11:17:04, 2026-01-10 11:31:52, 2026-01-10 11:38:28, 2026-01-10 11:46:36, 2026-01-10 12:01:39" }, "geometry": { "type": "Polygon", "coordinates": [ [ [ -73.616217829712951, 45.603247224630898 ], [ -73.622563969526396, 45.605922304610722 ], [ -73.622436780017793, 45.611117509328437 ], [ -73.615962267837034, 45.613637606143733 ], [ -73.609615589002686, 45.610962156343781 ], [ -73.609743961358248, 45.605766979613392 ], [ -73.616217829712951, 45.603247224630898 ] ] ] } },
{ "type": "Feature", "properties": { "hex_id": 570277, "centroid_lon": -73.603282110142473, "centroid_lat": 45.865519656005659, "total_occurrences": 11.0, "days_affected": 1, "first_occurrence": "2026-01-10 09:46:44", "last_occurrence": "2026-01-10 11:46:36", "all_datetimes": "2026-01-10 09:46:44, 2026-01-10 10:02:10, 2026-01-10 10:16:42, 2026-01-10 10:31:44, 2026-01-10 10:32:02, 2026-01-10 10:46:49, 2026-01-10 11:01:52, 2026-01-10 11:17:04, 2026-01-10 11:31:52, 2026-01-10 11:38:28, 2026-01-10 11:46:36" }, "geometry": { "type": "Polygon", "coordinates": [ [ [ -73.603412216518478, 45.860324725710079 ], [ -73.609786629029117, 45.863000731157179 ], [ -73.609657104294143, 45.868195673091527 ], [ -73.603151968078407, 45.870714581270093 ], [ -73.596777009620808, 45.868038202598505 ], [ -73.596907733313827, 45.86284328903816 ], [ -73.603412216518478, 45.860324725710079 ] ] ] } },
{ "type": "Feature", "properties": { "hex_id": 778515, "centroid_lon": -71.35073947386654, "centroid_lat": 46.712153666112535, "total_occurrences": 3.0, "days_affected": 1, "first_occurrence": "2026-01-10 09:46:44", "last_occurrence": "2026-01-10 10:16:42", "all_datetimes": "2026-01-10 09:46:44, 2026-01-10 10:02:10, 2026-01-10 10:16:42" }, "geometry": { "type": "Polygon", "coordinates": [ [ [ -71.351089395949046, 46.706968512080202 ], [ -71.357442572842928, 46.709769357094267 ], [ -71.357093225038483, 46.714954545271709 ], [ -71.350389454916524, 46.717338813407636 ], [ -71.344035800628816, 46.714537564159734 ], [ -71.344386393823441, 46.709352451076242 ], [ -71.351089395949046, 46.706968512080202 ] ] ] } },
{ "type": "Feature", "properties": { "hex_id": 785838, "centroid_lon": -71.275616898478859, "centroid_lat": 46.662962708545024, "total_occurrences": 16.0, "days_affected": 1, "first_occurrence": "2026-01-10 09:46:44", "last_occurrence": "2026-01-10 12:46:59", "all_datetimes": "2026-01-10 09:46:44, 2026-01-10 10:02:10, 2026-01-10 10:16:42, 2026-01-10 10:31:44, 2026-01-10 10:32:02, 2026-01-10 10:46:49, 2026-01-10 11:01:52, 2026-01-10 11:17:04, 2026-01-10 11:31:52, 2026-01-10 11:38:28, 2026-01-10 11:46:36, 2026-01-10 12:01:39, 2026-01-10 12:16:53, 2026-01-10 12:31:48, 2026-01-10 12:32:08, 2026-01-10 12:46:59" }, "geometry": { "type": "Polygon", "coordinates": [ [ [ -71.275973401281448, 46.657777948451972 ], [ -71.282316813963249, 46.660582711783874 ], [ -71.281960882721478, 46.66576750671652 ], [ -71.275260297059987, 46.668147461820944 ], [ -71.268916411450661, 46.665342294308772 ], [ -71.269273584396331, 46.660157575938776 ], [ -71.275973401281448, 46.657777948451972 ] ] ] } },
{ "type": "Feature", "properties": { "hex_id": 1248097, "centroid_lon": -66.085533266131648, "centroid_lat": 48.098808003559064, "total_occurrences": 10.0, "days_affected": 1, "first_occurrence": "2026-01-10 09:46:44", "last_occurrence": "2026-01-10 11:38:28", "all_datetimes": "2026-01-10 09:46:44, 2026-01-10 10:02:10, 2026-01-10 10:16:42, 2026-01-10 10:31:44, 2026-01-10 10:32:02, 2026-01-10 10:46:49, 2026-01-10 11:01:52, 2026-01-10 11:17:04, 2026-01-10 11:31:52, 2026-01-10 11:38:28" }, "geometry": { "type": "Polygon", "coordinates": [ [ [ -66.086427538223788, 48.093676384546832 ], [ -66.092614627868144, 48.096760810731702 ], [ -66.091720874887642, 48.101892514000461 ], [ -66.084638744147028, 48.103939605417878 ], [ -66.078451385327639, 48.100854720364602 ], [ -66.079346426335675, 48.095723202827102 ], [ -66.086427538223788, 48.093676384546832 ] ] ] } },
{ "type": "Feature", "properties": { "hex_id": 1056402, "centroid_lon": -68.173162333250275, "centroid_lat": 48.273862501629395, "total_occurrences": 31.0, "days_affected": 1, "first_occurrence": "2026-01-10 10:02:10", "last_occurrence": "2026-01-10 16:01:42", "all_datetimes": "2026-01-10 10:02:10, 2026-01-10 10:16:42, 2026-01-10 10:31:44, 2026-01-10 10:32:02, 2026-01-10 10:46:49, 2026-01-10 11:01:52, 2026-01-10 11:17:04, 2026-01-10 11:31:52, 2026-01-10 11:38:28, 2026-01-10 11:46:36, 2026-01-10 12:01:39, 2026-01-10 12:16:53, 2026-01-10 12:31:48, 2026-01-10 12:32:08, 2026-01-10 12:46:59, 2026-01-10 13:01:55, 2026-01-10 13:16:53, 2026-01-10 13:31:50, 2026-01-10 13:45:18, 2026-01-10 13:46:47, 2026-01-10 14:01:49, 2026-01-10 14:17:10, 2026-01-10 14:26:43, 2026-01-10 14:31:57, 2026-01-10 14:46:44, 2026-01-10 15:02:09, 2026-01-10 15:16:35, 2026-01-10 15:31:36, 2026-01-10 15:35:25, 2026-01-10 15:46:38, 2026-01-10 16:01:42" }, "geometry": { "type": "Polygon", "coordinates": [ [ [ -68.173852544096491, 48.268705092071457 ], [ -68.180197922713745, 48.271682651387792 ], [ -68.179508278414886, 48.276840126710781 ], [ -68.172471928051408, 48.279019899109628 ], [ -68.166126177274165, 48.276041890184892 ], [ -68.166817148950912, 48.270884558537531 ], [ -68.173852544096491, 48.268705092071457 ] ] ] } },
{ "type": "Feature", "properties": { "hex_id": 700889, "centroid_lon": -72.252709085154819, "centroid_lat": 45.29534811643564, "total_occurrences": 4.0, "days_affected": 1, "first_occurrence": "2026-01-10 10:16:42", "last_occurrence": "2026-01-10 10:46:49", "all_datetimes": "2026-01-10 10:16:42, 2026-01-10 10:31:44, 2026-01-10 10:32:02, 2026-01-10 10:46:49" }, "geometry": { "type": "Polygon", "coordinates": [ [ [ -72.252959893016993, 45.290157101397384 ], [ -72.259203684114297, 45.292905742961047 ], [ -72.258953421911542, 45.298096782651285 ], [ -72.252458209028319, 45.300539125646779 ], [ -72.246213940547293, 45.297790106054322 ], [ -72.24646536231046, 45.292599121558773 ], [ -72.252959893016993, 45.290157101397384 ] ] ] } },
{ "type": "Feature", "properties": { "hex_id": 1190844, "centroid_lon": -66.35507738209553, "centroid_lat": 50.210903336967434, "total_occurrences": 19.0, "days_affected": 1, "first_occurrence": "2026-01-10 10:16:42", "last_occurrence": "2026-01-10 13:46:47", "all_datetimes": "2026-01-10 10:16:42, 2026-01-10 10:31:44, 2026-01-10 10:32:02, 2026-01-10 10:46:49, 2026-01-10 11:01:52, 2026-01-10 11:17:04, 2026-01-10 11:31:52, 2026-01-10 11:38:28, 2026-01-10 11:46:36, 2026-01-10 12:01:39, 2026-01-10 12:16:53, 2026-01-10 12:31:48, 2026-01-10 12:32:08, 2026-01-10 12:46:59, 2026-01-10 13:01:55, 2026-01-10 13:16:53, 2026-01-10 13:31:50, 2026-01-10 13:45:18, 2026-01-10 13:46:47" }, "geometry": { "type": "Polygon", "coordinates": [ [ [ -66.356011817535432, 50.205769858071953 ], [ -66.362472077224893, 50.208855739783566 ], [ -66.36153823276085, 50.213989304022014 ], [ -66.35414267639328, 50.216036798586167 ], [ -66.347682096040913, 50.212950426621894 ], [ -66.348617392617825, 50.207817050416935 ], [ -66.356011817535432, 50.205769858071953 ] ] ] } },
{ "type": "Feature", "properties": { "hex_id": 578813, "centroid_lon": -73.517678744292553, "centroid_lat": 45.692953297602777, "total_occurrences": 53.0, "days_affected": 1, "first_occurrence": "2026-01-10 10:31:44", "last_occurrence": "2026-01-10 21:16:56", "all_datetimes": "2026-01-10 10:31:44, 2026-01-10 10:32:02, 2026-01-10 10:46:49, 2026-01-10 11:01:52, 2026-01-10 11:17:04, 2026-01-10 11:31:52, 2026-01-10 11:38:28, 2026-01-10 11:46:36, 2026-01-10 12:01:39, 2026-01-10 12:16:53, 2026-01-10 12:31:48, 2026-01-10 12:32:08, 2026-01-10 12:46:59, 2026-01-10 13:01:55, 2026-01-10 13:16:53, 2026-01-10 13:31:50, 2026-01-10 13:45:18, 2026-01-10 13:46:47, 2026-01-10 14:01:49, 2026-01-10 14:17:10, 2026-01-10 14:26:43, 2026-01-10 14:31:57, 2026-01-10 14:46:44, 2026-01-10 15:02:09, 2026-01-10 15:16:35, 2026-01-10 15:31:36, 2026-01-10 15:35:25, 2026-01-10 15:46:38, 2026-01-10 16:01:42, 2026-01-10 16:16:42, 2026-01-10 16:30:18, 2026-01-10 16:31:48, 2026-01-10 16:46:49, 2026-01-10 17:01:47, 2026-01-10 17:16:52, 2026-01-10 17:32:06, 2026-01-10 17:35:18, 2026-01-10 17:46:57, 2026-01-10 18:01:40, 2026-01-10 18:17:22, 2026-01-10 18:31:07, 2026-01-10 18:31:38, 2026-01-10 18:46:46, 2026-01-10 19:02:37, 2026-01-10 19:17:03, 2026-01-10 19:31:52, 2026-01-10 19:47:00, 2026-01-10 20:02:11, 2026-01-10 20:17:06, 2026-01-10 20:31:43, 2026-01-10 20:47:07, 2026-01-10 21:01:33, 2026-01-10 21:16:56" }, "geometry": { "type": "Polygon", "coordinates": [ [ [ -73.51781599490873, 45.68775840508026 ], [ -73.524166762802594, 45.690438974453954 ], [ -73.524030087368473, 45.695633879421074 ], [ -73.517541456110109, 45.698148185059175 ], [ -73.511190150606765, 45.69546724387002 ], [ -73.511328013958604, 45.690272368923118 ], [ -73.51781599490873, 45.68775840508026 ] ] ] } },
{ "type": "Feature", "properties": { "hex_id": 600769, "centroid_lon": -73.296966526687825, "centroid_lat": 45.346884929510992, "total_occurrences": 6.0, "days_affected": 1, "first_occurrence": "2026-01-10 10:31:44", "last_occurrence": "2026-01-10 11:31:52", "all_datetimes": "2026-01-10 10:31:44, 2026-01-10 10:32:02, 2026-01-10 10:46:49, 2026-01-10 11:01:52, 2026-01-10 11:17:04, 2026-01-10 11:31:52" }, "geometry": { "type": "Polygon", "coordinates": [ [ [ -73.297122317410526, 45.341690278230878 ], [ -73.303423903758983, 45.344382569099842 ], [ -73.303268674815072, 45.349577234904679 ], [ -73.296810693506359, 45.352079575626796 ], [ -73.290508587844968, 45.349386915304081 ], [ -73.290664982791057, 45.344192283777069 ], [ -73.297122317410526, 45.341690278230878 ] ] ] } },
{ "type": "Feature", "properties": { "hex_id": 706385, "centroid_lon": -72.194233143102906, "centroid_lat": 45.317312193172583, "total_occurrences": 40.0, "days_affected": 1, "first_occurrence": "2026-01-10 10:31:44", "last_occurrence": "2026-01-10 18:17:22", "all_datetimes": "2026-01-10 10:31:44, 2026-01-10 10:32:02, 2026-01-10 10:46:49, 2026-01-10 11:01:52, 2026-01-10 11:17:04, 2026-01-10 11:31:52, 2026-01-10 11:38:28, 2026-01-10 11:46:36, 2026-01-10 12:01:39, 2026-01-10 12:16:53, 2026-01-10 12:31:48, 2026-01-10 12:32:08, 2026-01-10 12:46:59, 2026-01-10 13:01:55, 2026-01-10 13:16:53, 2026-01-10 13:31:50, 2026-01-10 13:45:18, 2026-01-10 13:46:47, 2026-01-10 14:01:49, 2026-01-10 14:17:10, 2026-01-10 14:26:43, 2026-01-10 14:31:57, 2026-01-10 14:46:44, 2026-01-10 15:02:09, 2026-01-10 15:16:35, 2026-01-10 15:31:36, 2026-01-10 15:35:25, 2026-01-10 15:46:38, 2026-01-10 16:01:42, 2026-01-10 16:16:42, 2026-01-10 16:30:18, 2026-01-10 16:31:48, 2026-01-10 16:46:49, 2026-01-10 17:01:47, 2026-01-10 17:16:52, 2026-01-10 17:32:06, 2026-01-10 17:35:18, 2026-01-10 17:46:57, 2026-01-10 18:01:40, 2026-01-10 18:17:22" }, "geometry": { "type": "Polygon", "coordinates": [ [ [ -72.194489481325007, 45.312121455497198 ], [ -72.200732652069988, 45.314873277706582 ], [ -72.200476859300508, 45.320064040606631 ], [ -72.193976735096598, 45.322502924973719 ], [ -72.187733088694856, 45.319750723956425 ], [ -72.187990042130522, 45.314560017443576 ], [ -72.194489481325007, 45.312121455497198 ] ] ] } },
{ "type": "Feature", "properties": { "hex_id": 706402, "centroid_lon": -72.181066842633541, "centroid_lat": 45.582032016588421, "total_occurrences": 2.0, "days_affected": 1, "first_occurrence": "2026-01-10 10:31:44", "last_occurrence": "2026-01-10 10:32:02", "all_datetimes": "2026-01-10 10:31:44, 2026-01-10 10:32:02" }, "geometry": { "type": "Polygon", "coordinates": [ [ [ -72.181326769750754, 45.576841579005617 ], [ -72.18759794551876, 45.579594693954434 ], [ -72.187338571352655, 45.584785157014011 ], [ -72.180806844531219, 45.587222448276734 ], [ -72.174535186809138, 45.584468951006734 ], [ -72.174795737838735, 45.57927854485942 ], [ -72.181326769750754, 45.576841579005617 ] ] ] } },
{ "type": "Feature", "properties": { "hex_id": 1187791, "centroid_lon": -66.391114545435755, "centroid_lat": 50.20579425143336, "total_occurrences": 25.0, "days_affected": 1, "first_occurrence": "2026-01-10 10:31:44", "last_occurrence": "2026-01-10 15:16:35", "all_datetimes": "2026-01-10 10:31:44, 2026-01-10 10:32:02, 2026-01-10 10:46:49, 2026-01-10 11:01:52, 2026-01-10 11:17:04, 2026-01-10 11:31:52, 2026-01-10 11:38:28, 2026-01-10 11:46:36, 2026-01-10 12:01:39, 2026-01-10 12:16:53, 2026-01-10 12:31:48, 2026-01-10 12:32:08, 2026-01-10 12:46:59, 2026-01-10 13:01:55, 2026-01-10 13:16:53, 2026-01-10 13:31:50, 2026-01-10 13:45:18, 2026-01-10 13:46:47, 2026-01-10 14:01:49, 2026-01-10 14:17:10, 2026-01-10 14:26:43, 2026-01-10 14:31:57, 2026-01-10 14:46:44, 2026-01-10 15:02:09, 2026-01-10 15:16:35" }, "geometry": { "type": "Polygon", "coordinates": [ [ [ -66.392044946468175, 50.200660277646662 ], [ -66.39850714490089, 50.203744220176624 ], [ -66.397577335501154, 50.208878278969458 ], [ -66.390183875305652, 50.210928208049538 ], [ -66.383721354388342, 50.207843775540958 ], [ -66.384652616050374, 50.202709904001772 ], [ -66.392044946468175, 50.200660277646662 ] ] ] } },
{ "type": "Feature", "properties": { "hex_id": 608692, "centroid_lon": -73.220613433272675, "centroid_lat": 45.135239570439325, "total_occurrences": 22.0, "days_affected": 1, "first_occurrence": "2026-01-10 10:46:49", "last_occurrence": "2026-01-10 15:02:09", "all_datetimes": "2026-01-10 10:46:49, 2026-01-10 11:01:52, 2026-01-10 11:17:04, 2026-01-10 11:31:52, 2026-01-10 11:38:28, 2026-01-10 11:46:36, 2026-01-10 12:01:39, 2026-01-10 12:16:53, 2026-01-10 12:31:48, 2026-01-10 12:32:08, 2026-01-10 12:46:59, 2026-01-10 13:01:55, 2026-01-10 13:16:53, 2026-01-10 13:31:50, 2026-01-10 13:45:18, 2026-01-10 13:46:47, 2026-01-10 14:01:49, 2026-01-10 14:17:10, 2026-01-10 14:26:43, 2026-01-10 14:31:57, 2026-01-10 14:46:44, 2026-01-10 15:02:09" }, "geometry": { "type": "Polygon", "coordinates": [ [ [ -73.220775010374766, 45.130044936658152 ], [ -73.227049807191534, 45.132741124587227 ], [ -73.226888784613152, 45.137935773577951 ], [ -73.220451812245969, 45.140434199021009 ], [ -73.214176504837397, 45.137737643610642 ], [ -73.214338680373217, 45.132543030302067 ], [ -73.220775010374766, 45.130044936658152 ] ] ] } },
{ "type": "Feature", "properties": { "hex_id": 700278, "centroid_lon": -72.259453878221379, "centroid_lat": 45.287714697448855, "total_occurrences": 10.0, "days_affected": 1, "first_occurrence": "2026-01-10 10:46:49", "last_occurrence": "2026-01-10 12:32:08", "all_datetimes": "2026-01-10 10:46:49, 2026-01-10 11:01:52, 2026-01-10 11:17:04, 2026-01-10 11:31:52, 2026-01-10 11:38:28, 2026-01-10 11:46:36, 2026-01-10 12:01:39, 2026-01-10 12:16:53, 2026-01-10 12:31:48, 2026-01-10 12:32:08" }, "geometry": { "type": "Polygon", "coordinates": [ [ [ -72.259704004255468, 45.282523646115081 ], [ -72.265947317900924, 45.285271909805004 ], [ -72.26569773740303, 45.29046298572235 ], [ -72.259203684114297, 45.292905742961047 ], [ -72.252959893016993, 45.290157101397384 ], [ -72.25321063263759, 45.284966080532364 ], [ -72.259704004255468, 45.282523646115081 ] ] ] } },
{ "type": "Feature", "properties": { "hex_id": 704570, "centroid_lon": -72.200658492376505, "centroid_lat": 45.574718884410018, "total_occurrences": 28.0, "days_affected": 1, "first_occurrence": "2026-01-10 10:46:49", "last_occurrence": "2026-01-10 16:16:42", "all_datetimes": "2026-01-10 10:46:49, 2026-01-10 11:01:52, 2026-01-10 11:17:04, 2026-01-10 11:31:52, 2026-01-10 11:38:28, 2026-01-10 11:46:36, 2026-01-10 12:01:39, 2026-01-10 12:16:53, 2026-01-10 12:31:48, 2026-01-10 12:32:08, 2026-01-10 12:46:59, 2026-01-10 13:01:55, 2026-01-10 13:16:53, 2026-01-10 13:31:50, 2026-01-10 13:45:18, 2026-01-10 13:46:47, 2026-01-10 14:01:49, 2026-01-10 14:17:10, 2026-01-10 14:26:43, 2026-01-10 14:31:57, 2026-01-10 14:46:44, 2026-01-10 15:02:09, 2026-01-10 15:16:35, 2026-01-10 15:31:36, 2026-01-10 15:35:25, 2026-01-10 15:46:38, 2026-01-10 16:01:42, 2026-01-10 16:16:42" }, "geometry": { "type": "Polygon", "coordinates": [ [ [ -72.20091654864585, 45.569528352938427 ], [ -72.207187936301608, 45.572280397684814 ], [ -72.206930433054495, 45.5774709544405 ], [ -72.200400365638018, 45.579909410003246 ], [ -72.194128495440992, 45.577156983197433 ], [ -72.194387175178065, 45.571966482952504 ], [ -72.20091654864585, 45.569528352938427 ] ] ] } },
{ "type": "Feature", "properties": { "hex_id": 710677, "centroid_lon": -72.135069271673913, "centroid_lat": 45.604272609940537, "total_occurrences": 2.0, "days_affected": 1, "first_occurrence": "2026-01-10 10:46:49", "last_occurrence": "2026-01-10 11:01:52", "all_datetimes": "2026-01-10 10:46:49, 2026-01-10 11:01:52" }, "geometry": { "type": "Polygon", "coordinates": [ [ [ -72.135333641480344, 45.599082399801667 ], [ -72.141604869604024, 45.601838038619981 ], [ -72.141341052728819, 45.6070282746904 ], [ -72.134804829652495, 45.609462814146426 ], [ -72.128533120824741, 45.606706792327451 ], [ -72.128798115753114, 45.601516614117372 ], [ -72.135333641480344, 45.599082399801667 ] ] ] } },
{ "type": "Feature", "properties": { "hex_id": 1188401, "centroid_lon": -66.38558360846244, "centroid_lat": 50.197576015274734, "total_occurrences": 22.0, "days_affected": 1, "first_occurrence": "2026-01-10 10:46:49", "last_occurrence": "2026-01-10 15:02:09", "all_datetimes": "2026-01-10 10:46:49, 2026-01-10 11:01:52, 2026-01-10 11:17:04, 2026-01-10 11:31:52, 2026-01-10 11:38:28, 2026-01-10 11:46:36, 2026-01-10 12:01:39, 2026-01-10 12:16:53, 2026-01-10 12:31:48, 2026-01-10 12:32:08, 2026-01-10 12:46:59, 2026-01-10 13:01:55, 2026-01-10 13:16:53, 2026-01-10 13:31:50, 2026-01-10 13:45:18, 2026-01-10 13:46:47, 2026-01-10 14:01:49, 2026-01-10 14:17:10, 2026-01-10 14:26:43, 2026-01-10 14:31:57, 2026-01-10 14:46:44, 2026-01-10 15:02:09" }, "geometry": { "type": "Polygon", "coordinates": [ [ [ -66.386514331725337, 50.192442109364656 ], [ -66.392975078503596, 50.195526286694282 ], [ -66.392044946468175, 50.200660277646662 ], [ -66.384652616050374, 50.202709904001772 ], [ -66.378191547244199, 50.199625236797374 ], [ -66.379123130782986, 50.194491433183437 ], [ -66.386514331725337, 50.192442109364656 ] ] ] } },
{ "type": "Feature", "properties": { "hex_id": 568440, "centroid_lon": -73.624714065507646, "centroid_lat": 45.780036518274123, "total_occurrences": 11.0, "days_affected": 1, "first_occurrence": "2026-01-10 11:01:52", "last_occurrence": "2026-01-10 13:01:55", "all_datetimes": "2026-01-10 11:01:52, 2026-01-10 11:17:04, 2026-01-10 11:31:52, 2026-01-10 11:38:28, 2026-01-10 11:46:36, 2026-01-10 12:01:39, 2026-01-10 12:16:53, 2026-01-10 12:31:48, 2026-01-10 12:32:08, 2026-01-10 12:46:59, 2026-01-10 13:01:55" }, "geometry": { "type": "Polygon", "coordinates": [ [ [ -73.624841794648631, 45.77484146284052 ], [ -73.631207606987743, 45.777516212557039 ], [ -73.631080457155775, 45.782711279395436 ], [ -73.62458630136743, 45.785231568685546 ], [ -73.618219944724444, 45.782556447041159 ], [ -73.618348288161854, 45.777361408099658 ], [ -73.624841794648631, 45.77484146284052 ] ] ] } },
{ "type": "Feature", "properties": { "hex_id": 708827, "centroid_lon": -72.168747182522722, "centroid_lat": 45.316682776179, "total_occurrences": 7.0, "days_affected": 1, "first_occurrence": "2026-01-10 11:01:52", "last_occurrence": "2026-01-10 12:16:53", "all_datetimes": "2026-01-10 11:01:52, 2026-01-10 11:17:04, 2026-01-10 11:31:52, 2026-01-10 11:38:28, 2026-01-10 11:46:36, 2026-01-10 12:01:39, 2026-01-10 12:16:53" }, "geometry": { "type": "Polygon", "coordinates": [ [ [ -72.169005841622365, 45.311492151777685 ], [ -72.175247641981102, 45.314245337258853 ], [ -72.174989527949194, 45.319435987129523 ], [ -72.168488453009104, 45.321873394685568 ], [ -72.162246178008331, 45.319119830187844 ], [ -72.162505452566208, 45.313929237214268 ], [ -72.169005841622365, 45.311492151777685 ] ] ] } },
{ "type": "Feature", "properties": { "hex_id": 544013, "centroid_lon": -73.884107034790844, "centroid_lat": 45.673735630161083, "total_occurrences": 15.0, "days_affected": 1, "first_occurrence": "2026-01-10 11:17:04", "last_occurrence": "2026-01-10 14:01:49", "all_datetimes": "2026-01-10 11:17:04, 2026-01-10 11:31:52, 2026-01-10 11:38:28, 2026-01-10 11:46:36, 2026-01-10 12:01:39, 2026-01-10 12:16:53, 2026-01-10 12:31:48, 2026-01-10 12:32:08, 2026-01-10 12:46:59, 2026-01-10 13:01:55, 2026-01-10 13:16:53, 2026-01-10 13:31:50, 2026-01-10 13:45:18, 2026-01-10 13:46:47, 2026-01-10 14:01:49" }, "geometry": { "type": "Polygon", "coordinates": [ [ [ -73.884210292972853, 45.668539965465072 ], [ -73.89057678724869, 45.671200311285112 ], [ -73.890474108643957, 45.676395984782573 ], [ -73.884003748349045, 45.678931289928926 ], [ -73.877636702760498, 45.676270575987303 ], [ -73.877740568770065, 45.671074925085861 ], [ -73.884210292972853, 45.668539965465072 ] ] ] } },
{ "type": "Feature", "properties": { "hex_id": 601995, "centroid_lon": -73.281847597243598, "centroid_lat": 45.424612547296647, "total_occurrences": 17.0, "days_affected": 1, "first_occurrence": "2026-01-10 11:17:04", "last_occurrence": "2026-01-10 14:26:43", "all_datetimes": "2026-01-10 11:17:04, 2026-01-10 11:31:52, 2026-01-10 11:38:28, 2026-01-10 11:46:36, 2026-01-10 12:01:39, 2026-01-10 12:16:53, 2026-01-10 12:31:48, 2026-01-10 12:32:08, 2026-01-10 12:46:59, 2026-01-10 13:01:55, 2026-01-10 13:16:53, 2026-01-10 13:31:50, 2026-01-10 13:45:18, 2026-01-10 13:46:47, 2026-01-10 14:01:49, 2026-01-10 14:17:10, 2026-01-10 14:26:43" }, "geometry": { "type": "Polygon", "coordinates": [ [ [ -73.282005196933838, 45.419418007991752 ], [ -73.288314576532215, 45.422111214036114 ], [ -73.288157540719311, 45.42730576803681 ], [ -73.281689954562168, 45.429807081428969 ], [ -73.275380054084849, 45.427113504808439 ], [ -73.275538260629219, 45.421918985436136 ], [ -73.282005196933838, 45.419418007991752 ] ] ] } },
{ "type": "Feature", "properties": { "hex_id": 612961, "centroid_lon": -73.178355250164813, "centroid_lat": 45.064411226807863, "total_occurrences": 28.0, "days_affected": 1, "first_occurrence": "2026-01-10 11:17:04", "last_occurrence": "2026-01-10 16:31:48", "all_datetimes": "2026-01-10 11:17:04, 2026-01-10 11:31:52, 2026-01-10 11:38:28, 2026-01-10 11:46:36, 2026-01-10 12:01:39, 2026-01-10 12:16:53, 2026-01-10 12:31:48, 2026-01-10 12:32:08, 2026-01-10 12:46:59, 2026-01-10 13:01:55, 2026-01-10 13:16:53, 2026-01-10 13:31:50, 2026-01-10 13:45:18, 2026-01-10 13:46:47, 2026-01-10 14:01:49, 2026-01-10 14:17:10, 2026-01-10 14:26:43, 2026-01-10 14:31:57, 2026-01-10 14:46:44, 2026-01-10 15:02:09, 2026-01-10 15:16:35, 2026-01-10 15:31:36, 2026-01-10 15:35:25, 2026-01-10 15:46:38, 2026-01-10 16:01:42, 2026-01-10 16:16:42, 2026-01-10 16:30:18, 2026-01-10 16:31:48" }, "geometry": { "type": "Polygon", "coordinates": [ [ [ -73.178520255491321, 45.059216648976737 ], [ -73.184785339075674, 45.061915037271497 ], [ -73.184620885640982, 45.067109630702916 ], [ -73.178190200019614, 45.06960579941893 ], [ -73.171924609369555, 45.06690704414936 ], [ -73.172090211391733, 45.061712487202001 ], [ -73.178520255491321, 45.059216648976737 ] ] ] } },
{ "type": "Feature", "properties": { "hex_id": 615406, "centroid_lon": -73.151456350777579, "centroid_lat": 45.110753572795474, "total_occurrences": 49.0, "days_affected": 1, "first_occurrence": "2026-01-10 11:17:04", "last_occurrence": "2026-01-10 21:16:56", "all_datetimes": "2026-01-10 11:17:04, 2026-01-10 11:31:52, 2026-01-10 11:38:28, 2026-01-10 11:46:36, 2026-01-10 12:01:39, 2026-01-10 12:16:53, 2026-01-10 12:31:48, 2026-01-10 12:32:08, 2026-01-10 12:46:59, 2026-01-10 13:01:55, 2026-01-10 13:16:53, 2026-01-10 13:31:50, 2026-01-10 13:45:18, 2026-01-10 13:46:47, 2026-01-10 14:01:49, 2026-01-10 14:17:10, 2026-01-10 14:26:43, 2026-01-10 14:31:57, 2026-01-10 14:46:44, 2026-01-10 15:02:09, 2026-01-10 15:16:35, 2026-01-10 15:31:36, 2026-01-10 15:35:25, 2026-01-10 15:46:38, 2026-01-10 16:01:42, 2026-01-10 16:16:42, 2026-01-10 16:30:18, 2026-01-10 16:31:48, 2026-01-10 16:46:49, 2026-01-10 17:01:47, 2026-01-10 17:16:52, 2026-01-10 17:32:06, 2026-01-10 17:35:18, 2026-01-10 17:46:57, 2026-01-10 18:01:40, 2026-01-10 18:17:22, 2026-01-10 18:31:07, 2026-01-10 18:31:38, 2026-01-10 18:46:46, 2026-01-10 19:02:37, 2026-01-10 19:17:03, 2026-01-10 19:31:52, 2026-01-10 19:47:00, 2026-01-10 20:02:11, 2026-01-10 20:17:06, 2026-01-10 20:31:43, 2026-01-10 20:47:07, 2026-01-10 21:01:33, 2026-01-10 21:16:56" }, "geometry": { "type": "Polygon", "coordinates": [ [ [ -73.151624062396351, 45.105559115538746 ], [ -73.157892831697254, 45.108259020278958 ], [ -73.157725672949837, 45.113453493412301 ], [ -73.151288593581256, 45.115948024817449 ], [ -73.145019316994137, 45.113247752278255 ], [ -73.145187627046695, 45.108053316196397 ], [ -73.151624062396351, 45.105559115538746 ] ] ] } },
{ "type": "Feature", "properties": { "hex_id": 1193755, "centroid_lon": -66.695493175837512, "centroid_lat": 48.027836822552828, "total_occurrences": 14.0, "days_affected": 1, "first_occurrence": "2026-01-10 11:17:04", "last_occurrence": "2026-01-10 13:46:47", "all_datetimes": "2026-01-10 11:17:04, 2026-01-10 11:31:52, 2026-01-10 11:38:28, 2026-01-10 11:46:36, 2026-01-10 12:01:39, 2026-01-10 12:16:53, 2026-01-10 12:31:48, 2026-01-10 12:32:08, 2026-01-10 12:46:59, 2026-01-10 13:01:55, 2026-01-10 13:16:53, 2026-01-10 13:31:50, 2026-01-10 13:45:18, 2026-01-10 13:46:47" }, "geometry": { "type": "Polygon", "coordinates": [ [ [ -66.69632463103946, 48.022696851857582 ], [ -66.702544707372141, 48.025749680098571 ], [ -66.701713781754734, 48.030889729592893 ], [ -66.694661488165153, 48.032976777752332 ], [ -66.688441114759399, 48.029923494854522 ], [ -66.689273331934189, 48.024783618519542 ], [ -66.69632463103946, 48.022696851857582 ] ] ] } },
{ "type": "Feature", "properties": { "hex_id": 786557, "centroid_lon": -71.147398041388172, "centroid_lat": 48.350009979160454, "total_occurrences": 16.0, "days_affected": 1, "first_occurrence": "2026-01-10 11:46:36", "last_occurrence": "2026-01-10 14:46:44", "all_datetimes": "2026-01-10 11:46:36, 2026-01-10 12:01:39, 2026-01-10 12:16:53, 2026-01-10 12:31:48, 2026-01-10 12:32:08, 2026-01-10 12:46:59, 2026-01-10 13:01:55, 2026-01-10 13:16:53, 2026-01-10 13:31:50, 2026-01-10 13:45:18, 2026-01-10 13:46:47, 2026-01-10 14:01:49, 2026-01-10 14:17:10, 2026-01-10 14:26:43, 2026-01-10 14:31:57, 2026-01-10 14:46:44" }, "geometry": { "type": "Polygon", "coordinates": [ [ [ -71.147789219154589, 48.344827518234709 ], [ -71.154326667267526, 48.347644373776482 ], [ -71.153936113758832, 48.352826871994132 ], [ -71.147006752808608, 48.355192433013812 ], [ -71.140468791271118, 48.352375148578091 ], [ -71.140860704068388, 48.347192732087223 ], [ -71.147789219154589, 48.344827518234709 ] ] ] } },
{ "type": "Feature", "properties": { "hex_id": 529996, "centroid_lon": -74.025082210927863, "centroid_lat": 46.056968155890672, "total_occurrences": 7.0, "days_affected": 1, "first_occurrence": "2026-01-10 12:01:39", "last_occurrence": "2026-01-10 13:16:53", "all_datetimes": "2026-01-10 12:01:39, 2026-01-10 12:16:53, 2026-01-10 12:31:48, 2026-01-10 12:32:08, 2026-01-10 12:46:59, 2026-01-10 13:01:55, 2026-01-10 13:16:53" }, "geometry": { "type": "Polygon", "coordinates": [ [ [ -74.025173638830154, 46.051772607541018 ], [ -74.031590586696211, 46.054425326196501 ], [ -74.031499752172593, 46.059620882009007 ], [ -74.024990757882932, 46.062163699355331 ], [ -74.018573241785134, 46.059510609031626 ], [ -74.018665288200168, 46.054315073095658 ], [ -74.025173638830154, 46.051772607541018 ] ] ] } },
{ "type": "Feature", "properties": { "hex_id": 540946, "centroid_lon": -73.920536696187497, "centroid_lat": 45.448026235790635, "total_occurrences": 1.0, "days_affected": 1, "first_occurrence": "2026-01-10 12:01:39", "last_occurrence": "2026-01-10 12:01:39", "all_datetimes": "2026-01-10 12:01:39" }, "geometry": { "type": "Polygon", "coordinates": [ [ [ -73.920635801086021, 45.442830301528474 ], [ -73.926978804652762, 45.44548850565527 ], [ -73.926880272958797, 45.450684448313481 ], [ -73.92043756423945, 45.453222165136566 ], [ -73.914094014522178, 45.45056359608936 ], [ -73.914193719665718, 45.445367675203897 ], [ -73.920635801086021, 45.442830301528474 ] ] ] } },
{ "type": "Feature", "properties": { "hex_id": 1191320, "centroid_lon": -66.704578635464614, "centroid_lat": 48.137709156391239, "total_occurrences": 1.0, "days_affected": 1, "first_occurrence": "2026-01-10 12:01:39", "last_occurrence": "2026-01-10 12:01:39", "all_datetimes": "2026-01-10 12:01:39" }, "geometry": { "type": "Polygon", "coordinates": [ [ [ -66.705412391840767, 48.132569164772228 ], [ -66.711645617704008, 48.135622300008087 ], [ -66.710812394333729, 48.140762370507879 ], [ -66.703744645589666, 48.142849132498135 ], [ -66.697511120260714, 48.139795541028704 ], [ -66.698345643058801, 48.134655643868292 ], [ -66.705412391840767, 48.132569164772228 ] ] ] } },
{ "type": "Feature", "properties": { "hex_id": 377374, "centroid_lon": -75.641625902908757, "centroid_lat": 46.10609180394772, "total_occurrences": 18.0, "days_affected": 1, "first_occurrence": "2026-01-10 12:16:53", "last_occurrence": "2026-01-10 15:35:25", "all_datetimes": "2026-01-10 12:16:53, 2026-01-10 12:31:48, 2026-01-10 12:32:08, 2026-01-10 12:46:59, 2026-01-10 13:01:55, 2026-01-10 13:16:53, 2026-01-10 13:31:50, 2026-01-10 13:45:18, 2026-01-10 13:46:47, 2026-01-10 14:01:49, 2026-01-10 14:17:10, 2026-01-10 14:26:43, 2026-01-10 14:31:57, 2026-01-10 14:46:44, 2026-01-10 15:02:09, 2026-01-10 15:16:35, 2026-01-10 15:31:36, 2026-01-10 15:35:25" }, "geometry": { "type": "Polygon", "coordinates": [ [ [ -75.641565626355089, 46.100895873428314 ], [ -75.64806467474466, 46.103457344991263 ], [ -75.64812556731242, 46.108653266527696 ], [ -75.641686196050131, 46.11128772966147 ], [ -75.635186515055949, 46.108725902144101 ], [ -75.635126837934308, 46.103529967513381 ], [ -75.641565626355089, 46.100895873428314 ] ] ] } },
{ "type": "Feature", "properties": { "hex_id": 542168, "centroid_lon": -73.907450066432418, "centroid_lat": 45.463492386580157, "total_occurrences": 44.0, "days_affected": 1, "first_occurrence": "2026-01-10 12:16:53", "last_occurrence": "2026-01-10 21:16:56", "all_datetimes": "2026-01-10 12:16:53, 2026-01-10 12:31:48, 2026-01-10 12:32:08, 2026-01-10 12:46:59, 2026-01-10 13:01:55, 2026-01-10 13:16:53, 2026-01-10 13:31:50, 2026-01-10 13:45:18, 2026-01-10 13:46:47, 2026-01-10 14:01:49, 2026-01-10 14:17:10, 2026-01-10 14:26:43, 2026-01-10 14:31:57, 2026-01-10 14:46:44, 2026-01-10 15:02:09, 2026-01-10 15:16:35, 2026-01-10 15:31:36, 2026-01-10 15:35:25, 2026-01-10 15:46:38, 2026-01-10 16:01:42, 2026-01-10 16:16:42, 2026-01-10 16:30:18, 2026-01-10 16:31:48, 2026-01-10 16:46:49, 2026-01-10 17:01:47, 2026-01-10 17:16:52, 2026-01-10 17:32:06, 2026-01-10 17:35:18, 2026-01-10 17:46:57, 2026-01-10 18:01:40, 2026-01-10 18:17:22, 2026-01-10 18:31:07, 2026-01-10 18:31:38, 2026-01-10 18:46:46, 2026-01-10 19:02:37, 2026-01-10 19:17:03, 2026-01-10 19:31:52, 2026-01-10 19:47:00, 2026-01-10 20:02:11, 2026-01-10 20:17:06, 2026-01-10 20:31:43, 2026-01-10 20:47:07, 2026-01-10 21:01:33, 2026-01-10 21:16:56" }, "geometry": { "type": "Polygon", "coordinates": [ [ [ -73.907550426743143, 45.458296488978377 ], [ -73.913894522583675, 45.46095542310556 ], [ -73.913794735770438, 45.466151329236197 ], [ -73.907349678724572, 45.468688279261613 ], [ -73.901005036788249, 45.466028979894922 ], [ -73.901105997984416, 45.46083309580677 ], [ -73.907550426743143, 45.458296488978377 ] ] ] } },
{ "type": "Feature", "properties": { "hex_id": 634364, "centroid_lon": -72.936198045254613, "centroid_lat": 45.613770112701758, "total_occurrences": 24.0, "days_affected": 1, "first_occurrence": "2026-01-10 12:16:53", "last_occurrence": "2026-01-10 16:46:49", "all_datetimes": "2026-01-10 12:16:53, 2026-01-10 12:31:48, 2026-01-10 12:32:08, 2026-01-10 12:46:59, 2026-01-10 13:01:55, 2026-01-10 13:16:53, 2026-01-10 13:31:50, 2026-01-10 13:45:18, 2026-01-10 13:46:47, 2026-01-10 14:01:49, 2026-01-10 14:17:10, 2026-01-10 14:26:43, 2026-01-10 14:31:57, 2026-01-10 14:46:44, 2026-01-10 15:02:09, 2026-01-10 15:16:35, 2026-01-10 15:31:36, 2026-01-10 15:35:25, 2026-01-10 15:46:38, 2026-01-10 16:01:42, 2026-01-10 16:16:42, 2026-01-10 16:30:18, 2026-01-10 16:31:48, 2026-01-10 16:46:49" }, "geometry": { "type": "Polygon", "coordinates": [ [ [ -72.936388589625423, 45.608576782170474 ], [ -72.942701662010577, 45.611289082000361 ], [ -72.942511682349405, 45.616482430678182 ], [ -72.936007448797497, 45.618963437869631 ], [ -72.929693863797766, 45.616250761921457 ], [ -72.929885024947012, 45.611057454964701 ], [ -72.936388589625423, 45.608576782170474 ] ] ] } },
{ "type": "Feature", "properties": { "hex_id": 840286, "centroid_lon": -70.548425642522218, "centroid_lat": 48.406292308938419, "total_occurrences": 3.0, "days_affected": 1, "first_occurrence": "2026-01-10 12:16:53", "last_occurrence": "2026-01-10 12:32:08", "all_datetimes": "2026-01-10 12:16:53, 2026-01-10 12:31:48, 2026-01-10 12:32:08" }, "geometry": { "type": "Polygon", "coordinates": [ [ [ -70.548878417204335, 48.4011138351581 ], [ -70.555387381350599, 48.403963965705003 ], [ -70.554935222216272, 48.409142482737167 ], [ -70.547972739566049, 48.411470774852432 ], [ -70.541463288169211, 48.4086202097346 ], [ -70.541916806626858, 48.403441787142782 ], [ -70.548878417204335, 48.4011138351581 ] ] ] } },
{ "type": "Feature", "properties": { "hex_id": 871310, "centroid_lon": -70.360669183698008, "centroid_lat": 46.660642190674011, "total_occurrences": 6.0, "days_affected": 1, "first_occurrence": "2026-01-10 12:16:53", "last_occurrence": "2026-01-10 13:16:53", "all_datetimes": "2026-01-10 12:16:53, 2026-01-10 12:31:48, 2026-01-10 12:32:08, 2026-01-10 12:46:59, 2026-01-10 13:01:55, 2026-01-10 13:16:53" }, "geometry": { "type": "Polygon", "coordinates": [ [ [ -70.361113058825737, 46.655463487234535 ], [ -70.367404898076444, 46.65831733096384 ], [ -70.366961579517692, 46.663496077999824 ], [ -70.360225185932251, 46.665820886153213 ], [ -70.353932912771725, 46.662966631073807 ], [ -70.354377467064211, 46.657787979256852 ], [ -70.361113058825737, 46.655463487234535 ] ] ] } },
{ "type": "Feature", "properties": { "hex_id": 1191319, "centroid_lon": -66.707079204427558, "centroid_lat": 48.122289135013915, "total_occurrences": 7.0, "days_affected": 1, "first_occurrence": "2026-01-10 12:16:53", "last_occurrence": "2026-01-10 13:31:50", "all_datetimes": "2026-01-10 12:16:53, 2026-01-10 12:31:48, 2026-01-10 12:32:08, 2026-01-10 12:46:59, 2026-01-10 13:01:55, 2026-01-10 13:16:53, 2026-01-10 13:31:50" }, "geometry": { "type": "Polygon", "coordinates": [ [ [ -66.707912260803454, 48.117149096882628 ], [ -66.714143888458494, 48.120201995566134 ], [ -66.71331136468379, 48.125342112533218 ], [ -66.706245914800874, 48.127429157645118 ], [ -66.700013987836726, 48.124375802970121 ], [ -66.700847809982008, 48.119235859240405 ], [ -66.707912260803454, 48.117149096882628 ] ] ] } },
{ "type": "Feature", "properties": { "hex_id": 825450, "centroid_lon": -70.933392854800118, "centroid_lat": 45.552179016134339, "total_occurrences": 14.0, "days_affected": 1, "first_occurrence": "2026-01-10 12:31:48", "last_occurrence": "2026-01-10 15:02:09", "all_datetimes": "2026-01-10 12:31:48, 2026-01-10 12:32:08, 2026-01-10 12:46:59, 2026-01-10 13:01:55, 2026-01-10 13:16:53, 2026-01-10 13:31:50, 2026-01-10 13:45:18, 2026-01-10 13:46:47, 2026-01-10 14:01:49, 2026-01-10 14:17:10, 2026-01-10 14:26:43, 2026-01-10 14:31:57, 2026-01-10 14:46:44, 2026-01-10 15:02:09" }, "geometry": { "type": "Polygon", "coordinates": [ [ [ -70.933767274506565, 45.546995357284352 ], [ -70.939969441468889, 45.549814834331933 ], [ -70.939595555165013, 45.554998530543507 ], [ -70.933018333012072, 45.557362667855109 ], [ -70.926815734745887, 45.554542798674483 ], [ -70.92719078990234, 45.549359184378858 ], [ -70.933767274506565, 45.546995357284352 ] ] ] } },
{ "type": "Feature", "properties": { "hex_id": 551345, "centroid_lon": -73.805095687337172, "centroid_lat": 45.76647588174135, "total_occurrences": 41.0, "days_affected": 1, "first_occurrence": "2026-01-10 12:46:59", "last_occurrence": "2026-01-10 21:16:56", "all_datetimes": "2026-01-10 12:46:59, 2026-01-10 13:01:55, 2026-01-10 13:16:53, 2026-01-10 13:31:50, 2026-01-10 13:45:18, 2026-01-10 13:46:47, 2026-01-10 14:01:49, 2026-01-10 14:17:10, 2026-01-10 14:26:43, 2026-01-10 14:31:57, 2026-01-10 14:46:44, 2026-01-10 15:02:09, 2026-01-10 15:16:35, 2026-01-10 15:31:36, 2026-01-10 15:35:25, 2026-01-10 15:46:38, 2026-01-10 16:01:42, 2026-01-10 16:16:42, 2026-01-10 16:30:18, 2026-01-10 16:31:48, 2026-01-10 16:46:49, 2026-01-10 17:01:47, 2026-01-10 17:16:52, 2026-01-10 17:32:06, 2026-01-10 17:35:18, 2026-01-10 17:46:57, 2026-01-10 18:01:40, 2026-01-10 18:17:22, 2026-01-10 18:31:07, 2026-01-10 18:31:38, 2026-01-10 18:46:46, 2026-01-10 19:02:37, 2026-01-10 19:17:03, 2026-01-10 19:31:52, 2026-01-10 19:47:00, 2026-01-10 20:02:11, 2026-01-10 20:17:06, 2026-01-10 20:31:43, 2026-01-10 20:47:07, 2026-01-10 21:01:33, 2026-01-10 21:16:56" }, "geometry": { "type": "Polygon", "coordinates": [ [ [ -73.805206613756042, 45.761280446461519 ], [ -73.811579721851558, 45.763945220357286 ], [ -73.811469376786434, 45.769140665244379 ], [ -73.804984730526144, 45.771671312066402 ], [ -73.798611071474213, 45.769006168117897 ], [ -73.798722609628697, 45.763810747465257 ], [ -73.805206613756042, 45.761280446461519 ] ] ] } },
{ "type": "Feature", "properties": { "hex_id": 699666, "centroid_lon": -72.266944961073989, "centroid_lat": 45.264507547975086, "total_occurrences": 1.0, "days_affected": 1, "first_occurrence": "2026-01-10 12:46:59", "last_occurrence": "2026-01-10 12:46:59", "all_datetimes": "2026-01-10 12:46:59" }, "geometry": { "type": "Polygon", "coordinates": [ [ [ -72.267194202275633, 45.259316442979348 ], [ -72.273435403037311, 45.262064255433565 ], [ -72.273186706811245, 45.267255384930195 ], [ -72.266695652058289, 45.269698647155906 ], [ -72.260453974146387, 45.266950457188024 ], [ -72.260703828115098, 45.26175938257169 ], [ -72.267194202275633, 45.259316442979348 ] ] ] } },
{ "type": "Feature", "properties": { "hex_id": 702109, "centroid_lon": -72.240725982172663, "centroid_lat": 45.27946786116793, "total_occurrences": 1.0, "days_affected": 1, "first_occurrence": "2026-01-10 12:46:59", "last_occurrence": "2026-01-10 12:46:59", "all_datetimes": "2026-01-10 12:46:59" }, "geometry": { "type": "Polygon", "coordinates": [ [ [ -72.240977743804152, 45.274276883937688 ], [ -72.247219217229798, 45.277026133082067 ], [ -72.246968000628925, 45.282217135072273 ], [ -72.240474152030799, 45.284658832562194 ], [ -72.234232202096337, 45.281909205489455 ], [ -72.234484577246022, 45.276718258918734 ], [ -72.240977743804152, 45.274276883937688 ] ] ] } },
{ "type": "Feature", "properties": { "hex_id": 703941, "centroid_lon": -72.221243006977502, "centroid_lat": 45.286790742472419, "total_occurrences": 1.0, "days_affected": 1, "first_occurrence": "2026-01-10 12:46:59", "last_occurrence": "2026-01-10 12:46:59", "all_datetimes": "2026-01-10 12:46:59" }, "geometry": { "type": "Polygon", "coordinates": [ [ [ -72.221496609600592, 45.281599857427111 ], [ -72.227737877023642, 45.284350165954848 ], [ -72.227484819362559, 45.289541075950865 ], [ -72.220989335338217, 45.291981621666075 ], [ -72.214747591980867, 45.289230934950368 ], [ -72.215001808559137, 45.284040080771 ], [ -72.221496609600592, 45.281599857427111 ] ] ] } },
{ "type": "Feature", "properties": { "hex_id": 764598, "centroid_lon": -71.36877579375215, "centroid_lat": 48.653355552654105, "total_occurrences": 9.0, "days_affected": 1, "first_occurrence": "2026-01-10 12:46:59", "last_occurrence": "2026-01-10 14:26:43", "all_datetimes": "2026-01-10 12:46:59, 2026-01-10 13:01:55, 2026-01-10 13:16:53, 2026-01-10 13:31:50, 2026-01-10 13:45:18, 2026-01-10 13:46:47, 2026-01-10 14:01:49, 2026-01-10 14:17:10, 2026-01-10 14:26:43" }, "geometry": { "type": "Polygon", "coordinates": [ [ [ -71.369148472575588, 48.648172054602277 ], [ -71.375737173735018, 48.650977456157058 ], [ -71.375365133620861, 48.656160989516387 ], [ -71.368403008839422, 48.658539043880332 ], [ -71.361813775079298, 48.655733210865471 ], [ -71.362187198662667, 48.650549755018353 ], [ -71.369148472575588, 48.648172054602277 ] ] ] } },
{ "type": "Feature", "properties": { "hex_id": 1055813, "centroid_lon": -68.134964040988294, "centroid_lat": 48.606893333068427, "total_occurrences": 13.0, "days_affected": 1, "first_occurrence": "2026-01-10 12:46:59", "last_occurrence": "2026-01-10 15:16:35", "all_datetimes": "2026-01-10 12:46:59, 2026-01-10 13:01:55, 2026-01-10 13:16:53, 2026-01-10 13:31:50, 2026-01-10 13:45:18, 2026-01-10 13:46:47, 2026-01-10 14:01:49, 2026-01-10 14:17:10, 2026-01-10 14:26:43, 2026-01-10 14:31:57, 2026-01-10 14:46:44, 2026-01-10 15:02:09, 2026-01-10 15:16:35" }, "geometry": { "type": "Polygon", "coordinates": [ [ [ -68.135666255832632, 48.601736635422291 ], [ -68.142048969139836, 48.604718108313321 ], [ -68.141347330648699, 48.609874872504612 ], [ -68.13426162742428, 48.612050018473383 ], [ -68.127878536519361, 48.609068090766293 ], [ -68.128581526364897, 48.603911471975152 ], [ -68.135666255832632, 48.601736635422291 ] ] ] } },
{ "type": "Feature", "properties": { "hex_id": 702108, "centroid_lon": -72.241481061627198, "centroid_lat": 45.263894911970773, "total_occurrences": 1.0, "days_affected": 1, "first_occurrence": "2026-01-10 13:01:55", "last_occurrence": "2026-01-10 13:01:55", "all_datetimes": "2026-01-10 13:01:55" }, "geometry": { "type": "Polygon", "coordinates": [ [ [ -72.241732617864344, 45.258703917234861 ], [ -72.24797245707208, 45.261453092128207 ], [ -72.247721445428624, 45.266644111609651 ], [ -72.241229436948061, 45.269085900871843 ], [ -72.234989121600009, 45.266336348255244 ], [ -72.235241290850013, 45.261145384163271 ], [ -72.241732617864344, 45.258703917234861 ] ] ] } },
{ "type": "Feature", "properties": { "hex_id": 765209, "centroid_lon": -71.361440245191545, "centroid_lat": 48.66091665987873, "total_occurrences": 8.0, "days_affected": 1, "first_occurrence": "2026-01-10 13:01:55", "last_occurrence": "2026-01-10 14:26:43", "all_datetimes": "2026-01-10 13:01:55, 2026-01-10 13:16:53, 2026-01-10 13:31:50, 2026-01-10 13:45:18, 2026-01-10 13:46:47, 2026-01-10 14:01:49, 2026-01-10 14:17:10, 2026-01-10 14:26:43" }, "geometry": { "type": "Polygon", "coordinates": [ [ [ -71.361813775079298, 48.655733210865471 ], [ -71.368403008839422, 48.658539043880332 ], [ -71.368030117798781, 48.663722528280225 ], [ -71.361066608960726, 48.666100102057413 ], [ -71.354476842715925, 48.663293837409483 ], [ -71.354851117755132, 48.658110430689028 ], [ -71.361813775079298, 48.655733210865471 ] ] ] } },
{ "type": "Feature", "properties": { "hex_id": 1344631, "centroid_lon": -64.808578753160575, "centroid_lat": 49.162724293278437, "total_occurrences": 12.0, "days_affected": 1, "first_occurrence": "2026-01-10 13:01:55", "last_occurrence": "2026-01-10 15:16:35", "all_datetimes": "2026-01-10 13:01:55, 2026-01-10 13:16:53, 2026-01-10 13:31:50, 2026-01-10 13:45:18, 2026-01-10 13:46:47, 2026-01-10 14:01:49, 2026-01-10 14:17:10, 2026-01-10 14:26:43, 2026-01-10 14:31:57, 2026-01-10 14:46:44, 2026-01-10 15:02:09, 2026-01-10 15:16:35" }, "geometry": { "type": "Polygon", "coordinates": [ [ [ -64.809638748524321, 49.157612850036898 ], [ -64.81585856132763, 49.160770421837682 ], [ -64.81479908831929, 49.165881962138918 ], [ -64.807518457832728, 49.167835714990112 ], [ -64.801298422692298, 49.16467766230214 ], [ -64.802359240267194, 49.159566337715667 ], [ -64.809638748524321, 49.157612850036898 ] ] ] } },
{ "type": "Feature", "properties": { "hex_id": 515973, "centroid_lon": -74.169400449064767, "centroid_lat": 46.346496583214872, "total_occurrences": 25.0, "days_affected": 1, "first_occurrence": "2026-01-10 13:16:53", "last_occurrence": "2026-01-10 18:01:40", "all_datetimes": "2026-01-10 13:16:53, 2026-01-10 13:31:50, 2026-01-10 13:45:18, 2026-01-10 13:46:47, 2026-01-10 14:01:49, 2026-01-10 14:17:10, 2026-01-10 14:26:43, 2026-01-10 14:31:57, 2026-01-10 14:46:44, 2026-01-10 15:02:09, 2026-01-10 15:16:35, 2026-01-10 15:31:36, 2026-01-10 15:35:25, 2026-01-10 15:46:38, 2026-01-10 16:01:42, 2026-01-10 16:16:42, 2026-01-10 16:30:18, 2026-01-10 16:31:48, 2026-01-10 16:46:49, 2026-01-10 17:01:47, 2026-01-10 17:16:52, 2026-01-10 17:32:06, 2026-01-10 17:35:18, 2026-01-10 17:46:57, 2026-01-10 18:01:40" }, "geometry": { "type": "Polygon", "coordinates": [ [ [ -74.169479134370903, 46.341301092654874 ], [ -74.175936743544625, 46.343945846444718 ], [ -74.175858662799655, 46.34914134306019 ], [ -74.16932174203906, 46.35169206892941 ], [ -74.162863550027438, 46.349046941135001 ], [ -74.162942861606865, 46.343851461542464 ], [ -74.169479134370903, 46.341301092654874 ] ] ] } },
{ "type": "Feature", "properties": { "hex_id": 677081, "centroid_lon": -72.500127825219636, "centroid_lat": 45.32442199499674, "total_occurrences": 34.0, "days_affected": 1, "first_occurrence": "2026-01-10 13:16:53", "last_occurrence": "2026-01-10 20:02:11", "all_datetimes": "2026-01-10 13:16:53, 2026-01-10 13:31:50, 2026-01-10 13:45:18, 2026-01-10 13:46:47, 2026-01-10 14:01:49, 2026-01-10 14:17:10, 2026-01-10 14:26:43, 2026-01-10 14:31:57, 2026-01-10 14:46:44, 2026-01-10 15:02:09, 2026-01-10 15:16:35, 2026-01-10 15:31:36, 2026-01-10 15:35:25, 2026-01-10 15:46:38, 2026-01-10 16:01:42, 2026-01-10 16:16:42, 2026-01-10 16:30:18, 2026-01-10 16:31:48, 2026-01-10 16:46:49, 2026-01-10 17:01:47, 2026-01-10 17:16:52, 2026-01-10 17:32:06, 2026-01-10 17:35:18, 2026-01-10 17:46:57, 2026-01-10 18:01:40, 2026-01-10 18:17:22, 2026-01-10 18:31:07, 2026-01-10 18:31:38, 2026-01-10 18:46:46, 2026-01-10 19:02:37, 2026-01-10 19:17:03, 2026-01-10 19:31:52, 2026-01-10 19:47:00, 2026-01-10 20:02:11" }, "geometry": { "type": "Polygon", "coordinates": [ [ [ -72.500356291857258, 45.319229977620417 ], [ -72.506615770295724, 45.321965391495318 ], [ -72.506387853685325, 45.327157431149644 ], [ -72.499899296364759, 45.329614006730424 ], [ -72.493639330126712, 45.326878216586643 ], [ -72.493868408988064, 45.321686227194739 ], [ -72.500356291857258, 45.319229977620417 ] ] ] } },
{ "type": "Feature", "properties": { "hex_id": 700887, "centroid_lon": -72.254212909158539, "centroid_lat": 45.264201938812356, "total_occurrences": 17.0, "days_affected": 1, "first_occurrence": "2026-01-10 13:16:53", "last_occurrence": "2026-01-10 16:46:49", "all_datetimes": "2026-01-10 13:16:53, 2026-01-10 13:31:50, 2026-01-10 13:45:18, 2026-01-10 13:46:47, 2026-01-10 14:01:49, 2026-01-10 14:17:10, 2026-01-10 14:26:43, 2026-01-10 14:31:57, 2026-01-10 14:46:44, 2026-01-10 15:02:09, 2026-01-10 15:16:35, 2026-01-10 15:31:36, 2026-01-10 15:35:25, 2026-01-10 15:46:38, 2026-01-10 16:01:42, 2026-01-10 16:16:42, 2026-01-10 16:46:49" }, "geometry": { "type": "Polygon", "coordinates": [ [ [ -72.254463307911948, 45.259010888819262 ], [ -72.260703828115098, 45.26175938257169 ], [ -72.260453974146387, 45.266950457188024 ], [ -72.2539624422771, 45.269392982980605 ], [ -72.247721445428624, 45.266644111609651 ], [ -72.24797245707208, 45.261453092128207 ], [ -72.254463307911948, 45.259010888819262 ] ] ] } },
{ "type": "Feature", "properties": { "hex_id": 706378, "centroid_lon": -72.199601626819785, "centroid_lat": 45.208305469001182, "total_occurrences": 23.0, "days_affected": 1, "first_occurrence": "2026-01-10 13:16:53", "last_occurrence": "2026-01-10 17:35:18", "all_datetimes": "2026-01-10 13:16:53, 2026-01-10 13:31:50, 2026-01-10 13:45:18, 2026-01-10 13:46:47, 2026-01-10 14:01:49, 2026-01-10 14:17:10, 2026-01-10 14:26:43, 2026-01-10 14:31:57, 2026-01-10 14:46:44, 2026-01-10 15:02:09, 2026-01-10 15:16:35, 2026-01-10 15:31:36, 2026-01-10 15:35:25, 2026-01-10 15:46:38, 2026-01-10 16:01:42, 2026-01-10 16:16:42, 2026-01-10 16:30:18, 2026-01-10 16:31:48, 2026-01-10 16:46:49, 2026-01-10 17:01:47, 2026-01-10 17:16:52, 2026-01-10 17:32:06, 2026-01-10 17:35:18" }, "geometry": { "type": "Polygon", "coordinates": [ [ [ -72.199856504929343, 45.203114608057419 ], [ -72.206088254778479, 45.205865901677299 ], [ -72.205833919069406, 45.211056787743303 ], [ -72.199346679412159, 45.213496324079003 ], [ -72.193114456472117, 45.210744653087744 ], [ -72.193369946257206, 45.205553823195572 ], [ -72.199856504929343, 45.203114608057419 ] ] ] } },
{ "type": "Feature", "properties": { "hex_id": 788268, "centroid_lon": -71.262390981295184, "centroid_lat": 46.475459252642338, "total_occurrences": 39.0, "days_affected": 1, "first_occurrence": "2026-01-10 13:16:53", "last_occurrence": "2026-01-10 21:16:56", "all_datetimes": "2026-01-10 13:16:53, 2026-01-10 13:31:50, 2026-01-10 13:45:18, 2026-01-10 13:46:47, 2026-01-10 14:01:49, 2026-01-10 14:17:10, 2026-01-10 14:26:43, 2026-01-10 14:31:57, 2026-01-10 14:46:44, 2026-01-10 15:02:09, 2026-01-10 15:16:35, 2026-01-10 15:31:36, 2026-01-10 15:35:25, 2026-01-10 15:46:38, 2026-01-10 16:01:42, 2026-01-10 16:16:42, 2026-01-10 16:30:18, 2026-01-10 16:31:48, 2026-01-10 16:46:49, 2026-01-10 17:01:47, 2026-01-10 17:16:52, 2026-01-10 17:32:06, 2026-01-10 17:35:18, 2026-01-10 17:46:57, 2026-01-10 18:01:40, 2026-01-10 18:17:22, 2026-01-10 18:31:07, 2026-01-10 18:31:38, 2026-01-10 18:46:46, 2026-01-10 19:02:37, 2026-01-10 19:17:03, 2026-01-10 19:31:52, 2026-01-10 19:47:00, 2026-01-10 20:02:11, 2026-01-10 20:17:06, 2026-01-10 20:31:43, 2026-01-10 20:47:07, 2026-01-10 21:01:33, 2026-01-10 21:16:56" }, "geometry": { "type": "Polygon", "coordinates": [ [ [ -71.262746414879018, 46.470274400213093 ], [ -71.269067831283266, 46.473079311891297 ], [ -71.268712963321519, 46.478264199163853 ], [ -71.26203544963505, 46.480644098251531 ], [ -71.255713565701839, 46.477838784819568 ], [ -71.256069662950409, 46.472653974119545 ], [ -71.262746414879018, 46.470274400213093 ] ] ] } },
{ "type": "Feature", "properties": { "hex_id": 1638786, "centroid_lon": -62.001961443885762, "centroid_lat": 47.219826200229654, "total_occurrences": 5.0, "days_affected": 1, "first_occurrence": "2026-01-10 13:16:53", "last_occurrence": "2026-01-10 14:01:49", "all_datetimes": "2026-01-10 13:16:53, 2026-01-10 13:31:50, 2026-01-10 13:45:18, 2026-01-10 13:46:47, 2026-01-10 14:01:49" }, "geometry": { "type": "Polygon", "coordinates": [ [ [ -62.003220148575373, 47.214764248313379 ], [ -62.009025101491716, 47.218037751072835 ], [ -62.007766805405801, 47.223099818654518 ], [ -62.000702396646354, 47.224888122015734 ], [ -61.994897377733871, 47.221614158518172 ], [ -61.996156833461427, 47.216552352453604 ], [ -62.003220148575373, 47.214764248313379 ] ] ] } },
{ "type": "Feature", "properties": { "hex_id": 338283, "centroid_lon": -76.050016599432908, "centroid_lat": 45.806873691677552, "total_occurrences": 3.0, "days_affected": 1, "first_occurrence": "2026-01-10 13:31:50", "last_occurrence": "2026-01-10 13:46:47", "all_datetimes": "2026-01-10 13:31:50, 2026-01-10 13:45:18, 2026-01-10 13:46:47" }, "geometry": { "type": "Polygon", "coordinates": [ [ [ -76.049918984388484, 45.801678035483199 ], [ -76.056401298723316, 45.804216558295245 ], [ -76.056499525078664, 45.809412201347001 ], [ -76.05011424123704, 45.812069342964399 ], [ -76.043631288827029, 45.809530472277267 ], [ -76.043534258342888, 45.804334807913051 ], [ -76.049918984388484, 45.801678035483199 ] ] ] } },
{ "type": "Feature", "properties": { "hex_id": 505538, "centroid_lon": -74.291156079750976, "centroid_lat": 45.466518201471985, "total_occurrences": 4.0, "days_affected": 1, "first_occurrence": "2026-01-10 13:31:50", "last_occurrence": "2026-01-10 14:01:49", "all_datetimes": "2026-01-10 13:31:50, 2026-01-10 13:45:18, 2026-01-10 13:46:47, 2026-01-10 14:01:49" }, "geometry": { "type": "Polygon", "coordinates": [ [ [ -74.291221202432951, 45.461321758709929 ], [ -74.297583928635675, 45.463959487944003 ], [ -74.297519384598843, 45.469155935415273 ], [ -74.291090939288807, 45.471714639413065 ], [ -74.28472765222412, 45.469076548584596 ], [ -74.284793371325463, 45.463880115417226 ], [ -74.291221202432951, 45.461321758709929 ] ] ] } },
{ "type": "Feature", "properties": { "hex_id": 519609, "centroid_lon": -74.13701682012551, "centroid_lat": 45.925360525331811, "total_occurrences": 9.0, "days_affected": 1, "first_occurrence": "2026-01-10 13:31:50", "last_occurrence": "2026-01-10 15:02:09", "all_datetimes": "2026-01-10 13:31:50, 2026-01-10 13:45:18, 2026-01-10 13:46:47, 2026-01-10 14:01:49, 2026-01-10 14:17:10, 2026-01-10 14:26:43, 2026-01-10 14:31:57, 2026-01-10 14:46:44, 2026-01-10 15:02:09" }, "geometry": { "type": "Polygon", "coordinates": [ [ [ -74.137097381101469, 45.920164693752739 ], [ -74.14350466526497, 45.922811118991156 ], [ -74.143424695052502, 45.928006956886946 ], [ -74.136936237031193, 45.930556352055717 ], [ -74.130528384226281, 45.927909557918959 ], [ -74.130609558076571, 45.922713737577325 ], [ -74.137097381101469, 45.920164693752739 ] ] ] } },
{ "type": "Feature", "properties": { "hex_id": 552560, "centroid_lon": -73.794251482310841, "centroid_lat": 45.672822518201897, "total_occurrences": 7.0, "days_affected": 1, "first_occurrence": "2026-01-10 13:31:50", "last_occurrence": "2026-01-10 14:31:57", "all_datetimes": "2026-01-10 13:31:50, 2026-01-10 13:45:18, 2026-01-10 13:46:47, 2026-01-10 14:01:49, 2026-01-10 14:17:10, 2026-01-10 14:26:43, 2026-01-10 14:31:57" }, "geometry": { "type": "Polygon", "coordinates": [ [ [ -73.794363050471532, 45.667627018026366 ], [ -73.800725082284728, 45.670292328119956 ], [ -73.800614092461188, 45.675487837990886 ], [ -73.79413988361739, 45.678018013419049 ], [ -73.787777304004962, 45.675352334362891 ], [ -73.78788948102526, 45.670156848906061 ], [ -73.794363050471532, 45.667627018026366 ] ] ] } },
{ "type": "Feature", "properties": { "hex_id": 528762, "centroid_lon": -74.041508282556705, "centroid_lat": 45.854446915602075, "total_occurrences": 7.0, "days_affected": 1, "first_occurrence": "2026-01-10 13:45:18", "last_occurrence": "2026-01-10 14:46:44", "all_datetimes": "2026-01-10 13:45:18, 2026-01-10 13:46:47, 2026-01-10 14:01:49, 2026-01-10 14:17:10, 2026-01-10 14:26:43, 2026-01-10 14:31:57, 2026-01-10 14:46:44" }, "geometry": { "type": "Polygon", "coordinates": [ [ [ -74.041597537698223, 45.849251157149041 ], [ -74.047992106024097, 45.851902870365386 ], [ -74.047903438150954, 45.857098636081282 ], [ -74.041419002932102, 45.859642669174377 ], [ -74.035023871825075, 45.856990587042318 ], [ -74.035113738709754, 45.851794840798227 ], [ -74.041597537698223, 45.849251157149041 ] ] ] } },
{ "type": "Feature", "properties": { "hex_id": 616666, "centroid_lon": -73.118672797423045, "centroid_lat": 45.718258066866888, "total_occurrences": 26.0, "days_affected": 1, "first_occurrence": "2026-01-10 13:45:18", "last_occurrence": "2026-01-10 18:31:38", "all_datetimes": "2026-01-10 13:45:18, 2026-01-10 13:46:47, 2026-01-10 14:01:49, 2026-01-10 14:17:10, 2026-01-10 14:26:43, 2026-01-10 14:31:57, 2026-01-10 14:46:44, 2026-01-10 15:02:09, 2026-01-10 15:16:35, 2026-01-10 15:31:36, 2026-01-10 15:35:25, 2026-01-10 15:46:38, 2026-01-10 16:01:42, 2026-01-10 16:16:42, 2026-01-10 16:30:18, 2026-01-10 16:31:48, 2026-01-10 16:46:49, 2026-01-10 17:01:47, 2026-01-10 17:16:52, 2026-01-10 17:32:06, 2026-01-10 17:35:18, 2026-01-10 17:46:57, 2026-01-10 18:01:40, 2026-01-10 18:17:22, 2026-01-10 18:31:07, 2026-01-10 18:31:38" }, "geometry": { "type": "Polygon", "coordinates": [ [ [ -73.118847134568227, 45.713064261167872 ], [ -73.125180946000881, 45.715766748172705 ], [ -73.125007179267342, 45.720960570262619 ], [ -73.118498412555795, 45.723451867305073 ], [ -73.112164078441609, 45.720749004489285 ], [ -73.112339033704401, 45.715555220506864 ], [ -73.118847134568227, 45.713064261167872 ] ] ] } },
{ "type": "Feature", "properties": { "hex_id": 669851, "centroid_lon": -72.510235504081919, "centroid_lat": 46.82122432452244, "total_occurrences": 11.0, "days_affected": 1, "first_occurrence": "2026-01-10 14:01:49", "last_occurrence": "2026-01-10 16:01:42", "all_datetimes": "2026-01-10 14:01:49, 2026-01-10 14:17:10, 2026-01-10 14:26:43, 2026-01-10 14:31:57, 2026-01-10 14:46:44, 2026-01-10 15:02:09, 2026-01-10 15:16:35, 2026-01-10 15:31:36, 2026-01-10 15:35:25, 2026-01-10 15:46:38, 2026-01-10 16:01:42" }, "geometry": { "type": "Polygon", "coordinates": [ [ [ -72.510475240894877, 46.816033631797588 ], [ -72.516903796191386, 46.818771315299912 ], [ -72.51666465518943, 46.823962030860081 ], [ -72.509995700734265, 46.826415011574845 ], [ -72.503566616173003, 46.823676932279184 ], [ -72.503807015308581, 46.818486268129391 ], [ -72.510475240894877, 46.816033631797588 ] ] ] } },
{ "type": "Feature", "properties": { "hex_id": 984354, "centroid_lon": -68.980095877402206, "centroid_lat": 48.178785847024002, "total_occurrences": 12.0, "days_affected": 1, "first_occurrence": "2026-01-10 14:01:49", "last_occurrence": "2026-01-10 16:16:42", "all_datetimes": "2026-01-10 14:01:49, 2026-01-10 14:17:10, 2026-01-10 14:26:43, 2026-01-10 14:31:57, 2026-01-10 14:46:44, 2026-01-10 15:02:09, 2026-01-10 15:16:35, 2026-01-10 15:31:36, 2026-01-10 15:35:25, 2026-01-10 15:46:38, 2026-01-10 16:01:42, 2026-01-10 16:16:42" }, "geometry": { "type": "Polygon", "coordinates": [ [ [ -68.980702797501479, 48.173620157956549 ], [ -68.987088039910887, 48.176554358217494 ], [ -68.986481698889165, 48.181720105400878 ], [ -68.979488786375384, 48.183951525662707 ], [ -68.973103135846515, 48.181016882546331 ], [ -68.973710805889795, 48.175851262091975 ], [ -68.980702797501479, 48.173620157956549 ] ] ] } },
{ "type": "Feature", "properties": { "hex_id": 995963, "centroid_lon": -68.835298806619903, "centroid_lat": 48.319218924903282, "total_occurrences": 26.0, "days_affected": 1, "first_occurrence": "2026-01-10 14:01:49", "last_occurrence": "2026-01-10 19:02:37", "all_datetimes": "2026-01-10 14:01:49, 2026-01-10 14:17:10, 2026-01-10 14:26:43, 2026-01-10 14:31:57, 2026-01-10 14:46:44, 2026-01-10 15:02:09, 2026-01-10 15:16:35, 2026-01-10 15:31:36, 2026-01-10 15:35:25, 2026-01-10 15:46:38, 2026-01-10 16:01:42, 2026-01-10 16:16:42, 2026-01-10 16:30:18, 2026-01-10 16:31:48, 2026-01-10 16:46:49, 2026-01-10 17:01:47, 2026-01-10 17:16:52, 2026-01-10 17:32:06, 2026-01-10 17:35:18, 2026-01-10 17:46:57, 2026-01-10 18:01:40, 2026-01-10 18:17:22, 2026-01-10 18:31:07, 2026-01-10 18:31:38, 2026-01-10 18:46:46, 2026-01-10 19:02:37" }, "geometry": { "type": "Polygon", "coordinates": [ [ [ -68.83592333790169, 48.314054757036374 ], [ -68.842316302886729, 48.316997399071198 ], [ -68.841692352423735, 48.322161626578357 ], [ -68.834674099127795, 48.3243830820374 ], [ -68.82828072956589, 48.321439994088443 ], [ -68.82890601781358, 48.3162758966632 ], [ -68.83592333790169, 48.314054757036374 ] ] ] } },
{ "type": "Feature", "properties": { "hex_id": 1016051, "centroid_lon": -68.724830731715301, "centroid_lat": 47.401004290026812, "total_occurrences": 10.0, "days_affected": 1, "first_occurrence": "2026-01-10 14:01:49", "last_occurrence": "2026-01-10 15:46:38", "all_datetimes": "2026-01-10 14:01:49, 2026-01-10 14:17:10, 2026-01-10 14:26:43, 2026-01-10 14:31:57, 2026-01-10 14:46:44, 2026-01-10 15:02:09, 2026-01-10 15:16:35, 2026-01-10 15:31:36, 2026-01-10 15:35:25, 2026-01-10 15:46:38" }, "geometry": { "type": "Polygon", "coordinates": [ [ [ -68.725446293412219, 47.395840381795814 ], [ -68.73172499708555, 47.398784111381659 ], [ -68.731109985595182, 47.403948079240237 ], [ -68.724214998682697, 47.406168187491026 ], [ -68.717935916168486, 47.40322402456313 ], [ -68.718552199347684, 47.398060186792662 ], [ -68.725446293412219, 47.395840381795814 ] ] ] } },
{ "type": "Feature", "properties": { "hex_id": 1189012, "centroid_lon": -66.377259694303305, "centroid_lat": 50.20475902320608, "total_occurrences": 5.0, "days_affected": 1, "first_occurrence": "2026-01-10 14:01:49", "last_occurrence": "2026-01-10 14:46:44", "all_datetimes": "2026-01-10 14:01:49, 2026-01-10 14:17:10, 2026-01-10 14:26:43, 2026-01-10 14:31:57, 2026-01-10 14:46:44" }, "geometry": { "type": "Polygon", "coordinates": [ [ [ -66.378191547244199, 50.199625236797374 ], [ -66.384652616050374, 50.202709904001772 ], [ -66.383721354388342, 50.207843775540958 ], [ -66.376327571859434, 50.209892792404744 ], [ -66.369866181327822, 50.2068076351649 ], [ -66.370798894949672, 50.201673951167557 ], [ -66.378191547244199, 50.199625236797374 ] ] ] } },
{ "type": "Feature", "properties": { "hex_id": 1190233, "centroid_lon": -66.363405651679756, "centroid_lat": 50.203722158290617, "total_occurrences": 5.0, "days_affected": 1, "first_occurrence": "2026-01-10 14:01:49", "last_occurrence": "2026-01-10 14:46:44", "all_datetimes": "2026-01-10 14:01:49, 2026-01-10 14:17:10, 2026-01-10 14:26:43, 2026-01-10 14:31:57, 2026-01-10 14:46:44" }, "geometry": { "type": "Polygon", "coordinates": [ [ [ -66.364338956226504, 50.198588559548014 ], [ -66.370798894949672, 50.201673951167557 ], [ -66.369866181327822, 50.2068076351649 ], [ -66.362472077224893, 50.208855739783566 ], [ -66.356011817535432, 50.205769858071953 ], [ -66.356945982814167, 50.200636361904557 ], [ -66.364338956226504, 50.198588559548014 ] ] ] } },
{ "type": "Feature", "properties": { "hex_id": 1194507, "centroid_lon": -66.313514804114959, "centroid_lat": 50.207779622362352, "total_occurrences": 5.0, "days_affected": 1, "first_occurrence": "2026-01-10 14:01:49", "last_occurrence": "2026-01-10 14:46:44", "all_datetimes": "2026-01-10 14:01:49, 2026-01-10 14:17:10, 2026-01-10 14:26:43, 2026-01-10 14:31:57, 2026-01-10 14:46:44" }, "geometry": { "type": "Polygon", "coordinates": [ [ [ -66.314453593918159, 50.202646708803869 ], [ -66.320910458347001, 50.205734762372572 ], [ -66.319972258456119, 50.210867761646405 ], [ -66.312575742834582, 50.212912518524767 ], [ -66.306118560021417, 50.209823974534707 ], [ -66.307058211112491, 50.204691164158369 ], [ -66.314453593918159, 50.202646708803869 ] ] ] } },
{ "type": "Feature", "properties": { "hex_id": 580021, "centroid_lon": -73.510210602127088, "centroid_lat": 45.490182566060113, "total_occurrences": 20.0, "days_affected": 1, "first_occurrence": "2026-01-10 14:17:10", "last_occurrence": "2026-01-10 18:01:40", "all_datetimes": "2026-01-10 14:17:10, 2026-01-10 14:26:43, 2026-01-10 14:31:57, 2026-01-10 14:46:44, 2026-01-10 15:02:09, 2026-01-10 15:16:35, 2026-01-10 15:31:36, 2026-01-10 15:35:25, 2026-01-10 15:46:38, 2026-01-10 16:01:42, 2026-01-10 16:16:42, 2026-01-10 16:30:18, 2026-01-10 16:31:48, 2026-01-10 16:46:49, 2026-01-10 17:01:47, 2026-01-10 17:16:52, 2026-01-10 17:32:06, 2026-01-10 17:35:18, 2026-01-10 17:46:57, 2026-01-10 18:01:40" }, "geometry": { "type": "Polygon", "coordinates": [ [ [ -73.510347572631972, 45.484987505964042 ], [ -73.516675386368576, 45.487668293226626 ], [ -73.516538984819107, 45.4928633657888 ], [ -73.510073594224835, 45.495377621088231 ], [ -73.50374524893644, 45.492696464520733 ], [ -73.503882825781588, 45.487501422023172 ], [ -73.510347572631972, 45.484987505964042 ] ] ] } },
{ "type": "Feature", "properties": { "hex_id": 604424, "centroid_lon": -73.262499557598503, "centroid_lat": 45.221637045433447, "total_occurrences": 3.0, "days_affected": 1, "first_occurrence": "2026-01-10 14:17:10", "last_occurrence": "2026-01-10 14:31:57", "all_datetimes": "2026-01-10 14:17:10, 2026-01-10 14:26:43, 2026-01-10 14:31:57" }, "geometry": { "type": "Polygon", "coordinates": [ [ [ -73.262657808134421, 45.216442373778612 ], [ -73.268944028693426, 45.219136392856385 ], [ -73.268786335776468, 45.224331079337048 ], [ -73.262341263997868, 45.226831711908574 ], [ -73.256054528891767, 45.22413732464328 ], [ -73.256213380097023, 45.218942673057732 ], [ -73.262657808134421, 45.216442373778612 ] ] ] } },
{ "type": "Feature", "properties": { "hex_id": 512250, "centroid_lon": -74.221556279010173, "centroid_lat": 45.411497927914674, "total_occurrences": 19.0, "days_affected": 1, "first_occurrence": "2026-01-10 14:31:57", "last_occurrence": "2026-01-10 18:17:22", "all_datetimes": "2026-01-10 14:31:57, 2026-01-10 14:46:44, 2026-01-10 15:02:09, 2026-01-10 15:16:35, 2026-01-10 15:31:36, 2026-01-10 15:35:25, 2026-01-10 15:46:38, 2026-01-10 16:01:42, 2026-01-10 16:16:42, 2026-01-10 16:30:18, 2026-01-10 16:31:48, 2026-01-10 16:46:49, 2026-01-10 17:01:47, 2026-01-10 17:16:52, 2026-01-10 17:32:06, 2026-01-10 17:35:18, 2026-01-10 17:46:57, 2026-01-10 18:01:40, 2026-01-10 18:17:22" }, "geometry": { "type": "Polygon", "coordinates": [ [ [ -74.221627658568707, 45.406301516941532 ], [ -74.227980944365484, 45.408943086335753 ], [ -74.227910140872623, 45.414139502705275 ], [ -74.221484879976273, 45.416694334051918 ], [ -74.215131037592442, 45.414052403079218 ], [ -74.215203012685492, 45.408856002402707 ], [ -74.221627658568707, 45.406301516941532 ] ] ] } },
{ "type": "Feature", "properties": { "hex_id": 608702, "centroid_lon": -73.215745629452158, "centroid_lat": 45.291076165416825, "total_occurrences": 8.0, "days_affected": 1, "first_occurrence": "2026-01-10 14:31:57", "last_occurrence": "2026-01-10 16:01:42", "all_datetimes": "2026-01-10 14:31:57, 2026-01-10 14:46:44, 2026-01-10 15:02:09, 2026-01-10 15:16:35, 2026-01-10 15:31:36, 2026-01-10 15:35:25, 2026-01-10 15:46:38, 2026-01-10 16:01:42" }, "geometry": { "type": "Polygon", "coordinates": [ [ [ -73.215908530668599, 45.285881687687343 ], [ -73.222200028306744, 45.288578333268511 ], [ -73.222037686111932, 45.293772826301925 ], [ -73.215582683870309, 45.296270637942229 ], [ -73.209290671583346, 45.293573622872749 ], [ -73.209454176172017, 45.288379165715213 ], [ -73.215908530668599, 45.285881687687343 ] ] ] } },
{ "type": "Feature", "properties": { "hex_id": 767650, "centroid_lon": -71.335464289207778, "centroid_lat": 48.644506272698059, "total_occurrences": 8.0, "days_affected": 1, "first_occurrence": "2026-01-10 14:31:57", "last_occurrence": "2026-01-10 16:01:42", "all_datetimes": "2026-01-10 14:31:57, 2026-01-10 14:46:44, 2026-01-10 15:02:09, 2026-01-10 15:16:35, 2026-01-10 15:31:36, 2026-01-10 15:35:25, 2026-01-10 15:46:38, 2026-01-10 16:01:42" }, "geometry": { "type": "Polygon", "coordinates": [ [ [ -71.335840265323256, 48.639322959007458 ], [ -71.342425881682914, 48.64213019860366 ], [ -71.342050543377908, 48.647313547929372 ], [ -71.335088206082958, 48.649689579524527 ], [ -71.328502058941623, 48.646881908315848 ], [ -71.328878779837993, 48.641698637196043 ], [ -71.335840265323256, 48.639322959007458 ] ] ] } },
{ "type": "Feature", "properties": { "hex_id": 840169, "centroid_lon": -70.69979010501477, "centroid_lat": 46.588172563906376, "total_occurrences": 24.0, "days_affected": 1, "first_occurrence": "2026-01-10 14:31:57", "last_occurrence": "2026-01-10 19:17:03", "all_datetimes": "2026-01-10 14:31:57, 2026-01-10 14:46:44, 2026-01-10 15:02:09, 2026-01-10 15:16:35, 2026-01-10 15:31:36, 2026-01-10 15:35:25, 2026-01-10 15:46:38, 2026-01-10 16:01:42, 2026-01-10 16:16:42, 2026-01-10 16:30:18, 2026-01-10 16:31:48, 2026-01-10 16:46:49, 2026-01-10 17:01:47, 2026-01-10 17:16:52, 2026-01-10 17:32:06, 2026-01-10 17:35:18, 2026-01-10 17:46:57, 2026-01-10 18:01:40, 2026-01-10 18:17:22, 2026-01-10 18:31:07, 2026-01-10 18:31:38, 2026-01-10 18:46:46, 2026-01-10 19:02:37, 2026-01-10 19:17:03" }, "geometry": { "type": "Polygon", "coordinates": [ [ [ -70.70020055777826, 46.582991394677691 ], [ -70.706503432429656, 46.585826872130326 ], [ -70.706093539643135, 46.591008081674055 ], [ -70.699379538903756, 46.593353725633776 ], [ -70.693076217642385, 46.590517840427616 ], [ -70.693487343691373, 46.585336719081091 ], [ -70.70020055777826, 46.582991394677691 ] ] ] } },
{ "type": "Feature", "properties": { "hex_id": 331567, "centroid_lon": -76.12063109287989, "centroid_lat": 45.798408042602006, "total_occurrences": 2.0, "days_affected": 1, "first_occurrence": "2026-01-10 14:46:44", "last_occurrence": "2026-01-10 15:02:09", "all_datetimes": "2026-01-10 14:46:44, 2026-01-10 15:02:09" }, "geometry": { "type": "Polygon", "coordinates": [ [ [ -76.120526944688663, 45.793212500167975 ], [ -76.127011400061065, 45.795746999435217 ], [ -76.127116160133781, 45.800942528000903 ], [ -76.120735269618137, 45.803603580106206 ], [ -76.114250173812394, 45.801068733826597 ], [ -76.114146608965271, 45.795873182519259 ], [ -76.120526944688663, 45.793212500167975 ] ] ] } },
{ "type": "Feature", "properties": { "hex_id": 567196, "centroid_lon": -73.646224290145213, "centroid_lat": 45.421718106479616, "total_occurrences": 1.0, "days_affected": 1, "first_occurrence": "2026-01-10 14:46:44", "last_occurrence": "2026-01-10 14:46:44", "all_datetimes": "2026-01-10 14:46:44" }, "geometry": { "type": "Polygon", "coordinates": [ [ [ -73.646348461418626, 45.416522677280803 ], [ -73.652675315292967, 45.419195945316325 ], [ -73.65255171276317, 45.424391385621725 ], [ -73.646100084994842, 45.426913530666496 ], [ -73.639772696259527, 45.424239895458356 ], [ -73.639897470142159, 45.419044482442388 ], [ -73.646348461418626, 45.416522677280803 ] ] ] } },
{ "type": "Feature", "properties": { "hex_id": 717426, "centroid_lon": -72.037030485233572, "centroid_lat": 46.124036041664375, "total_occurrences": 15.0, "days_affected": 1, "first_occurrence": "2026-01-10 14:46:44", "last_occurrence": "2026-01-10 17:35:18", "all_datetimes": "2026-01-10 14:46:44, 2026-01-10 15:02:09, 2026-01-10 15:16:35, 2026-01-10 15:31:36, 2026-01-10 15:35:25, 2026-01-10 15:46:38, 2026-01-10 16:01:42, 2026-01-10 16:16:42, 2026-01-10 16:30:18, 2026-01-10 16:31:48, 2026-01-10 16:46:49, 2026-01-10 17:01:47, 2026-01-10 17:16:52, 2026-01-10 17:32:06, 2026-01-10 17:35:18" }, "geometry": { "type": "Polygon", "coordinates": [ [ [ -72.037308893357263, 46.118846757972435 ], [ -72.043632488524878, 46.121608879275904 ], [ -72.043354647348409, 46.126798190109724 ], [ -72.036752000574197, 46.129225319320717 ], [ -72.03042791500809, 46.126462807394248 ], [ -72.030706966588639, 46.121273556945212 ], [ -72.037308893357263, 46.118846757972435 ] ] ] } },
{ "type": "Feature", "properties": { "hex_id": 302876, "centroid_lon": -76.423934787635417, "centroid_lat": 45.834004472654541, "total_occurrences": 25.0, "days_affected": 1, "first_occurrence": "2026-01-10 15:02:09", "last_occurrence": "2026-01-10 20:02:11", "all_datetimes": "2026-01-10 15:02:09, 2026-01-10 15:16:35, 2026-01-10 15:31:36, 2026-01-10 15:35:25, 2026-01-10 15:46:38, 2026-01-10 16:01:42, 2026-01-10 16:16:42, 2026-01-10 16:30:18, 2026-01-10 16:31:48, 2026-01-10 16:46:49, 2026-01-10 17:01:47, 2026-01-10 17:16:52, 2026-01-10 17:32:06, 2026-01-10 17:35:18, 2026-01-10 17:46:57, 2026-01-10 18:01:40, 2026-01-10 18:17:22, 2026-01-10 18:31:07, 2026-01-10 18:31:38, 2026-01-10 18:46:46, 2026-01-10 19:02:37, 2026-01-10 19:17:03, 2026-01-10 19:31:52, 2026-01-10 19:47:00, 2026-01-10 20:02:11" }, "geometry": { "type": "Polygon", "coordinates": [ [ [ -76.423802292127533, 45.828809574430402 ], [ -76.430304258811802, 45.831326630652953 ], [ -76.430437370932495, 45.83652151186817 ], [ -76.424067319472016, 45.839199365836471 ], [ -76.417564699840028, 45.836681965448982 ], [ -76.417432784628545, 45.831487055323386 ], [ -76.423802292127533, 45.828809574430402 ] ] ] } },
{ "type": "Feature", "properties": { "hex_id": 554362, "centroid_lon": -73.784909742130239, "centroid_lat": 45.212799942103636, "total_occurrences": 19.0, "days_affected": 1, "first_occurrence": "2026-01-10 15:02:09", "last_occurrence": "2026-01-10 18:31:38", "all_datetimes": "2026-01-10 15:02:09, 2026-01-10 15:16:35, 2026-01-10 15:31:36, 2026-01-10 15:35:25, 2026-01-10 15:46:38, 2026-01-10 16:01:42, 2026-01-10 16:16:42, 2026-01-10 16:30:18, 2026-01-10 16:31:48, 2026-01-10 16:46:49, 2026-01-10 17:01:47, 2026-01-10 17:16:52, 2026-01-10 17:32:06, 2026-01-10 17:35:18, 2026-01-10 17:46:57, 2026-01-10 18:01:40, 2026-01-10 18:17:22, 2026-01-10 18:31:07, 2026-01-10 18:31:38" }, "geometry": { "type": "Polygon", "coordinates": [ [ [ -73.785020386390855, 45.207604039651329 ], [ -73.791330915808416, 45.210269546405193 ], [ -73.791220835916917, 45.215465458549218 ], [ -73.78479906775604, 45.217995839596036 ], [ -73.778488004087961, 45.215329969593803 ], [ -73.778599242821244, 45.210134081856985 ], [ -73.785020386390855, 45.207604039651329 ] ] ] } },
{ "type": "Feature", "properties": { "hex_id": 684391, "centroid_lon": -72.434872666467754, "centroid_lat": 45.073512713245769, "total_occurrences": 12.0, "days_affected": 1, "first_occurrence": "2026-01-10 15:02:09", "last_occurrence": "2026-01-10 17:16:52", "all_datetimes": "2026-01-10 15:02:09, 2026-01-10 15:16:35, 2026-01-10 15:31:36, 2026-01-10 15:35:25, 2026-01-10 15:46:38, 2026-01-10 16:01:42, 2026-01-10 16:16:42, 2026-01-10 16:30:18, 2026-01-10 16:31:48, 2026-01-10 16:46:49, 2026-01-10 17:01:47, 2026-01-10 17:16:52" }, "geometry": { "type": "Polygon", "coordinates": [ [ [ -72.435105052177093, 45.068320728893404 ], [ -72.4413343027271, 45.071059153790856 ], [ -72.441102458904595, 45.076251160944807 ], [ -72.434640217662661, 45.078704691915917 ], [ -72.428410488332034, 45.07596589337038 ], [ -72.428643479003071, 45.070773937565001 ], [ -72.435105052177093, 45.068320728893404 ] ] ] } },
{ "type": "Feature", "properties": { "hex_id": 760928, "centroid_lon": -71.41714634586269, "centroid_lat": 48.545771873935699, "total_occurrences": 18.0, "days_affected": 1, "first_occurrence": "2026-01-10 15:16:35", "last_occurrence": "2026-01-10 18:31:38", "all_datetimes": "2026-01-10 15:16:35, 2026-01-10 15:31:36, 2026-01-10 15:35:25, 2026-01-10 15:46:38, 2026-01-10 16:01:42, 2026-01-10 16:16:42, 2026-01-10 16:30:18, 2026-01-10 16:31:48, 2026-01-10 16:46:49, 2026-01-10 17:01:47, 2026-01-10 17:16:52, 2026-01-10 17:32:06, 2026-01-10 17:35:18, 2026-01-10 17:46:57, 2026-01-10 18:01:40, 2026-01-10 18:17:22, 2026-01-10 18:31:07, 2026-01-10 18:31:38" }, "geometry": { "type": "Polygon", "coordinates": [ [ [ -71.417512679933481, 48.54058800247136 ], [ -71.424090542217328, 48.543390401472976 ], [ -71.423724843917853, 48.548574307681974 ], [ -71.416779907675377, 48.550955738635899 ], [ -71.410201513755624, 48.548152910157299 ], [ -71.410568587676437, 48.542969080273082 ], [ -71.417512679933481, 48.54058800247136 ] ] ] } },
{ "type": "Feature", "properties": { "hex_id": 842118, "centroid_lon": -70.527536733074868, "centroid_lat": 48.413274683618219, "total_occurrences": 3.0, "days_affected": 1, "first_occurrence": "2026-01-10 15:16:35", "last_occurrence": "2026-01-10 15:35:25", "all_datetimes": "2026-01-10 15:16:35, 2026-01-10 15:31:36, 2026-01-10 15:35:25" }, "geometry": { "type": "Polygon", "coordinates": [ [ [ -70.527991739586426, 48.408096363644695 ], [ -70.534500318337948, 48.410947667994272 ], [ -70.53404592723497, 48.416126031430693 ], [ -70.527081597646983, 48.418452995695169 ], [ -70.520572532426485, 48.415601256507159 ], [ -70.521028283216395, 48.410422987963472 ], [ -70.527991739586426, 48.408096363644695 ] ] ] } },
{ "type": "Feature", "properties": { "hex_id": 509813, "centroid_lon": -74.246075616070499, "centroid_lat": 45.48961530055923, "total_occurrences": 28.0, "days_affected": 1, "first_occurrence": "2026-01-10 15:31:36", "last_occurrence": "2026-01-10 21:16:56", "all_datetimes": "2026-01-10 15:31:36, 2026-01-10 15:35:25, 2026-01-10 15:46:38, 2026-01-10 16:01:42, 2026-01-10 16:16:42, 2026-01-10 16:30:18, 2026-01-10 16:31:48, 2026-01-10 16:46:49, 2026-01-10 17:01:47, 2026-01-10 17:16:52, 2026-01-10 17:32:06, 2026-01-10 17:35:18, 2026-01-10 17:46:57, 2026-01-10 18:01:40, 2026-01-10 18:17:22, 2026-01-10 18:31:07, 2026-01-10 18:31:38, 2026-01-10 18:46:46, 2026-01-10 19:02:37, 2026-01-10 19:17:03, 2026-01-10 19:31:52, 2026-01-10 19:47:00, 2026-01-10 20:02:11, 2026-01-10 20:17:06, 2026-01-10 20:31:43, 2026-01-10 20:47:07, 2026-01-10 21:01:33, 2026-01-10 21:16:56" }, "geometry": { "type": "Polygon", "coordinates": [ [ [ -74.246144935917101, 45.484418931173401 ], [ -74.252508112849654, 45.487059163941595 ], [ -74.252439371762677, 45.492255538489658 ], [ -74.246006277292693, 45.494811665114597 ], [ -74.239642540534902, 45.492171070025073 ], [ -74.239712458065981, 45.486974710696501 ], [ -74.246144935917101, 45.484418931173401 ] ] ] } },
{ "type": "Feature", "properties": { "hex_id": 542182, "centroid_lon": -73.903210079885085, "centroid_lat": 45.681715642268493, "total_occurrences": 25.0, "days_affected": 1, "first_occurrence": "2026-01-10 16:01:42", "last_occurrence": "2026-01-10 21:16:56", "all_datetimes": "2026-01-10 16:01:42, 2026-01-10 16:16:42, 2026-01-10 16:30:18, 2026-01-10 16:31:48, 2026-01-10 16:46:49, 2026-01-10 17:01:47, 2026-01-10 17:16:52, 2026-01-10 17:32:06, 2026-01-10 17:35:18, 2026-01-10 17:46:57, 2026-01-10 18:01:40, 2026-01-10 18:17:22, 2026-01-10 18:31:07, 2026-01-10 18:31:38, 2026-01-10 18:46:46, 2026-01-10 19:02:37, 2026-01-10 19:17:03, 2026-01-10 19:31:52, 2026-01-10 19:47:00, 2026-01-10 20:02:11, 2026-01-10 20:17:06, 2026-01-10 20:31:43, 2026-01-10 20:47:07, 2026-01-10 21:01:33, 2026-01-10 21:16:56" }, "geometry": { "type": "Polygon", "coordinates": [ [ [ -73.903311598833895, 45.676519951356795 ], [ -73.909679916162091, 45.679179245410509 ], [ -73.909578977291943, 45.684374944934959 ], [ -73.903108533149577, 45.686911328258155 ], [ -73.89673966353412, 45.684251666163334 ], [ -73.896841790338897, 45.679055988851374 ], [ -73.903311598833895, 45.676519951356795 ] ] ] } },
{ "type": "Feature", "properties": { "hex_id": 582465, "centroid_lon": -73.483787807869035, "centroid_lat": 45.521015819120059, "total_occurrences": 15.0, "days_affected": 1, "first_occurrence": "2026-01-10 16:16:42", "last_occurrence": "2026-01-10 19:02:37", "all_datetimes": "2026-01-10 16:16:42, 2026-01-10 16:30:18, 2026-01-10 16:31:48, 2026-01-10 16:46:49, 2026-01-10 17:01:47, 2026-01-10 17:16:52, 2026-01-10 17:32:06, 2026-01-10 17:35:18, 2026-01-10 17:46:57, 2026-01-10 18:01:40, 2026-01-10 18:17:22, 2026-01-10 18:31:07, 2026-01-10 18:31:38, 2026-01-10 18:46:46, 2026-01-10 19:02:37" }, "geometry": { "type": "Polygon", "coordinates": [ [ [ -73.483927356991344, 45.515820850138937 ], [ -73.490257296708023, 45.518503115575299 ], [ -73.490118317107004, 45.523698097291238 ], [ -73.483648220631636, 45.52621078302154 ], [ -73.477317749515166, 45.523528147644129 ], [ -73.477457906261051, 45.518333196541967 ], [ -73.483927356991344, 45.515820850138937 ] ] ] } },
{ "type": "Feature", "properties": { "hex_id": 793181, "centroid_lon": -71.178663447838588, "centroid_lat": 46.924774875900795, "total_occurrences": 13.0, "days_affected": 1, "first_occurrence": "2026-01-10 16:16:42", "last_occurrence": "2026-01-10 18:31:38", "all_datetimes": "2026-01-10 16:16:42, 2026-01-10 16:30:18, 2026-01-10 16:31:48, 2026-01-10 16:46:49, 2026-01-10 17:01:47, 2026-01-10 17:16:52, 2026-01-10 17:32:06, 2026-01-10 17:35:18, 2026-01-10 17:46:57, 2026-01-10 18:01:40, 2026-01-10 18:17:22, 2026-01-10 18:31:07, 2026-01-10 18:31:38" }, "geometry": { "type": "Polygon", "coordinates": [ [ [ -71.179032576487032, 46.919590933050003 ], [ -71.185400647947304, 46.922401739631368 ], [ -71.185032097405553, 46.927585718437051 ], [ -71.178294216733221, 46.92995881180785 ], [ -71.171925669640999, 46.927147596687384 ], [ -71.172295478817432, 46.921963696802138 ], [ -71.179032576487032, 46.919590933050003 ] ] ] } },
{ "type": "Feature", "properties": { "hex_id": 826668, "centroid_lon": -70.923990385013269, "centroid_lat": 45.505070163780367, "total_occurrences": 19.0, "days_affected": 1, "first_occurrence": "2026-01-10 16:16:42", "last_occurrence": "2026-01-10 20:02:11", "all_datetimes": "2026-01-10 16:16:42, 2026-01-10 16:30:18, 2026-01-10 16:31:48, 2026-01-10 16:46:49, 2026-01-10 17:01:47, 2026-01-10 17:16:52, 2026-01-10 17:32:06, 2026-01-10 17:35:18, 2026-01-10 17:46:57, 2026-01-10 18:01:40, 2026-01-10 18:17:22, 2026-01-10 18:31:07, 2026-01-10 18:31:38, 2026-01-10 18:46:46, 2026-01-10 19:02:37, 2026-01-10 19:17:03, 2026-01-10 19:31:52, 2026-01-10 19:47:00, 2026-01-10 20:02:11" }, "geometry": { "type": "Polygon", "coordinates": [ [ [ -70.924365053320685, 45.499886522707648 ], [ -70.930561690389709, 45.502706334689655 ], [ -70.930187554007546, 45.507890013180777 ], [ -70.92361561461567, 45.510253797716651 ], [ -70.917418547728658, 45.507433594142476 ], [ -70.917793850017361, 45.502249997688018 ], [ -70.924365053320685, 45.499886522707648 ] ] ] } },
{ "type": "Feature", "properties": { "hex_id": 580642, "centroid_lon": -73.499461672302445, "centroid_lat": 45.653740266372743, "total_occurrences": 2.0, "days_affected": 1, "first_occurrence": "2026-01-10 16:30:18", "last_occurrence": "2026-01-10 16:31:48", "all_datetimes": "2026-01-10 16:30:18, 2026-01-10 16:31:48" }, "geometry": { "type": "Polygon", "coordinates": [ [ [ -73.499600419516426, 45.648545381113323 ], [ -73.505945904944227, 45.651226914856906 ], [ -73.505807731471762, 45.656421812731026 ], [ -73.499322887131086, 45.65893514655842 ], [ -73.492976865925542, 45.656253241330326 ], [ -73.493116224825627, 45.651058373824149 ], [ -73.499600419516426, 45.648545381113323 ] ] ] } },
{ "type": "Feature", "properties": { "hex_id": 693196, "centroid_lon": -72.138546598068601, "centroid_lat": 49.088042705540303, "total_occurrences": 14.0, "days_affected": 1, "first_occurrence": "2026-01-10 16:30:18", "last_occurrence": "2026-01-10 19:02:37", "all_datetimes": "2026-01-10 16:30:18, 2026-01-10 16:31:48, 2026-01-10 16:46:49, 2026-01-10 17:01:47, 2026-01-10 17:16:52, 2026-01-10 17:32:06, 2026-01-10 17:35:18, 2026-01-10 17:46:57, 2026-01-10 18:01:40, 2026-01-10 18:17:22, 2026-01-10 18:31:07, 2026-01-10 18:31:38, 2026-01-10 18:46:46, 2026-01-10 19:02:37" }, "geometry": { "type": "Polygon", "coordinates": [ [ [ -72.138844873224386, 49.082855644023866 ], [ -72.145534921122319, 49.085618640417664 ], [ -72.145237313877445, 49.090805729714923 ], [ -72.138248237358908, 49.093229761023089 ], [ -72.131557607119746, 49.090466333508033 ], [ -72.131856635708786, 49.085279305879354 ], [ -72.138844873224386, 49.082855644023866 ] ] ] } },
{ "type": "Feature", "properties": { "hex_id": 823717, "centroid_lon": -70.83783633601206, "centroid_lat": 47.084353323381052, "total_occurrences": 23.0, "days_affected": 1, "first_occurrence": "2026-01-10 16:30:18", "last_occurrence": "2026-01-10 21:16:56", "all_datetimes": "2026-01-10 16:30:18, 2026-01-10 16:31:48, 2026-01-10 16:46:49, 2026-01-10 17:01:47, 2026-01-10 17:16:52, 2026-01-10 17:32:06, 2026-01-10 17:35:18, 2026-01-10 17:46:57, 2026-01-10 18:01:40, 2026-01-10 18:17:22, 2026-01-10 18:31:07, 2026-01-10 18:31:38, 2026-01-10 18:46:46, 2026-01-10 19:02:37, 2026-01-10 19:17:03, 2026-01-10 19:31:52, 2026-01-10 19:47:00, 2026-01-10 20:02:11, 2026-01-10 20:17:06, 2026-01-10 20:31:43, 2026-01-10 20:47:07, 2026-01-10 21:01:33, 2026-01-10 21:16:56" }, "geometry": { "type": "Polygon", "coordinates": [ [ [ -70.838240579277624, 47.079171679744583 ], [ -70.844607907659849, 47.08200145127612 ], [ -70.844204241877677, 47.087183134277822 ], [ -70.837431980345073, 47.089534959650578 ], [ -70.831064186900505, 47.086704774645334 ], [ -70.83146912001169, 47.081523177808144 ], [ -70.838240579277624, 47.079171679744583 ] ] ] } },
{ "type": "Feature", "properties": { "hex_id": 360239, "centroid_lon": -75.813409646469879, "centroid_lat": 45.465821415663733, "total_occurrences": 7.0, "days_affected": 1, "first_occurrence": "2026-01-10 16:46:49", "last_occurrence": "2026-01-10 18:01:40", "all_datetimes": "2026-01-10 16:46:49, 2026-01-10 17:01:47, 2026-01-10 17:16:52, 2026-01-10 17:32:06, 2026-01-10 17:35:18, 2026-01-10 17:46:57, 2026-01-10 18:01:40" }, "geometry": { "type": "Polygon", "coordinates": [ [ [ -75.813334919574302, 45.460625098446542 ], [ -75.819767317413664, 45.463177538953317 ], [ -75.819842641960449, 45.468373845509724 ], [ -75.813484393767169, 45.471017728037047 ], [ -75.807051377871431, 45.468464941346049 ], [ -75.806977228232171, 45.463268618376439 ], [ -75.813334919574302, 45.460625098446542 ] ] ] } },
{ "type": "Feature", "properties": { "hex_id": 610518, "centroid_lon": -73.204234914380862, "centroid_lat": 45.049229575721562, "total_occurrences": 21.0, "days_affected": 1, "first_occurrence": "2026-01-10 16:46:49", "last_occurrence": "2026-01-10 21:16:56", "all_datetimes": "2026-01-10 16:46:49, 2026-01-10 17:01:47, 2026-01-10 17:16:52, 2026-01-10 17:32:06, 2026-01-10 17:35:18, 2026-01-10 17:46:57, 2026-01-10 18:01:40, 2026-01-10 18:17:22, 2026-01-10 18:31:07, 2026-01-10 18:31:38, 2026-01-10 18:46:46, 2026-01-10 19:02:37, 2026-01-10 19:17:03, 2026-01-10 19:31:52, 2026-01-10 19:47:00, 2026-01-10 20:02:11, 2026-01-10 20:17:06, 2026-01-10 20:31:43, 2026-01-10 20:47:07, 2026-01-10 21:01:33, 2026-01-10 21:16:56" }, "geometry": { "type": "Polygon", "coordinates": [ [ [ -73.204397490256099, 45.044034909816247 ], [ -73.210662199652333, 45.046731877782676 ], [ -73.210500175579455, 45.051926559031543 ], [ -73.204072294353892, 45.054424236420303 ], [ -73.197807077314323, 45.051726901903102 ], [ -73.197970249129014, 45.0465322566113 ], [ -73.204397490256099, 45.044034909816247 ] ] ] } },
{ "type": "Feature", "properties": { "hex_id": 617236, "centroid_lon": -73.133159944591057, "centroid_lat": 45.087068551913632, "total_occurrences": 21.0, "days_affected": 1, "first_occurrence": "2026-01-10 16:46:49", "last_occurrence": "2026-01-10 21:16:56", "all_datetimes": "2026-01-10 16:46:49, 2026-01-10 17:01:47, 2026-01-10 17:16:52, 2026-01-10 17:32:06, 2026-01-10 17:35:18, 2026-01-10 17:46:57, 2026-01-10 18:01:40, 2026-01-10 18:17:22, 2026-01-10 18:31:07, 2026-01-10 18:31:38, 2026-01-10 18:46:46, 2026-01-10 19:02:37, 2026-01-10 19:17:03, 2026-01-10 19:31:52, 2026-01-10 19:47:00, 2026-01-10 20:02:11, 2026-01-10 20:17:06, 2026-01-10 20:31:43, 2026-01-10 20:47:07, 2026-01-10 21:01:33, 2026-01-10 21:16:56" }, "geometry": { "type": "Polygon", "coordinates": [ [ [ -73.133329175863409, 45.081874126915565 ], [ -73.139594494126939, 45.084574990975909 ], [ -73.139425814789533, 45.089769432021477 ], [ -73.132990667341261, 45.092262971667672 ], [ -73.126724843127818, 45.089561739940777 ], [ -73.12689467229734, 45.084367336297689 ], [ -73.133329175863409, 45.081874126915565 ] ] ] } },
{ "type": "Feature", "properties": { "hex_id": 876225, "centroid_lon": -70.266272269678012, "centroid_lat": 47.140061299803094, "total_occurrences": 10.0, "days_affected": 1, "first_occurrence": "2026-01-10 16:46:49", "last_occurrence": "2026-01-10 18:31:38", "all_datetimes": "2026-01-10 16:46:49, 2026-01-10 17:01:47, 2026-01-10 17:16:52, 2026-01-10 17:32:06, 2026-01-10 17:35:18, 2026-01-10 17:46:57, 2026-01-10 18:01:40, 2026-01-10 18:17:22, 2026-01-10 18:31:07, 2026-01-10 18:31:38" }, "geometry": { "type": "Polygon", "coordinates": [ [ [ -70.266732802562416, 47.134883731427948 ], [ -70.273073744421978, 47.137744477752982 ], [ -70.27261378111443, 47.142922091021084 ], [ -70.265811608741927, 47.145238860034588 ], [ -70.259470225379516, 47.142377695025139 ], [ -70.259931455847777, 47.137200179753457 ], [ -70.266732802562416, 47.134883731427948 ] ] ] } },
{ "type": "Feature", "properties": { "hex_id": 531190, "centroid_lon": -74.019578372724339, "centroid_lat": 45.636003528406135, "total_occurrences": 5.0, "days_affected": 1, "first_occurrence": "2026-01-10 17:16:52", "last_occurrence": "2026-01-10 18:01:40", "all_datetimes": "2026-01-10 17:16:52, 2026-01-10 17:32:06, 2026-01-10 17:35:18, 2026-01-10 17:46:57, 2026-01-10 18:01:40" }, "geometry": { "type": "Polygon", "coordinates": [ [ [ -74.019668977246909, 45.630807604139584 ], [ -74.026037766127914, 45.633460434613561 ], [ -74.025947741842913, 45.638656366324575 ], [ -74.019487743415382, 45.641199447785645 ], [ -74.013118399087389, 45.638546250962172 ], [ -74.013209608625587, 45.633350339092004 ], [ -74.019668977246909, 45.630807604139584 ] ] ] } },
{ "type": "Feature", "properties": { "hex_id": 553173, "centroid_lon": -73.786991204675232, "centroid_lat": 45.71172059366021, "total_occurrences": 1.0, "days_affected": 1, "first_occurrence": "2026-01-10 17:16:52", "last_occurrence": "2026-01-10 17:16:52", "all_datetimes": "2026-01-10 17:16:52" }, "geometry": { "type": "Polygon", "coordinates": [ [ [ -73.787103596814987, 45.706525142928882 ], [ -73.793469649691701, 45.709190880593638 ], [ -73.793357836980348, 45.71438634110087 ], [ -73.786878781762653, 45.716916039430565 ], [ -73.780512180235561, 45.714249932239497 ], [ -73.780625182566155, 45.709054496310038 ], [ -73.787103596814987, 45.706525142928882 ] ] ] } },
{ "type": "Feature", "properties": { "hex_id": 704552, "centroid_lon": -72.214493306217705, "centroid_lat": 45.294421783272867, "total_occurrences": 3.0, "days_affected": 1, "first_occurrence": "2026-01-10 17:16:52", "last_occurrence": "2026-01-10 17:35:18", "all_datetimes": "2026-01-10 17:16:52, 2026-01-10 17:32:06, 2026-01-10 17:35:18" }, "geometry": { "type": "Polygon", "coordinates": [ [ [ -72.214747591980867, 45.289230934950368 ], [ -72.220989335338217, 45.291981621666075 ], [ -72.220735594659757, 45.297172495007722 ], [ -72.2142389512466, 45.299612625738106 ], [ -72.207996732024014, 45.296861560679481 ], [ -72.208251632056758, 45.291670743297004 ], [ -72.214747591980867, 45.289230934950368 ] ] ] } },
{ "type": "Feature", "properties": { "hex_id": 705162, "centroid_lon": -72.208506462735869, "centroid_lat": 45.2864799200524, "total_occurrences": 3.0, "days_affected": 1, "first_occurrence": "2026-01-10 17:16:52", "last_occurrence": "2026-01-10 17:35:18", "all_datetimes": "2026-01-10 17:16:52, 2026-01-10 17:32:06, 2026-01-10 17:35:18" }, "geometry": { "type": "Polygon", "coordinates": [ [ [ -72.208761224084455, 45.281289090946039 ], [ -72.215001808559137, 45.284040080771 ], [ -72.214747591980867, 45.289230934950368 ], [ -72.208251632056758, 45.291670743297004 ], [ -72.202010572153839, 45.288919375179582 ], [ -72.202265947580159, 45.283728577071557 ], [ -72.208761224084455, 45.281289090946039 ] ] ] } },
{ "type": "Feature", "properties": { "hex_id": 705772, "centroid_lon": -72.202521253530378, "centroid_lat": 45.278537773096929, "total_occurrences": 3.0, "days_affected": 1, "first_occurrence": "2026-01-10 17:16:52", "last_occurrence": "2026-01-10 17:35:18", "all_datetimes": "2026-01-10 17:16:52, 2026-01-10 17:32:06, 2026-01-10 17:35:18" }, "geometry": { "type": "Polygon", "coordinates": [ [ [ -72.202776490027617, 45.273346963256067 ], [ -72.209015916125594, 45.276098255978333 ], [ -72.208761224084455, 45.281289090946039 ], [ -72.202265947580159, 45.283728577071557 ], [ -72.19602604649063, 45.280976906107284 ], [ -72.196281896873799, 45.275786127323066 ], [ -72.202776490027617, 45.273346963256067 ] ] ] } },
{ "type": "Feature", "properties": { "hex_id": 706383, "centroid_lon": -72.195770126485797, "centroid_lat": 45.286167679020004, "total_occurrences": 3.0, "days_affected": 1, "first_occurrence": "2026-01-10 17:16:52", "last_occurrence": "2026-01-10 17:35:18", "all_datetimes": "2026-01-10 17:16:52, 2026-01-10 17:32:06, 2026-01-10 17:35:18" }, "geometry": { "type": "Polygon", "coordinates": [ [ [ -72.19602604649063, 45.280976906107284 ], [ -72.202265947580159, 45.283728577071557 ], [ -72.202010572153839, 45.288919375179582 ], [ -72.195514136836152, 45.291358446060819 ], [ -72.189273760824562, 45.288606396699677 ], [ -72.189530295029499, 45.283415654917718 ], [ -72.19602604649063, 45.280976906107284 ] ] ] } },
{ "type": "Feature", "properties": { "hex_id": 504959, "centroid_lon": -74.291372732231295, "centroid_lat": 45.957600477391161, "total_occurrences": 3.0, "days_affected": 1, "first_occurrence": "2026-01-10 17:46:57", "last_occurrence": "2026-01-10 18:17:22", "all_datetimes": "2026-01-10 17:46:57, 2026-01-10 18:01:40, 2026-01-10 18:17:22" }, "geometry": { "type": "Polygon", "coordinates": [ [ [ -74.291438959026209, 45.952404482978459 ], [ -74.297857384838167, 45.955042302470659 ], [ -74.297791751885157, 45.960238301652375 ], [ -74.291306487245535, 45.96279646698423 ], [ -74.284887485785617, 45.960158279685551 ], [ -74.284954324607099, 45.954962294927128 ], [ -74.291438959026209, 45.952404482978459 ] ] ] } },
{ "type": "Feature", "properties": { "hex_id": 572698, "centroid_lon": -73.585800607383803, "centroid_lat": 45.537914996814479, "total_occurrences": 16.0, "days_affected": 1, "first_occurrence": "2026-01-10 17:46:57", "last_occurrence": "2026-01-10 21:16:56", "all_datetimes": "2026-01-10 17:46:57, 2026-01-10 18:01:40, 2026-01-10 18:17:22, 2026-01-10 18:31:07, 2026-01-10 18:31:38, 2026-01-10 18:46:46, 2026-01-10 19:02:37, 2026-01-10 19:17:03, 2026-01-10 19:31:52, 2026-01-10 19:47:00, 2026-01-10 20:02:11, 2026-01-10 20:17:06, 2026-01-10 20:31:43, 2026-01-10 20:47:07, 2026-01-10 21:01:33, 2026-01-10 21:16:56" }, "geometry": { "type": "Polygon", "coordinates": [ [ [ -73.585930846102869, 45.532719806314745 ], [ -73.592267648287475, 45.535396490093994 ], [ -73.592137980986863, 45.540591692325208 ], [ -73.585670333083741, 45.543110182277566 ], [ -73.579332995067688, 45.540433129291102 ], [ -73.579463840774253, 45.535237955624083 ], [ -73.585930846102869, 45.532719806314745 ] ] ] } },
{ "type": "Feature", "properties": { "hex_id": 765098, "centroid_lon": -71.480175998168022, "centroid_lat": 46.934454594641288, "total_occurrences": 16.0, "days_affected": 1, "first_occurrence": "2026-01-10 17:46:57", "last_occurrence": "2026-01-10 21:16:56", "all_datetimes": "2026-01-10 17:46:57, 2026-01-10 18:01:40, 2026-01-10 18:17:22, 2026-01-10 18:31:07, 2026-01-10 18:31:38, 2026-01-10 18:46:46, 2026-01-10 19:02:37, 2026-01-10 19:17:03, 2026-01-10 19:31:52, 2026-01-10 19:47:00, 2026-01-10 20:02:11, 2026-01-10 20:17:06, 2026-01-10 20:31:43, 2026-01-10 20:47:07, 2026-01-10 21:01:33, 2026-01-10 21:16:56" }, "geometry": { "type": "Polygon", "coordinates": [ [ [ -71.480516154699743, 46.929268907844062 ], [ -71.486902104517, 46.932063358892989 ], [ -71.486562531269797, 46.937249078721095 ], [ -71.479835747176665, 46.939640274828328 ], [ -71.473449308550954, 46.936845417584308 ], [ -71.473790142793987, 46.931659770495287 ], [ -71.480516154699743, 46.929268907844062 ] ] ] } },
{ "type": "Feature", "properties": { "hex_id": 789507, "centroid_lon": -71.229985526328804, "centroid_lat": 46.755000860553764, "total_occurrences": 15.0, "days_affected": 1, "first_occurrence": "2026-01-10 18:01:40", "last_occurrence": "2026-01-10 21:16:56", "all_datetimes": "2026-01-10 18:01:40, 2026-01-10 18:17:22, 2026-01-10 18:31:07, 2026-01-10 18:31:38, 2026-01-10 18:46:46, 2026-01-10 19:02:37, 2026-01-10 19:17:03, 2026-01-10 19:31:52, 2026-01-10 19:47:00, 2026-01-10 20:02:11, 2026-01-10 20:17:06, 2026-01-10 20:31:43, 2026-01-10 20:47:07, 2026-01-10 21:01:33, 2026-01-10 21:16:56" }, "geometry": { "type": "Polygon", "coordinates": [ [ [ -71.230347552070214, 46.749816454932343 ], [ -71.236698956828363, 46.752623963513848 ], [ -71.236337504752285, 46.757808404477558 ], [ -71.229623400325579, 46.760185259301018 ], [ -71.223271522181207, 46.757377344917138 ], [ -71.22363422181509, 46.752192981578709 ], [ -71.230347552070214, 46.749816454932343 ] ] ] } },
{ "type": "Feature", "properties": { "hex_id": 50250, "centroid_lon": -79.229361032637385, "centroid_lat": 47.650879225596171, "total_occurrences": 10.0, "days_affected": 1, "first_occurrence": "2026-01-10 19:02:37", "last_occurrence": "2026-01-10 21:16:56", "all_datetimes": "2026-01-10 19:02:37, 2026-01-10 19:17:03, 2026-01-10 19:31:52, 2026-01-10 19:47:00, 2026-01-10 20:02:11, 2026-01-10 20:17:06, 2026-01-10 20:31:43, 2026-01-10 20:47:07, 2026-01-10 21:01:33, 2026-01-10 21:16:56" }, "geometry": { "type": "Polygon", "coordinates": [ [ [ -79.228942056748423, 47.64569854198885 ], [ -79.235791023785836, 47.648043504916046 ], [ -79.236210711437963, 47.653224140502012 ], [ -79.229780125944501, 47.656059901704566 ], [ -79.22293032970498, 47.653714605315074 ], [ -79.222511948202609, 47.648533881253826 ], [ -79.228942056748423, 47.64569854198885 ] ] ] } },
{ "type": "Feature", "properties": { "hex_id": 632518, "centroid_lon": -72.963588194643151, "centroid_lat": 45.388198435697504, "total_occurrences": 9.0, "days_affected": 1, "first_occurrence": "2026-01-10 19:17:03", "last_occurrence": "2026-01-10 21:16:56", "all_datetimes": "2026-01-10 19:17:03, 2026-01-10 19:31:52, 2026-01-10 19:47:00, 2026-01-10 20:02:11, 2026-01-10 20:17:06, 2026-01-10 20:31:43, 2026-01-10 20:47:07, 2026-01-10 21:01:33, 2026-01-10 21:16:56" }, "geometry": { "type": "Polygon", "coordinates": [ [ [ -72.963774738926062, 45.383004810260481 ], [ -72.970064383552497, 45.38571528580411 ], [ -72.96987839767236, 45.390908929040819 ], [ -72.963401599504721, 45.393392055791132 ], [ -72.957111447339557, 45.390681207254396 ], [ -72.957298600863766, 45.385487605024544 ], [ -72.963774738926062, 45.383004810260481 ] ] ] } },
{ "type": "Feature", "properties": { "hex_id": 599546, "centroid_lon": -73.310653211705684, "centroid_lat": 45.315906329664642, "total_occurrences": 8.0, "days_affected": 1, "first_occurrence": "2026-01-10 19:31:52", "last_occurrence": "2026-01-10 21:16:56", "all_datetimes": "2026-01-10 19:31:52, 2026-01-10 19:47:00, 2026-01-10 20:02:11, 2026-01-10 20:17:06, 2026-01-10 20:31:43, 2026-01-10 20:47:07, 2026-01-10 21:01:33, 2026-01-10 21:16:56" }, "geometry": { "type": "Polygon", "coordinates": [ [ [ -73.310807584010647, 45.310711613292263 ], [ -73.317106448003088, 45.313403122573121 ], [ -73.316952636747729, 45.318597853327077 ], [ -73.310498797343683, 45.321101040879725 ], [ -73.304199414365726, 45.318409162661617 ], [ -73.30435438976329, 45.313214465892102 ], [ -73.310807584010647, 45.310711613292263 ] ] ] } },
{ "type": "Feature", "properties": { "hex_id": 518394, "centroid_lon": -74.148480394355971, "centroid_lat": 46.01898164031163, "total_occurrences": 7.0, "days_affected": 1, "first_occurrence": "2026-01-10 19:47:00", "last_occurrence": "2026-01-10 21:16:56", "all_datetimes": "2026-01-10 19:47:00, 2026-01-10 20:02:11, 2026-01-10 20:17:06, 2026-01-10 20:31:43, 2026-01-10 20:47:07, 2026-01-10 21:01:33, 2026-01-10 21:16:56" }, "geometry": { "type": "Polygon", "coordinates": [ [ [ -74.148560145166883, 46.013785878647369 ], [ -74.154978725500413, 46.016431696743155 ], [ -74.154899568544494, 46.021627464623407 ], [ -74.148400621623352, 46.024177397123843 ], [ -74.141981469360246, 46.021531209042791 ], [ -74.14206183594041, 46.01633545851233 ], [ -74.148560145166883, 46.013785878647369 ] ] ] } },
{ "type": "Feature", "properties": { "hex_id": 583687, "centroid_lon": -73.47056547725164, "centroid_lat": 45.536429952108421, "total_occurrences": 3.0, "days_affected": 1, "first_occurrence": "2026-01-10 19:47:00", "last_occurrence": "2026-01-10 20:17:06", "all_datetimes": "2026-01-10 19:47:00, 2026-01-10 20:02:11, 2026-01-10 20:17:06" }, "geometry": { "type": "Polygon", "coordinates": [ [ [ -73.470706318686467, 45.531235029123344 ], [ -73.477037321164261, 45.533918034600944 ], [ -73.47689704953352, 45.539112970455399 ], [ -73.470424597341832, 45.541624870007986 ], [ -73.464093063541384, 45.538941494271057 ], [ -73.464234513242374, 45.533746589305409 ], [ -73.470706318686467, 45.531235029123344 ] ] ] } },
{ "type": "Feature", "properties": { "hex_id": 893388, "centroid_lon": -69.98037823515854, "centroid_lat": 48.203577342771162, "total_occurrences": 3.0, "days_affected": 1, "first_occurrence": "2026-01-10 20:02:11", "last_occurrence": "2026-01-10 20:31:43", "all_datetimes": "2026-01-10 20:02:11, 2026-01-10 20:17:06, 2026-01-10 20:31:43" }, "geometry": { "type": "Polygon", "coordinates": [ [ [ -69.980885030961588, 48.198402942652841 ], [ -69.98733486141326, 48.201283359031017 ], [ -69.986828664082367, 48.206457807746595 ], [ -69.97987129633178, 48.208751734193697 ], [ -69.973421010457315, 48.205870881813048 ], [ -69.973928547704915, 48.200696539057155 ], [ -69.980885030961588, 48.198402942652841 ] ] ] } },
{ "type": "Feature", "properties": { "hex_id": 898882, "centroid_lon": -69.920820350321378, "centroid_lat": 48.193159755731031, "total_occurrences": 6.0, "days_affected": 1, "first_occurrence": "2026-01-10 20:02:11", "last_occurrence": "2026-01-10 21:16:56", "all_datetimes": "2026-01-10 20:02:11, 2026-01-10 20:17:06, 2026-01-10 20:31:43, 2026-01-10 20:47:07, 2026-01-10 21:01:33, 2026-01-10 21:16:56" }, "geometry": { "type": "Polygon", "coordinates": [ [ [ -69.921332956383779, 48.187985822022469 ], [ -69.927777907530029, 48.190869429893105 ], [ -69.927265898509745, 48.196043412763537 ], [ -69.920307599631386, 48.198333680650329 ], [ -69.913862196096574, 48.195449636481406 ], [ -69.914375543776842, 48.190275760793291 ], [ -69.921332956383779, 48.187985822022469 ] ] ] } },
{ "type": "Feature", "properties": { "hex_id": 294318, "centroid_lon": -76.509408115431185, "centroid_lat": 45.661418450487318, "total_occurrences": 1.0, "days_affected": 1, "first_occurrence": "2026-01-10 20:17:06", "last_occurrence": "2026-01-10 20:17:06", "all_datetimes": "2026-01-10 20:17:06" }, "geometry": { "type": "Polygon", "coordinates": [ [ [ -76.509268510903937, 45.656223593399702 ], [ -76.515753984708411, 45.65873606297648 ], [ -76.51589420127074, 45.663930902217167 ], [ -76.509547758153786, 45.666613302497289 ], [ -76.503061634112456, 45.664100491807019 ], [ -76.50292260343781, 45.658905622014942 ], [ -76.509268510903937, 45.656223593399702 ] ] ] } },
{ "type": "Feature", "properties": { "hex_id": 294928, "centroid_lon": -76.502783610790047, "centroid_lat": 45.653710747148075, "total_occurrences": 1.0, "days_affected": 1, "first_occurrence": "2026-01-10 20:17:06", "last_occurrence": "2026-01-10 20:17:06", "all_datetimes": "2026-01-10 20:17:06" }, "geometry": { "type": "Polygon", "coordinates": [ [ [ -76.502644656156349, 45.648515867206498 ], [ -76.509128944559151, 45.651028731234547 ], [ -76.509268510903937, 45.656223593399702 ], [ -76.50292260343781, 45.658905622014942 ], [ -76.496437665303461, 45.656392416895216 ], [ -76.496299284379589, 45.651197524316729 ], [ -76.502644656156349, 45.648515867206498 ] ] ] } },
{ "type": "Feature", "properties": { "hex_id": 296149, "centroid_lon": -76.489953301040899, "centroid_lat": 45.65387883522331, "total_occurrences": 5.0, "days_affected": 1, "first_occurrence": "2026-01-10 20:17:06", "last_occurrence": "2026-01-10 21:16:56", "all_datetimes": "2026-01-10 20:17:06, 2026-01-10 20:31:43, 2026-01-10 20:47:07, 2026-01-10 21:01:33, 2026-01-10 21:16:56" }, "geometry": { "type": "Polygon", "coordinates": [ [ [ -76.489815531685309, 45.64868392500086 ], [ -76.496299284379589, 45.651197524316729 ], [ -76.496437665303461, 45.656392416895216 ], [ -76.490091108086602, 45.659073740376606 ], [ -76.483606706127588, 45.656559799826866 ], [ -76.483469510662871, 45.651364877094395 ], [ -76.489815531685309, 45.64868392500086 ] ] ] } },
{ "type": "Feature", "properties": { "hex_id": 564154, "centroid_lon": -73.674334531987839, "centroid_lat": 45.585747915304466, "total_occurrences": 5.0, "days_affected": 1, "first_occurrence": "2026-01-10 20:17:06", "last_occurrence": "2026-01-10 21:16:56", "all_datetimes": "2026-01-10 20:17:06, 2026-01-10 20:31:43, 2026-01-10 20:47:07, 2026-01-10 21:01:33, 2026-01-10 21:16:56" }, "geometry": { "type": "Polygon", "coordinates": [ [ [ -73.674456822497561, 45.580552576217158 ], [ -73.68080326914729, 45.583224432695104 ], [ -73.680681552702637, 45.588419782648913 ], [ -73.674212208047962, 45.590943249389845 ], [ -73.667865220768945, 45.588271023925778 ], [ -73.667988118762636, 45.583075700771616 ], [ -73.674456822497561, 45.580552576217158 ] ] ] } },
{ "type": "Feature", "properties": { "hex_id": 361456, "centroid_lon": -75.799737637164057, "centroid_lat": 45.403555465748738, "total_occurrences": 3.0, "days_affected": 1, "first_occurrence": "2026-01-10 20:47:07", "last_occurrence": "2026-01-10 21:16:56", "all_datetimes": "2026-01-10 20:47:07, 2026-01-10 21:01:33, 2026-01-10 21:16:56" }, "geometry": { "type": "Polygon", "coordinates": [ [ [ -75.799664325474922, 45.398359074159082 ], [ -75.806089009189265, 45.40091236504 ], [ -75.806162916419225, 45.406108746117141 ], [ -75.79981096885372, 45.408751852497659 ], [ -75.79338566959467, 45.406198216052225 ], [ -75.793312933452526, 45.401001818855143 ], [ -75.799664325474922, 45.398359074159082 ] ] ] } },
{ "type": "Feature", "properties": { "hex_id": 535446, "centroid_lon": -73.979617867185965, "centroid_lat": 45.362820418579702, "total_occurrences": 1.0, "days_affected": 1, "first_occurrence": "2026-01-10 21:16:56", "last_occurrence": "2026-01-10 21:16:56", "all_datetimes": "2026-01-10 21:16:56" }, "geometry": { "type": "Polygon", "coordinates": [ [ [ -73.979711270698033, 45.357624308132493 ], [ -73.986047642984815, 45.360279211761224 ], [ -73.985954810893475, 45.365475330002766 ], [ -73.979524438205914, 45.368016524128642 ], [ -73.973187519970608, 45.365361257212264 ], [ -73.973281520362889, 45.360165159521898 ], [ -73.979711270698033, 45.357624308132493 ] ] ] } }
]
}
